Date,Close,High,Low,Open,Volume
2011-09-20,38.56466293334961,44.65382108760264,36.78865995034536,44.65382108760264,292260
2011-09-21,40.38295364379883,40.50981238026097,36.78865934042406,36.78865934042406,103144
2011-09-22,39.70637893676758,40.59438036195505,38.39551938280975,39.32580597564395,69493
2011-09-23,39.325809478759766,39.74866764519805,37.7189471558336,37.8458058962258,44870
2011-09-26,37.38066482543945,38.90295367171078,37.38066482543945,37.38066482543945,14695
2011-09-27,36.408084869384766,38.6492342809541,35.81608283367291,36.11208546460461,47601
2011-09-28,35.35094451904297,37.16923605120682,34.88580114895398,34.88580114895398,27611
2011-09-29,35.94294738769531,36.36580559225644,33.99780029194457,34.082370642395965,31645
2011-09-30,35.73151397705078,36.57723028419991,34.42065434619997,34.42065434619997,29079
2011-10-03,34.88579559326172,35.604653121086514,34.04007933645537,34.04007933645537,24433
2011-10-04,35.26637649536133,37.21152367879517,34.251516113436466,34.251516113436466,68054
2011-10-05,34.716651916503906,35.520083010787744,34.25150861754532,35.520083010787744,34987
2011-10-07,35.60465621948242,36.577231289905946,32.137220555293084,32.137220555293084,53721
2011-10-10,34.80122375488281,35.942939361796995,33.91321914267027,33.91321914267027,46006
2011-10-11,34.420658111572266,36.32352001081721,34.1246554359985,34.3360845359146,35220
2011-10-12,34.632083892822266,36.238942962514,32.72922217592161,32.72922217592161,22380
2011-10-13,34.420658111572266,34.84351631140448,33.99779991174006,33.99779991174006,13526
2011-10-14,34.209228515625,35.09723007716628,33.913225844343245,34.25151368976468,47030
2011-10-17,34.50522232055664,34.67436621561922,33.19436277958669,33.19436277958669,34243
2011-10-18,34.547508239746094,35.0549399359786,33.1943635020958,33.1943635020958,21585
2011-10-19,38.39552307128906,39.70638275117509,33.19436629730203,33.19436629730203,91085
2011-10-20,38.77609252929688,39.32580943552296,37.169233434289154,38.56466344631019,96984
2011-10-21,38.64923477172852,39.4526658856716,37.71894492489647,37.71894492489647,42867
2011-10-24,38.099517822265625,39.32580707521779,37.25380154107815,38.98751927228216,30920
2011-10-25,37.93037033081055,39.24123302350348,37.46522706541206,38.902945252585695,26058
2011-10-28,38.35322952270508,39.96009164106011,37.88808624407116,38.69151730324867,102095
2011-10-31,37.97266387939453,38.81838019540642,37.67666123309934,37.76123480039156,25391
2011-11-01,37.25379943847656,38.22637439741074,37.12694393914911,37.4652284968404,39206
2011-11-02,36.66180419921875,37.42295024033034,36.40808992756556,36.45037510181576,38265
2011-11-03,37.33837890625,37.76123708989427,34.88580015065246,34.88580015065246,82847
2011-11-04,38.73380279541016,38.90294668710612,36.53494188181689,36.53494188181689,80023
2011-11-08,40.93267059326172,41.27095518073435,37.84580477893278,37.84580477893278,108426
2011-11-09,40.086944580078125,41.44008905466816,39.1143697709878,39.96008587414429,240767
2011-11-11,38.73380279541016,39.32580480327031,38.05723045477772,38.9875170198784,58823
2011-11-14,37.97266387939453,39.32580869455286,36.61951583808448,38.56466271968148,41570
2011-11-15,37.00008392333984,38.26865822928293,36.61951098632666,36.87322520228502,25678
2011-11-16,36.02750778198242,37.21151171801613,35.68922324750935,36.61950974999928,27283
2011-11-17,35.646949768066406,36.57723657547896,34.29380150819549,34.29380150819549,33582
2011-11-18,34.37837219238281,35.26637374757107,33.82865525404382,34.251513444719365,33662
2011-11-21,34.50522232055664,35.43551213032511,32.433216864880805,34.04007902874814,36488
2011-11-22,33.74407958984375,34.67436617229849,32.8560749484125,33.19436273811502,27672
2011-11-23,33.15208053588867,33.82865294965135,32.306364212147386,33.2366508778021,27269
2011-11-24,33.91322326660156,34.46294016708946,32.560078440072246,32.560078440072246,14340
2011-11-25,34.33607864379883,34.92808066720601,32.39093190359078,32.39093190359078,15105
2011-11-28,34.80122375488281,35.09722314151942,32.560074480686694,32.560074480686694,7284
2011-11-29,35.01265335083008,35.5623669668117,34.420651342260214,34.420651342260214,3454
2011-11-30,34.92808532714844,35.0549440727147,33.40579651111292,33.40579651111292,9538
2011-12-01,34.37837219238281,35.52008801674601,34.04008434938159,34.04008434938159,14943
2011-12-02,35.73151397705078,36.28123086715839,34.04008136275252,34.04008136275252,48912
2011-12-05,35.900657653808594,37.211517276264864,33.40579391846505,33.40579391846505,11096
2011-12-07,34.58980178833008,36.154375826012505,33.99779966758602,34.67437213722837,54207
2011-12-08,33.3635139465332,35.097231989963625,32.98294090623087,33.067511259119314,47414
2011-12-09,33.32122039794922,34.29379211641099,32.22178672972521,32.22178672972521,8750
2011-12-12,32.81379699707031,33.70179860762379,32.644653065023896,32.98294092911673,5831
2011-12-13,33.78636932373047,34.20922750493823,32.60236512588798,32.68693869782067,11362
2011-12-14,32.5600700378418,33.82864419516031,32.137211985402296,32.137211985402296,28726
2011-12-15,33.74407958984375,34.04007898621986,31.54521540908029,31.92578836595776,25114
2011-12-16,33.23664855957031,34.251508722504454,31.79893026425957,31.79893026425957,22554
2011-12-19,32.72922134399414,33.82865188502719,31.96807538612037,33.490364075716265,24515
2011-12-20,32.89836120605469,33.15207541878532,31.41835786794956,32.137215341711546,32828
2011-12-21,31.7143669128418,32.98294158935547,31.460652622769512,31.460652622769512,28564
2011-12-22,31.33378219604492,32.137213170538594,30.868638966438382,32.137213170538594,41017
2011-12-23,31.12235450744629,32.433213929788025,30.8686403008884,30.8686403008884,33885
2011-12-26,30.86864852905273,32.982939524193334,30.657219429538674,32.898369174848526,22565
2011-12-27,30.82635498046875,31.62978598560232,30.5303523858663,30.5303523858663,6045
2011-12-28,30.95321083068848,31.249213428739907,30.488067577923307,30.488067577923307,5639
2011-12-29,30.57264518737793,30.82635942925896,30.27664255005705,30.6572155259544,9013
2011-12-30,29.98064422607422,30.445787557415496,26.2172059522189,26.2172059522189,10342
2012-01-02,29.642358779907227,30.192075723045328,28.79664239117292,29.684643954113543,30038
2012-01-03,30.488073348999023,31.502933600139933,29.81150092362235,29.81150092362235,10589
2012-01-04,30.318923950195312,31.58749822804702,30.065209739855216,30.57264138668663,1353
2012-01-05,30.488073348999023,31.46064842845736,28.542926416234167,30.445788177316444,7571
2012-01-06,30.53035354614257,31.206929087431536,28.54292176552228,28.54292176552228,8784
2012-01-09,31.164640426635746,31.58749852320421,30.445782952929846,30.53035328178304,10153
2012-01-10,32.01036071777344,32.30636335895669,30.48807202047216,30.48807202047216,22285
2012-01-11,32.1372184753418,34.16693882740295,29.17721151050768,29.17721151050768,87248
2012-01-12,31.841222763061523,32.982938577195995,31.0377915627456,31.0377915627456,22962
2012-01-13,32.17950439453125,36.19665679765523,30.65721570805144,30.65721570805144,180425
2012-01-16,32.1372184753418,33.06750508811475,32.05264813823573,32.179503643894826,74447
2012-01-17,32.094932556152344,33.23664821113957,30.86864333988549,30.86864333988549,77320
2012-01-18,31.88349914550781,32.56007141275034,31.460641075212354,31.460641075212354,20069
2012-01-19,32.1372184753418,32.729220513538934,31.33378736822793,31.33378736822793,25251
2012-01-20,31.798933029174805,32.56007902409489,31.71436268580671,31.71436268580671,28972
2012-01-23,31.798933029174805,32.26407959615475,31.41836325786657,31.84122142701066,10472
2012-01-24,31.7143669128418,32.39093942841864,29.81150489807129,29.81150489807129,26848
2012-01-25,32.17950439453125,32.43321863791928,30.445786634202808,30.445786634202808,18378
2012-01-27,32.77151107788086,33.49036874009612,30.95321949535695,30.95321949535695,134878
2012-01-30,32.1372184753418,32.89836441390262,31.79893067461441,32.77150568209196,13924
2012-01-31,32.26408004760742,32.433220736710304,30.657217691915264,30.657217691915264,6257
2012-02-01,33.10979461669922,33.74408184517122,31.798931763602404,31.798931763602404,22809
2012-02-02,34.04008102416992,34.37836883412544,33.27893506484583,33.32122346070401,53666
2012-02-03,35.1395149230957,35.646946686488334,33.91322552758678,34.25151336984854,37296
2012-02-06,35.73151397705078,36.19665730075247,35.139511916816055,35.139511916816055,47202
2012-02-07,35.39322662353516,36.36580167985236,35.13951237332467,35.56237053239272,29793
2012-02-08,35.26637649536133,36.06980776547485,34.716659514190965,34.716659514190965,99882
2012-02-09,36.9155158996582,38.35323095529224,36.154369978080126,36.32351387466986,230635
2012-02-10,36.28123092651367,37.845804806838494,35.646943695114146,37.21151757543897,88512
2012-02-13,37.04237365722656,37.2960879044788,35.435514607194555,36.74637423979089,70311
2012-02-14,38.69151306152344,39.32580016089268,37.59208273451363,37.59208273451363,412931
2012-02-15,38.6069450378418,39.87551931212596,38.480086319952896,38.90294441138095,100467
2012-02-16,38.77609252929688,39.32580943552296,37.6343767716295,39.32580943552296,111705
2012-02-17,39.70637893676758,41.65152568388096,38.90294784687359,38.90294784687359,330509
2012-02-21,39.91780471801758,40.55209185900467,39.32580274119938,40.00237504635537,67793
2012-02-22,39.537235260009766,41.18638261662016,39.07209196100466,40.17152245669442,118186
2012-02-23,38.86066055297852,39.87552065172995,38.353228890527134,39.325803823945456,116668
2012-02-24,39.2412338256836,40.5943784847135,38.26865888402679,38.94523121354175,85003
2012-02-27,37.59208679199219,39.49494829548407,37.25379901202197,39.49494829548407,52710
2012-02-28,38.31094741821289,38.86066429898785,37.465231125421646,37.63437502921022,40745
2012-02-29,38.1840934753418,39.494953137676575,38.09951990690461,38.43780772834986,31607
2012-03-01,39.57952499389648,40.17152709099415,38.057236191468135,38.60695311580565,52739
2012-03-02,39.70637893676758,41.52466695478925,39.32580597564395,40.59438036195505,119622
2012-03-05,38.73380279541016,39.960091977516605,36.70408577351285,39.11437574518821,24693
2012-03-06,38.1840934753418,39.494953137676575,37.97266439347646,38.05723473576189,26047
2012-03-07,37.16923904418945,38.73381320396914,35.94294953255421,36.027519888052254,144658
2012-03-09,37.634376525878906,38.649236762818354,37.38066227318198,37.38066227318198,40523
2012-03-12,37.16923904418945,38.43781373357372,36.91552475154305,37.63438245173323,16994
2012-03-13,38.14180755615234,39.53724087758678,37.16923565207401,37.97266686059226,90667
2012-03-14,36.57722854614258,38.8183779440547,36.2812291431662,38.26866108006825,156010
2012-03-15,37.59208679199219,38.05723006983771,36.36579762228936,36.74637056821802,71368
2012-03-16,36.78865432739258,37.888084731026936,36.53494011519253,36.70408399870964,9493
2012-03-19,36.15437698364258,37.00009340431258,35.94294787847508,36.83094947494816,33293
2012-03-20,36.23893737792969,36.95779807367017,35.266365697082534,35.73150895541389,36177
2012-03-21,36.323516845703125,37.00008926124992,35.52008569079992,35.52008569079992,28137
2012-03-22,36.78865432739258,38.64923059377831,36.53494011519253,37.21151242310973,82730
2012-03-23,38.43780899047852,38.81838199556283,36.957805368824296,37.29608997522557,61416
2012-03-26,39.325809478759766,40.763527889880265,37.97266463661799,38.18409371983713,209891
2012-03-27,40.00238037109375,40.50981208711866,38.268662600183184,39.494951881220494,81054
2012-03-28,40.04465866088867,41.01723352989297,38.31094118784507,39.74865929700968,85343
2012-03-29,39.79094696044922,40.763521890580975,38.64923136955656,40.50980767328831,160548
2012-03-30,40.805809020996094,42.41267118482233,39.57951981451307,40.17152183414124,275251
2012-04-02,41.44010162353516,42.62410581752548,40.425241346708,41.017243443703165,70770
2012-04-03,44.6538200378418,46.006968054838005,41.44009873997224,41.52466907959315,288908
2012-04-04,45.11896514892578,46.345254479012944,44.65382181024494,45.8801111403321,107451
2012-04-09,45.7109603881836,46.472106265694485,44.4846712415944,45.66867522302216,159700
2012-04-10,44.90753936767578,46.89497483531843,44.611539919335314,46.89497483531843,179465
2012-04-11,45.41497039794922,46.42983070245825,43.977251902074094,43.977251902074094,233271
2012-04-12,46.00697326660156,46.8526896632218,45.245827219182544,46.26068754035723,249552
2012-04-13,48.0789680480957,48.54411457160628,45.83782189676506,46.51439425893749,354384
2012-04-16,49.1361198425293,49.516692854538434,47.36011675468922,48.248118298609256,244153
2012-04-17,49.60126495361328,50.61612198728317,49.13611838267078,49.5166913833729,181784
2012-04-18,49.05154037475586,50.65840247059632,48.67096743351456,50.19325597232844,82338
2012-04-19,48.840110778808594,49.81268570382547,48.29039395577274,49.81268570382547,67928
2012-04-20,47.90982818603516,50.32011827514007,46.97953834945928,48.45954182813987,141345
2012-04-23,47.19097137451172,48.84011889139973,46.72582803030018,48.20583163306987,55816
2012-04-24,47.90982818603516,48.20582759131065,46.00696657058868,46.937253181013006,58368
2012-04-25,46.59896087646485,49.05153912307931,45.11895754085469,45.11895754085469,321859
2012-04-26,45.07667922973633,47.57154302001642,44.82296497885992,46.979540950536986,146786
2012-04-27,45.62639617919922,46.93725583197909,44.949823767392026,46.76811192248936,118133
2012-04-30,46.0915412902832,46.76811372821295,45.66868311330813,46.51439946725828,138009
2012-05-02,45.33039474487305,46.51439891685369,45.2458244009395,45.33039474487305,29910
2012-05-03,45.7109603881836,46.00696299661618,44.611529963229984,45.66867522302216,56302
2012-05-04,44.31553649902344,45.6686813218013,44.14639258963828,45.07667925202909,94503
2012-05-07,45.07667922973633,45.541822560701696,42.75095934875775,43.85038991999,34298
2012-05-08,45.07667922973633,46.852685438174646,44.56925072798352,45.922395550092176,54354
2012-05-09,45.75325012207031,46.5989664143537,44.31553500610987,44.822963491019244,110396
2012-05-10,43.80810928344727,47.69840669543035,43.51210983114676,46.514402433924175,160636
2012-05-11,43.934967041015625,44.31554006118545,43.17382100067597,43.80810829224168,46953
2012-05-14,43.004676818847656,44.48468049025945,42.45496310515732,44.48468049025945,45686
2012-05-15,42.03209686279297,43.25838602946119,41.6092387519523,43.13152730574844,56232
2012-05-16,41.98981475830078,42.66638713974261,40.59438160032884,42.66638713974261,51341
2012-05-17,42.41267395019531,43.13153151837421,41.65152798588098,41.86295706195144,62833
2012-05-18,41.77838897705078,42.28581749654863,40.76352871190325,41.44010114661766,28244
2012-05-21,41.05952453613281,42.285813781012486,40.763525130126354,42.285813781012486,39171
2012-05-22,41.56696319580078,41.86296265135965,40.93267588290139,41.14410498720119,41469
2012-05-23,40.97495269775391,41.862954109389456,40.6789500764411,41.56695471422809,19660
2012-05-24,42.87782287597656,43.17382233069839,40.72124666344756,41.01724611816939,65068
2012-05-25,42.28581619262695,43.469820336481206,41.94752837262524,43.469820336481206,44381
2012-05-28,42.53953170776367,42.96238988224671,42.15895870549856,42.15895870549856,16275
2012-05-29,42.11666870117188,43.00467012047416,41.94752480555442,42.708670722757226,13393
2012-05-30,41.98981475830078,43.04696011247601,41.56695661663069,42.7086723086793,23964
2012-05-31,41.86295700073242,42.285815152254976,41.48238401913179,42.11667124641562,15857
2012-06-01,41.22866821289063,42.62410135055677,41.22866821289063,42.62410135055677,14763
2012-06-04,40.93267059326172,41.44009908754651,40.00238071887068,40.63666794980252,37648
2012-06-05,41.18638229370117,41.440096525155504,40.89037966854489,40.93266806224685,17602
2012-06-06,41.8206672668457,42.07438148484061,41.10180655201693,41.18638010878278,33747
2012-06-07,41.8206672668457,42.28581053752825,41.05952138670967,41.862952432152966,15768
2012-06-08,41.44010162353516,42.28581798319914,41.017243443703165,41.44010162353516,29161
2012-06-11,44.019527435302734,44.90752879746076,41.86295177687576,42.28580987563208,115538
2012-06-12,45.11896514892578,45.79554079735441,43.977249387968094,43.977249387968094,76354
2012-06-13,43.34296798706055,45.499544285576526,43.04696852053663,44.82297177198456,45803
2012-06-14,43.63896560668945,43.892683111431765,42.70867884314127,43.38525132809923,37077
2012-06-15,45.20353698730469,46.85268442144138,43.25839013792751,43.25839013792751,257432
2012-06-18,44.31553649902344,46.34525373319023,43.80810477086794,45.33039350303097,37081
2012-06-19,44.06182098388672,44.65382308002003,43.723536376204734,44.65382308002003,21181
2012-06-20,47.02182388305664,47.61382592435642,44.06181690270933,44.10410529763556,235334
2012-06-21,47.57154083251953,48.07896931093911,46.4298251429997,46.51439548068576,124233
2012-06-22,46.51439666748047,47.486971706443,46.176108855801765,47.27554263068173,50320
2012-06-25,46.51439666748047,47.31782780060365,45.54182162851794,45.54182162851794,42496
2012-06-26,45.58411407470703,47.10640291021213,39.02981214376253,39.02981214376253,49752
2012-06-27,45.2881088256836,46.42982780685988,38.05723484950752,38.05723484950752,19996
2012-06-28,46.17610549926758,46.42982295265976,45.62639187793787,45.66867704478609,19281
2012-06-29,47.19097137451172,48.62868980528978,45.41496834164882,45.41496834164882,211269
2012-07-02,46.64125442504883,47.78297011975037,46.09153754913973,46.13382271817468,102552
2012-07-03,46.810394287109375,47.36011115345835,46.51439488286088,47.27554081685922,41455
2012-07-04,48.417259216308594,48.71325863721398,46.93725565947821,46.93725565947821,244539
2012-07-05,49.60126495361328,50.65841038547928,48.62868986583583,49.89726438407503,416811
2012-07-06,48.24811935424805,49.89726695826868,47.909834734289966,49.89726695826868,104330
2012-07-09,49.51668930053711,49.7281183780169,47.95211541764732,48.62868782035232,75717
2012-07-10,49.60126495361328,50.48926647115035,49.13611838267078,49.64355012565756,85099
2012-07-11,49.09382629394531,50.10868641078645,49.05154112785847,49.85497218811401,31292
2012-07-12,48.797828674316406,49.72811526655936,48.078967920172765,48.54411444244573,61748
2012-07-13,48.797828674316406,49.601259763699765,48.45954088105452,48.797828674316406,30088
2012-07-16,48.54411697387695,49.51668878445649,48.24811433279928,49.05154546407918,33795
2012-07-17,48.24811935424805,49.64355268676212,47.86754633391221,48.54412202613237,37103
2012-07-18,48.16354751586914,48.882405133925374,47.74068933438856,48.20583268878682,51706
2012-07-19,49.38983154296875,50.066403914896085,48.33268620365993,48.628685608205785,115610
2012-07-20,49.17840194702149,49.474401348388845,48.20582695484041,48.20582695484041,23403
2012-07-23,51.50412368774414,52.85726847011852,48.290399183839625,49.05154514026999,303894
2012-07-24,52.09613037109375,52.7727060904772,50.91212931447697,52.7727060904772,286020
2012-07-25,51.03897476196289,52.434407874900685,50.8275456979512,50.99668959439085,57485
2012-07-26,51.4195556640625,52.4344159732921,49.22069434919169,51.54641441252319,188673
2012-07-27,50.742977142333984,51.92698123278242,50.23554866137129,51.58869342803956,65706
2012-07-30,51.08126068115234,52.2652614465703,50.4892586853677,50.4892586853677,83960
2012-07-31,51.90375900268555,52.55309709704099,49.86916432541591,51.90375900268555,110428
2012-08-01,53.89506530761719,54.71756094072414,52.07691984723722,52.33665444119085,173943
2012-08-02,55.32360458374024,55.84307371582906,54.111505538594045,54.5443975829028,121862
2012-08-03,55.71321487426758,55.929660935632576,54.2846728508815,55.32361460597443,122057
2012-08-06,56.62228393554688,57.22833018986847,55.41018482149492,56.01623107581652,130411
2012-08-07,55.10715866088867,57.83437986602993,54.71755515976789,56.62228081869955,125030
2012-08-08,55.843074798583984,56.62228181452965,54.32795261412628,55.41018274588178,197693
2012-08-09,53.15915298461914,57.48807412985833,51.25442702017295,56.27597488810947,309613
2012-08-10,50.82152938842773,54.11150844110611,50.47521441332291,53.245724306048416,414066
2012-08-13,51.51416397094727,52.2500792780217,50.77824866387283,51.08127183673763,184794
2012-08-14,51.73060607910156,52.72625923266821,51.211136878887,51.211136878887,185180
2012-08-16,51.99033737182617,53.85177460913757,51.60073384509769,52.59638693532554,209004
2012-08-17,54.41453170776367,54.80413523008626,51.99033678388503,52.7695438285302,172932
2012-08-21,56.23267364501953,56.88201170838192,55.02057790836558,55.41018140692385,297905
2012-08-22,59.00319290161133,60.17200021785475,55.496764347472,56.27597142677063,326851
2012-08-23,61.21094131469727,62.76935554274997,59.176349731979656,60.08542579924529,614903
2012-08-24,63.59184646606445,63.89487621857261,60.085424440360704,61.47067783096252,386233
2012-08-27,59.52266311645508,64.50092221346769,59.04647916935977,63.76500697238244,429083
2012-08-28,59.21964645385742,61.90357641803281,56.27597856184801,61.90357641803281,280548
2012-08-29,58.7867546081543,60.60490029595084,58.18070164194884,59.69582414934761,85544
2012-08-30,60.258583068847656,61.29752814226467,58.52701455189566,58.70017536683667,160715
2012-08-31,59.565948486328125,61.03777880833741,59.08976459105005,60.604886760051336,93634
2012-09-03,60.8646354675293,62.46633501027278,59.91226750741352,60.5183204461608,164724
2012-09-04,63.981441497802734,64.93380261507558,60.69145952314238,60.99448261426447,438738
2012-09-05,63.89485549926758,66.14589235472374,63.37537986651019,64.06800963991535,300316
2012-09-06,63.76500701904297,65.36670645208507,63.2888230715992,63.67842992098296,217992
2012-09-07,63.8515853881836,64.93381564900027,62.76935512736692,64.11132329294331,134037
2012-09-10,66.18920135498047,67.0117003319251,64.80394791614827,65.02039397238485,258890
2012-09-11,67.31470489501953,67.87746580686327,65.79958291989047,66.62207506422605,231556
2012-09-12,66.66535949707031,68.35363543957364,65.97272974324969,68.09390423594606,171243
2012-09-13,63.6351318359375,67.09826826238309,62.85592481890554,66.3623530928451,209555
2012-09-14,63.288822174072266,65.36670552509074,62.33646089809978,64.58749844278267,222204
2012-09-17,61.03778076171875,63.89487101400522,60.17199663743905,63.63513313455784,284385
2012-09-18,60.21528625488281,62.2498775504782,59.69581051523427,61.47067054641381,158497
2012-09-20,61.03778076171875,62.249879856792056,59.7391045752992,60.6048886995789,131324
2012-09-21,61.687110900878906,62.63947199370565,61.1243499715788,61.47066489771792,129416
2012-09-24,60.56158447265625,62.46631311999788,58.00752447023424,61.90355223316041,350503
2012-09-25,61.25423431396485,62.12001854455092,59.56595770648579,59.56595770648579,85277
2012-09-26,63.20223617553711,64.32775809205926,61.51395990616205,61.51395990616205,352109
2012-09-27,63.981441497802734,65.28011755010425,63.20223454534023,63.20223454534023,188894
2012-09-28,61.94685745239258,64.80394113238641,61.4706735363559,64.80394113238641,171213
2012-10-01,61.600547790527344,62.55290909933149,59.73911042012281,59.73911042012281,88588
2012-10-03,62.16331481933594,62.985807254725074,61.34081577853686,61.90357688952361,71716
2012-10-04,61.42738723754883,63.85158567482454,61.25423303720456,62.50961750322382,202304
2012-10-05,60.8646354675293,62.07672813420461,59.65253619544436,61.47068180086695,138278
2012-10-08,60.951202392578125,61.90356358823856,59.9988411969177,61.12435657164056,75659
2012-10-09,61.38410186767578,61.86027922037697,60.95120976226962,61.12436396226836,70579
2012-10-10,60.47502136230469,61.86027467677651,60.30186717502403,60.86462819179944,63212
2012-10-11,60.5183219909668,61.03779123357484,59.652537718150136,60.30187592276263,72420
2012-10-12,60.301856994628906,61.42737223275702,59.739096072861,60.171988073388974,73557
2012-10-15,60.17200469970703,61.816996077327694,59.912266785458144,60.6048968198488,91252
2012-10-16,60.301856994628906,60.95119499542088,59.99883391534087,60.5183029948929,48827
2012-10-17,60.73475646972656,61.90356369391457,59.306211371092985,59.8256805145756,133229
2012-10-18,61.03778076171875,61.90356488599844,60.734757639302586,61.38409573251236,108620
2012-10-19,60.5183219909668,61.81699840019179,59.73911482434984,60.77805330956592,234698
2012-10-22,62.20659255981445,63.20224569666568,60.604893133789005,60.69147023146973,346813
2012-10-23,61.21094131469727,62.59620134203716,61.03778711398446,62.59620134203716,103796
2012-10-25,60.69147109985352,61.42738634878301,60.17200190092736,61.081077953105066,93553
2012-10-29,59.046485900878906,60.86463819313045,58.78675457727864,60.5183231562535,56735
2012-10-30,57.87767028808594,59.6958157191246,57.1417550666428,57.1417550666428,94713
2012-10-31,58.74345016479492,59.21963406439727,57.83438081838387,58.00753499710735,47105
2012-11-01,59.2629280090332,60.34515829849991,58.39714377745984,58.4404356312023,71723
2012-11-02,58.95989990234375,60.17199904593355,58.61358491768825,60.08542195112191,63332
2012-11-05,58.74345016479492,59.13305697503553,58.18068917583084,59.13305697503553,52483
2012-11-06,58.44043350219727,59.21964060330841,58.22398745218913,58.70017140437073,46301
2012-11-07,59.21964645385742,59.99885363194961,58.87333141854869,58.87333141854869,78106
2012-11-08,59.69581604003906,61.03778414931528,58.70016952618596,59.08976976157117,135305
2012-11-09,59.30621337890625,60.60488958428376,59.089767344676666,60.60488958428376,60678
2012-11-12,58.61359024047852,59.739112391467074,58.3105670784153,59.69582053742538,56676
2012-11-15,58.83004760742188,59.21965455245369,58.00755506581714,59.17636269009101,97953
2012-11-16,57.44477844238281,59.3062157316854,57.22833239956644,58.78674655000791,97409
2012-11-19,56.40583419799805,58.09411051377772,56.14609633153579,57.57464138626154,106397
2012-11-20,55.10715866088867,57.57464199681328,54.76084370373594,57.57464199681328,91032
2012-11-21,54.63097381591797,56.14609594729277,53.245720616885535,55.32360371813834,131625
2012-11-22,56.40583419799805,56.7954343922831,54.80413166653218,55.1937351635214,58283
2012-11-23,53.80848693847656,56.57899361209196,53.59204089818133,54.63097924943487,114069
2012-11-26,53.54874801635742,54.97729317586723,53.33230198023196,53.938351541924135,77642
2012-11-27,53.63533401489258,54.97729891850409,53.41888795615831,54.111514683567016,86563
2012-11-29,55.32360458374024,55.84307371582906,53.72190203817533,54.19808262637412,101269
2012-11-30,55.02057647705078,56.01622616668293,54.93399939193637,55.97294092682982,42323
2012-12-03,57.70450973510742,58.70016273925179,55.02057712957677,55.7132037268187,155550
2012-12-04,58.007545471191406,59.30622186233748,57.14176121042736,57.14176121042736,85919
2012-12-05,57.488059997558594,58.87331310241623,57.18503691296596,58.526998174849865,58134
2012-12-06,57.87767028808594,59.30621548583381,56.66557113225717,59.30621548583381,60595
2012-12-07,56.75215530395508,58.35385470635632,55.929656374596725,58.13740866264239,42541
2012-12-10,57.055171966552734,58.35384808139654,55.41018090000226,56.79543410142065,64673
2012-12-11,57.22832107543945,58.31055107537366,56.83872091762622,57.22832107543945,99910
2012-12-12,59.43607711791992,60.0854151637703,56.27596397369976,57.40148589533703,141693
2012-12-13,58.61359024047852,59.82568949414092,58.18069812169977,59.30622027268832,109107
2012-12-14,58.95989990234375,59.65252987165477,58.0508304987081,58.48372257817525,52784
2012-12-17,59.78239440917969,60.60488665736628,58.13740330739805,59.21963342627959,118250
2012-12-18,59.78239440917969,60.69146374579512,59.13305633785076,59.998840432956,78808
2012-12-19,60.38844680786133,61.03778494558026,60.38844680786133,61.03778494558026,85661
2012-12-20,59.69581604003906,60.8213381062326,59.39279290080511,59.739107890819206,55580
2012-12-21,58.61359024047852,59.739112391467074,58.18069812169977,59.39279737536217,45868
2012-12-24,59.825679779052734,60.17199473891958,58.094111585127,58.78674150486067,63771
2012-12-26,59.565948486328125,60.17199471176525,58.916610413899,60.08541762318973,45324
2012-12-27,59.69581604003906,60.60489206314992,58.83003186770835,60.0854228808333,39947
2012-12-28,59.86897659301758,60.171999731012825,58.0941164048313,59.73910764661704,46097
2012-12-31,62.769344329833984,63.93815148937684,59.13305392116549,59.65252303591696,497797
2013-01-01,62.855918884277344,65.79958588990742,61.81698069659986,65.79958588990742,99705
2013-01-02,62.336456298828125,63.54855538127595,61.99014133164181,62.94250253734774,98360
2013-01-03,60.821327209472656,62.94249540949041,60.38843520086431,62.423026320241966,105542
2013-01-04,61.773704528808594,62.33646560885938,60.17200499744065,61.124366345382974,112149
2013-01-07,62.9425048828125,64.24118110409812,61.47067447418567,61.5139663237254,133585
2013-01-08,62.16331481933594,63.635145473845945,62.076731105791865,62.94251539795304,43742
2013-01-09,61.03778076171875,62.59619482758567,60.56159685120145,62.33645694813829,75504
2013-01-10,61.38410186767578,63.2022473892998,61.08107871497333,61.38410186767578,156510
2013-01-11,61.94685745239258,63.20224180498565,61.513965385235146,61.60054247758488,143958
2013-01-14,61.600547790527344,62.639486199148365,61.34080988566743,62.03343989502098,69156
2013-01-15,60.73475646972656,61.99014078359359,60.56159568496,61.99014078359359,46899
2013-01-16,59.73909759521485,61.2975114789923,59.08975957787555,61.03777362989342,79444
2013-01-17,61.03778076171875,62.33645694813829,59.65252748395296,60.6048886995789,141029
2013-01-18,61.773704528808594,62.20659665109234,61.42738950989968,61.42738950989968,90725
2013-01-21,60.77805709838867,62.7260718336628,59.2196492734155,61.51397906048707,265838
2013-01-22,60.08541870117188,62.76934812761581,59.30621167919562,61.51396380722692,274318
2013-01-23,60.12869644165039,61.38408721082059,59.30620427993123,60.30185720571235,101078
2013-01-24,60.604888916015625,62.76934923444475,59.3495045734902,59.43608166514563,382435
2013-01-25,61.38410186767578,61.90357107308131,59.56595634605176,60.17200265145666,71382
2013-01-28,64.89051818847656,65.62643998655997,61.9035655689228,62.07671975352552,532074
2013-01-29,66.05933380126953,67.87747920933747,64.50091967697765,65.92946485667706,505721
2013-01-30,67.79090118408203,68.69997057293143,66.14590998778131,66.66537915361079,406331
2013-01-31,67.05498504638672,69.26273744459701,66.01604662688152,67.79090691606307,316481
2013-02-01,66.05933380126953,67.53116422556049,65.32341198371515,67.18484924178352,115566
2013-02-04,65.32341003417969,68.65668422246851,65.19354769887178,66.10261707307069,89703
2013-02-05,65.53986358642578,65.79960149765928,63.80829512596107,65.19355517866042,103839
2013-02-06,65.75631713867188,67.09828549064895,65.10697889198818,65.66974002686275,42733
2013-02-07,65.28011322021484,66.66536626304068,64.06801433071442,64.06801433071442,47346
2013-02-08,64.11132049560547,65.799596986652,64.068028644898,65.799596986652,74436
2013-02-11,63.93815994262695,64.80394411681394,63.20224471564983,64.11132074070977,36435
2013-02-12,63.76500701904297,65.88617564585424,63.46198387312838,64.06803016495755,64851
2013-02-13,64.11132049560547,65.28012780520761,63.59184470875205,63.8082907514713,42405
2013-02-14,63.33211517333984,64.58749961368845,62.552908076905545,64.50092251528669,64236
2013-02-15,66.18920135498047,67.531169545811,62.81264816201746,62.81264816201746,170053
2013-02-18,65.84288787841797,67.5311643448763,65.19354975971724,67.40129540005438,68713
2013-02-19,65.92947387695312,66.66538918978436,64.93382063940035,66.5355202274236,31207
2013-02-20,66.53550720214844,68.31036726100179,66.05932990725722,66.88182216551111,36815
2013-02-21,66.70866394042969,66.88181810890438,65.5398501842971,66.23248006901211,58844
2013-02-22,66.79523468017578,67.27141190095594,65.97273594452507,66.6653657634512,25489
2013-02-25,69.43588256835938,70.99429659928762,66.23248402250614,66.27577586991302,170505
2013-02-26,69.34930419921875,70.77784926697329,69.17615002360358,69.26272711141117,117387
2013-02-27,71.98995208740234,72.7258672804682,69.26273074330304,69.26273074330304,253094
2013-02-28,72.11982727050781,73.37521173171862,71.254043061284,72.94231962710671,108283
2013-03-01,71.25403594970703,72.16310531541592,69.78219897767904,72.11982007252044,57882
2013-03-04,69.43588256835938,71.55705758853442,69.2627283895489,70.99429659928762,192471
2013-03-05,79.78201293945312,81.94647337402641,69.47917994980249,69.99864913301826,969852
2013-03-06,82.8988265991211,84.15421088717942,79.91187413144667,80.3447661763507,1004079
2013-03-07,84.97672271728516,86.83816011581825,81.38371687461138,82.81226216210932,469950
2013-03-08,85.9290771484375,88.13682937980525,84.02435465481705,85.0200011460134,303863
2013-03-11,94.41375732421876,96.10203365161072,85.40960149884201,86.14551665166907,1075901
2013-03-12,90.04154205322266,97.79030673198577,88.65628888117779,94.37046234424298,500248
2013-03-13,89.868408203125,91.03721562488792,86.57842539591631,88.30999390383464,269585
2013-03-14,88.65628814697266,92.46573929260428,87.79050409593857,91.42679446811852,108533
2013-03-15,85.6693344116211,90.04154677709538,84.58710428208869,88.30997856984354,119058
2013-03-18,87.27104187011719,88.95931826063736,83.63474460570727,85.06328972367514,173993
2013-03-19,84.15422058105469,89.04590257303347,83.2884363915154,87.66064919085245,105600
2013-03-20,82.0330581665039,84.63041093167026,81.38371997521232,82.2927960851844,101511
2013-03-21,87.09788513183594,89.08919134101454,81.1239731097091,82.29278700945811,291012
2013-03-22,91.16707611083984,92.55232946734476,85.40961003603822,87.87709360940777,477414
2013-03-25,89.868408203125,96.1020521894671,87.44420964987548,90.47445453873254,221266
2013-03-26,90.17140197753906,93.41809187155458,89.4354869226437,90.86402519168452,70091
2013-03-28,90.9073257446289,92.55231676966096,81.34040929791185,81.34040929791185,117895
2013-04-01,96.36178588867188,97.3141472052464,88.35328189019748,89.69524346183135,241685
2013-04-02,97.6604461669922,100.2577983883972,95.01980209973377,95.01980209973377,177481
2013-04-03,99.21885681152344,101.16687104187564,96.44835032607484,97.87689541608148,240064
2013-04-04,99.00241088867188,100.30108704358774,97.0111114143793,97.05439665629804,87649
2013-04-05,99.6517333984375,102.16250822678752,97.01109625920994,97.01109625920994,107481
2013-04-08,98.78598022460938,101.9460940140679,98.26651100294444,101.29675583563434,82010
2013-04-09,94.9765167236328,101.037005653082,94.3704704728514,98.69939113674366,76805
2013-04-10,90.60430145263672,96.62149791142244,89.43549431526061,95.23624476322084,123778
2013-04-11,93.20166778564452,94.28389800469428,90.9073384001773,90.9073384001773,113327
2013-04-12,93.33153533935548,98.26650242236808,91.42680621902454,92.59561351706344,189711
2013-04-15,100.64739227294922,103.6776363413821,93.07178210186704,94.3704581311954,416847
2013-04-16,100.3876724243164,102.85516260678482,99.56518010043298,99.78162614412958,111483
2013-04-17,102.37897491455078,103.46120509335154,100.69069847778512,103.46120509335154,102236
2013-04-18,102.24911499023438,103.89410632817908,101.2967536699746,102.16253788937613,119630
2013-04-22,99.6517333984375,103.80749908711388,97.96345730295442,103.80749908711388,77244
2013-04-23,96.36178588867188,101.12359907695397,94.0241645420878,99.65176194642116,96674
2013-04-25,96.0587387084961,101.12358073821564,95.23624649456988,101.12358073821564,153024
2013-04-26,96.3184814453125,99.738326009522,94.06744409890824,95.97216648307912,131729
2013-04-29,98.050048828125,99.21885603612029,95.45269654128724,95.45269654128724,71464
2013-04-30,98.4829559326172,100.4742622991328,98.05006381862766,98.69940198961194,100909
2013-05-02,101.81621551513672,105.625667126009,99.08899410022768,99.47860093401977,673022
2013-05-03,106.10183715820312,109.78141934256192,101.94607110782292,102.11922527433542,863359
2013-05-06,108.78578186035156,111.59957379654723,105.1061991520993,107.18408247313532,281525
2013-05-07,109.78144073486328,110.38748704116082,108.22302651094198,109.82472598222206,140834
2013-05-08,107.40052032470705,110.38747282970024,106.92433642719983,109.82471184321224,84473
2013-05-09,104.84644317626952,109.39180926719516,104.37026592998868,108.61260233052631,86173
2013-05-10,105.798828125,108.00658050903172,104.8464668123349,105.19278181841568,53053
2013-05-13,105.14949035644533,109.34854908699144,104.54344404760845,105.62567431725242,71696
2013-05-14,105.798828125,106.88105839062156,100.51754574984864,103.98068259983764,75604
2013-05-15,111.16668701171876,112.2056386298694,105.49580441313331,106.05856546935873,237220
2013-05-16,119.13189697265624,121.42621954424573,112.11904050609498,112.11904050609498,567830
2013-05-17,113.76402282714844,121.03661702560488,112.16233020564582,119.47820303944872,285984
2013-05-20,112.8982391357422,114.93283701506245,110.04115562516644,114.28349895283044,304336
2013-05-21,110.43077850341795,113.72076113988012,110.08446349872574,110.90696246054594,84003
2013-05-22,107.14078521728516,112.37878180340478,106.23170924600534,110.43076752672688,80466
2013-05-23,103.67766571044922,106.40488746566824,103.02832751184516,106.40488746566824,121467
2013-05-24,102.16252136230467,105.62565767967094,101.4698914566681,103.9806666078403,48699
2013-05-27,100.95043182373048,104.75988345216366,99.65175558258797,103.0283151306403,77142
2013-05-28,116.96743774414062,119.04531430958104,101.5564780495369,102.075947190897,1014233
2013-05-29,119.82450103759766,124.75948043598248,114.32678053096402,117.57347055052482,1321565
2013-05-30,118.5258560180664,121.815838740209,117.09731732029792,119.045331841338,230626
2013-05-31,118.0929718017578,119.86783223737102,114.41338857143624,118.52586394650152,365238
2013-06-03,118.5258560180664,119.78125372250295,114.88956488762206,115.14930279925784,147188
2013-06-04,121.46951293945312,125.452111907956,117.74663863457876,117.74663863457876,525645
2013-06-05,119.86782836914062,123.54741148071912,119.0886278180753,121.16650476146243,99037
2013-06-06,122.50846862792967,123.72056126642262,118.65573144398545,119.305069616925,206957
2013-06-07,124.67291259765624,128.568941116333,121.38293031749912,122.5084523095025,450022
2013-06-10,127.1836929321289,128.13606083073878,123.98029405352412,123.98029405352412,289158
2013-06-11,116.4912567138672,128.4390802864618,106.23170954362656,127.18368273598726,700426
2013-06-12,112.46534729003906,117.70334364332568,110.8203628138477,114.49994517290123,136587
2013-06-13,111.64286041259766,114.28350463922814,109.95458400895434,110.90695183194153,105160
2013-06-14,114.2834930419922,116.44795313748446,113.41770900379528,114.06704703244296,94354
2013-06-17,112.55194854736328,115.19259305929212,111.7727480340552,113.4177327669584,72473
2013-06-18,114.62979888916016,115.97176676145098,110.99350864968704,113.33112286000434,130042
2013-06-19,125.885009765625,128.6122377568154,113.85061539937206,113.85061539937206,751417
2013-06-20,119.088623046875,126.31791341467184,118.17954696650732,122.94136021424204,299204
2013-06-21,115.0626983642578,121.94569233401153,112.68179215633,117.31374224517076,221293
2013-06-24,110.69049835205078,116.79427243100808,107.79012287293702,115.23587158463144,203476
2013-06-25,107.66024780273438,113.54757551654572,106.66459480097409,109.95457690972766,124373
2013-06-26,108.3528823852539,118.35268486460718,86.1455187046355,108.22301344803456,640376
2013-06-27,109.82470703125,113.4177122124986,107.44380085885022,109.39181499990458,186966
2013-06-28,114.84625244140624,115.92848253682402,107.61696333050556,110.47404681916348,215816
2013-07-01,120.56044006347656,122.42187065804708,115.06270555542912,115.06270555542912,244357
2013-07-02,120.6037139892578,123.80711215100176,117.57346998556196,117.57346998556196,211225
2013-07-03,123.11449432373048,123.72054054145548,118.6557115674499,119.91109584934102,156587
2013-07-04,121.7292709350586,127.27028485531608,120.7769029749428,122.9413636017339,288007
2013-07-05,127.91961669921876,129.0018469589414,122.94135750449448,122.94135750449448,510947
2013-07-08,140.17042541503906,144.41277497480132,127.35683268319362,127.35683268319362,1177597
2013-07-09,141.72885131835938,143.72015734542924,135.23547071540324,142.63792724493655,537168
2013-07-10,136.96702575683594,142.6812054244326,136.0146712861134,140.73319143013583,179014
2013-07-11,133.85025024414062,140.25704840549608,131.16631378662134,139.82415628078775,239700
2013-07-12,138.0492706298828,140.86306892486022,134.62942611353515,135.0623181589163,186205
2013-07-15,134.8026123046875,140.94968609333563,134.02341172227068,138.74193349539468,155606
2013-07-16,135.01905822753906,138.35233304920823,132.46499719823385,134.19656578906043,96065
2013-07-17,132.6814422607422,136.5774715604051,130.90658182650958,134.23985662277133,85436
2013-07-18,139.0882110595703,139.86742467986386,132.03207589445572,132.63812212525048,243627
2013-07-19,141.55572509765625,145.32189187540783,139.08823469694738,139.82415659493262,326887
2013-07-22,136.70729064941406,142.7677787528731,135.92809032043846,142.7677787528731,89083
2013-07-23,138.17916870117188,140.68993768945612,136.7939086457481,138.265739197874,85615
2013-07-24,133.8935089111328,139.30465966264669,131.68576997316896,139.30465966264669,79447
2013-07-25,132.8978729248047,137.05363967145735,129.91092011686686,131.77235083767525,129706
2013-07-26,130.86326599121094,134.19654017670112,129.9109113745119,134.19654017670112,70271
2013-07-29,142.26376342773438,143.67230742788072,132.051755619927,132.051755619927,361338
2013-07-30,140.06289672851562,143.49623690079525,139.27057815822113,140.76716199144562,271905
2013-07-31,136.18936157226562,140.32698016567034,133.81243288524573,139.97484755759257,103156
2013-08-01,133.46031188964844,140.41503225180463,132.57996685985657,136.4974995558306,67086
2013-08-02,124.30469512939452,136.54149709600796,114.8850075424023,132.84403783100436,556547
2013-08-05,137.15774536132812,139.97484650373454,124.1286374655759,124.30470376828922,372407
2013-08-06,135.0889129638672,140.8551743504375,130.29103627415466,137.3337949916765,341467
2013-08-07,136.71759033203125,139.88682448423123,125.97738330018775,132.93210389220948,700589
2013-08-08,137.24578857421875,138.6543460341143,128.61841778960678,135.57313834446734,211083
2013-08-12,141.38340759277344,142.6158851779017,136.40945045115262,136.4974903213753,186792
2013-08-13,140.9872589111328,144.81676537479075,140.15093377337988,141.64751771983245,92148
2013-08-14,138.478271484375,141.99965149194716,137.3338202953143,140.85520030288646,47771
2013-08-16,128.3102264404297,140.76709725338756,127.34184199975768,136.54145388716375,153883
2013-08-19,121.70769500732422,129.3226738063733,120.56324383240973,128.9265212470179,135585
2013-08-20,120.73931884765624,123.99660629560282,115.19315575088127,121.5316374564809,136992
2013-08-21,112.86021423339844,124.26067807654915,105.90549485099685,124.12863171388224,117793
2013-08-22,118.75852966308594,120.60725945123104,110.4832924170036,111.80380985625068,105427
2013-08-23,124.34873962402344,126.68164865792916,117.21793927061412,121.4876181813468,137904
2013-08-26,122.5,128.530368555423,121.66367494599932,122.54401993610496,67917
2013-08-27,118.8465805053711,124.12865075005426,118.01025540322944,124.12865075005426,56662
2013-08-28,114.62090301513672,118.49442862553128,112.72816685793056,117.08587141575195,178428
2013-08-29,116.2935791015625,118.80255427511564,115.32519423478853,115.32519423478853,44241
2013-08-30,118.31836700439452,123.24830455999395,117.12990927022264,117.12990927022264,134943
2013-09-02,120.7833023071289,123.77648264811184,118.84654645884316,119.46278512425287,102536
2013-09-03,115.2811508178711,122.23588291497532,114.88499833778825,122.23588291497532,87977
2013-09-04,118.80254364013672,120.03503458142777,115.32518391109626,115.32518391109626,77738
2013-09-05,119.63890075683594,121.44361100463242,118.58248926127246,118.58248926127246,72097
2013-09-06,118.93460083007812,121.6196420166448,118.62647474326045,118.8465609672739,160280
2013-09-10,119.24271392822266,122.7640935255596,118.67049511685426,118.97860777182296,93816
2013-09-11,124.9209442138672,128.09019143705538,119.68289439840164,119.77093426743389,261734
2013-09-12,119.33074188232422,127.60597773701092,118.2303108679778,126.68161299836078,168554
2013-09-13,123.4243621826172,125.44915830145077,119.50682975032942,119.50682975032942,144935
2013-09-16,122.059814453125,127.82607620833184,119.37477326681233,124.65684264263592,81124
2013-09-17,121.44357299804688,123.68845511919388,121.04742049031428,122.36793780475408,35513
2013-09-18,121.8837661743164,123.20428371343792,120.95940121033152,121.09146102404311,41417
2013-09-19,123.51239013671876,125.40512626756671,120.6952891893881,123.3363238461975,80698
2013-09-20,120.60725402832033,124.52478623534144,120.16708156836296,123.73248118061716,44446
2013-09-23,124.52479553222656,128.5303679034898,120.60726303272672,122.19188669347903,190356
2013-09-24,130.4670867919922,131.17136526525016,123.86450129206348,125.58117083544604,272727
2013-09-25,130.37908935546875,133.81242920530045,127.91412086771896,129.41070456038926,134731
2013-09-26,126.63761901855467,132.84403980639237,125.8893204816537,131.96369490791926,123469
2013-09-27,123.73247528076172,128.26624602894285,123.24828291129656,127.65000730098572,67522
2013-09-30,122.4119644165039,124.7888930256307,120.16708217282957,123.24828940803032,72600
2013-10-01,125.0970230102539,127.07779915158658,121.57564320344024,121.57564320344024,89661
2013-10-03,124.6568603515625,126.76968302884364,124.12864796574272,124.21668784104568,124326
2013-10-04,130.68719482421875,132.05173207559932,124.17264808168792,124.26067450994022,176443
2013-10-07,134.78082275390625,136.84962541157722,131.1714029374613,132.0077279877112,243810
2013-10-08,130.29104614257812,136.36542062332376,129.85087368939375,134.2525982212376,123261
2013-10-09,140.6791229248047,141.64749429092618,129.5427514669254,129.5427514669254,396301
2013-10-10,153.75221252441406,155.73298830608957,140.41499430099717,140.85516669692507,778253
2013-10-11,154.2804412841797,157.1415621639148,152.1235989999018,156.1291709181304,357666
2013-10-14,151.85948181152344,154.67658255563077,147.98596996750035,154.0603438667629,131623
2013-10-15,153.4001007080078,157.44969267091597,145.256910283049,153.7962532312712,241770
2013-10-17,150.4069061279297,156.7013657263228,149.74664756447606,154.06033147250835,80445
2013-10-18,148.11801147460938,153.97229897693066,147.01758048297037,150.97913205287077,83021
2013-10-21,148.38214111328125,150.75906974529366,147.89794871363114,147.89794871363114,45781
2013-10-22,155.16079711914062,156.52533447544045,147.9419712305518,147.9419712305518,195077
2013-10-23,160.00270080566406,161.93945708342457,155.8210621326137,155.8210621326137,247792
2013-10-24,157.8458709716797,162.8198151568218,155.86509459888867,161.1031449870028,142853
2013-10-25,159.2104034423828,166.12110384176552,153.18003463664846,158.4621047965329,560353
2013-10-28,173.42794799804688,175.14461789315396,159.60653553962433,161.05909927402325,1236159
2013-10-29,169.55441284179688,174.79246168395252,166.12106008247966,174.61639541160187,259378
2013-10-30,163.6561279296875,171.5352263203081,162.95186268554133,169.20230404182882,126506
2013-10-31,175.54074096679688,180.03050464658455,163.6560866258243,163.74412647562212,645118
2013-11-01,171.22706604003906,176.94930732158278,169.46637641494868,171.0509997641292,107361
2013-11-05,172.0634002685547,176.64119085576863,169.9505779769164,175.14460727977516,97873
2013-11-06,179.45828247070312,184.8723973042732,172.54757081732163,174.13219405224294,621642
2013-11-07,180.602767944336,189.27417140273013,177.08138801126188,181.0869603717333,375494
2013-11-08,179.98651123046875,184.74038172681463,173.6040107369557,179.32625255872605,206874
2013-11-11,188.7899627685547,194.55622460055525,179.5903611697433,179.5903611697433,456270
2013-11-12,188.0857086181641,196.2289000734419,186.19297219365043,190.550677366902,324642
2013-11-13,188.966049194336,193.45581407508,188.173744066204,188.173744066204,210663
2013-11-14,189.8023834228516,194.2921347696074,188.8780185054906,191.34298714078705,122532
2013-11-18,187.7335662841797,193.49982856825355,186.8092013720307,190.1545149701421,113974
2013-11-19,186.3250274658203,190.94683905289736,183.37587956053284,187.99769114760988,97908
2013-11-20,183.19976806640625,189.18610228067143,181.79121093775777,187.5134524442732,110037
2013-11-21,178.40188598632812,182.93567021440444,176.9493222959038,181.3510467311253,87407
2013-11-22,175.89292907714844,183.1117552013721,174.6604380496479,178.79807018761602,89337
2013-11-25,178.22581481933594,180.3826570469848,176.1129925214343,176.1129925214343,57347
2013-11-26,186.8532257080078,188.6139157029007,176.9493444867353,177.38951698545853,173790
2013-11-27,181.08694458007807,189.27415489711072,180.47070583212883,186.8532064042407,130700
2013-11-28,178.31387329101562,184.69637421366195,177.82968087924976,181.35106069864085,88790
2013-11-29,180.1185760498047,183.551915865456,178.005740181483,180.64677494213703,72013
2013-12-02,178.7100067138672,181.79121372617524,177.82966185320774,181.79121372617524,104709
2013-12-03,182.14337158203125,184.2562076007117,178.13781265638406,178.13781265638406,137470
2013-12-04,182.62754821777344,186.54508036619188,181.042924699032,182.14335583246395,245201
2013-12-05,181.8352508544922,185.57671686617724,181.3510584487334,185.57671686617724,76379
2013-12-06,180.1625823974609,183.5078957780673,178.7980585186719,182.23139833142733,67153
2013-12-09,173.9121551513672,183.5519300880993,173.42796272112983,183.11175759388323,102528
2013-12-10,171.88731384277344,177.6975946134736,170.61081663143634,177.6975946134736,90767
2013-12-11,170.1266326904297,172.89971343870548,167.3095320155314,171.6232161646261,78303
2013-12-12,171.4031524658203,173.33990859450242,169.11426374392232,170.78691371119385,63366
2013-12-13,169.1142578125,172.98776993400674,167.83774698262,171.66725260626623,55870
2013-12-16,173.33990478515625,175.6288068897503,169.6864788370896,170.6988700950848,108875
2013-12-17,174.92453002929688,178.97412196763477,171.88734279204206,171.88734279204206,132033
2013-12-18,189.01004028320312,193.54382440864845,180.4706977587774,181.4390824858036,693609
2013-12-19,184.56434631347656,190.0665032323496,183.37588847880016,187.8656404648004,238156
2013-12-20,186.5010986328125,190.5506776817892,183.992109942219,184.9604948414303,182496
2013-12-23,191.7831573486328,195.26051729826435,186.63313389392653,186.63313389392653,325639
2013-12-24,191.56309509277344,193.4118117039804,190.1105176486109,193.4118117039804,97495
2013-12-26,190.8587951660156,193.05965762541848,190.0664766208316,191.5190539038365,82781
2013-12-27,186.45706176757807,193.63186768573868,184.960478049845,193.63186768573868,90009
2013-12-30,187.55751037597656,190.90282415959413,185.75280038703823,190.90282415959413,72528
2013-12-31,185.84083557128903,189.09810939692488,184.872450694452,186.19296819941235,46931
2014-01-01,188.56988525390625,189.2741638992005,185.75278410572705,185.75278410572705,50680
2014-01-02,185.0044860839844,190.1545094206597,183.551922287998,190.11048948650907,60783
2014-01-03,185.66473388671875,186.6331186491348,181.83524163461263,183.19977891510905,43090
2014-01-06,191.3429718017578,199.39812236516488,185.66473637873608,185.7967961752001,417452
2014-01-07,187.46945190429688,193.5878465382267,186.80919320064265,192.70750160002103,106784
2014-01-08,202.08319091796875,205.8246570472797,187.9536514371479,187.9536514371479,739674
2014-01-09,204.6361846923828,212.51526945272613,203.35968717808103,205.29644341698696,556463
2014-01-10,194.6882781982422,206.7930211288653,192.3553694793576,204.9002848801852,201754
2014-01-13,201.5109405517578,203.7118027833541,196.2288711959267,196.2288711959267,127953
2014-01-14,195.4805908203125,202.03915774234247,193.23570860324256,202.03915774234247,120290
2014-01-15,196.2728881835937,201.5989773907792,194.6882647140101,194.6882647140101,159239
2014-01-16,199.9703521728516,201.5989957210901,195.43658100472493,197.19727092368643,454397
2014-01-17,193.80792236328125,201.55496008999432,192.83955104306528,201.55496008999432,130522
2014-01-20,200.1464080810547,200.80666672205268,194.55621288073985,194.55621288073985,109635
2014-01-21,208.06954956054688,209.30202720770816,200.80670319056333,202.3473069660144,334387
2014-01-22,201.0707855224609,216.30075617094727,195.5246229648198,209.4340627269652,1161922
2014-01-23,200.322494506836,204.72421922272773,197.1972672719532,201.77505828988112,480135
2014-01-24,195.7886962890625,201.9511104600869,195.1284376278813,199.574181966434,149911
2014-01-27,191.0788726806641,194.2921263513642,185.97286932156703,194.2921263513642,223000
2014-01-28,199.35411071777344,200.3665154674155,191.9592185303776,192.0032384643617,227824
2014-01-29,198.561767578125,203.35964393678785,195.52458077735645,200.7186095999464,108308
2014-01-30,195.4805908203125,198.64982445059007,192.3553636893326,196.3169158019276,81145
2014-01-31,195.87673950195312,199.75025167396143,194.99639460531512,195.5686134149309,77454
2014-02-03,194.0720672607422,199.398157600694,193.67591466734075,195.52464468054703,66740
2014-02-04,194.5562286376953,195.87674602663893,189.49424531341137,193.32375111454687,97869
2014-02-05,195.0844116210937,198.0775785459228,194.60021929804907,195.7886767095273,60740
2014-02-06,204.1959991455078,206.0007088972326,195.4805899115161,195.4805899115161,296947
2014-02-07,203.5357208251953,206.8810338463309,200.762640000028,204.68017178413592,100907
2014-02-10,200.98272705078125,203.3596554013405,198.0775864298772,203.3596554013405,87199
2014-02-11,205.2084197998047,206.70500357620472,199.04600495215888,200.98276121767648,206520
2014-02-12,204.9883270263672,207.7614082462858,202.47933854510907,206.44089082099163,110743
2014-02-13,204.504135131836,206.48491127476225,200.938735387969,205.82465256045347,98525
2014-02-14,204.68019104003903,206.0007084015877,197.0211930296564,203.40369361047485,67463
2014-02-17,200.1904296875,206.00071154003325,198.077607250032,204.2400216978108,80850
2014-02-18,204.76824951171875,206.3528597431761,198.51779472586463,198.51779472586463,120344
2014-02-19,207.5853576660156,209.9622865249817,203.35969889841,205.1203889321624,115345
2014-02-20,216.7849273681641,219.4699819470392,205.2083975336822,205.2083975336822,334157
2014-02-21,217.2250823974609,223.95971483719305,214.36396175798072,217.75329465794792,264377
2014-02-24,217.7533416748047,220.9665955597449,216.56487054859463,218.3255605530548,113793
2014-02-25,225.9405212402344,227.04095240433645,217.4892179597292,219.55802048844248,251975
2014-02-26,227.1289825439453,229.24180491534133,224.5759877257587,226.2486376503641,193322
2014-02-28,235.75636291503903,240.9944260262077,226.90890706211889,228.36147083209147,382855
2014-03-03,236.6807556152344,242.0068320511465,230.6503870686745,235.932457001545,198265
2014-03-04,242.3149261474609,245.44013969833327,235.0080744523545,236.7247308340756,171196
2014-03-05,256.8406677246094,273.4351772507102,244.8239631939842,245.44018860791445,935233
2014-03-06,250.5461883544922,263.8394030144713,247.86112002796173,258.82142584855967,465549
2014-03-07,247.3329162597656,257.58892921449234,242.09485323429828,252.6589922845222,291297
2014-03-10,231.9268951416016,249.09362220824207,229.9901254440948,246.6286401508701,250562
2014-03-11,220.350326538086,233.99565876908449,218.5015969136362,231.9268697902414,429149
2014-03-12,225.9405212402344,229.28584809870176,215.90459439682272,220.3503389863945,601826
2014-03-13,232.45504760742188,241.1704831418856,228.8896617004088,228.8896617004088,642909
2014-03-14,243.41539001464844,245.1760799966712,231.5747391391465,233.2914226180175,519776
2014-03-18,250.5901794433593,251.866690340764,240.6422924612238,244.33972505488697,369609
2014-03-19,249.8418884277344,255.03594517467985,248.9615434694041,252.65900304078968,149664
2014-03-20,255.65213012695312,257.9410320301115,237.69310118815736,250.8982734763884,247033
2014-03-21,261.1543273925781,267.6248682312365,257.060728695793,257.060728695793,425631
2014-03-24,245.0,261.72655481200707,242.4910382709965,260.58211707126856,273199
2014-03-25,253.75946044921875,255.3000642854239,242.3149748088377,245.61626874356296,217030
2014-03-26,252.1748504638672,258.38127232353554,246.5406206478292,254.4197195962581,206051
2014-03-27,251.3824462890625,258.8213705775694,249.57775019979903,254.3316067351684,148870
2014-03-28,246.2325134277344,253.53936636476416,242.97522609956565,251.3385038095145,188916
2014-03-31,250.9423065185547,253.45129489194696,246.4965754575924,246.4965754575924,180342
2014-04-01,246.9367828369141,253.09919809487627,245.6162652816365,253.09919809487627,132620
2014-04-02,252.7910614013672,258.8214300251527,247.50899140085383,247.50899140085383,262877
2014-04-03,247.3768920898437,253.36322606305905,246.1444147266513,251.0303176852321,129663
2014-04-04,247.72903442382807,252.306838371876,245.7482585192677,249.7538436903077,126942
2014-04-07,238.3534240722656,249.0496111366578,235.9764816730678,248.52139872950283,342821
2014-04-09,243.8555450439453,246.3205000958254,239.45382040416288,240.55425156410848,126281
2014-04-10,237.649154663086,245.83635280138807,235.14016592199383,245.3521737750364,146552
2014-04-11,242.6670837402344,243.6794750747458,236.0644965160343,236.0644965160343,150511
2014-04-15,239.62989807128903,242.9751980222996,236.0204785245704,242.0948531019289,68731
2014-04-16,236.5486755371093,242.8431359370912,235.9324233863448,242.8431359370912,82899
2014-04-17,237.384994506836,240.1580755405428,236.0204706720577,238.3093727620676,91320
2014-04-21,250.2820587158203,251.7786558782784,238.1333091436164,238.1333091436164,224114
2014-04-22,250.7222595214844,255.0359717597632,249.40174194633752,251.51459155937155,295390
2014-04-23,268.41717529296875,275.90010751882124,249.09361937051213,250.458143324122,971071
2014-04-24,268.41717529296875,268.41717529296875,268.41717529296875,268.41717529296875,0
2014-04-25,269.4736022949219,273.7872873004107,265.8641825232284,270.7941197577856,410166
2014-04-28,261.6824951171875,277.08852931248026,259.7017192920784,270.9701221285245,784157
2014-04-29,251.8667449951172,261.6385812309643,247.4209860055736,259.70181121448974,407261
2014-04-30,262.3427734375,264.631675491697,248.60938797831136,254.28762318333924,353341
2014-05-02,260.8021545410156,265.86413728738137,255.29999938192248,263.22310281101664,139774
2014-05-05,252.8350982666016,262.0787208952998,251.7786735054941,257.9410885912929,99673
2014-05-06,249.313720703125,257.0607461418218,248.25729593148543,251.82268252027248,134497
2014-05-07,249.6217803955078,252.6149744853138,247.5529914168393,247.5529914168393,89188
2014-05-08,245.13211059570312,252.08683170413155,243.415426857002,250.89836041318463,106726
2014-05-09,240.2461700439453,246.4966255654111,239.8500308724581,245.9684131374281,127119
2014-05-12,233.2473907470703,242.62305850845223,231.09053500727143,242.62305850845223,165746
2014-05-13,234.03973388671875,238.57350546234213,233.2914352307036,234.17178026931003,273307
2014-05-14,240.0260009765625,241.5666043549307,234.5678794127955,234.5678794127955,123737
2014-05-15,238.4854278564453,246.23247909018312,237.25295037057623,239.58585898061312,151154
2014-05-16,225.8524627685547,239.9379805087193,224.48793898387345,239.45380158279835,423946
2014-05-19,205.7366180419922,229.72603205202995,199.8383093940537,226.2046521508132,442052
2014-05-20,218.41357421875,223.60760373546955,199.83829152736843,199.83829152736843,903438
2014-05-21,222.8593139648437,224.4879574607976,213.043473354953,218.58964910823104,189541
2014-05-22,218.3255157470703,225.80844673033684,217.4451709255096,223.60758467643493,147484
2014-05-23,210.27040100097656,221.84693195813225,208.64175743681483,218.3255520857809,207823
2014-05-26,218.6776885986328,220.08624594588585,211.28279610805043,212.163141091834,208547
2014-05-27,218.6776885986328,226.24866083237063,215.68452102696813,223.51958600944232,228979
2014-05-28,217.7973175048828,223.60759907450569,216.38877375948715,218.41356966605247,82648
2014-05-29,218.1494903564453,220.79052531612868,216.6529065658911,218.41359653901333,56454
2014-05-30,217.00503540039065,219.9101764919448,215.7725578139122,218.1494865495481,80363
2014-06-02,220.21826171875,221.8028851559609,216.3007297718927,218.67765821121088,108770
2014-06-03,217.9734344482422,226.60080498187287,215.9046182578925,226.60080498187287,101432
2014-06-04,217.00503540039065,219.55803044366647,215.7725578139122,219.55803044366647,349239
2014-06-05,210.97467041015625,216.8729925596365,209.5221065572236,215.50845514545827,210055
2014-06-06,212.3832244873047,216.47682323375707,211.37083314274068,212.0750983739165,152548
2014-06-09,215.0682678222656,216.74091780624127,212.1631268837312,213.8797968005478,118477
2014-06-10,228.2734375,229.5939549406849,215.7285352464914,217.31315886191288,553534
2014-06-11,234.083724975586,242.5350421628069,230.34225880792016,233.7315923565344,516880
2014-06-12,242.4029693603516,243.855533046818,232.54309590592388,232.54309590592388,342474
2014-06-13,238.96961975097656,244.64782790133688,234.9200280767241,244.64782790133688,199736
2014-06-16,243.41539001464844,248.3012939683628,237.6931475730744,240.8623949139148,184454
2014-06-17,249.57778930664065,250.5901806096413,241.61067838381445,244.73589215959825,252756
2014-06-18,239.54185485839844,251.77864370733943,236.8127802701899,250.6342060732493,189157
2014-06-19,237.2969665527344,243.3273347324593,234.3478325124121,241.91877746284547,83920
2014-06-20,243.5914764404297,245.44017947946185,236.54871631917112,237.29698808925664,106787
2014-06-23,246.3645172119141,250.01794304875887,243.01919058673607,243.8555289595289,127628
2014-06-24,244.0316162109375,248.6974334189484,243.6354502608636,247.20083634755176,52106
2014-06-25,237.91319274902344,248.52133731299,237.2529341197477,242.2268770870931,132799
2014-06-26,240.0260009765625,243.8555061759901,238.4413911052088,239.01360984397587,52126
2014-06-27,237.56106567382807,244.735870904484,236.81276717016613,240.5102263259117,90406
2014-06-30,234.391830444336,240.0700658155824,232.763187000444,239.80594622506257,208595
2014-07-01,251.73464965820312,259.7017607238413,237.34100432624192,237.34100432624192,852084
2014-07-02,259.7457275390625,263.2231003130056,253.58331381936003,254.68374484073547,389569
2014-07-03,268.6813049316406,270.2659151863342,258.8214301784438,261.1983724264815,548799
2014-07-04,272.81890869140625,278.8932837862474,269.60565483151174,270.5740396996162,554091
2014-07-07,269.5176086425781,274.887718361674,267.3167462057352,274.2274596306212,156605
2014-07-08,266.7885131835937,282.5907150025649,264.10347196501385,270.6620522652095,444334
2014-07-09,269.2974853515625,277.2205890342132,262.562852594508,270.8821222076883,324816
2014-07-10,270.6620788574219,272.9069478432823,264.1034979128538,268.5052228780681,153494
2014-07-11,269.78173828125,278.14501585208075,266.9206170070184,271.1462622964076,156890
2014-07-14,268.3291320800781,271.5424126651211,266.7445219042729,271.5424126651211,87919
2014-07-15,272.20269775390625,274.667653125298,268.50523783082014,268.50523783082014,116664
2014-07-16,285.6278991699219,288.797119157555,272.0265604033569,274.49151525284776,481563
2014-07-17,298.4231262207031,301.93292482978165,288.071399152491,289.4930746253362,363875
2014-07-18,299.222900390625,306.95339151466874,294.113674919961,295.9796583412883,331576
2014-07-21,309.8856201171875,311.04073846376497,299.5338908470126,299.5338908470126,289702
2014-07-22,314.2840270996094,329.3895636455512,311.174063693092,311.4406211383876,455746
2014-07-23,305.8870849609375,324.14700031888685,302.11070119598764,315.43911448404594,251335
2014-07-24,292.6030578613281,307.88631432532054,290.559378887099,307.88631432532054,208462
2014-07-25,294.82452392578125,301.0444508197153,284.3395151512699,294.1136859845948,248373
2014-07-28,301.6664123535156,305.9759379533395,285.4945938342658,295.84634955980664,853338
2014-07-30,304.6875305175781,310.907456885576,302.9104086981501,307.1755173348135,350041
2014-07-31,309.2636108398437,313.52871943596904,302.1107064313223,306.82006836135514,183728
2014-08-01,297.5346069335937,315.43910269117004,293.8470848184364,304.77637245935585,184146
2014-08-04,316.9052429199219,321.12590723964854,295.0910834404464,295.0910834404464,477330
2014-08-05,327.3902893066406,333.0326295842738,315.57241253038234,318.99337757394994,472997
2014-08-06,321.6590576171875,328.67868356173085,318.63795586954285,326.9904232130525,244113
2014-08-07,313.0400085449219,326.9460089595042,311.0407464284554,322.10334098626095,222282
2014-08-08,301.9774169921875,310.1077435266323,297.66789135077886,310.1077435266323,259365
2014-08-11,304.9541320800781,312.77345767526845,302.55500664326394,304.77640904152577,171948
2014-08-12,310.41876220703125,312.7734432169956,303.8878340346945,306.59793398860546,310786
2014-08-13,303.9767150878906,312.684601799552,300.3336096656421,311.35176033653875,132653
2014-08-14,311.1295471191406,314.55051149518704,304.4209241754662,305.9314612092231,194179
2014-08-18,317.4828491210937,319.7931132511745,307.797539196976,307.797539196976,120267
2014-08-19,318.460205078125,325.0355499832143,316.3276644490049,319.8819078697802,142416
2014-08-20,336.18707275390625,343.51770128695006,319.8819723510021,319.8819723510021,488377
2014-08-21,355.7354431152344,359.2452432030889,337.742080774131,338.98606089535457,507232
2014-08-22,343.8730773925781,362.5328567859738,342.095955545588,359.42289355374123,198505
2014-08-25,326.6349792480469,344.76161546241644,322.725316867179,342.2292115749788,354384
2014-08-26,332.7660827636719,341.9182498941922,326.3684329426187,328.7675584046959,273716
2014-08-27,333.96563720703125,338.54172065873144,330.18925318393514,335.4317573455935,107873
2014-08-28,329.7893981933594,335.52062728962045,328.5010010584546,335.52062728962045,89374
2014-09-01,333.4324645996094,336.67570633359554,328.76752005824244,332.6771824409953,122103
2014-09-02,338.9416198730469,341.2074396804827,330.2337054028293,330.2337054028293,173365
2014-09-03,368.5306396484375,371.41846262338,338.5417087548033,341.2073915009042,978668
2014-09-04,358.7120361328125,372.4847296971793,354.2692317572103,369.1526264154777,290372
2014-09-05,353.4251403808594,373.1956227780288,348.4936376408417,358.9786466721991,384454
2014-09-08,358.7564697265625,364.3099754498839,353.6472444611068,354.8023628048668,138178
2014-09-09,358.40106201171875,364.04342942672463,353.69167274076864,358.75648096580056,102425
2014-09-10,358.40106201171875,365.1985478066725,356.09079813509493,358.88975968399023,119790
2014-09-11,369.8190307617188,371.9071270327799,356.979315835807,359.4228581346208,292664
2014-09-12,382.5254821777344,385.9908643978108,366.5313853619406,366.5313853619406,418631
2014-09-15,389.322998046875,398.0753293499007,371.4184992595056,382.0812312956636,297878
2014-09-16,369.552490234375,400.03014680510864,364.3099861016241,392.21079424801263,247678
2014-09-17,359.37847900390625,381.10377747350105,358.0900548086481,374.6617107306656,205250
2014-09-18,367.55322265625,373.7731491558442,362.1329955689723,362.7994162653574,150890
2014-09-19,377.7716674804688,382.0367761412808,368.752779619153,370.8853203911954,142862
2014-09-22,387.4126281738281,389.4118905898628,373.1956509931372,374.0842120669303,206484
2014-09-23,370.7964477539063,396.0760158668009,365.2873865177745,388.301108096,239357
2014-09-24,362.5328369140625,375.0171063581628,354.5802062380073,373.1067059007108,183162
2014-09-25,358.0456237792969,373.1955762047267,352.7586756030393,360.75572366456913,179254
2014-09-26,367.7309265136719,373.1067090041724,351.95897085497114,351.95897085497114,216735
2014-09-29,373.417724609375,385.5021584793296,368.7527798046178,369.552479204945,235711
2014-09-30,368.3084411621094,380.6594305087366,364.3099176754278,374.9726469732452,151895
2014-10-01,369.9078979492188,374.8838444949689,367.4199382347072,371.1519049232016,109097
2014-10-07,360.044921875,372.30705261811744,356.31295489227944,372.30705261811744,135104
2014-10-08,358.1344909667969,367.7753829914982,355.42439083338394,360.3114762073429,134684
2014-10-09,358.5343322753906,363.3770001503365,357.2903524070743,359.1118914517453,102647
2014-10-10,343.2066650390625,359.6894597236971,336.8534597050507,353.8249791795189,151287
2014-10-13,366.2648315429688,377.3718433302164,342.05154584676893,342.9845239902065,500084
2014-10-14,355.0245666503906,368.30856556761626,353.4695847692246,364.7099040607534,155944
2014-10-15,355.0245666503906,355.0245666503906,355.0245666503906,355.0245666503906,0
2014-10-16,340.14111328125,356.4462117760368,337.65315352303446,352.75868933853866,190307
2014-10-17,344.18408203125,350.0930067987979,339.4746928271179,339.5191371437025,99535
2014-10-20,355.11334228515625,365.1985134697712,346.538735409272,354.4913659531749,511254
2014-10-21,358.9341735839844,365.020793838247,355.4687645043544,358.4010316396778,232466
2014-10-22,370.5743103027344,375.861258473101,356.4017803017396,359.4228819204949,291485
2014-10-27,360.6668395996094,380.03748218524026,358.53429900655846,377.638357070105,136012
2014-10-28,361.9107971191406,369.9967056912431,359.867118159001,360.7556789445788,179393
2014-10-29,361.3777465820313,368.30851109490646,359.4229016595649,363.5102874231676,104913
2014-10-30,359.689453125,366.0426854591864,357.82349686793606,361.64429801501547,77326
2014-10-31,363.7768249511719,366.0870887012728,360.7557233318368,361.7331457395787,94934
2014-11-03,358.8453369140625,366.0871030684051,356.1796541247295,364.7542616737386,131022
2014-11-05,363.3769836425781,366.9756443689977,359.0674579403234,361.1999986343767,146663
2014-11-07,361.2888488769531,366.9312157265904,359.86714608635333,366.9312157265904,158452
2014-11-10,361.333251953125,364.30993612283936,359.8671320237804,364.0877959178864,112954
2014-11-11,375.86126708984375,379.32664923541176,360.3558682745529,360.3558682745529,437594
2014-11-12,386.9239196777344,388.87873771571793,376.3056042942847,376.3056042942847,410143
2014-11-13,398.3863220214844,406.9609300812924,380.3485178024289,383.9472060524429,449382
2014-11-14,397.4977111816406,400.6520914279244,390.96678335453225,398.5195507602448,120167
2014-11-17,404.739501953125,410.4262864584293,398.9194387322134,399.80799965856494,165432
2014-11-18,404.9616394042969,415.4910917326142,399.8524141128549,404.5173589441715,150002
2014-11-19,401.0520324707031,410.7817596285332,395.4096644202367,406.0723969439285,98175
2014-11-20,400.4299926757813,404.6506572513296,394.5210676933593,404.4729613287121,58558
2014-11-21,386.3018493652344,403.2733678946774,383.05860751961336,402.7402259339678,220910
2014-11-24,390.8334655761719,396.8312508575896,386.4795231655984,387.4125011404631,64328
2014-11-25,376.8831176757813,393.58807963546457,369.2414881603633,393.3214950831462,208769
2014-11-26,372.9734497070313,381.1926382949766,371.55174679820334,376.88311236876245,98040
2014-11-27,371.3740539550781,379.4155195771773,369.64134928362006,369.8634895175645,72038
2014-11-28,373.9064636230469,377.6384307263285,372.3070646454863,372.3070646454863,61244
2014-12-01,370.2633666992188,378.0826923812104,362.532875420761,373.9064449794267,182610
2014-12-02,382.79205322265625,383.8583372283152,370.7964801842714,370.7964801842714,172545
2014-12-03,404.7839050292969,408.4270101235708,384.83572919876,386.2574320546629,336618
2014-12-04,410.3374938964844,416.5130042190652,406.072411579974,406.072411579974,228550
2014-12-05,394.21002197265625,414.0693627105526,390.9667802417234,410.5151192538096,137094
2014-12-08,386.9239196777344,399.1416341028735,385.679912515608,396.29822789905774,59151
2014-12-09,380.6595458984375,390.522578912054,376.9720229884844,383.36967335319,56700
2014-12-10,393.8989868164063,394.9652706096233,374.9726528622295,379.54873550106606,93177
2014-12-11,385.8576049804688,395.3652182987574,380.3040988638817,390.9668306077288,78610
2014-12-12,385.4133605957031,393.5436888886696,382.9698176754998,383.858378737392,50192
2014-12-15,382.9253234863281,386.0797037752002,373.1955709679726,382.3033200213577,70264
2014-12-16,375.5947570800781,381.7258227449988,372.9734912028951,377.6384365961415,67447
2014-12-17,375.81683349609375,381.54803487847255,359.86715491904096,372.2181456768678,87484
2014-12-18,381.1926574707031,390.34482464720094,377.2829946122981,377.2829946122981,50799
2014-12-19,376.12786865234375,388.21230393911264,374.0841891544864,383.858360367549,70343
2014-12-22,381.5480651855469,386.43515039362535,376.3055610220446,376.3055610220446,49841
2014-12-23,381.281494140625,388.3011199474509,379.4155107953353,381.1926326257585,60953
2014-12-24,379.23779296875,386.4351419040568,377.8161171782878,378.0826746098176,64026
2014-12-26,379.59326171875,383.8583435784859,377.0164131819,377.0164131819,37985
2014-12-29,389.145263671875,393.4103452182904,378.6158114030485,378.6158114030485,100234
2014-12-30,391.58880615234375,394.5210463256407,383.9471768587269,389.1896808347537,67414
2014-12-31,395.5428771972656,399.05270358108174,391.4554916547362,391.4554916547362,52200
2015-01-01,395.5873107910156,399.8523921270135,390.96678341307984,397.71985145901454,46955
2015-01-02,406.1612243652344,407.7606232627901,396.29819218569753,397.8975910832532,109741
2015-01-05,403.9397888183594,408.73801223428615,401.6295250649942,408.73801223428615,53334
2015-01-06,399.5414123535156,407.40518192080685,395.40960949783874,402.2959566295427,96448
2015-01-07,400.6965942382813,407.3608017456256,395.5429241625638,395.7206472094516,82908
2015-01-08,400.2522583007813,405.71690227657615,396.92015500862266,401.27409788703136,59937
2015-01-09,420.644775390625,438.8602760384628,399.80803604155096,401.71843678370993,683782
2015-01-12,415.35784912109375,425.3541603428009,409.804342886812,421.1334956047468,147223
2015-01-13,411.4037170410156,418.1567856382526,409.71545667088833,418.1567856382526,65844
2015-01-14,407.9383544921875,418.51222481251233,404.51738926941874,412.7809956005537,44247
2015-01-15,413.4473876953125,418.0234981539885,405.1837819367152,414.0249739901393,62693
2015-01-16,409.5822143554688,417.490402035991,407.8495095141088,415.4911397344513,36418
2015-01-19,416.9572143554688,425.9761023273455,408.7380257933205,409.58216951936726,99098
2015-01-20,417.84576416015625,425.6206720525568,414.869079715149,414.869079715149,73459
2015-01-21,417.84576416015625,421.1778675426136,410.51513671875,416.2907825816761,61198
2015-01-22,429.4859313964844,438.9490998877223,415.00237195201487,415.00237195201487,327273
2015-01-23,424.5988159179688,438.0605076359725,422.0664120224887,432.7291424314779,61991
2015-01-27,427.7532348632813,439.3933887032343,425.35413657417007,426.5092549596612,130963
2015-01-28,434.373046875,437.1720085797562,426.5536938661374,426.5536938661374,243727
2015-01-29,425.3985595703125,435.1283129283249,422.9550169304831,431.1297886086039,98369
2015-01-30,417.7124938964844,430.8187674658926,416.690654261876,424.8653984554705,81130
2015-02-02,420.3782043457031,430.9520745663566,415.846537932072,419.4007818460212,88644
2015-02-03,429.4414367675781,434.417382821256,422.2441157635119,423.3992339917208,93453
2015-02-04,382.3033752441406,426.50928557161535,376.8387304461003,426.50928557161535,896815
2015-02-05,386.3907165527344,394.2544860176921,377.1941057247916,383.9471740539283,311516
2015-02-06,374.6616821289063,386.52397506279937,371.5073019147392,382.1700322612991,180592
2015-02-09,359.4228820800781,374.0841368497229,351.8701144714733,374.0841368497229,480167
2015-02-10,361.0667419433594,368.7972058202998,348.49361011616185,362.8882810163583,434136
2015-02-11,373.6842651367188,379.4154936271922,358.5343130645716,358.5343130645716,312074
2015-02-12,378.5270080566406,388.3011796261784,375.4170443754241,375.4170443754241,306663
2015-02-13,376.7942199707031,381.636887480416,373.1955593522112,380.7927438209054,353137
2015-02-16,379.77093505859375,382.0811988938556,371.4184677619341,377.4162540236399,138248
2015-02-18,386.0353088378906,389.0119662750655,376.3055557584832,380.30407996370906,123392
2015-02-19,384.7913208007813,390.96683044657215,381.6369401745517,387.99014574596265,123147
2015-02-20,377.7716674804688,387.4125588287969,374.52842556499513,387.4125588287969,189672
2015-02-23,367.1534118652344,386.5240305979333,363.154887410773,386.5240305979333,265438
2015-02-24,363.68798828125,370.7964759260668,361.6443089300565,368.5750735370616,119265
2015-02-25,355.3355712890625,369.1971295924129,348.53808443471473,364.3100436411295,249720
2015-02-26,346.53875732421875,361.2000124417818,338.7638493073292,357.912326205092,311229
2015-02-27,364.9763488769531,368.5750092729944,350.5816530593406,353.6471986683563,362894
2015-03-02,362.7550354003906,368.5306820142364,356.8016657363498,360.7557731109825,207517
2015-03-03,375.1948547363281,377.90495474090005,364.30998328453416,364.30998328453416,248496
2015-03-04,375.0171203613281,377.5495243723832,367.8642158988741,376.66096346441486,184685
2015-03-05,383.236328125,385.4133133062164,375.63914282467545,376.838705534392,469254
2015-03-09,382.9253234863281,388.1678272741996,378.30479604670086,383.8583015670576,312367
2015-03-10,391.36669921875,397.1867628614145,382.0812260188104,382.0812260188104,201286
2015-03-11,390.6114196777344,394.60994416396,383.1919299299477,390.9668386531641,177798
2015-03-12,391.1889953613281,398.8750428848882,388.87873124873846,398.8750428848882,117938
2015-03-13,395.45404052734375,397.63102570470886,386.07973333786816,391.05568008846825,141734
2015-03-16,398.3418273925781,401.62951346006986,388.7453808380101,396.2981482371486,113053
2015-03-17,400.3411560058594,407.7606459330758,397.6310557463473,401.6295803292715,164657
2015-03-18,398.6528930664063,407.8939221784295,396.2982118052592,401.5407163587091,71113
2015-03-19,398.6972351074219,406.338836165642,395.6316895522425,399.8967704738873,62712
2015-03-20,398.0752868652344,410.9594200338636,393.6324823243277,393.6324823243277,598180
2015-03-23,393.7213439941406,398.8305692182031,392.7439215714094,396.29816520553976,106726
2015-03-24,399.1416015625,403.4066834037778,390.52254924220347,391.8553907071939,125310
2015-03-25,399.4080810546875,403.40660466925056,395.4095574401245,399.0526621567377,66046
2015-03-26,397.9420776367188,399.8080612930629,395.1431157105683,397.18679530954,38451
2015-03-27,397.3644714355469,403.3178135866756,395.7206282391927,398.0753093555618,150207
2015-03-30,398.83056640625,401.0519686619195,396.4758854385856,399.8524060205126,91035
2015-03-31,403.9397888183594,413.89165458533216,397.58658383415,397.58658383415,123143
2015-04-01,404.0286560058594,412.2922616095321,399.8524088885548,407.7605955521164,72075
2015-04-06,408.7824401855469,410.5151448253317,403.4066574690489,404.29521838858426,66176
2015-04-07,402.1627197265625,410.4263262970599,400.7410166830549,410.4263262970599,51166
2015-04-08,413.9361267089844,417.6236492524422,402.1182497260591,402.1626940438889,216283
2015-04-09,423.0882568359375,425.48738205435967,416.7350519785857,418.512173735424,170743
2015-04-10,430.9075927734375,433.2178292778296,422.19968021949256,425.97606381200455,132314
2015-04-13,435.3948364257813,440.7262017697704,427.8864860529726,433.5288531320397,216299
2015-04-15,433.5288696289063,440.637357024721,430.9520483712689,440.637357024721,248251
2015-04-16,426.59814453125,435.3060315459566,425.5763047973911,435.3060315459566,141327
2015-04-17,430.01904296875,437.6162275444042,422.2885525694987,428.7306188632996,104521
2015-04-20,423.9324340820313,438.3715494995614,415.2245205140377,430.9520601539773,107726
2015-04-21,426.46484375,429.39708407234895,415.0023856685504,423.9768567910802,61568
2015-04-22,442.68109130859375,451.3889780703458,418.9565022837953,434.9505999319572,273412
2015-04-23,433.1290283203125,453.1660660817459,428.7306409498871,445.9687172559257,173353
2015-04-24,431.2185974121094,435.3948445225882,425.6206745435097,435.3948445225882,67523
2015-04-27,418.29010009765625,435.3948997299024,398.0753368959108,424.2878869816906,392452
2015-04-28,400.9631042480469,412.6476746050048,392.03307809154,402.6069473286972,330516
2015-04-29,427.0868225097656,442.05908019707255,415.1356937975905,427.575547310674,1088077
2015-04-30,420.600341796875,435.3948765670842,418.5122180879524,426.5092668412254,186742
2015-05-04,420.1560363769531,437.08311105350685,414.2915288825623,425.08753863545945,228398
2015-05-05,419.26751708984375,426.0650033783738,417.6680910052467,422.91062264635207,107595
2015-05-06,417.2681884765625,422.86611109076506,412.9586628491967,419.4007291335575,128697
2015-05-07,408.871337890625,419.7117929151512,400.7410101805952,419.7117929151512,146177
2015-05-08,418.20123291015625,422.2442017658044,406.9609415844981,406.9609415844981,45468
2015-05-11,417.6236267089844,425.2208116247656,413.58068542476906,424.68769677341226,49839
2015-05-12,422.15533447265625,423.6658718952808,413.2697245158196,417.2682489963961,106973
2015-05-13,430.1079406738281,436.1057274164446,419.0009281875013,426.4204179517136,137219
2015-05-14,434.1508483886719,438.1493723210173,426.5092194501777,431.8405846933049,54590
2015-05-15,443.2586669921875,446.0576287612678,430.1523920435248,435.3948965996439,531782
2015-05-18,454.05462646484375,457.1645896598084,439.3933714028674,439.3933714028674,424539
2015-05-19,472.1812438964844,476.2686019963572,449.6561944522964,455.8317030300956,324976
2015-05-20,479.6451721191406,482.4885779000491,467.8717399696459,476.2686514814481,230264
2015-05-21,494.6619567871094,497.3276399877942,468.6271283737802,479.6452530631993,190503
2015-05-22,481.7333679199219,499.5490051260605,479.82294007623454,491.0632584214042,119673
2015-05-25,477.77923583984375,484.2657199577238,470.0931618939211,482.7995726901572,55100
2015-05-26,483.0218200683594,484.2214101624847,475.0247697080656,481.289169210404,126891
2015-05-27,472.0479736328125,481.9554492669105,469.2934565624069,477.1571987591912,42830
2015-05-28,479.2897644042969,482.9328423496158,472.4922519216342,475.3800748059695,38162
2015-05-29,490.530029296875,492.2627338819587,474.5359332501688,475.3800769437688,141942
2015-06-01,481.2445983886719,495.19501642754994,478.3123580421012,489.01950685565487,185923
2015-06-02,488.9751281738281,492.9736528432673,480.7115213703463,480.7115213703463,273805
2015-06-03,484.1323852539063,504.4360343833984,473.8695176932533,484.2656910824479,148487
2015-06-04,488.7973327636719,496.438989096383,483.3771329297164,483.3771329297164,39404
2015-06-05,495.6393127441406,517.808920442018,484.7988577457669,488.841853664514,285146
2015-06-08,487.8643493652344,508.6122788380964,484.44341160717056,497.505267632106,89930
2015-06-09,487.5978393554688,496.26130893855,479.8229307552677,484.7544333635607,174308
2015-06-10,507.45709228515625,512.6996231231235,484.26567522028125,486.0427969642089,153292
2015-06-11,488.2197570800781,529.5822527165337,481.2001048557244,515.3652794892442,317560
2015-06-12,499.4156799316406,504.7026285243175,479.8229214843863,485.1987044802514,102514
2015-06-15,502.3034362792969,510.8780701516364,499.3711963290371,499.3711963290371,49257
2015-06-16,507.3239440917969,520.5190540363658,499.3713118202096,504.0362573487792,215507
2015-06-17,519.2750244140625,527.6718817386445,509.1009910123548,509.1009910123548,317932
2015-06-18,546.1094360351562,550.3745711841927,520.9187595075716,520.9187595075716,413550
2015-06-19,588.893798828125,616.3058838021841,549.3972517944695,551.7075429191593,1168005
2015-06-22,586.2724609375,606.2650808452664,574.2768889928401,594.8470951691008,454396
2015-06-23,580.1414794921875,591.6038834747114,573.83266405983,590.626488100276,107349
2015-06-24,594.1807250976562,619.2825722302864,582.0074290928397,582.0074290928397,435260
2015-06-25,602.4443359375,611.3299456120944,594.1807297868187,594.1807297868187,192367
2015-06-26,587.3386840820312,620.9262712055397,582.8958801177193,620.881854012586,407496
2015-06-29,581.3854370117188,594.4472942339546,556.2391721830428,570.4561478298937,402066
2015-06-30,589.0714721679688,595.1580927704626,582.2739594434266,583.6956894540688,133864
2015-07-01,588.6271362304688,598.2679996007375,582.05176435543,593.4698036298669,101720
2015-07-02,597.6016845703125,602.4443528254092,591.7816209169948,597.112986871202,296540
2015-07-03,604.7990112304688,610.4413513729211,588.6716088567106,588.6716088567106,316398
2015-07-06,609.6860961914062,611.0633547689986,589.1158892256652,595.3358156579121,77383
2015-07-07,636.8316650390625,639.5861823829282,609.6861379541552,609.6861379541552,463230
2015-07-08,664.1548461914062,687.7461269072312,626.4354256713152,636.8315989014872,938546
2015-07-09,661.7557983398438,671.663275087258,650.8265089924032,665.3988767111709,192148
2015-07-10,676.5059204101562,696.6318494899534,665.2212386840142,665.2212386840142,317042
2015-07-13,678.549560546875,686.8131661623561,672.4628857739127,679.5713730532002,116517
2015-07-14,683.1256103515625,696.5429125067408,678.2385253924178,678.2385253924178,142497
2015-07-15,689.2122192382812,703.6513325111553,684.2362461241758,684.2362461241758,289273
2015-07-16,689.345458984375,700.8523322109463,684.1918171821599,693.0774251975126,173834
2015-07-17,673.9734497070312,696.9427275191563,669.0863647058596,691.9668081204359,142174
2015-07-20,675.128662109375,683.9254380305367,670.9524144070714,675.306385162689,98061
2015-07-21,684.5473022460938,694.7657520466599,672.6849823288444,676.9945350021969,207571
2015-07-22,685.2614135742188,703.1137361658047,679.2808746098444,688.2070359056374,136036
2015-07-23,677.8973388671875,692.045282903151,674.460734037337,690.8848928165772,90538
2015-07-24,671.8721923828125,683.6993564650468,670.7564221863754,676.6030471195129,89811
2015-07-27,659.955810546875,678.1205841404484,654.6447873805631,678.1205841404484,84571
2015-07-28,672.6754760742188,693.5627147589589,667.7660874884089,678.1204670125132,291059
2015-07-29,673.7020874023438,678.3883225250497,666.6950719160191,671.2473928142597,147087
2015-07-30,665.3560791015625,675.7104043239157,656.9654657627502,675.6657844140105,80572
2015-07-31,633.8466796875,668.5694682557869,535.5696674946223,664.9990038058228,1091564
2015-08-03,657.5457153320312,664.9990384674339,640.0950258384815,640.0950258384815,207899
2015-08-04,660.3128051757812,673.3896537283237,648.0839528724798,660.1788909592291,207968
2015-08-05,654.109130859375,666.7396716963055,650.1816523256246,664.9990592356695,126119
2015-08-06,644.6026611328125,660.3573007205781,638.7113628904799,651.6096748854308,209384
2015-08-07,635.4087524414062,649.779904417986,629.2943539156046,645.2722039847123,269633
2015-08-10,595.9105224609375,634.6500853267127,591.5813559075652,633.6682293499581,250427
2015-08-11,599.4810180664062,607.8716321379372,589.2159317674543,595.3750053392132,216335
2015-08-12,599.6595458984375,606.0863933664106,590.0193019369623,590.0193019369623,100220
2015-08-13,606.4880981445312,610.594110940917,596.3122515017038,602.4713251772525,161756
2015-08-14,627.687744140625,634.650139841852,607.9608927593491,609.3891114166336,218058
2015-08-17,641.0322875976562,645.361453982052,615.9497419673133,627.509131603572,86179
2015-08-18,657.1885986328125,661.5177648925417,638.8007289048771,642.6835871179966,148064
2015-08-19,651.966796875,660.580509229615,647.1466483226948,660.5358893224746,93350
2015-08-20,642.2818603515625,653.752009148169,633.7573880701906,647.1466286632227,79360
2015-08-21,633.9359741210938,642.5496869198715,599.1239457265976,625.054432903741,85267
2015-08-24,597.6512451171875,619.0740367598149,591.9831532874663,614.1200270886527,198777
2015-08-25,630.9010620117188,687.3144116285964,572.1669322778316,606.9789609187604,224552
2015-08-26,617.7796020507812,642.4158399381341,608.7642009262246,624.3849832080559,91735
2015-08-27,625.7686157226562,632.8649258580203,618.5830657540312,626.3488380817698,53187
2015-08-28,629.42822265625,640.8983169825653,626.6164603367143,629.2943084578113,44192
2015-08-31,638.1759643554688,647.1467462871169,618.5830278303063,629.2944222516103,75311
2015-09-01,624.1619262695312,662.6783400798403,619.4756908559953,637.3280162408943,171485
2015-09-02,633.221923828125,643.5316295495138,626.6165424712268,626.6165424712268,89308
2015-09-03,621.6624755859375,645.8969693046067,620.3681713825442,633.2218646395455,117720
2015-09-04,606.7557373046875,623.0013597035571,598.2312652420563,615.9050514751517,95082
2015-09-07,585.4223022460938,615.0125505260554,578.6830609558262,615.0125505260554,60368
2015-09-08,601.8909912109375,614.9232182206823,550.2085546395361,589.1265926007793,258649
2015-09-09,607.1575317382812,619.3417098104982,595.6427613148107,603.0514646541205,78588
2015-09-10,599.5702514648438,606.7111803386701,575.8266302707926,598.9454092921912,97599
2015-09-11,596.7139282226562,611.5760097082484,591.0011627644122,599.9719991369776,71150
2015-09-14,592.206298828125,602.5160062612897,589.1267616777054,602.5160062612897,86355
2015-09-15,586.8951416015625,601.578688740107,584.6636011391992,598.8562202722175,35031
2015-09-16,583.503173828125,597.7850318775527,577.5226348737342,592.6078692308281,152097
2015-09-18,601.0430908203125,610.5494750532216,577.0763678682862,577.0763678682862,63871
2015-09-21,618.6275634765625,620.3681757291172,587.475294966656,601.6232380452158,84135
2015-09-22,608.7196044921875,618.5830022172064,605.1937597449726,618.5830022172064,92121
2015-09-23,606.711181640625,614.1198844669257,598.0081745569731,598.0527944663376,103891
2015-09-24,603.22998046875,613.1826722873558,598.499125791942,602.5158984482638,122313
2015-09-28,612.781005859375,615.9051624806538,598.0528389304899,606.9790007055718,170651
2015-09-29,607.87158203125,612.5578166944865,598.9454207679423,603.4085013995962,147958
2015-09-30,610.2371215820312,621.4394446320958,603.4085854718031,612.3347479787825,267293
2015-10-01,626.0363159179688,645.7185456387841,613.22729593928,613.22729593928,239635
2015-10-05,633.6235961914062,651.5205948238332,629.3390492707063,641.7910563222484,193704
2015-10-06,659.6433715820312,662.3212201811464,635.5873541037863,641.7910475879303,243284
2015-10-07,652.1900634765625,666.4719230084133,647.5930681473599,662.321235789581,95872
2015-10-08,642.3711547851562,649.8244769245305,638.220468408021,649.8244769245305,82173
2015-10-09,646.611083984375,656.3851860801736,637.8187832635089,656.3851860801736,63347
2015-10-12,644.3349609375,653.3950368612277,641.7464067314116,652.0561126053645,109720
2015-10-13,640.0504760742188,647.9947825525246,635.8998431684751,641.7910886712602,106888
2015-10-14,642.0587768554688,647.057459914421,635.5426899474256,647.057459914421,99082
2015-10-15,645.5846557617188,659.4648265414252,641.6125028425183,656.0728959348265,130659
2015-10-16,641.8355102539062,651.5204263365116,640.0056583890131,651.5204263365116,74358
2015-10-19,641.88037109375,651.6099107313066,635.632056881258,642.6391276509955,37562
2015-10-20,645.1829223632812,648.9319209734888,637.7742194436834,648.9319209734888,73182
2015-10-21,641.076904296875,647.9946791838915,624.8759000271539,637.7742137772034,39449
2015-10-23,619.8327026367188,641.7910390654871,617.1101796789958,641.6571248449219,87357
2015-10-26,604.390380859375,620.8591599270719,600.7752963032872,620.8145400152124,172583
2015-10-27,591.4474487304688,630.9903883975885,583.9495056381978,606.9343718711642,1372489
2015-10-28,604.12255859375,624.8312627703306,600.6413885326072,600.6413885326072,795571
2015-10-29,606.8896484375,612.3345843190913,602.5158081856948,606.9788882463296,301186
2015-10-30,605.9971313476562,615.0125327494193,602.5159065397069,611.4420681180729,235153
2015-11-02,606.711181640625,610.1923517855075,598.9454105774813,606.9789555777754,135098
2015-11-03,603.4532470703125,613.2274065867773,601.6233945261833,611.4421739620706,155785
2015-11-04,606.35400390625,615.905005466928,603.408382167599,607.0680857700208,212650
2015-11-05,603.5424194335938,610.4155200651011,598.9900444718946,610.4155200651011,68880
2015-11-06,596.8923950195312,606.6665521788472,590.3316340173502,600.5520992252106,66183
2015-11-09,600.8200073242188,606.979081561869,583.7710578550916,587.9217454258091,79943
2015-11-10,594.2591552734375,603.4084700936444,591.8044610533819,596.2675414534829,70652
2015-11-13,591.1351318359375,602.3820751792712,588.9035911344051,602.3820751792712,52379
2015-11-16,588.5017700195312,597.11553697472,581.9856835386802,590.9118443291507,82858
2015-11-17,591.9830322265625,598.0528110545048,588.23403355958,598.0528110545048,267209
2015-11-18,587.8770141601562,597.9636209187307,585.2884598395332,591.8045472768551,36975
2015-11-19,581.7179565429688,596.937051022374,580.1558782786111,591.8045081537704,76977
2015-11-20,588.85888671875,591.7598892144651,582.8783476006208,582.8783476006208,30824
2015-11-23,606.6219482421875,612.3347137194211,589.1266924997346,589.1266924997346,162470
2015-11-24,605.1045532226562,612.3347227631863,602.0696363028705,610.5494903353053,53686
2015-11-26,598.856201171875,607.8269826482616,594.4823602127578,604.3903777572506,143253
2015-11-27,611.2188720703125,621.2161832471731,595.4195562662783,600.5967187297174,143326
2015-11-30,618.35986328125,628.3125555544543,611.4420878349423,615.9051687680441,116215
2015-12-01,629.3389892578125,632.5970599127786,615.9497473567983,615.9497473567983,156725
2015-12-02,621.5731201171875,635.8996502786001,620.3681103283566,631.0795021613642,50424
2015-12-03,612.2901000976562,624.4296587603159,609.6568713821689,621.2608821112584,44716
2015-12-04,608.1838989257812,618.627517178548,604.2564211554729,612.2899652759154,36006
2015-12-07,615.1464233398438,617.6011176796181,606.978964016936,607.1574981378396,42671
2015-12-08,619.3417358398438,627.4645760436715,607.960879156395,608.9427896764901,100486
2015-12-09,598.9008178710938,621.7517695619138,596.4907433653435,615.0571484242556,50149
2015-12-10,599.971923828125,615.8604792582529,590.9564686734896,606.0863222231162,64355
2015-12-11,591.3135375976562,609.5675474689335,589.617545240349,604.3010907644215,39327
2015-12-14,596.535400390625,598.0082389249301,590.0193129740944,591.3136173707611,35728
2015-12-15,602.5159301757812,606.8897713131486,590.063923389288,602.5159301757812,63191
2015-12-16,596.758544921875,606.0863950347299,592.2062241300547,606.0863950347299,52134
2015-12-17,600.3289794921875,605.0152142695855,593.2773446109683,601.5786638918801,36269
2015-12-18,602.4266967773438,606.8004834804146,590.911925974279,590.911925974279,66594
2015-12-21,596.8477783203125,605.9077990659056,591.8937153700592,598.1420280832806,59793
2015-12-22,600.1504516601562,605.1045149187031,596.2675931676935,598.0974453942453,42543
2015-12-23,616.0836791992188,624.8313065953606,602.5159027883834,602.6051426112248,265865
2015-12-24,621.6624755859375,638.6668008981444,615.9050910128856,620.0111031605869,178823
2015-12-28,628.7587890625,633.7574173222342,617.154780012938,622.1534082726722,150101
2015-12-29,630.4547729492188,636.9708599180567,628.4910065320572,636.9708599180567,60203
2015-12-30,635.810546875,649.6907187295315,631.5259997516779,633.7575403868428,255282
2015-12-31,621.3054809570312,640.1843349492542,617.6903963255967,635.5427199188221,57756
2016-01-01,613.9860229492188,623.9387152349824,611.5313284329152,620.3236305708018,53975
2016-01-04,610.7279663085938,623.0460579916045,607.8715837998318,612.3346644444708,51148
2016-01-05,605.059814453125,614.9678860622984,602.5605002161949,610.5494253771916,65128
2016-01-06,604.2565307617188,619.4756256542943,600.7753058856836,615.8159211279744,68148
2016-01-07,591.2689819335938,602.0249960520462,582.5212997476962,598.4991512298897,81083
2016-01-08,597.1602172851562,604.970608766838,590.0192879304757,590.0192879304757,25075
2016-01-11,591.1351318359375,594.4824428882362,582.8784312402676,590.0193614851713,49717
2016-01-12,607.8270263671875,611.2635770244113,589.3498597029494,589.3498597029494,144779
2016-01-13,588.0108642578125,623.9386627950071,581.3162434123725,615.994357599366,184512
2016-01-14,589.6176147460938,592.6971515047746,517.4496174132387,579.1293744897969,101235
2016-01-15,553.4220581054688,605.9971754178765,536.4623498732044,596.267636797505,85937
2016-01-18,531.1959228515625,548.9143885785982,511.46912498905147,537.3549969343961,139223
2016-01-19,536.5068359375,548.914220130662,527.536056033128,535.5249801298212,95704
2016-01-20,526.6434936523438,539.9434951996778,522.1804131976629,528.8750338796842,221041
2016-01-21,557.974365234375,563.1515827829246,536.4623365910804,536.4623365910804,573039
2016-01-22,564.7581787109375,584.6635054823113,559.5810165814845,570.8279568792948,368568
2016-01-25,562.7052001953125,571.2296728869183,559.7595235383194,571.2296728869183,165237
2016-01-27,535.6143188476562,566.8112647068486,526.7327771107807,561.7679615828182,205242
2016-01-28,528.7858276367188,537.8012289351963,523.0730624996265,531.9992239757294,368815
2016-01-29,551.1459350585938,557.8851771017885,530.3033121534863,534.4093797455401,222351
2016-02-01,560.02734375,569.4890522935268,549.5837248415284,555.6088833101511,114818
2016-02-02,574.1307373046875,578.4152840682588,557.4834237717555,560.9200287499394,138009
2016-02-03,562.259033203125,570.3818197991102,557.0371951220125,570.3818197991102,59816
2016-02-04,565.2937622070312,573.0595331316432,554.4485093386783,573.0595331316432,83262
2016-02-05,529.4998168945312,564.401080359288,457.4656955059832,561.4108385810462,768578
2016-02-08,543.6032104492188,549.8515232130028,535.5250455579477,535.5696654672106,124451
2016-02-09,527.31298828125,546.2810813848921,525.750910025656,535.5696876322472,61892
2016-02-10,531.9992065429688,538.2475193714935,525.7062738047188,526.6435098328046,39852
2016-02-11,527.6253662109375,534.5878155247327,518.6099652003567,531.7314330474019,145839
2016-02-12,526.152587890625,539.1401416653439,508.79119329345366,530.3478945911675,93723
2016-02-15,556.9924926757812,570.1139613321253,530.3479216694951,535.301930539889,107902
2016-02-16,534.7217407226562,557.3495948010024,529.1428892951997,548.6019121779738,96023
2016-02-17,543.5139770507812,546.9951472288601,530.2139750755247,534.4985215536794,145006
2016-02-18,552.7972412109375,556.412326182713,545.3885371184526,545.3885371184526,66718
2016-02-19,551.6813354492188,553.4219476323188,540.9699429143997,545.3884032312045,29571
2016-02-22,550.2086181640625,560.964631904921,546.2364653894559,560.2058754867567,45059
2016-02-23,551.1011962890625,558.733052969719,547.2182836052459,558.733052969719,46592
2016-02-24,551.5029907226562,555.1181305293147,540.032892403664,551.1013569494528,26731
2016-02-25,548.0216064453125,553.4219223722698,543.2460781362678,553.4219223722698,87224
2016-02-26,543.0230102539062,557.840470955913,540.1220077813979,550.0746995948514,26935
2016-02-29,551.6813354492188,555.2071797214553,527.3575482347338,548.9588674094775,112358
2016-03-01,555.0287475585938,565.8740562844421,545.4777432312866,553.4220492794602,142610
2016-03-02,555.9213256835938,577.4780274348784,551.1904709987451,557.885092103993,71308
2016-03-03,572.4793701171875,584.6636028701513,553.9575842247361,557.8851172425108,71778
2016-03-04,570.0247192382812,584.6636476277623,565.9187062534371,577.5227175804004,60187
2016-03-08,567.74853515625,590.9119369337599,565.0260665846979,573.7290747192962,99350
2016-03-09,561.6787109375,571.2743345252285,554.3146277190107,562.3481730482717,42492
2016-03-10,555.9660034179688,570.3817774896338,551.7707506737926,567.6146889373936,53306
2016-03-11,550.4318237304688,563.2408449248821,548.958985148657,561.2770783094569,47747
2016-03-14,554.984130859375,560.5183622804233,550.7442038443656,550.7442038443656,28940
2016-03-15,548.2894897460938,560.4290480278569,542.7552585219786,560.4290480278569,54665
2016-03-16,554.8502197265625,556.9032806142565,548.0663582571359,553.2435214291689,26765
2016-03-17,546.0133666992188,562.3482330487254,537.935200596856,562.3482330487254,52939
2016-03-18,544.8974609375,547.7984630058664,536.5514684522402,540.925308747699,94893
2016-03-21,545.9686889648438,549.8515474180228,541.7733821711429,545.3884666759935,61811
2016-03-22,546.9059448242188,554.8948705378692,544.4958702400772,548.9589511436844,69249
2016-03-23,543.2908935546875,557.8851472134015,541.5502809991874,548.958984857987,166128
2016-03-28,553.8237915039062,569.4891965955674,545.0314883036185,549.2267957891538,207560
2016-03-29,529.9462890625,553.8237742249536,510.1748169393314,553.422086008269,517972
2016-03-30,539.9435424804688,548.9589439959833,530.3479186626528,531.1066206140001,81684
2016-03-31,534.1415405273438,545.0760886632114,530.2140075677879,544.4958663574927,239425
2016-04-01,529.0089111328125,540.0326972934439,526.8666108718269,540.0326972934439,51350
2016-04-04,532.133056640625,535.2572126784827,528.4286784033535,528.5179182120521,105368
2016-04-05,524.7691040039062,538.0244332420349,522.2251150569415,537.3549710687765,45468
2016-04-06,526.465087890625,531.8654056611987,520.7969961236795,524.7691495929525,95730
2016-04-07,505.4884643554688,531.106556197666,504.1941601710638,531.106556197666,170900
2016-04-08,493.9290466308594,507.80926915116606,490.9834246982866,505.4884348399288,104555
2016-04-11,493.0364990234375,503.4354987600697,487.36840837411,494.5093374345365,67800
2016-04-12,487.3684997558594,500.5792100984678,483.7980345561828,493.6168138552935,107260
2016-04-13,501.6056518554688,507.5415165107441,491.8761141160123,495.3127189510339,89753
2016-04-18,509.6838073730469,514.325422119222,459.25099631074016,504.2388708029536,394521
2016-04-20,510.5318603515625,514.1469451635496,492.724155781735,503.88185858476345,136729
2016-04-21,544.8082885742188,551.8599785109441,513.2097070464041,515.0395594028545,680854
2016-04-22,551.4583129882812,557.8851609384872,544.8083109736999,551.6368471359762,150797
2016-04-25,549.806884765625,559.6256616347926,546.2810403573225,549.0035085021266,41483
2016-04-26,547.75390625,555.2072290925381,546.7273759150797,550.2532205008474,66651
2016-04-27,552.8864135742188,573.5058229251349,528.5179513655492,536.5068760596869,1262095
2016-04-28,545.4330444335938,557.6172757100659,523.2961765601622,557.6172757100659,580098
2016-04-29,537.80126953125,550.2978965411047,532.891880348807,538.6938857462396,95406
2016-05-02,531.6868286132812,549.4498572119271,526.1525976175504,539.8542336522451,304139
2016-05-03,533.6060180664062,539.1402500726183,530.79430938458,534.8557026900907,115983
2016-05-04,535.3911743164062,539.1401731717411,525.3046223701484,537.4441806359329,124872
2016-05-05,535.3018798828125,539.5864262171282,531.5528814099252,539.5864262171282,78360
2016-05-06,529.41064453125,537.354950475181,522.1804751295364,531.1066370975626,72354
2016-05-09,526.0632934570312,534.6770608880986,520.5737369561914,530.7495281309252,149126
2016-05-10,528.9197387695312,531.1066594398898,526.643578268126,531.1066594398898,64944
2016-05-11,519.7257080078125,528.4287147112494,514.6824054077952,522.1804022062178,122722
2016-05-12,517.7173461914062,524.7243608948871,512.540183625685,522.1804267620219,89786
2016-05-13,519.81494140625,521.2877796994976,511.1119348102395,517.7173154549805,35447
2016-05-16,506.6935424804688,517.717329338657,504.3280880626573,515.0394810834571,100113
2016-05-17,512.227783203125,517.4942405613809,506.1133840419198,507.8986164371294,59896
2016-05-18,509.1482543945313,517.5834331065522,507.8985700396579,517.5834331065522,60295
2016-05-19,496.2499084472656,510.2639914570504,492.7240641212206,508.8803929820865,52913
2016-05-20,503.9710998535156,507.0060168169916,485.6278472891655,496.2946220955059,151763
2016-05-23,490.8050231933594,512.2724875872801,487.5470065699522,512.2724875872801,105959
2016-05-24,484.6012573242188,493.2595891026109,481.1200330662357,490.80489505635455,107173
2016-05-25,491.3406066894531,495.40199957354673,484.9583789566131,485.3154472351803,36499
2016-05-26,487.4576721191406,495.9375257945838,483.9765017199078,495.4019778811534,126089
2016-05-27,482.7713928222656,495.3126925322754,479.6472364921347,484.8690733325026,99811
2016-05-30,475.4073181152344,489.5106962297469,472.6402299682401,484.6905474461839,97083
2016-05-31,475.3627014160156,479.647247874247,465.9456122936303,473.622089094588,145534
2016-06-01,485.31536865234375,486.47575864834016,476.70160177563537,478.4422140101107,57660
2016-06-02,499.4634704589844,504.2390006460082,484.7353006039929,489.1537624566861,289430
2016-06-03,495.6251525878906,505.8456191295261,493.61676610734537,505.1315370548596,78630
2016-06-06,498.7493286132813,500.7577151714556,492.7241689387584,499.32955096692046,41657
2016-06-07,498.7046508789063,502.096581332157,489.8677292550739,496.38381621439146,33877
2016-06-08,499.9543762207031,501.6503690115312,493.3044282589789,501.6503690115312,35887
2016-06-09,496.5623474121094,500.8022740739185,494.9110293467383,500.8022740739185,44175
2016-06-10,500.7130432128906,502.54289543506655,496.1160482206984,499.597273018763,46259
2016-06-13,500.4006042480469,504.1496030667695,491.9654250071304,494.50935930503096,109558
2016-06-14,491.1620178222656,502.4536334818965,490.9388637932687,500.7576410691341,273738
2016-06-15,487.4576721191406,496.2945940575159,483.1285054561699,495.3573579685289,42805
2016-06-16,474.4254760742188,494.9556471931408,473.0865518708108,494.9556471931408,80147
2016-06-17,470.4533081054688,481.923457764299,467.73083987642656,481.923457764299,57245
2016-06-20,471.4798889160156,474.8718195883097,468.623506172674,468.8466602232325,69385
2016-06-21,484.4228210449219,486.386587574665,473.8899608157149,475.7644330371698,78674
2016-06-22,477.1033325195313,486.3865622786215,474.8717921429198,484.4227958510101,39388
2016-06-23,479.9150695800781,481.9234558118689,475.76438290865855,481.075459617809,27139
2016-06-24,481.12005615234375,483.48551050280537,459.34020250445445,473.0865116154772,71751
2016-06-27,484.2888793945313,489.1536482892212,481.1647228817351,489.1090283780888,23845
2016-06-28,483.9764404296875,492.5455328451998,482.2804481169903,490.9388348274113,30957
2016-06-29,489.1090393066406,492.590209667245,483.7979622200244,489.1536592187701,34556
2016-06-30,512.18310546875,531.1065776178823,491.83146935706407,495.4019337444112,817311
2016-07-01,520.4398803710938,526.643574046308,516.8247955471395,517.5834975478688,129986
2016-07-04,517.8958740234375,524.8136488239135,513.2542593901513,519.8596403468621,52316
2016-07-05,516.021484375,529.9909518887537,510.57654649324985,517.7620971342408,184146
2016-07-07,518.0297241210938,524.8136390685536,515.9320981097453,522.9391125979166,44720
2016-07-08,535.0342407226562,557.43888842501,514.3701512488583,518.654698662415,581334
2016-07-11,533.3381958007812,543.5586624993502,531.3744292045675,543.5586624993502,106496
2016-07-12,530.392578125,540.032822573927,528.4734314259438,537.3549738669489,47004
2016-07-13,524.1888427734375,533.7844665449394,521.3770800619594,531.1512379626129,32542
2016-07-14,522.7606201171875,531.9991745950357,520.9307135996673,520.9307135996673,32700
2016-07-15,515.7982788085938,525.0815096106742,513.7452723276449,524.2335132760944,59116
2016-07-18,517.0478515625,528.4287063012516,513.5220072374398,521.2877778377211,56836
2016-07-19,517.4942626953125,521.2878816973911,513.343575406532,518.6100329900415,27578
2016-07-20,529.3137817382812,532.1000947501062,516.820193380593,516.820193380593,55843
2016-07-21,527.291259765625,535.6951806730025,524.235258603236,530.3022761695829,37066
2016-07-22,528.2350463867188,533.8975855647549,525.8082282077131,526.7070456918289,58966
2016-07-25,530.527099609375,534.7066234814722,528.5946197847551,531.2012128236182,64732
2016-07-26,534.7965087890625,539.2456671870181,530.3473503911069,531.1113783193487,68737
2016-07-27,541.2229614257812,544.6833867409935,531.7403932310849,536.5940295121668,70566
2016-07-28,550.345947265625,553.8962873817911,544.6834079567795,547.4697202781183,163541
2016-07-29,564.1428833007812,578.8385289793724,555.424341690533,556.3680891898006,829227
2016-08-01,561.9407348632812,569.6705437343785,553.671602554534,569.6705437343785,146952
2016-08-02,563.6484375,567.1987776296082,558.1656726432652,563.5585776929586,96219
2016-08-03,561.8958740234375,565.715849023579,557.3568010180418,563.5586647267677,93450
2016-08-04,569.8053588867188,573.4455587501517,561.0868182598467,562.5698890624698,104284
2016-08-05,570.8839721679688,573.0860312136373,563.1091786435484,568.9514925480704,59366
2016-08-08,570.7041015625,582.0741084073904,568.9513967144736,570.749031459227,80845
2016-08-09,573.5354614257812,577.0408718433843,569.355992699607,575.1533769166565,63965
2016-08-10,570.839111328125,578.4341320247064,569.8504337811295,577.0409755323109,54626
2016-08-11,575.5128173828125,579.692340578901,570.4345315725753,570.7490957445541,63056
2016-08-12,581.534912109375,584.2313645611958,575.4678940927779,575.4678940927779,94280
2016-08-16,582.1641845703125,597.8035782728348,579.3778170272465,585.1302717501466,105182
2016-08-17,581.4000854492188,586.9727649931716,580.1867037523153,584.6807913104277,104686
2016-08-18,576.5016479492188,584.2314575982676,573.4456460733766,582.0742733494997,40395
2016-08-19,580.4114379882812,582.4337774934669,567.9628367557043,579.5575503364199,37904
2016-08-22,579.108154296875,590.523148504705,577.040884840214,584.2314254612759,40116
2016-08-23,576.5016479492188,592.0062520162497,569.9402353839972,581.6248645359626,46131
2016-08-24,575.6477661132812,583.3326459313915,572.726608795443,577.1757670668147,21902
2016-08-25,578.7485961914062,587.6019264084201,575.7375247235769,579.4227093000966,63819
2016-08-26,570.5693969726562,583.1079133648823,567.1539010917005,581.4900526696372,29344
2016-08-29,569.3110961914062,580.6361761350814,563.738416036791,579.7373585249652,20810
2016-08-30,567.4685668945312,575.2433624083748,561.7610961019285,572.0525703544122,54071
2016-08-31,564.9517822265625,572.3220973973708,561.8059206782456,572.3220973973708,43124
2016-09-01,564.3675537109375,596.8148448692269,561.491326619192,565.9404844014814,71112
2016-09-02,558.75,573.4456462637531,550.0763879520641,573.4456462637531,32890
2016-09-06,563.6934204101562,568.0077334638366,553.1323147225538,561.7609408299146,116850
2016-09-07,555.6490478515625,569.8054249639125,553.89634257052,563.6934762936495,44150
2016-09-08,562.25537109375,564.0080764865995,554.1210823171133,562.6598500089423,38056
2016-09-09,569.940185546875,574.3444134782109,562.6597853479813,565.8056467676585,144066
2016-09-12,563.7832641601562,584.0515873561571,553.8513419810414,561.7609248307655,84691
2016-09-14,565.8057250976562,568.7268825346179,563.7833853336058,563.7833853336058,60061
2016-09-15,565.5809326171875,569.8053859940089,558.660026641476,566.4797501501508,103725
2016-09-16,590.1636352539062,600.3203183835419,566.2551081854227,566.2551081854227,292431
2016-09-19,582.388916015625,600.2304246916631,579.7373929365007,584.276411165116,82292
2016-09-20,587.152587890625,596.5452426335979,581.624837794479,582.433795565442,81425
2016-09-21,588.3211059570312,594.9274488710797,583.3326787668987,586.0740617399015,33257
2016-09-22,588.1412963867188,596.9047683111055,584.4561660340999,593.2196379584866,60529
2016-09-23,609.8926391601562,616.8135452849745,588.6805668690073,588.8153565861746,329171
2016-09-26,614.2969360351562,625.4872267890948,605.5334639166884,610.2522565958634,160810
2016-09-27,606.5220336914062,627.3746105142013,603.7806513079007,617.0382093381077,52641
2016-09-28,604.5896606445312,616.5439233583872,602.2077721392964,606.7018599910822,125050
2016-09-29,585.0404052734375,612.5442022417502,566.2550952491601,612.5442022417502,91588
2016-09-30,588.5457763671875,596.5902051715271,576.1421039773242,584.2314626915144,38257
2016-10-03,599.2866821289062,603.1066572305903,590.5232098368075,594.7925937739838,79908
2016-10-04,593.5791015625,606.9265195525987,588.7254650973005,603.106545160746,110538
2016-10-05,611.2857666015625,628.2734394841923,596.8148266344831,597.5787995741891,357753
2016-10-06,609.8027954101562,625.2624686892774,600.8146196501406,621.4874238981765,82655
2016-10-07,607.6006469726562,617.4876397488385,603.1065593471188,617.4876397488385,47743
2016-10-10,605.21875,609.3982733762346,603.2863252641185,607.600638351526,25488
2016-10-13,614.4766845703125,624.6782425589607,604.724480529787,606.7018902551058,170164
2016-10-14,612.3644409179688,620.0943054588595,606.7917606348789,613.8924418622881,100037
2016-10-17,615.37548828125,621.8919158441604,608.499511736597,608.499511736597,189732
2016-10-18,606.6568603515625,618.4762771274796,604.0053378518971,613.8923299893538,47999
2016-10-19,605.7581176757812,612.0947706288998,604.0054124267558,612.0947706288998,61480
2016-10-20,607.3311157226562,612.9936561196076,605.6233401914353,606.7019323764445,32810
2016-10-21,607.0164184570312,615.2406210918203,603.106584006737,609.53315151781,43769
2016-10-24,608.3646240234375,612.4992175824652,606.2524247689934,607.016397726694,56051
2016-10-25,604.364990234375,623.7794289019428,580.7260429172266,613.6228007577108,393374
2016-10-26,596.365478515625,602.207792924595,581.5349880928551,589.6243465052751,158318
2016-10-27,598.4327392578125,601.758375306081,591.7815220207473,597.7136961591394,58311
2016-10-28,607.0164184570312,611.1060822510616,593.2645207324975,593.2645207324975,58721
2016-11-01,606.0726318359375,615.7349200017156,597.6687101192567,601.1740654683706,82842
2016-11-02,603.6908569335938,607.4209170205274,597.8035578250182,600.4101507826839,103059
2016-11-03,607.3311157226562,611.1960207644181,597.7137556004972,606.7917922004129,113924
2016-11-04,590.0288696289062,604.8593611634338,585.8493455253849,598.6125673936617,81444
2016-11-07,590.4781494140625,595.5115053152817,581.534904592562,581.534904592562,97020
2016-11-08,589.2647705078125,596.005902209135,587.8266843553184,595.0621547428439,47036
2016-11-09,578.4789428710938,590.3433452904027,532.0999800658944,545.5822430743209,92824
2016-11-10,591.0623779296875,594.1183794348642,584.2313867362508,588.7254743265296,37311
2016-11-11,574.7937622070312,588.3658838274774,570.7490836613993,586.9277978439271,42643
2016-11-15,567.6482543945312,575.2432742213801,546.4811105103112,575.2432742213801,78118
2016-11-16,548.3687133789062,573.4457517388668,541.9871289945715,566.7495482113985,208808
2016-11-17,547.919189453125,559.0645496864839,537.4929271905424,543.7846504185254,33889
2016-11-18,541.2229614257812,546.0765428473984,529.4933495564109,545.582204210863,105161
2016-11-21,548.4584350585938,574.7488462426908,541.2229653456327,550.0762955441836,207049
2016-11-22,567.962890625,596.0059572024519,548.5034667078784,550.0763975833208,67065
2016-11-23,579.197998046875,584.2313539214897,559.0195349280013,583.781945187704,36803
2016-11-24,584.0966186523438,592.9050753703339,568.9515634336426,579.1981064250526,84339
2016-11-25,583.2427368164062,586.9727967759304,570.8390105968188,585.1302317492286,72532
2016-11-28,584.1416015625,592.3208200780581,581.5350084833135,584.1416015625,91444
2016-11-29,584.3663330078125,592.9500308272135,582.1642187334378,592.9500308272135,44870
2016-11-30,594.9273071289062,605.5333423349622,576.8161131100634,591.4218970415609,86709
2016-12-01,584.1416015625,603.1066316728027,574.3444674201504,599.5113611412212,123110
2016-12-02,566.389892578125,582.7933126195067,563.6035252992501,579.6923811466394,50395
2016-12-05,560.9970092773438,582.2540119307369,554.5704416963929,573.3557508872715,51116
2016-12-06,566.7493896484375,572.1872248009637,562.8395552878901,566.614599932935,18908
2016-12-07,567.5582885742188,575.1533069825508,559.6037212428616,572.4118698782771,21434
2016-12-08,575.6477661132812,579.198106748395,563.5586579337172,563.5586579337172,33368
2016-12-09,573.0411376953125,582.2540178989653,570.7491638360541,581.5349748061843,24451
2016-12-12,573.4456176757812,582.2540190130134,568.1875567615709,575.1983229336752,8384
2016-12-13,562.2103271484375,577.9396328640213,555.6489705932584,571.6479105777878,18200
2016-12-14,568.232421875,570.6592400430942,561.7159951444597,565.3561949668684,60713
2016-12-15,555.064697265625,573.4455248247691,550.0762714620042,567.1538027655632,80800
2016-12-16,561.716064453125,571.5131432790937,557.1770465905844,559.1094714955021,60651
2016-12-19,561.1766357421875,566.2549761226276,557.2668018984589,562.7046363321886,28654
2016-12-20,564.9517822265625,566.2550786970453,560.0532154151462,563.1990769634631,21545
2016-12-21,562.47998046875,568.4122088838039,558.4353017191768,566.210095037143,11529
2016-12-22,557.2670288085938,565.8057977984029,553.3571933728432,565.5361634337794,21905
2016-12-23,552.3234252929688,561.7610102654279,545.2227441794242,554.5704693340305,17538
2016-12-26,546.3013305664062,552.6379837239045,537.9872677015999,546.031696256199,29969
2016-12-27,546.840576171875,553.7164969706023,541.986939841449,546.3012527687914,50965
2016-12-28,547.919189453125,554.8850258841061,543.9644249112195,548.9528516415114,56972
2016-12-29,540.7286376953125,551.3347290957579,540.1893690875994,550.0763625317984,39358
2016-12-30,534.8862915039062,550.5257385090109,528.5047089686504,548.2786946783618,52118
2017-01-02,540.6387329101562,550.975134287491,534.7964190881845,534.7964190881845,15725
2017-01-03,541.0880737304688,543.829455823158,539.3353688320411,541.4026378760628,36777
2017-01-04,544.00927734375,545.5822079267348,542.8857554987609,543.7845729747521,25212
2017-01-05,543.8744506835938,548.2786784047299,541.0881383600778,548.2786784047299,36530
2017-01-06,545.2227172851562,547.3799014019572,542.3914748487597,547.334971495247,26242
2017-01-09,546.4810791015625,551.8739844874332,542.8858088443153,547.3798966658743,12093
2017-01-10,543.8744506835938,552.6379213630136,543.7396609734367,552.6379213630136,15065
2017-01-11,544.998046875,550.0763884177444,542.8858473926759,550.0763884177444,25378
2017-01-12,541.53759765625,545.5822768088693,540.1893712720436,544.9980234319244,19216
2017-01-13,540.4141235351562,547.7395094819599,538.3917837797233,547.7395094819599,19139
2017-01-16,540.4141235351562,545.043056474716,530.3024247579912,536.5941484415606,34056
2017-01-17,541.2678833007812,542.3464752205231,534.3919078144584,542.1217708563878,18908
2017-01-18,539.3353881835938,540.5038398713165,536.5940059925427,537.492823423016,40013
2017-01-19,535.8750610351562,542.885827303271,534.7964689494142,542.885827303271,12478
2017-01-20,533.4483032226562,541.0882536479176,532.1000766770219,541.0882536479176,12791
2017-01-23,530.0777587890625,535.6504397134677,528.1003488017599,531.2911407865423,15684
2017-01-24,525.6734008789062,536.4592110419776,524.5049490831336,529.4035155040887,40629
2017-01-25,530.6170043945312,539.2906170966266,517.7189924127616,539.2906170966266,121127
2017-01-27,518.3930053710938,521.3141623151008,515.0224396664703,521.3141623151008,52210
2017-01-30,505.0905456542969,513.2248337105649,499.3830211553182,513.2248337105649,108622
2017-01-31,503.5625305175781,509.6295489575489,501.5401910375879,505.090531318798,41408
2017-02-01,499.2931518554688,502.4390132983025,494.799064079992,500.596448282251,69860
2017-02-02,498.4393005371094,504.7759537905116,495.33836877411176,499.2931882485832,48868
2017-02-03,502.25921630859375,506.93307835754257,498.1246776842164,498.8437207241776,75170
2017-02-06,498.8886413574219,508.730703933686,497.9448939562933,502.8883901959316,80082
2017-02-07,502.25921630859375,506.07919074657167,499.3380593854341,499.7425382389959,44059
2017-02-08,496.2821044921875,504.641096269004,495.2484424235604,501.6300247287888,37858
2017-02-09,501.675048828125,503.113134996878,496.28214340609503,496.28214340609503,21601
2017-02-10,501.1357116699219,505.9893483608458,498.8886678055069,505.9893483608458,24291
2017-02-13,499.6976318359375,505.5848758629813,498.03478643963945,501.13571798349307,42900
2017-02-14,504.056884765625,505.0905469200021,495.7877521090211,495.7877521090211,46209
2017-02-15,490.215087890625,504.1916890849827,486.260268935166,500.1919402262844,43890
2017-02-16,494.080078125,496.10241785775327,484.82226720918015,490.7544418147993,30285
2017-02-17,497.0460815429688,501.4503092725793,493.4508115137248,496.14726403565777,33474
2017-02-20,522.347900390625,524.8196489335637,497.0910914543665,502.2592929532382,106950
2017-02-21,531.6055908203125,535.7401291391068,515.1572424867253,521.3141200643901,73385
2017-02-22,524.2802734375,533.9874921443671,521.3591163582431,532.9988147690223,33700
2017-02-23,519.112060546875,527.516037482469,514.1236341593554,519.5614693179933,35005
2017-02-27,517.4492797851562,523.9657070891274,511.4721210728981,519.1120703258298,32029
2017-02-28,521.314208984375,523.1118441877694,513.7191892781391,518.572826271093,25227
2017-03-01,518.52783203125,528.4148244232799,507.4723330144073,528.4148244232799,51669
2017-03-02,537.2232666015625,544.6834413779138,523.6960732950116,526.7070901773226,121604
2017-03-03,541.2678833007812,553.132284699013,538.3916564679579,539.2006141226301,155294
2017-03-06,529.2687377929688,541.4477605281886,527.0216937251384,534.3920092395168,31392
2017-03-07,528.7744140625,534.796503306927,526.0330311939143,529.268752799544,15301
2017-03-08,543.2003784179688,563.5586183946748,526.7520278003533,526.7520278003533,258967
2017-03-09,540.5038452148438,551.8739077665222,539.5151679753338,545.1327769713286,51708
2017-03-10,561.2218017578125,582.4338778338972,542.9308283885448,543.784716187512,697110
2017-03-14,553.17724609375,569.6255955130013,547.8742008544575,569.6255955130013,66901
2017-03-15,548.0090942382812,557.2669044204689,545.6721355943832,556.368086832694,26033
2017-03-16,543.2903442382812,555.9187213586893,539.6051589255533,550.9752242407058,33144
2017-03-17,545.0878295898438,552.7727074780117,534.5716549147113,540.0094892765459,87959
2017-03-20,539.9197387695312,555.2894976570052,537.582780113422,555.2894976570052,27624
2017-03-21,537.1783447265625,542.9756741878502,533.9874984531765,539.695022960377,31561
2017-03-22,531.4259033203125,536.639034402131,530.3922411417357,534.7964693033166,35793
2017-03-23,539.0209350585938,555.4692864525263,528.5946178017294,528.5946178017294,115453
2017-03-24,541.1331787109375,549.8966511790176,539.3355433328697,543.7847018654829,47198
2017-03-27,526.1228637695312,546.4811044908155,524.9094819451253,546.4361745824066,45998
2017-03-28,532.8190307617188,535.3806936857351,526.3475334529794,526.3475334529794,26627
2017-03-29,532.2349243164062,537.9873246949597,525.5387214629332,532.1000797172809,35599
2017-03-30,545.4924926757812,548.2788056459277,525.179179419769,533.4483133620624,79925
2017-03-31,563.963134765625,566.2551087577496,534.9313361932734,544.6385556572257,102983
2017-04-03,558.2555541992188,571.6479575381614,552.1436058766794,566.2550522783674,45750
2017-04-05,563.6035766601562,574.2096135856513,553.4020186348464,557.26692342217,59891
2017-04-06,556.5029907226562,569.805481467513,554.7502852678102,555.2446240218751,14693
2017-04-07,558.075927734375,569.7605577477066,549.087750801043,556.5479266838129,140948
2017-04-10,558.4352416992188,568.9514162897364,551.7840258304653,568.9514162897364,30627
2017-04-11,566.2101440429688,568.9515266830545,558.1207858436836,558.4353500520895,35895
2017-04-12,560.412841796875,568.9516100359614,557.3119097276268,566.2551569078288,44171
2017-04-13,563.333984375,566.2551418528121,556.8175561552653,566.030437431442,58272
2017-04-17,546.7506713867188,578.8384669389218,544.6834021195444,564.4573870149735,239112
2017-04-18,549.626953125,559.918425443225,547.379909162919,551.3796583873175,29397
2017-04-19,544.7283325195312,566.1651627164098,541.9869501284201,555.3793527636054,126751
2017-04-20,549.267333984375,553.4917870653538,545.3125700319735,546.6607962370009,28142
2017-04-21,546.5709838867188,556.9973014063075,542.8858535136118,556.9973014063075,25034
2017-04-24,545.2227172851562,551.7841294489798,540.683699518003,551.7841294489798,21528
2017-04-25,549.8067626953125,566.1652547549404,544.189152431668,551.6043979796788,119152
2017-04-26,564.1428833007812,569.8503530635437,551.199888038199,552.772818823469,110410
2017-04-27,552.3234252929688,567.9628737625477,550.9751988683317,564.1428988927428,17373
2017-04-28,550.390869140625,561.7609323552823,546.3911751898282,561.7609323552823,17648
2017-05-02,558.390380859375,564.2776246072061,545.672091085954,552.7727713939889,52778
2017-05-03,543.8744506835938,564.4124636018117,532.0999633042625,559.8284614076658,181220
2017-05-04,537.0435791015625,542.885894188023,531.6506728679067,540.1894410711951,49137
2017-05-05,532.1898803710938,542.3015783968368,530.3023853500775,539.2905613729602,25474
2017-05-08,525.8982543945312,539.7400699729343,524.9545067095227,539.7400699729343,36034
2017-05-09,532.14501953125,536.5941782119385,526.7071833035108,526.7071833035108,49907
2017-05-10,539.8297729492188,544.6834094325031,532.9987818374165,541.7622525337315,60573
2017-05-11,547.649658203125,550.0764771625034,540.0996218244277,540.1894816579485,54877
2017-05-12,538.796142578125,555.4242657488903,528.369827025642,555.4242657488903,35409
2017-05-15,538.97607421875,556.3232454513176,530.3024611727259,556.3232454513176,51799
2017-05-16,545.6720581054688,546.4810157633779,535.0210931466294,538.9759119150184,52993
2017-05-17,547.829345703125,552.7728426700933,539.2905782147252,539.2905782147252,26335
2017-05-18,543.1554565429688,550.4808418166369,540.5489184578358,542.8858222389166,29739
2017-05-19,539.6051635742188,545.5373930825904,533.8976933417133,542.4813910759011,26890
2017-05-22,539.24560546875,548.2787109643839,532.0999949031398,548.2787109643839,19941
2017-05-23,532.998779296875,546.4810418423272,530.9764399150572,544.2339980847518,36747
2017-05-24,518.7974853515625,532.9538613416522,512.3259882127708,532.9538613416522,31905
2017-05-25,512.685546875,524.5049646129747,492.55201203068793,524.5049646129747,50096
2017-05-26,501.675048828125,513.1799027565614,497.0461163970943,512.3260150928459,28402
2017-05-29,480.7776184082031,506.9331920095867,473.2724575611677,506.9331920095867,184319
2017-05-30,484.2828979492188,489.8555778804873,473.0476782730608,473.0476782730608,37025
2017-05-31,482.6200256347656,495.2483994398793,478.9798260481616,489.8554949087735,52839
2017-06-01,478.665283203125,489.675798372863,475.0700129436187,482.6650323387199,37512
2017-06-02,482.5752258300781,489.271373540472,479.0698149960724,482.7549454753285,81113
2017-06-05,493.4508972167969,496.0574903845013,482.665085255774,485.3615382460297,31491
2017-06-06,492.7317810058594,502.7985483155502,487.6534400166654,498.6190248565167,22290
2017-06-07,497.0910949707031,499.7426180346889,491.2038502804991,495.1136851504692,34178
2017-06-08,499.02349853515625,499.7425415799244,492.5520014133068,497.04608901744285,47289
2017-06-09,495.2035217285156,500.1919479736096,489.90047643694015,499.2931304570353,32402
2017-06-12,494.125,498.7988627226909,490.7544338335607,490.7544338335607,91501
2017-06-13,492.4620971679688,495.8326625669296,490.9340965485472,494.4844364073453,19451
2017-06-14,483.2492980957031,496.82142172969526,480.8674095438932,494.3496733628809,33211
2017-06-15,477.541748046875,483.6536963471958,467.2952610061965,483.6536963471958,73098
2017-06-16,469.452392578125,479.7887943411448,467.3401932920783,477.2721161881295,83676
2017-06-19,470.4860534667969,473.6768447699186,467.4749817845514,471.8792096854028,20441
2017-06-20,469.8119812011719,478.17097409981903,467.5649371499509,473.6319560882475,39907
2017-06-21,479.5640563964844,485.3614401254312,469.677064097633,479.96853523514864,61698
2017-06-22,471.3849182128906,489.8556095840264,465.5875335128912,489.8556095840264,87086
2017-06-23,460.1047058105469,475.69919604155,452.1052349719407,469.6321774807933,116237
2017-06-27,453.2287902832031,465.5875327054025,447.7010673403123,460.2844867404508,86590
2017-06-28,454.0376892089844,457.58802957619673,447.6111490806213,453.9028720596662,68560
2017-06-29,454.0826416015625,457.0936584792499,452.9591196532508,455.70050223523737,83733
2017-06-30,454.9814453125,462.621394328492,448.2403138278012,454.8016708343477,96848
2017-07-03,463.96966552734375,476.32840777867546,454.8466447580258,460.1047333109033,48843
2017-07-04,460.2844848632813,467.2053915633824,457.49817216324766,467.2053915633824,27022
2017-07-05,468.4637145996094,470.8006182686998,460.1945822283008,460.6439910000081,21617
2017-07-06,457.408203125,468.3288298548582,455.7004554249359,465.5874475544709,41037
2017-07-07,465.0482177734375,467.2952616264992,456.3296766516643,462.8461038255432,29183
2017-07-10,464.8684997558594,471.7894066357911,460.4642713251367,466.4863605546741,17878
2017-07-11,487.1516723632813,495.4852562869447,475.5571472589506,475.5571472589506,217988
2017-07-12,477.82171630859375,487.1516837876343,472.83968893476,487.1516837876343,47033
2017-07-13,489.416259765625,493.67363982705007,477.8217339610439,477.8217339610439,64373
2017-07-14,490.186279296875,493.6736767332844,486.4270906527959,493.6736767332844,34143
2017-07-17,494.5341796875,502.7318684672569,489.0992405689351,498.2027525351194,46872
2017-07-18,500.7843322753906,509.0726366415858,489.0539661055576,494.4889052867844,115197
2017-07-19,493.6283874511719,506.8986647921344,490.9561978262547,503.59244312661247,131598
2017-07-20,506.7627868652344,523.5657957224442,487.287588581441,496.3458203413449,575257
2017-07-21,489.6427001953125,497.296916987782,487.24230198318025,497.296916987782,152084
2017-07-24,493.9000854492188,495.93818758999953,489.1445137873968,490.231512653225,50369
2017-07-25,492.0431823730469,498.157489085824,490.9561834555853,498.157489085824,22952
2017-07-26,493.1753845214844,497.47804413018,489.5973723157901,492.0431056770908,35705
2017-07-27,492.8583679199219,495.5305573463881,489.1445150133479,493.9906468898602,28466
2017-07-28,491.36376953125,498.2027231276823,489.1444917980881,492.7677843299258,31005
2017-07-31,480.4486389160156,498.2027512078724,475.6477318110921,498.2027512078724,152022
2017-08-01,475.1948547363281,487.7858200235345,473.74555965145504,482.8037921495708,38458
2017-08-02,488.6915893554688,492.7677935298888,471.4809495079175,471.4809495079175,57477
2017-08-03,480.5391845703125,493.67362034084886,477.09706763268696,489.1445045579053,84297
2017-08-04,481.716796875,483.5284433884728,475.6024898920293,475.6024898920293,29472
2017-08-07,480.4486389160156,491.4996375313426,475.5571716075145,480.9921107116004,33356
2017-08-08,480.8561401367188,497.0251146222958,479.3615652883879,480.0862126651893,97056
2017-08-09,476.598876953125,481.445008736211,474.7418952485788,478.274627681504,47421
2017-08-10,474.3343200683594,484.6153908242945,471.29977930872,484.6153908242945,72666
2017-08-11,466.49896240234375,474.6060913500494,461.9245661585293,462.1057142180038,294795
2017-08-14,471.9339294433594,476.372485635484,464.73262330134986,467.5407086449412,35903
2017-08-16,466.7706604003906,478.2293454182628,464.7325583030104,472.8396865922234,25398
2017-08-17,466.9971008300781,476.4629635395585,465.1401744820595,465.6383661431783,21891
2017-08-18,469.171142578125,475.2854492443376,462.8756602125383,464.6873066321569,120086
2017-08-21,469.0352478027344,476.23655339073406,464.8684831451435,471.0280699252149,51244
2017-08-22,463.3285217285156,469.9410193878557,460.3393165167104,469.1710918575766,13854
2017-08-23,458.12005615234375,465.7742727945052,457.44068879275056,464.6419938618498,14018
2017-08-24,462.1510009765625,473.7455267105365,460.1581789081311,469.21641077640135,77286
2017-08-28,467.8123168945313,470.1221545734648,461.1092043291453,462.15092293290473,29304
2017-08-29,459.3429260253906,469.21639285601015,458.34651502923,467.7670979272625,13132
2017-08-30,458.754150390625,464.64200092999886,457.3954156507695,460.24875307576025,14075
2017-08-31,470.3940124511719,473.1567623637208,453.81745768881376,461.9698671083733,22346
2017-09-01,470.484619140625,484.0719679188056,466.6348703201405,472.83973748068416,27487
2017-09-04,464.7778015136719,477.323484378468,462.8755951552525,477.323484378468,24390
2017-09-05,457.4859619140625,467.4047362702316,456.2631228002711,467.4047362702316,27906
2017-09-06,458.7088317871094,465.5930931681061,450.2846876568488,457.440684921972,22279
2017-09-07,458.0294799804688,464.3702698084424,454.2250392559199,464.3702698084424,20305
2017-09-08,452.2775268554688,461.5622149460096,448.3824980309958,455.6290838577594,31654
2017-09-11,453.545654296875,456.5348595819647,450.28468548544106,450.28468548544106,20161
2017-09-12,453.5909423828125,456.53486762044434,449.74119399514007,454.7232213203632,26822
2017-09-13,460.70166015625,466.4536426941672,453.81739867951177,454.7232218305687,24516
2017-09-14,456.1272277832031,467.26884126702817,453.81738985035815,467.26884126702817,25361
2017-09-15,440.2301025390625,455.6290978953672,425.6010624792795,455.6290978953672,251090
2017-09-18,443.2192993164063,447.47667959261497,441.5435484408542,441.5435484408542,28689
2017-09-19,437.4673156738281,447.3407828034076,430.3565981847974,444.7591812126729,42527
2017-09-20,435.4744567871094,442.9474973872002,432.9834432537458,435.8820882408889,30959
2017-09-21,453.2286376953125,456.53488680317713,434.79513028874015,434.79513028874015,123596
2017-09-22,443.80804443359375,454.7232018672185,439.3242089753008,453.81737875592927,29658
2017-09-25,439.0072021484375,453.0474615500588,434.7951298566571,448.3824776646777,36026
2017-09-26,446.0273132324219,448.3824589495495,437.6031690004782,439.00718382462594,21882
2017-09-27,450.7376708984375,460.1129474009719,449.3336282244499,450.1941714002336,83734
2017-09-28,452.91162109375,454.99500349336864,448.880696608603,450.7376508412063,37923
2017-09-29,458.4823913574219,460.1581697484005,449.1977038772622,451.0999380604398,41596
2017-10-03,455.5384521484375,461.9698019792066,452.9115705678497,460.1581556969352,39098
2017-10-04,453.3192138671875,461.9698140333413,452.9115823856287,453.8174055504,20505
2017-10-05,454.8138122558594,460.9733986605961,435.1574387089453,460.9733986605961,38964
2017-10-06,455.0855407714844,457.4406864681449,451.6887039907804,455.6290401851027,21822
2017-10-09,454.6326293945313,461.9698023726855,452.7303952678204,457.4406866631493,15982
2017-10-10,453.5909423828125,458.1653382331058,452.0057518702415,456.53486762044434,183174
2017-10-11,447.8389587402344,458.3465127833408,445.8008566576997,458.3465127833408,15305
2017-10-12,447.0237121582031,452.3680630666473,443.9439190621106,452.00573934537664,12942
2017-10-13,449.19775390625,452.00581157096855,444.9404011248674,444.9404011248674,21989
2017-10-16,451.1452331542969,456.9425237420755,444.3968669086166,449.2883066539658,18131
2017-10-17,453.1833190917969,454.4514936395783,450.1941137000932,452.911583199289,239580
2017-10-18,452.8663024902344,457.1689625248496,448.744790502538,457.1689625248496,16630
2017-10-19,453.9986267089844,456.53492076694346,446.57086495655386,454.45153833672936,4350
2017-10-23,448.7900695800781,452.91155366098207,446.5707919097283,447.2954393381749,51661
2017-10-24,448.2466125488281,452.91159646369823,444.1251004348904,452.91159646369823,60367
2017-10-25,444.9856262207031,453.77212190781614,442.5852003815008,452.9115788505884,22101
2017-10-26,448.7448120117188,450.4205904763349,442.0870058998029,445.7556064807511,17031
2017-10-27,453.9079895019531,458.3465174425527,446.1631849234764,448.7900941936028,236076
2017-10-30,465.5025329589844,468.5370183579346,453.9079802008392,454.7232154967292,41067
2017-10-31,457.2142333984375,469.2163900948799,454.7232197444589,469.2163900948799,10138
2017-11-01,457.8030090332031,467.4047398376434,454.13443637677256,466.4536365988735,66824
2017-11-02,465.4119262695313,469.2163945802966,460.24875086895423,464.6872788024945,26816
2017-11-03,458.8447265625,465.5931203960809,457.4407116731923,461.9698276303527,10866
2017-11-06,466.2272033691406,474.65134791401954,461.9698233514312,461.9698233514312,39534
2017-11-07,466.8159484863281,473.7455178507855,461.06399347237056,463.7814629820309,136177
2017-11-08,467.0877075195313,471.0280159225227,460.6563302837408,464.6872541697195,346370
2017-11-09,466.9065551757813,470.3033919988366,462.4679996121658,469.21639315804737,20155
2017-11-10,464.5513916015625,471.0280493955752,463.3738325354853,471.0280493955752,9545
2017-11-13,466.7254028320313,467.4047702306223,463.0568299370518,465.4119481373432,274396
2017-11-14,466.6801452636719,469.1258790741065,465.5931463160273,465.5931463160273,293803
2017-11-15,466.0912780761719,477.27822684611175,463.4191164425937,466.49890953997726,333282
2017-11-16,467.0877075195313,482.0790688919621,463.0567836335525,465.5930772772628,242662
2017-11-17,467.4953002929688,475.9647798215541,463.781447534953,475.5571483512702,31677
2017-11-20,466.86126708984375,471.3903827764466,459.6146543477509,467.3594587579588,34668
2017-11-21,467.6311950683594,470.1222086982635,463.4191230046818,463.4191230046818,113947
2017-11-22,465.6383666992188,471.0280253544355,463.23794094486806,468.31055597739066,18795
2017-11-23,465.8648681640625,470.8921759471697,463.3738543241655,469.9410726293486,12384
2017-11-24,466.9518737792969,469.48816775890094,463.9626681859398,463.9626681859398,13390
2017-11-27,466.63482666015625,470.7110309122265,465.6836681050264,470.7110309122265,10848
2017-11-28,464.64202880859375,468.22004156230616,462.5586188296929,465.59313212614734,29263
2017-11-29,465.68365478515625,469.21638715072777,459.252332597334,462.0150821206363,33068
2017-11-30,468.8993835449219,472.8396921984186,459.7052563040181,469.6693111204599,23026
2017-12-01,463.9173889160156,471.0280791498959,462.87567008768616,464.9590524572829,22851
2017-12-04,463.6908874511719,466.0007531818469,461.9698289113845,461.9698289113845,9600
2017-12-05,466.8159484863281,467.8123871454388,464.5061104605286,466.4989324916913,10158
2017-12-06,465.9554748535156,467.4047698545194,465.1854919634958,466.49894665712696,15583
2017-12-07,468.4011535644531,470.3034154524629,465.5931237655164,466.4989469635038,17936
2017-12-08,469.2164001464844,471.0280464790963,466.0460190644136,469.2164001464844,20723
2017-12-11,469.7599182128906,485.4759848689043,464.68733009664174,466.4989766077397,73518
2017-12-12,475.3306884765625,484.2530242111809,471.0280285999285,473.74549799569735,274110
2017-12-13,473.1114807128906,483.709623981126,466.9971736681854,473.29265642348,50831
2017-12-14,475.73834228515625,480.0862824651648,473.9266959362311,480.0862824651648,17514
2017-12-15,478.455810546875,484.5701169583742,469.17112303311694,480.0862811991963,30815
2017-12-18,478.4105529785156,481.897950240431,459.75056158268313,476.4630109520051,18435
2017-12-19,478.3198852539063,480.9920745030007,476.46295892387633,480.9920745030007,27230
2017-12-20,478.9992980957031,483.2566782019421,473.3379030839653,473.3379030839653,15098
2017-12-21,478.54638671875,484.6154132315857,478.2746508154716,479.0899138123676,19342
2017-12-22,478.72760009765625,482.4867887979227,477.5500408993891,478.72760009765625,76425
2017-12-26,480.4939270019531,484.6154115002912,479.27103251097776,479.49748831074425,28251
2017-12-27,487.1516723632813,498.11216550091206,484.7512742207797,489.144494323492,66843
2017-12-28,487.9669189453125,493.2206819100842,480.08624685462746,485.9288169539485,27857
2017-12-29,480.6297912597656,492.76784484692325,476.5083065560505,488.1934485211062,25098
2018-01-01,481.1732482910156,487.3328343969866,479.9503539172287,482.71315863927214,9061
2018-01-02,476.87060546875,481.5808968774559,472.8396814184039,481.1732654050285,9263
2018-01-03,474.6966247558594,483.6642963212152,472.6132425065819,479.18046053853726,14042
2018-01-04,475.5118713378906,481.89791345692913,472.7037864143096,478.2746208745462,97894
2018-01-05,477.23291015625,480.0862752276148,475.55715942358063,476.4629825843874,23478
2018-01-08,488.7368469238281,490.7296688190831,473.8360457379927,478.2293209845636,71856
2018-01-09,507.1249694824219,509.9783339631088,481.8978217910725,489.2803011382169,120598
2018-01-10,513.6921997070312,524.3356199264048,507.7590701315135,510.8388904374706,106606
2018-01-11,512.1976928710938,523.0675702815884,508.16676894062425,519.9424694686601,69700
2018-01-12,500.8296813964844,519.9425292596719,499.1085951604168,519.9425292596719,80619
2018-01-15,494.2171325683594,502.73189305199287,490.9109109484531,502.73189305199287,16164
2018-01-16,488.5104675292969,520.8483686025552,485.9741734874276,490.9562013610173,73574
2018-01-17,497.5232849121094,499.51610657817935,480.0861920863322,486.51751329946177,50383
2018-01-18,489.9143981933594,507.3062126526692,487.42338468527487,491.86193995995615,16383
2018-01-19,495.5305480957031,503.6376764265273,490.09560914146,503.6376764265273,24822
2018-01-22,498.4292297363281,501.82606683130535,491.2279240375639,498.2027739299963,30293
2018-01-23,496.300537109375,503.59240257268993,493.8095233911144,499.108566822409,466217
2018-01-24,498.8368225097656,502.2789394413117,484.6153879190293,501.8260278638173,38389
2018-01-25,500.9202270507813,503.63769663695183,491.22790780269406,497.84040607163047,467450
2018-01-29,507.6686096191406,511.7448139077084,502.7318622566857,502.7318622566857,51001
2018-01-30,502.9583129882813,507.66860450951833,497.38747840181816,507.66860450951833,175468
2018-01-31,513.6921997070312,522.5693093111261,492.3147990833641,492.3147990833641,488735
2018-02-01,499.5162658691406,519.9425700642515,494.2171664340509,519.9425700642515,43746
2018-02-02,484.7966003417969,505.3587985755088,461.9698440490211,497.3875099779546,91798
2018-02-05,474.3343200683594,475.3307034299973,464.3249299160802,471.4809549982155,26037
2018-02-06,469.80517578125,477.3234964994707,448.3824372214054,448.3824372214054,127794
2018-02-07,484.7966003417969,488.6916291459743,473.33791444810913,473.33791444810913,23156
2018-02-08,490.7297058105469,496.39110066299895,476.5082708837754,476.5082708837754,401775
2018-02-09,493.9000854492188,502.5506857004544,482.44140018733856,502.5506857004544,19361
2018-02-12,505.9927978515625,508.48381155529967,495.0776397707806,501.8260334074074,29069
2018-02-14,508.4385070800781,519.9424717814339,502.6865523729281,519.9424717814339,18592
2018-02-15,522.7958374023438,533.8921706558691,505.26812680515394,507.260948732586,241719
2018-02-16,522.1617431640625,529.9065197023006,502.7771064823529,522.1617431640625,36406
2018-02-19,502.55072021484375,525.3774768167062,495.3041343277167,516.862716284507,21968
2018-02-20,517.2703247070312,520.8483373864896,498.7009492002086,506.264606054492,136644
2018-02-21,508.0309143066406,521.7541577583376,503.909429847038,520.8483345677848,28100
2018-02-22,510.6124877929688,515.7303550882827,500.0143465638247,511.6994865603009,14234
2018-02-23,508.9820556640625,515.3228177833803,502.8677493347203,514.5075548246448,19400
2018-02-26,516.63623046875,518.0855807342332,509.0726290031884,509.0726290031884,20387
2018-02-27,508.8009033203125,521.7541640438501,507.0345370200436,518.13087123799,209274
2018-02-28,500.6936645507813,510.8388932345478,498.2479313870177,510.8388932345478,28789
2018-03-01,501.2825927734375,503.6377110339514,492.45081636591766,498.2027717062469,369787
2018-03-05,496.9798889160156,507.215679362028,495.9834502876959,507.215679362028,128934
2018-03-06,498.9726257324219,503.0941650109982,493.67358278432897,493.67358278432897,195796
2018-03-07,491.0466918945313,500.0596430080078,482.2149164627084,498.97264420514153,21375
2018-03-08,493.1753845214844,503.6376299862706,482.9848749219421,494.5793992311218,22387
2018-03-09,482.3961181640625,498.20274353921855,472.839694777222,498.20274353921855,31020
2018-03-12,492.08837890625,493.67356926627934,483.9359713403848,487.19691225191,13738
2018-03-13,491.1373596191406,493.6736535709,489.1445374830935,493.6736535709,7861
2018-03-14,489.2351379394531,498.112250431524,489.0540175106893,498.112250431524,20090
2018-03-15,489.2351379394531,493.67369418548856,488.0122986099669,490.9109442020472,22579
2018-03-16,485.8836059570313,495.48531014483,481.1280339675242,489.1445474921538,43245
2018-03-19,490.0050354003906,493.0848008837924,477.504687208457,493.0848008837924,27972
2018-03-20,484.8418273925781,495.4852491055399,475.2854044864364,488.2386641094808,42405
2018-03-21,491.2731628417969,505.3134216540539,465.4119229901801,481.58089937523954,309618
2018-03-22,490.6844482421875,495.39474003314393,484.6154216242472,491.2732001616436,266811
2018-03-23,482.6225280761719,487.74045061536407,479.6786030533038,481.9884408599896,39230
2018-03-26,483.57366943359375,488.6010321761064,480.1768326005759,481.3091115449152,37687
2018-03-27,489.9597778320313,491.86198438610415,482.7131924267112,489.1445148591091,23122
2018-03-28,496.70806884765625,501.8259914164543,485.5211758108655,493.6735836136599,29525
2018-04-02,492.8130798339844,496.88928405971967,490.0956103501609,491.0920489997977,5913
2018-04-03,489.68798828125,499.5614830437193,485.5212237741315,485.5212237741315,7993
2018-04-04,498.0216064453125,502.73189835215067,489.00865414717214,495.4853124299575,23518
2018-04-05,498.7008972167969,503.54708397956085,495.7569721384367,500.9201748717408,208710
2018-04-06,489.86920166015625,508.8009296658788,486.3365241637581,498.2027866025572,86993
2018-04-09,486.1552734375,516.3191718961258,481.44498221542256,494.5794172899732,284066
2018-04-10,477.731201171875,497.29696113447153,476.46302651499457,489.1445519355458,47957
2018-04-11,482.9396667480469,486.83469549542286,474.0172749532138,475.55718546833305,44617
2018-04-12,452.0509948730469,483.8454180025155,448.8806141080802,483.2113307921116,92469
2018-04-13,460.248779296875,461.9698378700377,452.0510626465922,453.8174289664488,88974
2018-04-16,457.8030090332031,464.64199032043297,453.95326069151713,457.4406853062207,16131
2018-04-17,459.8864135742188,462.8756188420103,457.4406800689143,459.25232632661294,11386
2018-04-18,452.0509948730469,462.6944160125777,450.4658044905635,462.6944160125777,11870
2018-04-19,453.545654296875,457.3954026167626,452.0057439115087,453.8173901796911,12921
2018-04-20,453.3192138671875,457.3954181086581,451.3716719481059,454.7232287151712,26149
2018-04-23,457.7124633789063,460.2487849886181,454.72325780136936,458.2559628412396,18727
2018-04-24,470.0316467285156,481.897907678714,465.6383713528197,468.3105606576976,91152
2018-04-25,471.028076171875,475.5571922889122,465.18550532348456,475.1042806772085,54217
2018-04-26,471.028076171875,472.7491624111739,465.5931368314303,465.5931368314303,419112
2018-04-27,479.8145446777344,480.99210374247934,471.9338720335814,471.9338720335814,26427
2018-04-30,483.7547607421875,485.8381425789621,476.2817210130485,480.086188659838,19797
2018-05-02,484.3435974121094,485.9740678498149,479.3615706214776,479.3615706214776,16528
2018-05-03,471.028076171875,484.6154245229868,467.4500633820032,483.0302338820237,10436
2018-05-04,466.9971008300781,481.1732548448893,462.8756166705597,480.08625603795815,22710
2018-05-07,457.2142333984375,466.9518322276266,455.6290428913602,463.1926716966919,9150
2018-05-08,456.806640625,461.1998887883675,452.9116118207539,456.53490471532,13384
2018-05-09,454.2703247070313,459.2523521963407,451.0999435774707,456.5801627582992,7732
2018-05-10,450.7376708984375,466.4989904851516,448.8807165832022,466.4989904851516,12601
2018-05-11,442.5398559570313,452.05099832455073,441.2264290733469,448.3824258973468,14952
2018-05-14,438.9165954589844,446.7066800632055,436.3350216011074,442.04169637808513,10824
2018-05-15,435.9274291992188,445.07624934592417,434.8857380139944,438.9166347991724,10510
2018-05-16,436.8332214355469,447.4766436270817,424.0158291761491,435.97267837116,136535
2018-05-17,431.0812377929688,444.9403487745929,430.26600247488005,444.9403487745929,19253
2018-05-18,421.4794921875,437.4219848365805,415.4104937902924,427.54851822823576,22824
2018-05-21,402.6836853027344,420.1207815909648,398.516920772059,410.9266818040584,43554
2018-05-22,396.3428955078125,405.9899338605953,389.5039420021624,398.6074533101506,23999
2018-05-23,382.5291442871094,395.844757010552,379.08702702269113,394.214286231308,35018
2018-05-24,381.079833984375,385.8806859208133,377.003629555634,377.003629555634,37959
2018-05-25,383.3443298339844,388.0999008963119,380.4456849862029,380.4456849862029,13873
2018-05-28,386.0618591308594,387.6923298344332,381.351567430599,381.351567430599,20467
2018-05-29,398.5169067382813,403.815950062106,385.6089268236264,387.647028915414,37487
2018-05-30,390.0927429199219,396.6599609072725,385.0201276354693,389.59455123346567,22150
2018-05-31,387.2393798828125,393.89718527616986,386.4694247098955,390.0927171532435,30286
2018-06-01,380.44573974609375,387.87350096045327,378.6340933663504,387.692325265067,98651
2018-06-04,381.5780029296875,392.7649243899817,378.5887975843264,381.7138708738351,13599
2018-06-05,378.7699890136719,384.9748838467315,376.8677546471346,382.3026941837943,7035
2018-06-06,389.3228149414063,390.4098138796903,376.8677454730867,377.1847891337138,21395
2018-06-07,381.0345153808594,395.7541420652298,379.5399126616138,389.5039676479569,21988
2018-06-08,394.259521484375,396.1164478630187,375.37310349628,380.4004385068388,73801
2018-06-11,470.7110595703125,473.1114579371055,397.429938773396,397.429938773396,676569
2018-06-12,465.9101257324219,489.1445121755857,462.06040490049526,481.8979268100215,584230
2018-06-13,445.5290832519531,473.7454664008512,439.3241896833897,466.498881828754,146813
2018-06-14,457.3048095703125,479.9050799225697,430.2659837966986,443.8533306534365,1070019
2018-06-15,468.4917602539063,489.1445177225579,457.3048384402492,459.5240886475023,1196065
2018-06-18,461.5621643066406,471.299762943013,454.9949466216453,468.3105576748402,260576
2018-06-19,453.7268371582031,468.2200360594508,446.57083937841134,459.1617763798471,116292
2018-06-20,467.314208984375,473.337900066224,449.2883052671007,456.4443029876085,248579
2018-06-21,472.79443359375,484.3436794742717,464.234393236657,467.6312302603399,250831
2018-06-22,467.0423889160156,481.8979105283282,462.1056693886376,468.1746678411292,189651
2018-06-25,466.4083862304688,478.36520820071655,464.68730004141713,467.8124011283475,49741
2018-06-26,466.3630065917969,475.557133283432,461.9697866181911,475.557133283432,146314
2018-06-27,466.0912780761719,470.529833505064,456.08194359879326,466.49890953997726,50039
2018-06-28,454.2250061035156,468.5822801727216,449.2882591342465,465.5930749899248,48819
2018-06-29,455.2667541503906,465.59313328998377,452.4586966504803,456.4443132744511,44204
2018-07-02,462.4679870605469,465.14017634623735,453.8173872433592,453.8173872433592,43222
2018-07-03,482.1696472167969,488.6010246943981,456.625451209766,456.625451209766,157509
2018-07-04,488.5556640625,501.8259945160586,483.2113409754459,486.0193704544867,216087
2018-07-05,480.4486389160156,492.4507961042053,478.3199212613463,492.4507961042053,41081
2018-07-06,470.484619140625,481.53561858389423,468.3106212212906,480.40333951904586,19292
2018-07-09,465.72900390625,478.2746326672629,464.68728514830656,470.9827672228348,28237
2018-07-10,469.80517578125,475.6930259669856,466.49889933136114,466.49889933136114,25347
2018-07-11,480.7655944824219,485.5211656007125,468.3105272678514,472.6131868510666,85168
2018-07-12,484.5247802734375,494.0359224694844,481.03732829598886,484.6153404652456,113427
2018-07-13,482.2602844238281,489.1445184952335,479.1804634888492,483.7095794008421,31409
2018-07-16,475.6930541992188,485.2494774719802,473.51905650217606,481.8979207253136,53887
2018-07-17,471.3450317382813,478.0028647487391,468.763457997465,478.0028647487391,18865
2018-07-18,471.9840698242188,477.4154807966195,470.11275833701535,475.4072209771582,13108
2018-07-19,469.7475891113281,474.4031080013367,465.5485460798847,466.5526759664938,306555
2018-07-20,485.2202758789063,487.3654841261064,472.8513003054915,475.54419047539847,91094
2018-07-23,498.1369323730469,500.2364537915112,487.5936386962404,488.0956896874509,51477
2018-07-24,505.0744323730469,511.1904723821152,492.9336697970396,492.9336697970396,62826
2018-07-25,502.8837585449219,510.9623731545702,497.361029993033,506.6263816003331,17666
2018-07-26,508.9541320800781,511.1906021073687,502.0621984983085,505.34840151142856,36488
2018-07-27,520.775390625,545.5133404439213,508.0868881816513,511.1905674846626,551398
2018-07-30,508.4520263671875,524.8831510971864,504.8006653160767,523.1031014417002,101185
2018-07-31,511.0079345703125,512.5597740587061,504.48116054712426,506.9914711057377,23704
2018-08-01,507.1284790039063,511.00805074924807,502.4730151956389,509.9583177061934,20975
2018-08-02,529.9037475585938,544.0527709645511,502.9293302083701,505.4852716805707,124987
2018-08-03,538.1193237304688,542.227104827648,521.2774100889649,529.8124997978675,67316
2018-08-06,543.5051879882812,560.7122069743683,535.4265171447852,542.2271891620265,169103
2018-08-07,539.2603759765625,555.0068702391028,534.3310163560632,547.7041482622725,55594
2018-08-08,555.1895141601562,559.2972957510423,538.5758085828354,540.4014892898958,82042
2018-08-09,543.5963745117188,555.4632978847706,540.9034846032259,546.7456845499444,34896
2018-08-10,525.7960205078125,545.6959281964616,517.5804576873779,544.5548778047346,63686
2018-08-13,509.9582824707031,525.7960402153542,507.63049501205046,520.3189981297776,47892
2018-08-14,529.9951171875,532.0946946925952,508.4521059022029,508.4521059022029,28046
2018-08-16,543.9615478515625,565.0481361386084,516.8958111284119,525.7960039028084,203273
2018-08-17,538.9866333007812,558.5670713136687,532.3229094252206,550.1689283662938,59182
2018-08-20,536.978271484375,549.9862449117483,531.273019981141,541.3142626268327,40177
2018-08-21,540.2188720703125,549.3016440920122,535.8828806960922,538.5757706926253,33323
2018-08-23,541.0404663085938,547.704189470751,536.750105681336,536.750105681336,33497
2018-08-24,541.1316528320312,549.9862138073511,538.5757114462027,542.8660714770632,53384
2018-08-27,546.3348999023438,547.2477401695156,540.4014381657269,540.4014381657269,47379
2018-08-28,539.4430541992188,547.7042488090167,538.5758446621998,541.5425760099153,27627
2018-08-29,540.0363159179688,547.7498278349146,538.5757936788788,539.443003133805,42345
2018-08-30,540.4470825195312,544.0528128078884,538.7583502692709,539.5798731010125,14919
2018-08-31,547.3390502929688,552.2684104575743,538.5758052396179,538.5758052396179,70918
2018-09-03,552.5877685546875,555.9196574247328,547.3846242151038,547.7040959849584,63992
2018-09-04,550.3970336914062,555.8284442609,547.704143841118,552.5878168375627,41208
2018-09-05,579.6079711914062,583.3049633370922,547.7498217996874,547.7498217996874,559003
2018-09-06,571.1641845703125,586.0434702577747,566.8738240343896,581.4792687760164,107804
2018-09-07,583.396240234375,588.8732822858898,563.4050701755579,572.7616836802289,136527
2018-09-10,575.27197265625,588.5081571087113,572.1682933260843,583.3049562153633,35579
2018-09-11,557.1064453125,580.292612107852,552.2684026800265,575.9109896428827,38943
2018-09-12,584.99365234375,600.5576231896326,547.7954121297092,547.7954121297092,381914
2018-09-14,591.0641479492188,596.1760318075022,582.3921643113538,585.2219472123044,116952
2018-09-17,585.5414428710938,606.1259812415738,582.9398144922761,591.337956700742,140236
2018-09-18,576.2305297851562,590.6077667659345,570.160118551573,585.1307241065904,66666
2018-09-19,582.1182250976562,584.2177464810031,573.4006120549542,573.4006120549542,31127
2018-09-21,597.2257690429688,599.6904490074619,559.0234245970521,577.9648609098401,171702
2018-09-24,586.8650512695312,601.9725470943802,580.5664309121742,598.686288584535,57540
2018-09-25,590.9728393554688,595.8108818584712,564.1353119382838,580.612068401178,54989
2018-09-26,592.4789428710938,601.561714344555,580.5663889577193,580.5663889577193,203536
2018-09-27,584.9480590820312,605.2131250924505,581.4792770496092,597.8647717453332,33992
2018-09-28,574.176513671875,592.2507393661715,563.0398515482065,590.4250588775486,95370
2018-10-01,580.2012329101562,586.9562729566042,545.7415139302001,561.3967462959744,61020
2018-10-03,567.3758544921875,594.2590113885486,562.4008639142983,576.0022061231555,28478
2018-10-04,540.3101196289062,575.0436770006078,529.6755093481025,552.3595653166839,98566
2018-10-05,543.0029907226562,567.7866253534006,540.4014183427864,543.9615175403047,116814
2018-10-08,506.032958984375,546.7000357846691,487.1828416726498,542.2270963735635,159275
2018-10-09,520.821044921875,524.8831955785535,502.1991354122997,510.9167495175338,55924
2018-10-10,547.9780883789062,551.0361371894276,513.2445218328035,516.6676733790428,67137
2018-10-11,545.87841796875,555.0068196070234,524.7461458900102,529.4472950198578,81104
2018-10-12,533.2813110351562,554.3678995458447,520.3189677139493,554.0027968573607,124483
2018-10-15,544.9656372070312,548.6169982603446,525.4308332856651,536.750074837076,32344
2018-10-16,547.79541015625,560.849070265815,543.2312089194362,555.5545522588334,116889
2018-10-17,553.9114379882812,562.5834201351959,549.7123952348609,561.3967389844768,23401
2018-10-19,554.9613647460938,560.9404585723446,549.4386911465087,558.4301473256824,67450
2018-10-22,531.592529296875,568.6995099789104,517.4891911578005,561.3055257950199,498807
2018-10-23,529.4929809570312,534.0115513810171,497.5892027699163,529.4473500871622,145896
2018-10-24,510.9624328613281,536.7501751182866,508.4521216681729,536.7501751182866,122801
2018-10-25,502.3359680175781,509.3648489399259,498.22818697774,506.1699081311629,30996
2018-10-26,509.8213195800781,517.5804623131679,497.6805544466668,500.6929163646784,123150
2018-10-29,529.7669067382812,534.5593188643745,504.4812720928936,515.7548288081322,88029
2018-10-30,541.8162841796875,560.4838772271457,529.4473107357402,529.4473107357402,89020
2018-10-31,544.8743286132812,555.1894115588317,536.7500286821254,543.1399099759602,33933
2018-11-01,550.4883422851562,555.3720714126359,539.7168376825122,549.7124503014784,20226
2018-11-02,538.028076171875,554.8243036715726,535.0156587156076,552.2683620645912,28997
2018-11-05,538.8040161132812,547.4303685562596,538.4845442772038,538.5758060259822,22657
2018-11-06,538.9866333007812,543.1400460391859,536.7501631446072,536.7501631446072,16256
2018-11-07,539.0321655273438,542.7291573823874,536.7500649112246,538.57574540412,2387
2018-11-09,538.8496704101562,547.70423332532,536.7501486588136,544.6005537170009,11441
2018-11-12,540.7208862304688,542.5465666846483,537.6628937558564,541.7706747777603,9876
2018-11-13,539.0778198242188,541.0404487255133,538.4388204808658,540.3558185109245,19366
2018-11-14,535.152587890625,540.4470501117615,529.9493874068708,537.7541602748289,8104
2018-11-15,529.7669067382812,538.5758389323859,524.8832328578337,534.0116369075351,31181
2018-11-16,515.8917846679688,533.6008553530733,507.0828523455794,529.7669144532936,54165
2018-11-19,515.7548828125,523.0576068169248,514.3856220616703,519.4062448147124,32635
2018-11-20,515.9829711914062,524.8831639717977,515.1157617774264,515.7547611201142,31938
2018-11-21,518.2195434570312,523.7878480109702,514.4768641189066,517.7631232242376,12849
2018-11-22,509.9125671386719,520.3189688008285,506.62636435870144,518.4932882085449,13683
2018-11-26,513.2445068359375,523.9703813674133,505.0745742412316,505.0745742412316,22359
2018-11-27,512.1489868164062,524.8831188427025,510.825357373647,519.543025919745,49221
2018-11-28,513.5640258789062,522.0078002221816,507.0372499508882,507.0372499508882,23096
2018-11-29,521.3687744140625,522.1446664049221,510.9623724128586,515.5265740422723,20540
2018-11-30,563.63330078125,584.1265783465043,517.7174410541284,521.6882743999017,166448
2018-12-03,562.4922485351562,582.3921575075469,560.9404087592283,576.0022749016648,79701
2018-12-04,562.2639770507812,570.5251703747377,559.1602978378032,562.4921871189312,27994
2018-12-05,566.9650268554688,579.6535279422317,556.832522905136,556.832522905136,81337
2018-12-06,566.05224609375,568.7451361139699,560.1187841610467,566.9650863910889,67817
2018-12-07,562.3095703125,568.6994517933239,560.5295207569158,568.6994517933239,14105
2018-12-10,563.7244873046875,570.5251583351115,552.268353268388,555.9197142817327,65974
2018-12-11,566.5086669921875,573.9027068396291,556.8325821137283,557.7454224122755,45246
2018-12-12,564.0440063476562,576.64119051135,555.9653367978067,569.2015202723042,28068
2018-12-13,565.8696899414062,566.0522134180576,559.3884907752205,562.8572725618011,14560
2018-12-14,554.2766723632812,570.5252194707372,549.7124706075153,570.5252194707372,22489
2018-12-17,552.0858154296875,565.8697377167832,548.2062440624021,554.2766544879423,21344
2018-12-18,546.9282836914062,558.7038900387596,544.5548655010284,547.7041756541096,13621
2018-12-19,546.1979370117188,554.9156059030312,541.7706841201277,554.9156059030312,17695
2018-12-20,545.9241333007812,566.5543576244504,541.9989311320738,552.3596463084161,97814
2018-12-21,528.5801391601562,547.7954154083014,524.9744090054336,547.6585227990928,43843
2018-12-24,523.513916015625,539.3973596420824,521.049236043885,529.9950599085796,24314
2018-12-26,515.343994140625,527.6217076502983,511.692632842007,523.0575060270259,23365
2018-12-27,523.513916015625,525.7960167829119,515.3439841256676,518.4932943275937,31215
2018-12-28,522.3729248046875,528.1694391240663,511.236260655732,524.0160264001892,36324
2018-12-31,547.4303588867188,551.1729819661756,523.2400900602944,523.2400900602944,96449
2019-01-01,535.7002563476562,552.8616969126311,529.4473231790078,550.4426480636924,24980
2019-01-02,529.8582153320312,537.6629895207124,526.7545357209816,537.6629895207124,15441
2019-01-03,531.1817016601562,543.5506744585178,529.4929139658857,529.4929139658857,31636
2019-01-04,528.625732421875,537.9367135149035,527.6216304977227,530.3601510712402,16412
2019-01-07,531.1817016601562,538.3474744987597,526.7087626719531,526.7087626719531,9385
2019-01-08,540.1732788085938,544.0528503082753,526.8458319428881,533.0987660738805,42020
2019-01-09,540.7666625976562,544.920075177437,537.3891420535849,544.920075177437,37090
2019-01-10,539.762451171875,545.7415439154327,538.5757699404998,538.5757699404998,11518
2019-01-11,538.8496704101562,544.0072408934453,538.438881092091,538.8496704101562,21437
2019-01-14,544.9200439453125,554.1853398283431,534.9244312289369,535.015692975429,42234
2019-01-15,545.6959228515625,549.5298632732835,541.3143005333175,543.2312428865026,11507
2019-01-16,544.3723754882812,554.9613580483483,542.2272227349852,554.9613580483483,10674
2019-01-17,539.8538208007812,547.7042257503949,530.9992580080789,545.8785449978936,113613
2019-01-18,537.20654296875,560.4839717634877,532.8705513305146,542.9574259984969,461074
2019-01-21,539.169189453125,547.247804480837,531.6382563639391,534.1941982693191,26880
2019-01-22,538.7582397460938,560.4838230468621,534.2396700947493,540.401340787854,288590
2019-01-23,537.89111328125,552.177085372822,532.1858617615082,543.0486829412353,40984
2019-01-24,537.252197265625,543.7790283022933,534.9244654277392,543.0487671376133,25002
2019-01-25,538.3018798828125,544.9656022344021,536.8869887085224,537.2064604940463,35773
2019-01-28,540.5384521484375,550.2601687454567,523.9703770006884,538.575823049488,21378
2019-01-29,546.015380859375,549.2559523844246,535.2895086479973,543.1855428467416,28081
2019-01-30,547.0195922851562,556.8326262727498,542.2271803377268,547.7042225633604,64704
2019-01-31,541.90771484375,556.7413710453185,535.5634630483158,547.6585981049793,38267
2019-02-01,540.2645263671875,550.3514565736996,536.7501133871033,544.6005179294133,23201
2019-02-04,536.0654907226562,547.6585742066,532.9618112743916,547.6585742066,14150
2019-02-05,531.912109375,542.4554047954757,529.49306004181,537.6629927211362,14549
2019-02-06,529.1279296875,537.6173337757459,524.7919380370964,532.5510809904503,28878
2019-02-07,524.0159912109375,533.7377632141247,520.7754191149928,531.4556623415788,13456
2019-02-08,516.302490234375,525.7960523546989,515.2527572396157,525.7960523546989,10454
2019-02-11,506.4894104003906,535.7459861389374,503.111945914474,513.929081017422,38678
2019-02-12,502.4729919433594,510.2777659503338,480.0170854508583,502.0622026344967,87773
2019-02-14,484.9007568359375,498.4107815291903,480.1996072148618,492.8424782341425,14576
2019-02-15,494.5768432617188,500.2364640343744,487.639279550301,490.1952211431735,21185
2019-02-18,496.995849609375,505.71346222854936,493.755278097369,497.2696905216648,24145
2019-02-19,492.52294921875,502.0621410416101,489.8757459042847,502.0621410416101,8413
2019-02-20,482.2991027832031,497.90870380715927,480.1539505753258,488.3695124672991,27537
2019-02-21,477.2329406738281,488.3696044798031,471.39079565692776,485.6310833331874,39225
2019-02-22,479.6975708007813,483.3489319486464,471.0255880746016,472.8512686485342,15841
2019-02-25,492.5685729980469,496.5850923547016,475.6353976279183,479.6975478536686,23986
2019-02-26,487.9588012695313,494.8051039411139,482.9838101851104,492.9337923539521,18937
2019-02-27,498.5020751953125,501.149334402706,492.0209312259718,492.93377154364526,22463
2019-02-28,506.5807800292969,507.53925128523576,495.7179572210428,498.6390575801439,92229
2019-03-01,505.39404296875,513.0618678863914,494.7594314277519,510.91671551597153,39418
2019-03-05,501.833984375,504.80071552410186,497.5436235701512,504.80071552410186,125363
2019-03-06,500.4646606445313,507.0827523721607,494.1204098453206,502.0621310615453,28297
2019-03-07,496.7220458984375,498.7759364674491,494.120417748481,495.2158371950233,29294
2019-03-08,496.4025268554688,498.27383826277975,492.9337449783207,492.9337449783207,29085
2019-03-11,501.6969604492188,503.294430827288,493.6639776911394,495.9460782312384,117457
2019-03-12,502.1077880859375,509.7300379019524,501.51447532934793,504.8006780722499,90113
2019-03-13,502.15338134765625,507.3565817303411,497.8630768977932,502.06211961204673,47911
2019-03-14,501.0580139160156,506.306845127296,499.4148569645563,506.306845127296,51008
2019-03-15,499.4606018066406,504.8919571213137,498.6390232350784,502.0621744243352,30958
2019-03-18,494.9420166015625,503.1575792152225,492.93375681959793,497.4979582716312,16662
2019-03-19,492.9337463378906,499.3236282348633,488.36954498291016,497.1327892983333,49169
2019-03-20,493.9378662109375,497.497965682697,490.1496123785273,497.26975560669575,9573
2019-03-22,493.1619873046875,494.7594578790201,490.19525623806976,493.9378792975082,19392
2019-03-25,490.10394287109375,496.2656144373975,487.45668391202486,492.9337253042948,11060
2019-03-26,483.8053588867188,493.7553404405292,481.06683798736,492.2947625316609,63161
2019-03-27,482.9837341308594,492.0208745204339,479.332373280986,483.80531260821886,46898
2019-03-28,475.4985656738281,488.14138237006216,474.63135618900594,487.8219105302954,22016
2019-04-01,494.6225280761719,497.4979975038496,491.1537458421517,493.84663605428005,15619
2019-04-02,496.2656555175781,497.0415474929051,488.962933056709,494.0291856208668,10635
2019-04-03,485.76800537109375,496.3113000715471,483.8053763694917,496.3113000715471,13510
2019-04-04,490.2865295410156,494.75946954071696,479.2868144701275,479.2868144701275,6868
2019-04-05,492.70556640625,495.67229746844606,488.78036414395336,493.84661681478696,17053
2019-04-08,490.6059875488281,496.4481315296066,485.2658388308057,495.67223962848107,12637
2019-04-09,492.2947998046875,495.9461612802874,485.1746560703386,492.4317481461644,8730
2019-04-10,490.7428894042969,495.2158288542806,488.5521062634582,492.84246652286873,5999
2019-04-11,488.095703125,493.7553239375815,485.494074928354,490.1952246012653,6109
2019-04-12,488.4608459472656,492.3404174105286,485.6310631660857,486.1331142123785,4415
2019-04-15,487.8675231933594,493.84661618337793,487.0459446141224,493.84661618337793,17140
2019-04-16,487.2741088867188,491.1080490371412,482.0252775076043,487.8674773287573,11104
2019-04-18,488.8716430664063,492.47737362713633,483.805390217576,483.805390217576,32758
2019-04-22,509.2735595703125,511.1905016654206,484.26171630983146,488.36949712678575,75048
2019-04-23,495.444091796875,515.6635275022712,492.9337808757485,514.8419489146706,33778
2019-04-24,484.0792236328125,500.1452471281294,483.6684343346426,485.6310633618137,43078
2019-04-25,486.7264404296875,489.3736437689167,483.7597095685069,483.7597095685069,17796
2019-04-26,518.3563232421875,532.0032963746003,488.3695427624458,488.3695427624458,269707
2019-04-30,508.6802368164063,518.4932696486653,496.3568932596158,517.5804293851993,37579
2019-05-02,497.2241516113281,509.36491716777607,494.531261425883,502.9750346943452,17480
2019-05-03,495.5353393554688,503.3857994405103,490.46908678460153,494.8507091238556,12654
2019-05-06,510.87109375,513.4726663064795,489.2823984715964,489.2823984715964,39065
2019-05-07,501.788330078125,515.7547756927523,499.0954400177209,509.1366834382878,18531
2019-05-08,503.3858337402344,519.1323301402726,493.6184306272847,509.319296151843,228052
2019-05-09,492.52294921875,501.1036699154184,487.50232780833386,501.1036699154184,60642
2019-05-10,487.41107177734375,496.8133153857172,485.35718117630034,493.29890264340446,25302
2019-05-13,483.9879760742188,487.6393375599309,481.4320341772912,486.8177589395038,16911
2019-05-14,483.3033142089844,485.585414988406,474.6769621197004,478.32832336677495,16576
2019-05-15,483.5771789550781,488.2783290781591,475.9092976727636,483.8053890442499,19463
2019-05-16,481.2494201660156,484.7182021835813,478.5565301219256,481.1124718340608,20504
2019-05-17,482.1622314453125,483.85096362255706,479.0129214380955,481.3862838031982,7684
2019-05-20,483.3489379882813,487.45671933095787,479.1498949019075,487.45671933095787,16968
2019-05-21,481.3863220214844,492.7511951852809,480.701691779272,482.8925308404925,42105
2019-05-22,479.3324279785156,484.7182081327984,477.6893265516442,481.8884254373727,56799
2019-05-23,482.5730590820313,487.2285224435951,477.9175400051156,483.80537123204766,56360
2019-05-24,474.403076171875,483.75968848002447,473.3076567585835,479.241118222288,15645
2019-05-27,473.9923095703125,478.7847209814712,472.5774182967544,478.3283008470751,21002
2019-05-28,486.0874938964844,490.6516957171086,475.58982970904856,476.04624989111096,57545
2019-05-29,476.09185791015625,488.46083310717074,474.8139148909452,487.9131512011305,13982
2019-05-30,473.9923095703125,481.9796619222436,472.71431090786416,476.9590404438869,14043
2019-05-31,472.9425048828125,478.9216530122344,471.0255626697139,476.5026040961059,9176
2019-06-03,473.718505859375,474.6769770738574,471.2538257968825,471.2538257968825,114454
2019-06-04,466.5982971191406,478.3283001269958,464.6356961157269,474.67693905732415,26155
2019-06-06,459.6150817871094,471.02558530714686,456.5114304011941,471.02558530714686,38424
2019-06-07,460.4822692871094,466.461361704043,453.04259905989846,463.26642087045366,39384
2019-06-10,457.287353515625,464.6357066925452,452.9513621466867,460.4822945243164,12710
2019-06-11,456.6939697265625,460.9843300802802,452.8143986318275,459.0217290980079,22028
2019-06-12,456.328857421875,460.9843484930427,452.81441671826434,457.3329873168602,22984
2019-06-13,456.6483459472656,457.83502715748216,451.9015653910509,452.76877479229137,10956
2019-06-14,453.7272644042969,465.9136880998785,452.7687932230039,455.5073141497559,47389
2019-06-17,447.2917785644531,456.4201822086257,445.00967765341,454.503211871814,46897
2019-06-18,439.304443359375,448.7979779664108,435.4705025288037,448.7979779664108,14937
2019-06-19,429.126220703125,441.35827486944015,427.20925054580766,438.20896476401344,55766
2019-06-20,420.4998168945313,433.2795792184755,419.9064763581681,429.94771818412426,29313
2019-06-21,432.22991943359375,442.7275837915374,397.22248532926346,425.4749062008872,163085
2019-06-24,460.984375,468.88046628366607,433.5991646039605,436.3376856435644,64604
2019-06-25,457.51556396484375,472.85126967613496,450.6236030686659,464.1336560597318,55429
2019-06-26,447.2461242675781,462.8100405227584,443.6403938738868,458.2458389396937,25009
2019-06-27,452.5405883789063,456.37452886376457,445.60299637937374,451.6277480594329,13079
2019-06-28,464.4075012207031,471.66459272682886,452.8144183026888,457.33298891709535,45109
2019-07-01,459.021728515625,472.8056219592007,456.42012821327455,469.1998918032463,32939
2019-07-02,484.0335693359375,488.27829901936593,459.934590974481,459.934590974481,331407
2019-07-03,480.88427734375,487.4111080252607,472.12103241373023,483.80537755887406,155741
2019-07-04,494.8963928222656,503.9791092696928,479.24115933130287,483.394571569104,171921
2019-07-05,487.0915832519531,499.9626654781797,484.80948240141856,493.8466240556765,18627
2019-07-08,492.61431884765625,503.705295708859,479.8345539039683,479.8345539039683,108204
2019-07-09,485.76800537109375,498.4108216938537,479.2868055791967,497.497981361081,46712
2019-07-10,478.5564880371094,503.7965425487624,471.299397104064,480.42779935560645,74444
2019-07-11,492.1578674316406,497.8631192765064,475.3159528425268,476.9134233590893,131667
2019-07-12,496.1287536621094,501.1493758242835,487.9131901240064,493.2532841376309,24659
2019-07-15,488.4608459472656,507.995651601366,486.22443167602006,491.5645254040172,44588
2019-07-16,477.9631958007813,493.1163793832464,474.6769927524828,487.4567579419728,29054
2019-07-17,480.4734802246094,483.7597388063589,475.5898067979496,478.3283277583984,63202
2019-07-18,483.7483215332031,487.0231128306117,479.73550151777056,486.14674595572274,16047
2019-07-19,480.2890625,486.1006731577573,467.65107976570806,483.7483612610092,14631
2019-07-22,474.7079772949219,483.7483223732395,469.0808742841771,480.1506294295264,17082
2019-07-23,489.1909484863281,494.31069929724055,474.1545414105072,478.0289672119536,66302
2019-07-24,486.746337890625,490.8513266833528,478.0750079409898,489.8366217398275,14453
2019-07-25,495.1409301757813,500.8603150128389,482.18010292888994,484.3479074887623,20672
2019-07-26,494.080078125,501.8289297081457,487.115368026737,493.34210566557886,13306
2019-07-29,489.1448364257813,516.5886061262377,482.4568589357541,497.2165333965037,228359
2019-07-30,465.3909606933594,507.3637827182312,458.0572365733312,489.7444447853092,101744
2019-07-31,483.2870178222656,492.6501506793084,463.5459346032622,467.69709222657497,133387
2019-08-01,481.0731506347656,488.6374952324264,476.2762450628083,487.02315580076606,14050
2019-08-02,471.663818359375,480.1045294023131,469.58823921475295,477.2448087986212,14602
2019-08-05,484.7630310058594,518.5719309514344,458.14948884928896,470.5107098896691,90394
2019-08-06,478.3056945800781,492.5580163157672,473.9700290000995,484.7630520768198,20831
2019-08-07,479.8277893066406,492.604109320924,475.4460111806587,475.4460111806587,42841
2019-08-08,488.4529113769531,498.1389464467511,477.8443967766983,479.68935583761214,115864
2019-08-09,503.35101318359375,507.363776897582,485.5009992505308,485.5009992505308,218753
2019-08-13,489.2370300292969,505.5188173806405,484.30178672415377,503.3510128567783,18079
2019-08-14,482.8719787597656,491.4510281499801,474.4312675333209,488.9142091402899,25354
2019-08-16,474.2929382324219,485.3626941179248,472.5863170845262,482.8258750608304,26798
2019-08-19,476.3684997558594,482.31844828022463,472.8169194257141,475.0770057624087,31960
2019-08-20,470.3723449707031,479.7355073313148,465.9905668468453,475.9994761917102,12931
2019-08-21,460.3173522949219,484.80917611119816,452.93751498358046,477.8444659093578,130120
2019-08-22,461.7933044433594,465.9905754630834,457.5498925514249,460.3173314176634,20734
2019-08-23,461.8855590820313,465.8522102052193,455.70493433936304,463.54601114479743,14753
2019-08-26,461.9778442382813,469.5421893949707,457.5038400042277,466.77475016474494,29291
2019-08-27,461.51654052734375,468.6196448297927,459.39484867172587,465.8522059823727,24848
2019-08-28,459.1180725097656,465.6676546394242,455.7971405774153,464.7451751110958,7799
2019-08-29,460.0405883789063,461.23980059972826,452.0150045877337,461.1936878804056,8933
2019-08-30,459.3025817871094,462.9002465542667,457.2270027116136,461.5165271706029,7413
2019-09-03,455.4281921386719,460.9169288959833,450.49292062275134,450.49292062275134,11401
2019-09-04,455.1052856445313,458.42621761127526,451.0924940243756,457.0886110206096,9582
2019-09-05,455.7049255371094,457.68825106039407,453.67545914240105,456.6274051434598,6149
2019-09-06,455.4281921386719,461.2398023880236,454.1366981705106,456.1200518422539,11085
2019-09-09,459.1180725097656,460.225031052655,455.3359008132511,456.5812538068626,6782
2019-09-11,464.6529846191406,465.7138305261199,459.3948396515482,459.3948396515482,7361
2019-09-12,471.2025451660156,473.23201144660135,465.48318881936456,465.48318881936456,12065
2019-09-13,468.665771484375,473.693296800739,464.69912027920594,471.5716048820383,7902
2019-09-16,465.9444580078125,471.2948285007657,460.04059411686734,464.92972480346793,23186
2019-09-17,456.6735534667969,471.15649567637325,453.8600017088118,465.85223752632106,40820
2019-09-18,480.1967468261719,484.9936520299539,456.8119113753036,459.0719695150552,95305
2019-09-19,472.4940490722656,482.6413243864531,467.7432567446039,480.6118580628786,17685
2019-09-20,477.89056396484375,482.45684942183016,468.8502747966447,471.3870937945607,24586
2019-09-23,496.4785461425781,524.0606531871341,470.4646094198043,470.4646094198043,141194
2019-09-24,491.7277526855469,501.55218321007607,487.9917214662498,501.55218321007607,15284
2019-09-25,477.2447814941406,493.9878081576525,473.5548632259229,491.7277219576322,12732
2019-09-26,483.840576171875,487.0692549451859,476.9680915222325,479.6894177490467,8399
2019-09-27,474.0161437988281,485.6394211261149,472.8169315192013,473.4626785324433,5655
2019-09-30,469.9110412597656,480.3350762699477,465.9443907583743,467.6970961391788,9559
2019-10-01,477.0603637695313,479.4126755682203,469.8650057554723,469.911118476292,39092
2019-10-03,485.1320495605469,491.0358852840392,476.9219585077016,481.53435655903326,22307
2019-10-04,506.4873352050781,519.3559349062073,484.3017154986836,488.9141127891472,236615
2019-10-07,491.58935546875,512.3451445310765,473.0935961724875,512.3451445310765,36200
2019-10-09,495.6483154296875,502.7514201494174,489.006450544957,498.092909076661,15651
2019-10-10,498.2312316894531,505.334336187414,490.5746619282492,495.6482999548371,29907
2019-10-11,503.3971252441406,508.2862558271125,489.9288894019002,498.6002200990096,58529
2019-10-14,493.9416809082031,505.5187878733993,490.7591152347599,498.1389515540796,12152
2019-10-15,487.3459777832031,498.04677528472286,483.6099465384932,491.12817805241247,30995
2019-10-16,482.2723083496094,494.4029372270053,480.1506165975235,486.88470620357214,25681
2019-10-17,506.5335693359375,510.0390371599108,481.9956323902729,483.5638591056781,35149
2019-10-18,501.8289184570313,521.2009906768799,493.5266017913818,507.36379623413086,73661
2019-10-22,496.6630859375,504.59638872318857,488.9142340462339,501.8289496625495,31683
2019-10-23,495.1871032714844,502.75144824899706,489.0064778763084,496.2940901980925,16014
2019-10-24,500.8141784667969,507.3637608582201,489.8366491194817,499.06144477144926,45884
2019-10-25,497.8161315917969,520.2784870113258,491.26649274259887,511.1459165795463,935420
2019-10-27,498.1390075683594,504.6424777953196,490.0211979650202,490.0211979650202,19553
2019-10-29,499.9378051757813,505.51879521255535,493.6187864534141,493.6187864534141,357959
2019-10-30,504.4579162597656,511.7455271809313,498.2311793359778,498.3234610726142,61786
2019-10-31,507.4098815917969,518.3412983942835,506.1184439623299,510.0850948946042,163484
2019-11-01,526.4591064453125,536.7908889800416,503.6738496071109,507.3637679192509,423092
2019-11-04,534.3001708984375,543.3404593000789,527.8889267138712,530.7024781031604,149301
2019-11-05,534.853759765625,538.7281860631198,527.2894143855062,536.6064938513503,215675
2019-11-06,532.5474243164062,543.7094604725694,525.7211095393384,538.2668086943752,251852
2019-11-07,531.763427734375,536.4219389008929,530.4258209252165,533.1932599909132,48519
2019-11-08,532.31689453125,540.9882261497629,527.0126363069992,532.5014017302232,82911
2019-11-11,529.73388671875,536.8831033005006,528.1195474906127,535.4071585276773,42804
2019-11-13,525.675048828125,530.4258419338801,516.6347587828603,530.4258419338801,227990
2019-11-14,521.4315795898438,527.6583167189573,513.6827286410285,522.0773265528592,43114
2019-11-15,514.3284301757812,525.7671984129968,512.6679783487481,522.0772804401763,45291
2019-11-18,505.4266052246094,517.8800800676324,501.8289121929277,512.8986676089481,36849
2019-11-19,506.9025268554688,518.2029016579792,505.88782184365607,505.88782184365607,20211
2019-11-20,505.3804321289063,512.8986634765208,500.1223433916111,503.673867370828,28179
2019-11-21,505.3343200683594,515.6661029809512,501.09093637567975,502.7513884161332,183394
2019-11-22,503.1204223632813,516.5886026978568,500.4913215851946,508.2862858687841,97118
2019-11-25,507.27154541015625,511.0536891804508,504.780839274352,507.36377084701786,545342
2019-11-26,512.0222778320312,518.802536503589,507.3637672300199,511.7916579378357,133663
2019-11-27,534.1156616210938,539.6505389435921,512.0683777650017,512.0683777650017,830358
2019-11-28,523.3226928710938,542.049018458366,518.5257874423927,534.8536884671591,63134
2019-11-29,509.1165466308594,532.3629890087379,506.4413330966687,523.0459669686907,58260
2019-12-02,512.9908447265625,516.5885374193488,507.5943619910655,511.9761397638189,82126
2019-12-03,516.8192138671875,529.08818171298,513.406027967791,519.3560328553798,359855
2019-12-04,516.3579711914062,521.2009892329513,514.7897445648349,520.2785096059904,60942
2019-12-05,516.3118896484375,518.479694381224,507.59444538651326,514.4208175597122,21018
2019-12-06,516.0811767578125,520.2323345819913,512.3912586918757,520.2323345819913,39926
2019-12-09,509.07037353515625,526.7358813959172,507.3638087000954,518.8486916304992,52512
2019-12-10,514.3746337890625,518.4335667979244,507.3638109232356,511.5149693762439,61866
2019-12-11,510.9153442382813,516.2657713832591,503.1665487692871,511.9301056605351,22957
2019-12-12,507.45599365234375,511.5149263195455,506.0261615662904,508.51686768917847,101313
2019-12-13,508.9780883789063,511.93003418030895,507.3637491769795,508.7013557764554,19857
2019-12-16,504.1812438964844,517.2343535288828,498.508027803633,511.1459540270867,40521
2019-12-17,508.8397216796875,515.712205917761,500.9064196904114,500.9064196904114,49264
2019-12-18,512.6220092773438,519.4022129308196,502.751464673474,513.8212216938074,54728
2019-12-19,509.3009643554688,515.5277016520081,507.36377971802,514.7436165139185,18645
2019-12-20,505.2420654296875,511.0075626700672,503.67383891956746,508.2862367118712,36358
2019-12-23,499.38427734375,510.4079191270495,496.8013458879028,504.91915459357233,31696
2019-12-24,503.8583984375,508.2862895173853,490.15954178898266,490.15954178898266,51483
2019-12-26,503.7199401855469,511.9761433068168,502.7974606480572,506.4412660818782,20347
2019-12-27,521.8006591796875,525.767310586023,503.2126709043648,503.2126709043648,53365
2019-12-30,532.1322631835938,536.0066882433437,521.8005380958327,522.0772706778836,49776
2019-12-31,527.0126342773438,548.8754141347083,523.9684625689316,532.1323852829039,64864
2020-01-01,508.0094909667969,531.1637047638677,505.011432479336,531.1637047638677,35709
2020-01-02,518.295166015625,519.4482655718614,508.8397496544872,509.6700038564531,37424
2020-01-03,519.9556274414062,524.8908705747212,514.9281025697164,520.186247331817,17141
2020-01-06,522.7692260742188,533.193234801821,503.3048717828037,520.1862943289962,43802
2020-01-07,513.406005859375,530.333540161134,511.14591959739033,522.2156747055411,38931
2020-01-08,510.45404052734375,521.0164427195144,505.38040296202615,507.36375653176026,52480
2020-01-09,514.9742431640625,524.3374337430658,512.8986640380094,521.1087551025388,70444
2020-01-10,514.6514892578125,519.3561135912454,509.6700759487799,519.3561135912454,31869
2020-01-13,515.435546875,522.8153846826062,510.13128845078296,510.5925283137584,614351
2020-01-14,518.5257568359375,525.8133681439687,515.1126273839168,516.5885722116184,351471
2020-01-15,522.0773315429688,531.3943528148518,520.2784850944053,521.200964677906,95597
2020-01-16,538.4052734375,547.2610556085518,523.0920773744568,524.8909239633645,190455
2020-01-17,555.0098266601562,561.3287888612797,535.2226296622392,537.8055610618342,331274
2020-01-20,552.0118408203125,564.3730342526786,547.9529078701689,558.1001839418387,886863
2020-01-21,553.1188354492188,554.410329620395,539.7428790773456,551.0894250426496,668657
2020-01-22,544.447509765625,558.1001975524509,539.8812241612759,555.3327585563231,549485
2020-01-23,543.1558837890625,551.642705909951,538.358979433458,551.642705909951,408209
2020-01-24,544.1245727539062,553.4877632707105,541.0342885971196,543.3404876107475,191990
2020-01-27,566.9559936523438,584.3908822748377,544.2630158518615,544.2630158518615,1081047
2020-01-28,583.3760986328125,590.3869207957888,568.2474112659468,568.2474112659468,1062432
2020-01-29,585.359375,594.0768178266713,581.2082171114596,583.929542988017,699062
2020-01-30,590.24853515625,593.66172085382,573.9668043951903,588.0807306705464,282547
2020-01-31,581.8079223632812,593.6156505382697,578.4408491433368,593.6156505382697,73427
2020-02-03,575.67333984375,588.5419405571066,559.9911878226359,571.2915620731446,145598
2020-02-04,569.6312255859375,585.5901134387805,567.23280084179,575.6734564751387,146448
2020-02-05,576.6420288085938,586.650967177165,565.4800471369912,568.2474861931265,364585
2020-02-06,590.386962890625,601.4567184448242,577.9334878921509,577.9334878921509,469375
2020-02-07,595.5067138671875,608.8365557810093,586.835439127671,594.4458960749336,476521
2020-02-10,593.1544189453125,597.6745917822349,583.9757351052497,594.9532655356669,136228
2020-02-11,598.8276977539062,603.3017016128927,590.5253807592335,590.5253807592335,144075
2020-02-12,598.873779296875,607.9140682929984,592.8776617795693,599.6117517305751,321126
2020-02-13,589.6028442382812,606.0690821684149,586.6970110488764,598.5508510934056,263542
2020-02-14,593.4771728515625,602.379122683752,588.5419299727929,592.2318480290487,276921
2020-02-17,594.076904296875,603.4862081411972,588.2191809452376,597.7668229571041,119579
2020-02-18,594.9531860351562,598.6892168828567,587.2966171724294,594.0768192181198,109830
2020-02-19,622.3048095703125,630.69940897962,590.6176530488717,599.6118305064688,481687
2020-02-20,613.079833984375,631.8984377166789,609.9434375647768,631.8984377166789,285912
2020-02-24,600.119140625,611.55791110341,593.200543070403,608.8365848045303,141948
2020-02-25,596.4752807617188,614.5559145197277,591.8628828087092,602.3791726630453,90460
2020-02-26,597.3516845703125,612.5264860347734,595.0454854512056,596.844332024847,150491
2020-02-27,601.9179077148438,609.7589839072976,594.8609166201618,599.4733143804287,114273
2020-02-28,581.1160888671875,596.6598490390495,565.480046944604,596.6598490390495,187570
2020-03-02,605.377197265625,616.7697970469793,582.0845889136905,582.0845889136905,157216
2020-03-03,609.9435424804688,624.4264839289707,590.3869630681003,605.2388625863068,191933
2020-03-04,598.5046997070312,618.0612767392174,585.7744936259747,617.9690513089379,298227
2020-03-05,584.5753784179688,605.1466638080216,578.4869788108565,605.1466638080216,212163
2020-03-06,577.3800048828125,581.6695012459595,548.9214754050465,575.6272711191481,116876
2020-03-09,576.503662109375,581.4389056604496,553.3493893699638,562.66646751344,173154
2020-03-11,574.7047729492188,590.3869256621188,551.5966709477118,576.5497320919129,294958
2020-03-12,533.3777465820312,557.0854849229443,523.2765831217635,553.7184116682918,283448
2020-03-13,529.6417236328125,550.443628874836,461.2398337641176,498.139020465247,216730
2020-03-16,504.05853271484375,531.8009853342503,481.0101791523954,511.6630430952064,251293
2020-03-17,503.2135620117188,513.5407060082279,486.455446719887,509.2221050758277,238402
2020-03-18,456.4597778320313,510.63035391525847,437.02595895931927,504.24625539736047,293760
2020-03-19,464.158203125,476.9732450300895,422.5679867287817,422.5679867287817,156354
2020-03-20,510.2548522949219,520.1125817320823,465.75425085162686,471.2464201253596,133637
2020-03-23,418.1554565429688,486.6431828927002,408.203839002974,469.885067058165,156564
2020-03-24,469.6503601074219,480.681627936032,418.71876183490286,445.9448696672172,177654
2020-03-25,479.8836059570313,491.94759370848914,451.67173728199225,469.6503506730376,172906
2020-03-26,504.0115661621094,507.9077390216866,450.6390290765426,474.109811840946,75276
2020-03-27,504.9504089355469,513.1651830895713,487.6290167035775,506.968919219794,65935
2020-03-30,490.8210144042969,500.2093278294048,475.142548174882,475.142548174882,25405
2020-03-31,501.5705871582031,510.6303314940989,471.1524608828978,494.7640607063604,74421
2020-04-01,500.8195190429688,511.6630080279907,487.2533966358297,509.7853456132091,142618
2020-04-03,503.2604675292969,516.1693968942956,490.3984682652833,507.2505002421146,171739
2020-04-07,572.8749389648438,586.7696323997249,516.122568658798,539.5464238445394,390281
2020-04-08,601.6499633789062,659.6697785162323,577.8506149136269,591.4636675801543,540272
2020-04-09,622.5390014648438,665.6313803187156,598.6457911297534,598.6927212336079,437090
2020-04-13,638.8278198242188,665.6314440884522,621.9757852025382,641.3156885839971,943164
2020-04-15,601.3214721679688,657.1819367955942,594.280237130873,642.5361908391222,324917
2020-04-16,592.5433959960938,619.6286559926629,582.0754041143197,596.1578735686983,118948
2020-04-17,579.4935913085938,608.3626523579891,574.236159208901,600.852002328878,115938
2020-04-20,580.7609252929688,602.7295970791529,575.034078210251,589.3043231216874,183621
2020-04-21,580.1507568359375,603.668467151886,562.5007415739536,572.6870372669525,349011
2020-04-22,598.5987548828125,604.6072975305076,576.6301390119532,586.7695045909429,161973
2020-04-23,655.91455078125,666.664123982319,601.5561922660208,604.4196164458041,1738405
2020-04-24,713.6995849609375,752.8488626867041,661.876084343487,662.6271379433916,4758636
2020-04-27,767.3067626953125,787.6794121088883,718.2059001946359,731.3495375838188,2271528
2020-04-28,715.2485961914062,783.9241280548623,711.8218963599796,783.9241280548623,810649
2020-04-29,715.718017578125,736.0437381138163,709.8973093680868,717.6895976862446,527204
2020-04-30,698.0211181640625,746.3709333428778,688.1633888557603,726.6554747262736,407025
2020-05-04,706.799072265625,727.0309312188555,686.2856327039812,695.6739450528728,915796
2020-05-05,704.87451171875,735.1048903159691,695.6739766591738,716.2813346615799,480970
2020-05-06,730.3168334960938,736.7008743714154,705.8133041208289,713.4178714311016,753265
2020-05-07,752.9896240234375,761.3921755219075,723.838923954859,731.2087266542064,503175
2020-05-08,720.3652954101562,764.5842871137481,714.4506692668456,764.5842871137481,312537
2020-05-11,729.7535400390625,741.676708715464,721.9612519015086,727.3126016399249,254885
2020-05-12,754.2100830078125,760.4533339168275,731.3495643471712,732.6639510548733,471230
2020-05-13,751.0181274414062,773.5970092735745,736.9825877181504,762.331033410367,210304
2020-05-14,794.204345703125,803.4048809365338,743.5074557579625,751.0181061202088,697327
2020-05-15,819.7406005859375,833.0719596610691,798.0066323260186,798.0066323260186,751300
2020-05-18,827.5797729492188,844.9481516214372,798.9454189220478,825.1388345429979,525923
2020-05-19,809.2725219726562,834.0576894177932,798.0065471888141,832.7433027723272,249611
2020-05-20,817.0648803710938,828.0492181952516,804.249867327673,814.7178020882275,112008
2020-05-21,842.1316528320312,859.0306157651155,807.3948956918025,821.477364802706,329099
2020-05-22,843.117431640625,858.4673576698926,808.427603886556,844.948164123235,808024
2020-05-26,812.7931518554688,855.2752657699474,800.0719999226357,853.2098255668017,535731
2020-05-27,783.6425170898438,818.5670537801109,776.1318665027634,818.5670537801109,485702
2020-05-28,808.5215454101562,814.9055869350182,776.4135027595162,786.2712316337302,395030
2020-05-29,817.8629760742188,826.1246807221812,797.16169839328,805.7520284038545,295350
2020-06-01,799.5086669921875,823.355003585708,794.1103873221558,821.5712012957954,317586
2020-06-02,798.3821411132812,806.8316226087344,796.1289231271417,803.1701577066859,206299
2020-06-03,801.1517333984375,809.6951333182332,787.5386784190887,805.4234620091953,393917
2020-06-04,786.4120483398438,814.9055549022017,777.3992336280996,798.1004519898693,309402
2020-06-05,801.0578002929688,806.2213724015082,788.6182856678508,792.2327632231427,157437
2020-06-08,782.8914184570312,808.2867928334294,780.1687848551427,808.2867928334294,245569
2020-06-09,751.6282958984375,797.0677525323949,742.8502463972409,787.6794397817189,574819
2020-06-10,804.4845581054688,810.680821720224,753.0835448001042,755.2897754185527,647061
2020-06-11,792.843017578125,823.2141866274244,786.5997666326975,807.2540548348511,441040
2020-06-12,801.6681518554688,806.4561690537257,763.269924843631,766.3211268802137,300437
2020-06-15,835.512939453125,844.9481826995939,798.1943947172263,805.5172675069462,665238
2020-06-16,852.5057373046875,886.0689557600037,840.488708311099,845.7931279946529,1376346
2020-06-17,862.1757202148438,875.7418442556938,849.689275113198,852.4588389688697,330953
2020-06-18,852.6466064453125,868.4189609789657,846.3564252135542,862.785973123967,237775
2020-06-19,888.6038208007812,892.8285616286772,849.9239599828132,857.5285278540548,682517
2020-06-22,880.2482299804688,923.0120428009884,873.8641884120922,892.8285926930448,644832
2020-06-23,868.3250732421875,888.8854438801243,864.6636083318232,887.993542704347,268681
2020-06-24,844.0562744140625,876.8684400274677,826.1715494905477,872.6906292543599,275742
2020-06-25,858.3264770507812,863.6308965756084,829.4574158866451,835.559819059552,156701
2020-06-26,846.9197387695312,863.7248428721882,842.3664296381205,862.6451638979107,112792
2020-06-29,841.1928100585938,853.3976164545331,820.5385223116193,846.8257976259504,226088
2020-06-30,856.9651489257812,867.4800703295116,830.9125818785475,845.4175360732957,255522
2020-07-01,850.7689208984375,872.1273326063571,833.6821800717591,860.8144270961315,410457
2020-07-02,845.0420532226562,858.7490249569722,840.2540363829484,858.0918315687317,190225
2020-07-03,842.3194580078125,851.5199933332086,840.2540176772014,851.5199933332086,115782
2020-07-06,833.2127685546875,852.4118798651074,826.171533890845,841.1928345070422,223143
2020-07-07,858.655029296875,870.108781886732,831.8983389533363,837.3905360890896,479822
2020-07-08,874.145751953125,886.1628377669838,859.5000074073384,864.6635792705174,420737
2020-07-09,876.5399169921875,900.3392689065159,872.033480649508,875.929653691115,334754
2020-07-10,883.8157958984375,895.645047185867,864.3350467065018,876.821491354725,238883
2020-07-13,885.834228515625,910.666326932,878.2766482936969,892.8285328993113,263981
2020-07-14,891.4203491210938,910.6194613076366,884.4729743483837,889.9182419116133,262735
2020-07-15,888.04052734375,905.9721818038452,882.5952600987912,898.4615315919999,223229
2020-07-16,910.2908935546876,927.565414065255,888.134495653574,893.7205538889064,451820
2020-07-17,917.1443481445312,929.443015632722,903.1557384229076,915.3605456988928,324955
2020-07-20,949.5809326171876,976.3845548500848,924.7488331993592,925.4060265716204,942678
2020-07-21,934.4187622070312,963.2408939844528,925.6876427569888,962.114342289,457496
2020-07-22,938.9721069335938,981.0786659935906,927.565284212122,943.5254156206302,2595434
2020-07-23,902.0291137695312,965.916573137553,892.8285783655398,954.7445148976046,1648048
2020-07-24,920.242431640625,929.396036615893,905.9721847316592,906.8640859075408,710782
2020-07-27,905.26806640625,928.5510708099206,896.5838770214868,923.8099842818252,442579
2020-07-28,918.0361328125,921.9323054967408,904.0945113985348,910.6663302768212,424037
2020-07-29,920.4302368164062,929.3960643429094,909.727536989956,912.5440309125254,360686
2020-07-30,926.1571044921876,951.0361346686122,920.9935321914202,924.701927395042,660962
2020-07-31,924.7957763671876,943.4785424763088,917.7076113917176,931.3206654737428,661168
2020-08-03,924.7957763671876,936.718945540753,915.40746320717,924.7488462617306,576617
2020-08-04,955.636474609375,972.7701471148456,922.0262657161722,922.4018211849252,920496
2020-08-05,943.1968994140624,968.8739128464284,940.2864879692502,962.6306617082724,469593
2020-08-06,1015.5336303710938,1035.5307801260449,928.5040267857285,943.5253255001588,1319257
2020-08-07,986.8526000976562,1059.846737828246,981.0787643532632,1035.530982853253,1322651
2020-08-10,1020.2750244140624,1030.977725299619,991.4059588509316,994.2224530522128,535556
2020-08-11,1014.970458984375,1048.9562195834144,1004.7841626666273,1028.959067771664,432201
2020-08-12,1008.3986206054688,1021.6831056860036,992.1099213725564,1005.582126861331,396957
2020-08-13,1012.0132446289062,1039.28634217784,1006.051688260679,1018.5850643174743,414168
2020-08-14,974.6007080078124,1020.4157193335392,962.3020414234755,1017.411390539723,476596
2020-08-17,939.5355224609376,984.8341374584296,935.0760733161068,976.3846548682238,505433
2020-08-18,947.6093139648438,956.669058588551,939.5353880102969,944.6989599653872,315208
2020-08-19,933.7146606445312,962.2082250626456,931.5084300038616,953.8526035478884,393085
2020-08-20,921.2752075195312,951.9750046322158,917.707659790918,934.1372086874306,750495
2020-08-21,938.2681274414062,957.60803142999,931.4146123554812,931.4146123554812,579746
2020-08-24,946.57666015625,970.5638457615618,940.0987012523472,948.3134751441074,449745
2020-08-25,936.2495727539062,955.1200601489404,929.4430454012206,953.993508359526,279010
2020-08-26,930.4287719726562,944.229603892578,927.565347895468,943.5254803997424,254757
2020-08-27,937.9863891601562,962.3021443127463,932.2595407829824,934.8882571314932,496574
2020-08-28,928.457275390625,956.669146008349,923.9039089603884,948.125803640836,435059
2020-08-31,884.4730224609375,938.3150366239844,872.8784778086895,937.8925510415496,487190
2020-09-01,862.2695922851562,882.5013947142738,850.2055760721299,882.5013947142738,554591
2020-09-02,873.394775390625,881.1401338680199,852.6935560113857,859.0306674928905,408812
2020-09-03,903.2495727539062,925.4529559673936,878.0419752153233,880.5768311911236,630420
2020-09-04,870.9069213867188,893.8613019642464,860.7674970044798,882.5014655937797,336032
2020-09-07,862.410400390625,878.2766721181486,852.2710339152372,877.8072564729758,457128
2020-09-08,866.2596435546875,883.4402447174361,860.5327382992949,868.7944995004045,389145
2020-09-09,862.7859497070312,867.4331760216177,838.2354887179682,854.3364681538612,431542
2020-09-10,858.5612182617188,881.5625849620053,847.2952427350477,867.4801155536666,328898
2020-09-11,855.5099487304688,867.3391991749468,852.4587472672325,854.1017019012828,208705
2020-09-14,856.0263061523438,869.9209969300667,849.6891953343073,866.0718117983141,425075
2020-09-15,870.0619506835938,893.7674421912935,856.4019660474213,859.0306823582285,678772
2020-09-16,907.0048828125,915.3605041816128,860.908289573886,861.377705217056,769842
2020-09-17,913.5767211914062,925.6876679627204,901.2780540002144,905.8783503215268,528836
2020-09-18,904.61083984375,923.8099503743728,894.0020581747932,918.8810863098754,1064148
2020-09-21,864.1473388671875,916.2994095812694,850.2526461658481,910.666421407614,482875
2020-09-22,861.4246826171875,882.5014576130774,812.8870909881248,872.1743128963286,547685
2020-09-23,858.8428344726562,875.6948672321871,839.315155513884,866.541262348227,285410
2020-09-24,873.3477783203125,890.0120331606087,827.1103388338568,852.4587828162793,596529
2020-09-25,896.677734375,901.0433227562918,873.2069523287304,901.0433227562918,307453
2020-09-28,925.3121337890624,928.5041832243728,897.5227494059661,898.226872901839,463370
2020-09-29,892.0306396484375,935.076034584896,887.1956352236213,928.504215064721,368124
2020-09-30,880.6707153320312,905.0333997418572,876.164336420216,896.5839177940597,214515
2020-10-01,870.0149536132812,899.775916477798,861.9409702708683,889.0732170269049,260059
2020-10-05,913.201171875,919.0688672102438,877.8072221524671,877.8072221524671,312785
2020-10-06,936.2495727539062,941.4600753359632,903.7660306535006,920.9935631703004,428364
2020-10-07,920.8057250976562,954.2750837731268,915.3605150326766,942.3988449394528,552425
2020-10-08,899.72900390625,924.6550221608924,893.7674477375117,920.8057792339332,576254
2020-10-09,899.6820678710938,916.299394164127,885.3179597302989,902.2169239669324,406664
2020-10-12,883.5811157226562,902.1699643138236,874.0988850527249,900.527009511291,182960
2020-10-13,903.7659301757812,908.7886544672864,883.6279883039479,890.0120293749872,242458
2020-10-14,899.1657104492188,912.544056963342,887.2894711493279,905.8783774103254,235336
2020-10-15,891.0447998046875,902.2169156454376,883.4402888890289,901.2780843076172,194887
2020-10-16,902.4515380859376,909.727480265564,874.9907240531535,900.1513900655841,157707
2020-10-19,913.1072998046876,916.7687647967584,894.2837436929108,903.9067645215506,335557
2020-10-20,921.556884765625,928.8798155702798,902.2169807320164,915.8300361124684,267861
2020-10-21,934.5126953125,940.7089589477572,915.3605139461712,921.9792631251312,490817
2020-10-22,950.1911010742188,953.4770105040992,929.442953023372,938.3618500473336,536557
2020-10-23,914.18701171875,968.8739369383826,906.0660977568646,962.3021175986844,891483
2020-10-26,901.6066284179688,923.8100118886204,887.1955906857178,920.0546866370408,428506
2020-10-27,902.0760498046876,912.262403995334,882.5952999383696,906.9110540174962,212058
2020-10-28,904.2822875976562,906.676295867536,892.8285346829166,902.0759997397568,244507
2020-10-29,910.7601928710938,922.260875938251,884.5668347971267,891.8897072489332,244509
2020-10-30,905.5967407226562,926.6265868919564,901.3250693356262,916.7688572441696,127359
2020-11-02,907.849853515625,910.6663473734812,886.1158863251495,897.5227093701525,214200
2020-11-03,936.4842529296876,940.8967716469429,913.4828853138708,920.9935359639334,566071
2020-11-04,940.192626953125,946.341960573892,922.0731941286704,938.7374498828236,248499
2020-11-05,933.667724609375,947.280778412126,918.317855828338,947.0460705879408,284152
2020-11-06,919.1627807617188,934.794344962725,916.3932169424,934.0902214816296,115818
2020-11-09,913.7175903320312,935.0760030523536,911.2296643911752,935.0760030523536,276760
2020-11-10,880.9053955078125,920.007741992629,879.6849262806796,915.3605156068973,356461
2020-11-11,898.6493530273438,905.033394557656,881.562611503775,881.562611503775,273973
2020-11-12,906.30078125,911.1357854121832,893.7674061951554,901.2780566673836,193303
2020-11-13,918.5054931640624,919.9137399817936,905.0802182953688,909.0233208453576,154505
2020-11-14,925.8754272460938,933.198299828672,921.932324378024,933.198299828672,56082
2020-11-17,903.4842529296876,932.0716766617026,901.278022358142,932.0716766617026,322892
2020-11-18,910.2908935546876,914.6564824423832,901.888398448813,907.6621771209196,117298
2020-11-19,913.8584594726562,916.2055378488428,901.2780964556094,901.2780964556094,111093
2020-11-20,911.5113525390624,921.4629416216252,903.3435085854862,918.1301018922012,134261
2020-11-23,932.447265625,938.8313070526146,909.2581208804572,917.2381869904044,271531
2020-11-24,934.6535034179688,943.5254707977534,929.443001084354,938.8313142266204,242263
2020-11-25,919.0219116210938,938.7842975017912,914.6093933910184,934.5126268765404,163643
2020-11-26,927.6591796875,936.4842167813636,915.454372852254,921.603763676,169870
2020-11-27,937.0474853515624,957.138497829433,927.6591724743732,927.6591724743732,726571
2020-12-01,923.5753784179688,936.9537257038198,911.6991384329988,936.9537257038198,232479
2020-12-02,932.6819458007812,945.4030981738604,921.9323161933772,924.7488100310352,263060
2020-12-03,953.1954345703124,955.7302906128314,934.1371700980033,938.8313267316614,282195
2020-12-04,950.4258422851562,962.1612335184976,934.1371421739644,957.5140644314664,258740
2020-12-07,966.9492797851562,991.5936021286648,946.9052538664562,950.0973033002068,695683
2020-12-08,967.7473754882812,980.1399031348196,948.2196380901988,974.4130549739712,261755
2020-12-09,989.6691284179688,993.2836063331812,953.8526881233572,971.6904844563728,296380
2020-12-10,996.006103515625,1004.5494450340144,963.2878571284264,987.8851902215342,332580
2020-12-11,1019.3361206054688,1028.4897261094093,999.855370430416,999.855370430416,680043
2020-12-14,1020.93212890625,1029.8980143437816,996.3347928189044,1028.9591829724563,258038
2020-12-15,1009.9476928710938,1024.311856491619,1000.794088403984,1024.2648690888807,193393
2020-12-16,1036.79833984375,1049.519550003915,1000.8411692397768,1009.243663668012,317579
2020-12-17,1057.78125,1074.9619097704576,1027.1753705115025,1043.0416434541296,442360
2020-12-18,1040.27197265625,1072.7555097444058,1030.3672575058283,1063.0386295988617,252845
2020-12-21,965.7756958007812,1063.6958445421976,920.9934894050272,1034.6859349521794,303194
2020-12-22,988.2137451171876,998.8225840222352,937.6577055175992,966.9961819105152,210491
2020-12-23,997.7899780273438,1013.9378309755816,986.5240021276152,992.3447105011016,139160
2020-12-24,1006.6618041992188,1018.1624869704384,1000.9349565154594,1009.2435901274516,129829
2020-12-28,1001.8737182617188,1023.3259878383816,997.5081303470462,1012.0600136603442,101026
2020-12-29,984.3175659179688,1007.3189312554706,981.0786439873224,1006.8965030396204,144917
2020-12-30,969.95361328125,992.2508574094632,958.5467896802352,986.5240092066932,184497
2020-12-31,970.516845703125,989.528179319075,966.996228366838,970.6576933172624,97273
2021-01-01,978.825439453125,985.7728136317862,970.75151361454,971.690344865618,64268
2021-01-04,997.6959228515624,1002.5779141102794,968.12273849678,981.0786555792924,173998
2021-01-05,1024.0771484375,1027.973206347515,992.5793149246058,997.6958992713091,266534
2021-01-06,1004.8312377929688,1040.225133777788,990.2793518962576,1036.8453638450455,237232
2021-01-07,1010.0416259765624,1017.6931239527976,999.0573456645692,1010.651889239102,216182
2021-01-08,1026.048828125,1041.680393370376,1008.7743079806328,1018.5381771581827,251242
2021-01-11,1025.01611328125,1035.5309785548477,1015.8155202142748,1035.5309785548477,159275
2021-01-12,1029.85107421875,1041.1640386040217,1014.8767589999526,1014.8767589999526,211626
2021-01-13,1023.795654296875,1051.491180937643,1007.4599648151908,1037.361722352416,200948
2021-01-14,1023.7485961914062,1028.9121685983762,1007.6477302778762,1027.081493313643,120336
2021-01-15,1021.63623046875,1028.020329497874,1012.0601965285006,1023.326172742176,169466
2021-01-18,1003.7514038085938,1029.8508424951551,984.833932143682,1023.3260114743694,239655
2021-01-19,967.6533813476562,1025.2037862524685,963.8511833200422,1015.8154731915484,693701
2021-01-20,920.1016235351562,966.0574281009837,915.876882595939,966.0574281009837,1153098
2021-01-21,891.1856689453125,928.5042155247976,876.5868527500338,924.7488900828369,2040256
2021-01-22,882.4544677734375,905.3149863828588,873.5825007706097,896.5838669918671,713992
2021-01-25,902.686279296875,919.1158267619768,875.5071021728353,887.5711185496671,952471
2021-01-27,892.87548828125,908.7886901318142,886.2567391368106,896.2083279055847,495630
2021-01-28,890.10595703125,895.1756691110343,880.6237835617725,884.3791088648078,351632
2021-01-29,894.4246215820312,904.0945728426424,871.2354762180396,891.8897655249327,568756
2021-02-01,896.7716674804688,903.1557088477396,874.990769902384,896.3022518313795,282586
2021-02-02,914.18701171875,929.724658840122,897.6636031567668,899.5881959316207,490051
2021-02-03,899.9166870117188,930.8981183920098,895.7858638753739,918.176966361354,310956
2021-02-04,887.3833618164062,910.1030908800255,885.6934769260923,903.906769879921,266935
2021-02-05,875.64794921875,889.9651262862055,871.3292909354071,887.2424926444955,298438
2021-02-08,882.5952758789062,896.4430374545833,871.9864937253407,875.9295966174019,400244
2021-02-09,879.1686401367188,896.161464863041,875.9296604784643,886.913998870853,307422
2021-02-10,877.7134399414062,892.8286015474425,872.2681723450637,887.6180990870832,528429
2021-02-11,878.558349609375,890.9509346603577,875.9296333383706,883.4402839993642,216628
2021-02-12,906.817138671875,911.7460027962084,878.0419375776999,882.2197481529537,629143
2021-02-15,918.4586181640624,925.6407002860424,907.849836294388,912.7787004521392,460985
2021-02-16,902.123046875,923.8100276522472,897.5696805487328,923.8100276522472,239259
2021-02-17,899.0247802734375,908.7886481745096,884.6606736376332,902.1229692335836,458780
2021-02-18,887.6181030273438,893.6735766386282,879.6849667335969,879.6849667335969,333873
2021-02-19,847.201416015625,890.7631553930225,840.0662635189904,889.0263403513582,522141
2021-02-22,833.9169311523438,853.0691132573907,816.7832593330021,836.9681329831855,680157
2021-02-23,837.7191772460938,849.4545687722962,821.5243369399343,838.0947326956187,186949
2021-02-24,828.6124267578125,849.2667139693771,824.7163115057486,840.0661793082043,152176
2021-02-25,842.4601440429688,848.0931311737226,827.110277032348,835.5597577284788,312518
2021-02-26,864.428955078125,871.986535894055,827.1104093660908,835.5598914140985,627914
2021-03-01,867.7147827148438,881.5156135486329,852.7404128186865,854.430297608154,444155
2021-03-02,878.0419921875,882.5014409583,866.306600685395,872.0804362251172,271111
2021-03-03,872.7845458984375,890.012077430117,870.2966200186903,887.5711389570074,452319
2021-03-04,866.2596435546875,878.7460882630395,860.7205160178138,870.2966066451256,468509
2021-03-05,860.9083251953125,877.7603589427396,854.9467692010697,868.4189757967982,295260
2021-03-08,870.7659301757812,872.8313702575641,850.8157673550423,860.9082026643573,306352
2021-03-09,880.8115234375,889.0732272888167,870.2966015804996,870.8598774310634,472633
2021-03-10,877.2909545898438,885.5057287911205,869.310888222889,880.6237943768754,288734
2021-03-12,882.4075927734375,890.0121036497582,874.4275264432446,881.5626216530832,312400
2021-03-15,860.9552001953125,885.0362450656924,846.1216776671491,879.7787556001309,259958
2021-03-16,867.0576782226562,873.1131518652913,851.1914628547371,856.6836033086864,189831
2021-03-17,846.9667358398438,866.3535690770362,844.1032543454138,861.8471900014248,193046
2021-03-18,833.3536376953125,863.6778776372342,823.8714070553705,849.9239759845609,218621
2021-03-19,833.2597045898438,837.4375153138038,811.4318769765636,830.8656962474399,249572
2021-03-22,860.1572875976562,869.3108931885084,834.2924955679507,835.6537551734212,555759
2021-03-23,875.7887573242188,882.4544939507738,850.5811597811908,865.8371684417253,784748
2021-03-24,879.4971313476562,888.0874604774507,869.3577649874115,878.7460777842518,349869
2021-03-25,869.6863403320312,878.746085177895,856.2141342758978,878.746085177895,176893
2021-03-26,878.4175415039062,888.9324063750137,862.5512693831382,871.094611416342,214446
2021-03-30,897.0532836914062,907.8498433590684,882.313621206516,886.1628638168846,408351
2021-03-31,905.9253540039062,910.6195109164072,890.012150610184,890.012150610184,376163
2021-04-01,926.7672729492188,929.442919037886,901.3249121985692,905.87827805165,397081
2021-04-05,914.5625610351562,926.6265206785212,887.665020568938,926.6265206785212,270807
2021-04-06,913.201171875,917.8483980408556,904.845550796928,911.6051472834712,220066
2021-04-07,914.9849243164062,926.1570392462452,910.6663234352336,917.8953356073816,294512
2021-04-08,913.52978515625,943.5254566565706,909.539752130588,918.1770115523642,567127
2021-04-09,951.9749755859376,961.3632889546352,912.5440594374076,915.3605534480168,869724
2021-04-12,901.7005615234376,961.5041286493744,896.5839193193345,958.5467870419274,465871
2021-04-13,916.1115112304688,923.528300936619,897.6635117716979,915.3604576998778,164144
2021-04-15,913.1072998046876,926.5795633458124,901.2780483408992,916.299349146581,140229
2021-04-16,939.9578857421876,957.3262643620578,906.6293754175716,912.5440010007522,417757
2021-04-19,937.1883544921876,974.506899036204,913.9992096925436,939.9579183149168,956256
2021-04-20,934.88818359375,957.3262742607632,924.842677368315,950.0034016867396,386639
2021-04-22,943.431640625,966.9024242279534,925.969343243372,929.4430306769528,639440
2021-04-23,937.0005493164062,955.8241050556766,927.565306394898,951.0360884393034,349029
2021-04-26,939.67626953125,946.764434374144,932.541117282062,938.9721460574184,165796
2021-04-27,942.5396728515624,954.2281337210596,930.6634342661538,936.9536152880496,245867
2021-04-28,927.0020751953124,946.2950475047116,922.730346816113,940.2865040912584,415497
2021-04-29,922.0262451171876,933.0105833630348,915.3605654586374,931.7901140694336,281734
2021-04-30,925.4060668945312,934.0433267164397,915.3605600571502,922.073227084923,249981
2021-05-03,923.4344482421876,938.1741111840852,915.6421598747024,927.5653289029271,243667
2021-05-04,944.5581665039062,971.6904145258458,920.9935233331928,927.5653425618702,1938333
2021-05-05,897.3350219726562,936.0148863074924,889.120247393729,936.0148863074924,1614773
2021-05-06,883.6749267578125,909.6805642167648,877.8072313610143,909.6805642167648,687899
2021-05-07,884.0974731445312,897.9921653402631,881.6095472043446,883.9096954185653,513513
2021-05-10,900.9024658203124,915.078852410583,880.4828856513705,884.5199059629228,769363
2021-05-11,894.3776245117188,907.4273446702548,892.9693776189602,899.2595012319119,218453
2021-05-12,892.9224243164062,901.7005313308772,882.501419832685,894.3776586692044,246286
2021-05-14,881.6094970703125,902.6862706482348,879.215488780106,893.767373538346,424140
2021-05-17,885.92822265625,890.0121160910438,867.4801637849415,884.3791280145183,289858
2021-05-18,884.3320922851562,891.8896722581595,881.562528684644,887.2893762910909,184563
2021-05-19,903.1556396484376,910.384651550872,882.7360604775918,885.1300686441764,557879
2021-05-20,899.6350708007812,915.3604946838108,891.8897127688413,908.647828135444,509303
2021-05-21,897.9452514648438,915.2197138333376,894.1899260845123,906.8641492431308,338273
2021-05-24,901.6066284179688,909.7275421951964,899.6820356868774,901.278060379142,251248
2021-05-25,896.0675659179688,906.9110562167386,892.7816562939951,901.2780682899264,229585
2021-05-26,892.9224243164062,906.8171733636544,889.7773623898162,897.0533049469473,380408
2021-05-27,891.8897705078125,896.7717049225145,885.8342969213896,896.5839271946957,227738
2021-05-28,884.2852172851562,898.1329788488848,883.4402462012598,896.3961065768121,171483
2021-05-31,892.9224243164062,895.457280280524,882.6891975525668,885.7403992700735,155211
2021-06-01,886.6322631835938,897.52268285826,874.1457616078986,896.5838516000401,245756
2021-06-02,893.0632934570312,895.8797874179995,884.7546591928613,886.2098362790183,216943
2021-06-03,895.457275390625,907.84985991286,893.4388224926334,895.457275390625,214729
2021-06-04,891.4203491210938,900.3392467689615,880.4360110839028,900.3392467689615,263851
2021-06-07,891.2325439453125,897.5227251319991,884.3790868978484,894.4245932942923,224680
2021-06-08,926.438720703125,937.8924740892832,886.2567522925759,897.4757978523854,1232095
2021-06-09,906.6294555664062,934.6535487341168,898.649389008571,929.3491859325868,474082
2021-06-10,914.5625610351562,916.9565694610644,906.2069392957878,907.098840517676,174070
2021-06-11,944.51123046875,963.1939392062424,920.1485464493294,920.1485464493294,1673300
2021-06-14,933.7615356445312,952.7728684023692,925.0773466070004,950.0502921662244,864005
2021-06-15,937.2822265625,944.5112391957992,926.861221818276,937.8455597362276,273527
2021-06-16,937.751708984375,957.0916699582332,930.053337444141,938.8783181103206,598719
2021-06-17,929.536865234375,934.1371616142674,905.6436540274232,934.1371616142674,409733
2021-06-18,916.3462524414062,939.5823264453694,900.714746128859,934.1371165229652,410916
2021-06-21,939.3007202148438,942.1641442334166,892.875500743882,892.875500743882,296588
2021-06-22,937.3761596679688,947.2808188106504,932.2595174221764,943.525493463532,161324
2021-06-23,920.1484985351562,943.525419919519,917.754490273315,936.9536010743084,183011
2021-06-24,917.519775390625,927.5183511916566,912.1214956664942,926.1101043071008,264452
2021-06-25,921.1813354492188,931.6492706589704,912.0277297532429,920.054726364755,137274
2021-06-28,940.3804321289062,944.46432552635,915.736109519496,920.9935420888164,302192
2021-06-29,926.438720703125,943.056046268954,919.3036257028116,939.8170668049992,285100
2021-06-30,923.997802734375,934.84129309197,921.9792924622972,929.4430129661566,169042
2021-07-01,919.7261352539062,930.1002099889204,915.3605466492004,924.7488599481665,255363
2021-07-02,924.7488403320312,936.953647361794,921.4160006419391,928.1286101272792,233243
2021-07-05,932.3063354492188,954.509716815511,927.5183191279324,932.259405348365,807534
2021-07-06,925.26513671875,938.737399679119,921.04039604927,931.1797621956792,178854
2021-07-07,925.8754272460938,931.6022751794874,917.6606534799964,926.5326206077244,123487
2021-07-08,925.781494140625,937.7985802602482,919.6790908743249,932.1655926298172,185422
2021-07-09,915.9707641601562,933.6207808198382,912.5440070565936,924.8426739429464,800241
2021-07-12,915.5952758789062,927.1898201534044,912.0277282022696,924.7488815593156,190881
2021-07-13,905.9722290039062,925.9223946685,903.9067886276993,920.9935302101889,373982
2021-07-14,908.3192749023438,912.4970856115916,902.0290937863464,905.5966412351806,136689
2021-07-15,906.441650390625,915.3605480381764,901.747493734019,906.8172058438404,176421
2021-07-16,909.3519897460938,931.3206654609188,906.0660801401328,916.2993644050975,1374879
2021-07-19,911.5430297851562,921.8310989076056,907.1610345800856,916.4012668828954,224201
2021-07-20,894.7295532226562,916.3059665572066,891.6812215832588,913.5434032904204,285765
2021-07-22,899.825927734375,904.684222570989,894.7771594133397,898.3017910064701,157198
2021-07-23,901.1596069335938,914.0197070325404,895.4440068896175,900.159388554316,291593
2021-07-26,866.675537109375,904.9700717750102,858.4355813411014,904.9700717750102,767991
2021-07-27,769.6531982421875,827.8094178691324,765.8904165325459,809.7100174784379,5074657
2021-07-28,758.0791015625,780.1794341585351,754.4592330324296,769.6532153260845,1711901
2021-07-29,741.2180786132812,766.8430433176268,738.2650417033052,766.8430433176268,890239
2021-07-30,749.9819946289062,760.7463633773554,737.1218941786664,743.0280260138616,965849
2021-08-02,743.9806518554688,757.0312843935161,740.1702515898838,757.0312843935161,540881
2021-08-03,748.9817504882812,752.363468862068,743.9806004850209,747.5528504873497,434743
2021-08-04,749.3628540039062,757.126509540806,744.4569404803082,753.5066409723913,400707
2021-08-05,746.314453125,751.6013712946628,738.2649718040097,751.6013712946628,505551
2021-08-06,745.9334106445312,753.83997893421,743.0279923030462,747.7909922537067,261379
2021-08-09,735.8359375,749.6962569239878,730.6442554773807,748.0768251726073,446528
2021-08-10,732.6923217773438,744.9332086628576,723.9760084191455,733.5972452741953,334206
2021-08-11,726.0717163085938,738.0268344279275,709.020153411539,738.0268344279275,511172
2021-08-12,721.7850341796875,729.7392209509669,717.8317209088779,723.9760025590139,275285
2021-08-13,733.5496215820312,735.7882664770829,718.308021515325,725.8812031768877,435377
2021-08-16,733.359130859375,737.8839811315735,721.4040117686166,733.5496624992546,288468
2021-08-17,733.6925048828125,740.741709740591,724.0235919784416,734.4545732266146,294942
2021-08-18,726.5479736328125,737.264722777364,723.975942209703,737.264722777364,140780
2021-08-20,703.6380615234375,727.4053866401039,698.2558478974045,723.9760496617017,349031
2021-08-23,699.7322998046875,710.6395811436886,686.205368535197,709.6869811689652,407659
2021-08-24,704.3048095703125,706.8292229089669,695.9219409270343,695.9219409270343,182380
2021-08-25,712.0209350585938,714.021371951871,698.5416207902676,707.4960847190481,198800
2021-08-26,700.970703125,718.5461851641608,698.6368795841299,715.1168483408524,215912
2021-08-27,710.782470703125,713.4021205462896,695.3979583673417,698.2557581962486,171902
2021-08-30,715.6407470703125,722.8804837838386,706.9244338491594,713.9736970771371,218410
2021-08-31,715.7359619140625,719.0224434284714,711.2587885830488,715.5931068042721,168262
2021-09-01,719.4035034179688,725.8811715355376,711.6874088352912,718.7366718156997,194882
2021-09-02,740.7417602539062,744.933223643777,718.7367228123143,719.1654044543384,653911
2021-09-03,738.0269165039062,752.4111545432398,731.1205658815721,750.6488676412754,439856
2021-09-06,742.5516967773438,749.410428375995,734.6927468114515,738.2649967959479,306349
2021-09-07,730.8347778320312,747.1718339796114,728.7390460711205,747.1718339796114,195661
2021-09-08,729.1676635742188,735.3595634209072,724.1188953276443,730.8347135329426,133027
2021-09-09,729.5010986328125,733.3114987908759,724.928630071555,728.5961169668541,98671
2021-09-13,736.7409057617188,740.5036294651302,725.9288602526842,728.7390420432304,129941
2021-09-14,743.2185668945312,746.7431986901948,737.2171982381811,738.503185042366,253775
2021-09-15,752.31591796875,756.8883867534364,743.3138355270297,745.8858673878206,428396
2021-09-16,745.8858032226562,756.8883216417755,743.0280032103088,756.2691665243543,185281
2021-09-17,741.3609008789062,751.6489685688215,730.6441515889767,747.7909504528641,296309
2021-09-20,744.6475219726562,755.4118916502237,728.9772384430437,737.3124894543166,528098
2021-09-21,744.3616943359375,754.3639947535604,731.6444489197044,745.4095311228515,219767
2021-09-22,774.7971801757812,782.6085117379884,739.408125361002,743.9805936938267,1143768
2021-09-23,781.3701782226562,799.7553472583004,772.1775646337882,781.4654149692602,807108
2021-09-24,753.6495971679688,784.5614240960109,750.8394152266659,781.0844685941415,422450
2021-09-27,750.8870239257812,765.5094121085381,747.2671551978186,752.3159240664584,335946
2021-09-28,744.31396484375,760.9368459830849,738.312596648742,752.553977858146,260349
2021-09-29,757.0787963867188,760.174746167476,738.5030977021752,743.0279473817435,175883
2021-09-30,751.6966552734375,762.0324004134806,748.7436184574774,753.9829185866328,290745
2021-10-01,750.7916870117188,756.3643735600807,745.8857739263768,747.7909738597775,127931
2021-10-04,757.03125,769.2245186674875,750.9345865952106,752.5540182629288,205379
2021-10-05,750.0772705078125,761.0321706137132,749.2675256147307,761.0321706137132,135258
2021-10-06,741.7896118164062,754.887861466573,739.2175802566832,748.743580002259,755192
2021-10-07,741.0276489257812,747.7910864508548,738.5984721312764,743.1233226543866,214567
2021-10-08,740.1702270507812,747.7910273292964,739.2176270159669,744.742695589472,117586
2021-10-11,781.1796264648438,795.4210082408068,738.2650076486531,744.0758444520192,1371722
2021-10-12,783.4659423828125,823.0940821989674,779.3220971762213,790.6580613121123,3340693
2021-10-13,777.3692626953125,786.800026489868,765.8904436692358,783.4659262997656,327875
2021-10-14,768.3671264648438,783.4182527771792,765.6998581289413,781.2749028058504,282241
2021-10-18,772.7492065429688,775.4164751731304,764.1758057118162,771.1297747575542,298155
2021-10-19,756.459716796875,780.9891693927485,752.9351429375525,774.4638819590341,234519
2021-10-20,739.8844604492188,755.4118294256401,731.4539152355688,753.5066293514266,280780
2021-10-21,750.6964721679688,757.1741410037533,737.1695395701842,739.6939530079246,315612
2021-10-22,731.3587036132812,749.8391682248538,725.881253211749,743.9806545385512,182031
2021-10-25,725.4525146484375,731.5015595026466,719.0224646814376,725.8811962746554,166200
2021-10-26,721.070556640625,730.8347063022607,705.8765755387353,725.5954064838221,236099
2021-10-27,720.9276733398438,728.6913866501832,719.213004956445,722.0708049761396,169191
2021-10-28,709.4011840820312,719.1177150592156,704.0665895543193,719.1177150592156,180491
2021-10-29,740.3131103515625,746.362097070988,701.8756656171519,712.4971788323049,277147
2021-11-01,742.4088134765625,744.9332268243,728.7866446144599,740.3131399147713,163511
2021-11-02,741.9324951171875,748.6959900787795,739.2176083433811,745.6476584159557,178655
2021-11-03,736.502685546875,745.8857719370126,734.4545723670966,741.932458828915,176478
2021-11-04,741.1704711914062,743.2185845942018,736.6932392439164,742.0754528843181,23498
2021-11-08,749.0293579101562,752.1729262378333,730.6441897953533,742.0753896356979,205533
2021-11-09,743.3613891601562,760.1748024716599,739.3128391469926,749.0293708070033,159921
2021-11-10,757.507568359375,768.7482372760084,728.2151169390066,744.8379993734553,1042016
2021-11-11,732.8351440429688,745.8857752381327,720.1655760919903,743.0279753330058,1771070
2021-11-12,743.4566650390625,744.9331833776978,727.8340021308278,733.5019836327715,326310
2021-11-15,749.0770263671875,756.4596767577085,737.7887390269054,743.0280393040493,173517
2021-11-16,749.6961669921875,754.8402300225393,740.3130806621443,748.7435670341288,401688
2021-11-17,748.4578247070312,756.8406930010924,738.3602299151552,749.6961930671614,874209
2021-11-18,723.97607421875,752.8874639257789,717.8794103369116,748.4579083569348,241425
2021-11-22,700.87548828125,726.0717712858685,690.015824431268,723.0234394909531,624209
2021-11-23,727.9769287109375,738.169760298506,692.7307288521921,698.2557972016316,731269
2021-11-24,743.8377075195312,746.6955075993534,721.4039885213459,734.4546205142852,235761
2021-11-25,751.88720703125,755.4118388408934,737.5505879225243,742.0754381551778,441068
2021-11-26,758.8411254882812,775.7497752374977,739.1223522944156,746.8383889231378,1850645
2021-11-29,761.7942504882812,766.8430189848564,744.1711500519833,759.0316871630521,306591
2021-11-30,768.4624633789062,774.4162136248967,756.6501996340241,766.8430316835784,389441
2021-12-01,776.8453369140625,783.0372372082886,757.4599492497455,760.1748361219153,333627
2021-12-02,765.5093383789062,782.8466700443706,759.7937383666931,772.558601650805,301899
2021-12-03,769.51025390625,778.464716994759,762.2705172991792,765.509322353042,308590
2021-12-06,767.3193359375,785.8950368074953,761.1274356475016,769.5103044116963,309838
2021-12-07,754.3639526367188,775.892689076796,752.5539894053638,770.939157518115,134556
2021-12-08,779.0839233398438,782.9420000347449,753.2684853840256,756.3644355294547,829196
2021-12-09,771.2726440429688,780.6081127871855,758.3172486405871,775.4164309515363,269505
2021-12-10,772.2251586914062,776.3689451417704,762.079946151431,770.6533455456346,312892
2021-12-13,758.1743774414062,782.0846146319034,748.8388507530774,781.2272513590272,162293
2021-12-14,759.2698364257812,776.3214000880756,750.6964362219197,759.222218053067,423851
2021-12-15,755.2212524414062,766.4143022053069,750.1724841763198,757.3169840256181,134073
2021-12-16,737.979248046875,759.269835263709,720.1179976495005,759.269835263709,289334
2021-12-17,712.6400756835938,738.2174219664576,708.5915254623709,734.5022585066159,547860
2021-12-20,728.0245361328125,733.1685992916659,692.6831000628213,705.4002865637523,887095
2021-12-21,719.97509765625,743.0280302223358,714.8787107057927,731.5968297573768,357583
2021-12-22,747.4099731445312,755.4118367910847,718.2604349816871,728.5008854804314,549652
2021-12-23,746.7908325195312,752.554051283856,739.8368636740612,747.4099876764706,209254
2021-12-24,731.7872924804688,749.6961598939918,730.0726242006152,749.4103915376973,118533
2021-12-27,744.31396484375,749.648559572048,719.2129788391142,728.2626785728514,288545
2021-12-28,759.74609375,765.8903751792963,738.3602128146481,740.1701760128274,297791
2021-12-29,766.6524658203125,771.5107606893989,756.6501658535982,761.0797790956933,209361
2021-12-30,761.7942504882812,777.3216192442768,755.2689054414783,766.9859322452305,377002
2021-12-31,763.8899536132812,771.3678402620425,757.936203688443,763.9375719842621,207791
2022-01-03,769.7008056640625,771.6060056780825,763.4612872465652,763.9852056220027,272874
2022-01-04,801.374755859375,808.328724281802,764.1757372158066,771.6060056417163,1477317
2022-01-05,777.8455200195312,803.9944017033484,774.5114200124676,801.1366016972939,548471
2022-01-06,779.0839233398438,788.990987062054,760.508222467269,771.6060362454135,424105
2022-01-07,768.3671264648438,782.9895711544956,765.9856264967007,781.1319895509262,302048
2022-01-10,784.6090087890625,789.1814771346076,769.9389456157618,776.0356088378817,387633
2022-01-11,780.0364990234375,788.7528124174961,775.4164122075384,788.7528124174961,409224
2022-01-12,768.7481689453125,787.4667814459832,767.7955689837942,783.0371683680878,306482
2022-01-13,767.4622802734375,783.7993368147736,766.2715301694584,772.7491991066856,418704
2022-01-14,764.652099609375,773.5112687685764,763.2231994823395,769.7008684298149,126683
2022-01-17,761.12744140625,771.4631287116879,753.3637277270587,771.4631287116879,214722
2022-01-18,750.2677612304688,770.4628935180172,747.8862611527411,762.0800248728344,129324
2022-01-19,751.934814453125,756.9836411528539,735.931145491783,747.7910275572559,190426
2022-01-20,745.5047607421875,755.840505960166,743.123260665523,755.6975926987294,139420
2022-01-21,737.4075927734375,743.9805556383445,731.5967563767588,743.9805556383445,400857
2022-01-24,720.1655883789062,739.2175880714699,709.1154518140548,737.4076248438408,412915
2022-01-25,721.7850341796875,733.1686158483426,706.6862892410645,711.5922025152412,160496
2022-01-27,701.1611938476562,725.5954062498772,693.5880124841191,718.2603748780105,292729
2022-01-28,710.6873168945312,719.6417813927292,680.1564942904455,680.1564942904455,276146
2022-01-31,720.8800659179688,731.5968161546085,712.4495789886486,714.3547790307179,110505
2022-02-01,726.119384765625,730.5013217185904,716.1647026605903,724.4999530596708,116845
2022-02-02,736.5980224609375,738.2650726249293,724.8810529367287,731.5968719689622,92621
2022-02-03,725.4525146484375,738.217377839762,720.8800463003221,736.5979462196552,116034
2022-02-04,712.1161499023438,729.0724190247079,710.5443947180041,724.928632098067,120448
2022-02-07,698.0177001953125,725.8812521990149,696.5888000925585,712.1161695807328,146293
2022-02-08,696.826904296875,707.1149727318968,689.1108675061312,705.63845435121,502455
2022-02-09,717.927001953125,720.8324202789614,695.4932257926714,695.4932257926714,130943
2022-02-10,722.49951171875,735.8835306477437,707.7818294773767,723.9760301518254,949804
2022-02-11,716.7362670898438,726.166972255024,711.0682854311142,714.4500038207811,158556
2022-02-14,701.7804565429688,714.4500253643447,698.2558247894195,714.4500253643447,262415
2022-02-15,708.2105102539062,709.6870286851683,695.6837964907472,703.9714284541468,136257
2022-02-16,701.1135864257812,716.2599493893694,699.5417731993771,713.4973861860192,108218
2022-02-17,680.8231811523438,704.6381793867052,677.9177629961688,704.4476477724132,410566
2022-02-18,667.0105590820312,684.7288965544677,664.0098457016884,671.5830276418124,622597
2022-02-21,659.10400390625,666.820041125291,651.8642085744908,665.8674410665407,235030
2022-02-22,660.6757202148438,665.9150202294612,646.1485701743135,651.5784018178805,279269
2022-02-23,684.4906616210938,689.2060428585638,663.3906082557336,664.0097633191461,485514
2022-02-24,669.1538696289062,688.9203192744471,659.6754881704582,666.9629012966135,409814
2022-02-25,691.3494262695312,694.6359077851413,669.1538586598089,672.5355769153139,334637
2022-02-28,690.9208374023438,699.1132331061101,684.4431683835697,684.4431683835697,331395
2022-03-02,700.7326049804688,704.4953869753062,684.9670850736412,685.3957667438042,198357
2022-03-03,697.7318725585938,714.0213090900113,695.350372589551,703.0187908614511,158833
2022-03-04,678.4894409179688,695.3504748057748,675.3934905031097,694.9217931199132,201563
2022-03-07,676.0126953125,681.1090826742729,662.438143664796,667.772681055476,114566
2022-03-08,682.0616455078125,693.349933004142,669.7254630563125,681.2995770853845,180463
2022-03-09,687.9201049804688,690.968378430123,677.6796551036716,685.8719917482737,727208
2022-03-10,688.539306640625,699.303675610491,681.1090378560683,697.7795387826154,149939
2022-03-11,699.0178833007812,700.9230833414714,683.5381329701742,688.5392830769857,202266
2022-03-14,694.1596069335938,705.0192116620079,690.7778886823168,699.0178435039254,148607
2022-03-15,697.8270874023438,703.0663871698262,691.1112693288067,701.0183321459717,101332
2022-03-16,699.4465942382812,704.7335129442479,696.779325698001,701.4947076246553,91619
2022-03-17,691.9686889648438,707.2579079044506,690.2539623874663,702.9712077451911,261392
2022-03-21,718.1174926757812,729.596369284284,694.2072557350864,695.5885373749156,539490
2022-03-22,700.8279418945312,717.3555312380954,691.3971771538878,717.3079128590213,488229
2022-03-23,702.1614990234375,709.5441496782634,697.6843251399933,701.3041938326502,148303
2022-03-24,729.0723876953125,734.4546009591775,696.8269009100367,696.8269009100367,369125
2022-03-25,721.6897583007812,738.4079353138422,712.497202911444,738.2650220527374,415525
2022-03-28,725.5001220703125,731.5491668332278,711.4969488671911,727.3100852905429,421074
2022-03-29,724.2142333984375,732.5494843583011,717.3078826031219,730.6442841389038,251062
2022-03-30,716.3076171875,731.0252995465361,713.4974354195784,728.739036176205,185278
2022-03-31,706.4481811523438,723.3092138406904,704.447744283427,723.3092138406904,151790
2022-04-01,716.9744262695312,719.2130130533244,707.0197444604412,707.4960444690857,183382
2022-04-04,719.97509765625,726.1669979081029,716.9744424194536,719.2130292536713,167708
2022-04-05,723.071044921875,732.7399585337417,720.2608631902706,723.9284082101923,218401
2022-04-06,724.0236206054688,729.167683878176,719.0224705900383,723.0710206025296,123160
2022-04-07,738.1220703125,747.0289149994868,724.6428154978033,730.5489469947503,592559
2022-04-08,734.9785766601562,743.9330406271393,725.1191891350787,743.9330406271393,258282
2022-04-11,738.9318237304688,744.5521287851432,731.0728738144678,735.4071921397232,127939
2022-04-12,731.882568359375,743.8853632444287,722.1660367311191,742.5516999876149,224183
2022-04-13,733.6448974609375,737.312384125138,727.4053210816081,733.4543658366218,67157
2022-04-18,738.407958984375,741.0752275211336,729.310581907328,733.5020454237296,108709
2022-04-19,714.1642456054688,738.2650144487318,709.687013889426,738.2650144487318,314498
2022-04-20,722.166015625,729.2152786756957,713.640292387988,714.1642107442492,82047
2022-04-21,734.5498046875,736.3597678653493,706.7815507845571,706.8291691540611,182192
2022-04-22,730.3108520507812,734.4546390140623,722.7376700200776,728.7390387104509,72172
2022-04-25,728.7866821289062,731.5968640031708,717.0697127322745,727.7864636698209,241284
2022-04-26,745.0761108398438,750.6487975649303,731.5967976267341,738.2649976051027,373205
2022-04-27,747.1717529296875,751.6966027249141,743.9805663309415,746.8383662016109,291270
2022-04-28,747.838623046875,755.316567978879,745.3142679163473,752.5063863328926,316097
2022-04-29,744.12353515625,754.5068405765747,734.2640899808345,752.5540221475217,257433
2022-05-02,749.315185546875,754.4592491387493,723.9284287786619,725.5478605125552,190613
2022-05-04,699.0655517578125,738.1221553901634,685.8720637876248,735.8359500627951,1414754
2022-05-05,695.1122436523438,703.6856438006449,685.8720118640899,699.303648839592,353333
2022-05-06,690.635009765625,695.3980098329741,673.5834462676788,681.1090096309267,223774
2022-05-09,691.20654296875,697.2555879084867,678.7751244852002,684.3478694206469,127672
2022-05-10,685.1575317382812,699.2083813637795,681.5852818334936,686.8245816938488,208656
2022-05-11,691.9686889648438,698.7321259592828,682.2521569754374,685.1575754549615,310591
2022-05-12,693.1117553710938,696.3506187149767,678.584604980665,691.9686818540446,350795
2022-05-13,706.4005126953125,715.9741309899658,698.3034127603765,699.2083943815226,390207
2022-05-16,704.1143188476562,713.0211056615422,699.2560239238264,707.781805619941,148856
2022-05-17,712.5924682617188,713.4974499534964,698.255848886399,704.1143625534021,291063
2022-05-18,714.7357788085938,723.9760105719433,708.6391736048213,713.5926471634831,349350
2022-05-19,698.4462890625,719.1653377998041,695.8266392221512,709.6869567490339,214136
2022-05-20,717.7841186523438,720.5943003537872,702.209131504448,702.209131504448,141547
2022-05-23,725.4049072265625,738.2173889826198,711.5922070889588,717.7841071506432,154359
2022-05-24,721.1658325195312,738.5031644880759,717.7841140816062,729.0724010462257,188985
2022-05-25,704.2572021484375,728.6914165771619,702.399620430928,724.7857215045872,125073
2022-05-26,703.2569580078125,706.0671396682293,692.0162895082358,705.8766080376417,121949
2022-05-27,698.9226684570312,710.2109557950135,696.3506366930842,707.3055372703351,62830
2022-05-30,701.6375732421875,706.2577184887535,695.9219727952068,700.1610547551364,73940
2022-05-31,697.30322265625,704.9240229038593,692.6354592477526,700.8278543991877,130033
2022-06-01,688.2059326171875,704.9240522274051,685.8720508158536,697.3032516627845,71706
2022-06-02,698.4939575195312,703.7332575759341,683.2047389833555,683.2047389833555,49447
2022-06-03,696.25537109375,704.5906211875699,687.6342944830409,701.9709711580837,65109
2022-06-06,695.779052734375,701.3041210224,689.8729211952772,696.2553527271718,93571
2022-06-07,690.2539672851562,695.2551175064445,681.1566485110409,692.1591673694566,87648
2022-06-08,698.4939575195312,700.7802208009796,685.2527941201496,690.2539441739887,41555
2022-06-09,697.4937744140625,713.4974437673412,691.8734108124625,694.6359742387594,201986
2022-06-10,696.9697875976562,706.4004923652078,691.9209612698586,697.49370594995,99320
2022-06-13,687.1103515625,698.2557829182624,683.9667832678205,693.3975462939475,106961
2022-06-14,692.87353515625,696.9697613649431,685.0145857413769,685.0145857413769,40141
2022-06-15,701.92333984375,704.3048400239107,689.0632388708818,695.3028158565784,57925
2022-06-16,690.6826171875,706.8291987882368,688.2534988200824,704.9239987915031,98760
2022-06-17,686.443603515625,694.1596991514471,674.7742523805116,688.1106536777841,117161
2022-06-20,676.7747192382812,692.7783884992225,669.8683688544802,682.1092562778973,101868
2022-06-21,693.0641479492188,697.9700614154225,673.2500787320391,676.7747105108765,75587
2022-06-22,684.6336059570312,694.8740555730499,677.774874585792,692.5401740321444,86558
2022-06-23,690.3968505859375,695.3980005901819,681.2519138350121,683.3952638368312,48780
2022-06-24,692.1591796875,707.019775494765,675.6792102934345,694.0643798057063,58046
2022-06-27,713.306884765625,721.9279033353453,692.68312917688,695.6361659879142,180286
2022-06-28,703.2093505859375,712.5448192091905,701.3517689074417,708.639182360736,42625
2022-06-29,704.0189819335938,709.4011949118619,688.2534643779894,706.73392667833,564716
2022-06-30,693.73095703125,702.4472703764293,689.0155753550397,696.3506070578012,254995
2022-07-01,695.3028564453125,696.9222301486784,683.0142915414926,693.2547429139767,63552
2022-07-04,694.4930419921875,700.1134054401792,688.9679734326908,693.4928235865867,24836
2022-07-05,689.2537841796875,697.7319482459959,685.9196838613566,694.4930846799219,23911
2022-07-06,695.779052734375,700.1609894112698,688.729789584147,692.9212527775943,18363
2022-07-07,708.8773193359375,712.2114193645297,693.5404243191593,699.2560243681745,60548
2022-07-08,698.208251953125,709.8776031284816,685.8720690821859,708.9250030325342,161013
2022-07-11,699.2084350585938,709.687035583995,691.8734030623943,698.25583501083,48702
2022-07-12,694.77880859375,699.4465719973857,690.6350217202651,699.2084219898959,37441
2022-07-13,687.4437866210938,698.3033913150729,684.9193734620688,698.2557729453358,101726
2022-07-14,676.8699951171875,690.6826966833141,674.9647949011701,687.7772779823068,60023
2022-07-15,669.963623046875,678.2512553516412,666.8200544187484,677.2986552739002,41392
2022-07-18,671.67822265625,677.2509674246284,667.2486676344037,671.5829859150833,44640
2022-07-19,673.297607421875,683.014138170712,671.5829392055119,671.6781759400548,41436
2022-07-20,680.0612182617188,682.7761052244689,674.4408545502951,675.3934546273435,74931
2022-07-21,681.0137939453125,682.3473991201547,674.4884487660074,679.2038306069143,49330
2022-07-22,674.2979125976562,684.3478894966727,671.5830257503958,683.0142261887004,30426
2022-07-25,667.6297607421875,675.9173932891935,666.820073909279,674.4408747539565,26653
2022-07-26,673.4405517578125,675.5362832932738,660.1993890882912,668.5346387185795,72428
2022-07-27,666.86767578125,671.7735894604289,652.5310561754493,667.105825801752,120385
2022-07-28,667.8201904296875,671.4877351614897,658.3418091978492,670.2493086996342,64108
2022-07-29,668.7252197265625,674.3932015221789,662.1046379028456,671.2496330578655,118226
2022-08-01,671.6306762695312,673.7740264542989,665.8674574011308,671.5830578938443,71839
2022-08-02,666.7723999023438,674.3455817383165,665.8674182491234,674.3455817383165,46604
2022-08-03,660.0565795898438,673.4405982926115,657.2940162646486,673.4405982926115,91036
2022-08-04,669.6301879882812,671.5830063784103,659.9612746396141,663.4382879294732,94915
2022-08-05,640.7664794921875,656.6748546229475,638.3373027274142,638.3373027274142,429802
2022-08-08,632.2882080078125,646.8153570430202,631.0498397184742,646.8153570430202,125737
2022-08-10,621.9049072265625,632.1453575638475,618.7613387514422,627.8586574226584,165695
2022-08-11,619.2376708984375,624.9056530076423,618.1422156907694,624.9056530076423,85578
2022-08-12,621.5714721679688,627.9062851411514,617.5705407186999,622.0477721466415,88339
2022-08-16,627.0012817382812,638.1943308476567,622.6192872017001,637.2893492912476,131319
2022-08-17,634.6428833007812,638.7538913093085,630.1933453071769,630.1933453071769,78862
2022-08-18,633.7240600585938,637.3514204137202,630.6770537446602,635.271710194487,95704
2022-08-19,630.4835815429688,636.8677711795351,628.7424603835664,633.8207648712797,72401
2022-08-22,628.4522705078125,632.273101804413,621.004078937047,632.273101804413,110240
2022-08-23,628.8391723632812,631.4992366440719,620.9557445545611,622.7452187278292,81291
2022-08-24,636.239013671875,639.2376079846135,630.6770610628088,630.6770610628088,66869
2022-08-25,632.2246704101562,642.0427488672169,629.4195473074711,642.0427488672169,69129
2022-08-26,629.7097778320312,638.4154429633496,627.2915375177762,633.5789623348394,55703
2022-08-29,629.12939453125,641.4140075254395,621.004083837377,623.9059720796077,135114
2022-08-30,627.0013427734375,633.192002379586,625.8405756475757,633.192002379586,62337
2022-09-01,621.2942504882812,631.644330187373,620.0851304075244,630.2900920812989,125558
2022-09-02,622.8419799804688,627.775166455633,621.0040937819975,621.9713898782312,105065
2022-09-05,619.0694580078125,626.1307072054013,614.4264488805668,626.1307072054013,148896
2022-09-06,615.8290405273438,622.3582887236118,614.7166264782797,622.3582887236118,48538
2022-09-07,613.1205444335938,621.777855419509,610.9441284390986,615.8290204579931,115735
2022-09-08,612.1532592773438,618.1021533832777,611.2827282875659,617.6185053759355,62884
2022-09-09,615.2003173828125,618.1022056723541,613.2657251897848,613.2657251897848,93492
2022-09-12,615.2486572265625,620.5687856436509,613.459183101896,615.2003042305843,106178
2022-09-13,610.1220092773438,619.0694981173206,607.9455930730251,618.2956730524876,100460
2022-09-14,606.3494873046875,612.7336764683731,604.5600132810013,608.4291973659997,260479
2022-09-15,602.673828125,610.7991390457165,599.7235868041804,609.6383719086043,120862
2022-09-16,589.9539184570312,606.9299533035323,578.443071184062,604.5600660368541,249078
2022-09-19,585.3108520507812,592.6623379040108,580.3776655095775,590.8244516809361,79801
2022-09-20,587.7290649414062,590.0505991109119,583.3762326528831,584.2468227262143,133758
2022-09-21,586.71337890625,591.8884479465704,583.6180198883394,590.6793279426258,142324
2022-09-22,589.7604370117188,591.5499111599545,581.3449492333066,581.3449492333066,83755
2022-09-23,589.4218139648438,599.723540329681,580.3292666800583,589.7604029997589,208447
2022-09-26,576.1215209960938,586.7134248682094,571.768688640901,585.2141277536787,71403
2022-09-27,580.5228271484375,582.1188304250336,568.3832128350546,575.5412281963189,59724
2022-09-28,582.5540771484375,589.3251498591707,577.4757726153877,577.4757726153877,149292
2022-09-29,580.1841430664062,587.8258052674041,558.855277556819,585.2140941962363,168594
2022-09-30,584.8756103515625,586.6650845205402,573.6065871734219,575.5411793729949,107898
2022-10-03,595.08056640625,598.1759257022219,585.2141344799318,585.2141344799318,106542
2022-10-04,601.1744995117188,607.365217893033,596.0478422166967,598.0791403210617,130714
2022-10-06,602.4803466796875,608.8161833071598,600.739225523655,603.5927607999942,49103
2022-10-07,597.3053588867188,605.4790229740353,585.2625102883951,602.4803695545626,140501
2022-10-10,591.2597045898438,597.1118338254149,585.3108103268107,591.8884706316185,62381
2022-10-11,578.15283203125,593.1459200577905,575.5411210188142,591.9851530479233,124469
2022-10-12,563.3048706054688,582.6507929621647,561.56374940118,579.4103745830461,204865
2022-10-13,556.7755737304688,568.6733621836748,553.6318616189767,564.8525310403562,224475
2022-10-14,553.0999145507812,561.9990507421194,551.3587933270362,561.0317546134754,90371
2022-10-17,552.3744506835938,556.2436352558127,548.0699710391859,549.424209255091,53026
2022-10-18,541.8309326171875,555.1312539574918,538.8806322886289,554.1639578600151,204186
2022-10-19,534.6729125976562,541.6858092350747,533.1736154691941,537.8166248833955,78558
2022-10-20,525.4835815429688,540.2348463722927,522.3398693662276,534.9147180731923,456564
2022-10-21,525.677001953125,531.0454827302914,523.5489390305468,528.0952418562684,34558
2022-10-24,530.5135498046875,532.0128469291287,527.6116615487105,532.0128469291287,12365
2022-10-25,530.2233276367188,540.476641652442,528.1919706070706,536.8492816413518,118085
2022-10-27,531.0938720703125,533.9474071591388,524.5162708913823,532.0128151042145,200934
2022-10-28,531.5291748046875,536.2205369903403,529.6429357159479,533.7539438923263,46218
2022-10-31,532.1094970703125,541.5890449427582,530.5618471118642,534.0925010683426,77091
2022-11-01,558.9520263671875,563.7401538579898,532.0128536653945,533.0768557570979,302440
2022-11-02,591.695068359375,599.6269086185916,556.533817788557,559.7259423234276,858338
2022-11-03,636.6259155273438,652.9248302672786,583.9082810835413,585.2141071284498,2634201
2022-11-04,635.1265869140625,638.221946199328,621.5844417002098,636.6259430797076,266812
2022-11-07,607.55859375,632.6115837559604,603.3508797672481,629.3227537416041,365923
2022-11-09,600.3523559570312,613.2657354458227,595.8544054173924,608.4292548823698,303676
2022-11-10,596.3863525390625,612.7820319742851,585.2140952556315,603.3992487218779,118721
2022-11-11,618.3923950195312,623.2288755985031,590.0022776365942,600.0621218174139,365196
2022-11-14,619.0694580078125,622.9386421203614,607.9939066778287,619.0694580078125,153440
2022-11-15,625.1634521484375,631.4025237466237,619.0694985796081,622.1648578803198,158516
2022-11-16,614.9100952148438,628.3071215523208,609.4932020486345,625.1634094694627,59261
2022-11-17,613.7977294921875,617.9570909214552,609.3965440375082,617.9570909214552,31247
2022-11-18,605.47900390625,616.2159669705374,599.7235803195631,613.7977267273134,83185
2022-11-21,604.56005859375,613.6526654906273,599.9654021484375,608.42924296875,61903
2022-11-22,595.08056640625,605.3822343418361,593.0008561970164,600.8843429465469,99057
2022-11-23,590.3407592773438,597.7889505663229,587.9225191860561,595.1288864659064,196379
2022-11-24,580.1358032226562,593.1459468409649,576.5567960469002,591.9851797786838,420929
2022-11-25,578.2979125976562,587.1970479534531,576.6535565646067,583.0376867986214,216727
2022-11-28,580.426025390625,585.0690349619503,578.4430801510982,580.3776723924063,82502
2022-11-29,578.0560913085938,585.8428716809769,576.6051472450289,583.3762195416647,53060
2022-11-30,575.1542358398438,581.0547774568239,573.6065856997888,576.5084739916932,44988
2022-12-01,575.1542358398438,588.0193211652085,572.4458185752133,576.5084739916932,103905
2022-12-02,579.1201782226562,581.5384184365148,575.5411708983321,578.0561171051179,44097
2022-12-05,577.3790283203125,586.1330456506759,576.1699082736031,582.2155085071503,33877
2022-12-06,571.3818359375,580.232560105706,570.7047168385216,580.232560105706,38004
2022-12-07,568.9152221679688,571.623639427479,565.868215851602,565.964921845522,26340
2022-12-08,580.1358032226562,581.6834532796541,569.2537227120187,569.2537227120187,80821
2022-12-09,576.3633422851562,588.6963672331045,567.8511486386994,583.0377088137903,152347
2022-12-12,577.3306274414062,578.8783365545354,571.2850270910561,578.6365125405214,31826
2022-12-13,575.4927978515625,578.6365100200509,571.7203196337501,577.330624926624,63761
2022-12-14,578.2495727539062,583.279524072795,573.026209454306,575.5411555942172,40112
2022-12-15,567.4158325195312,579.4103270115227,564.9008864352742,573.7516688024117,47483
2022-12-16,564.1270751953125,571.1399716451742,560.9350099983611,566.835492361239,38018
2022-12-19,561.563720703125,569.7373842889375,544.4425684845914,563.933607878524,155167
2022-12-20,557.8397216796875,564.4173239296649,555.1796571710215,557.1626025423941,25467
2022-12-21,578.3946533203125,584.9722542933094,556.969023367198,560.7415013718166,155414
2022-12-22,569.7373657226562,583.0860392237952,568.7700696857756,581.296565171192,56844
2022-12-23,561.0800170898438,580.3775835507173,555.7598892406289,566.8354399345338,96912
2022-12-26,567.222412109375,573.1228942403591,560.5963989213012,565.8681740601013,72330
2022-12-27,576.0248413085938,580.3776738625629,565.0944069253295,567.1740581665616,48667
2022-12-28,569.3504638671875,579.4103669762253,567.851166712041,579.4103669762253,27020
2022-12-29,561.563720703125,573.6065685625466,559.1938335277262,569.3504422459499,40856
2022-12-30,554.1639404296875,566.5936712756784,553.2449973581748,561.0317188901297,72581
2023-01-02,550.2947387695312,556.9690459978096,547.4895566481111,556.9690459978096,150760
2023-01-03,554.8410034179688,556.3887125569838,550.584936123578,551.358761173552,56980
2023-01-04,554.0671997070312,563.5466897722018,549.5693082213526,556.098556960398,96721
2023-01-05,549.5209350585938,563.836965723013,547.0543416127219,550.5849962777456,63838
2023-01-06,542.9432373046875,550.5848993810089,542.6530603101952,548.5535423414366,89746
2023-01-09,542.9432373046875,548.4568363562935,540.3315262761306,546.3771263241498,46565
2023-01-10,539.9446411132812,546.9575371406274,538.2035201143044,545.8451231206647,39370
2023-01-11,538.0584716796875,543.6204244206461,534.6245822300402,542.6531282917838,353856
2023-01-12,539.1708374023438,541.6857834958054,534.9147112021078,540.7184874538485,45939
2023-01-13,537.0427856445312,541.6857949361709,535.8820185618547,540.7184988737848,29296
2023-01-16,534.140869140625,540.6217642228488,532.980102119485,539.7028212044853,30221
2023-01-17,532.8349609375,537.623087792127,532.0127829794287,534.1408459191586,50753
2023-01-18,534.963134765625,536.7042560630128,532.3514233000068,533.9474855954048,30330
2023-01-19,540.1381225585938,542.7014215946806,534.8179944350509,534.9630534149819,78983
2023-01-20,536.46240234375,541.6374719880404,535.0114581696803,540.7185288699824,22980
2023-01-23,541.2988891601562,541.6858312266605,533.2703431122894,538.203588784403,98414
2023-01-24,533.2219848632812,541.6858258928571,532.1095707123377,541.4440018634407,31249
2023-01-25,528.1436767578125,535.6885746179673,525.6770834818673,535.6885746179673,36187
2023-01-27,520.9856567382812,533.0285050117582,514.6015260829548,524.3711930940902,58259
2023-01-30,519.051025390625,528.1436316761328,517.8903173874234,520.9856174480468,26157
2023-01-31,520.6470947265625,522.3398628004529,516.7779105576702,516.7779105576702,28334
2023-02-01,522.0013427734375,536.0754886488377,517.5517454707688,523.2588158445368,39032
2023-02-02,523.2588500976562,529.8364519331936,516.5361302278875,516.5361302278875,120679
2023-02-03,517.6485595703125,523.3555714460055,508.0723040459641,523.3072184462,148702
2023-02-06,511.0224914550781,518.4706828485893,509.76501839777336,517.6485048216384,70799
2023-02-07,505.7991638183594,512.1349415847047,501.3495662512332,507.975580084292,155363
2023-02-08,509.6683349609375,511.8931041667777,504.1063824268029,507.73374277515154,60180
2023-02-09,504.5415954589844,513.5374959444428,503.9612414453069,508.8944276787615,45823
2023-02-10,507.4918518066406,512.328331633106,502.22007698798126,502.9939019524036,53910
2023-02-13,498.0607604980469,507.782074007127,495.4490493513669,507.49189699951046,54902
2023-02-14,481.42327880859375,497.0934873723099,478.81156754146303,497.0934873723099,106158
2023-02-15,485.0022583007813,492.3537145596056,478.61809814128816,481.13307390345625,117136
2023-02-16,495.6908874511719,505.895849275981,485.6309846147606,487.4688707803385,129254
2023-02-17,488.7263488769531,492.4504447228219,486.64666818989417,492.4504447228219,165173
2023-02-20,498.3026123046875,504.2514479293636,487.9041496522648,488.7263572457489,222587
2023-02-21,503.4292297363281,505.2670567666588,489.4517903195864,498.3025725941532,378086
2023-02-22,503.7677612304688,507.78206337548943,498.3992800652354,502.7037592117971,299436
2023-02-23,507.6369934082031,508.41081849858426,499.22150533251687,503.7678089172274,60994
2023-02-24,513.9244384765625,517.5034460796945,505.46059706871705,509.28142871207314,92489
2023-02-27,493.3693542480469,512.5702168770728,490.9027610496013,509.7650346268766,148299
2023-02-28,494.5784912109375,499.12479475391297,489.1616565889259,494.28831418459214,57433
2023-03-01,490.6609497070313,495.400724241465,489.45182957468273,493.1275429692084,46797
2023-03-02,486.8401184082031,492.5955420474997,483.6964060632755,492.5955420474997,72471
2023-03-03,486.30810546875,493.3210020667578,460.91658330354926,464.30211959224266,509155
2023-03-06,508.5559692382813,512.4251539780875,488.5329264019693,488.7747504482072,189085
2023-03-08,495.4006958007813,508.50754547516834,493.5144566947917,507.8304264321124,77971
2023-03-09,488.3877868652344,501.2528424930362,485.824458146764,497.9156591957128,66450
2023-03-10,482.6323852539063,492.353698935888,477.8442579063431,488.0008666270245,92924
2023-03-13,472.3790283203125,482.293812757229,466.2366925457309,481.7134292277469,99909
2023-03-14,466.913818359375,480.2141391385008,464.3021071985698,465.1243147506406,130502
2023-03-15,469.5738830566406,475.9096604272801,466.2366998494898,469.3320590421959,70641
2023-03-16,470.6379089355469,486.1630291607419,464.9792503266371,472.0405000981606,173234
2023-03-17,463.8184814453125,475.2809461711734,461.6420652132959,472.0404983218196,64282
2023-03-20,464.108642578125,477.7959055842499,460.4812823156255,464.4472021065316,94560
2023-03-21,476.5384216308594,480.74616560393554,464.1570432581292,464.9792508537128,110829
2023-03-22,481.133056640625,483.64803231255695,476.5384003336557,477.8442559248063,55139
2023-03-23,473.6365356445313,482.6324072036951,469.8157337113704,478.2795746968678,47297
2023-03-24,468.8967590332031,476.5867744187655,467.2039909500508,473.6365037621232,48915
2023-03-27,473.0561218261719,475.52274446738073,462.94789580724,467.2039925267657,274697
2023-03-28,462.8995361328125,473.97508826853374,461.40023898794,471.07319997301215,119691
2023-03-29,453.32330322265625,467.0105368880248,447.18096719402166,461.40023141655934,242515
2023-03-31,480.1174011230469,492.7406027888104,455.5964403106983,463.7217212403583,1129562
2023-04-03,477.0220642089844,488.4845288593938,472.0404952146222,476.6351516741907,123902
2023-04-05,482.5840148925781,485.5342856879411,472.86270096576624,477.0220623578421,85434
2023-04-06,491.8700866699219,504.8318785478452,485.09901369708126,485.09901369708126,403889
2023-04-10,494.0948181152344,496.1745282702786,483.74476793310816,492.2569614959347,62852
2023-04-11,493.9497375488281,498.0607754100325,490.4191127593001,496.0294182177665,54162
2023-04-12,503.0906982421875,505.7507626242467,491.3864385767554,492.353734715686,148201
2023-04-13,507.8787841796875,509.5231992884792,503.042303882692,505.6056620557261,73655
2023-04-17,513.6825561523438,515.5687952598881,500.14041143632414,510.39378500189264,86596
2023-04-18,519.2445068359375,522.436571987,511.55449144537886,514.4563795898111,61650
2023-04-19,512.8120727539062,525.1450985513467,510.2003613654576,521.7595620579317,47636
2023-04-20,515.3753662109375,519.4863747630766,510.1035904950863,516.9714284409256,120101
2023-04-21,519.6314697265625,530.8520807197542,511.5545119769462,517.5034065274212,21545
2023-04-24,526.3541870117188,552.6645932296491,514.8916930083946,522.3398846529258,624964
2023-04-25,523.2588500976562,527.7567416509178,520.9373157843748,525.4836193750934,30610
2023-04-26,530.6586303710938,535.7853470630308,520.1634910341954,525.7254437509721,73291
2023-04-27,533.0768432617188,535.0114354115186,528.9658349433942,533.4637853073056,36797
2023-04-28,537.9617309570312,541.6857971971349,530.0782444000534,534.7696067065806,42141
2023-05-02,543.1367797851562,549.4242046624554,538.2519461113764,538.2519461113764,74895
2023-05-03,533.8023071289062,543.6203857541494,527.9018247781621,543.6203857541494,79233
2023-05-04,542.2178344726562,546.5223140638047,532.448167164312,536.6558817189095,372904
2023-05-05,536.5591430664062,545.0713366940997,534.9147279358245,545.0713366940997,26946
2023-05-08,573.6065673828125,579.4103437812895,539.2192040296494,545.5549814568402,1295203
2023-05-09,553.3417358398438,578.4430820615319,550.4398474682976,574.573897566137,180912
2023-05-10,557.5010375976562,564.900875767427,545.3614843525902,553.6802655493159,143823
2023-05-11,550.7784423828125,568.7701268617919,547.7314359447104,559.8709906200858,82568
2023-05-12,544.00732421875,553.2449897238099,540.0897279699963,551.358750611274,47939
2023-05-15,542.4596557617188,544.491013050168,537.8166461638021,543.6204229209654,25553
2023-05-16,541.782470703125,550.2463107768423,541.2021167136953,543.6203567347574,58991
2023-05-17,549.0856323242188,550.9234594156145,541.6857938462286,542.6530899066684,34643
2023-05-18,541.0570678710938,562.9179958798582,536.8493533121135,551.9391493571501,145182
2023-05-19,533.3186645507812,543.7655093374843,529.1109502621296,542.6047422457322,48943
2023-05-22,530.5618896484375,543.7170924671204,525.290114306287,533.9474258631495,67121
2023-05-23,533.5604858398438,542.1210914385573,528.2403574823292,529.6429485843963,150464
2023-05-24,533.5604858398438,538.2519071785466,529.1109475564581,529.159300551895,182757
2023-05-25,537.0911254882812,541.008662637204,531.3357022502021,535.7852994516619,31632
2023-05-26,528.5305786132812,546.5706142928918,527.1763405448795,537.3329489406982,174839
2023-05-29,536.752685546875,539.7512801543247,528.820844890914,531.1423203498534,64942
2023-05-30,537.2846069335938,544.0073263408744,534.9630727800218,538.7839040148705,41024
2023-05-31,528.6756591796875,539.993035090609,524.6614158827946,539.993035090609,130126
2023-06-01,530.9004516601562,542.1694750698315,525.6287350392612,531.2873937236485,62377
2023-06-02,535.7368774414062,542.5079495862094,532.9801073980763,533.5604613948624,54509
2023-06-05,535.9303588867188,541.6857821296594,534.9147098530386,538.4453640129026,33975
2023-06-06,534.7212524414062,538.5904366979129,527.1763549490315,538.4937307071268,43959
2023-06-07,539.5578002929688,542.6531598934018,530.3684865336331,537.5265019196925,94328
2023-06-08,571.6236572265625,585.0690379488528,543.1367745200563,543.3785985514544,2242992
2023-06-09,570.2693481445312,574.5254741836833,556.5337330607908,571.6235861676422,381712
2023-06-12,562.7244873046875,575.5411601998952,561.1284251775821,575.5411601998952,68014
2023-06-13,567.7545166015625,569.5439909565748,558.3717316503804,561.9990924016821,86351
2023-06-14,571.7686767578125,574.4287409195905,566.0133124390367,569.6890256547712,52258
2023-06-15,590.8244018554688,601.658129172497,568.963535247142,568.963535247142,693061
2023-06-16,595.709228515625,599.7235306022168,586.4715633601294,593.9197544996148,167097
2023-06-19,592.4204711914062,604.5600246791506,590.050584086851,595.6608893080605,82088
2023-06-20,587.7290649414062,592.904134307868,586.4715918658684,587.4388879299847,38338
2023-06-21,595.3223876953125,597.0635088415936,587.1970769605775,587.1970769605775,51454
2023-06-22,597.1118774414062,601.8032990026394,595.5158742818878,598.4661156122728,289881
2023-06-23,584.4886474609375,603.544391755272,580.8612872160413,598.7079114287438,105348
2023-06-26,613.6526489257812,622.89031456392,585.2141209215692,587.5356550995294,906836
2023-06-27,635.4168090820312,642.1394695064205,609.4448742983037,617.1348898273195,793079
2023-06-28,620.181884765625,640.3983367445643,618.1988806360532,638.4153916540579,298243
2023-06-30,615.5872802734375,634.014259727929,611.524624722753,623.7125323357363,95919
2023-07-03,605.3822021484375,630.1933691544098,601.3196060175275,620.9073507993797,208219
2023-07-04,617.1832885742188,629.5646673233986,609.0096244065139,610.2187445780954,309100
2023-07-05,621.5844116210938,628.7424259319449,609.3965051340389,617.0381674648378,77740
2023-07-06,635.271728515625,637.4481447914684,620.423756649388,621.5844647652484,161190
2023-07-07,635.4168090820312,641.317291466321,621.1007800804891,632.3214498644257,150551
2023-07-10,626.5177001953125,635.658660212578,624.9216380034314,635.4651891834001,45664
2023-07-11,636.0938720703125,640.8336464293411,624.8732612729877,628.7907985490066,105847
2023-07-12,635.7069702148438,645.1381066184782,629.7580759446175,636.3840892516356,101254
2023-07-13,631.402587890625,638.4154852666603,622.8903932282177,638.4154852666603,87883
2023-07-14,636.6742553710938,639.6244964391059,620.2785759418929,635.5134883334482,132314
2023-07-17,640.4466552734375,642.1878352973173,630.8704603374099,642.1878352973173,88248
2023-07-18,637.6415405273438,647.1210296015873,634.7396525022245,642.1878435745098,143687
2023-07-19,641.2205810546875,643.5904091677183,635.5618636867337,638.3670458731449,360281
2023-07-20,688.2311401367188,696.4531565684293,640.3983386173655,641.220575683976,2393622
2023-07-21,668.1597290039062,688.7631225204267,664.8708989045842,688.7147695270087,235068
2023-07-24,665.0160522460938,683.878325727983,659.9861008431099,671.5453007590554,194376
2023-07-25,671.0132446289062,681.3633236000252,662.6461106429448,666.3702356531794,139429
2023-07-26,685.0391235351562,694.518613697023,678.074579667985,680.9281150278966,215274
2023-07-27,708.5443725585938,711.2527897516869,686.4416809346794,686.7318579483917,326748
2023-07-28,760.0838012695312,776.0248157931213,713.9232709880007,716.7594284066754,2102194
2023-07-31,757.345458984375,760.8661525232567,731.5268407293008,760.8661525232567,320823
2023-08-01,758.4212036132812,760.8661462425955,745.6586150264573,760.8661462425955,193925
2023-08-02,753.1890258789062,761.8440986300831,746.3431867384562,756.9542135297617,168781
2023-08-03,763.800048828125,767.7119568887044,747.7612019033576,750.1083706160972,177130
2023-08-04,763.2133178710938,778.7631172365604,736.1722284142888,767.5652680146129,537919
2023-08-07,775.8291625976562,779.4476895311664,763.8978309451812,776.3181511105365,265720
2023-08-08,773.579833984375,779.6433035340796,760.8661325408897,779.6433035340796,151036
2023-08-09,768.885498046875,777.4427964486188,762.822028955444,777.4427964486188,108110
2023-08-10,769.0322265625,772.8952478339877,762.2353338427855,772.8952478339877,69924
2023-08-11,771.5260620117188,774.5577667678788,761.4039644723247,772.6506997221107,115090
2023-08-14,773.1886596679688,780.4257139747043,745.9031348060001,764.778080611803,183541
2023-08-16,764.2401733398438,778.3230069656331,753.5801996787202,777.4917503542257,244006
2023-08-17,730.3532104492188,767.7119437253889,718.4708257335342,758.9101507400022,345959
2023-08-18,763.5066528320312,769.1300205598902,726.6369081390031,728.3483678822646,705347
2023-08-21,758.1766967773438,768.054240959579,753.0423173409283,761.7952237469184,72487
2023-08-22,748.5436401367188,760.5727456273206,743.2625403159761,753.0423105832916,88882
2023-08-23,750.79296875,761.7952102038658,741.6977944196669,752.3088211898922,112310
2023-08-24,730.7933349609375,754.0202894009807,720.3778557251153,752.8467050279191,181667
2023-08-25,737.5413818359375,742.8224218457636,724.5342399230242,740.3285924224308,78745
2023-08-28,733.5805053710938,748.5924877580691,732.5047545745448,737.5413598742455,45358
2023-08-29,750.2061767578125,754.9982882148438,735.2920266343975,737.1990938342766,92373
2023-08-30,753.482421875,755.9762513870455,742.284572836698,752.8955998368248,184956
2023-08-31,759.5947875976562,762.5776056655901,749.3260285601588,757.4432261468413,88720
2023-09-01,753.5313110351562,761.208406940238,743.5559332662544,759.6436675490689,46719
2023-09-04,753.1890258789062,757.3454282141795,744.3382860945402,754.753765234617,48154
2023-09-05,761.1595458984375,770.2058338465151,751.3308882281822,753.9225513545655,130775
2023-09-06,768.00537109375,772.4551547658876,748.3480561200957,760.8661505142677,177859
2023-09-07,760.57275390625,768.0053555139223,750.4017688411371,768.0053555139223,78963
2023-09-08,747.6145629882812,764.3868334730041,744.289417163337,764.3868334730041,91855
2023-09-11,747.9568481445312,756.0251589390951,742.2845930998828,751.5753752269565,61065
2023-09-12,734.5096435546875,782.3327446610941,725.2188616797359,748.9348048868492,411646
2023-09-13,756.8564453125,761.6973838449057,729.6197492872958,738.1770482762685,88721
2023-09-14,755.7806396484375,767.5163640519567,752.9934289789941,760.6705248165705,45393
2023-09-15,767.2718505859375,773.0908257285419,755.7806207284924,758.9590460082113,151691
2023-09-18,766.0493774414062,772.5529484126204,758.0789006510612,771.1348698146511,54546
2023-09-20,759.25244140625,808.5425074675397,753.4335258455396,776.5137598176311,1062232
2023-09-21,748.0057373046875,771.086031946333,745.2185265345931,757.34546606588,117367
2023-09-22,735.6343383789062,765.2181437163583,728.5928917818784,751.7220725584607,160911
2023-09-25,744.5338745117188,754.9493533870484,730.1087138324383,738.3726313801201,100273
2023-09-26,737.4924926757812,741.6978418755574,729.8153964687183,736.661236033584,116694
2023-09-27,742.4801635742188,746.4898454693068,726.1968223575478,737.6880523123993,90143
2023-09-28,746.0497436523438,752.8955827723557,738.3726479441509,739.3506249612955,52115
2023-09-29,767.174072265625,771.6238556929588,743.9960053465379,752.7977983772561,97484
2023-10-03,773.3353271484375,776.8560205375964,757.9321891116523,766.7339822755296,101974
2023-10-04,760.6216430664062,780.4256781317804,754.6070603923815,768.7388405624126,134721
2023-10-05,758.8123779296875,768.6410348382962,753.2867840050924,761.8929696640985,46095
2023-10-06,755.8295288085938,769.9613089247005,753.4824197355019,758.8124065228062,621193
2023-10-09,743.1158447265625,767.0762826824385,739.350656924175,748.934820168329,82231
2023-10-10,750.0595092773438,767.7119830643858,741.7955912794097,743.0669495042498,79934
2023-10-11,792.4547729492188,802.3323767353768,750.1572665363091,752.9934237906768,1030671
2023-10-12,782.1371459960938,799.6918459875942,776.0247894315729,792.4547919388086,679712
2023-10-13,783.2618408203125,800.3274925377123,776.0736737102585,780.9146720311148,259985
2023-10-16,789.0318603515625,795.8288126869004,782.919503879313,786.7825251079709,120899
2023-10-17,787.760498046875,809.960588576833,780.3767834049919,789.0807431616226,322995
2023-10-18,797.05126953125,806.8310397095476,776.6604725858916,788.2494763707822,251242
2023-10-19,790.6455688476562,820.5227561964706,786.0979516264316,792.3081417936406,195730
2023-10-20,780.6212768554688,795.0464380400463,774.6066942478797,786.2935316881573,103644
2023-10-23,737.4924926757812,783.3107547209371,719.302142851246,780.2789899561919,220539
2023-10-25,742.1868286132812,756.7586512656559,724.827735473105,737.3947170531208,113639
2023-10-26,730.3043212890625,744.2404934730185,704.1434366630399,735.4387005147305,164615
2023-10-27,730.7933349609375,752.3577165133919,728.9351547293417,730.5977276169305,81105
2023-10-30,718.4708862304688,733.4828105431925,714.1188762830491,732.6026072941471,134991
2023-10-31,697.3465576171875,722.0404793355431,691.5765285550142,722.0404793355431,207596
2023-11-01,696.8575439453125,720.0844991796586,692.7011414296926,698.2756226241322,81969
2023-11-02,707.8598022460938,715.879226281985,696.4174584124062,700.1338190885153,102880
2023-11-03,711.4293823242188,716.8571427492677,706.0993957230168,707.90862930104,164864
2023-11-06,714.4611206054688,722.0893296430312,706.5884173058628,714.1677394292129,83752
2023-11-07,723.7030029296875,735.3898403881672,708.5443589494034,718.8131177747572,154595
2023-11-08,716.6615600585938,726.7347115914223,709.0333511158198,724.6809836921689,391685
2023-11-09,718.03076171875,725.6100838527724,712.9452691228869,712.9452691228869,51316
2023-11-10,710.5980834960938,725.4144593222426,708.0553671038808,720.2311930205899,74862
2023-11-13,720.915771484375,725.5122156447131,714.7544686140033,721.11131913215,113384
2023-11-15,738.7149047851562,740.2797038033692,721.7470276722345,721.7470276722345,92837
2023-11-16,728.3972778320312,742.3823373810992,725.6589540943994,738.7149235295439,60031
2023-11-17,721.0625,734.8030662426407,714.9012562414512,731.9180815660001,71506
2023-11-20,732.7493286132812,738.6171911046789,718.3730535711602,718.8131551962118,60719
2023-11-21,726.8814697265625,735.8299839467142,719.5955284920819,732.4070641430909,40681
2023-11-22,712.3584594726562,730.4999205991376,710.7936604826795,726.8813938178528,86107
2023-11-23,706.5394897460938,723.7029740159797,698.2755722262291,712.2606312723963,124161
2023-11-24,709.4734497070312,723.3117888933787,694.6081868844374,708.5443595885602,164798
2023-11-28,704.1923828125,719.1554201621105,702.187541741546,709.4734829081195,81303
2023-11-29,703.5567016601562,714.5099966807634,699.0090845787395,707.8597647922574,61616
2023-11-30,729.375244140625,817.0020202939932,706.9306597607437,707.2729875297799,5183456
2023-12-01,734.607421875,742.235630271477,724.0452228895952,740.3285632496135,317173
2023-12-04,734.607421875,748.9836355221779,720.7201370198369,748.9836355221779,200084
2023-12-05,744.7295532226562,754.0203355675219,733.0427150717072,738.4704759770898,215628
2023-12-06,748.39697265625,752.064386765967,740.7687632462356,744.2405699985707,120337
2023-12-07,751.1841430664062,754.4115150620131,745.3652274116799,745.3652274116799,84853
2023-12-08,756.56298828125,778.4208101890683,748.2012968146529,754.900475123139,186925
2023-12-11,749.3259887695312,760.6216111727632,745.7074619340816,757.9321744248042,69521
2023-12-12,736.0744018554688,754.4603572407391,733.6294593922419,749.4726388011694,120247
2023-12-13,738.2748413085938,744.5827450360579,735.1453030546173,738.6171093729913,33773
2023-12-14,738.666015625,745.218473458434,734.4607264662519,743.2625194598554,51789
2023-12-15,750.303955078125,753.0422786988343,743.2625088456026,743.2625088456026,98000
2023-12-18,757.6876831054688,775.9758650005181,753.5801677545037,757.1009207800362,227280
2023-12-19,761.1106567382812,771.4283029158428,758.9102083249678,758.9102083249678,79062
2023-12-20,741.9422607421875,770.4502539325938,733.6294564011089,761.8440684353197,128604
2023-12-21,738.128173828125,747.3211819164877,729.5708746946423,735.4387369576019,69425
2023-12-22,756.1718139648438,757.8343867714373,738.8616094556812,741.8444273107879,85495
2023-12-26,760.1326293945312,766.1472118695417,753.824665755345,757.9321811267439,57689
2023-12-27,752.50439453125,767.7119245377189,748.4946531235366,760.8660857201851,68041
2023-12-28,738.6171264648438,760.4748884560315,730.0598277471114,756.2207123984647,76174
2023-12-29,742.67578125,749.7171681207207,736.9056928904574,739.3506354680634,101064
2024-01-01,749.0326538085938,752.0154719021157,740.0352529222627,743.4092857160097,46900
2024-01-02,774.9979248046875,801.941180579876,756.3674739501441,757.9322133529315,2305676
2024-01-03,789.814208984375,806.7821459135421,778.5185864630093,780.4256535697027,644476
2024-01-04,791.3301391601562,796.5622924039124,780.4745582925493,794.0195759976158,860880
2024-01-05,793.8728637695312,798.7627489790757,782.4794073549002,795.4865497650735,173659
2024-01-08,789.2763671875,797.7847794706485,782.9195163550645,797.7847794706485,98205
2024-01-09,785.9512939453125,793.1882884281282,775.4869273878943,790.1565833961489,90722
2024-01-10,782.5772094726562,789.325214976474,770.2057765125219,787.613755221806,92304
2024-01-11,818.0778198242188,824.3368969544973,784.3376108774936,786.2935650193327,1082185
2024-01-12,861.15771484375,866.3409814836511,819.6425754262575,828.3465954054955,1373332
2024-01-15,922.770263671875,943.7478840164478,870.4484897911703,880.1793736940963,2761132
2024-01-16,920.765380859375,929.029298764923,902.6728056645812,921.2543693781532,533053
2024-01-17,910.8878173828124,924.8728767857608,885.9982903654471,908.5406486659488,469435
2024-01-18,919.6896362304688,923.1614427991386,873.3335004595809,900.7168576968354,292730
2024-01-19,922.6724243164062,925.0684799350588,902.4771751333102,918.2226408480404,251735
2024-01-23,922.2323608398438,952.5496494782692,911.2790059097,928.6380985978308,319271
2024-01-24,959.7866821289062,971.7179541546836,915.3376141304118,915.3865010437672,633261
2024-01-25,920.9609985351562,963.2096189696772,917.3913584316437,963.2096189696772,194531
2024-01-29,900.8146362304688,924.4328058473682,895.1912681970148,920.9609992605626,327866
2024-01-30,881.3529052734375,911.67019299358,872.3555047215217,900.8146122211344,365826
2024-01-31,939.346923828125,953.2342093929316,885.0691994424291,889.2744886728545,1067161
2024-02-01,934.5059204101562,943.7478150972318,912.9415392676332,940.8627709781688,157337
2024-02-02,936.3152465820312,942.623150768301,930.0561696188242,941.6941203285124,86057
2024-02-05,943.8456420898438,1015.0912474390648,934.016984519222,941.205151765634,776370
2024-02-06,964.1386108398438,992.6466645402232,938.4178274308398,942.3786223807108,438825
2024-02-07,955.4835815429688,988.783688285978,944.9214413003424,968.1972832421076,224602
2024-02-08,968.7840576171876,976.9990888472512,953.5276392653352,958.319750764703,132603
2024-02-09,946.29052734375,986.5343050261656,927.122201898196,972.8915138511768,275157
2024-02-12,949.9579467773438,956.559291608674,923.2591862866036,946.1927591573472,93032
2024-02-13,971.6690673828124,985.654126990377,926.633237035535,945.7037891433904,180840
2024-02-14,959.1510009765624,971.8158158335932,955.4835870039273,971.8158158335932,41909
2024-02-15,981.7421875,992.646654925574,950.593643928727,950.593643928727,92197
2024-02-16,981.2042846679688,990.103910933184,968.7350782673622,987.7567423225614,189453
2024-02-19,982.0845336914062,1004.2356773407796,965.5566982061422,981.1065566731298,96189
2024-02-20,1024.919921875,1037.1446346836235,979.590710657016,986.9744252552284,485629
2024-02-21,1051.471923828125,1069.906765146443,1007.4140152253932,1027.8537570099738,449749
2024-02-22,1055.775146484375,1063.0120809733537,1039.2473108636784,1044.870678764847,187577
2024-02-23,1025.26220703125,1061.1050894594289,1019.9811071335848,1061.1050894594289,145566
2024-02-26,1024.382080078125,1043.8927951272583,1008.1476838657388,1027.1204637495032,183145
2024-02-27,1027.1693115234375,1040.225280859783,1013.8687285502116,1026.875870664749,66557
2024-02-28,1006.044921875,1032.2058073980322,991.7175942162268,1027.1693212047746,81705
2024-02-29,997.1943359375,1012.206259974742,989.7127875308588,1010.9348420403448,143721
2024-03-01,1031.7657470703125,1056.2151723563388,995.6783714717458,1002.4264367270808,101473
2024-03-04,982.6224365234376,1029.17412001556,979.1506299499064,1020.0300585159944,78755
2024-03-05,1007.0228881835938,1010.250260097386,978.9549955057922,985.7030608097466,170824
2024-03-06,976.852294921875,1009.7122979880892,970.8866591449956,1001.0572254822764,107665
2024-03-07,977.2435302734376,995.9718139494154,972.6959132864412,975.8254516663434,185555
2024-03-11,956.7060546875,976.9990785921927,952.9408668996488,975.3365056593948,106713
2024-03-12,958.759765625,969.126358045612,929.3226806484402,950.9848959232676,148399
2024-03-13,899.152099609375,975.9721828950486,881.9396681749254,970.1532076649108,166114
2024-03-14,906.584716796875,919.0050371528926,895.0934865677884,906.584716796875,112990
2024-03-15,925.8997192382812,938.5156463395724,899.7388346440124,899.7388346440124,66709
2024-03-18,942.036376953125,957.3417413946006,916.9023552690732,930.74075416118,130439
2024-03-19,913.4305419921876,946.7306477786532,903.8952659917336,946.7306477786532,119068
2024-03-20,924.62841796875,947.1707771332076,907.856087610339,907.856087610339,120261
2024-03-21,943.7966918945312,948.6376899826384,921.8900429095196,935.9728758946744,209400
2024-03-22,936.3152465820312,946.2905646863564,929.0781925740094,937.6843786301828,51337
2024-03-26,946.1927490234376,951.2782413698212,926.4376016534344,930.7407243367544,58691
2024-03-27,963.0628662109376,967.219268527664,937.5865768901388,937.5865768901388,134979
2024-03-28,963.1117553710938,975.3853550085796,948.246492759562,972.10915587473,141639
2024-04-01,986.7299194335938,1004.724660662383,963.1117506877696,963.1117506877696,157371
2024-04-02,978.7105102539062,1012.7441585631094,967.2681670941556,992.5977959823653,176138
2024-04-03,969.22412109375,1002.1819588562504,964.1875752170872,982.8669125645588,76837
2024-04-04,982.3290405273438,994.6026403257137,972.4514367016542,974.06512267887,70095
2024-04-05,986.3386840820312,1025.8978653762513,971.522368456723,977.9769927323651,234131
2024-04-08,983.013671875,1001.3507418645278,976.1188858061512,991.2286434157188,151442
2024-04-09,968.4906005859376,989.5659927675996,960.3734035127728,979.9329432991836,91520
2024-04-10,971.8646850585938,974.798616183299,951.1804467530296,972.98938253279,77497
2024-04-12,960.960205078125,982.7201939792424,956.2170403625884,964.285350854014,92575
2024-04-15,947.2196655273438,956.4126737289404,929.469417777843,948.6377441965558,57393
2024-04-16,944.3345947265624,958.4174878116152,935.5817480753532,938.8579472440312,53601
2024-04-18,910.5454711914062,938.8579171950142,904.7264961205956,938.8579171950142,174076
2024-04-19,917.6847534179688,927.8557387520924,893.8221488894217,909.4697819013148,69069
2024-04-22,931.1318969726562,938.7112188785276,919.298398905688,919.298398905688,61662
2024-04-23,919.5429077148438,933.9680689898172,912.9415627246016,933.9680689898172,57145
2024-04-24,936.9019775390624,950.7403761358904,919.6896060034632,919.6896060034632,60861
2024-04-25,975.5321044921876,987.756817581062,934.7504496895056,940.7650324056248,136404
2024-04-26,968.4417114257812,988.4413527491394,965.018791971108,980.4219295171378,274350
2024-04-29,974.8963623046876,992.646668981086,969.1752206504988,976.02105974692,109123
2024-04-30,977.5858154296876,987.5611930750886,963.0628804088255,969.175236847064,43099
2024-05-02,972.744873046875,992.3044135720946,968.7840183377336,977.9770262609792,60548
2024-05-03,1001.7418823242188,1027.658272655316,969.0774268607084,973.3316029065916,630919
2024-05-06,1001.5462646484376,1011.7172497597272,988.734789277027,1004.822463862132,163854
2024-05-07,998.6613159179688,1013.1842516330332,973.380572666396,992.6467330188502,80526
2024-05-08,981.6932983398438,997.7810318899878,977.9769976868296,996.2162925700804,41432
2024-05-09,979.2973022460938,1005.8004566169864,950.1047109681888,984.7740095804176,347707
2024-05-10,954.1143798828124,987.3167124520309,933.2345938778408,987.3167124520309,198396
2024-05-13,932.3055419921876,972.9894244904076,930.10509355377,968.2461998196728,54620
2024-05-14,943.9434814453124,960.3734843099749,933.9681033768084,936.9998084223712,86264
2024-05-15,946.8773803710938,962.7206203289276,942.1831025256938,952.3540279088968,82621
2024-05-16,948.6377563476562,953.8210228719776,941.3518152498822,949.5668465008324,63359
2024-05-17,938.7601928710938,959.3465978068826,936.9020126022748,948.6377371860192,43212
2024-05-21,928.882568359375,948.2954481610204,927.1711085620274,946.4861548463788,85392
2024-05-22,933.919189453125,939.8359386269924,920.276397760666,932.64783123501,67330
2024-05-23,939.3958129882812,946.4372594582252,930.3984124817404,936.8042097043786,52449
2024-05-24,929.029296875,944.3346016670336,924.1882986107474,942.6720884593548,58814
2024-05-27,926.9755249023438,945.7038093253556,921.6455977214964,929.0781994406286,35711
2024-05-28,917.2935791015624,931.6209069619492,915.3865119301784,931.6209069619492,38216
2024-05-29,926.193115234375,934.9460214106728,910.2032149998208,917.1468278933198,43667
2024-05-30,921.6455688476562,953.283101613688,914.5062888386218,922.330105009855,237906
2024-05-31,902.7705688476562,940.9606194667329,898.7608869173444,926.1931305591607,126691
2024-06-03,897.147216796875,919.4940280509192,893.9199044921742,909.5186502710404,61507
2024-06-04,850.39990234375,902.0860234551016,805.2662988689218,897.1471917714065,108163
2024-06-05,872.3555297851562,880.6683347214498,836.8060878457527,854.7519428612405,49977
2024-06-06,873.5291137695312,880.7172212169855,855.9744137683339,874.3114834720257,126515
2024-06-07,895.8269653320312,908.540666805084,873.5779877541887,885.0692179317557,104402
2024-06-10,887.367431640625,906.5358171858944,883.1621423623961,903.6996599309832,78649
2024-06-11,877.1476440429688,889.5190179676002,875.2894637630565,887.8075581222535,79246
2024-06-12,871.6220092773438,884.4334842189414,870.3995380160852,878.2233540881399,63373
2024-06-13,863.5048217773438,880.1304311179242,861.5977546500811,873.3334788904909,84720
2024-06-14,868.6392211914062,889.9591087822798,865.2163015422436,867.8568514955082,154091
2024-06-18,848.884033203125,894.8489520516813,845.3633398911165,889.8612932445061,689684
2024-06-19,843.5051879882812,875.2405545354278,840.0822683848505,862.8691212352074,300739
2024-06-20,826.6839599609375,857.4902359751605,819.3491323385034,857.4902359751605,270002
2024-06-21,850.0087280273438,855.2408810677188,829.0799964838864,829.226716909346,375657
2024-06-24,882.6731567382812,889.4701090369023,850.008759741619,850.008759741619,487318
2024-06-25,887.51416015625,902.6728042140152,877.2942881920121,889.3723404010137,220361
2024-06-26,880.3260498046875,902.4771937793296,876.267421242851,892.893030797682,135127
2024-06-27,859.641845703125,888.492169307496,855.9255447702501,882.1353183438212,138678
2024-06-28,857.2946166992188,880.3749097777629,851.0355996964621,860.6197623848245,221767
2024-07-01,903.1617431640624,905.6555725307596,861.0598460137763,861.1087329246964,290449
2024-07-02,952.3540649414062,962.3294430576397,906.6336366254056,907.9539414929712,846993
2024-07-03,929.42041015625,959.9821911459064,924.2371440386,952.353982549084,246094
2024-07-04,940.4716186523438,968.392850441963,933.9680476379494,939.3469212107334,359680
2024-07-05,967.2681884765624,995.5806359862744,943.7478523838456,943.7478523838456,528915
2024-07-08,964.1386108398438,983.84487145563,955.874752863204,976.0210553804362,207930
2024-07-09,952.2073364257812,973.4783363209688,948.148707971687,964.2853285818292,172026
2024-07-10,963.307373046875,984.2849922458382,944.4324283355232,963.6496411304488,212413
2024-07-11,977.1946411132812,997.0475624939946,958.4663574803812,972.9893519051072,358965
2024-07-12,964.8231811523438,990.201695812854,959.44430774299,983.8448454199812,131494
2024-07-15,971.0538940429688,986.7296491627382,958.8891526465904,982.5263806876133,186130
2024-07-16,1071.5367431640625,1106.6958970312164,978.22420440986,980.1033368703625,5770359
2024-07-18,1065.108154296875,1075.5421981657091,1034.795268466658,1057.2456182428905,672098
2024-07-19,1068.5203857421875,1101.849785975396,1028.1195798515016,1068.3225124238904,806968
2024-07-22,1106.7947998046875,1152.1901259066235,1069.8555096132964,1076.0367871127955,2561426
2024-07-23,1073.020263671875,1130.9265189453988,1058.2346963459352,1106.8442862162256,358342
2024-07-24,1162.4757080078125,1179.8326614785624,1061.1027646728835,1061.1027646728835,1319516
2024-07-25,1187.7447509765625,1204.6073237921396,1137.4539028604115,1157.1351139875233,638987
2024-07-26,1202.9754638671875,1211.43149968052,1172.4152041153773,1173.0580811135496,477497
2024-07-29,1225.4259033203125,1241.2004746067555,1188.7832434082231,1211.5303437396617,340680
2024-07-30,1161.0911865234375,1220.035825680034,1156.1461644343258,1218.4534427571336,263816
2024-07-31,1166.5802001953125,1176.9152479893664,1155.206649479449,1167.0252038886154,127950
2024-08-01,1199.1678466796875,1211.8765291978527,1168.113084071604,1172.3163528125433,250733
2024-08-02,1231.3599853515625,1238.7280198932294,1179.9317561823425,1199.1678436092143,300661
2024-08-05,1183.14599609375,1221.3709190570294,1174.2943343959903,1216.3765193410673,184835
2024-08-06,1173.60205078125,1218.0577485796618,1166.18451806329,1186.0139830924602,116887
2024-08-07,1206.882080078125,1212.32160410896,1175.629445427597,1177.7558289670833,174370
2024-08-08,1200.6513671875,1270.821182571683,1189.7723185556529,1206.8821433315168,724102
2024-08-09,1117.9210205078125,1206.684159144204,1108.7727304533655,1203.6182698661648,375702
2024-08-12,1098.5860595703125,1122.2726650152522,1084.9377515062629,1117.9210218116373,165856
2024-08-13,1056.405029296875,1117.525426193317,1050.9160068179488,1105.0639954263197,312670
2024-08-14,1050.4710693359375,1081.9213374696803,1040.2842755139802,1072.7236687962609,287862
2024-08-16,1077.4708251953125,1084.9378569137998,1047.3061901580556,1059.9654951206608,180781
2024-08-19,1059.1741943359375,1078.0147760993625,1047.1578876802248,1070.102741045422,193508
2024-08-20,1071.8829345703125,1075.2454526892327,1051.7072222164566,1068.915921598512,84547
2024-08-21,1095.0750732421875,1116.5859179863894,1068.9159563157543,1071.88296938392,176169
2024-08-22,1105.311279296875,1120.986974692745,1091.6135926759555,1100.8607595532358,152198
2024-08-23,1089.14111328125,1114.2618495969848,1083.9488400964813,1111.146461540508,75146
2024-08-26,1083.5037841796875,1145.168182408812,1074.8499959554858,1122.3222056425343,505146
2024-08-27,1057.39404296875,1095.6684636748137,1054.4764076496842,1090.7729403501098,139454
2024-08-28,1055.416015625,1069.113701718799,1041.4215799351482,1058.2346538752215,107467
2024-08-29,1038.504150390625,1060.7072515609725,1013.828417416298,1060.7072515609725,342248
2024-08-30,1047.4544677734375,1071.9818235895373,1036.624918588965,1043.4490726507731,122834
2024-09-02,1058.1358642578125,1068.0259085620671,1049.4325769788366,1063.921516030185,62934
2024-09-03,1055.1192626953125,1068.1246939946575,1028.5645201430036,1058.234650531744,82008
2024-09-04,1103.9266357421875,1121.5309619189163,1039.59197354691,1046.3666293740862,432870
2024-09-05,1134.536376953125,1157.135102458081,1113.1739068995132,1116.5859236539943,930631
2024-09-06,1093.5421142578125,1161.9812910162586,1089.141092979229,1143.2890837539055,387938
2024-09-09,1190.118408203125,1205.497474754232,1094.6794845968147,1094.6794845968147,2964490
2024-09-10,1230.024658203125,1237.6400641126745,1155.5032047943853,1191.7502382613936,1177097
2024-09-11,1233.980712890625,1238.8268584835355,1198.1788027344846,1225.821426780382,400232
2024-09-12,1203.469970703125,1263.9476134418292,1197.7831954470291,1226.3654465319785,395190
2024-09-13,1194.9644775390625,1212.370929540511,1186.9040681321676,1206.6347768834332,141230
2024-09-16,1168.2119140625,1211.5303537786303,1164.5031476733818,1211.5303537786303,162358
2024-09-17,1186.9041748046875,1210.541404478936,1172.5142329971156,1191.7503205858804,151483
2024-09-18,1176.222900390625,1210.4918039134798,1168.0141161434362,1197.2392424465504,136829
2024-09-19,1132.9539794921875,1182.453574688018,1120.0969229642203,1171.9701527415975,168914
2024-09-20,1102.6904296875,1147.24512709568,1097.8444046124037,1147.24512709568,191053
2024-09-23,1152.3878173828125,1156.6900828767702,1112.6298909056777,1112.6298909056777,168876
2024-09-24,1150.0142822265625,1163.8108443269746,1130.530824505472,1163.8108443269746,116870
2024-09-25,1169.942626953125,1177.904160121749,1130.5308284447908,1150.0142862337714,140687
2024-09-26,1182.6019287109375,1200.9973851206437,1151.8932959442975,1157.1845656972337,290215
2024-09-27,1181.7117919921875,1192.9369669202354,1164.0580889602809,1182.6019200291043,210526
2024-09-30,1192.2447509765625,1234.4751886801075,1171.7229105926856,1186.8052270193905,411045
2024-10-01,1178.84375,1202.9754815815866,1172.0690939842873,1190.7613013487492,84308
2024-10-03,1227.5028076171875,1251.0905378814325,1153.179104482016,1176.8657110384231,770004
2024-10-04,1229.18408203125,1260.832222512933,1205.2502240832073,1230.370959736158,586218
2024-10-07,1204.557861328125,1251.0905666640542,1140.3715723165171,1247.6290512622168,349701
2024-10-08,1233.14013671875,1236.651150700376,1176.9152595970609,1193.6294584377945,154458
2024-10-09,1217.365478515625,1289.562796062957,1208.761068234101,1244.1179737452944,789467
2024-10-10,1177.7064208984375,1232.9916671348794,1171.376768952449,1226.36538632259,202768
2024-10-11,1158.81640625,1191.6514247402458,1151.2011206673997,1177.706486857158,140912
2024-10-14,1114.1134033203125,1161.2888626530337,1105.2618626548458,1159.8053561239783,283272
2024-10-15,1137.2066650390625,1152.1901055791182,1108.673912750379,1118.5639565750926,210381
2024-10-16,1177.3602294921875,1188.4865288958276,1138.442930834848,1138.442930834848,350289
2024-10-17,1172.3162841796875,1184.5304637779614,1144.327533462519,1177.3601822279056,117820
2024-10-18,1147.44287109375,1167.8658363575346,1137.3550743774592,1152.1901405649912,92361
2024-10-21,1128.1572265625,1174.9371811398523,1118.563932549809,1157.3823537280407,144409
2024-10-22,1078.3115234375,1131.965011034203,1072.9708756417065,1128.404498684958,193338
2024-10-23,1074.652099609375,1091.465173513143,1054.773136374651,1076.0367298411816,77068
2024-10-24,1053.2896728515625,1076.976279644647,1046.6138932348977,1068.6192408602003,66072
2024-10-25,1056.1578369140625,1067.729140256309,1040.8776462945466,1054.723708078195,105830
2024-10-28,1062.28955078125,1075.8883606269296,1016.5975979909948,1043.4490903046235,103353
2024-10-29,1050.2237548828125,1070.5972205697494,1038.9985795333075,1062.2895597933862,48923
2024-10-30,1071.6357421875,1079.0532750232917,1044.93262397865,1044.9820017607112,47606
2024-10-31,1116.4376220703125,1122.2232738164123,1071.6357940123366,1071.6357940123366,199071
2024-11-01,1114.657470703125,1143.2891001358853,1096.113637980333,1143.2891001358853,22063
2024-11-04,1111.4925537109375,1135.6242848456525,1105.5091496197472,1114.6574401791397,109297
2024-11-05,1114.855224609375,1124.8441450355533,1098.9322777049033,1105.7069337886726,55679
2024-11-06,1127.41552734375,1134.7836826250025,1105.0640518539865,1114.855219645188,64100
2024-11-07,1068.02587890625,1139.3330722143264,1058.234711171293,1122.5199973639417,351905
2024-11-08,1026.7843017578125,1081.9707945999346,1021.1965235783982,1079.3499088403437,154255
2024-11-11,1020.7020263671876,1051.0149142603134,999.8834357199682,1042.1633732837947,121468
2024-11-12,1022.8777465820312,1033.5095433195288,1005.9657963824166,1030.0975266112807,485730
2024-11-13,1008.2899780273438,1026.9821851888655,988.9549542292004,1021.3447877154772,146013
2024-11-14,1016.6964721679688,1024.1140047956533,1008.339373334637,1009.278939540284,111101
2024-11-18,1013.3833618164062,1016.5976260504668,981.4879705707292,991.3285158576232,109039
2024-11-19,1028.91064453125,1039.4435649342854,1013.7789505137674,1013.7789505137674,91442
2024-11-21,1026.4381103515625,1031.9271326240575,1009.427284322462,1029.8502476956774,54805
2024-11-22,1030.3941650390625,1036.8226933585906,1016.0042240837304,1016.3008529539431,54704
2024-11-25,1081.1795654296875,1086.42133705857,1031.778843774559,1031.778843774559,159049
2024-11-26,1086.6190185546875,1102.6903390573234,1063.426915105188,1086.915768147502,75777
2024-11-27,1076.1851806640625,1110.1079597353555,1071.6357844908025,1093.492757964134,70889
2024-11-28,1069.064208984375,1081.9212655962283,1050.3721232619064,1077.025742331405,57535
2024-11-29,1080.1905517578125,1092.1081030069176,1063.2292229686916,1064.8609836377243,51207
2024-12-02,1090.822265625,1097.695918080624,1070.399423014951,1070.9928014608874,59361
2024-12-03,1087.2125244140625,1102.7398443345407,1078.5587363979844,1096.6080656886618,90581
2024-12-04,1082.46533203125,1110.6519578539,1075.0972974319989,1083.2070853423722,120606
2024-12-05,1073.61376953125,1092.1576019417796,1064.5643551692965,1092.1576019417796,82486
2024-12-06,1072.8719482421875,1081.5257361520055,1058.729137995486,1073.6630792713872,81809
2024-12-09,1090.4268798828125,1097.30041236303,1059.2237419024832,1074.058808315683,66308
2024-12-10,1092.4542236328125,1106.5970346827166,1081.4268005529866,1092.8993480445806,58448
2024-12-11,1079.9432373046875,1092.8002936834107,1070.8939442051949,1088.3992726757674,228835
2024-12-12,1034.49853515625,1088.9926499084463,1022.2348572477898,1082.0696195584524,216302
2024-12-13,1050.3721923828125,1054.6743374635028,1026.487711498049,1027.1799663007062,109832
2024-12-16,1043.9930419921875,1073.0697960965483,1034.5974999987154,1034.5974999987154,60042
2024-12-17,1024.01513671875,1050.1742537042835,1020.1084970666632,1043.992976464973,54021
2024-12-18,1044.58642578125,1062.190752844012,1019.6635625532368,1019.6635625532368,140435
2024-12-19,1036.27880859375,1058.234656922789,1031.976543078944,1034.5480509772874,152369
2024-12-20,1043.5479736328125,1070.0038402383022,1034.993061781124,1036.2788157391612,304458
2024-12-23,1033.707275390625,1043.547940891601,1015.7074449112724,1043.547940891601,70552
2024-12-24,1024.0645751953125,1042.9051576286256,1020.751434544289,1034.004117876461,25597
2024-12-26,1024.460205078125,1030.6909812200197,1015.70754010019,1015.70754010019,42391
2024-12-27,1037.8612060546875,1043.2018537778786,1021.1965066295302,1022.1360124862084,167630
2024-12-30,1035.73486328125,1044.8336555172932,1021.3942994067424,1037.51511950173,106730
2024-12-31,1054.52587890625,1061.053283413186,1019.7129743838784,1020.6524802168816,80060
2025-01-01,1037.465576171875,1055.26765469532,1030.1964182537492,1041.6688447121328,155735
2025-01-02,1039.097412109375,1048.196203554756,1027.4271128516302,1042.9050545926682,59334
2025-01-03,1041.6688232421875,1055.0203818595808,1031.630405024978,1038.1578095367563,156984
2025-01-06,1053.8336181640625,1111.5913747847176,1035.6359142421263,1051.06435773296,890296
2025-01-07,1079.498291015625,1085.976318057338,1051.311665918103,1060.2622039332828,113292
2025-01-08,1054.0313720703125,1086.6685151886052,1044.4380782934356,1081.6246172159372,77669
2025-01-09,1043.15234375,1063.1796819447736,1031.3337899954236,1063.1796819447736,80300
2025-01-10,998.94384765625,1043.9929844480123,989.696680981146,1043.3996059741155,134021
2025-01-13,991.3284912109376,1009.6745702896792,984.2571462902364,989.0043551220148,143164
2025-01-14,998.39990234375,1008.438320752652,969.6693377319748,992.5647524687369,97155
2025-01-15,990.9823608398438,1004.3833577384736,977.1362999099456,1002.7515367758712,130492
2025-01-16,989.1527709960938,1019.6140339619328,979.1143522291396,985.0483786062856,64283
2025-01-17,1041.17431640625,1051.2621123585218,988.7570865135582,995.0867384197988,175983
2025-01-20,1046.861083984375,1051.608353062683,1019.564588604274,1019.564588604274,52490
2025-01-21,1018.625,1055.7126637806894,1008.8833311258868,1029.7512991342069,98832
2025-01-22,1007.7460327148438,1042.9051266176232,1004.0372662617228,1021.5426559932612,113878
2025-01-23,967.3451538085938,1005.27350775991,960.3726850465404,1004.82844371892,381460
2025-01-24,939.4552612304688,972.1418430998182,935.1036179216022,967.2462594683524,388438
2025-01-27,928.2300415039062,933.521251113874,902.1203622948866,931.197054620661,96883
2025-01-28,888.422607421875,920.812500317846,866.4172603398794,914.8290359930768,319443
2025-01-29,898.7577514648438,907.0654125978645,875.2688968873581,890.1039629362964,303606
2025-01-30,901.0818481445312,929.1201579656588,895.9390737643639,899.3510905147346,82970
2025-01-31,910.0324096679688,917.7466318037953,898.1643570393014,904.9390129358842,36263
2025-02-01,933.521240234375,944.4991644928132,887.1863497159658,910.0323866671454,81411
2025-02-03,897.3236694335938,929.6641250038764,878.1864586655652,929.6641250038764,324473
2025-02-04,871.4612426757812,903.7521998012955,858.4558107974627,890.1039512876919,212293
2025-02-05,878.8292846679688,888.0270738684568,856.9723115991115,870.3238709835177,225131
2025-02-06,885.1094970703125,906.6697808497264,866.2689753823486,882.1919220266768,135156
2025-02-07,876.9007568359375,907.8565818275944,856.3789159705179,907.8565818275944,191641
2025-02-10,878.2853393554688,894.0599715006607,825.8186683662077,825.8186683662077,140269
2025-02-11,858.3074340820312,874.0820661453105,842.1866746285258,874.0820661453105,222477
2025-02-12,835.8570556640625,865.7249389256439,815.9285937439743,865.7249389256439,158786
2025-02-13,816.6703491210938,850.5437484034401,814.791216694123,826.7087675065858,211774
2025-02-14,809.1539306640625,821.8131742331747,793.6265503429642,815.9285862955694,85159
2025-02-17,806.3352661132812,810.8352240094996,779.4838331758687,807.4726453060126,118180
2025-02-18,800.351806640625,817.8571965046455,791.5002052327126,806.3352711574693,64020
2025-02-19,802.9231567382812,808.8077446887247,791.3023556353857,796.5441269772814,38053
2025-02-20,805.3462524414062,812.5659723235956,793.181510672233,793.181510672233,45573
2025-02-21,794.566162109375,812.022053616942,791.2035229910476,803.714452843959,48420
2025-02-24,786.3573608398438,799.6100437187062,779.187079062527,794.5661455106223,65557
2025-02-25,783.0936279296875,800.1539528729093,774.538776567884,774.538776567884,52525
2025-02-27,767.5662841796875,784.8244228860171,757.0334236275078,783.0936652007069,150283
2025-02-28,735.47314453125,765.4399657102205,726.9676704921906,764.1047735548373,106066
2025-03-03,736.3137817382812,749.6159030983689,717.2260087371483,735.967654341105,84717
2025-03-04,783.1925659179688,803.6154694490101,723.1105518850472,734.8302292421513,438973
2025-03-05,795.110107421875,799.1650013569003,768.4564265019284,772.4124441415779,80281
2025-03-06,802.4286499023438,808.065986732744,791.5991006329316,796.3957475529893,63343
2025-03-07,835.362548828125,852.5217501643574,796.1485021836515,801.093523936345,241232
2025-03-10,816.3736572265625,845.3514727665788,807.0275539953534,835.7086803015608,117941
2025-03-11,797.4342041015625,807.9671246905068,787.0990964576005,793.1814974226025,126126
2025-03-12,797.0386352539062,806.5330529331334,786.7529657980473,794.6650006520817,107418
2025-03-13,818.2527465820312,826.8076585825974,791.4507521300521,804.2583708758793,120379
2025-03-17,812.9616088867188,829.4779942787576,809.0055913252262,818.2527582296,99014
2025-03-18,812.9616088867188,812.9616088867188,812.9616088867188,812.9616088867188,0
2025-03-19,832.2471923828125,835.7087077403168,824.6812846700811,828.1428000275854,35454
2025-03-20,825.52197265625,839.8625362461146,821.9120825035313,835.7087057541739,110613
2025-03-21,942.1255493164062,968.1858509775373,828.8845476773118,832.24718671876,3805633
2025-03-24,948.6035766601562,961.2628206705332,898.8071698332711,916.6586868465164,664234
2025-03-25,925.0652465820312,949.4936674718303,912.0598748675216,946.477216107722,152683
2025-03-26,894.9500732421875,925.757522966255,891.5874342585487,921.6531910735584,116397
2025-03-27,921.0103149414062,930.9497967372284,884.3182771441201,892.9225668287197,151982
2025-03-28,919.5267944335938,926.944327058764,886.1973357650221,926.944327058764,188620
2025-04-01,886.988525390625,911.8125707447538,881.4995633318313,911.8125707447538,101776
2025-04-02,875.2688598632812,896.3346406888785,868.0985782429323,894.8511341467373,93325
2025-04-03,877.395263671875,912.7026718999346,863.5492022917615,888.3731881919215,256878
2025-04-04,871.5601196289062,893.070965134641,854.0547298341905,885.109491859349,186096
2025-04-07,835.6592407226562,844.6591561956157,765.8849956426769,766.9728762861212,85792
2025-04-08,839.6152954101562,851.5327863283553,827.4010548814488,849.6042156802396,88765
2025-04-09,831.0603637695312,846.9338719064938,820.8736307856016,846.9338719064938,73544
2025-04-11,837.0933227539062,855.6371546878682,826.8570913079375,838.6757055999899,174841
2025-04-15,837.1427612304688,850.9888224132997,828.7856622294528,844.5602940069854,125028
2025-04-16,842.582275390625,855.9832723769838,831.258163411733,837.6866917426983,162062
2025-04-17,840.5548706054688,851.4833572423697,833.4834649418066,837.2911077674471,300164
2025-04-21,840.3076171875,846.587771016128,832.9395222945169,846.587771016128,223774
2025-04-22,846.3899536132812,851.9284144727909,835.5603433583485,846.3899536132812,330940
2025-04-23,874.08203125,898.2137615022857,843.2745820084691,850.3459268827819,514590
2025-04-24,870.8677978515625,908.548901082782,866.0217125906486,875.1700031383749,310662
2025-04-25,865.8239135742188,885.1589375107236,845.7471363381239,870.3238715189237,134716
2025-04-28,861.1260986328125,877.0984826486216,856.1810768884689,867.5546269004593,60841
2025-04-29,870.1260375976562,875.9117494134551,861.126121925129,861.126121925129,95962
2025-04-30,865.9227905273438,897.3731183810793,858.5052575258006,879.02709883007,244482
2025-05-02,864.1920166015625,874.8732518504341,845.4503714967348,866.3678383139711,101581
2025-05-05,895.4940185546875,899.9939763636987,867.9997091517686,867.9997091517686,169301
2025-05-06,877.049072265625,903.455501289082,849.356949620749,903.455501289082,357612
2025-05-07,886.988525390625,893.0709262766615,861.2249741970898,861.2249741970898,69176
2025-05-08,892.2303466796875,896.7303046423839,875.8622755120628,881.2029234360785,89164
2025-05-09,890.845703125,896.2357891162435,867.257972600028,889.1149454447682,93855
2025-05-12,869.92822265625,899.9939797518153,865.3788266844379,898.9060990867409,117722
2025-05-13,885.9006958007812,888.0270794171995,870.3238764216438,877.148030961929,72144
2025-05-14,897.6698608398438,904.939018977821,885.1589311313112,895.0489750545661,106390
2025-05-15,904.4939575195312,909.8840435459534,887.6314446548839,901.9720083846844,80848
2025-05-16,902.9115600585938,921.2575792198478,899.9939850671622,914.631237806436,53566
2025-05-19,1017.33935546875,1038.454574334606,904.9389862058712,908.8950036319076,3199017
2025-05-20,957.3562622070312,1008.7350530212184,950.9771717341872,1008.7350530212184,274307
2025-05-21,951.3727416992188,972.7352114045644,940.938757932784,955.3781972234668,110711
2025-05-22,960.5210571289062,968.136402857945,942.620041796486,951.3233285519794,79947
2025-05-23,961.4111328125,972.1913046906972,947.614570014782,965.2682740367452,126811
2025-05-26,978.6198120117188,982.7736423871528,958.6419119119925,961.4111120409364,92718
2025-05-27,982.1307983398438,995.1362302261832,975.5539553585844,979.114347020316,84212
2025-05-28,978.0758666992188,993.6032471097928,970.3616448207785,979.7076876627922,48625
2025-05-29,995.4823608398438,998.30105958154,980.2022308777108,983.9604958666392,78557
2025-05-30,1006.8558959960938,1017.6855060192518,990.042821552627,995.482345637278,139072
2025-06-02,985.04833984375,1004.6306140449452,979.114313700113,998.89440084557,70556
2025-06-03,955.08154296875,987.8175638398648,951.718903927157,981.191222413218,80542
2025-06-04,970.60888671875,979.0154236373068,956.1693870872788,963.7847326039548,70494
2025-06-05,962.6968994140624,978.1253437851803,959.7298862377676,978.1253437851803,38038
2025-06-06,976.74072265625,980.0044854720312,964.6749172506572,970.0155047996808,40498
2025-06-09,978.91650390625,983.4659601827676,968.2352688861356,976.5429296595776,36206
2025-06-10,971.8945922851562,983.7626445519196,967.5429489750622,980.5978185413088,37436
2025-06-11,985.3450317382812,990.9823686627628,965.268255304248,978.0264356931252,70073
2025-06-12,981.6857299804688,1029.850316044092,975.2572014676545,994.4439107130538,212635
2025-06-13,988.1142578125,993.55378193498,968.3341700943914,975.8506396456952,47032
2025-06-16,960.3232421875,989.9933732540552,955.0815311052158,988.0153645162848,113860
2025-06-17,958.5430297851562,968.8286388248948,952.213377788367,957.6529017229708,67904
2025-06-18,948.2573852539062,963.4880768159074,942.6200482282806,958.3452419791256,84492
2025-06-19,922.8399658203124,951.7189058826228,919.3784504791048,944.400309665349,52169
2025-06-20,924.4224243164062,959.3342675471176,912.9499370633994,919.3784656603646,294116
2025-06-23,929.2684936523438,955.3782334959856,913.0488579977492,929.7629958435942,136018
2025-06-24,936.48828125,945.9826992505484,924.7191048607032,931.9388248365408,56567
2025-06-25,961.21337890625,963.1913876618024,932.2355023461796,936.4882694618464,86184
2025-06-26,963.8836669921876,969.2243149138588,954.4881251639408,966.2573017049388,37250
2025-06-27,958.246337890625,977.630798985389,951.5210600262046,958.3452141799108,117355
2025-06-30,1027.6744384765625,1095.7179888642277,978.0264663427772,978.125342636256,15274969
2025-07-01,1000.9713134765624,1040.1358629598758,990.6857040954684,1013.531741597432,858973
2025-07-02,977.6307983398438,1003.2460351076144,972.8835895405908,998.7955155400584,430186
2025-07-03,996.3230590820312,1001.7625832950056,969.42212726506,987.91652166198,422354
2025-07-04,989.6967163085938,999.388947367105,982.0813703468928,999.388947367105,108238
2025-07-07,991.279052734375,1001.1690962822868,986.037341726789,986.037341726789,135196
2025-07-08,989.4989013671876,995.5318040564948,976.8396571306498,985.0483815709332,115710
2025-07-09,974.7626953125,998.9933026853936,972.4879973054032,988.707693325118,81170
2025-07-10,966.3561401367188,982.3780229099392,964.2792551174648,974.3671117053468,55040
2025-07-11,965.8616333007812,977.4329963792436,960.521045978131,969.2242722685515,60016
2025-07-14,1019.0701293945312,1028.1689213287389,961.6089391437316,965.2682673941604,661872
2025-07-15,1019.1690063476562,1033.3118171723852,1009.773464804422,1020.1580107206282,176493
2025-07-16,1014.1251220703124,1026.5865531946909,999.0922433225924,1019.1690202958854,86741
2025-07-17,1024.6085205078125,1031.5315510517842,1008.78445069302,1015.1141027645514,119579
2025-07-18,1020.0591430664062,1032.5205741257575,1010.861354028654,1024.6085390749854,69064
2025-07-21,1015.806396484375,1026.5865686047414,1011.0591874306868,1018.6745333939148,42362
2025-07-22,1005.2240600585938,1021.3447587604574,996.520773361192,1015.8063584657798,60484
2025-07-23,1008.3888549804688,1018.6745248135212,993.9494149879504,1003.7405826244916,73232
2025-07-24,1007.3009643554688,1017.685510379752,1003.839449014041,1003.839449014041,44540
2025-07-25,986.5318603515624,1007.3009521484375,979.7077060441176,999.3889171781994,129726
2025-07-28,989.4000244140624,1013.8283847660056,961.4111516450262,995.927429298607,163273
2025-07-29,1013.2000122070312,1023.7999877929688,987.5999755859376,991.7999877929688,115741
2025-07-30,1007.5999755859376,1026.199951171875,1002.9000244140624,1013.2000122070312,43275
2025-07-31,977.9000244140624,1004.7999877929688,971.0,985.0,54884
2025-08-01,959.0499877929688,978.75,947.5999755859376,977.9000244140624,79538
2025-08-04,967.2000122070312,974.0,937.7000122070312,964.9000244140624,49261
2025-08-05,946.5,997.0,940.0,980.0,457562
2025-08-06,948.25,955.5,913.4000244140624,950.0,155556
2025-08-07,950.3499755859376,954.9000244140624,929.5499877929688,948.0,54437
2025-08-08,936.2000122070312,950.2999877929688,935.0,947.2999877929688,32246
2025-08-11,949.5,959.9500122070312,922.5499877929688,935.0,45789
2025-08-12,947.5,955.0,940.2000122070312,945.0499877929688,31337
2025-08-13,942.75,953.9000244140624,940.0,945.0,25820
2025-08-14,956.9500122070312,979.0,941.5999755859376,943.0499877929688,201614
2025-08-18,971.7000122070312,986.0,962.1500244140624,974.0,76770
2025-08-19,992.9500122070312,999.0,965.0999755859376,965.0999755859376,138453
2025-08-20,982.25,1002.0,978.0,1002.0,38827
2025-08-21,967.9000244140624,985.2999877929688,965.25,982.0,34188
2025-08-22,974.5999755859376,983.0,956.0499877929688,962.0999755859376,29523
2025-08-25,978.0499877929688,986.0,969.0499877929688,974.9000244140624,33219
2025-08-26,936.5,973.75,930.3499755859376,970.0,62166
2025-08-28,935.4000244140624,945.8499755859376,920.0,944.9000244140624,270719
2025-08-29,936.9500122070312,947.6500244140624,929.4500122070312,931.0999755859376,67309
2025-09-01,942.7000122070312,950.0,926.0,931.0,45819
2025-09-02,943.9500122070312,956.4000244140624,931.9000244140624,942.7000122070312,46736
2025-09-03,955.75,960.0,943.0499877929688,943.9500122070312,51440
2025-09-04,960.0999755859376,968.4500122070312,950.75,960.0,164662
2025-09-05,946.5,967.25,943.1500244140624,959.2999877929688,26976
2025-09-08,947.2999877929688,958.2000122070312,937.5499877929688,946.5,48747
2025-09-09,937.75,950.0,934.0999755859376,941.9000244140624,73236
2025-09-10,951.9500122070312,968.0,935.0,945.9500122070312,146685
2025-09-11,947.1500244140624,960.5,941.0999755859376,950.2000122070312,105930
2025-09-12,946.5,961.0499877929688,935.0999755859376,946.0,132179
2025-09-15,970.0999755859376,979.0,947.5,949.5,323398
2025-09-16,971.0999755859376,982.0,960.0999755859376,970.4500122070312,103389
2025-09-17,978.0999755859376,984.7999877929688,963.0,967.0,106592
2025-09-18,957.3499755859376,980.0,952.2999877929688,975.0999755859376,136654
2025-09-19,959.0,967.1500244140624,943.2000122070312,965.0,109710
2025-09-22,950.0,965.0,944.7999877929688,951.5,45282
2025-09-23,940.0499877929688,954.6500244140624,938.0999755859376,944.0,27542
2025-09-24,920.2000122070312,942.2000122070312,915.2999877929688,940.0499877929688,107656
2025-09-25,921.9000244140624,937.5,915.0,920.2000122070312,65174
2025-09-26,909.9000244140624,917.7000122070312,885.0,912.7000122070312,162629
2025-09-29,893.6500244140625,931.8499755859376,885.5999755859375,905.0,309430
2025-09-30,901.3499755859376,906.0,890.9000244140625,896.0,296749
2025-10-01,904.2999877929688,912.0499877929688,895.75,901.3499755859376,38869
2025-10-03,910.4000244140624,921.9000244140624,905.7000122070312,909.0,46164
2025-10-06,906.3499755859376,922.0,904.0499877929688,910.0,67670
2025-10-07,916.7000122070312,922.6500244140624,906.9500122070312,907.0,97141
2025-10-08,930.6500244140624,939.0,915.0,916.4500122070312,92156
2025-10-09,929.9500122070312,936.9000244140624,926.0499877929688,930.2000122070312,48486
2025-10-10,948.3499755859376,951.0,928.0499877929688,928.0999755859376,54910
2025-10-13,943.7000122070312,950.0,939.0,942.0,36047
2025-10-14,915.9000244140624,952.2000122070312,910.1500244140624,943.7000122070312,88703
2025-10-15,917.6500244140624,927.0,910.5999755859376,915.9000244140624,32949
2025-10-16,933.4000244140624,940.0,913.3499755859376,916.0,66916
2025-10-17,938.5999755859376,950.2000122070312,930.7999877929688,933.4000244140624,50349
2025-10-20,932.0,950.25,927.6500244140624,940.25,35968
2025-10-21,932.7999877929688,937.75,930.2000122070312,932.0,2859
2025-10-23,921.5499877929688,938.1500244140624,918.0,935.0499877929688,59977
2025-10-24,924.5999755859376,935.0,909.5,921.7999877929688,124980
2025-10-27,914.9000244140624,934.5999755859376,912.0,934.5999755859376,97588
2025-10-28,905.5999755859376,919.25,903.0,915.0,64662
2025-10-29,900.7999877929688,913.75,898.8499755859375,905.9000244140624,86965
2025-10-30,899.9500122070312,904.75,890.5999755859375,901.0,105565
2025-10-31,897.4000244140625,905.0499877929688,890.5,900.0,69233
2025-11-03,924.2000122070312,929.0,897.4000244140625,897.4000244140625,90497
2025-11-04,960.7000122070312,998.0,927.9000244140624,929.9500122070312,1596017
2025-11-06,915.3499755859376,962.0,901.8499755859376,962.0,337208
2025-11-07,921.9500122070312,928.75,896.3499755859375,907.0999755859376,148708
2025-11-10,926.6500244140624,931.0,915.7000122070312,923.9500122070312,52105
2025-11-11,916.9500122070312,929.9000244140624,910.0,923.5499877929688,38427
2025-11-12,916.6500244140624,925.5,911.9500122070312,917.0,58952
2025-11-13,915.9500122070312,930.0,911.0,916.6500244140624,68194
2025-11-14,904.0499877929688,919.9500122070312,899.0,915.9500122070312,34265
2025-11-17,948.8499755859376,955.0,911.0,919.9500122070312,273066
2025-11-18,913.5499877929688,945.0999755859376,911.0999755859376,945.0499877929688,131204
2025-11-19,906.25,918.9500122070312,901.4000244140624,911.0999755859376,63911
2025-11-20,899.4500122070312,911.0999755859376,896.0,908.7999877929688,56894
2025-11-21,901.0,958.0,890.6500244140625,894.2000122070312,4013450
2025-11-24,903.75,914.5,897.0999755859375,903.7000122070312,220526
2025-11-25,905.1500244140624,908.4000244140624,885.7000122070312,885.7000122070312,60865
2025-11-26,914.75,919.5999755859376,906.0,906.0,53748
2025-11-27,905.3499755859376,921.0,904.0,919.2999877929688,26429
2025-11-28,907.2000122070312,913.7999877929688,902.2000122070312,905.2999877929688,42097
2025-12-01,907.7000122070312,920.0,902.8499755859376,909.4000244140624,46729
2025-12-02,900.2000122070312,907.8499755859376,896.0,907.7000122070312,62084
2025-12-03,909.5,915.9000244140624,899.2000122070312,900.2000122070312,50761
2025-12-04,901.75,909.0,892.2999877929688,892.2999877929688,37607
2025-12-05,899.7999877929688,905.0,891.0999755859375,897.0,62002
2025-12-08,880.5999755859375,903.9500122070312,870.0,899.9000244140625,141656
2025-12-09,886.8499755859375,894.2000122070312,850.5,880.0,49209
2025-12-10,883.3499755859375,897.1500244140625,878.5999755859375,886.6500244140625,26607
2025-12-11,885.0999755859375,894.5,880.25,883.5,44739
2025-12-12,876.9000244140625,890.6500244140625,874.0999755859375,885.2999877929688,49903
2025-12-15,864.7000122070312,878.8499755859375,862.9500122070312,875.7999877929688,59628
2025-12-16,847.1500244140625,872.2999877929688,842.4500122070312,864.7000122070312,54161
2025-12-17,847.0999755859375,852.7999877929688,840.0999755859375,847.1500244140625,27649
2025-12-18,848.25,853.0,835.5,847.0999755859375,126979
2025-12-19,859.9000244140625,865.4000244140625,837.9000244140625,854.7000122070312,65161
2025-12-22,853.75,861.9500122070312,850.0,855.9000244140625,45031
2025-12-23,857.4000244140625,859.4000244140625,851.7999877929688,852.0,31612
2025-12-24,857.2000122070312,863.8499755859375,855.0499877929688,857.0,41082
2025-12-26,852.2000122070312,863.2000122070312,851.0,863.2000122070312,17310
2025-12-29,840.4500122070312,854.9500122070312,836.5499877929688,851.9000244140625,26062
2025-12-30,836.6500244140625,841.9000244140625,834.9500122070312,838.0499877929688,24016
2025-12-31,846.1500244140625,851.0,835.0999755859375,836.5,37544
2026-01-01,837.6500244140625,849.0,835.0,843.0,26324
2026-01-02,835.0499877929688,847.5,832.7000122070312,835.0,72417
2026-01-05,837.5,847.9500122070312,832.0,841.75,61325
2026-01-06,825.7000122070312,839.9000244140625,821.9500122070312,838.0,69258
2026-01-07,823.7000122070312,841.9000244140625,820.8499755859375,825.7000122070312,73777
2026-01-08,814.75,826.8499755859375,810.5999755859375,825.0,122340
2026-01-09,799.9500122070312,815.7999877929688,798.0999755859375,815.7999877929688,89204
2026-01-12,796.9000244140625,804.1500244140625,786.0,800.0,58181
2026-01-13,801.0999755859375,804.7000122070312,792.5499877929688,804.7000122070312,36931
2026-01-14,789.9000244140625,801.9500122070312,786.3499755859375,795.0,43944
2026-01-15,789.9000244140625,789.9000244140625,789.9000244140625,789.9000244140625,0
2026-01-16,774.9000244140625,793.0499877929688,772.6500244140625,793.0,82410
2026-01-19,769.7999877929688,774.4000244140625,763.4000244140625,771.0,42429
2026-01-20,765.1500244140625,773.9000244140625,759.0499877929688,769.9000244140625,69244
2026-01-21,761.7999877929688,764.5,747.0,762.4500122070312,69845
2026-01-22,769.4000244140625,780.2000122070312,761.9500122070312,761.9500122070312,43936
2026-01-23,764.5499877929688,768.7999877929688,761.0499877929688,768.7999877929688,22832
2026-01-27,757.2999877929688,765.0,744.75,764.5499877929688,35416
2026-01-28,763.7000122070312,770.0,756.0,770.0,39347
2026-01-29,763.2999877929688,770.0,755.0,762.2999877929688,35797
2026-01-30,783.2000122070312,788.9500122070312,752.3499755859375,757.0,42071
2026-02-02,782.0499877929688,795.0,761.9000244140625,779.0,36978
2026-02-03,791.6500244140625,814.0,787.25,814.0,30627
2026-02-04,798.3499755859375,801.0,783.0,783.0,37352
2026-02-05,810.4500122070312,827.4500122070312,791.1500244140625,801.0,264179
2026-02-06,797.6500244140625,808.0,776.2000122070312,805.5999755859375,114388
2026-02-09,795.9500122070312,804.0,786.5999755859375,800.0,40569
2026-02-10,801.9000244140625,806.2999877929688,795.9500122070312,799.9500122070312,23723
2026-02-11,804.3499755859375,811.7999877929688,793.0999755859375,800.0,26703
2026-02-12,789.9000244140625,802.25,786.0,790.0,20307
2026-02-13,769.9000244140625,791.75,765.0,791.0,36351
2026-02-16,769.8499755859375,782.9500122070312,756.0,759.9000244140625,27502
2026-02-17,777.0,781.9000244140625,758.0999755859375,758.0999755859375,23090
2026-02-18,775.2999877929688,787.9500122070312,765.2999877929688,777.0,34931
2026-02-19,767.5,784.0,765.0,773.0499877929688,32600
2026-02-20,763.0499877929688,768.5499877929688,756.0,765.0,20305
2026-02-23,769.3499755859375,774.9000244140625,763.0,765.0,23535
2026-02-24,750.8499755859375,767.0,747.0499877929688,765.0,66935
2026-02-25,739.9000244140625,773.4500122070312,733.0499877929688,752.0499877929688,143443
2026-02-26,729.5999755859375,748.9000244140625,726.0499877929688,738.0,137610
2026-02-27,711.2000122070312,735.7999877929688,705.0,733.2000122070312,114860
2026-03-02,705.25,708.0,691.25,700.0,58524
2026-03-04,698.2999877929688,705.0,690.0,700.0,59557
2026-03-05,707.5,709.5999755859375,693.1500244140625,704.4000244140625,43101
2026-03-06,708.5,724.5,701.7000122070312,707.0,62638
2026-03-09,705.6500244140625,715.0,682.0,702.0999755859375,67688
2026-03-10,712.3499755859375,720.75,707.4500122070312,709.4000244140625,50462
2026-03-11,706.0999755859375,725.3499755859375,703.0,711.0,76774
2026-03-12,703.2999877929688,709.6500244140625,692.6500244140625,704.2000122070312,24838
2026-03-13,677.9500122070312,704.9500122070312,675.0,703.2999877929688,45309
2026-03-16,675.2999877929688,686.9000244140625,667.0499877929688,678.0,52315
2026-03-17,670.0,682.4500122070312,665.0999755859375,675.75,35053
2026-03-18,676.2999877929688,684.0,669.4000244140625,672.9000244140625,47914
2026-03-19,655.4500122070312,671.3499755859375,652.0,670.0,47930
2026-03-20,677.2999877929688,686.9500122070312,656.9500122070312,656.9500122070312,70386
2026-03-23,646.5499877929688,670.5,635.7999877929688,666.2999877929688,139039
2026-03-24,673.2000122070312,678.5499877929688,638.1500244140625,662.0,173725
2026-03-25,694.1500244140625,699.0,667.2000122070312,675.0,270997
2026-03-27,673.5499877929688,694.1500244140625,666.0,694.0,710447
2026-03-30,663.25,674.0,655.6500244140625,662.4500122070312,77784
2026-04-01,677.0499877929688,681.4500122070312,665.25,668.9500122070312,58162
2026-04-02,656.2000122070312,673.5499877929688,650.0,666.5,60922
2026-04-06,655.9500122070312,661.2000122070312,644.5,658.0,65979
2026-04-07,690.0999755859375,695.0,652.1500244140625,655.5499877929688,135276
2026-04-08,726.25,748.0,700.0,716.0,157807
2026-04-09,720.1500244140625,729.6500244140625,715.8499755859375,725.9500122070312,41524
2026-04-10,724.2000122070312,736.1500244140625,720.25,720.25,35583
2026-04-13,717.5,728.2000122070312,704.5,715.0,44865
2026-04-15,734.7999877929688,741.5,720.0999755859375,728.9500122070312,82660
2026-04-16,748.2999877929688,753.6500244140625,733.25,746.0,85860
2026-04-17,784.75,797.0,751.3499755859375,753.9500122070312,238239
2026-04-20,757.5,785.0,755.0,784.8499755859375,70757
2026-04-21,764.2999877929688,767.7999877929688,750.2000122070312,757.5,62917
2026-04-22,764.5999755859375,773.1500244140625,758.25,760.8499755859375,30290
2026-04-23,768.75,784.5999755859375,761.75,764.0,67598
2026-04-24,751.0499877929688,781.25,750.0,781.25,40724
2026-04-27,764.5999755859375,795.9500122070312,760.0999755859375,784.8499755859375,166744
2026-04-28,759.4000244140625,767.7000122070312,753.1500244140625,762.5499877929688,34915
2026-04-29,761.0999755859375,769.0,753.5999755859375,759.9500122070312,52498
2026-04-30,755.0,762.0,751.3499755859375,760.0,27314
2026-05-01,755.0,755.0,755.0,755.0,0
2026-05-04,765.75,770.9500122070312,755.0,759.9500122070312,338157
2026-05-05,769.2999877929688,775.0,762.9000244140625,767.0,241502
2026-05-06,785.5,793.2000122070312,764.75,773.9500122070312,414155
2026-05-07,776.5499877929688,795.0,772.9000244140625,795.0,57595
2026-05-08,787.0499877929688,801.0,772.9500122070312,773.0,407954
2026-05-11,789.2000122070312,809.0,767.4500122070312,775.0999755859375,234230
2026-05-12,768.1500244140625,795.2000122070312,762.2999877929688,791.9500122070312,78065
2026-05-13,767.8499755859375,779.1500244140625,762.1500244140625,768.1500244140625,36866
2026-05-14,785.7000122070312,790.5999755859375,770.0,770.75,169499
2026-05-15,784.0999755859375,809.0,769.5,793.0,376042
2026-05-18,724.4000244140625,782.0999755859375,710.7000122070312,780.0,327979
2026-05-19,751.0999755859375,768.5,727.5499877929688,728.0,220439
2026-05-20,752.3499755859375,762.25,736.5499877929688,751.0999755859375,68947
2026-05-21,748.9000244140625,756.0999755859375,745.0,755.8499755859375,98559
2026-05-22,755.7000122070312,765.0,743.6500244140625,754.5,192689
2026-05-25,762.2999877929688,764.9500122070312,753.0,764.9500122070312,91871
2026-05-26,759.5999755859375,780.75,757.0,762.2999877929688,132923
2026-05-27,754.2000122070312,763.9500122070312,749.0,763.9500122070312,49295
2026-05-28,754.2000122070312,754.2000122070312,754.2000122070312,754.2000122070312,0
2026-05-29,736.0999755859375,760.6500244140625,724.9500122070312,754.9500122070312,134388
2026-06-01,720.0,738.9000244140625,713.4000244140625,736.0,78215
2026-06-02,725.5,729.0,706.9000244140625,723.7000122070312,41803
2026-06-03,723.5499877929688,728.0,710.5999755859375,721.1500244140625,68595
2026-06-04,737.5499877929688,747.8499755859375,717.4000244140625,717.4000244140625,636136
2026-06-05,738.4000244140625,745.4500122070312,727.5999755859375,740.0,98111
2026-06-08,745.5,754.1500244140625,732.6500244140625,742.75,449802
2026-06-09,731.5,750.0,725.3499755859375,750.0,231744
2026-06-10,737.2000122070312,752.4000244140625,732.6500244140625,733.9500122070312,223213
2026-06-11,734.6500244140625,759.2000122070312,729.5,737.2000122070312,311704
2026-06-12,743.3499755859375,754.4500122070312,738.2999877929688,749.25,86226
2026-06-15,737.75,753.7000122070312,736.0999755859375,750.0,59045
2026-06-16,745.7000122070312,748.9000244140625,735.5499877929688,742.0,54805
2026-06-17,746.1500244140625,753.6500244140625,742.2000122070312,747.9500122070312,45282
2026-06-18,749.7000122070312,753.0,742.0,749.7000122070312,54614
2026-06-19,763.0,768.7999877929688,744.3499755859375,749.7000122070312,279321
2026-06-22,780.75,800.0,763.0,763.0,222284
2026-06-23,777.0,792.8499755859375,775.0,784.7999877929688,53280
2026-06-24,780.6500244140625,784.5499877929688,770.0499877929688,771.0,34075
2026-06-25,771.5,783.0,765.0999755859375,780.6500244140625,21774
2026-06-26,771.5,771.5,771.5,771.5,0
2026-06-29,786.6500244140625,790.0499877929688,773.0999755859375,778.0999755859375,139448
2026-06-30,822.75,832.0499877929688,784.1500244140625,788.2000122070312,919045
2026-07-01,829.0499877929688,846.0,813.2999877929688,843.2000122070312,247683
2026-07-02,818.2999877929688,840.0,808.9000244140625,829.0,116150
2026-07-03,823.7000122070312,834.1500244140625,809.5,825.0,143213
2026-07-06,835.6500244140625,839.0,821.2999877929688,829.5,226133
2026-07-07,829.3499755859375,841.9500122070312,824.2999877929688,838.0,81550
2026-07-08,811.2999877929688,842.7999877929688,801.25,829.4000244140625,150088
2026-07-09,816.9000244140625,830.0,809.3499755859375,818.4500122070312,62063
2026-07-10,837.4000244140625,839.8499755859375,815.5499877929688,824.0,109731
2026-07-13,831.0499877929688,845.0,825.0,840.0,101420
2026-07-14,821.1500244140625,834.75,811.0499877929688,820.0,122575
2026-07-15,850.0499877929688,853.9500122070312,817.0999755859375,817.0999755859375,207604
2026-07-16,839.75,855.4000244140625,837.0999755859375,851.0,92763
2026-07-17,825.0999755859375,842.8499755859375,821.0,842.8499755859375,70744
2026-07-20,842.6500244140625,849.9000244140625,825.3499755859375,827.0,81589
2026-07-21,833.5999755859375,843.0,830.5499877929688,842.6500244140625,46223
2026-07-22,812.2000122070312,833.6500244140625,810.0,833.5999755859375,57507
2026-07-23,798.3499755859375,819.0,793.4000244140625,805.0,63082
2026-07-24,797.5999755859375,803.0999755859375,787.4000244140625,789.0,36166
2026-07-27,802.5144653320312,811.9245006107262,790.2961599558802,811.9245006107262,50274
2026-07-28,806.8499755859375,815.8659091454571,798.4745405282848,803.8446844463324,74793
2026-07-29,811.9500122070312,818.25,802.5999755859375,815.0,81697
2026-07-30,802.75,808.25,800.0499877929688,805.4500122070312,46368
2026-07-31,797.0499877929688,805.8499755859375,793.25,802.75,50542
2026-08-03,805.75,815.0499877929688,792.5499877929688,797.0499877929688,58590
2026-08-04,809.4000244140625,825.0,799.0999755859375,805.75,485095
2026-08-05,818.2000122070312,840.4000244140625,803.2000122070312,822.0,243621
2026-08-06,834.4500122070312,838.4000244140625,817.1500244140625,818.2000122070312,210314
2026-08-07,830.0999755859375,851.8499755859375,825.5,835.0,156108
2026-08-10,831.3499755859375,855.9000244140625,827.0999755859375,834.0,83817
2026-08-11,838.8499755859375,849.0,823.8499755859375,831.3499755859375,217637
2026-08-12,841.6500244140625,852.5999755859375,833.0,838.8499755859375,142034
2026-08-13,831.2000122070312,847.5,828.0,844.0,44227
2026-08-14,831.25,834.4000244140625,815.4000244140625,832.2000122070312,86732
2026-08-17,822.4500122070312,827.7999877929688,812.2999877929688,824.7999877929688,90176
2026-08-18,824.5499877929688,838.0,820.0,820.0,51271
2026-08-19,817.5,824.4000244140625,806.25,823.1500244140625,98543
2026-08-20,814.0999755859375,826.4500122070312,810.0499877929688,817.9000244140625,47551
2026-08-21,821.75,826.7999877929688,815.0,815.0,35565
2026-08-24,816.9000244140625,826.0,810.2000122070312,819.0,39238
2026-08-25,803.0999755859375,820.0,801.0499877929688,816.9000244140625,37590
2026-08-26,824.7999877929688,828.8499755859375,805.1500244140625,805.1500244140625,50333
2026-08-27,824.0,848.9500122070312,816.0999755859375,825.0,285845
2026-08-28,813.4500122070312,828.4500122070312,811.0999755859375,824.0,89881
2026-08-31,834.9000244140625,839.9000244140625,808.5999755859375,813.0,139731
