Date,Close,High,Low,Open,Volume
2010-10-14,68.79728698730469,75.44300988027794,64.08599932956332,71.13733076238307,65641365
2010-10-15,65.63563537597656,68.73489399678434,63.47239436358392,67.60127092539882,8040321
2010-10-18,63.753196716308594,66.85244791457787,63.07717771270033,65.44842162938588,1101564
2010-10-19,66.13484191894531,73.03017329128335,63.75320021592864,63.98199864030894,8407440
2010-10-20,66.15563201904297,69.47329067738356,64.71000101956922,66.13482956934843,2713077
2010-10-21,66.31163787841797,75.50540730425126,65.93722945999674,75.50540730425126,822631
2010-10-22,65.67723083496094,67.55967078341376,64.48120758388515,64.48120758388515,529258
2010-10-25,64.86602783203125,66.91486620634997,64.49161933321578,65.72924048364233,414292
2010-10-26,63.69078063964844,65.8852212633139,63.10836918111675,64.94920386799454,240097
2010-10-27,64.57481384277344,65.729232165,62.60917125807451,62.81718150761715,283617
2010-10-28,63.80519104003906,64.84521366658271,63.23318430843754,63.86759125503219,214641
2010-10-29,64.91800689697266,65.83322902811447,63.25397509818775,63.25397509818775,393790
2010-11-01,64.83482360839844,66.14524984488524,64.2940168613554,65.57324298325311,136498
2010-11-02,64.2732162475586,65.00123084426016,63.02519734571192,64.48121939786637,137047
2010-11-03,63.79478073120117,64.91799866078561,63.4827725768742,64.68920029827429,54558
2010-11-04,64.52281951904297,64.94922344605779,62.72358204774198,62.83798484309916,97168
2010-11-08,64.3667984008789,65.31322067971115,62.723568979028485,64.4812011723998,77913
2010-11-09,64.91800689697266,65.23001509088431,63.70118850908527,63.71158616375867,161226
2010-11-10,65.00120544433594,65.4588164809458,63.75318703016596,63.85718499405719,64917
2010-11-11,64.97002410888672,65.27162757491489,64.30440981097303,64.51241294008706,61200
2010-11-12,66.58204650878906,68.22527604980465,64.48120584850446,64.48120584850446,303835
2010-11-15,63.68038940429688,66.99804838025868,63.23318311114922,66.57164453879713,72252
2010-11-16,63.94039535522461,64.89721530105577,63.6699920470267,64.00279556932823,568152
2010-11-18,64.19000244140625,64.74121390781333,63.57639075483949,63.857198886805485,406003
2010-11-19,63.86759567260742,64.48120735081103,63.29558890144151,63.70119746819866,36274
2010-11-22,64.08599853515625,64.38760195181756,63.44118679807201,63.49318935715066,31477
2010-11-23,63.73237991333008,64.06518337115274,63.44117420976823,63.46197665752132,131197
2010-11-24,63.37879180908203,63.8571982530566,62.6091724385067,63.47239213839261,278302
2010-11-25,62.82756805419922,63.23317654309063,59.2915015559429,62.71316529367877,86368
2010-11-26,61.40275192260742,62.81718309244732,61.36115415639776,61.36115415639776,52249
2010-11-29,61.45476150512695,62.81719026687382,60.96595020478672,61.5899667579333,36481
2010-11-30,60.97634506225586,61.922760253857895,60.34193095511215,60.53953640276713,15516
2010-12-01,60.90353393554688,62.359562654368894,60.73712861303969,62.34916499967957,33444
2010-12-02,63.24359130859375,63.85720303502122,60.75794429077722,60.75794429077722,15547
2010-12-03,61.080345153808594,62.17236326963889,60.76833691732252,61.78755715801287,14958
2010-12-06,61.36114883422852,61.98515812073445,60.789134965662974,61.36114883422852,12856
2010-12-07,60.78913497924805,61.77715503903836,60.11312313340384,61.153145752392966,190372
2010-12-08,60.57073211669922,61.56914979702303,59.821915285833086,61.25714159395438,203562
2010-12-09,60.53953552246094,61.7771564690592,60.52913072563224,61.569153368695865,16497
2010-12-10,60.560333251953125,61.13234715672949,60.37313259652482,60.63313826767342,10386
2010-12-13,60.248329162597656,62.1931620595996,60.1339263873332,61.36114966630927,58356
2010-12-14,60.32112884521485,61.153148404742055,60.13392819347595,61.153148404742055,15934
2010-12-15,59.8115234375,61.51715321186924,59.71791953924281,60.32112998211428,10606
2010-12-16,59.92592239379883,60.92434010733098,59.90511994190326,60.31072847700947,4338
2010-12-20,59.801116943359375,60.52912775894942,59.69711539827509,60.52912775894942,17293
2010-12-21,60.01953125,60.52913783455451,59.717924219614105,60.52913783455451,14683
2010-12-22,59.91551971435547,60.321128263793945,59.863520724025946,60.321128263793945,9328
2010-12-23,59.69711685180664,60.52912923273917,59.69711685180664,60.217128160512864,32458
2010-12-24,59.83231735229492,60.27952721197915,59.69711570006419,60.07152412075904,6268
2010-12-27,60.38352966308594,60.94514590638313,59.90512323194096,60.11312633857996,13671
2010-12-28,61.059547424316406,61.797966736420506,60.32113525346017,60.32113525346017,10161
2010-12-29,63.37879180908203,65.10522406760649,61.98516310185544,61.98516310185544,92142
2010-12-30,63.37879180908203,63.6491951408395,62.21396866766844,62.82758034814543,71554
2010-12-31,63.94039535522461,64.48120197162042,62.40116388943074,62.81717721886608,233554
2011-01-03,63.23318099975586,63.64918717210702,60.95553756545054,62.26596343547851,33844
2011-01-04,62.39076232910156,64.06519177356785,62.21395935312524,64.06519177356785,17770
2011-01-05,62.69237518310547,63.233188988484265,62.34917397524212,62.41157419485364,10242
2011-01-06,62.49476623535156,63.44118855657746,62.42196836362103,62.42196836362103,3604
2011-01-07,62.31795883178711,63.39957916431301,62.21396085935477,62.49476181204392,85878
2011-01-10,61.24674606323242,62.380369003828285,61.16354339677858,62.2139636709206,7051
2011-01-11,59.68671798706055,63.44118935822585,59.5931140910663,62.40116669967016,20115
2011-01-12,60.45633316040039,61.35074578237003,59.69711862666613,59.69711862666613,4378
2011-01-13,59.74911880493164,60.32112913051643,59.593114690454485,60.00912804280927,3037
2011-01-14,59.72831726074219,60.019523023788935,59.073104293887006,59.073104293887006,8509
2011-01-17,59.31230545043945,60.11312127117856,59.00030081678224,59.957120739661605,3420
2011-01-18,59.48910903930664,60.529128066049495,56.36905195907807,58.88589864650798,16443
2011-01-19,58.53229141235352,59.59310929704395,57.82507948922655,58.86509849349342,397881
2011-01-20,57.7106819152832,58.26189335829366,56.59786137342616,58.26189335829366,1291
2011-01-21,57.128265380859375,58.00188263231252,56.9930637311697,57.20106681848047,2439
2011-01-24,56.88906478881836,59.27070988811235,55.53703751822916,56.19225048677923,2929
2011-01-25,57.08666610717773,58.4386933646832,56.47305447805473,58.4386933646832,1525
2011-01-27,55.90103912353516,57.01385950775011,55.14182468262244,56.993060628400656,2101
2011-01-28,56.26504898071289,58.4490885241954,55.12102843748983,55.1522285433166,7897
2011-01-31,55.41223907470703,56.18185127466047,53.332197320056046,56.18185127466047,10795
2011-02-01,53.08259582519531,54.58022611443987,52.687388476896174,54.3202204343585,26554
2011-02-02,53.20739364624024,54.081010915766605,53.06179076798584,54.081010915766605,3253
2011-02-03,53.155399322509766,61.36115719290635,53.04099653321259,53.87301259918197,25506
2011-02-04,53.07219314575195,54.69462372267924,53.06179191975848,54.28901518579156,3856
2011-02-07,53.82101058959961,54.28901937733526,53.4778022409275,54.09141392131974,3973
2011-02-08,53.07219314575195,53.76900387484599,53.06179191975848,53.25939736051729,4527
2011-02-09,53.07219314575195,54.69462372267924,53.06179191975848,53.06179191975848,7852
2011-02-10,53.12419509887695,54.08101510745909,53.04099242753322,53.06179488068096,24399
2011-02-11,53.259403228759766,58.22029582821504,53.06179776622833,53.78981225351707,12667
2011-02-14,57.877079010009766,60.32112422819768,53.51939752087674,53.52979874649619,10845
2011-02-15,56.80586624145508,61.1427457642623,55.32903843392117,61.1427457642623,4032
2011-02-16,55.27703475952149,56.76426376394336,55.1418330965623,55.1418330965623,3708
2011-02-17,55.48504257202149,56.98266926300558,55.12103534074958,56.14025201768722,3753
2011-02-18,54.82982635498047,55.91144675886943,54.8090239026229,55.12103212299853,1561
2011-02-21,56.93066787719727,59.06270504127699,55.13143425004189,55.13143425004189,66127
2011-02-22,58.02268600463867,59.90512230296403,55.329036174751664,56.8890665915992,20470
2011-02-23,57.26346969604492,59.686716130819946,54.49701850829399,59.686716130819946,17343
2011-02-24,55.12103271484375,58.18908739690757,54.70502294008397,58.033086855668216,3258
2011-02-25,53.155399322509766,57.20107686305947,48.04890370802022,54.30982130161268,46665
2011-02-28,51.26256561279297,54.08101974748694,51.02336237543615,54.08101974748694,36211
2011-03-01,52.00096893310547,53.45699770571915,49.93133211560267,51.79296584291018,55377
2011-03-03,51.41856002807617,53.03058930272045,50.57614288681136,53.03058930272045,3636
2011-03-04,50.95055389404297,51.37696131383554,49.10971898833907,49.10971898833907,7128
2011-03-07,52.104976654052734,52.4169848969504,48.288104857010936,49.92093680688771,9153
2011-03-08,53.18659973144531,55.01703353568011,49.92093589156892,50.1289390026044,14143
2011-03-09,55.0482292175293,56.16104969974664,50.96095091838193,52.62498281406851,38403
2011-03-10,54.08101272583008,55.8906439681864,52.00097102820319,53.07219377005236,16537
2011-03-11,55.32904052734375,55.53704364712021,52.83299237815477,53.03059784137908,7177
2011-03-14,56.89945983886719,58.230684596445,52.25057619820833,52.832984128517225,15039
2011-03-15,56.20265197753906,57.20106970348577,54.30981450392303,55.1418304657531,12622
2011-03-16,56.36905288696289,56.78505907625853,55.17302973680283,56.16104979231507,13441
2011-03-17,57.388275146484375,58.126687230651534,56.57705804884457,56.57705804884457,9985
2011-03-18,57.6170768737793,59.07310572426897,57.20107067113854,58.65709595100471,10026
2011-03-21,58.137088775634766,59.07310631150477,55.33943739438119,55.33943739438119,2430
2011-03-22,59.00030899047852,59.28111355673401,57.20107523627818,58.2930969612982,27432
2011-03-23,59.66591644287109,60.73713202084257,58.03308465523861,58.7090964966396,25834
2011-03-24,61.381954193115234,61.77716513813768,58.241097653257135,58.241097653257135,127822
2011-03-25,63.05637741088867,63.649186557830205,59.81151644362208,61.35074069471563,469629
2011-03-28,63.57637786865234,63.85718594370183,60.36272433431418,62.40115729760448,173839
2011-03-29,61.4963493347168,63.19158141384548,60.341931038138455,62.60916986705915,23242
2011-03-30,62.40116882324219,62.7755772787136,60.43553335857642,60.43553335857642,27508
2011-03-31,62.78597640991211,63.31639256668593,60.7371382246449,60.74754302222713,1429996
2011-04-01,61.277950286865234,62.92117985066107,60.352330379601725,62.81718186654277,2434
2011-04-04,60.64352798461914,61.98515392996028,60.52912521864073,61.98515392996028,2727
2011-04-05,62.28677368164063,62.40117647765805,60.32113797586093,60.34194043184088,6898
2011-04-06,62.4323616027832,63.02517789653204,61.444348729028086,63.02517789653204,2889
2011-04-07,63.39958190917969,63.441186812951074,60.89313997121435,62.79637507571561,45580
2011-04-08,63.212379455566406,63.44118499601577,62.193159319812494,62.40116240897194,55836
2011-04-11,60.72673416137695,63.23318322089114,59.5931112318408,62.60916679919866,15925
2011-04-13,59.33311080932617,62.40116545052938,58.24108918207681,62.36996534269704,7065
2011-04-15,56.25464630126953,60.21712391007225,55.12102701282937,59.48910598689682,18148
2011-04-18,55.110626220703125,58.2202855106863,53.67539995474879,58.2202855106863,12915
2011-04-19,53.26979446411133,55.62023942376681,52.39617718467105,54.28901462345832,47983
2011-04-20,54.92342758178711,56.10904955508782,52.20897887187759,52.20897887187759,14850
2011-04-21,53.74820327758789,55.84904019441832,53.08258910647695,54.06020791182053,5368
2011-04-25,54.14340972900391,55.12102851905648,53.67540099966345,54.70501877596316,1305
2011-04-26,54.01860809326172,54.14341209282544,53.04098926052775,54.08101187835528,2610
2011-04-27,53.44659423828125,54.34101034510466,53.29059371248965,54.34101034510466,4792
2011-04-28,53.8938102722168,54.268215147778456,53.66500471392321,54.24741626548975,4693
2011-04-29,54.08101272583008,54.268213372174095,53.248996760904014,54.08101272583008,9976
2011-05-02,54.13301086425781,55.07942958971098,53.70660344769329,54.289014971049085,4482
2011-05-03,54.01860809326172,54.486616843034746,53.45699902178344,53.45699902178344,3870
2011-05-04,54.01860809326172,55.82824287788367,53.25939715242012,53.45699902178344,46552
2011-05-05,54.28901290893555,55.079427497574336,54.28901290893555,54.60101754004352,7231
2011-05-06,54.29941940307617,55.10023172435045,54.18501662271596,54.20581550522527,2853
2011-05-09,54.351409912109375,54.91301892907081,54.08100662857181,54.08100662857181,1012
2011-05-10,57.18027114868164,57.20107360225374,54.35141954214645,55.537041565174846,42678
2011-05-11,56.78505706787109,57.82507964557321,55.765840511895306,55.765840511895306,3604
2011-05-12,56.577056884765625,56.78505998273386,56.16105068882917,56.23385213018039,4225
2011-05-13,56.21304702758789,56.94106140677457,56.17144926645432,56.82665863709906,13338
2011-05-16,56.16105651855469,56.21305551313271,55.95305339899496,56.181855402261135,12550
2011-05-17,56.1402473449707,56.161049796811184,54.60101944558085,55.74504003685885,47601
2011-05-18,54.88182830810547,56.16105422534881,54.70502530663666,56.15065299860839,12910
2011-05-19,54.673828125,56.36906035516134,53.05139734467302,54.60102667516564,5301
2011-05-20,54.02900695800781,54.89222297940612,53.66499977180091,54.10180839524919,585
2011-05-23,52.70818328857422,53.66499962496927,51.38735976696821,53.05138802284555,4486
2011-05-24,52.02177429199219,53.66500379524762,51.84497129838236,53.65460613959305,8055
2011-05-25,52.042572021484375,53.45699950966523,51.58496449348776,51.58496449348776,675
2011-05-26,51.62656784057617,53.04099181329845,51.59536773183948,52.22977827427383,1075
2011-05-27,52.104976654052734,53.03059658519242,51.5849688669295,52.00097509662809,1485
2011-05-30,52.33378219604492,53.45700401453092,51.5849688405955,51.92817362285925,1737
2011-05-31,57.01386642456055,58.5218942643507,51.81377104090889,52.20897836147888,21199
2011-06-01,55.724246978759766,56.38986123599005,54.49702359312323,56.21305465936344,2034
2011-06-02,54.61142349243164,55.74504291634604,54.10181338474361,54.28901760786094,2160
2011-06-03,53.80020523071289,55.5266409663924,53.6858060246236,54.0914110003005,3258
2011-06-06,54.08101272583008,54.49701892298138,53.3009957502362,53.3009957502362,684
2011-06-07,54.49702835083008,55.11064009721796,53.249005972847975,55.11064009721796,2083
2011-06-08,55.43303298950195,55.443434214970864,53.26979232936303,53.26979232936303,2758
2011-06-09,55.22503280639648,55.74504054782412,54.913024590916486,55.12103125811095,10219
2011-06-10,54.06021118164063,54.08101363422168,53.06179343520844,53.47779963934735,8928
2011-06-13,53.1033935546875,54.91302478603376,52.240177487289365,54.91302478603376,8383
2011-06-14,52.52098846435547,54.913031517913375,52.34418545290495,54.913031517913375,16254
2011-06-15,53.03059768676758,53.24900203308325,52.20898286660931,52.83299222411939,459
2011-06-16,53.12419509887695,53.613006329741886,52.83298931979749,52.83298931979749,3478
2011-06-17,52.70818328857422,53.456996539312506,52.0113690239385,52.0113690239385,2254
2011-06-20,51.46015930175781,52.4169792397968,49.9209314191225,52.02177193598679,6318
2011-06-21,51.91777801513672,52.62499006141803,49.50493250528864,50.98176039123551,6534
2011-06-22,51.896968841552734,52.62498324825,50.96095133883436,52.2089770562078,3024
2011-06-23,51.33536148071289,52.0009721243098,50.960953038885954,51.07535581670105,3798
2011-06-24,52.48978042602539,52.62498207837117,51.636962038299984,51.636962038299984,3172
2011-06-27,53.0513916015625,53.62340191101663,50.64894758773045,50.64894758773045,9958
2011-06-28,53.41539764404297,53.45699897719618,50.75294802847146,50.75294802847146,4621
2011-06-29,53.7794075012207,53.87300782746941,51.80337085855157,53.04099183519448,9031
2011-06-30,55.75543975830078,56.36905137043995,52.22977418756631,52.22977418756631,65155
2011-07-01,57.388275146484375,57.72107868183164,54.30981566484583,54.49701988511836,24867
2011-07-04,57.18027114868164,57.82508650881425,54.39302087866698,54.39302087866698,12654
2011-07-05,57.08666610717773,57.409071975318746,55.57863831387719,56.410654263736696,4878
2011-07-06,57.33627700805664,57.52348124276856,54.74662854464252,54.75702977174423,34852
2011-07-07,58.00188827514648,58.66749893342091,55.94264894093667,56.16105327504788,83925
2011-07-08,57.5546760559082,57.90828203858143,56.36905410602673,56.57705720517293,24669
2011-07-11,57.68988037109375,58.24109182278688,56.36905670297856,57.20107270851822,10971
2011-07-12,58.4490966796875,58.65709979463774,56.993071304412126,56.993071304412126,41787
2011-07-13,59.12510299682617,59.28110710359661,57.450673438025234,57.450673438025234,186246
2011-07-14,58.46989440917969,59.28110792018891,58.26189131103614,58.26189131103614,3478
2011-07-15,58.05388259887695,58.84429720050003,57.627475191504416,58.24108680886628,841
2011-07-18,57.471473693847656,57.89788109406151,57.40906991114999,57.82507965643362,1809
2011-07-19,56.639461517333984,57.61707680652332,56.6082578386112,56.993067503290575,4122
2011-07-20,56.23385238647461,56.57705714262406,56.21304993420891,56.22345116034176,1548
2011-07-21,56.982669830322266,57.1802717174808,56.16105503039588,56.16105503039588,891
2011-07-22,56.11945724487305,57.19067656357189,55.74504875939387,55.75544998694161,1633
2011-07-25,55.526641845703125,56.577058593351545,53.24899821348451,55.745042605728905,9180
2011-07-26,56.43144989013672,57.8042759496924,54.89222207845615,54.89222207845615,1183
2011-07-27,55.5786361694336,55.94264335661625,55.1730276507696,55.537034837952255,981
2011-07-28,55.95305252075195,56.52506287587479,55.22503804309606,55.32903960124352,3150
2011-07-29,55.620235443115234,56.36904867020552,54.70501689625616,55.95304251202973,42223
2011-08-01,57.25306701660156,58.24108705817136,54.28901403313885,54.92342453404924,7150
2011-08-02,56.97226333618164,56.97226333618164,55.57863831615594,55.57863831615594,3591
2011-08-03,56.77466583251953,57.20107328086769,54.75702780228786,55.14183391434922,7672
2011-08-04,55.96343994140625,56.577051521683146,55.38102846580471,55.81783707250587,441
2011-08-05,56.09865188598633,56.57705830923365,54.081013929523856,55.14183189824463,5490
2011-08-08,56.02584838867188,56.78505933047291,49.29691932464146,54.101810828007565,29848
2011-08-09,55.50584030151367,58.03308841432682,53.24899908515053,54.10181396890899,18936
2011-08-10,56.16105651855469,56.16105651855469,55.214637682746975,55.22503890991211,2349
2011-08-11,55.97384262084961,56.53545523146742,54.56981645023989,55.53703400279905,3879
2011-08-12,56.28585433959961,58.02268780531168,54.788227663797656,55.13143600864205,7605
2011-08-16,55.06903076171875,56.16105241556254,54.58022310940213,55.20423242249268,4014
2011-08-17,54.87142562866211,55.12103005321594,53.446596949986656,54.14341123595373,7722
2011-08-18,54.11222076416016,55.110638640148686,54.08102065186351,54.08102065186351,5679
2011-08-19,54.12261581420898,54.90262924446577,54.08101447902054,54.08101447902054,3510
2011-08-22,54.08101272583008,55.74504108505876,54.08101272583008,54.08101272583008,5706
2011-08-23,54.08101272583008,54.09141038132244,54.08101272583008,54.09141038132244,2439
2011-08-24,54.11222076416016,54.8922342834482,54.08102065186351,54.09141830887975,2394
2011-08-25,55.56822967529297,57.19066002549752,54.08100453223931,54.09140218615637,3159
2011-08-26,54.02900695800781,54.70501877355353,53.26979247972245,54.14340972661902,2308
2011-08-29,55.1002311706543,55.5370398345728,54.09141218130641,55.12103362357817,1899
2011-08-30,58.66749572753906,60.33153120885303,54.07061087708306,55.95304710995013,227808
2011-09-02,57.09706878662109,58.66749683421794,56.57705746573724,58.66749683421794,1125
2011-09-05,56.4626579284668,56.9722644495416,54.74662343612849,56.16105093565092,1755
2011-09-06,56.16105651855469,56.17145774571981,56.16105651855469,56.16105651855469,531
2011-09-07,57.08666610717773,59.48911006465582,56.17145106176865,56.17145106176865,12307
2011-09-08,56.70186233520508,59.26031050335322,56.57705833086012,59.26031050335322,44437
2011-09-09,55.25623321533203,56.18184949956035,54.601020243996885,55.75544207807592,2254
2011-09-12,55.058631896972656,55.11063088660998,54.289016142978426,54.51782169512837,1053
2011-09-13,54.02900695800781,55.12102851662853,53.26979247972245,54.51781813832419,571
2011-09-14,53.966609954833984,54.91302512461754,53.69620307016479,54.081012730246975,5944
2011-09-15,56.05705261230469,57.20107329261988,52.64578945419495,53.06179567590096,6165
2011-09-16,54.455413818359375,55.537034140803776,53.25939429905639,54.10180786114163,1075
2011-09-19,54.705020904541016,55.52663919719818,54.08101162155564,54.49701781021256,1210
2011-09-20,54.767425537109375,55.12103151706607,53.97700733930388,53.97700733930388,774
2011-09-21,53.259403228759766,55.01703565476842,52.843393420041714,53.59220679098564,2700
2011-09-22,52.00096893310547,54.91302290770951,51.58496275271488,53.26979349629406,107869
2011-09-23,51.730567932128906,52.00097124729182,51.16895527886034,51.16895527886034,1404
2011-09-26,50.90895462036133,51.16895671667047,49.92093451426646,51.16895671667047,2695
2011-09-27,50.60734939575195,51.37696519712977,50.33694606349339,51.32496263366729,1089
2011-09-28,51.00255584716797,51.584967408782,50.139339731382506,50.960954511249305,1062
2011-09-29,50.34733963012695,51.36655979796443,50.0873375458048,51.36655979796443,2686
2011-09-30,50.50334548950195,50.50334548950195,48.04889887725244,50.33694372128743,3046
2011-10-03,50.284934997558594,50.96094678452464,49.92092782674078,50.33693755222818,1345
2011-10-04,50.94015121459961,52.41697887331397,49.92093107009125,50.3369408226067,2574
2011-10-05,51.94896697998047,51.96976585956322,51.93856575487754,51.9593682050834,288
2011-10-07,50.38894271850586,51.91777302351323,49.94173640422119,50.65934960884242,1759
2011-10-10,50.74254989624024,50.9609542306429,50.388943898814105,50.85695267673072,846
2011-10-11,51.76176452636719,52.62498054405855,50.336939464153055,50.357738344437024,1566
2011-10-12,51.28335189819336,52.20897164969427,50.55534113750884,51.564156405805406,4333
2011-10-13,49.56733322143555,56.14025553821546,49.50493299805404,52.83299371026102,69750
2011-10-14,49.8481330871582,49.920934531098965,49.50492832036522,49.920934531098965,2272
2011-10-17,52.02177429199219,53.96661079232391,50.492943995301616,50.492943995301616,9211
2011-10-18,49.879337310791016,49.94174110404805,49.50493240436812,49.94174110404805,7020
2011-10-19,49.92094039916992,50.9609596188793,49.50493413953577,50.9609596188793,1575
2011-10-20,50.55534744262695,50.94015353547156,49.50492714368107,49.71293024410392,1147
2011-10-21,49.525726318359375,49.7545318725517,49.50492743644348,49.7337294200123,2034
2011-10-24,50.3369369506836,50.95054852121173,49.712924155221216,49.73372303446664,265
2011-10-25,49.50492858886719,49.712931695362215,49.50492858886719,49.50492858886719,2416
2011-10-28,50.90895462036133,50.960953611373725,49.50492830367298,49.71293140896972,12033
2011-10-31,50.440948486328125,50.75295316059192,49.73373289245696,49.73373289245696,553
2011-11-01,49.85853576660156,50.75295200224324,49.71293287447684,49.71293287447684,355
2011-11-02,49.525726318359375,49.81693208892288,49.525726318359375,49.712930538096415,697
2011-11-03,50.86735534667969,50.96095567666949,49.50493030996038,49.71293342368687,7375
2011-11-04,49.55693054199219,50.75295383175536,49.50493154757246,50.75295383175536,805
2011-11-08,49.50492858886719,49.92093480185724,49.50492858886719,49.712931695362215,2254
2011-11-09,49.744136810302734,50.5449527785851,49.66093413108214,49.712936698251,292
2011-11-11,50.03533935546875,50.63854981393878,49.5049303439153,49.9209365716536,1980
2011-11-14,49.61933135986328,50.524145230019215,49.504928580124144,49.71293168658244,1561
2011-11-15,49.764930725097656,50.22254184448835,49.50492862708992,49.71293173374554,1467
2011-11-16,49.816932678222656,50.96095332147026,49.50492802205246,49.71293112616592,407434
2011-11-17,49.65053176879883,49.92093509470389,49.50492887927345,49.71293198698867,2061
2011-11-18,49.50492858886719,49.92093480185724,49.50492858886719,49.92093480185724,3861
2011-11-21,49.515323638916016,49.92092857479973,49.50492241370162,49.92092857479973,2956
2011-11-22,49.88972854614258,49.92092865121037,45.77125397659948,49.92092865121037,2119
2011-11-23,49.6921272277832,49.92093277802594,49.50492658190108,49.50492658190108,2934
2011-11-24,49.66093063354492,49.86893731694684,49.50493008427311,49.86893731694684,1948
2011-11-25,49.62971878051758,49.88972439528078,49.50491837062986,49.71292143419129,4108
2011-11-28,49.868934631347656,49.92093362143006,49.50492741827685,49.92093362143006,2331
2011-11-29,49.40092468261719,49.91053476869342,49.29691956369992,49.68172922007291,1552
2011-11-30,45.20964813232422,49.92093611435962,44.51283377955954,49.411325990611815,54373
2011-12-01,41.66318130493164,47.8304943474496,38.66792449526415,45.76085741197309,137574
2011-12-02,42.64079284667969,43.05680258480177,40.76875795168831,42.43278976293025,13356
2011-12-05,43.01520538330078,43.56641682171288,42.43279383639344,43.45201404348128,7245
2011-12-07,42.609596252441406,43.57681388514117,42.32879170917752,43.57681388514117,1548
2011-12-08,41.60078048706055,43.0568094465946,41.60078048706055,42.01679029148046,1233
2011-12-09,40.55035781860352,41.60077447840786,37.43029723328665,41.60077447840786,25749
2011-12-12,40.27995300292969,41.31997206085455,39.52073848363855,41.31997206085455,16915
2011-12-13,39.3127326965332,40.76875784976229,38.480716792992354,40.35275168330346,2461
2011-12-14,38.81352615356445,39.520738106428745,38.480719058430445,38.480719058430445,4477
2011-12-15,38.86552810668945,39.52074112097475,38.48072199364633,38.48072199364633,3730
2011-12-16,38.55352020263672,39.728740896600186,38.48071876271759,39.728740896600186,312691
2011-12-19,38.30392074584961,41.55918351282364,37.867112049658296,41.55918351282364,63481
2011-12-20,38.76152801513672,41.28877626819826,38.4807234471574,41.28877626819826,2173
2011-12-21,37.92950820922852,40.123949111748864,37.85670676766094,39.104732500426174,26491
2011-12-22,38.40792465209961,38.6887292394806,37.4407068674406,37.46150575254792,1453
2011-12-23,38.49111175537109,39.936735448031286,37.91910158425159,38.9591204017982,57024
2011-12-26,39.48953628540039,39.52073639130527,37.44069838557831,37.44069838557831,12222
2011-12-27,38.47031784057617,39.31273501923777,37.96070775711871,39.31273501923777,37476
2011-12-28,38.480716705322266,39.10472952421202,38.480716705322266,38.49111793064699,1597
2011-12-29,38.49111175537109,38.49111175537109,38.49111175537109,38.49111175537109,9
2011-12-30,39.71834945678711,40.57116441751023,38.27272165806207,38.27272165806207,69777
2012-01-02,38.45991897583008,38.740727099706206,38.37671987488865,38.42871886664909,1048
2012-01-03,39.51033782958984,40.53995924698445,38.37671843258289,40.53995924698445,1300
2012-01-04,39.167137145996094,39.52074316771333,38.76152855843862,39.52074316771333,139
2012-01-05,38.30392074584961,38.6367278816083,38.2727206347822,38.56392643224308,49230
2012-01-06,38.35591125488281,39.09432681239817,38.272712167318,38.3767137047413,2736
2012-01-09,38.1167106628418,39.30233255468285,37.46149771904517,37.85670501632552,92686
2012-01-10,38.948726654052734,39.18792984969622,36.54628276009553,36.54628276009553,1426
2012-01-11,39.51033782958984,39.51033782958984,38.55352142504615,39.31273595532882,454
2012-01-12,38.36631393432617,39.52073568530027,38.16871207691749,38.58471824238198,165303
2012-01-13,39.49994659423828,39.49994659423828,39.10473921085659,39.48954536633706,1080
2012-01-16,38.04391860961914,39.51034539037337,37.856714355121454,39.51034539037337,48730
2012-01-17,39.61434555053711,40.97677058985975,38.272719394377376,39.43753897584567,253264
2012-01-18,41.20557022094727,43.68081570637993,40.35275535963714,42.6199977428903,15237
2012-01-19,41.52797317504883,41.60077461274547,40.768758692015766,41.205567318195605,4468
2012-01-20,43.43120956420898,43.68081040000391,39.52073457928852,41.70477402810179,29376
2012-01-23,41.465579986572266,42.43279772096434,40.560762474883205,41.62158411395365,10404
2012-01-24,41.52797317504883,41.60077461274547,39.83274122752276,41.60077461274547,51444
2012-01-25,41.39277267456055,41.60077576786272,39.65593934717833,40.76875982403067,51615
2012-01-27,40.60236358642578,40.97677206179707,39.00073169476663,39.541545523913534,3109
2012-01-30,41.143165588378906,41.80877615803576,39.52073513839747,39.541537588756725,28107
2012-01-31,41.673583984375,42.22479548482263,39.93675037455574,39.95755282964279,16965
2012-02-01,41.28877258300781,41.39277413332412,40.04075040858863,40.56075816017017,13360
2012-02-02,41.47596740722656,42.61998777220074,39.9471374655583,42.61998777220074,56907
2012-02-03,40.93516540527344,42.630397410227935,40.25915356259944,42.630397410227935,37021
2012-02-06,42.32879638671875,43.88882695703202,41.184775634780166,43.680820262532734,722740
2012-02-07,41.54877853393555,43.47281258414366,41.18477131997758,43.46241492847594,73314
2012-02-08,41.17436599731445,42.32878774083715,40.87275902986324,41.80877646673985,13662
2012-02-09,41.10156631469727,42.43279109123859,39.93674329623986,41.39277206931162,30649
2012-02-10,40.81036376953125,41.60077843118124,40.56075932746407,41.5799795487688,21069
2012-02-13,41.01837158203125,41.60077958255813,40.56076045005655,40.57116167686244,2659
2012-02-14,40.82075881958008,41.39276906154415,40.76875626548196,40.810357594635846,9792
2012-02-15,42.59919738769531,44.51283014631508,40.98716447499491,40.98716447499491,33444
2012-02-16,43.32720947265625,45.34484740771863,41.63197741532942,43.67041780286581,81297
2012-02-17,43.25440979003906,48.46491017698095,42.66160057101115,43.68081723562242,30631
2012-02-21,43.181602478027344,44.09682103419018,42.84879897635282,42.87999908147086,11812
2012-02-22,42.370391845703125,44.08642273547026,41.704777656923234,43.2648080107446,5530
2012-02-23,42.65119934082031,44.56483580308058,39.93674697951318,41.6215814496341,45607
2012-02-24,43.35841369628906,44.09682578530296,41.62158028280948,42.01678760792396,20817
2012-02-27,42.55759811401367,43.472813204490606,41.18477190767471,42.443195335048166,17338
2012-02-28,42.318389892578125,43.472811728223405,40.76876074250578,41.60077670508224,7996
2012-02-29,42.55759811401367,44.49203341811696,41.73597977899937,42.443195335048166,15930
2012-03-01,42.81759643554688,43.67041116233793,41.91277915610183,41.91277915610183,14224
2012-03-02,42.39118576049805,43.63921132558861,41.26796418016573,42.01678094746926,10224
2012-03-05,41.41357421875,43.26480670744514,40.97676559001341,42.01678460435722,25816
2012-03-06,41.57998275756836,43.12961209152549,41.3927785189152,41.60078164158588,15862
2012-03-07,41.21596908569336,41.7983805949244,41.18476897921646,41.60077515973959,1768
2012-03-09,40.7895622253418,41.964782914608186,40.56075668061806,40.7895622253418,33822
2012-03-12,40.37355422973633,40.9767682247525,40.36315657406687,40.9767682247525,18279
2012-03-13,40.44635009765625,40.76875593268827,39.95754251799006,40.76875593268827,43384
2012-03-14,40.00954818725586,40.5607560177552,39.93674317819416,39.94714440386345,16078
2012-03-15,39.82233810424805,40.342345751658016,39.5727337193667,39.9367372872423,9981
2012-03-16,40.38395690917969,40.97676969923429,39.83274545517042,40.34235557313436,514818
2012-03-19,41.19517135620117,41.413575678266575,40.77916159342846,41.413575678266575,16758
2012-03-20,42.515995025634766,43.2232069818965,40.97676711285272,40.97676711285272,20457
2012-03-21,42.505592346191406,43.03600129525095,41.91278318444799,42.43279090785245,6421
2012-03-22,42.7239990234375,43.26480922805376,41.3719752972086,42.640796354843154,8752
2012-03-23,42.6616096496582,42.848813916261285,40.98717604972845,42.83841268738768,17194
2012-03-26,41.60078048706055,42.55760053778972,40.59196144241874,42.22479340837854,8775
2012-03-27,40.59195709228516,41.60077602881448,40.35275389054953,41.60077602881448,5584
2012-03-28,41.01837158203125,41.39277647018256,40.56076045005655,40.56076045005655,5796
2012-03-29,40.77915954589844,41.56957412779395,39.93674240728362,41.56957412779395,2713
2012-03-30,41.673583984375,43.056811563953865,41.18477627856457,41.18477627856457,12321
2012-04-02,42.318389892578125,42.84880243425864,40.83116452840101,41.62157915725513,4405
2012-04-03,43.42081069946289,44.70003290556375,41.631974857168686,41.66317853396231,18598
2012-04-04,43.6184196472168,44.09682968432679,42.432797567041135,42.432797567041135,5751
2012-04-09,42.8280029296875,43.88882451543527,42.63040104418591,43.868022061830665,14571
2012-04-10,43.37920379638672,44.09681685800969,41.819173693865,41.819173693865,8964
2012-04-11,41.85038375854492,43.46241679549964,41.68398198385463,42.6616008903913,3879
2012-04-12,42.43279647827149,43.05680939889822,40.88316718903704,40.88316718903704,909832
2012-04-13,42.44319152832031,43.254404993513695,42.43279030281354,42.64079338920946,1777
2012-04-16,42.84880447387695,43.24401180711602,41.60077868529408,41.60077868529408,5076
2012-04-17,43.70161437988281,43.88881858390533,41.7775769245443,41.7775769245443,8127
2012-04-18,43.3064079284668,43.73281533048772,42.05838582857345,42.53679221733565,4347
2012-04-19,43.16080856323242,44.09682610694258,42.74479878234815,44.06562599823538,741460
2012-04-20,42.92160415649414,44.08642365522496,41.71517975314528,42.47439427933177,1759
2012-04-23,43.35841369628906,44.70003621403063,42.599199154539725,43.8160212383628,10467
2012-04-24,43.52481842041016,44.51283501497137,42.547199482299135,43.26481273792739,9369
2012-04-25,43.982421875,44.70003506343028,42.44319394900989,42.44319394900989,5391
2012-04-26,43.816017150878906,44.40882629793721,42.65119416631072,43.17120544745672,12402
2012-04-27,43.75362396240234,44.30483186696564,42.64079978496135,42.64079978496135,6120
2012-04-30,43.68081283569336,44.32562812307047,42.7551965923892,44.32562812307047,3258
2012-05-02,43.3064079284668,44.92883844363978,43.160805052593965,43.9304207637251,5953
2012-05-03,42.99440383911133,43.68081332475365,42.97360138765349,43.47281023391517,414
2012-05-04,41.00796508789063,43.67041458206171,40.69595688877997,42.9736003174209,14040
2012-05-07,42.370391845703125,42.74479670259635,40.88316293219757,40.88316293219757,3006
2012-05-08,41.62158203125,42.422397941487375,41.61118080444535,42.422397941487375,886
2012-05-09,40.82075881958008,42.42239035357792,40.76875626548196,41.14316465724389,1939
2012-05-10,41.60078048706055,41.99598783741639,40.43596089005708,40.77916567587652,2979
2012-05-11,41.08076477050781,41.579973583017406,40.4463507445336,40.560753507946856,2070
2012-05-14,41.28877258300781,41.28877258300781,40.14475195890493,40.35275505953755,711
2012-05-15,41.455177307128906,41.808783317558095,39.624743463842,40.43596061306072,1606
2012-05-16,41.267974853515625,41.995989359671455,40.290359454533686,41.995989359671455,1084
2012-05-17,41.02876663208008,41.55917917675698,40.394356108445,40.560757873650935,1507
2012-05-18,41.15357208251953,42.63039985155941,38.73032553716311,40.56075930135188,3280
2012-05-21,41.39277267456055,41.60077576786272,40.664758277379576,40.664758277379576,2785
2012-05-22,42.006385803222656,43.05680610381795,37.65910528681567,41.60077725732477,6394
2012-05-23,42.6719970703125,43.24401096176143,41.39277476823905,42.640796961801385,904
2012-05-24,41.61117935180664,41.80878123045473,41.61117935180664,41.80878123045473,360
2012-05-25,42.8384017944336,42.93200211862223,41.6215797268638,42.64079634920403,1539
2012-05-28,41.44477844238281,42.61999922410176,41.28877432501466,42.61999922410176,3199
2012-05-29,41.20557022094727,43.660016824411386,40.58156091440872,40.58156091440872,11335
2012-05-30,41.59037780761719,41.60077546276969,40.560756433262775,40.58155888481445,1435
2012-05-31,44.31523132324219,45.76085900281925,39.74954629254914,40.76876295628532,51295
2012-06-01,42.55759811401367,44.92884208109968,41.87118501084419,41.87118501084419,4707
2012-06-04,41.62158203125,42.64079871001934,41.60077957764069,42.41199671468272,3217
2012-06-05,41.9959831237793,43.26480770744247,41.93358290983844,42.6407948561638,837
2012-06-06,43.0463981628418,43.056799387443846,41.60077076807468,41.995978026100175,6187
2012-06-07,41.79838943481445,43.20241594695086,41.61118518573812,41.8503884330654,3379
2012-06-08,41.95439147949219,41.95439147949219,41.92318779734817,41.92318779734817,184
2012-06-11,42.43279647827149,43.368814073899706,41.611181667997606,41.611181667997606,1255
2012-06-12,42.016788482666016,42.43279469855318,41.819183030683085,41.819183030683085,1570
2012-06-13,41.039161682128906,42.016780385820006,40.59195187266855,42.016780385820006,4027
2012-06-14,40.9975700378418,41.28877582987671,40.68556536235743,40.68556536235743,1494
2012-06-15,41.059967041015625,41.60077724518043,40.997566824933706,41.59037958958243,445
2012-06-18,41.60078048706055,42.01679029148046,41.60078048706055,41.808783603958624,3451
2012-06-19,41.18477249145508,41.18477249145508,41.18477249145508,41.18477249145508,450
2012-06-20,40.95597076416016,41.80878572916648,40.56076339371528,41.60078260169527,225558
2012-06-21,41.59037780761719,41.60077546276969,40.560756433262775,40.97676618743954,1512
2012-06-22,43.80561828613281,45.76085595256048,42.03758483383093,42.55759614299994,97834
2012-06-25,44.86643981933594,45.76085598680238,44.58563171262545,44.58563171262545,77800
2012-06-26,44.59602737426758,45.13683749765592,44.59602737426758,45.03283596284543,2880
2012-06-27,43.43120956420898,44.60643016231777,42.74479298328063,43.73281295454324,1935
2012-06-28,42.95280075073242,43.47280845656858,42.95280075073242,43.46241080188808,945
2012-06-29,44.91844177246094,46.38486833484902,42.84880476484832,42.84880476484832,14256
2012-07-02,45.40725326538086,45.760859267330645,43.4728143401211,43.4728143401211,7879
2012-07-03,45.459251403808594,45.76085840778365,43.80562063645095,44.72083930426852,3307
2012-07-04,46.79047393798828,46.98807937876321,43.909619987435946,43.909619987435946,136764
2012-07-05,47.2272834777832,47.42488535168161,46.21846451466114,47.21688225159166,32287
2012-07-06,46.24966430664063,47.2168819290121,45.792056775444365,46.2392666511436,6421
2012-07-09,45.81286239624024,46.17686965776885,43.83682552695921,45.96886652850221,2938
2012-07-10,45.126441955566406,45.96885913542321,44.26322589437758,44.76243832320375,6831
2012-07-11,45.136844635009766,45.760857513168965,44.51283175685057,44.92884153249787,3483
2012-07-12,45.37603759765625,45.96885023361426,44.92883138531957,44.92883138531957,4297
2012-07-13,44.61683654785156,45.76086083598461,44.51283498904379,44.92884479489866,2106
2012-07-16,43.94082260131836,44.51283293366037,43.68081693099282,44.148825709329344,5215
2012-07-17,44.03442001342773,45.0952378504076,43.30640567199661,43.712014172311534,3483
2012-07-18,43.26481246948242,44.59603741361075,42.85920389297589,42.85920389297589,3280
2012-07-19,43.05680847167969,43.68081780824476,42.89040669605374,43.05680847167969,3523
2012-07-20,43.68081283569336,45.5528477735266,43.68081283569336,45.5528477735266,918
2012-07-23,42.95280075073242,42.99440208132395,42.95280075073242,42.99440208132395,684
2012-07-24,42.7239990234375,44.05522386782956,42.713597797207335,43.680815429778505,954
2012-07-25,42.43279647827149,43.04640817187771,41.9335875700196,42.651200821959655,3451
2012-07-26,41.92318344116211,42.01678733662012,41.61117878775695,41.91278578548506,3514
2012-07-27,42.64079284667969,43.47280875230066,41.61117508268371,41.61117508268371,25155
2012-07-30,42.96321105957031,45.708860182257446,42.09999130119128,43.660021889776914,3699
2012-07-31,44.6688346862793,45.30324877395277,43.25440719952811,43.26480842556535,12978
2012-08-01,44.56483459472656,45.7608577975376,43.68081604762224,43.68081604762224,15147
2012-08-02,45.55284881591797,45.708852921181695,44.09682359240888,44.09682359240888,22666
2012-08-03,43.982421875,45.55284990866662,43.26480868656972,45.34484681040753,27306
2012-08-06,44.512821197509766,45.7608466577713,43.88881203800167,44.70002537361126,17091
2012-08-07,43.87842178344727,44.72083900119094,43.722417669259,44.72083900119094,5476
2012-08-08,45.94806289672852,46.73848119482672,43.68082027627599,43.88882697084072,14643
2012-08-09,47.14408493041992,47.21688637887741,45.98966298220076,46.176867216894856,77917
2012-08-10,52.88499069213867,54.0290113295685,46.80087671870679,46.80087671870679,98689
2012-08-13,56.32745361328125,58.86510288675781,52.52098327368992,52.52098327368992,321241
2012-08-14,54.56981658935547,56.30664615634792,49.08891032826238,55.43302897518237,104481
2012-08-16,53.89381408691406,55.74504316144103,52.67698841661311,52.68738607249277,76495
2012-08-17,54.36182403564453,55.53704125469309,54.081015908356775,55.53704125469309,23737
2012-08-21,53.65460586547852,54.70502259549302,52.27137846125378,54.70502259549302,53226
2012-08-22,54.1018180847168,54.49702185086904,53.04099294136647,53.04099294136647,16938
2012-08-23,53.35299301147461,54.08100735481058,53.04098482397456,53.87300070626952,11353
2012-08-24,53.144996643066406,54.07061295609578,52.62498531199742,54.07061295609578,6129
2012-08-27,53.20739364624024,53.87300425352937,51.10655313731921,53.87300425352937,3910
2012-08-28,52.593788146972656,53.04099088793777,51.09615438875095,53.04099088793777,10561
2012-08-29,51.78256607055664,53.040985785971024,50.96094782781984,52.5937795173988,8190
2012-08-30,51.86578369140625,53.04100108486939,49.94174570425083,49.94174570425083,10575
2012-08-31,51.66816329956055,52.416980158321,50.7945495820457,52.00097039560704,4468
2012-09-03,51.90737533569336,52.208982354970864,51.68897099151801,52.05297823181026,9009
2012-09-04,52.26097869873047,53.020193251321714,50.97135515316404,53.020193251321714,5818
2012-09-05,52.41697692871094,52.86418320059185,50.7737475723261,52.86418320059185,1786
2012-09-06,51.57456207275391,54.02900856077535,50.99215055754565,54.02900856077535,1372
2012-09-07,52.77059173583984,53.831413351244656,51.32496399485255,52.416985720912834,5503
2012-09-10,52.00096893310547,53.238593389827095,51.89696738800782,51.89696738800782,1723
2012-09-11,51.86578369140625,52.801797828992974,50.28495053097021,50.28495053097021,6030
2012-09-12,52.27137756347656,52.624983542816416,52.00097068063681,52.19857612239934,2452
2012-09-13,51.86578369140625,52.0009818058155,50.33695310170379,51.1793668967191,3784
2012-09-14,51.64735794067383,52.2089705143076,51.03374638486208,52.000963873726775,3343
2012-09-17,50.50334548950195,51.58496590945518,50.21213971715889,51.03375447314531,2821
2012-09-18,50.46174621582031,51.366560043534136,49.35932337618026,49.94173490344317,4603
2012-09-20,50.08733749389648,50.83615078003999,48.94331332744633,50.83615078003999,2227
2012-09-21,47.85129928588867,49.816934772453365,47.07128225673709,49.50493010316695,28620
2012-09-24,48.766510009765625,48.88091278270012,47.19608200760354,47.840893741645154,9724
2012-09-25,47.94490432739258,48.25690902734203,47.63289962744312,47.84090276074276,6439
2012-09-26,47.23768997192383,47.84090045770412,47.06088696006795,47.84090045770412,1809
2012-09-27,46.811283111572266,47.21688813611012,46.38487206143485,46.83208199592398,10260
2012-09-28,47.57049560546875,47.83049771603319,46.08326653687104,46.08326653687104,3784
2012-10-01,49.57773208618164,50.54494978499656,46.80087943055237,47.84089857671756,33376
2012-10-03,50.52415084838867,50.96095956289909,48.93292369347439,50.94016067818983,18481
2012-10-04,50.24334335327149,52.000975766448256,48.589712498858994,51.98017688294491,13441
2012-10-05,49.92094039916992,51.98017995385656,49.08892430927762,51.96977872617851,22567
2012-10-08,49.25532531738281,49.92093598810826,47.84089773248368,47.86169661537799,2173
2012-10-09,48.97452163696289,49.19292240844726,48.4649115053773,49.19292240844726,976
2012-10-10,49.13051986694336,49.504928313047245,48.19450232230722,48.88091542641529,2785
2012-10-11,49.19291687011719,50.11853669844232,48.04889629489609,48.04889629489609,958
2012-10-12,48.24650955200195,49.43213165187999,48.05930531083723,48.05930531083723,684
2012-10-15,48.14250564575195,49.2865263507234,48.14250564575195,48.15290330208214,747
2012-10-16,48.24650955200195,48.66251580292453,45.77126378951524,46.9672835462296,7569
2012-10-17,46.946475982666016,48.25689828730589,45.93765708299866,48.25689828730589,6408
2012-10-18,46.11445999145508,47.008876120674486,45.34484428599393,46.38486329001346,8248
2012-10-19,45.72964859008789,45.76084869238824,44.92883287209506,45.76084869238824,2889
2012-10-22,45.77125930786133,46.17686429160919,45.35524952704808,45.77125930786133,133182
2012-10-23,45.79204940795898,47.799289498490914,45.771254098689184,47.799289498490914,3402
2012-10-25,46.852874755859375,47.21688196411227,45.77125792785237,45.77125792785237,65290
2012-10-29,45.76085662841797,47.14408044693965,45.36564931303699,45.36564931303699,339799
2012-10-30,46.68647003173828,47.206481316460014,44.93923911349479,44.93923911349479,10422
2012-10-31,46.644866943359375,47.21687719263154,45.334444696696565,45.45924511512964,3370
2012-11-01,45.56324768066406,47.008875174033086,44.83523689194698,46.800872091542495,10129
2012-11-02,44.9704475402832,45.76086226846411,44.82484463926967,45.7504610410706,4360
2012-11-05,44.772830963134766,45.75044968869607,44.51282533718132,45.344841197858536,2601
2012-11-06,44.20083236694336,45.44885470126475,44.20083236694336,44.51283705786772,1944
2012-11-07,44.9808464050293,45.55285679705145,43.57681992353201,44.30483444815075,3460
2012-11-08,44.30482864379883,44.92884152180957,43.82642222225999,44.92884152180957,3766
2012-11-09,43.4000129699707,44.949642215845294,43.28561375844111,43.68081752667729,2763
2012-11-12,42.85920333862305,45.59445463931971,42.64079899799241,43.26481190988332,3501
2012-11-15,44.36723709106445,45.49045539058597,42.65120238895034,44.51283642158207,4320
2012-11-16,42.7239990234375,44.09682520212674,42.28719036925243,44.09682520212674,2749
2012-11-19,43.920021057128906,44.09682763028347,41.60077957062165,42.547198373469776,1782
2012-11-20,42.59919738769531,43.47281110076142,41.8087791996262,41.8087791996262,1768
2012-11-21,44.772830963134766,45.70884836006875,41.60077161012258,41.60077161012258,4293
2012-11-22,42.59919738769531,45.92725761934236,42.43279205520776,45.552849191868745,23580
2012-11-23,42.64079284667969,43.67041418129887,42.26638801005533,43.67041418129887,6880
2012-11-26,42.48479843139648,43.67042046408962,41.600779842344274,43.67042046408962,12105
2012-11-27,42.0895881652832,44.51283105555338,42.07918693913442,44.20082640670116,5031
2012-11-29,42.64079284667969,44.67923306516919,42.2247866791808,44.67923306516919,5764
2012-11-30,41.59037780761719,42.6407944922766,41.39277237099297,42.6407944922766,35766
2012-12-03,41.60078048706055,42.22479340837854,40.56076133194641,41.1847742532644,18094
2012-12-04,41.52797317504883,42.00638313285864,41.18476843769225,42.00638313285864,7348
2012-12-05,44.05522155761719,45.17844324224624,41.20556779924056,42.64079411880196,16492
2012-12-06,42.65119934082031,44.14882601356819,42.432795004716624,44.14882601356819,544846
2012-12-07,43.8264274597168,44.50243940881788,42.89040981615408,44.50243940881788,3987
2012-12-10,44.07602310180664,44.72083843262926,43.00480391024591,44.30482865695736,9279
2012-12-11,42.34959411621094,44.92884113397681,42.0271882389902,44.09682516068574,11290
2012-12-12,43.87842178344727,44.27362911151713,42.04798803084073,42.33919380632626,22014
2012-12-13,42.03758239746094,44.50242622426048,41.81917453667092,44.50242622426048,5049
2012-12-14,42.474395751953125,42.64079752307725,41.86078408816151,42.01678820339409,10233
2012-12-17,42.65119934082031,42.74479966888319,42.01678878582787,42.01678878582787,74673
2012-12-18,42.42239761352539,43.86802173262544,42.15199071306064,43.77442140397821,18648
2012-12-19,42.880001068115234,43.56641412438331,42.14158545382569,42.14158545382569,5332
2012-12-20,42.53679656982422,43.45201525047602,42.43279501507664,42.796802242004986,2817
2012-12-21,42.44319152832031,43.67041473692878,42.22478721641762,43.67041473692878,8608
2012-12-24,42.34959411621094,43.03600363428699,41.80878034147943,42.6407963147705,13486
2012-12-26,42.43279647827149,44.51283478619558,42.01679024493617,42.83840505521005,114453
2012-12-27,41.964786529541016,42.776003661169895,41.60077930004391,42.016789092593605,104863
2012-12-28,43.14000701904297,44.51283325481811,42.43279501845368,42.84880480810075,24169
2012-12-31,42.90079879760742,43.660013272356274,42.547192838545925,43.26480598211874,1512
2013-01-01,42.71359634399414,43.056804662301474,42.64079490410683,42.84880156851584,9279
2013-01-02,42.99440383911133,43.66001444391913,42.84880096139973,43.47281023391517,8347
2013-01-03,43.6184196472168,43.888826562322045,42.432797567041135,42.59920292114401,10228
2013-01-04,44.419227600097656,44.61682945925084,43.27520706434726,43.88881866326082,33565
2013-01-07,45.87525939941406,46.17686282100931,44.30482779352754,44.30482779352754,49738
2013-01-08,44.6584358215332,46.17686493707266,44.512832931806855,45.875261501656375,24291
2013-01-09,43.6184196472168,45.105648753736034,43.26481362568396,44.72084262096487,11394
2013-01-10,43.06720352172852,44.47122968356842,42.64079256108794,43.86801574586266,9121
2013-01-11,42.318389892578125,43.57681327721753,41.80877980307049,43.22320729651281,11385
2013-01-14,42.27678680419922,42.58879500885545,41.55917721711046,42.43279090652734,12069
2013-01-15,41.54877853393555,42.4327935031024,41.39277442206113,41.80878062622823,18994
2013-01-16,41.79838943481445,42.43280006546996,41.621586413637935,41.621586413637935,2061
2013-01-17,41.673583984375,42.40159849994282,41.600782532818215,41.600782532818215,6075
2013-01-18,41.13276672363281,43.26480734104099,40.76875952768824,42.22478831146651,9414
2013-01-21,41.81917953491211,43.4104099618504,40.78956173722321,40.78956173722321,41400
2013-01-22,41.39277267456055,42.12078707174152,41.18476958125837,42.12078707174152,9121
2013-01-23,41.60078048706055,42.43279652527661,41.01837247387069,41.08077269481536,4608
2013-01-24,41.60078048706055,41.808783603958624,41.1847742532644,41.808783603958624,2169
2013-01-25,41.22637176513672,41.96478383279051,39.25033519672528,40.7687606656768,10480
2013-01-28,41.22637176513672,41.55917886366481,41.18477043149277,41.55917886366481,1557
2013-01-29,41.64237594604492,41.80877770194822,41.43437285850997,41.5591768534049,2394
2013-01-30,41.236778259277344,41.590387885731865,41.17437803074827,41.43438374378499,4680
2013-01-31,41.70477294921875,42.09998021337535,40.560752485179606,40.560752485179606,5409
2013-02-01,42.53679656982422,43.22320968765716,40.78956545119177,41.60077900647235,21735
2013-02-04,44.772830963134766,45.71924958488133,42.30798705554086,43.223202002849696,26253
2013-02-05,45.43844985961914,45.92725748850621,43.202407668330544,44.16962527082137,37453
2013-02-06,46.15605926513672,47.21688075496838,44.72083649175865,45.43844966375936,48456
2013-02-07,47.5912971496582,48.2569078744398,45.39685593333897,46.17686944988938,19759
2013-02-08,45.71925354003906,47.86169179939169,45.15764448154326,46.17686105328096,64453
2013-02-11,48.02831268310547,48.38516576554759,44.81662773430264,45.13150106867898,31815
2013-02-12,47.54550552368164,49.119861252130704,46.45395289126045,48.280205103851976,34276
2013-02-13,46.38047790527344,48.1857400499048,45.76123169817645,47.32509051925791,2484
2013-02-14,44.11341094970703,46.34899251312637,42.8224384216136,46.34899251312637,6057
2013-02-15,44.34431457519531,49.0673778366202,42.76996255699455,49.0673778366202,5454
2013-02-18,45.34141159057617,46.34899755390143,44.29184227821042,44.29184227821042,3883
2013-02-19,44.806129455566406,47.01022452612706,44.50175289485271,47.01022452612706,6885
2013-02-20,43.588626861572266,45.13149593496146,43.24227055725062,44.19737638022296,3550
2013-02-21,44.85860824584961,45.55132449284615,42.63351958569674,44.0819253012136,7236
2013-02-22,44.35481643676758,44.35481643676758,44.102919940616616,44.102919940616616,360
2013-02-25,42.4131088256836,43.53614436995284,42.02476559272244,43.452181284603085,20943
2013-02-26,43.16880035400391,43.44168670088615,42.20319419562499,43.03235357715136,3483
2013-02-27,41.982791900634766,43.16880813926943,41.56296556712973,43.16880813926943,14098
2013-02-28,42.71749114990234,43.03236089680426,41.77287830578454,41.98279147038582,4032
2013-03-01,43.0848388671875,44.06093827756905,42.0877459793328,44.06093827756905,3420
2013-03-04,42.88541412353516,44.92157564854313,41.66791157911625,43.11631710701668,9333
2013-03-05,42.61252975463867,43.872012203403465,42.192699869442656,43.872012203403465,2848
2013-03-06,41.65742111206055,42.087744140517096,41.56296127779388,41.98278756797245,5710
2013-03-07,42.86441802978516,43.87200379570162,41.982778682902776,43.87200379570162,8851
2013-03-08,41.982791900634766,43.8615244722824,41.97229876468559,43.8615244722824,10782
2013-03-11,42.790958404541016,43.20029157194672,41.77287565702672,43.20029157194672,1129
2013-03-12,43.24227142333984,43.546644387055686,41.98278541069904,43.50466103951279,6831
2013-03-13,42.61252975463867,43.45218592161908,42.24517995637152,43.45218592161908,2209
2013-03-14,42.20319366455078,43.00086642704622,41.99328053829648,42.04576062156574,2322
2013-03-15,41.982791900634766,42.19270506738729,41.97229876468559,42.03527199402893,13293
2013-03-18,41.70989608764648,42.19269554149266,41.562956183412105,41.98278242213247,1107
2013-03-19,42.99037551879883,44.81662413585256,41.56295970022963,44.81662413585256,4036
2013-03-20,41.80436325073242,43.00087256527318,41.77287663764081,43.00087256527318,1498
2013-03-21,42.00377655029297,43.557138702526565,41.56295683072438,42.68599600054426,5247
2013-03-22,42.371131896972656,43.23177797514911,38.89705376524316,43.23177797514911,48294
2013-03-25,41.269081115722656,41.98278724489867,41.269081115722656,41.98278724489867,324
2013-03-26,40.98569869995117,41.395031858987295,40.95421208824251,40.96470522320424,841
2013-03-28,40.51338958740234,40.9542093284414,40.51338958740234,40.9542093284414,337
2013-04-01,40.93321990966797,43.126822094587226,40.93321990966797,43.126822094587226,423
2013-04-02,40.93321990966797,41.76237938899825,40.61835017918367,40.82826333283988,9760
2013-04-03,40.34545516967773,41.98278405032704,40.11455217079105,41.98278405032704,2875
2013-04-04,40.62884521484375,41.437011182885264,39.46382257645091,39.90464234269811,3888
2013-04-05,40.30347442626953,40.723304311795545,39.04399197651474,39.883648144155146,7924
2013-04-08,40.30347442626953,41.35304733837876,40.30347442626953,41.35304733837876,229
2013-04-09,39.369361877441406,40.93322104121097,39.16994545697897,40.93322104121097,544
2013-04-10,38.87606048583984,40.49239592545581,38.83407713878035,38.85506701060436,2902
2013-04-11,39.25390625,40.50289560112192,39.25390625,40.50289560112192,1192
2013-04-12,39.62125396728516,39.88364718902872,38.83407790546602,38.83407790546602,1728
2013-04-15,39.04399108886719,39.873150499580674,38.5087115103172,38.5192082481549,639
2013-04-16,40.08306503295898,42.63351634491647,39.99909834170223,40.912224398032514,2317
2013-04-17,40.50289535522461,40.50289535522461,39.11746282723157,39.11746282723157,630
2013-04-18,40.219512939453125,40.30347242625099,38.87606025516664,39.47431303783312,2866
2013-04-22,39.90464782714844,43.03236276357893,37.29121548186539,39.88365434773038,8721
2013-04-23,39.369361877441406,39.88365164050422,39.35886513844487,39.88365164050422,5152
2013-04-25,39.8416633605957,40.28248310298923,36.51452902407053,39.44282696558416,18450
2013-04-26,39.65274810791016,39.67374158754704,38.96003534813773,38.96003534813773,1048
2013-04-29,39.60026550292969,40.71280804617266,39.4743154547868,40.71280804617266,405
2013-04-30,40.37695693969727,41.772882880231066,38.8340874437567,38.8340874437567,138865
2013-05-02,43.66210174560547,44.039948305159896,41.14313308987028,41.552466262152265,47223
2013-05-03,46.32801055908203,47.451049901181335,43.69358857469288,44.38630486836493,49792
2013-05-06,46.67436981201172,47.755422182939085,46.18106994175754,46.61139298377148,8352
2013-05-07,46.67436599731445,47.63997225623434,46.22305308353798,47.63997225623434,9567
2013-05-08,44.56472396850586,46.60088915785675,43.3787115986903,46.60088915785675,9009
2013-05-09,44.94257354736328,45.90817612657453,44.60671037065051,45.13149680947743,2830
2013-05-10,46.95774841308594,47.23063838773664,43.662100464349486,46.1600755693558,24232
2013-05-13,45.62479019165039,51.848739095323424,44.55422750866487,48.112271847068605,57780
2013-05-14,46.443458557128906,46.600895219145485,45.13149958616711,46.170572186606016,3478
2013-05-15,46.14958190917969,46.81080795635385,45.551325481484376,46.81080795635385,3775
2013-05-16,44.93207931518555,45.8452054634798,43.67259683654436,45.77173550208358,8604
2013-05-17,44.23935317993164,45.026529103012976,43.07433079586116,43.34722070733353,7861
2013-05-20,43.91399765014648,44.70117737121521,43.6621011483598,43.87201429928007,3069
2013-05-21,43.16880035400391,44.008452869587074,42.82244044825557,43.78804660663449,2272
2013-05-22,42.48657989501953,43.41020276378589,41.98278691329666,43.05334970201649,2380
2013-05-23,42.45478439331055,43.2498165957909,42.189772446025714,42.41238204502008,8604
2013-05-24,42.56078338623047,43.6526282576101,42.11556424115364,42.41237700453819,1822
2013-05-27,42.44417572021485,42.60318358957658,42.40177337909348,42.47597656621249,4369
2013-05-28,42.84700393676758,44.087255458540135,42.62439431600075,44.087255458540135,1611
2013-05-29,43.03780746459961,43.03780746459961,42.8257993675909,42.8257993675909,283
2013-05-30,43.67383575439453,44.23565685215345,43.67383575439453,43.67383575439453,2542
2013-05-31,42.68799209594727,43.67383296768305,42.40177717758138,43.67383296768305,4675
2013-06-03,43.3558235168457,43.5042299259993,42.40178335496524,42.41238485258319,1021
2013-06-04,42.40178298950195,43.43002634709673,42.40178298950195,42.55018939737643,909
2013-06-05,42.40178298950195,43.22861973033815,42.40178298950195,42.41238448702852,891
2013-06-06,42.40178298950195,43.14381502887434,42.40178298950195,42.41238448702852,4050
2013-06-07,41.59614562988281,42.82579913677934,41.34173518696871,41.988364610546505,3469
2013-06-10,41.51133728027344,42.157962950844095,41.35232941662969,41.44773195119189,2218
2013-06-11,41.33113479614258,42.3911788498664,41.28873245169381,41.3417326527244,4824
2013-06-12,40.366493225097656,41.72335004847807,39.433652566797576,40.92831791926553,5755
2013-06-13,39.9212760925293,40.89651550529232,39.9212760925293,40.281690578998806,625
2013-06-14,40.14388275146485,41.1191220930274,39.43365168748126,40.28168763810571,630
2013-06-17,40.91771697998047,41.15092441819773,40.91771697998047,41.15092441819773,27
2013-06-18,40.28168869018555,40.70570485688538,40.28168869018555,40.70570485688538,441
2013-06-19,38.44781494140625,40.271090427606026,38.37361174233856,39.25344863432002,2893
2013-06-20,39.61385726928711,39.61385726928711,38.58561413136814,38.58561413136814,4738
2013-06-21,38.9460334777832,39.232244744132345,38.310005610827794,39.232244744132345,3415
2013-06-24,38.63862228393555,41.32053521040822,38.16160225573881,41.32053521040822,2371
2013-06-25,39.168643951416016,39.168643951416016,37.57857955872265,37.57857955872265,297
2013-06-26,39.35945510864258,44.26746440684978,37.96019573700732,37.96019573700732,213223
2013-06-27,39.63506317138672,41.140326394799054,39.27464506037696,40.28168892112327,30262
2013-06-28,40.26049041748047,41.32053450203675,40.02727933591599,40.49369785967101,41517
2013-07-01,38.4054069519043,41.11912042828613,37.97078931817204,41.11912042828613,34519
2013-07-02,39.81526947021485,40.27108647736608,38.05559585886044,39.22164393590276,40401
2013-07-03,40.06967926025391,43.88583918980189,36.92134804625155,39.433651392204666,14244
2013-07-04,40.13328170776367,41.6915487399217,39.497257467162406,41.27813043596924,42121
2013-07-05,39.46544647216797,40.70569754014437,39.11563356145593,39.75165769718203,4524
2013-07-08,36.73054122924805,39.14744215821711,36.285322062431554,38.86123087651334,9846
2013-07-09,35.36308670043945,37.52557743049784,34.56805446772476,37.52557743049784,7324
2013-07-10,34.37724685668945,36.062717575325166,33.804824212388425,35.55389663830771,4021
2013-07-11,34.31364059448242,34.50444569100496,32.69177179842333,33.83662057442822,18255
2013-07-12,34.50444793701172,37.843588294746674,33.07338778369674,37.843588294746674,16411
2013-07-15,36.76234436035156,37.5255757053958,33.35960233908718,34.34544328135775,70486
2013-07-16,35.36308670043945,36.8895494607015,34.69525787805945,36.8895494607015,3939
2013-07-17,34.47264099121094,36.63513490400226,34.28183591600011,34.79065672864271,3403
2013-07-18,34.37724685668945,36.158123775624944,34.09103553453894,36.158123775624944,586
2013-07-19,33.83662414550781,34.75886343352791,33.7094170950269,34.15463631264862,1572
2013-07-22,33.041587829589844,34.50444887412542,33.00978697723571,34.02742881006494,6355
2013-07-23,33.13698959350586,34.28183832198687,32.50096171337779,33.04158340983107,2559
2013-07-24,31.705930709838867,33.70941332573873,30.084061923962167,32.532763707700646,14284
2013-07-25,32.278350830078125,33.041582071697846,30.879091734088487,31.197107480960263,7984
2013-07-26,34.02742385864258,37.36656382117869,31.26071007330833,31.5469213422224,36055
2013-07-29,34.599853515625,34.88606481332394,33.39140298360518,34.34544306885105,8931
2013-07-30,33.5504035949707,36.88954353073192,31.928538537671365,35.55388974005166,6493
2013-07-31,31.674135208129883,33.00978929776893,30.56108710061857,32.56457005476441,14989
2013-08-01,31.54692268371582,32.69177144742906,30.56108180477144,31.165305216020105,5130
2013-08-02,29.734243392944336,32.37375539990889,29.130018235122428,30.592878951987394,15001
2013-08-05,29.82965087890625,35.61749266333052,29.257226506240123,30.465676948709216,6654
2013-08-06,27.53995704650879,30.91089999072749,26.426910895124404,29.797852019656062,81918
2013-08-07,28.621204376220703,29.861455837982067,26.458713621531206,27.92157469328813,22489
2013-08-08,28.46219253540039,29.575240431428213,27.349146459059483,28.621200417511176,29497
2013-08-12,31.960346221923828,32.43736631478836,27.349151384337578,28.684807280420824,13368
2013-08-13,33.64581680297852,34.98147087258195,30.5928874962965,31.483325968948435,16735
2013-08-14,34.37724685668945,36.25352633655031,32.46916652318681,33.13699536778761,6049
2013-08-16,32.055747985839844,34.02743001670762,30.656488596393555,33.836624895816726,2587
2013-08-19,30.529281616210938,34.98146609232572,29.92505637220256,34.98146609232572,8406
2013-08-20,30.94270133972168,32.65997278033399,29.925057724023485,31.13350644694317,4368
2013-08-21,30.84729385375977,31.801333907374747,30.52928171567943,31.801333907374747,1009
2013-08-22,29.19362449645996,30.84729226023804,28.17598097598655,30.84729226023804,3463
2013-08-23,29.51164054870605,30.21127022102245,29.06642133547069,30.1794693685591,1876
2013-08-26,30.529281616210938,30.529281616210938,29.257227608973157,29.257227608973157,2598
2013-08-27,30.27486801147461,30.497475756242498,28.62119852097136,29.893250575445556,5044
2013-08-28,29.320831298828125,33.96382453993913,28.93921382065506,33.96382453993913,1137
2013-08-29,29.28903007507324,30.147665750630264,29.25722740584004,30.147665750630264,685
2013-08-30,29.82965087890625,30.52928046553297,28.62120043643716,29.257226506240123,2821
2013-09-02,30.21126747131348,34.50444585216675,29.352631795142823,34.50444585216675,1696
2013-09-03,28.621204376220703,31.13350815268932,28.493999144749974,31.00630474090576,4711
2013-09-04,28.621204376220703,30.497481995335693,28.303190387700305,29.607045375040617,9816
2013-09-05,28.684803009033203,29.8296517893062,28.653002159494225,28.74840652779813,2244
2013-09-06,28.239585876464844,29.54343891459215,28.016976288583503,29.54343891459215,849
2013-09-10,30.243070602416992,31.48332195141616,28.36679133420394,29.82965227295927,54286
2013-09-11,30.9109001159668,31.73773315541696,29.25722857800533,31.73773315541696,14160
2013-09-12,30.62468147277832,31.801331007568887,30.33847021066681,30.33847021066681,40483
2013-09-13,30.65648651123047,31.451522351697484,30.05226305742465,30.33847435866815,4975
2013-09-16,30.30667304992676,32.564566213851414,29.607043413349945,31.00630268650357,8328
2013-09-17,30.179466247558597,31.73773151304769,29.95685666396201,30.24306976559488,3310
2013-09-18,29.44803810119629,30.72009218421152,29.25722935185352,29.956859006527544,5358
2013-09-19,30.052261352539062,31.57872396548988,29.543438661868485,30.402076156262037,25948
2013-09-20,30.243070602416992,30.720090631983904,29.89325397306845,29.92505664281005,2304
2013-09-23,28.97101211547852,29.89324936263414,28.55759384978227,29.57523727176119,8718
2013-09-24,28.01697540283203,29.09822063858162,27.985172734363715,28.716604994144163,3772
2013-09-25,29.479833602905277,30.879090838631285,28.939210124336967,30.370270025640007,57403
2013-09-26,30.433876037597656,30.847292527198263,29.47983602501035,29.47983602501035,20395
2013-09-27,30.465675354003903,31.451517985203875,29.47983454249076,31.451517985203875,12217
2013-09-30,30.9109001159668,31.32431481600483,28.84381205828025,30.52928262737497,20655
2013-10-01,29.8614501953125,31.00629888190367,29.41623105945073,31.00629888190367,5925
2013-10-03,29.002817153930664,30.49747892832107,28.048777104000795,29.638843247321585,10731
2013-10-04,29.734243392944336,30.65648064244932,28.62119743268013,28.939209524363203,28818
2013-10-07,30.56108283996582,30.78369243043312,29.543439257784893,29.543439257784893,3606
2013-10-08,29.63884162902832,30.52927993084429,29.607040781016863,30.21126599166903,738
2013-10-09,29.575241088867188,30.147665473879428,29.257227137263285,29.289029806204542,1447
2013-10-10,30.49748039245605,30.78369351298784,29.25722899587954,29.57524296768583,6058
2013-10-11,29.95685768127441,30.465678564096084,29.8932541610782,29.925056831019813,5227
2013-10-14,29.734243392944336,30.17946250492471,28.812006143439355,29.893249438785872,6324
2013-10-15,28.621204376220703,29.638846227986505,27.349150241826283,29.25723053357433,10798
2013-10-17,29.607038497924805,29.607038497924805,28.08057425515568,28.621197728095748,3148
2013-10-18,28.334991455078125,30.52928293840086,27.53995743866158,30.52928293840086,16872
2013-10-21,29.130023956298828,29.25722918189268,28.303189080095237,29.16182480777552,17386
2013-10-22,30.052261352539062,30.815492659014478,28.780207355393078,28.939213422653708,19582
2013-10-23,29.44803810119629,30.72009218421152,29.416235429847767,30.72009218421152,2089
2013-10-24,28.939212799072266,30.688284960311197,28.939212799072266,30.688284960311197,7879
2013-10-25,28.04877471923828,29.70244424114339,27.508151221055645,29.38443031164261,10066
2013-10-28,27.19013977050781,29.130020602218185,27.094735407375676,29.130020602218185,14644
2013-10-29,28.303186416625977,28.93921248474206,27.190140342501103,28.112377686347696,34387
2013-10-30,29.225425720214844,29.25722656885132,28.11237782106906,28.62120049768724,37260
2013-10-31,29.225425720214844,29.575240514276818,28.62120049768724,29.03461698902216,8950
2013-11-01,29.416234970092773,29.893255016307112,29.130023670239,29.702448089633616,13269
2013-11-05,29.44803810119629,29.766052076871876,28.93921537617794,28.93921537617794,20700
2013-11-06,33.77301788330078,34.63165171054644,29.416232492605054,29.575240374409287,136657
2013-11-07,36.09450912475586,37.20755691217622,35.49028578256586,36.69873610631934,509110
2013-11-08,35.522090911865234,35.77650134547479,34.409042990214715,35.6174934597036,42453
2013-11-11,34.21823501586914,35.61749425151559,33.90022287663095,35.61749425151559,43495
2013-11-12,34.79065704345703,36.25351780288504,34.34543791852267,34.3772387646789,33867
2013-11-13,34.40903854370117,35.9991062778146,34.37723769853118,35.9991062778146,18660
2013-11-14,33.32779693603516,34.91786111119521,32.755370775903685,33.773016069679535,13615
2013-11-18,32.15114974975586,36.06271241833012,32.11934526128772,36.06271241833012,17532
2013-11-19,31.76953125,32.27835209772914,30.68828421904525,31.80133209806135,21499
2013-11-20,32.94617462158203,33.51859705765034,31.00629414011678,32.85077209536168,6984
2013-11-21,31.80133628845215,32.91438431413209,31.41972242205778,32.18295379422077,6780
2013-11-22,32.46916198730469,33.00978370244007,31.387918557033924,31.992141970567843,7068
2013-11-25,32.21475601196289,33.00978827007668,31.35611840727544,31.70593507562011,7143
2013-11-26,34.34543991088867,36.41252414594298,31.99214076507795,33.07338415460658,14309383
2013-11-27,34.40903854370117,36.38072005922788,33.86841689706451,36.15811414303797,43158
2013-11-28,34.75885391235352,36.53972665564794,34.50443988108099,36.22171457561726,10413
2013-11-29,35.204078674316406,35.61749335308572,33.96382371988674,33.96382371988674,20638
2013-12-02,37.907188415527344,38.79762305272821,35.36308061361739,36.18991719597193,201655
2013-12-03,37.65277862548828,38.60681861214972,37.0167507545894,38.41600988694269,53668
2013-12-04,36.28532028198242,38.129798557039024,36.06271070949719,38.09799770945167,15132
2013-12-05,37.52557373046875,38.79762590526252,36.69874072669628,37.77998416542751,42594
2013-12-06,36.60333633422852,37.52557557095146,35.87190584292655,37.207563421499245,20095
2013-12-09,38.67042541503906,39.43365677730151,36.889548597052496,39.43365677730151,76306
2013-12-10,37.33476257324219,38.79762338923181,36.15811666247229,38.79762338923181,22387
2013-12-11,37.557373046875,38.47961220072114,35.49028880213248,37.01675134957684,24331
2013-12-12,38.25700759887695,39.08384431578703,36.63514229609044,36.95315445831587,33862
2013-12-13,37.84358978271485,38.22520729435329,36.60333832895138,38.16160558887165,16425
2013-12-16,36.6987419128418,38.03439582970165,36.25352272743049,37.525574943338455,17376
2013-12-17,37.04855346679688,38.16160138704362,36.34892386540948,36.88954558122622,9714
2013-12-18,37.52557373046875,37.62097991818699,36.73054157614438,36.73054157614438,37630
2013-12-19,37.557373046875,37.843584319599096,36.88954431760292,37.20756007785084,23578
2013-12-20,38.00259017944336,41.023717904947766,37.08035107462496,41.023717904947766,17200
2013-12-23,38.16160202026367,38.73402459481804,36.60333490606172,37.55737495656831,9936
2013-12-24,40.41949462890625,40.86471379911436,39.17924330582592,40.57850251523027,143626
2013-12-26,40.54669952392578,40.9919186706148,40.13328122494688,40.4194924937116,17293
2013-12-27,39.81526947021485,40.06967989358092,38.8294286247496,39.751664134843,16200
2013-12-30,39.21104049682617,40.64210042210265,38.79762221458001,39.751662164764326,22015
2013-12-31,39.529056549072266,40.45129566004904,38.92482954418714,40.00607652789655,12192
2014-01-01,44.99888229370117,46.23913715154499,38.8612278947657,38.98843128159668,972540
2014-01-02,41.78695297241211,45.603113127689454,41.3417338023799,44.99888607139604,176175
2014-01-03,41.40534210205078,42.55018731902059,39.33825399030119,41.78695596124932,67444
2014-01-06,40.41949462890625,42.04136342341464,39.81527121174806,41.945960875244594,18618
2014-01-07,40.769309997558594,41.62794382281356,40.26048914421333,41.341732547728576,14988
2014-01-08,40.83291244506836,41.34173330776795,40.4512986177306,40.4512986177306,13663
2014-01-09,40.896514892578125,41.65974620061536,40.1968852837005,40.45129935908687,29548
2014-01-10,40.67390823364258,40.96012317920901,38.82943334964034,40.51490397429924,99057
2014-01-13,40.32408142089844,42.86818873266776,39.815260686419165,39.815260686419165,59359
2014-01-14,40.10148239135742,41.27813201259811,40.00607984343544,40.00607984343544,5833
2014-01-15,42.10496139526367,42.48657883291278,40.38769020458991,40.41949105116506,29319
2014-01-16,40.86471176147461,42.55018217072032,40.451297100644574,42.29577174891193,11880
2014-01-17,42.07316589355469,42.995405118887575,39.75166740491494,40.70570748086288,23946
2014-01-20,45.03068542480469,45.44410005893932,41.05551783659809,41.65974118461136,112492
2014-01-21,42.55017852783203,46.46174434223376,42.00955688269568,46.23913478728818,321480
2014-01-22,41.278133392333984,42.64559179450032,40.801113358031685,42.55018560401543,38707
2014-01-23,40.29228973388672,41.818752284120286,40.16508270168036,41.214528889418006,9297
2014-01-24,39.84706878662109,41.02371831422773,39.56085752625702,39.94247132695124,9855
2014-01-27,39.020240783691406,40.61030515972163,38.28880665789363,39.49726082437529,25906
2014-01-28,38.44781494140625,39.43365588357383,38.2570061953216,39.43365588357383,9568
2014-01-29,38.35241317749024,39.11564453816495,38.28880783457002,38.86123408460672,4300
2014-01-30,36.03091430664063,38.16160411219654,35.299483803781804,38.16160411219654,13846
2014-01-31,36.22172164916992,37.080355524742906,35.93550671793823,35.93550671793823,14113
2014-02-03,38.16160202026367,39.11564207077026,36.28532276901751,36.69874109473676,82059
2014-02-04,38.16160202026367,39.11564207077026,36.34892446855156,37.684581995010376,8172
2014-02-05,38.066200256347656,38.797627094828,37.652781922098725,38.797627094828,4999
2014-02-06,38.03439712524414,39.08384342356716,37.27116576970188,38.73402677766809,6106
2014-02-07,38.70222091674805,38.988432183109325,38.00259135487954,38.16159923146856,12708
2014-02-10,38.32060241699219,40.960116354810616,37.77998074654983,40.0378772467774,24597
2014-02-11,37.20756149291992,38.3206057779973,36.66693977506097,38.3206057779973,15799
2014-02-12,37.20756149291992,37.8435857588573,36.44433019017071,37.52557362588861,11250
2014-02-13,37.20756149291992,37.65278066270045,36.63513892570149,37.20756149291992,2712
2014-02-14,36.50792694091797,37.17575560507697,36.253516541148834,36.88954072088495,8877
2014-02-17,37.33476257324219,37.81178256277679,36.38072259417299,36.4125234415588,5176
2014-02-18,37.36695098876953,38.62217080321456,37.01291245864821,38.62217080321456,6682
2014-02-19,37.43132400512695,38.26813607001887,37.04510078545524,37.84973187922171,4054
2014-02-20,36.78762435913086,37.817548159628814,36.40140477559315,37.817548159628814,10909
2014-02-21,37.07728958129883,37.27039751022311,36.78762032131712,36.78762032131712,3567
2014-02-24,38.557804107666016,39.16931988896992,37.07728795121737,37.07728795121737,133215
2014-02-25,38.26813125610352,39.652093321985326,38.17157730498033,39.45898173644182,24177
2014-02-26,39.20149993896485,39.58772310107464,37.88191088780098,38.6221688790972,21033
2014-02-28,40.263614654541016,40.55328020506056,38.65435627578078,39.26587202873344,28014
2014-03-03,39.39461898803711,40.842950595562726,38.71873016786561,40.842950595562726,10378
2014-03-04,39.26586532592773,40.23141945170131,38.39686882270952,40.23141945170131,7641
2014-03-05,39.87739181518555,40.58546521339455,38.62217196304602,38.62217196304602,310365
2014-03-06,40.93949890136719,41.13260679165442,39.49116762443151,39.84520243992168,24192
2014-03-07,42.967166900634766,43.44994405682167,41.1969815390845,41.3257238329398,69394
2014-03-10,42.16253662109375,44.09364528109186,41.64757480286725,42.967167684957936,72489
2014-03-11,43.77179336547852,44.093643568545424,42.48438886991357,43.06371997209347,39936
2014-03-12,44.22238159179688,45.34886271875901,43.48212361787803,45.34886271875901,23466
2014-03-13,44.6729736328125,44.99482380186505,43.93271566568378,44.6729736328125,18994
2014-03-14,44.866092681884766,45.67072008020892,44.09364625420033,45.67072008020892,18819
2014-03-18,43.03153991699219,45.70290683272099,42.54876271917014,45.05920267452569,23047
2014-03-19,43.19245910644531,44.41549420866706,41.96942400422356,43.868347798454,30408
2014-03-20,46.53971481323242,47.76274993068742,44.47986406192568,44.51204871195119,114094
2014-03-21,48.535194396972656,50.53067223958539,45.09138514924476,48.470825094513465,2941831
2014-03-24,48.63174819946289,48.92141374292589,47.312159086666014,48.14897106592549,19054
2014-03-25,49.37200927734375,49.82260178760573,46.732830888604944,48.14897404233158,150033
2014-03-26,48.0846061706543,50.53067671365495,45.381054711721866,50.53067671365495,83188
2014-03-27,48.59956359863281,49.50074856438128,47.054678243033074,48.92141379355845,46126
2014-03-28,49.53292846679688,50.53066729038013,47.6661894119395,50.33755571861956,109311
2014-03-31,49.17890167236328,51.30311825815328,47.95586274625135,49.56512119555352,16785
2014-04-01,48.98579025268555,50.30537946041814,48.277716827003005,50.14445619319312,7041
2014-04-02,49.75823211669922,52.78363368728927,48.3420852900538,49.56512051610258,94204
2014-04-03,50.59504699707031,52.13993240997279,50.208823802196015,52.13993240997279,36522
2014-04-04,49.46856689453125,51.46404485326632,49.08234369070626,51.46404485326632,24415
2014-04-07,48.277713775634766,50.49848787265452,47.63400969752722,49.62949123467144,18948
2014-04-09,57.93326187133789,57.93326187133789,48.47082983567888,48.50301449005661,91128
2014-04-10,60.12184524536133,69.51990699163558,57.99762512840192,58.8988100901357,418519
2014-04-11,60.41151428222656,61.151772348384696,57.5470359762374,60.12184872299902,38319
2014-04-15,59.80000305175781,63.565666657550935,58.35167146234472,59.80000305175781,85611
2014-04-16,56.71022415161133,60.54025679074315,55.87340844055861,60.508068454450985,25306
2014-04-17,64.14498901367188,68.03939070611128,56.6458474869514,57.93325562299384,1480200
2014-04-21,63.501277923583984,65.30364774595954,62.43916976632482,65.30364774595954,41103
2014-04-22,63.85533142089844,66.94511003691994,62.88977698462842,63.08289229183986,69145
2014-04-23,62.342620849609375,64.98180649772127,62.052951616711134,63.08288257446344,227424
2014-04-24,62.342620849609375,62.342620849609375,62.342620849609375,62.342620849609375,0
2014-04-25,60.50806427001953,63.7909502146183,58.963178933324336,61.79547240056271,31323
2014-04-28,61.31269836425781,63.08288371219578,60.66899426652606,63.0506990598038,17418
2014-04-29,59.83218383789063,61.7954771521387,59.220664376367104,61.18395769061518,17686
2014-04-30,60.21839904785156,61.73110342506445,56.35618200241766,61.0230300545151,29085
2014-05-02,58.28728485107422,60.89428183961964,57.64358452836198,59.542504531989614,7066
2014-05-05,60.31495666503906,62.11732658343448,57.67577477260092,57.67577477260092,22972
2014-05-06,60.73336791992188,62.95413842567543,59.73562526835364,59.73562526835364,17598
2014-05-07,59.99310302734375,61.79547295289504,59.86436442311707,60.73336473483605,5943
2014-05-08,62.793212890625,63.56565926174337,59.70343845604335,60.05747699002215,111649
2014-05-09,61.634544372558594,66.26920398391312,60.66899013338902,66.26920398391312,13486
2014-05-12,63.98406219482422,65.01399318481887,61.50581077807927,62.76103065450999,41656
2014-05-13,68.103759765625,69.45553719867105,65.11054304240511,66.91291295313319,126954
2014-05-14,69.19805908203125,75.95693951128159,68.45780467815453,68.48998933194939,538869
2014-05-15,71.32228088378906,73.89708994159189,69.51991086002967,69.51991086002967,1217346
2014-05-16,72.41656494140625,75.95692788301035,71.45101074218749,73.99363483570515,164647
2014-05-19,75.9569320678711,79.17544869812298,72.09471505820656,72.09471505820656,1434718
2014-05-20,79.43292999267578,82.3939695702428,77.24434417004177,77.24434417004177,223614
2014-05-21,77.46963500976562,82.0399292001642,76.85811926313862,79.17545100991856,78639
2014-05-22,85.2584457397461,92.95068794978178,76.27878800289416,79.49730472015116,3829047
2014-05-23,93.07943725585938,97.8428317724321,85.99869636474753,86.96425060142747,318411
2014-05-26,85.93433380126953,98.93713236567656,82.87674760095071,93.94843754061012,228405
2014-05-27,80.7203369140625,90.11840256903552,79.17545152829278,87.54358622615806,173326
2014-05-28,85.29064178466797,87.09300460983061,82.74800977608217,82.74800977608217,145594
2014-05-29,85.2584457397461,86.89988506658828,83.1020372555396,85.61247690636657,35500
2014-05-30,86.54585266113281,92.04951685831946,84.96878252565025,87.54359166180494,315177
2014-06-02,90.98739624023438,92.95068948112548,86.89988649824622,86.89988649824622,262362
2014-06-03,94.49559020996094,96.4266989615727,92.0495196156924,92.66103542261072,97053
2014-06-04,94.55994415283205,96.39449864205464,93.49783598536445,96.39449864205464,97515
2014-06-05,96.1692123413086,99.45209862356069,95.2680272938986,96.0082890709122,167508
2014-06-06,96.26576232910156,98.48654020185988,95.0105461386426,98.16468630776008,93972
2014-06-09,94.62432861328124,99.77395439470584,94.1093667717983,99.77395439470584,101419
2014-06-10,93.98062133789062,97.71409257625324,90.82647384176587,96.55543035858808,147081
2014-06-11,89.44252014160156,96.65199344729952,87.57578066275352,96.65199344729952,478470
2014-06-12,91.18051147460938,92.9506894357954,87.6079561670225,89.47469545087966,146187
2014-06-13,92.62882995605467,96.55542356543052,88.18728931195794,91.18050596916744,261922
2014-06-16,92.37136840820312,94.62433112870409,90.79429818715018,93.59440741835948,83346
2014-06-17,95.36457824707033,95.8473554096214,91.50236094666175,92.40354596563644,192720
2014-06-18,96.00827026367188,97.84282465319684,93.98060798749952,94.6243083095845,221361
2014-06-19,96.36231994628906,98.48653641246922,93.98061890141716,96.55542785536196,140946
2014-06-20,94.39903259277344,96.52325672307076,92.04952323693172,95.39677902917992,72048
2014-06-23,94.55994415283205,96.42668329157824,91.50235088192969,93.9806130948128,181585
2014-06-24,94.849609375,96.45887137484377,93.72313186838484,94.01280109100314,94855
2014-06-25,94.68868255615234,95.7829753708926,93.85186693707142,94.01279755095256,334773
2014-06-26,94.1093521118164,95.58986809627534,93.01505928995418,94.62431387308064,99321
2014-06-27,93.27255249023438,95.58988449680945,92.43573672213316,94.23810687909103,77779
2014-06-30,95.17147064208984,96.8772867264652,94.30247027331733,95.91173239818346,109954
2014-07-01,95.17147064208984,97.84284105474693,94.62432417160952,96.81291005353084,95956
2014-07-02,93.94843292236328,95.91172610324028,93.33690981908448,95.46113362184272,105016
2014-07-03,91.79203033447266,95.52550902846862,91.08396059936734,95.52550902846862,79939
2014-07-04,92.82195281982422,93.3369146298788,91.40580600052547,91.92076781058005,487356
2014-07-07,94.07717895507812,95.10710260342712,92.85414001854184,92.85414001854184,43825
2014-07-08,92.78976440429688,96.23357367144428,91.14832508254813,95.23583474451168,227994
2014-07-09,90.60118865966795,93.91625232112054,87.22174832168065,92.0495202330911,42399
2014-07-10,91.30924987792967,94.62432059528318,88.1872944388907,91.24488057402309,173268
2014-07-11,88.44476318359375,93.98061118849512,85.96650838757401,90.21494833786238,52330
2014-07-14,91.53455352783205,92.69321577842436,85.61248156204086,88.83099845432335,72829
2014-07-15,94.1415557861328,95.2680334853068,91.0839692503202,91.50236978054238,299265
2014-07-16,99.74176025390624,102.02689998526904,95.52550459240064,96.55542817741376,261564
2014-07-17,98.48654174804688,101.06135084148376,97.55317207043944,101.06135084148376,226480
2014-07-18,97.8750228881836,102.60623306718422,97.3278764334663,100.28890863934502,149530
2014-07-21,98.38998413085938,99.74176161713764,97.23131455693743,99.74176161713764,265212
2014-07-22,95.30021667480467,98.7118417425882,94.6243315390213,98.7118417425882,46129
2014-07-23,95.55769348144533,97.19913288661176,94.7208777690413,94.7208777690413,140226
2014-07-24,91.79203033447266,95.30020909007494,91.40580713050844,95.17147047761851,55242
2014-07-25,89.24939727783203,91.92076006103964,86.57802712803023,90.82646722775432,157248
2014-07-28,84.35726165771484,89.24940240513978,82.49052238393001,88.18729416084003,152424
2014-07-30,79.72259521484375,83.68136618086196,78.14552523189073,83.68136618086196,165730
2014-07-31,82.20086669921875,83.32735179948685,78.66050284582317,78.66050284582317,149101
2014-08-01,82.26522064208984,86.22399903200605,80.23755815371474,82.07211273523296,258519
2014-08-04,84.22852325439453,85.19407762992536,80.88126759478132,81.81463731556747,72982
2014-08-05,85.93433380126953,87.18955735399341,83.874486565964,86.89988811364334,52618
2014-08-06,85.93433380126953,87.86544242601715,84.32507906951143,87.4470345751092,19444
2014-08-07,85.2584457397461,86.80333111205542,84.42163006727225,85.29063039125704,37371
2014-08-08,82.87676239013672,84.32509411714923,81.13876137108326,82.45835446456474,25441
2014-08-11,83.00547790527344,84.06758606928209,81.94336974126479,82.78017799274775,46828
2014-08-12,83.232177734375,85.27249817906878,82.29298143243955,83.19979216621043,24924
2014-08-13,81.9367446899414,88.28441276293918,79.73448887069803,85.14296059009548,117601
2014-08-14,84.75432586669922,85.49920879647944,83.00548286159302,84.17137819833049,156421
2014-08-18,88.99690246582031,90.03325552636501,84.33331369336922,85.17534592219816,487819
2014-08-19,90.68097686767578,94.72923218238743,89.38553190543225,90.16280036529464,510760
2014-08-20,88.28441619873047,91.1019979566023,87.44237652219851,91.1019979566023,229126
2014-08-21,88.60826873779297,90.55143259092512,87.76623650399573,89.38553724407856,37203
2014-08-22,87.47476196289062,90.03325914729349,86.79465755598777,89.87133129150284,641638
2014-08-25,84.20376586914062,92.91561778002828,83.26456949733002,86.79465599055428,478066
2014-08-26,83.9446792602539,86.66510418513153,82.77877651023627,85.49920884769566,78462
2014-08-27,84.04183959960938,84.85149370437767,82.26060353415194,83.23218549484108,32551
2014-08-28,83.07025909423828,85.04580862141059,82.26060497528555,84.20376893070632,20074
2014-09-01,83.10264587402344,84.59240443399665,81.93675044885566,82.9407180129119,39880
2014-09-02,83.65321350097656,84.78672342826594,82.39016127630163,84.10661895440887,292636
2014-09-03,89.28837585449219,90.4866567085857,84.5276231813047,84.5276231813047,1095867
2014-09-04,90.8105239868164,93.91958316703828,89.41792224591022,90.6809817074526,854748
2014-09-05,91.32870483398438,92.88323449757831,90.68098599396578,90.68098599396578,398182
2014-09-08,91.19915771484376,93.20709268380266,90.35711807864108,90.74575232708706,391321
2014-09-09,93.10993957519533,94.89116821286122,90.51904942709248,91.62018107569808,704275
2014-09-10,91.06961059570312,93.2394808868038,90.74575489000298,92.1059710916894,428281
2014-09-11,90.71337127685548,93.14232618492848,90.03325945504575,92.4945999343876,301683
2014-09-12,91.6525650024414,93.8871990053089,90.68098306747764,91.0048387707443,282679
2014-09-15,92.68891143798828,93.27185907468882,89.45030274925669,89.45030274925669,243307
2014-09-16,88.25202941894531,94.24344896107388,84.65717176360258,93.91958584086244,236811
2014-09-17,88.25202941894531,90.09802919017908,85.82307454881455,88.41395727276003,114004
2014-09-18,91.68495178222656,93.8548146730644,87.47476087098443,87.47476087098443,428448
2014-09-19,88.93214416503906,93.98436791771783,86.14694027986809,92.462223677008,245128
2014-09-22,91.29631805419922,91.91165131470134,86.79465697986124,86.79465697986124,113599
2014-09-23,91.26393127441406,93.7252716964028,89.77417279301514,92.23551321500388,223876
2014-09-24,87.92816162109375,90.94006401731104,86.79465187952766,90.94006401731104,51250
2014-09-25,84.04183959960938,88.67304299218375,81.67765584025489,88.12248086947086,84301
2014-09-26,84.46286010742188,88.09009599688892,81.93674847211314,84.81910880585502,154318
2014-09-29,86.63272094726562,88.41395698373262,84.85149232338061,86.14692997482754,132255
2014-09-30,87.15089416503906,89.54746336512916,86.79465290140395,87.96054822573679,73494
2014-10-01,86.56794738769531,89.64462098966305,86.14692756833247,88.2844122348991,45402
2014-10-07,86.11454772949219,90.0332612309755,84.85149559992945,88.09009726618766,161422
2014-10-08,84.26853942871094,86.79465848147362,82.9083306004014,85.49921338358882,75376
2014-10-09,86.21170806884766,87.44238209081244,83.55605399788745,84.85149916638997,861066
2014-10-10,82.97309875488281,85.75829486677377,82.26060138230514,85.43443916340384,109051
2014-10-13,83.00547790527344,84.20375874022659,81.67764738641024,84.20375874022659,35418
2014-10-14,82.06629180908203,84.04184134261686,81.64527196237394,84.04184134261686,34267
2014-10-15,82.06629180908203,82.06629180908203,82.06629180908203,82.06629180908203,0
2014-10-16,77.95326232910156,83.23219240905125,71.28173774738391,82.77878696222585,476812
2014-10-17,75.65384674072266,78.7305203197693,73.6782973502175,78.50382133319147,169480
2014-10-20,74.42317199707031,76.88451231423353,71.41126959203156,75.94531598415715,295560
2014-10-21,73.71068572998047,77.07883697562113,73.28966589770263,75.13567308054313,49219
2014-10-22,83.10264587402344,87.44237926505382,74.64988551010117,74.71465665454579,395076
2014-10-27,86.11454772949219,90.6162089378954,82.5844685034829,85.466828878757,168792
2014-10-28,86.79466247558594,87.37761020205639,84.43047858412783,86.92420476756104,496254
2014-10-29,88.15486145019531,90.03325412286914,85.59636440857273,85.59636440857273,121948
2014-10-30,87.5395278930664,90.3247313223261,87.1185080804963,88.80258733077673,30330
2014-10-31,90.38951110839844,92.17074723678031,87.7014641296615,88.31680482906252,1251039
2014-11-03,89.02928161621094,92.23550468880876,88.41394842074028,91.1991517029904,88627
2014-11-05,88.02532196044922,91.32870202691797,87.50714542184451,89.3855381540048,82965
2014-11-07,85.6611328125,90.03325124851273,84.88387176031327,88.64064957314226,57393
2014-11-10,88.64065551757812,89.38553846398288,86.01738724508097,86.27647922157277,94360
2014-11-11,87.24806213378906,89.9684871480719,86.14693048715404,88.8673629140189,86119
2014-11-12,86.79466247558594,88.4139633630222,86.47079933306567,87.28045348307506,51096
2014-11-13,86.11454772949219,87.99294055046472,82.97310277895691,87.24806498400659,211714
2014-11-14,84.20376586914062,85.82307404816964,80.9651643362465,85.49921092984745,155742
2014-11-17,83.68559265136719,88.6730448436881,81.90436396129958,84.2037692137155,111043
2014-11-18,82.61685943603516,84.85150110557014,82.13106841331735,84.13900365220657,96612
2014-11-19,86.43840789794922,92.62414828382524,81.02993603637563,83.39411976749837,684516
2014-11-20,89.09406280517578,90.58382131697589,85.82307564099986,88.02532413123386,136401
2014-11-21,88.5111083984375,91.32869735246608,87.4423698055526,88.96451377308284,112093
2014-11-24,90.71337127685548,91.3287045435454,88.60827208147077,88.60827208147077,272503
2014-11-25,90.4218978881836,91.32870875064783,87.40999514594468,91.32870875064783,387784
2014-11-26,90.55142974853516,91.97641702360748,89.61223342149701,91.74971804039627,766729
2014-11-27,88.73782348632812,91.32870630059053,88.41396035482698,90.68098745017048,48093
2014-11-28,89.28837585449219,90.81051980466192,89.0616694634644,90.03325133911159,155505
2014-12-01,85.69352722167969,89.45031283467164,84.85149494598808,88.41395971644948,84910
2014-12-02,85.95260620117188,86.76226019527074,84.30091264621667,85.95260620117188,229434
2014-12-03,90.4218978881836,96.25138993609728,84.91626898045926,85.75830128481967,238062
2014-12-04,89.80655670166016,92.62414575974756,88.09009184584308,91.29631515549111,169807
2014-12-05,89.67701721191406,91.52301699223928,88.54349999188254,91.52301699223928,100230
2014-12-08,87.92816162109375,91.1991559822133,87.15089313896857,89.25599218948194,171330
2014-12-09,85.36966705322266,88.73781821809264,84.26853543652426,85.6611371829455,474547
2014-12-10,85.85545349121094,86.95657763730405,85.30489141816437,86.08215246904952,46218
2014-12-11,84.13899230957031,86.14692727777319,83.52365907376854,85.88784272062792,154237
2014-12-12,84.98103332519531,85.72590885166342,83.29695402608158,83.55604600001519,342435
2014-12-15,89.38553619384766,90.35711810899816,84.20376350885097,84.20376350885097,159277
2014-12-16,84.65716552734375,89.38553263623898,84.26853129423512,89.38553263623898,108295
2014-12-17,84.39808654785156,89.2883818212334,79.766875838579,84.33331540682425,242895
2014-12-18,83.62081146240234,87.9929298515777,81.38617020956906,85.17534096270397,215128
2014-12-19,87.18328094482422,88.6082682568928,84.98103254327027,85.14296039262518,106963
2014-12-22,88.12246704101562,88.86734988652623,87.44236274029018,88.64064351123046,31957
2014-12-23,90.35712432861328,93.79004683760708,88.64065936782525,89.90371890949469,1351084
2014-12-24,90.06563568115234,94.56730374625054,89.57984474994315,92.10596352229604,319432
2014-12-26,89.12644958496094,91.6525686463657,88.80259386881842,91.6525686463657,52306
2014-12-29,88.77021026611328,91.06961555205432,88.09009842196484,88.60827499186813,54403
2014-12-30,89.83895111083984,93.20710260145522,88.99691138504038,90.77814755594328,206524
2014-12-31,89.93610382080078,92.2679020430574,89.48269840501248,89.77417596251289,128499
2015-01-01,92.04119110107422,92.6241461873976,89.45030843301072,89.96848496662342,105837
2015-01-02,99.48999786376952,101.36839071087448,93.07755817327556,93.07755817327556,1312813
2015-01-05,102.27518463134766,106.09674111462458,99.97577955757798,101.98371450724925,684307
2015-01-06,100.07294464111328,104.60699144201816,96.931492263727,101.62747433748793,452274
2015-01-07,98.03262329101562,101.30361052200615,95.99230261498056,101.30361052200615,254629
2015-01-08,99.9433822631836,102.14563037055947,99.10134273385478,99.10134273385478,342282
2015-01-09,99.84622955322266,101.46553766566385,98.45363525064084,100.4939557632318,88737
2015-01-12,100.20248413085938,104.18596868299984,96.18661400756864,96.18661400756864,377418
2015-01-13,99.8138427734375,102.98768040876128,98.55079076314314,99.68430049803942,318969
2015-01-14,95.57128143310548,100.88259667849834,91.65256799497452,100.85021110711426,1456377
2015-01-15,94.76161193847656,100.26723971831696,92.36504298223478,98.29169053429642,542484
2015-01-16,95.89513397216795,97.80591227089762,94.3406043594511,95.73320612060849,121719
2015-01-19,97.06103515625,99.29566912160972,95.603662278266,97.32011971451465,357265
2015-01-20,99.00420379638672,100.94736772796416,97.80591541853684,98.64795509890897,1125706
2015-01-21,96.41331481933594,100.39680685899545,95.2798049825887,97.80591664274144,204759
2015-01-22,94.9559326171875,100.88258803633175,93.98435073373192,95.92751450064308,280971
2015-01-23,93.10993957519533,97.32012309384386,92.72130531172168,96.41331228326608,166459
2015-01-27,94.9559326171875,98.64794673935133,93.33663194895536,93.98435073373192,198309
2015-01-28,94.2758331298828,96.89910138558125,93.33663676656002,95.11787278236156,95248
2015-01-29,94.14629364013672,97.80591507850748,93.66050265893124,94.56731347885908,213987
2015-01-30,92.42981719970705,96.51046538104194,91.49062092553652,95.15024932059696,585613
2015-02-02,94.92355346679688,96.38092639051996,88.12247982275586,89.09406177190458,838411
2015-02-03,93.14232635498048,95.86275140943972,92.78607765779078,93.98435862208954,95370
2015-02-04,91.26393127441406,95.21503017780172,90.03325735712873,95.05310232523073,134247
2015-02-05,88.73782348632812,92.5269872857549,87.60430623236525,91.55540530383372,90247
2015-02-06,87.15089416503906,90.03325431903146,85.88784213244212,89.2559932403368,111049
2015-02-09,87.5395278930664,90.61620144539503,86.14692617843656,86.79465238819749,72111
2015-02-10,89.68814086914062,91.28331811297215,86.98609910300044,87.79996854122089,113134
2015-02-11,93.1389389038086,93.75747581980656,90.6322296062829,91.77164089120149,127144
2015-02-12,94.11558532714844,98.60812984208228,88.06041015382438,93.13894489124216,558813
2015-02-13,96.29674530029295,101.2450558389734,94.40857280110632,95.90608763646551,603976
2015-02-16,93.3993682861328,98.02213649110747,92.78083139713178,94.4085627975672,124656
2015-02-18,95.12478637695312,96.36186037208763,91.51121204915472,93.1063969998147,1421976
2015-02-19,97.66403198242188,99.87774606673048,93.88768742545508,93.88768742545508,468742
2015-02-20,97.07806396484376,99.61732769024228,94.9620046510321,98.380246287462,643642
2015-02-23,100.17073822021484,103.84942012809196,97.33847988513364,98.4453443461645,1297314
2015-02-24,99.5196533203125,102.15657928921668,98.96622478121778,100.13819022269196,224059
2015-02-25,97.4687042236328,101.60314465352634,96.32928558099611,100.33350929213374,387915
2015-02-26,95.1573257446289,97.92446843501254,93.1063825002344,97.2082689890234,201685
2015-02-27,102.22169494628906,103.52388465842192,95.93864057573133,95.93864057573133,647530
2015-03-02,118.1083755493164,126.31214863690708,108.63495955828486,108.7326295555166,4675110
2015-03-03,120.87551879882812,122.275370985216,114.59247222792465,118.7920213359135,1247148
2015-03-04,115.0482406616211,124.35887852843275,113.29028498313696,121.55917409646725,1463025
2015-03-05,123.08924102783205,125.9866079608868,116.08998751372988,116.08998751372988,886650
2015-03-09,117.68516540527344,120.97318999417112,116.61086248102042,120.97318999417112,362086
2015-03-10,113.29027557373048,121.65682654071436,110.55567973458452,118.49902635969568,1035969
2015-03-11,109.41627502441406,114.55991775552452,108.14663956988136,112.6391912082742,524725
2015-03-12,113.06239318847656,115.27611477886312,106.2910265941062,110.68590814231491,906997
2015-03-13,113.42050170898438,115.21101157022883,110.09992290044046,114.29947954818348,397254
2015-03-16,109.64415740966795,114.5273593715279,108.8628495664753,114.5273593715279,171247
2015-03-17,105.96548461914062,110.7510241244336,105.60738114804064,110.49058320422225,485068
2015-03-18,103.71920013427734,108.24430579713788,101.57059438732296,106.58401276433278,505141
2015-03-19,105.5422592163086,109.3186036413934,104.82605981733082,105.47715085741734,254590
2015-03-20,104.85862731933594,106.25847956687475,103.00300905047806,106.25847956687475,289848
2015-03-23,106.97466278076172,108.01641139922567,103.52386768790966,105.21670733012012,155737
2015-03-24,104.33773803710938,109.18838521012712,103.5564228403274,107.43042974295464,199492
2015-03-25,106.03057861328124,106.77933963761146,103.58897791616494,104.17496059323804,89658
2015-03-26,106.6491241455078,113.1600648349342,102.93789525468588,102.93789525468588,1008384
2015-03-27,110.7184600830078,111.8578713109446,106.1282460881809,106.1282460881809,252768
2015-03-30,113.48560333251952,114.52735202405992,111.2718892257898,111.2718892257898,427998
2015-03-31,114.49480438232422,118.43392010707602,112.99728962131007,114.55992019904204,1249795
2015-04-01,119.63844299316406,120.7127458889902,114.00648015872004,114.00648015872004,1978701
2015-04-06,123.25200653076172,126.60513932025188,118.56413742259224,118.56413742259224,521386
2015-04-07,124.2286605834961,130.023394835473,121.42896346213016,123.25202014667244,832600
2015-04-08,123.93566131591795,126.63770308195114,122.47070079788388,125.4331760153856,323994
2015-04-09,124.94485473632812,128.26542592019564,123.15434496863872,124.09843112420135,555699
2015-04-10,125.56339263916016,126.24703789988446,122.5032548798426,124.87974737843588,574794
2015-04-13,125.75872039794922,127.87477949021756,124.06588057530922,124.06588057530922,181696
2015-04-15,125.75872039794922,134.77637041152045,124.55420075795966,124.55420075795966,670954
2015-04-16,122.2753677368164,126.76791926724094,120.54997377466958,126.31214582676505,699828
2015-04-17,122.50325775146484,123.28456557472532,119.2477873762179,121.85215920571063,204699
2015-04-20,124.09842681884766,126.83302264722823,120.61507739892724,120.61507739892724,248262
2015-04-21,123.2845687866211,129.567630425614,121.75449983123326,125.62850721981783,588001
2015-04-22,121.8847198486328,124.52164583886842,120.45231349125773,123.642668025065,655189
2015-04-23,117.84793090820312,122.6660242061144,115.89465024424852,122.40559075821348,192786
2015-04-24,110.03482055664062,118.82458452732072,107.72344364336064,118.82458452732072,785119
2015-04-27,105.6724853515625,109.31861338380564,95.41776143764068,109.31861338380564,1069954
2015-04-28,104.59817504882812,107.49554178023745,103.03555205295184,105.93291878436116,548650
2015-04-29,103.13320922851562,106.64911264914736,102.6448891020064,105.44459314763904,119433
2015-04-30,104.24008178710938,107.03978625151969,101.63570987322474,104.72840198666115,450498
2015-05-04,104.6958465576172,106.12825295600268,104.3051963635642,105.3794992995596,81657
2015-05-05,105.6399383544922,106.779357167655,104.24008606484088,105.21672650402316,549718
2015-05-06,101.66826629638672,105.41205705915802,100.33352240122498,105.2818403233886,649782
2015-05-07,98.44535064697266,103.2634366015375,97.17571520651816,101.7659218890698,241816
2015-05-08,102.4170150756836,103.58898045859388,99.35686999599707,100.75672209019082,172108
2015-05-11,104.53307342529295,105.15161033726002,102.41702178104138,103.23088378589024,36792
2015-05-12,97.24081420898438,105.60736477459592,96.42694484207868,105.3794855245197,186586
2015-05-13,99.7475357055664,101.99381156488283,97.72914657603488,97.98958748847836,123834
2015-05-14,106.35613250732422,112.63918623613652,104.82606366371488,110.03480707787976,2132481
2015-05-15,109.77438354492188,111.3370067102696,106.77935394854498,107.39789088773314,1024756
2015-05-18,108.50473022460938,110.1975772976302,105.57480947623374,109.41626211759385,209398
2015-05-19,108.24430847167967,111.98809153088104,107.4304390256394,108.99306210305014,310357
2015-05-20,110.3603515625,110.9463342398537,108.73262024736772,108.73262024736772,173577
2015-05-21,110.49058532714844,111.792775050875,109.77438582236267,111.33700902012946,553246
2015-05-22,110.45802307128906,111.33700088429474,107.98386799282748,111.30444670241856,136603
2015-05-25,109.64415740966795,113.35539388115146,109.38372394566204,110.84868453422,135880
2015-05-26,111.04400634765624,112.93217871054853,109.77437834583188,112.93217871054853,94945
2015-05-27,110.65335845947266,114.59247417719055,109.1232820672444,110.03481408556875,270018
2015-05-28,112.37875366210938,112.9647364082014,109.74182757910783,111.66255418381354,145161
2015-05-29,116.96895599365234,118.04326634616764,111.6951040323117,112.21597839208825,300414
2015-06-01,115.86209869384766,116.90384741145256,114.5924707041556,115.82954451212092,224200
2015-06-02,116.15509033203124,117.19683901870764,112.6391866517049,116.0248736089903,293841
2015-06-03,111.56488037109376,116.0574319903546,104.82606784455172,115.40633344923512,194110
2015-06-04,112.5740737915039,113.77860086474712,111.01145072050625,111.174229079751,98082
2015-06-05,110.19758605957033,113.16006122173287,109.05816737715632,112.8019577814785,271911
2015-06-08,109.25350189208984,111.59743275867343,106.58401430900643,109.96970133439606,118183
2015-06-09,108.08152770996094,111.30444378957976,105.80270523356778,107.82109426176716,131739
2015-06-10,108.21175384521484,111.0114507198794,107.462992765747,108.70007402059728,95152
2015-06-11,105.41204071044922,109.31860178705055,104.92372057587404,109.25349342926371,44716
2015-06-12,105.70504760742188,106.97468316944446,104.82607716574888,105.28184320458963,56055
2015-06-15,105.50971221923828,107.33277619699108,104.30519259540668,106.45379838977638,62238
2015-06-16,103.91453552246094,106.22591223755448,102.84023261950556,105.346941876793,35485
2015-06-17,103.6215362548828,105.96547450843796,102.90533683219408,103.49131953278928,121680
2015-06-18,108.14663696289062,108.79773549108744,104.2075214171152,104.82606576401965,201954
2015-06-19,114.46224212646484,115.8295400599566,109.25349873865,109.25349873865,275058
2015-06-22,117.26195526123048,118.40136656676572,112.8996276856036,113.38794788100084,634939
2015-06-23,119.41056060791016,120.45231681112932,116.38297690018604,117.58750401742,201469
2015-06-24,115.24356079101562,119.4105556253186,114.10414953810611,119.4105556253186,707632
2015-06-25,115.9272003173828,119.80120732702989,113.9413655428082,114.5924640418378,181335
2015-06-26,115.276123046875,117.32706642623845,113.38795058613564,114.6575861049285,69469
2015-06-29,114.42969512939452,115.86210151375752,110.68591198147917,113.29028383887788,77220
2015-06-30,115.276123046875,115.8946599888215,113.322842218686,113.9088249769077,101215
2015-07-01,119.01990509033205,121.78704776067912,117.35961203694929,118.49903073760936,331864
2015-07-02,118.27114868164062,120.32209199207404,117.8479368562667,119.47567579250098,144646
2015-07-03,119.80121612548828,124.84719633327178,117.6200561117202,118.92223830306618,687843
2015-07-06,119.96399688720705,121.103408190218,115.43889095568947,117.13173826994276,336447
2015-07-07,120.41976165771484,121.55917294898414,119.15012618510856,120.6476409354988,1066027
2015-07-08,118.66180419921876,121.52661692646214,117.42472292788312,119.15012438110854,292501
2015-07-09,119.86632537841795,120.71274902488906,119.08501754805404,119.60589191868824,235867
2015-07-10,119.7686538696289,120.41975237258588,119.18267117790695,119.6709913295376,425358
2015-07-13,117.29450988769533,119.80121924005618,114.72269216919194,119.80121924005618,124144
2015-07-14,120.41976165771484,121.6893896791464,116.15509668432804,116.15509668432804,547254
2015-07-15,123.47990417480467,143.8916828947727,121.10341150395216,123.87056183118148,544804
2015-07-16,124.58675384521484,126.76792128251228,121.46150768418596,123.54500512487188,441004
2015-07-17,126.73535919189452,128.2654280850717,122.69858105234836,124.84719430007505,592333
2015-07-20,124.78207397460938,132.13943799044665,122.63346825572988,126.31214281247422,1237878
2015-07-21,123.77288055419922,126.76791734615249,123.121789486996,124.6518583381869,122332
2015-07-22,123.70777130126952,125.00996087746792,122.40558917624546,123.3496753150338,93348
2015-07-23,125.33550262451172,126.31214294341012,123.05668018119832,124.00076631954506,80455
2015-07-24,125.0750732421875,126.89813721698567,123.4147876266085,125.59595505027946,154453
2015-07-27,122.60092163085938,125.66106694635394,121.75449798288165,125.66106694635394,118483
2015-07-28,122.9915771484375,124.81464114300796,122.4381486039089,122.9590229664755,27388
2015-07-29,120.15931701660156,124.0333242280819,118.82457322034313,123.5450040539556,83380
2015-07-30,123.44734954833984,124.87975598246793,118.82458095827992,121.5591770919358,119865
2015-07-31,120.54997253417967,123.70777279432572,118.4990293290153,123.67521861336591,144312
2015-08-03,116.0899887084961,121.7544984524698,114.59247395308468,120.12676696645951,148593
2015-08-04,119.60588073730467,122.34046906469688,116.54574316450964,118.49902373457866,158889
2015-08-05,118.40135955810548,122.4055908842758,117.5223892193602,120.1267609569237,86346
2015-08-06,117.26195526123048,121.68939120275368,116.5783099681443,120.2895389824583,141150
2015-08-07,118.01071166992188,118.82457366237698,114.9180122548339,117.71771658388631,91062
2015-08-10,120.02909088134766,124.16353122096834,118.92222644256763,118.95478807271977,193585
2015-08-11,118.88967895507812,122.92646443614132,117.71771354355376,120.1918685410186,68952
2015-08-12,116.61085510253906,118.49902737171676,114.983116276738,117.8479288609266,87499
2015-08-13,112.50895690917967,119.41054720521691,110.68590052331018,117.19683321838468,81181
2015-08-14,116.15509033203124,119.08501130749896,112.99728264006754,115.50399181447776,280626
2015-08-17,113.6483917236328,116.38298041760233,112.63919712389078,116.15510113109448,120892
2015-08-18,115.43888092041016,116.2201961438638,110.68590357311882,113.94136628476916,190420
2015-08-19,121.1685028076172,121.7870396632546,114.5924617475336,114.65757010589816,229567
2015-08-20,121.46150207519533,124.29375301794788,120.54997012419535,120.61507848481332,297322
2015-08-21,119.7686538696289,121.1033976043991,113.94136623009165,118.1083683345544,107497
2015-08-24,110.29524993896484,117.84793174963386,105.8678142324676,116.54574959848286,324852
2015-08-25,109.38371276855467,115.21100034433871,97.1106007520014,110.6859023090479,622732
2015-08-26,110.1324691772461,110.65335096774382,101.27759795757372,107.43043493910106,293449
2015-08-27,113.8762664794922,115.37378122763212,112.15087245391074,112.8019635549184,561288
2015-08-28,117.177490234375,123.55116125130752,114.62802332382508,115.21636069070344,357870
2015-08-31,120.15187072753906,121.5900329058112,114.07237207469474,117.01406641919016,95448
2015-09-01,116.19693756103516,119.30205716811687,113.81089537031654,119.30205716811687,85134
2015-09-02,113.8762664794922,117.92926600313648,112.43810415156736,117.92926600313648,67308
2015-09-03,114.203125,116.42573476682156,112.43810520072228,116.16425478536792,83034
2015-09-04,111.98050689697266,114.43191910996345,108.54852979878557,113.0918192530138,55896
2015-09-07,109.43103790283205,112.17662252894658,105.5087784261634,111.13068766598376,165946
2015-09-08,107.99286651611328,109.2022337429998,106.55470433017872,109.16954874885008,98853
2015-09-09,110.9018783569336,113.61477781859313,110.01936853296648,113.61477781859313,73381
2015-09-10,108.05824279785156,109.69252252498244,107.2411104154022,109.69252252498244,42625
2015-09-11,105.77025604248048,111.7843846855704,105.2472886596516,107.2084182155388,88404
2015-09-14,106.6200714111328,110.15011053196952,103.28615721207768,105.50876667811444,429936
2015-09-15,106.5547103881836,108.51584007312634,106.12979795896386,107.24111026658318,89515
2015-09-16,106.6200714111328,107.99286357133428,105.27997172530524,107.04498380460817,246292
2015-09-18,107.6987075805664,109.52908979847057,106.68545774313368,107.37185013970822,920175
2015-09-21,108.22167205810548,109.10417440655766,106.52202238914248,106.55470738422902,128944
2015-09-22,109.8232650756836,113.74552454267229,107.60064788653575,108.5158427596486,475702
2015-09-23,107.8294448852539,109.30029211089597,106.91425005848342,107.9274998707402,654495
2015-09-24,109.9540023803711,113.09181436607764,106.06442800509468,107.20842530913342,582129
2015-09-28,110.41159057617188,112.176610138159,109.03879841475027,110.5096455560344,81895
2015-09-29,108.54852294921876,110.08474017493997,106.68545576980104,107.92750055607952,237048
2015-09-30,109.9540023803711,111.8497620739797,107.53527526933073,108.58121010419424,832486
2015-10-01,109.56177520751952,111.0653074713502,108.61389535846148,110.7711425064732,1377150
2015-10-05,107.8294448852539,111.06530429299688,105.34534784735509,109.16955213024757,1770882
2015-10-06,108.6465835571289,109.82325833253114,106.685453944048,108.94074851042156,849331
2015-10-07,108.90807342529295,110.93457321238822,108.385105979627,109.62715833878148,179583
2015-10-08,107.24111938476562,109.20224923645355,106.94694691456576,109.0715017601888,206004
2015-10-09,107.5025863647461,108.9407485806739,106.68545401284597,106.68545401284597,41382
2015-10-12,106.32591247558594,108.5158370720201,105.57414262596129,107.82944469371938,55020
2015-10-13,106.6854476928711,108.51582973834478,105.63950547688069,106.5547002401752,67189
2015-10-14,107.2738037109375,108.5158486192899,105.90101132714014,106.42397878557009,109873
2015-10-15,108.54852294921876,110.15011764679517,106.88156574201896,106.97962072812788,539035
2015-10-16,108.25436401367188,109.75789632767314,107.5352791133012,108.97344143292624,871506
2015-10-19,107.11036682128906,108.81001660195588,106.5547143871838,108.38510415678918,170187
2015-10-20,105.50877380371094,108.12361084655916,105.24729383998408,107.20842349239922,342781
2015-10-21,105.41072082519533,107.69870795696691,105.24729584475308,105.86831825154962,669387
2015-10-23,107.2738037109375,107.8621411665316,105.60683885878476,105.90101132714014,102538
2015-10-26,107.20842742919922,111.81707928916268,105.96637511253948,111.7843942924966,283338
2015-10-27,106.39128875732422,108.25436351289233,105.77026633250694,106.65276873361935,98917
2015-10-28,108.05824279785156,110.2808599350585,106.12979810624068,106.55471053605008,320716
2015-10-29,107.17574310302734,108.45047294321172,106.9142556469466,107.50259307173296,118746
2015-10-30,108.12361907958984,109.10418398046214,105.05118438515436,107.20843165574333,84751
2015-11-02,106.6854476928711,107.82943740643157,104.2994058059494,107.30647003899404,97311
2015-11-03,106.03173828125,107.86212790120432,105.9009983030006,106.55470567536328,55807
2015-11-04,105.57414245605467,107.73138953502888,104.59357764227984,106.09710985799356,130435
2015-11-05,105.60682678222656,106.29322663619102,104.72432444031134,105.47608680284888,53331
2015-11-06,107.04499816894533,107.53528061472844,104.92044339759052,106.45666073022883,223842
2015-11-09,107.3718490600586,110.99993594452744,106.35859923281431,108.5158388698851,1226790
2015-11-10,105.86831665039062,108.12361127084851,105.41071923095704,108.12361127084851,102808
2015-11-13,109.49640655517578,110.47697141232996,106.6200819767081,108.45047170502684,507054
2015-11-16,109.10417938232422,110.1501217161416,108.51584196281932,109.82326426925393,184269
2015-11-17,109.33297729492188,110.34622710892896,108.02555504283188,110.34622710892896,249171
2015-11-18,111.1633758544922,113.74552808913752,108.84270360253676,110.41160594202572,341772
2015-11-19,112.2746810913086,113.74552844184976,111.4575411806358,111.7843986411282,236697
2015-11-20,119.23667907714844,121.13243870216768,113.41866022274196,113.5820926780436,851827
2015-11-23,120.7729034423828,122.47255319920636,119.66159858976202,120.7729034423828,419424
2015-11-24,117.0794448852539,122.21106412217296,116.32767500714633,122.21106412217296,149002
2015-11-26,118.71371459960938,120.08650685989583,117.6677797768528,117.6677797768528,237882
2015-11-27,120.15187072753906,121.5900329058112,117.6677737798173,119.5635333548631,305256
2015-11-30,122.5706024169922,127.14657656130382,119.13862554931642,121.26318016417233,466066
2015-12-01,123.3877410888672,124.53173087352766,121.42661146881164,122.60328624839865,489417
2015-12-02,126.9177703857422,127.47342276956331,123.94339101986009,124.20487097407442,528124
2015-12-03,126.72166442871094,127.4734268019736,124.8259047762251,126.62360196166286,491742
2015-12-04,126.6562957763672,126.98314573292804,122.40717901103235,122.83208395456148,446320
2015-12-07,125.25080871582033,129.00964299548747,122.37449174584845,126.754340931464,241980
2015-12-08,126.75433349609376,130.970764940241,123.35504932360833,125.5122887948232,442530
2015-12-09,125.34886932373048,129.07501107199008,124.20487207059617,127.11388147360636,390124
2015-12-10,124.46636962890624,127.04852181510851,120.96902255822604,124.27025216445163,158094
2015-12-11,126.95045471191406,127.1465796503315,124.3029326278318,125.28349747099055,376665
2015-12-14,127.30998992919922,127.80027232297309,124.27024058402448,124.62978300108946,248064
2015-12-15,126.0352783203125,128.78084798755623,125.18544595657984,128.02908557686962,109146
2015-12-16,126.19869995117188,128.45400221922316,125.6103699870496,126.6889824023903,91056
2015-12-17,127.2773208618164,128.25788571443096,125.64304112004804,125.67573359751026,202650
2015-12-18,129.2384490966797,132.0494036371584,125.90451965838146,126.62360453204626,1245520
2015-12-21,131.98402404785156,132.70309390699634,129.40185718584132,129.66335209685224,307851
2015-12-22,131.4610595703125,134.5334940978178,129.2384499056886,133.12801681878042,247486
2015-12-23,134.59886169433594,138.6191834828141,134.01053177358943,135.97166143387497,566614
2015-12-24,131.03614807128906,136.3965772561514,129.9575357085969,135.77553988098649,500674
2015-12-28,132.31088256835938,133.94516227873046,131.00346777740168,131.46105771745567,153693
2015-12-29,130.02291870117188,133.12803107628562,127.86566383563968,132.1801586044703,208239
2015-12-30,129.14039611816406,131.98404334471255,128.45400367114655,130.67661348519684,87744
2015-12-31,130.41514587402344,133.35684089373825,127.53882085726444,128.84623587861503,192021
2016-01-01,130.67660522460938,132.96459985301206,127.53880069214446,129.9575353057875,130425
2016-01-04,127.08120727539062,131.33031652866023,126.23138243229032,130.0229017497077,142671
2016-01-05,123.58385467529295,128.4213013960381,122.57060484068438,126.81971415441744,369622
2016-01-06,123.81265258789062,126.72166965840944,121.98227033160376,124.76053245325176,177184
2016-01-07,121.98226928710938,123.81265152772326,121.00170443348487,123.81265152772326,93102
2016-01-08,127.53878784179688,132.0493916892777,122.63596407811367,122.799389043198,550815
2016-01-11,123.97608947753906,126.62361170704992,123.15894956964917,124.89128437890778,86730
2016-01-12,122.96283721923828,125.5776744006634,121.59004489357146,124.2048820749966,57924
2016-01-13,118.90982055664062,125.44692419971734,114.62802642333077,123.48579460301748,169381
2016-01-14,121.001708984375,124.00877365110404,115.73934207704096,118.32149429373624,57177
2016-01-15,121.09974670410156,122.8974512406476,119.17130219576757,121.16511668999556,110086
2016-01-18,113.81089782714844,120.67485209284987,111.52291057820916,120.28262463858653,115390
2016-01-19,114.79145050048828,115.70664530262388,112.43809350658466,114.33385309942048,227097
2016-01-20,110.8691864013672,113.74551065683823,108.61388449072514,113.74551065683823,275278
2016-01-21,114.95487213134766,115.7066419402256,111.75169789807192,111.75169789807192,134532
2016-01-22,117.99464416503906,120.57679637839472,115.08563449489944,115.90276691518471,255559
2016-01-25,126.0352783203125,127.34269316005869,119.95577163536257,120.90365150879248,633231
2016-01-27,124.53173065185548,128.7481623199158,123.61653583330984,126.39479780269926,253753
2016-01-28,124.98932647705078,127.11388104103123,124.13950165901232,124.89127149368842,137811
2016-01-29,126.29676055908205,127.47343543216311,123.09357843395796,125.7737856364722,274648
2016-02-01,124.56442260742188,127.96371463149514,123.1916303028914,127.244629741977,73059
2016-02-02,124.69515991210938,128.02908187108306,122.962832681197,124.20487749111666,353712
2016-02-03,120.85688018798828,124.79358628520392,118.88852713938049,124.0062420622924,139554
2016-02-04,122.8908462524414,124.36711106591066,121.41458143897216,121.41458143897216,98301
2016-02-05,124.76077270507812,125.31847923995686,122.10349910757728,122.6940035171696,48376
2016-02-08,123.05487060546876,125.7121442107953,121.74263274021057,124.00624174376352,70948
2016-02-09,122.79241180419922,123.80940115000834,119.08535115843686,121.6442084419254,105895
2016-02-10,121.64421844482422,123.02206709805668,120.46320960415132,121.41458075695436,48667
2016-02-11,115.11585235595705,121.3489730841316,113.83641982203548,120.75846114006238,181072
2016-02-12,112.13050842285156,117.21541775447356,106.71753776030629,113.37712796475276,234255
2016-02-15,120.75846099853516,123.31732606337934,113.83641968862078,113.83641968862078,149905
2016-02-16,116.13282775878906,121.11932105688038,115.47671259072574,120.72564895257403,35659
2016-02-17,114.75497436523438,116.82174344086418,110.78546312198644,116.82174344086418,128065
2016-02-18,117.60909271240234,121.05371049058986,115.2470675913396,116.6577215873725,50962
2016-02-19,118.82290649414062,120.56162182311908,116.98578252509932,118.75729572831816,96799
2016-02-22,120.46321105957033,122.59559107880938,119.11816777406864,119.80708835467276,39417
2016-02-23,118.4292449951172,120.69284650984908,117.64190076732372,120.0695367095707,48675
2016-02-24,117.01858520507812,119.41341564563542,115.64073662862,115.64073662862,56440
2016-02-25,117.83873748779295,118.13399346145265,116.92017919915791,118.10118807645394,35280
2016-02-26,117.9371566772461,120.7256518397047,116.72333495232915,118.75729877977108,225643
2016-02-29,115.7391586303711,120.3975982185441,112.68821288372496,118.62607745795162,115861
2016-03-01,120.56161499023438,122.92363996932816,116.72332533779078,116.72332533779078,511620
2016-03-02,122.52996826171876,125.18724167838424,122.3003230849842,124.59673730897752,168744
2016-03-03,121.51299285888672,124.26868256483375,120.7256486522328,123.31731895241064,54418
2016-03-04,121.7426300048828,123.28450551986587,120.62723197424329,123.15328398888964,60283
2016-03-08,120.75846099853516,122.69400873522252,120.39760176595848,122.69400873522252,51558
2016-03-09,122.07069396972656,126.63071735605634,119.77427958483642,126.63071735605634,747750
2016-03-10,122.39875793457033,123.28451081537688,121.54580292924577,122.9892623579984,163299
2016-03-11,122.10350036621094,123.21889843012394,121.38177441564106,123.21889843012394,58666
2016-03-14,122.26752471923828,124.59674445802844,121.8410547397923,122.10349780406676,40029
2016-03-15,119.31499481201172,123.21889544995874,118.75729579354368,121.61140916041316,64462
2016-03-16,117.66746520996094,121.12730388255652,115.98697515715442,119.64451588001556,312531
2016-03-17,119.28204345703124,121.78630690280336,118.95254007064617,120.4353279349263,89202
2016-03-18,119.18319702148438,120.36942434175717,118.32647310025992,119.3149983811037,347019
2016-03-21,121.6215591430664,122.04992110107008,117.96401864295704,118.62303297888998,64720
2016-03-22,123.23615264892578,124.5871392487696,119.24910107291684,122.04992529511388,132303
2016-03-23,120.3364715576172,125.1472965045008,119.28204561838088,124.22467192220677,191203
2016-03-28,114.4382781982422,121.75336713908112,113.54861143588116,121.094352767223,296539
2016-03-29,111.76925659179688,114.8336834314683,109.92400740332188,114.47122969518516,389172
2016-03-30,114.4382781982422,115.65746345930688,112.75778815617164,112.75778815617164,66108
2016-03-31,112.62598419189452,115.1302477974018,112.03287051672037,115.1302477974018,90595
2016-04-01,112.75777435302734,114.3394131769817,111.67039813292428,112.72482401556051,64474
2016-04-04,114.33942413330078,115.13024739198124,112.7248348171652,113.28499814962652,112342
2016-04-05,111.76925659179688,114.6689317331578,111.37384497400232,113.9110588372308,128709
2016-04-06,89.4285888671875,110.38532210680616,89.4285888671875,110.38532210680616,8408896
2016-04-07,92.92137145996094,96.64481246422858,73.3485689229317,79.74103256871186,22149738
2016-04-08,96.6448211669922,98.19351736705244,93.58039419169148,95.49154414407676,2942670
2016-04-11,99.08317565917967,106.69482447769842,92.32825826219197,97.13907553166617,6839697
2016-04-12,97.76515197753906,102.01580616848028,96.64481779300668,99.61039364141422,1454305
2016-04-13,92.92137145996094,100.17055898142527,91.27383192674816,99.57743781096762,1245772
2016-04-18,96.71072387695312,98.62186617852169,92.39416155964224,94.17350250424386,1304656
2016-04-20,96.31531524658205,98.19351480891604,95.68925123975384,97.36974121866616,394045
2016-04-21,95.52449035644533,97.20498784835308,94.8984263603666,96.48006529133616,715812
2016-04-22,94.6348114013672,95.6892448448329,93.61333583781038,95.22793257014445,335319
2016-04-25,93.74515533447266,95.75515635085732,93.61334642547628,94.9643330642782,237499
2016-04-26,92.36121368408205,94.83252690237946,91.93285172066388,93.5803913522457,544927
2016-04-27,92.65776824951172,94.04170518259704,91.86695253192693,93.44859150894604,375669
2016-04-28,90.84547424316406,93.6792411662984,90.28531092647648,92.98727649082532,173689
2016-04-29,89.75809478759766,91.6033363711404,88.4400586206251,90.61481113137322,220432
2016-05-02,93.54743957519533,97.17203726758906,88.703664233365,89.82399840580725,644394
2016-05-03,90.64776611328124,94.17350531014124,90.05465244740891,93.58039164426891,213618
2016-05-04,89.62628936767578,92.26236180385844,89.36268664916712,90.9772759255807,207289
2016-05-05,88.47301483154297,91.93285340037426,87.58334054833072,89.49449047764604,263220
2016-05-06,87.81399536132812,88.70366205088044,87.02317214633817,88.70366205088044,245239
2016-05-09,89.3297348022461,90.9113737121618,87.05612368422092,88.9013728500472,777657
2016-05-10,90.38416290283205,91.80105015033024,89.06612667546989,89.06612667546989,174199
2016-05-11,90.05464935302734,91.27383452495236,88.57186146837206,91.27383452495236,109774
2016-05-12,91.7021942138672,95.09613212865564,89.16498024848545,90.58186753655048,728143
2016-05-13,93.54743957519533,94.47006416810102,92.06465166699311,92.16350268583676,412036
2016-05-16,92.36121368408205,94.1735050162672,91.93285172066388,94.1735050162672,98293
2016-05-17,91.50448608398438,93.41563590166174,91.40563506759054,92.92137327784344,98829
2016-05-18,91.89990234375,93.71220123677936,91.07612874840038,91.73515064141988,133621
2016-05-19,90.8125228881836,95.85400022385753,89.3297349928766,92.2623604441626,470436
2016-05-20,91.20792388916016,93.41563425904796,90.38415789184742,92.26235733770072,169602
2016-05-23,89.85694885253906,92.92137569144008,88.44006162187691,92.32826203582204,624687
2016-05-24,90.68071746826172,91.47154072617413,88.4071138000002,91.47154072617413,492159
2016-05-25,91.53742980957033,92.46005431295514,90.81251486653856,92.09759307051498,108579
2016-05-26,91.83399963378906,92.26236159223244,90.0217007808016,90.0876014602776,126460
2016-05-27,91.63628387451172,92.26235537101668,90.68070900284503,92.26235537101668,103851
2016-05-30,89.79104614257812,92.26235926997155,88.96727258616393,92.26235926997155,225370
2016-05-31,91.10907745361328,92.26236197477314,89.46153783433408,90.71366583326844,739008
2016-06-01,89.59333801269531,91.93284982219778,88.80252232428059,90.28531022463862,129963
2016-06-02,87.22087860107422,90.08760347343828,86.79252417490787,90.08760347343828,181069
2016-06-03,86.92432403564453,88.24235271555487,86.59481309474225,88.17645203574429,79641
2016-06-06,87.31974029541016,89.39564198712775,86.72661906190532,86.99022933700189,177729
2016-06-07,83.95874786376953,87.45153667297647,83.10202394589348,87.25382709247081,219831
2016-06-08,86.66071319580078,87.41858609225984,83.29972575496151,84.55186128854842,532285
2016-06-09,86.957275390625,88.80252461425881,86.06760111909803,86.69366512645612,217290
2016-06-10,86.19940185546875,87.51743808306088,86.00169981516216,86.46301211772693,89680
2016-06-13,85.04612731933594,86.0676029740376,84.84842527333548,85.70514168118711,428595
2016-06-14,87.4515380859375,87.6492401277881,84.45301186677328,84.45301186677328,151533
2016-06-15,89.69219207763672,90.5818663564414,87.02317678307216,87.64924079555158,274209
2016-06-16,88.67071533203125,90.94432651156002,87.81399894630758,89.62629028005136,522057
2016-06-17,89.23088073730469,89.69219305199819,88.3082636497673,89.26383862007171,101752
2016-06-20,90.02169036865234,90.94431485830188,86.85841286858123,89.62627879568134,84402
2016-06-21,92.39415740966795,93.05317170675173,88.96726948950455,88.96726948950455,192741
2016-06-22,97.30384826660156,98.45712535107204,92.26237038759052,93.90991015709837,1046065
2016-06-23,96.2494125366211,97.8969521405327,93.11907748478497,97.66629976356178,208531
2016-06-24,91.73514556884766,93.54743681981536,89.29678279994565,92.32825920628888,298507
2016-06-27,95.39268493652344,96.2164584775588,90.61481046547674,90.61481046547674,183022
2016-06-28,95.59039306640624,97.0072803289925,93.6462928156309,95.1620310994058,110809
2016-06-29,100.26941680908205,101.42269380650998,95.72220195830526,95.72220195830526,401566
2016-06-30,104.61892700195312,105.27794133517187,100.89547829592128,101.75220220840018,463735
2016-07-01,111.96695709228516,113.6145042201641,105.4426918847363,105.4426918847363,1190989
2016-07-04,108.37532043457033,114.70188378835832,106.23351815710252,113.35089721645814,441331
2016-07-05,109.89105987548828,110.45122320592648,107.38679628784428,108.80368355511712,172468
2016-07-07,110.8466339111328,114.47123167133095,109.49564733611624,109.89105896073688,873391
2016-07-08,106.8266372680664,111.9340156709626,105.50860096912392,110.87958964854856,153283
2016-07-11,108.83663177490234,110.0887673152508,107.68335479599276,107.7492554757191,180441
2016-07-12,109.16614532470705,110.28647199053184,107.12319403696192,107.12319403696192,104019
2016-07-13,106.7936782836914,109.59450236408696,106.10171361930918,108.86957981868728,61279
2016-07-14,105.31089782714844,108.0458214222055,104.25647181565768,107.05729609370172,81460
2016-07-15,104.65187072753906,106.7277721565534,103.59744484428887,106.46416191481644,282303
2016-07-18,107.25498962402344,107.8481032656482,103.46564031844156,103.46564031844156,112624
2016-07-19,111.47268676757812,113.87809907308775,107.749245900965,107.749245900965,1246891
2016-07-20,112.42827606201172,114.99844792414332,111.37385006096524,111.90106306148849,694887
2016-07-21,109.1002426147461,113.77925877679571,108.80368201255412,113.51565605649122,123624
2016-07-22,110.51712799072266,111.6704049562271,109.1002407675276,110.22056739355187,92026
2016-07-25,107.22203826904295,111.3738412629204,106.53006607549734,111.3738412629204,154744
2016-07-26,107.51859283447266,108.90252969925844,106.56302546076849,108.0787636816722,75319
2016-07-27,105.6404037475586,108.7377809513774,104.94843152548565,107.51859574869378,108520
2016-07-28,105.6404037475586,108.0787666110764,104.91548118556308,106.13466638824669,88633
2016-07-29,104.38826751708984,106.13466568887628,103.72925318113144,105.64040305144512,83499
2016-08-01,104.3553237915039,107.09024741149418,104.1246713989468,104.88253680205568,106957
2016-08-02,100.53301239013672,105.40973784023237,99.93989876336268,104.78367387540696,136285
2016-08-03,101.85105895996094,102.97138565204706,97.1061343765319,100.50007233606313,253029
2016-08-04,102.47711181640624,104.94842486295823,101.81809751794202,104.12465887534016,111420
2016-08-05,102.41121673583984,103.92695498441206,100.53301720947772,102.54301809436367,92313
2016-08-08,103.99285125732422,105.37678808873288,102.80662399717336,102.80662399717336,110605
2016-08-09,102.9384307861328,106.76073055801156,102.18056542486164,104.38826837057478,241153
2016-08-10,105.5415496826172,108.34237394646397,102.80663364327305,104.3882726524919,242430
2016-08-11,102.64187622070312,106.0687643207651,102.0487550261574,105.9369554209498,133546
2016-08-12,101.88400268554688,106.10171399047891,101.06022911976072,103.46564159670294,134602
2016-08-16,100.00580596923828,103.89400644797016,99.21499026252044,102.14761579167076,79941
2016-08-17,99.34679412841795,102.08171014346424,99.1820424232494,100.43417046622972,80865
2016-08-18,99.44564056396484,100.96137880714156,99.05022894795152,100.10465489608757,202500
2016-08-19,99.11612701416016,100.56596454009008,98.85252430499966,100.56596454009008,115264
2016-08-22,97.66629791259766,99.7751497723336,96.7436733385009,99.37973816317084,108937
2016-08-23,97.73220825195312,99.08318736585947,96.8754842710492,97.53449865690229,87205
2016-08-24,101.12613677978516,101.75220076455167,97.6992487203459,98.16056100960787,127725
2016-08-25,101.52154541015624,102.08170874188798,100.8295807160993,101.48859506957494,64122
2016-08-26,102.08171081542967,102.31237074603364,100.82958276420707,102.31237074603364,76831
2016-08-29,102.64187622070312,104.7836784550484,102.18056392597272,103.26794021289108,159661
2016-08-30,102.87252807617188,104.78367792439802,100.82957687064716,104.12466359605595,611205
2016-08-31,104.88253021240234,106.101715407725,102.80662864241572,103.59745187948174,452481
2016-09-01,104.02581024169922,106.23352079617054,103.59745580904396,105.44269752910776,195786
2016-09-02,104.65187072753906,105.40973603156628,104.02579923160712,104.02579923160712,85183
2016-09-06,107.74925231933594,111.24204103546025,105.4426908872353,108.73777756997204,652152
2016-09-07,108.57302856445312,110.5830294544039,107.74925498790468,108.63892924388112,197323
2016-09-08,113.5156478881836,114.27351319637434,106.89252443122491,108.07875921278487,786793
2016-09-09,113.18614196777344,115.9869660442445,112.06581535392468,114.27351824250012,315097
2016-09-12,107.8810577392578,111.40679692710938,106.99138347179772,110.64893156205596,106062
2016-09-14,108.14466857910156,110.05581848477364,106.1017173121692,106.76073166032012,176637
2016-09-15,110.71482849121094,112.03286467767508,106.82662815171352,108.07876366013184,144006
2016-09-16,110.78073120117188,112.65893072732426,109.1002412546325,110.12171686677692,176446
2016-09-19,111.67041015625,113.64746078452016,110.1217215030183,111.37384954526962,590691
2016-09-20,110.15467071533205,111.96696207811029,108.14466976664283,111.96696207811029,117327
2016-09-21,110.8466339111328,111.99991844476378,109.16614393380692,111.01139315413693,907935
2016-09-22,114.24057006835938,114.66893202691338,111.37384525931668,111.70335619863114,461782
2016-09-23,114.5041732788086,117.7004012885428,111.7362996594077,114.04286100890845,717952
2016-09-26,115.39385223388672,115.9869734597027,113.35090091030852,114.27352554841153,183672
2016-09-27,112.36237335205078,116.97549645069536,110.78073437902243,115.98697114982146,555894
2016-09-28,113.21908569335938,115.32793744138291,112.5600714075642,112.95547545393204,519049
2016-09-29,110.78073120117188,116.21762020001604,107.12319070959826,113.97696693796352,964656
2016-09-30,112.32941436767578,113.35088993051914,107.84810051800996,108.73777472870552,106561
2016-10-03,115.591552734375,115.88810578211594,112.42826743219476,112.42826743219476,161082
2016-10-04,114.27351379394533,116.28351456954096,113.35088925074584,115.32793968850216,147006
2016-10-05,113.5486068725586,114.96549412568352,112.7248332844547,114.43827359916546,52726
2016-10-06,116.1846694946289,116.4482797526666,112.09876705891408,112.72483105171088,591130
2016-10-07,114.30647277832033,115.98697030264114,112.98844408134846,115.92106208012802,80182
2016-10-10,112.62598419189452,115.32794984184332,112.03287051672037,114.2076231729755,44938
2016-10-13,109.39679718017578,113.18614667148238,108.07876847682093,110.78073410636291,1124299
2016-10-14,110.05581665039062,111.11024260659696,108.73778043420802,109.46269545090638,1481266
2016-10-17,107.09024047851562,112.03286684611096,106.29941724296064,112.03286684611096,57066
2016-10-18,108.83663177490234,109.23204339510971,107.09024113660638,108.17761743578964,294741
2016-10-19,108.8695831298828,111.0113929502061,108.6718810888604,109.10024305292504,1627389
2016-10-20,109.72630310058594,113.64745377423766,108.90252954233752,113.35089318155046,312522
2016-10-21,108.90253448486328,110.45122311285192,108.14466911203242,110.45122311285192,68716
2016-10-24,108.63893127441406,109.3967966438502,107.88105836312846,109.26499528253078,119769
2016-10-25,110.15467071533205,110.87958575207342,108.14466976664283,108.8695848033842,77692
2016-10-26,106.727783203125,109.5286074304211,106.43122259320732,108.8366351878964,68476
2016-10-27,106.1346664428711,108.01285844497296,104.84958055968094,106.76073044357172,119767
2016-10-28,106.20056915283205,107.02433520891664,104.1905682107004,105.73925684301088,36081
2016-11-01,110.0887680053711,110.9784347291031,106.46417026290602,107.88105751145244,61983
2016-11-02,105.83810424804688,108.47416911276778,105.50859331176328,107.45269350632284,47571
2016-11-03,106.33236694335938,107.32089221093553,103.59745105871836,105.4756430336336,67923
2016-11-04,103.5974578857422,106.62893456716864,102.6089325530227,105.4426996427954,127938
2016-11-07,105.27793884277344,106.66187569743325,104.5200659669422,104.84957689667525,64218
2016-11-08,103.2679443359375,106.3653216229001,101.42269508334294,106.2335202596718,92239
2016-11-09,103.20204162597656,106.1017168111061,85.73808983488041,98.52301790483818,280489
2016-11-10,106.62893676757812,109.3968032312009,102.80663672435864,102.80663672435864,273465
2016-11-11,105.11319732666016,106.6289356832384,102.51007505922917,105.37680006249124,53758
2016-11-15,99.84104919433594,103.20203651716854,94.8654726580682,103.1690861786402,98482
2016-11-16,100.6977767944336,102.87252938492423,98.85252760138133,100.8625284931528,97129
2016-11-17,98.9843292236328,101.45564242024048,96.90842764685225,100.82957842159304,103180
2016-11-18,98.85252380371094,100.56596403011235,96.90842366611469,99.2479354072956,125464
2016-11-21,95.06317138671876,99.84104572583192,94.2394054102794,99.5115348101469,225108
2016-11-22,94.7007293701172,96.4471200926578,93.71220404283768,96.28236838539446,48207
2016-11-23,92.95433044433594,95.82105538141909,92.46006778421298,95.6562961334783,97260
2016-11-24,91.866943359375,94.5030080578729,91.27382974494408,94.23940535894752,71637
2016-11-25,90.7136688232422,92.92137937685608,89.95580343929684,92.92137937685608,81391
2016-11-28,91.14202880859376,93.58039169572018,90.94432676714408,93.58039169572018,46015
2016-11-29,92.7895736694336,96.61186583489462,91.4056367883196,91.4056367883196,282018
2016-11-30,96.54597473144533,97.46859941036016,93.58039863858336,94.17351234878574,107979
2016-12-01,94.40416717529295,98.06170780827652,94.00875554262862,97.40269344840236,69135
2016-12-02,93.94285583496094,95.85400579444814,92.92138017273152,94.30531713048256,67282
2016-12-05,95.09612274169922,99.74219578099422,92.92137028371356,98.45710998373524,414672
2016-12-06,96.8095703125,98.12759890348326,94.89842055954053,95.52448451735,116668
2016-12-07,99.2149887084961,100.82957797869446,96.11760398499705,96.87547688149075,722677
2016-12-08,99.41268920898438,100.73072540161576,98.85252590112457,100.17056209375596,135810
2016-12-09,99.11612701416016,100.10465225721016,98.88547464364471,99.51153861974996,58797
2016-12-12,101.02728271484376,102.14761691966056,98.85253007004262,98.85253007004262,94488
2016-12-13,101.09318542480467,102.14761896964936,100.17056832857132,101.12614330788236,58206
2016-12-14,100.23646545410156,101.81810440246906,99.67630213125366,101.45564311997356,71068
2016-12-15,102.08171081542967,102.64188170038943,97.33679379869446,97.33679379869446,58792
2016-12-16,103.72925567626952,105.04728437989068,100.50006951451373,100.50006951451373,76356
2016-12-19,103.86105346679688,104.71777737398516,100.82957699412212,101.7192512406754,37713
2016-12-20,104.42121124267578,105.44268679254247,102.4112104805607,103.16908332948056,208966
2016-12-21,103.9269561767578,105.44269444271998,102.80662953275304,105.44269444271998,46333
2016-12-22,102.2464599609375,106.10170984113354,101.6862966731751,105.44268799753746,66763
2016-12-23,102.1476058959961,103.33383311208038,101.6533432989862,102.7077691670275,44410
2016-12-26,102.1805648803711,103.39974253664302,99.61039312493143,101.1920396026941,43854
2016-12-27,101.45564270019533,104.45416888423009,100.89547937966512,101.6533522815791,49465
2016-12-28,101.98285675048828,103.33384332702518,101.25794172274252,101.98285675048828,40627
2016-12-29,104.75072479248048,104.78367513092668,102.24646136132372,102.97137634898928,238036
2016-12-30,104.19055938720705,107.41973774063906,103.79514779201054,107.41973774063906,59796
2017-01-02,105.04727935791016,105.7722018979101,104.38826503760498,104.84957732437336,18093
2017-01-03,105.11319732666016,105.73926136610882,104.25647335150946,105.01433875887363,22405
2017-01-04,107.97990417480467,108.70482671078771,105.31088902760136,105.31088902760136,1226433
2017-01-05,105.31089782714844,111.9669648528775,104.81663516289656,108.73778613541828,156633
2017-01-06,102.1476058959961,107.88104749620176,101.55448474610525,106.62891960609596,66154
2017-01-09,102.01580810546876,104.98138401018412,101.4885951140871,104.98138401018412,516150
2017-01-10,101.75220489501952,103.6633548078493,101.42269394878524,102.80663087274984,79608
2017-01-11,101.75220489501952,104.75073112601812,101.55449531053917,102.80663087274984,131293
2017-01-12,105.04727935791016,105.44269096683291,102.1476118234579,102.1805621623807,95259
2017-01-13,105.67335510253906,106.36531978940936,103.63040384031778,105.4097448387769,69007
2017-01-16,106.26646423339844,107.7492521064226,104.35531441369852,106.2005635557328,79444
2017-01-17,109.82515716552734,111.17614372683111,105.77220502346536,105.80515536336183,130600
2017-01-18,111.1761474609375,111.7033604588382,107.41974825177654,109.19909683334744,190311
2017-01-19,111.34089660644533,113.3508975288326,109.33089568405802,111.80220891173497,77058
2017-01-20,107.35384368896484,112.69188169885965,106.79368037031064,112.69188169885965,96640
2017-01-23,109.5945053100586,110.05581761266352,105.60745382873348,108.73778138495668,113335
2017-01-24,113.68041229248048,115.32795198566797,110.7807370023387,115.06434925484582,835659
2017-01-25,115.39385223388672,115.9869734597027,110.71483590276404,113.28500022785111,154449
2017-01-27,121.55564880371094,123.56564953332985,117.3049874430249,117.3049874430249,570457
2017-01-30,123.20320129394533,128.3105870419015,122.24762633385444,122.9066482288582,773629
2017-01-31,120.76483917236328,123.66451441215756,117.4368095024206,123.66451441215756,380307
2017-02-01,126.63008880615234,127.4538548085202,118.623028358476,120.53417815427576,694065
2017-02-02,127.92053985595705,129.7073274282902,124.74402945774033,127.7220112694223,240247
2017-02-03,127.62273406982422,128.5823115847848,125.07491278219314,127.72200593232346,160893
2017-02-06,127.6889190673828,129.07864950440316,126.76243715828946,127.62274287007334,117067
2017-02-07,125.57125091552734,128.31760098073602,124.64476900307274,125.8028676069508,115735
2017-02-08,129.21099853515625,130.5345375936496,126.39846478244267,126.39846478244267,301558
2017-02-09,129.80657958984375,133.0161779731069,127.06022970565434,129.2109938511543,152103
2017-02-10,127.2587661743164,131.1963180735031,126.63008472667968,131.1963180735031,86644
2017-02-13,124.47932434082033,128.8470213932558,123.02342532334184,127.32493860706364,54159
2017-02-14,125.07491302490234,128.38376810891637,122.69253221451396,124.4131435227755,126277
2017-02-15,123.7182846069336,126.39846599416757,122.46092173197314,125.07491934960584,145488
2017-02-16,125.43889617919922,126.39846617251892,122.4278338066113,123.08960334313583,77619
2017-02-17,126.23301696777344,128.9131983345724,125.47198314365356,125.67051173080309,150895
2017-02-20,125.57125091552734,130.36909339829393,125.14109805807482,127.0602380805336,267523
2017-02-21,122.85797882080078,126.19992974121816,121.7991445352662,125.1080073575969,143770
2017-02-22,121.3689956665039,124.4131538039604,121.03811467478724,122.85798284937026,143526
2017-02-23,118.12631225585938,120.97193412248734,116.80276561648772,120.97193412248734,159268
2017-02-27,117.5307159423828,119.11896732537852,115.14833508119924,117.79542071952544,82017
2017-02-28,114.75127410888672,120.40942978660264,113.82479221171522,117.79542458623295,107881
2017-03-01,118.85425567626952,119.78073754849628,114.48656624060057,117.5638047333237,60493
2017-03-02,119.9461898803711,123.48666943529946,119.21823656624731,119.21823656624731,128169
2017-03-03,120.54178619384766,121.43518002254234,117.39836374375082,117.39836374375082,79821
2017-03-06,119.25132751464844,122.09694949535492,118.32484558728444,119.48295178317969,30403
2017-03-07,121.2697296142578,121.73297056933866,116.80276813029413,120.376335802789,154587
2017-03-08,121.07120513916016,121.89842278137294,118.45720738663016,121.07120513916016,285643
2017-03-09,120.17780303955078,122.59327202719862,117.33218121044456,120.80648446627607,64939
2017-03-10,119.4167709350586,121.76605618792564,118.45720094574833,121.1042866541662,29316
2017-03-14,120.93885040283205,123.7513766999204,117.4645469754096,123.05651904378809,115308
2017-03-15,122.59326934814452,123.65210359318932,119.18514236188042,120.60795324534058,193194
2017-03-16,128.2514190673828,131.6926417736374,122.59327112187889,123.75136967414376,758260
2017-03-17,128.5823211669922,131.69264789813417,126.72934976511004,128.9793783530594,186913
2017-03-20,127.72201538085938,129.04555448045664,125.07492203490412,128.251424961994,129378
2017-03-21,127.49038696289062,130.66688978650984,124.5785889212163,128.3837731753347,457857
2017-03-22,124.28079223632812,127.06023797130251,123.18886983093832,127.06023797130251,87550
2017-03-23,123.68519592285156,125.0418306590966,123.15577878221109,124.38006112664104,207313
2017-03-24,123.75137329101562,125.67051328403431,122.56018660663588,122.75871519623908,254086
2017-03-27,125.43889617919922,128.3506942573155,123.18886763760749,126.13375381388096,78012
2017-03-28,126.82861328125,129.376434743073,126.16684373516284,126.39846799899055,194805
2017-03-29,128.21835327148438,129.4426205855971,124.8433063721495,128.01980951811743,134769
2017-03-30,128.48304748535156,128.9793765343172,126.43155509274436,127.72201364940707,187435
2017-03-31,130.3690948486328,132.32133056496508,128.35069808077566,129.70733286577516,388237
2017-04-03,129.2771759033203,131.03086782241348,126.69625881175044,130.2367383214104,112152
2017-04-05,137.31768798828125,138.90594688211408,129.17789523759663,129.67422424857446,1327107
2017-04-06,139.99789428710938,140.95745675994434,136.3912232287346,137.97948232135397,623733
2017-04-07,135.6301727294922,152.8031595828895,133.31397572121898,140.89126328875395,2644998
2017-04-10,138.11183166503906,140.19641978462755,136.32504401207194,136.32504401207194,242280
2017-04-11,138.9059600830078,140.8912763155932,137.64859717483995,138.87286441064302,433104
2017-04-12,140.9243621826172,142.28099701253882,137.64860239209966,142.08246841110767,448590
2017-04-13,140.1964111328125,141.61922203285567,139.63390590691264,140.95744494195466,302787
2017-04-17,139.17066955566406,141.71849113005646,137.01992032920012,141.58613872966745,327021
2017-04-18,139.99789428710938,143.33983025211214,139.0052361409126,141.6192339063293,318786
2017-04-19,138.97213745117188,141.88393562659954,138.04565552504667,141.61923083249548,595422
2017-04-20,137.54931640625,140.22949011750396,137.15225924412343,139.9647853427529,218151
2017-04-21,135.29930114746094,138.80668499888287,134.24046685771464,138.5419802131364,380655
2017-04-24,134.96839904785156,138.17799744670432,134.30663711276011,138.17799744670432,357370
2017-04-25,131.69264221191406,136.88754166574478,131.22939370141037,136.78828494689407,343105
2017-04-26,131.46102905273438,134.67062778609832,130.0382180238597,132.8507444080253,371064
2017-04-27,131.69264221191406,133.11545312069524,129.90585465824,129.90585465824,299274
2017-04-28,130.2036590576172,133.18163335514774,129.77350620485652,132.4205843714877,196279
2017-05-02,128.48304748535156,132.02352702485564,127.72201364940707,131.29557371390325,230925
2017-05-03,139.17066955566406,140.82510485404975,127.4903960335758,129.47571233293408,1435570
2017-05-04,140.32876586914062,142.1486339661122,136.32503787969088,139.70008443830972,421458
2017-05-05,138.80667114257812,141.61921222403538,135.72944044855737,140.95743517897031,286132
2017-05-08,137.91329956054688,140.29567293937984,136.75519339615724,138.97213385633492,95835
2017-05-09,135.49783325195312,139.63391379696478,134.00884607336025,139.63391379696478,477891
2017-05-10,137.3507843017578,139.66698131493226,134.50516260590263,135.10076348057353,527607
2017-05-11,140.32876586914062,143.9354215387033,137.28461543488768,137.88020119457792,635995
2017-05-12,139.20376586914062,142.90967853735597,137.7147786377762,142.54571700799343,267705
2017-05-15,142.97586059570312,143.93542301397477,136.42431114463872,139.63390967397152,239995
2017-05-16,142.21481323242188,142.94276654563302,139.63391125784872,140.49421696495995,319821
2017-05-17,143.6045379638672,144.7295484141398,140.36184385493794,141.8177504235919,574696
2017-05-18,138.74050903320312,143.33982285361958,137.64859421680265,142.9427656743395,118063
2017-05-19,136.490478515625,141.5530405047265,135.69634906581857,140.36183875663716,598087
2017-05-22,133.4132537841797,138.40964037555435,131.65956169938937,137.9794874863165,189774
2017-05-23,130.79925537109375,135.6632895371432,127.62275222706332,135.6632895371432,146355
2017-05-24,129.70733642578125,133.2147204714747,128.68158260405727,130.799251300846,136933
2017-05-25,132.05662536621094,134.17429399837278,130.43527064628748,132.35441068420178,146388
2017-05-26,132.28823852539062,134.93533196979934,131.49410897739187,132.32133419882285,205536
2017-05-29,132.3874969482422,134.90222259018506,131.36174323071933,132.35440127817253,89008
2017-05-30,128.9793701171875,133.71103610944166,127.72200729483517,133.71103610944166,214659
2017-05-31,125.96831512451172,131.03086994876523,124.81020895230697,130.33601230414664,246142
2017-06-01,124.08226013183594,127.65583528233692,123.18886634421068,126.4646410410432,95049
2017-06-02,125.90213775634766,128.0528944408423,124.54550300497738,124.54550300497738,133117
2017-06-05,127.06023406982422,128.7146692498618,125.96831169796268,125.96831169796268,837654
2017-06-06,124.1484375,128.1852460579648,122.49400987374332,127.2256836390373,143446
2017-06-07,123.1888656616211,126.19992798591068,122.13003139081378,124.2476999324284,182586
2017-06-08,123.25504302978516,125.67051204640406,122.03076825919511,123.2219549318438,201160
2017-06-09,122.46092224121094,124.214614168502,122.06385748885326,124.214614168502,398989
2017-06-12,125.60433959960938,127.324943464057,123.0896062141057,123.0896062141057,244569
2017-06-13,127.22567749023438,128.11906366974,125.76977094969524,126.66316470258069,129036
2017-06-14,126.16683959960938,128.84702094150185,125.40580578256169,126.43155195339558,80127
2017-06-15,126.10066986083984,128.61540327035232,123.5197602528376,125.83595749350042,119037
2017-06-16,127.92053985595705,129.31025510846047,126.46464083456188,128.1521641136277,373108
2017-06-19,128.91319274902344,129.80657892586763,127.62273426832428,129.3102499061187,90343
2017-06-20,131.8249969482422,135.6632769031996,130.2698336221357,131.03086744949923,571455
2017-06-21,131.19631958007812,131.82500103493422,128.54922621779275,131.82500103493422,99226
2017-06-22,126.76243591308594,131.65955019968564,126.13375447144118,131.5933740030262,142231
2017-06-23,121.86531829833984,128.11906716580833,121.1042844841601,128.11906716580833,251733
2017-06-27,120.93885040283205,123.48667190649113,119.11897465448394,121.89842042577408,89943
2017-06-28,121.53443908691406,123.9829961988596,118.29175247846396,120.93884575122571,184050
2017-06-29,123.51976013183594,124.4131539573332,120.4425214647947,123.32122396318074,547399
2017-06-30,122.16311645507812,125.10800251099198,120.57486508830412,125.10800251099198,72972
2017-07-03,122.92415618896484,124.11534280481403,121.46825722882704,121.46825722882704,45739
2017-07-04,124.61167907714844,128.0528943129306,122.29547432997384,123.0896038356852,106911
2017-07-05,125.73668670654295,126.39846380404724,123.18886532927772,124.08225910954243,93997
2017-07-06,123.91681671142578,127.32493614549536,123.7513686529104,126.398461855357,143739
2017-07-07,125.73668670654295,126.19992764544394,122.56018390269072,124.41314765829456,193969
2017-07-10,124.71094512939452,125.73669133758764,123.08960557021516,125.27345038162493,6234
2017-07-11,125.37271881103516,127.06023452142072,123.58593123372565,125.60433549597076,62076
2017-07-12,126.82861328125,128.38377663725208,125.07492133343588,128.38377663725208,186934
2017-07-13,128.2514190673828,131.03086468087457,127.2587610016186,128.2514190673828,147816
2017-07-14,126.36537170410156,129.1778977725825,124.4131437177196,128.7477449448431,262798
2017-07-17,124.74403381347656,127.06023860415831,124.41315282436516,125.76978002648268,25903
2017-07-18,123.75137329101562,125.6374251857671,122.72562709797188,124.41315040312014,36601
2017-07-19,125.53816223144533,129.70733081805275,124.44623983020776,125.5050741328248,56841
2017-07-20,123.81755065917967,127.72201445207789,123.4535815747964,125.27344971685382,134136
2017-07-21,124.44623565673828,126.9609689344639,123.94990662069532,125.30653376540069,86220
2017-07-24,122.29547119140624,125.40580536446916,121.53443737689578,125.40580536446916,443590
2017-07-25,122.4278335571289,123.9829968874896,121.76605644857273,122.99033879803552,113100
2017-07-26,120.40943145751952,123.65211056923808,119.58221384355566,121.96459481600256,130105
2017-07-27,121.73296356201172,123.98299201051157,120.17780029282471,120.17780029282471,180423
2017-07-28,121.96459197998048,124.54550148454268,121.104286287333,123.55284340022028,787194
2017-07-31,122.79180908203124,124.4131562670638,120.83958089873134,120.83958089873134,110133
2017-08-01,119.08588409423828,122.95725220517816,118.49029074795068,122.95725220517816,129972
2017-08-02,122.69254302978516,123.0896077954142,119.11897528588472,119.11897528588472,59148
2017-08-03,118.88734436035156,123.61901803685186,118.32483912944777,123.61901803685186,68854
2017-08-04,118.6888198852539,119.78074228737076,117.92778604298894,118.4572031947238,33537
2017-08-07,124.01608276367188,125.53815796867283,119.1189686003192,119.1189686003192,147477
2017-08-08,120.27706909179688,125.04183094171044,119.44985906770285,124.0160847560649,65889
2017-08-09,119.58220672607422,122.06385184687906,117.96086726671636,120.4425123875212,63384
2017-08-10,117.79542541503906,128.91320068594132,115.81010921381154,127.72201399455692,1015063
2017-08-11,116.73658752441406,118.2255746295045,113.56008472957316,115.81010564924046,429586
2017-08-14,124.61167907714844,125.33962481290033,118.35793004646716,118.72190670103323,653971
2017-08-16,126.23301696777344,127.06023456098993,124.08226031346672,124.41314886542936,478782
2017-08-17,125.73668670654295,127.68891475475844,125.63742241393136,127.19258571832027,502753
2017-08-18,125.70360565185548,127.02715234763886,124.21461845911683,125.07492419004508,139963
2017-08-21,121.5675277709961,126.36537772430349,121.07119872663256,125.10800727767182,211965
2017-08-22,123.15577697753906,123.68519411042168,121.76605416370464,123.15577697753906,41775
2017-08-23,121.30281066894533,124.21460862511503,120.01235974809777,123.7513676969344,87231
2017-08-24,122.0969467163086,124.74403246754082,121.10428861292397,121.10428861292397,659868
2017-08-28,123.15577697753906,124.77711647365584,122.4609193573119,122.4609193573119,37303
2017-08-29,123.75137329101562,124.41315040312014,121.43517611879052,122.42783421356708,59502
2017-08-30,126.56391143798828,131.69265015302318,123.75137754823947,123.75137754823947,2858364
2017-08-31,129.34335327148438,131.0308690096812,127.9205423204336,129.17790520613784,752176
2017-09-01,127.55657196044922,130.5014507296986,126.86171428651498,130.5014507296986,152374
2017-09-04,125.63742065429688,128.979371472409,123.321215992232,127.55656057809632,123889
2017-09-05,125.0087432861328,127.82126949541532,124.41314994613064,125.8690489846805,119314
2017-09-06,124.0491714477539,126.06757569813388,123.8506352884532,124.4131480953218,72961
2017-09-07,122.49400329589844,125.17417696678396,121.8653143185741,124.11534273696796,97005
2017-09-08,124.01608276367188,124.87638844535331,122.295471400309,122.42783136367696,76885
2017-09-11,129.93894958496094,133.2809008074857,125.04184246501744,125.04184246501744,1031890
2017-09-12,132.3213348388672,134.60445162037163,130.00512238377044,130.8323476092027,807540
2017-09-13,131.03086853027344,134.53826753416797,129.50878571623153,132.3544076079217,374328
2017-09-14,131.62646484375,132.9500038751221,128.64849066309284,131.2293925316064,163576
2017-09-15,130.9315948486328,135.59709994757617,128.38377345006077,131.0308667154547,626491
2017-09-18,131.36175537109375,133.61179159422514,130.36909723189967,131.16322677260715,247977
2017-09-19,127.78819274902344,132.15588242043435,126.89479892591469,132.15588242043435,295209
2017-09-20,129.74041748046875,130.76617130636734,128.01980597728988,128.64850260096011,101920
2017-09-21,129.24205017089844,131.06937478781362,127.24859199937298,128.6772401908039,217041
2017-09-22,127.6805191040039,128.87658644182252,126.58411517252436,128.87658644182252,133254
2017-09-25,124.29164123535156,126.9163567552211,118.11194744858234,126.9163567552211,206578
2017-09-26,123.72683715820312,124.98935947413274,121.96595977541942,123.79328450045033,338208
2017-09-27,120.8363265991211,125.5541637262926,119.73993029353112,124.65710943829696,668757
2017-09-28,122.96268463134766,123.59394198460896,120.60376596885229,122.0988539767306,72208
2017-09-29,124.72355651855467,124.9229061401457,122.29819062080615,122.92945555069876,56371
2017-10-03,121.7998275756836,126.25186771787016,121.0356755745767,124.39131941703003,749694
2017-10-04,124.32486724853516,126.251870535637,122.33141662110717,122.43109523600708,716628
2017-10-05,129.60752868652344,130.57102277494425,124.3913285556044,124.3913285556044,209544
2017-10-06,132.13255310058594,135.88688110799785,126.98280811521134,130.5045704285015,577642
2017-10-09,128.1788787841797,132.59769526445325,127.61406879864252,130.57101340424043,194617
2017-10-10,125.35482025146484,128.9098063037679,124.9561361967254,128.17888553674558,188968
2017-10-11,123.72683715820312,127.58084384382832,122.99590878907291,127.08248117256338,81768
2017-10-12,124.72355651855467,126.18542079110982,123.59393654571087,124.39131982325388,63462
2017-10-13,125.48771667480467,128.8433529384663,124.59066238475236,126.1189740030446,158823
2017-10-16,124.88968658447266,127.28182128707734,124.15875062191286,125.65383861324617,74718
2017-10-17,122.99590301513672,126.118973580611,122.7301060542146,125.1886956239994,95301
2017-10-18,123.0623550415039,125.85318141322612,122.59721604548174,123.76005973333176,173677
2017-10-19,124.39131927490234,125.255142283287,123.59393600087444,123.59393600087444,46179
2017-10-23,124.29164123535156,124.88968249583482,121.4011439635982,123.59393657066845,195426
2017-10-24,127.91307830810548,128.84335629204662,122.19852332670928,124.02585562405164,705045
2017-10-25,139.3422088623047,140.47182891312133,130.90325933977,131.23551126682577,2422479
2017-10-26,141.63467407226562,145.05676535192478,138.54481949637193,140.03990747654862,3604968
2017-10-27,144.85740661621094,146.11993649504862,139.5747746415145,141.7675672812328,1102969
2017-10-30,142.99685668945312,148.1798406852181,142.39883060374154,145.85413805876297,648744
2017-10-31,141.50177001953125,142.86396337439842,134.35858173654566,142.5317266569267,1933369
2017-11-01,143.9935760498047,145.52189528956512,135.2224054870797,141.5349940487551,1816917
2017-11-02,155.1569061279297,157.41614602769727,142.03335161120555,143.52843952290246,2087001
2017-11-03,154.09373474121094,157.3496999413367,151.6683688734709,156.1536326442314,800479
2017-11-06,152.83120727539062,153.82793257329277,147.9140281251519,152.1667338826699,371359
2017-11-07,158.41287231445312,159.77506555943555,144.857402411584,153.49569324841792,1004439
2017-11-08,154.75820922851562,161.8017335937807,151.13677603781443,159.54249365991592,403942
2017-11-09,148.81109619140625,156.15364155170525,146.5186248693728,154.2598542818421,433576
2017-11-10,145.4554443359375,149.34266686562887,143.4952098298658,148.7446408196568,276393
2017-11-13,137.78067016601562,143.52844890200743,137.04973419462516,142.1994868521517,5077209
2017-11-14,139.1760711669922,141.3356476755259,137.548088571644,137.94677259991755,340158
2017-11-15,133.8269805908203,140.73761040475992,133.295401871421,140.73761040475992,229731
2017-11-16,134.98983764648438,136.21913630108844,131.96643031926226,134.8901590279082,210220
2017-11-17,139.64122009277344,142.199480672645,135.5546402944848,136.38523963844693,1900803
2017-11-20,137.94677734375,141.73433657788175,137.2823039404436,139.27575456800542,321915
2017-11-21,142.03335571289062,144.12648493324065,139.47509511514127,139.47509511514127,417319
2017-11-22,151.56869506835938,154.29308164897864,142.86395660373955,142.86395660373955,669622
2017-11-23,156.78489685058594,162.13399146228562,154.29308353512468,154.4924255585973,2086410
2017-11-24,158.41287231445312,163.59584073302514,156.8845531197248,156.8845531197248,1269811
2017-11-27,164.3267822265625,165.45640222192154,158.1138570432665,158.41287767940776,765753
2017-11-28,166.22055053710938,168.14755378296803,164.12743654840114,165.4563985353026,756061
2017-11-29,167.91497802734375,178.71284534217253,166.58601605995193,167.71563601355808,1260381
2017-11-30,167.31695556640625,169.37685350391274,162.86490778581984,166.12088824927685,495823
2017-12-01,162.0010986328125,172.00156807520307,159.47605401348224,169.4100761139553,385240
2017-12-04,165.9879913330078,168.7455939009314,160.5060022619776,161.46949627398163,312559
2017-12-05,165.05772399902344,166.120896691482,162.133995292557,166.120896691482,196333
2017-12-06,160.7718048095703,164.65902765905102,159.47605879013602,164.65902765905102,186642
2017-12-07,165.7554168701172,166.78535821328185,160.73855920379972,160.80500654178385,320091
2017-12-08,165.35671997070312,167.44984916884204,163.13071130353845,164.4929045646992,295225
2017-12-11,163.49618530273438,167.1508347047883,161.63562932660946,164.32678467432453,185668
2017-12-12,160.2734375,163.46295554198164,158.1470921386789,163.06427149004207,199180
2017-12-13,156.5523223876953,161.4362703661442,153.52893036546163,159.27670898135483,137143
2017-12-14,154.3262939453125,159.3763677323099,150.97065010896446,157.549043104216,185983
2017-12-15,158.11386108398438,159.44282313445973,156.8181151001395,157.44937245433584,327628
2017-12-18,160.14053344726562,165.3235018633676,150.8377540247023,158.14708288654788,251358
2017-12-19,158.5457763671875,162.6988036858808,157.91451901316933,161.4362737690227,163839
2017-12-20,158.7451171875,162.39978180854095,157.94773387996833,158.47932782126333,158130
2017-12-21,169.64263916015625,170.77225911328983,158.1470824062973,158.1470824062973,892602
2017-12-22,168.8452606201172,172.76571450122282,165.72219002494884,170.77226389079016,611040
2017-12-26,168.81204223632812,170.10778815707891,166.08765571713224,167.9814428963283,226972
2017-12-27,165.290283203125,169.44331059114268,163.961321130841,169.44331059114268,169003
2017-12-28,162.16720581054688,167.44985302512768,160.8714598584691,164.92480846142578,238309
2017-12-29,162.56590270996094,167.4498506023339,161.6023934740921,162.8316920679298,267372
2018-01-01,163.42971801757812,166.65246721173858,160.8382413614168,162.7984606884001,305427
2018-01-02,161.7020721435547,165.48963133120284,160.17375291706395,164.42644348131816,176034
2018-01-03,166.7189178466797,167.4498538038903,162.56590581813876,164.1274411392933,495934
2018-01-04,166.22055053710938,167.98144304011848,162.93135403048674,167.98144304011848,176488
2018-01-05,167.38340759277344,168.41334898595622,164.12744224696505,166.25378758336325,336435
2018-01-08,165.92153930664062,168.7788206678339,164.95804523354244,166.2537912288029,518890
2018-01-09,162.43299865722656,167.11761990822936,161.46950459556732,166.12089457121968,108576
2018-01-10,162.56590270996094,164.12743800125972,160.50600476806,162.20043473834318,111040
2018-01-11,162.2668914794922,164.1274475107161,161.43627687448242,162.1339967928079,180766
2018-01-12,160.5392303466797,163.99455304031602,159.01092623897287,163.96132176419013,133296
2018-01-15,159.34315490722656,162.79846221750307,158.14708757708553,160.14053819692768,383059
2018-01-16,156.818115234375,161.43627395277227,156.1536418129794,159.14381783572483,245346
2018-01-17,151.33612060546875,158.0474083903235,150.50552125314894,156.8181097901861,972502
2018-01-18,152.93089294433594,158.3796510601354,151.50225227084294,153.4957029586172,785304
2018-01-19,151.36935424804688,153.4956995736046,149.50879828597851,152.83121095605978,132058
2018-01-22,153.82794189453125,155.32302993197968,150.87099709569463,150.87099709569463,1055100
2018-01-23,153.89437866210938,156.38619188661775,152.83120603357386,155.88782924171608,71181
2018-01-24,158.84478759765625,162.0010893895247,151.17000597792136,153.69503524435947,335737
2018-01-25,155.9210662841797,161.13726621615575,154.22663627058853,161.13726621615575,62616
2018-01-29,152.199951171875,159.47604894683874,148.24628122251784,158.14708694188883,242172
2018-01-30,148.4788360595703,154.69176105290697,146.18638007316216,149.64168729397826,308814
2018-01-31,150.83775329589844,152.79798778250404,147.64823545592503,148.74463934255058,366328
2018-02-01,152.83120727539062,155.45591519869018,150.23973062613766,154.1601844784742,751219
2018-02-02,148.11338806152344,152.0338419855847,146.18638476973666,151.50224805286152,259269
2018-02-05,145.38900756835938,145.85413897126725,139.47510276417012,144.99030829990207,245979
2018-02-06,140.97018432617188,145.3557696160153,136.98328307765195,138.21258168496462,228190
2018-02-07,149.8078155517578,154.16018472060955,143.12975908708853,143.99357449898224,277624
2018-02-08,158.37965393066406,160.1405465565823,149.50880429281895,149.50880429281895,314712
2018-02-09,162.93136596679688,164.127448572336,151.50225554098026,151.50225554098026,654462
2018-02-12,163.9945526123047,166.78537144671543,160.47278258443006,164.6590260448682,565522
2018-02-14,158.21353149414062,162.76524263038058,157.34970088305553,161.73528606829575,123412
2018-02-15,152.36607360839844,160.140533856846,151.56869034030777,160.140533856846,189573
2018-02-16,147.6482391357422,154.75821091730694,146.2528297987327,153.26312296673058,194517
2018-02-19,145.9538116455078,149.8410342994925,143.56167696748977,146.85085834755924,118368
2018-02-20,147.947265625,150.17328960634092,145.18966290711305,145.18966290711305,70131
2018-02-21,146.58506774902344,149.2762230413024,145.52189510011297,149.2762230413024,73950
2018-02-22,145.9205780029297,147.38244988930188,144.85740536230497,146.1863825697017,44800
2018-02-23,147.3824462890625,149.209770893569,145.85412710053615,145.85412710053615,166204
2018-02-26,148.04693603515625,149.54202396204062,147.51534211925872,149.44234535005333,107190
2018-02-27,147.41566467285156,149.47556259670242,146.38572331533663,149.30945185383803,136171
2018-02-28,145.5218963623047,149.375902951341,143.96036104539772,146.58506902043663,119710
2018-03-01,149.7413787841797,156.55233040845764,147.8475914561963,150.17329412503048,1571563
2018-03-05,147.8808135986328,149.50879624096945,147.1166615846424,148.57851827265975,229318
2018-03-06,149.7413787841797,152.13351358825932,147.8808227326412,149.37591078739655,219274
2018-03-07,151.20323181152344,154.0272970952182,149.97393316353447,152.83121451402795,1424784
2018-03-08,151.6019287109375,152.8312121309365,147.51534877617695,151.90093414275088,1168578
2018-03-09,150.30618286132812,155.28980951317044,149.84103626245135,153.1634641695606,891948
2018-03-12,150.63841247558594,152.0338369976901,148.61174584396872,151.70158509733056,126865
2018-03-13,152.86444091796875,154.0937395267809,150.6384169958109,152.83120964340728,907062
2018-03-14,149.70814514160156,153.13023653787693,147.5153524043819,151.20323317272707,264175
2018-03-15,151.43580627441406,154.45919839970423,148.97720895960305,150.77131763630965,883939
2018-03-16,150.2064971923828,153.26312038141245,149.30945052069728,153.0305623017145,240207
2018-03-19,152.7647705078125,154.75822124156846,150.23974102309342,154.75822124156846,559015
2018-03-20,154.4259796142578,155.62204697473362,149.67492623882308,152.59865490266483,359905
2018-03-21,163.89486694335938,174.8920614718915,156.851342399397,159.47605036718068,3454054
2018-03-22,162.83169555664062,167.21728089237368,161.70207555224945,166.65247089017808,501411
2018-03-23,159.04412841796875,159.4760437169569,156.15363120912718,159.4760437169569,192558
2018-03-26,162.3333282470703,163.6955215100724,159.14381034797373,159.14381034797373,289210
2018-03-27,163.3000030517578,166.6666717529297,161.6666717529297,164.6666717529297,210037
2018-03-28,165.63333129882812,166.60000610351562,160.6999969482422,162.6666717529297,1453876
2018-04-02,170.76666259765625,176.3333282470703,166.6666717529297,166.6666717529297,627849
2018-04-03,175.63333129882812,188.0,165.43333435058594,169.3333282470703,1749916
2018-04-04,173.3333282470703,179.3333282470703,170.6666717529297,176.0,599599
2018-04-05,174.76666259765625,176.63333129882812,173.3333282470703,176.0,521010
2018-04-06,174.5,176.86666870117188,173.39999389648438,175.96665954589844,273586
2018-04-09,174.3333282470703,176.89999389648438,173.43333435058594,174.0,336699
2018-04-10,173.60000610351562,176.73333740234375,172.26666259765625,174.73333740234375,411663
2018-04-11,179.8333282470703,181.3999938964844,171.53334045410156,173.43333435058594,888450
2018-04-12,177.1999969482422,180.46665954589844,174.46665954589844,180.03334045410156,1064088
2018-04-13,176.93333435058594,179.3333282470703,176.06666564941406,178.0,672261
2018-04-16,176.46665954589844,176.6999969482422,174.0,174.06666564941406,998728
2018-04-17,176.36666870117188,179.3333282470703,175.36666870117188,177.3333282470703,586923
2018-04-18,178.03334045410156,179.39999389648438,176.13333129882812,177.76666259765625,696600
2018-04-19,182.1666717529297,183.13333129882807,176.8000030517578,179.23333740234375,533467
2018-04-20,177.93333435058594,182.76666259765625,177.3333282470703,181.6666717529297,217987
2018-04-23,176.93333435058594,178.96665954589844,175.6666717529297,178.06666564941406,92724
2018-04-24,181.1666717529297,182.6666717529297,176.39999389648438,177.60000610351562,298255
2018-04-25,180.3000030517578,182.0333404541016,178.6666717529297,181.5333404541016,265227
2018-04-26,180.8000030517578,186.46665954589844,178.73333740234375,180.6666717529297,725382
2018-04-27,184.73333740234372,186.3999938964844,180.8000030517578,180.8000030517578,216408
2018-04-30,189.5,196.5333404541016,184.73333740234372,185.8333282470703,683835
2018-05-02,189.13333129882807,190.96665954589844,183.3333282470703,189.93333435058597,186891
2018-05-03,188.0333404541016,190.6666717529297,183.43333435058597,188.6666717529297,147477
2018-05-04,187.6000061035156,193.3333282470703,186.43333435058597,189.86666870117188,307543
2018-05-07,187.8999938964844,190.0,186.6666717529297,189.6666717529297,107965
2018-05-08,187.6999969482422,189.96665954589844,186.1999969482422,188.5,452700
2018-05-09,181.8333282470703,187.3333282470703,180.1999969482422,187.3333282470703,287541
2018-05-10,181.5333404541016,187.8333282470703,180.6666717529297,185.3333282470703,279982
2018-05-11,180.86666870117188,182.5,178.0,181.46665954589844,105141
2018-05-14,178.6999969482422,185.8000030517578,178.03334045410156,182.46665954589844,445122
2018-05-15,176.63333129882812,180.5333404541016,170.1666717529297,178.76666259765625,642852
2018-05-16,178.5,179.3333282470703,171.23333740234375,174.6666717529297,173346
2018-05-17,177.1999969482422,181.0666656494141,176.0,179.3000030517578,100117
2018-05-18,175.73333740234375,178.6666717529297,173.6999969482422,177.36666870117188,403654
2018-05-21,162.56666564941406,176.63333129882812,160.63333129882812,175.36666870117188,207201
2018-05-22,167.8000030517578,168.53334045410156,160.73333740234375,162.56666564941406,155586
2018-05-23,166.6666717529297,171.3333282470703,165.73333740234375,167.96665954589844,257988
2018-05-24,170.5,172.6666717529297,167.10000610351562,167.10000610351562,222685
2018-05-25,172.46665954589844,177.3333282470703,171.3333282470703,171.93333435058594,300957
2018-05-28,175.76666259765625,177.23333740234375,171.43333435058594,174.46665954589844,228808
2018-05-29,173.13333129882812,182.0666656494141,172.1999969482422,176.3333282470703,327639
2018-05-30,169.13333129882812,174.6666717529297,168.23333740234375,174.6666717529297,795804
2018-05-31,163.3333282470703,175.06666564941406,161.3333282470703,170.5,701172
2018-06-01,159.13333129882812,165.03334045410156,157.03334045410156,163.3333282470703,217648
2018-06-04,158.0,160.0,154.6666717529297,160.0,117778
2018-06-05,153.1999969482422,157.3000030517578,150.0,156.6999969482422,194002
2018-06-06,152.60000610351562,156.63333129882812,150.0,152.6666717529297,198304
2018-06-07,158.03334045410156,161.3333282470703,154.03334045410156,155.86666870117188,217230
2018-06-08,159.26666259765625,162.60000610351562,156.46665954589844,158.56666564941406,362934
2018-06-11,156.89999389648438,160.53334045410156,155.10000610351562,160.0,220107
2018-06-12,158.26666259765625,159.89999389648438,154.8000030517578,155.60000610351562,201085
2018-06-13,162.26666259765625,164.56666564941406,156.8000030517578,157.60000610351562,95289
2018-06-14,160.06666564941406,162.60000610351562,159.36666870117188,162.60000610351562,76414
2018-06-15,157.26666259765625,160.46665954589844,156.73333740234375,159.3333282470703,40257
2018-06-18,154.6666717529297,157.8000030517578,153.8333282470703,157.03334045410156,59179
2018-06-19,149.96665954589844,154.46665954589844,148.76666259765625,154.46665954589844,163518
2018-06-20,147.86666870117188,152.0,146.8333282470703,150.39999389648438,113499
2018-06-21,149.8000030517578,151.26666259765625,147.36666870117188,148.53334045410156,189813
2018-06-22,151.86666870117188,153.3333282470703,148.39999389648438,149.53334045410156,123751
2018-06-25,151.03334045410156,151.86666870117188,148.0,151.86666870117188,58608
2018-06-26,151.96665954589844,152.6666717529297,148.6999969482422,150.6666717529297,266427
2018-06-27,151.76666259765625,153.3333282470703,145.1999969482422,152.39999389648438,172069
2018-06-28,141.89999389648438,151.3333282470703,138.6999969482422,150.3333282470703,365706
2018-06-29,152.36666870117188,153.26666259765625,142.6666717529297,142.6666717529297,234993
2018-07-02,151.1666717529297,153.3000030517578,148.03334045410156,152.36666870117188,50859
2018-07-03,154.39999389648438,156.0,149.6666717529297,151.93333435058594,190296
2018-07-04,152.0,159.0,150.96665954589844,155.6666717529297,219873
2018-07-05,155.03334045410156,157.3333282470703,148.39999389648438,152.46665954589844,125139
2018-07-06,153.53334045410156,157.3000030517578,151.36666870117188,152.76666259765625,149847
2018-07-09,159.26666259765625,159.93333435058594,150.0,153.93333435058594,490372
2018-07-10,160.56666564941406,161.5,158.03334045410156,160.86666870117188,359293
2018-07-11,159.96665954589844,161.26666259765625,158.0,161.26666259765625,144460
2018-07-12,164.4499969482422,189.3999938964844,161.25,169.39999389648438,1067961
2018-07-13,160.0,165.9499969482422,157.0,165.0,173078
2018-07-16,153.1999969482422,159.8000030517578,152.89999389648438,159.8000030517578,218402
2018-07-17,152.0500030517578,157.75,150.14999389648438,153.0,73507
2018-07-18,145.75,155.10000610351562,142.35000610351562,154.4499969482422,149495
2018-07-19,148.8000030517578,154.0,141.0500030517578,146.8000030517578,213555
2018-07-20,144.0,150.0,141.8000030517578,150.0,108583
2018-07-23,147.10000610351562,149.89999389648438,142.64999389648438,144.10000610351562,84571
2018-07-24,146.9499969482422,150.0,145.25,147.8000030517578,97245
2018-07-25,148.35000610351562,150.0,144.39999389648438,147.85000610351562,82304
2018-07-26,146.25,151.0,145.0500030517578,148.10000610351562,74235
2018-07-27,148.9499969482422,152.0,147.5500030517578,150.0,362577
2018-07-30,151.0,152.5500030517578,149.5,150.0,563940
2018-07-31,147.8000030517578,155.0,147.0,152.89999389648438,181782
2018-08-01,146.14999389648438,150.4499969482422,145.35000610351562,148.10000610351562,89329
2018-08-02,145.85000610351562,148.10000610351562,145.0500030517578,146.85000610351562,69269
2018-08-03,145.85000610351562,149.5,145.14999389648438,146.1999969482422,62891
2018-08-06,147.5500030517578,150.0,146.0500030517578,146.89999389648438,168229
2018-08-07,147.8000030517578,149.8000030517578,146.0,148.39999389648438,109373
2018-08-08,145.85000610351562,148.89999389648438,145.1999969482422,147.5500030517578,44713
2018-08-09,144.39999389648438,149.9499969482422,143.8000030517578,145.0,72569
2018-08-10,145.3000030517578,147.0,144.5,145.39999389648438,39924
2018-08-13,140.85000610351562,147.0,139.25,144.8000030517578,83723
2018-08-14,138.39999389648438,139.9499969482422,132.14999389648438,139.10000610351562,196639
2018-08-16,135.0500030517578,138.0,134.5,136.5,59991
2018-08-17,143.0,143.75,136.0,137.85000610351562,148992
2018-08-20,144.4499969482422,147.0,144.0,144.39999389648438,122595
2018-08-21,141.5500030517578,145.39999389648438,141.0,144.5,300062
2018-08-23,141.0500030517578,144.0,139.6999969482422,142.64999389648438,111723
2018-08-24,138.0500030517578,142.1999969482422,137.0,140.75,74856
2018-08-27,141.85000610351562,142.85000610351562,138.6999969482422,139.6999969482422,92349
2018-08-28,137.4499969482422,142.85000610351562,136.64999389648438,142.85000610351562,105289
2018-08-29,137.1999969482422,140.25,136.3000030517578,137.6999969482422,80855
2018-08-30,137.6999969482422,139.0,136.0500030517578,138.8000030517578,43561
2018-08-31,138.25,140.1999969482422,136.5500030517578,138.5,64380
2018-09-03,139.35000610351562,140.39999389648438,133.0,138.10000610351562,292661
2018-09-04,133.9499969482422,140.0,133.0,140.0,709264
2018-09-05,134.60000610351562,136.0,131.4499969482422,134.75,332918
2018-09-06,133.5500030517578,136.89999389648438,133.0,136.89999389648438,146012
2018-09-07,136.85000610351562,138.89999389648438,132.0,133.9499969482422,143675
2018-09-10,136.0500030517578,138.6999969482422,132.0,136.8000030517578,169161
2018-09-11,130.64999389648438,135.89999389648438,129.14999389648438,135.89999389648438,336862
2018-09-12,128.89999389648438,133.4499969482422,126.8499984741211,130.6999969482422,253389
2018-09-14,122.3000030517578,130.10000610351562,119.1500015258789,130.0,828030
2018-09-17,115.6500015258789,123.6999969482422,112.8499984741211,122.4499969482422,725513
2018-09-18,116.0500030517578,121.5500030517578,113.3000030517578,115.5999984741211,943284
2018-09-19,117.3000030517578,119.8000030517578,116.25,116.8000030517578,197816
2018-09-21,113.0500030517578,119.0,111.0,117.5999984741211,639916
2018-09-24,113.0999984741211,115.4499969482422,109.1999969482422,111.25,411672
2018-09-25,116.8000030517578,119.5500030517578,108.3000030517578,115.3499984741211,297968
2018-09-26,113.9000015258789,120.0,111.0999984741211,120.0,307034
2018-09-27,110.3000030517578,114.4499969482422,110.0,114.1999969482422,219817
2018-09-28,104.3499984741211,112.4000015258789,93.4499969482422,111.9000015258789,1108144
2018-10-01,106.5999984741211,110.0,95.0,106.0,233634
2018-10-03,110.8499984741211,112.9499969482422,107.0,109.75,301007
2018-10-04,107.0,109.3000030517578,105.3499984741211,108.8000030517578,234684
2018-10-05,103.5,108.9499969482422,94.5999984741211,107.9499969482422,741869
2018-10-08,97.5500030517578,106.0,96.5999984741211,104.0,360905
2018-10-09,106.5500030517578,112.0,97.0500030517578,100.9000015258789,338593
2018-10-10,107.5,112.0,105.1500015258789,108.0,1184253
2018-10-11,108.9499969482422,109.9000015258789,102.0,102.9499969482422,239331
2018-10-12,115.3499984741211,117.0,108.9499969482422,109.0,645717
2018-10-15,115.9000015258789,119.0,112.0,115.3499984741211,132515
2018-10-16,116.1999969482422,119.3499984741211,115.0,116.9499969482422,96081
2018-10-17,113.9499969482422,117.9499969482422,113.0,117.9000015258789,352767
2018-10-19,112.5500030517578,113.9499969482422,108.0,112.9000015258789,78411
2018-10-22,110.1500015258789,115.0,105.5,115.0,116612
2018-10-23,110.5500030517578,111.8000030517578,106.0,108.0,115123
2018-10-24,110.75,113.0,107.4499969482422,111.0999984741211,83924
2018-10-25,112.5999984741211,113.4499969482422,105.3499984741211,110.0,617951
2018-10-26,108.9499969482422,112.0999984741211,107.3000030517578,112.0,59920
2018-10-29,107.9000015258789,109.0500030517578,106.3000030517578,107.0,91921
2018-10-30,110.6999969482422,112.5,106.5,107.0,100230
2018-10-31,113.8000030517578,114.8499984741211,108.0500030517578,110.0,86742
2018-11-01,116.5500030517578,117.6999969482422,113.8499984741211,113.8499984741211,139815
2018-11-02,118.6500015258789,122.6999969482422,117.4000015258789,117.5,159203
2018-11-05,120.5500030517578,126.9000015258789,119.0,120.0,448273
2018-11-06,123.0999984741211,124.25,117.25,121.5500030517578,111833
2018-11-07,123.0500030517578,124.4000015258789,115.0,124.4000015258789,28341
2018-11-09,122.25,124.6999969482422,120.0999984741211,124.0500030517578,89652
2018-11-12,122.9499969482422,124.9000015258789,119.3000030517578,122.3000030517578,108488
2018-11-13,132.9499969482422,138.0,121.0,121.0,1385567
2018-11-14,128.60000610351562,134.0,127.3000030517578,133.0,223818
2018-11-15,125.25,129.39999389648438,124.5,129.3000030517578,90362
2018-11-16,126.1500015258789,127.3499984741211,122.0999984741211,125.5,115431
2018-11-19,127.0999984741211,127.6999969482422,125.1500015258789,126.1500015258789,60623
2018-11-20,125.0999984741211,127.0,124.6999969482422,127.0,135504
2018-11-21,125.1999969482422,127.3000030517578,123.0500030517578,123.0500030517578,55374
2018-11-22,125.5500030517578,128.3000030517578,124.5,125.3000030517578,1274348
2018-11-26,125.0999984741211,126.25,124.5999984741211,125.6500015258789,96370
2018-11-27,125.1500015258789,127.8499984741211,123.5,124.3499984741211,124890
2018-11-28,127.0999984741211,127.8499984741211,123.3000030517578,123.3000030517578,223019
2018-11-29,133.0,137.0,125.3000030517578,127.0999984741211,970100
2018-11-30,130.60000610351562,133.4499969482422,128.0,131.0500030517578,517728
2018-12-03,128.64999389648438,132.35000610351562,128.0500030517578,129.0500030517578,44303
2018-12-04,128.9499969482422,130.5,128.0,128.0500030517578,238152
2018-12-05,124.8499984741211,130.75,123.3000030517578,130.75,100447
2018-12-06,120.5500030517578,123.0,118.9499969482422,123.0,131322
2018-12-07,119.5500030517578,124.0,118.25,118.5999984741211,59904
2018-12-10,125.0500030517578,132.85000610351562,119.5,119.5,1489289
2018-12-11,126.8000030517578,128.25,123.3499984741211,125.0500030517578,743587
2018-12-12,130.3000030517578,131.0,127.8499984741211,128.25,176856
2018-12-13,130.85000610351562,134.9499969482422,130.0500030517578,132.8000030517578,224842
2018-12-14,128.14999389648438,131.1999969482422,127.5999984741211,130.89999389648438,288382
2018-12-17,127.5999984741211,129.85000610351562,127.0,127.75,413478
2018-12-18,131.60000610351562,137.9499969482422,130.8000030517578,134.35000610351562,1029211
2018-12-19,134.75,136.0,130.39999389648438,132.64999389648438,368945
2018-12-20,130.85000610351562,134.39999389648438,130.35000610351562,133.0,132609
2018-12-21,125.9499969482422,131.75,125.0,131.6999969482422,116232
2018-12-24,124.6500015258789,128.5,123.5999984741211,124.5,70389
2018-12-26,122.9499969482422,126.0,122.0,124.6999969482422,58158
2018-12-27,124.0500030517578,128.0,123.25,123.25,118943
2018-12-28,125.0,127.0,124.0,126.0,57294
2018-12-31,124.4000015258789,126.6999969482422,123.5,125.0,46569
2019-01-01,124.9499969482422,126.5,123.6999969482422,126.5,68820
2019-01-02,123.4000015258789,125.8499984741211,122.4000015258789,124.9499969482422,51243
2019-01-03,124.0999984741211,124.75,123.5,124.0,152304
2019-01-04,126.4000015258789,127.5,123.6999969482422,124.0999984741211,278063
2019-01-07,127.0500030517578,128.60000610351562,125.9000015258789,127.1999969482422,43369
2019-01-08,135.25,136.9499969482422,126.5,127.1500015258789,351325
2019-01-09,134.25,136.9499969482422,132.0500030517578,136.5,120832
2019-01-10,133.39999389648438,135.14999389648438,128.75,133.14999389648438,345412
2019-01-11,130.6999969482422,135.39999389648438,128.0500030517578,135.39999389648438,95270
2019-01-14,130.75,137.0,130.0,132.14999389648438,40582
2019-01-15,135.0,135.89999389648438,130.39999389648438,131.9499969482422,125737
2019-01-16,130.75,140.0,129.0,134.85000610351562,346565
2019-01-17,135.0,136.89999389648438,132.5,132.5500030517578,310264
2019-01-18,133.75,135.5,131.64999389648438,135.0,42260
2019-01-21,130.25,134.0,129.10000610351562,134.0,96221
2019-01-22,124.5999984741211,129.60000610351562,124.0,128.3000030517578,95168
2019-01-23,123.5500030517578,126.0,123.0500030517578,125.4499969482422,61953
2019-01-24,120.9499969482422,123.9000015258789,120.0,123.5,60196
2019-01-25,123.5500030517578,125.0,121.0500030517578,121.6999969482422,48586
2019-01-28,118.75,123.5500030517578,118.0999984741211,123.5500030517578,81695
2019-01-29,120.8000030517578,122.4499969482422,118.0,119.0,52434
2019-01-30,121.8499984741211,123.5,121.0,122.9499969482422,79334
2019-01-31,119.6999969482422,127.5,118.0,126.8499984741211,198591
2019-02-01,121.1500015258789,123.4499969482422,120.0500030517578,120.0500030517578,166368
2019-02-04,119.1999969482422,123.3499984741211,118.25,123.3499984741211,263770
2019-02-05,117.3000030517578,120.9000015258789,116.0999984741211,120.0,82958
2019-02-06,116.9499969482422,118.0999984741211,116.0500030517578,116.1500015258789,59835
2019-02-07,117.1999969482422,119.6500015258789,116.3499984741211,117.1500015258789,50056
2019-02-08,114.5999984741211,117.4499969482422,114.0,116.5,46801
2019-02-11,112.5999984741211,114.9000015258789,112.0,114.5999984741211,39652
2019-02-12,111.0999984741211,113.25,110.3000030517578,112.5,30160
2019-02-14,111.8000030517578,112.5999984741211,110.5500030517578,110.8000030517578,57313
2019-02-15,112.25,114.9000015258789,110.0,112.5,54003
2019-02-18,109.8000030517578,114.4000015258789,107.25,113.0,45919
2019-02-19,109.0999984741211,112.25,106.6999969482422,109.5999984741211,93302
2019-02-20,111.9499969482422,112.9000015258789,107.6500015258789,108.5500030517578,78580
2019-02-21,121.1999969482422,124.25,109.8000030517578,111.0999984741211,657685
2019-02-22,123.4499969482422,125.4000015258789,120.1999969482422,121.4000015258789,392791
2019-02-25,119.0500030517578,124.0,117.5,124.0,108976
2019-02-26,116.4000015258789,117.75,112.5999984741211,117.75,68457
2019-02-27,114.4499969482422,120.1999969482422,114.0,118.5999984741211,395937
2019-02-28,118.5,119.6999969482422,113.1999969482422,113.1999969482422,378883
2019-03-01,121.1999969482422,122.4000015258789,118.5999984741211,120.0,1262787
2019-03-05,129.5500030517578,132.0,121.0,121.3000030517578,970675
2019-03-06,137.5500030517578,141.6999969482422,130.14999389648438,130.8000030517578,1462862
2019-03-07,134.4499969482422,138.6999969482422,133.0500030517578,138.39999389648438,594780
2019-03-08,133.9499969482422,136.35000610351562,131.5,132.25,343515
2019-03-11,137.35000610351562,139.0,133.85000610351562,134.89999389648438,792797
2019-03-12,141.1999969482422,150.0,138.9499969482422,139.39999389648438,986400
2019-03-13,140.14999389648438,142.0,136.0,141.25,151382
2019-03-14,139.3000030517578,141.5500030517578,136.85000610351562,139.35000610351562,117623
2019-03-15,137.4499969482422,140.1999969482422,136.0,138.14999389648438,428070
2019-03-18,137.85000610351562,139.89999389648438,135.9499969482422,137.5,371724
2019-03-19,134.0500030517578,139.5,133.5500030517578,138.5,245254
2019-03-20,128.85000610351562,135.4499969482422,128.0,134.3000030517578,505253
2019-03-22,129.14999389648438,132.0,127.5,129.0,524177
2019-03-25,123.9499969482422,128.5,123.0500030517578,128.0,492603
2019-03-26,125.8499984741211,126.1500015258789,124.5500030517578,124.5500030517578,209084
2019-03-27,130.9499969482422,131.64999389648438,124.5500030517578,127.0,473263
2019-03-28,129.8000030517578,132.89999389648438,128.5500030517578,132.0,268966
2019-04-01,130.1999969482422,131.0,127.5,128.3000030517578,224989
2019-04-02,133.0,135.25,130.35000610351562,130.9499969482422,263761
2019-04-03,133.10000610351562,135.89999389648438,132.0,132.0,198331
2019-04-04,127.8000030517578,132.89999389648438,126.0,132.0,231750
2019-04-05,134.4499969482422,137.0,128.10000610351562,128.6999969482422,678869
2019-04-08,132.85000610351562,136.6999969482422,131.10000610351562,134.5,184574
2019-04-09,131.39999389648438,133.60000610351562,130.0,132.8000030517578,91506
2019-04-10,129.35000610351562,132.5,129.0,130.5,92150
2019-04-11,129.25,131.5,128.39999389648438,129.89999389648438,85796
2019-04-12,130.89999389648438,131.5500030517578,129.5,130.0,86979
2019-04-15,130.0,132.0,129.5,131.8000030517578,73828
2019-04-16,131.10000610351562,133.3000030517578,130.0,130.0,84474
2019-04-18,131.64999389648438,135.0,130.1999969482422,134.8000030517578,199838
2019-04-22,128.0500030517578,132.5500030517578,127.0999984741211,132.5500030517578,81028
2019-04-23,127.8499984741211,129.60000610351562,124.5,128.0,51389
2019-04-24,129.8000030517578,130.4499969482422,128.1999969482422,129.0,117130
2019-04-25,129.0500030517578,130.89999389648438,128.5500030517578,130.89999389648438,32973
2019-04-26,127.5999984741211,129.8000030517578,127.0500030517578,129.0500030517578,50536
2019-04-30,124.1999969482422,127.4499969482422,123.5,126.1500015258789,74493
2019-05-02,120.6999969482422,124.25,120.0999984741211,124.1999969482422,79144
2019-05-03,119.25,121.0,118.6500015258789,120.6999969482422,56830
2019-05-06,116.0500030517578,118.3499984741211,115.75,117.5,43555
2019-05-07,118.0999984741211,124.1500015258789,117.4499969482422,118.0,68586
2019-05-08,115.4499969482422,120.4499969482422,115.0,117.0,67803
2019-05-09,115.3000030517578,117.0,114.8000030517578,115.4499969482422,33182
2019-05-10,117.4499969482422,118.0,114.3499984741211,115.5,43958
2019-05-13,117.1500015258789,119.6999969482422,116.75,117.9499969482422,46832
2019-05-14,117.0,117.9499969482422,115.3499984741211,117.1500015258789,38332
2019-05-15,115.1999969482422,119.0500030517578,114.75,117.5500030517578,32842
2019-05-16,111.5999984741211,115.3499984741211,110.0500030517578,115.1999969482422,103291
2019-05-17,114.3000030517578,115.0999984741211,110.4000015258789,113.0,194960
2019-05-20,120.8499984741211,134.89999389648438,118.9499969482422,119.0,1820109
2019-05-21,121.0999984741211,122.0999984741211,118.0500030517578,122.0,442985
2019-05-22,119.6999969482422,121.8000030517578,119.0999984741211,121.8000030517578,146848
2019-05-23,121.6999969482422,126.9000015258789,120.1999969482422,121.0999984741211,1991619
2019-05-24,127.9499969482422,130.85000610351562,122.5500030517578,122.5500030517578,721310
2019-05-27,145.0500030517578,146.89999389648438,129.5,129.60000610351562,1600481
2019-05-28,144.14999389648438,149.8000030517578,142.0500030517578,146.0,888283
2019-05-29,149.3000030517578,154.85000610351562,140.5500030517578,144.9499969482422,732154
2019-05-30,146.75,155.0,145.25,153.3000030517578,738496
2019-05-31,142.85000610351562,150.8000030517578,142.0500030517578,148.6999969482422,760698
2019-06-03,146.9499969482422,148.4499969482422,142.0,144.0,194022
2019-06-04,144.9499969482422,147.25,142.0,146.39999389648438,184334
2019-06-06,143.1999969482422,146.0,142.10000610351562,146.0,172442
2019-06-07,142.64999389648438,143.9499969482422,140.60000610351562,143.0500030517578,102518
2019-06-10,140.14999389648438,145.6999969482422,138.25,145.6999969482422,125660
2019-06-11,139.5500030517578,142.5500030517578,134.3000030517578,140.14999389648438,1163757
2019-06-12,139.1999969482422,143.5,138.5,141.89999389648438,82498
2019-06-13,141.5500030517578,143.4499969482422,135.9499969482422,138.0,189426
2019-06-14,140.0500030517578,142.5,138.0,142.5,125277
2019-06-17,137.0500030517578,139.6999969482422,136.5,139.0,170032
2019-06-18,139.85000610351562,145.8000030517578,136.0500030517578,136.0500030517578,264047
2019-06-19,134.14999389648438,141.5,132.64999389648438,141.5,228450
2019-06-20,136.9499969482422,137.89999389648438,133.0,133.4499969482422,101694
2019-06-21,135.4499969482422,136.5500030517578,134.35000610351562,136.1999969482422,91344
2019-06-24,133.64999389648438,137.0,132.5,134.0,132233
2019-06-25,133.6999969482422,135.1999969482422,131.5,133.0,78690
2019-06-26,138.3000030517578,140.35000610351562,133.85000610351562,135.0,163450
2019-06-27,140.60000610351562,142.0,138.9499969482422,140.4499969482422,150271
2019-06-28,140.64999389648438,142.3000030517578,138.5,141.6999969482422,118929
2019-07-01,145.5,150.39999389648438,140.0,141.10000610351562,1276623
2019-07-02,146.9499969482422,147.85000610351562,145.0500030517578,146.5,248558
2019-07-03,144.64999389648438,147.0500030517578,142.25,147.0500030517578,209716
2019-07-04,145.75,147.9499969482422,144.0,145.9499969482422,155960
2019-07-05,141.25,148.14999389648438,139.4499969482422,146.85000610351562,279364
2019-07-08,132.3000030517578,142.39999389648438,125.0,140.14999389648438,399894
2019-07-09,134.8000030517578,138.9499969482422,129.14999389648438,132.64999389648438,148336
2019-07-10,133.1999969482422,136.5,132.5,134.89999389648438,72843
2019-07-11,129.8000030517578,135.39999389648438,128.64999389648438,135.0,151654
2019-07-12,131.39999389648438,133.14999389648438,129.9499969482422,130.0,150571
2019-07-15,128.3000030517578,133.1999969482422,126.6999969482422,132.5,102226
2019-07-16,125.0,128.3000030517578,124.0,128.0,385631
2019-07-17,127.0500030517578,127.5999984741211,124.5,126.1999969482422,112428
2019-07-18,126.9000015258789,129.0,123.0500030517578,128.0,379947
2019-07-19,122.4000015258789,127.5,121.5500030517578,127.5,126106
2019-07-22,120.0,122.0,117.5999984741211,120.5,99698
2019-07-23,119.0500030517578,122.4000015258789,117.1999969482422,120.1999969482422,117007
2019-07-24,119.9000015258789,121.6999969482422,113.9000015258789,119.0500030517578,1232246
2019-07-25,120.0999984741211,121.0999984741211,117.0,118.5500030517578,262630
2019-07-26,121.0500030517578,122.0,117.5,118.4000015258789,249834
2019-07-29,120.3000030517578,123.8000030517578,119.0,120.5500030517578,37069
2019-07-30,119.25,124.5999984741211,118.25,120.3000030517578,1029529
2019-07-31,120.9000015258789,121.8000030517578,111.5999984741211,119.0999984741211,361587
2019-08-01,119.3499984741211,121.9499969482422,116.25,117.25,254802
2019-08-02,122.5500030517578,123.6500015258789,115.1999969482422,117.0,135927
2019-08-05,123.5,125.8499984741211,115.5999984741211,119.8000030517578,144579
2019-08-06,120.5999984741211,124.25,119.25,121.5,81737
2019-08-07,126.9499969482422,128.5,119.0500030517578,119.0500030517578,173951
2019-08-08,124.4499969482422,128.8000030517578,119.5,126.0,148845
2019-08-09,119.8000030517578,125.9499969482422,116.5999984741211,125.0500030517578,296023
2019-08-13,119.9499969482422,122.0,116.3499984741211,120.0500030517578,127940
2019-08-14,119.9499969482422,123.8000030517578,117.0999984741211,123.0,277751
2019-08-16,118.3499984741211,119.3499984741211,117.0500030517578,119.0,94272
2019-08-19,117.75,119.0,117.1500015258789,118.0,113570
2019-08-20,118.4000015258789,118.6999969482422,115.0,117.8499984741211,151218
2019-08-21,117.4499969482422,119.8499984741211,116.5999984741211,117.3499984741211,147779
2019-08-22,112.9499969482422,117.4499969482422,109.1500015258789,117.4499969482422,173555
2019-08-23,106.6500015258789,111.5999984741211,106.0,110.25,257491
2019-08-26,102.5500030517578,111.4499969482422,101.5,110.75,412560
2019-08-27,102.4000015258789,105.0,101.5999984741211,103.5,185660
2019-08-28,99.4000015258789,103.8000030517578,97.1500015258789,102.5999984741211,850651
2019-08-29,95.5,99.8499984741211,95.0500030517578,98.3000030517578,151448
2019-08-30,98.8000030517578,99.8499984741211,96.1500015258789,96.9499969482422,110117
2019-09-03,96.0,100.9000015258789,95.0,99.8000030517578,603020
2019-09-04,94.0999984741211,96.8499984741211,93.5500030517578,96.0,82749
2019-09-05,90.8000030517578,95.5500030517578,87.80000305175781,94.3499984741211,266447
2019-09-06,96.9000015258789,98.5999984741211,90.9000015258789,91.8499984741211,512978
2019-09-09,95.5,98.9000015258789,94.6500015258789,98.5,577762
2019-09-11,98.9499969482422,103.9000015258789,96.0,96.4000015258789,1309044
2019-09-12,97.1999969482422,100.5,97.0,99.5999984741211,289002
2019-09-13,100.5999984741211,103.8000030517578,97.0,97.4000015258789,613215
2019-09-16,98.75,100.9000015258789,97.6999969482422,98.8499984741211,447977
2019-09-17,97.8499984741211,101.8000030517578,97.1500015258789,99.0,1911901
2019-09-18,99.0500030517578,100.8499984741211,97.25,98.75,320115
2019-09-19,97.8499984741211,99.75,96.9000015258789,99.75,235250
2019-09-20,109.6999969482422,111.6500015258789,97.1500015258789,98.25,882498
2019-09-23,119.1500015258789,128.25,107.0,109.0999984741211,1055176
2019-09-24,109.9000015258789,118.0,109.0,118.0,551756
2019-09-25,104.3499984741211,110.0,100.9000015258789,110.0,462833
2019-09-26,105.9000015258789,108.4000015258789,104.0,105.0,1228408
2019-09-27,103.0500030517578,107.3499984741211,102.3000030517578,104.4499969482422,542902
2019-09-30,97.4000015258789,103.25,96.5500030517578,102.5,207405
2019-10-01,97.25,99.5,96.4499969482422,98.6500015258789,330501
2019-10-03,97.4000015258789,99.6500015258789,95.1500015258789,97.0,100800
2019-10-04,97.4499969482422,99.5,97.0500030517578,97.5,1132084
2019-10-07,97.4499969482422,98.5,97.0500030517578,97.4499969482422,82332
2019-10-09,97.5,99.4000015258789,96.9499969482422,97.9000015258789,174686
2019-10-10,97.6999969482422,98.0,97.1500015258789,97.4000015258789,308157
2019-10-11,98.1500015258789,100.5,97.5,97.9000015258789,135356
2019-10-14,98.25,98.9000015258789,97.5,97.5,86670
2019-10-15,100.75,102.5,98.25,99.4499969482422,234473
2019-10-16,105.3000030517578,107.1999969482422,100.0,101.5999984741211,556282
2019-10-17,99.6999969482422,114.4000015258789,98.1999969482422,107.0999984741211,2474080
2019-10-18,103.9499969482422,104.5,99.5500030517578,100.0,385884
2019-10-22,107.9000015258789,110.0,105.5999984741211,106.8499984741211,587794
2019-10-23,107.5500030517578,109.9000015258789,106.5500030517578,108.8499984741211,221154
2019-10-24,104.25,109.0,103.5,109.0,175052
2019-10-25,105.1500015258789,106.8000030517578,102.1500015258789,105.5,205353
2019-10-27,106.6999969482422,108.0,106.0999984741211,106.4499969482422,41854
2019-10-29,103.0,107.5,102.5,107.3000030517578,355537
2019-10-30,102.8499984741211,104.8000030517578,102.5,103.0999984741211,227138
2019-10-31,102.9000015258789,105.1999969482422,102.1500015258789,103.5,230101
2019-11-01,101.9000015258789,104.1500015258789,101.4499969482422,103.25,238975
2019-11-04,100.4499969482422,103.3499984741211,100.0500030517578,103.3499984741211,1303963
2019-11-05,95.9000015258789,101.3000030517578,94.5,100.5,518626
2019-11-06,97.3000030517578,99.9499969482422,95.9000015258789,97.1500015258789,330539
2019-11-07,97.0999984741211,99.9000015258789,96.8499984741211,99.25,276882
2019-11-08,96.9499969482422,97.9000015258789,96.3000030517578,96.4000015258789,185677
2019-11-11,95.0,97.4499969482422,94.3499984741211,97.4499969482422,149937
2019-11-13,94.1999969482422,96.6999969482422,93.1999969482422,95.0,218261
2019-11-14,96.0500030517578,103.0,94.6500015258789,99.6999969482422,1447040
2019-11-15,94.4000015258789,97.8000030517578,93.0999984741211,97.8000030517578,430604
2019-11-18,94.0500030517578,96.8000030517578,93.6500015258789,95.9499969482422,2261354
2019-11-19,94.5,95.5999984741211,94.0,95.3499984741211,516018
2019-11-20,92.6500015258789,95.5,92.1999969482422,95.0,429066
2019-11-21,93.9499969482422,102.4000015258789,93.5,100.0,1844176
2019-11-22,93.1999969482422,94.4000015258789,92.4000015258789,94.0,607852
2019-11-25,96.5500030517578,104.4000015258789,96.0,104.0,3478657
2019-11-26,94.4499969482422,96.8499984741211,94.0500030517578,96.8499984741211,1113524
2019-11-27,94.8000030517578,95.5,94.3000030517578,94.75,664421
2019-11-28,95.0,96.0,94.0999984741211,95.0,418015
2019-11-29,96.5500030517578,98.8000030517578,96.0,97.0500030517578,2656787
2019-12-02,94.8000030517578,97.0,94.3499984741211,96.9000015258789,613366
2019-12-03,92.6999969482422,95.1999969482422,92.3499984741211,95.0,562032
2019-12-04,93.3499984741211,93.5999984741211,91.1999969482422,91.9000015258789,332451
2019-12-05,93.5500030517578,94.0,92.5999984741211,93.0500030517578,244818
2019-12-06,93.0999984741211,93.9000015258789,91.4000015258789,93.9000015258789,334222
2019-12-09,90.9499969482422,93.0,90.5,93.0,235846
2019-12-10,90.4499969482422,91.5,89.25,90.5999984741211,386106
2019-12-11,94.5999984741211,95.9000015258789,91.0500030517578,92.0,1179127
2019-12-12,94.5,95.5,92.1500015258789,94.8499984741211,396640
2019-12-13,94.25,95.4499969482422,94.0500030517578,94.0999984741211,268619
2019-12-16,92.8499984741211,94.6999969482422,92.5,94.6999969482422,167070
2019-12-17,92.8000030517578,93.6500015258789,92.0,93.4499969482422,199625
2019-12-18,94.25,95.8000030517578,93.3000030517578,95.0,1666806
2019-12-19,93.5999984741211,95.0,92.8000030517578,94.0,226756
2019-12-20,95.0999984741211,95.3000030517578,93.5,93.75,1296417
2019-12-23,97.0,98.5,95.25,95.9000015258789,1121035
2019-12-24,96.9499969482422,97.9000015258789,96.3000030517578,97.0500030517578,372835
2019-12-26,98.3499984741211,99.0999984741211,96.5500030517578,98.5999984741211,748556
2019-12-27,98.25,99.3499984741211,97.5500030517578,99.3000030517578,304087
2019-12-30,102.0500030517578,102.75,97.5999984741211,97.6500015258789,1138974
2019-12-31,102.4499969482422,105.4000015258789,98.4499969482422,101.5500030517578,1471727
2020-01-01,103.0999984741211,104.6999969482422,102.0500030517578,102.6999969482422,412580
2020-01-02,108.8499984741211,111.6500015258789,102.3499984741211,103.6500015258789,1634658
2020-01-03,106.75,111.5,105.8000030517578,109.9000015258789,897851
2020-01-06,105.3000030517578,107.4000015258789,103.0999984741211,107.4000015258789,972886
2020-01-07,104.0500030517578,107.8499984741211,103.5,107.8499984741211,370103
2020-01-08,100.3000030517578,103.6999969482422,99.1500015258789,101.9499969482422,533406
2020-01-09,101.5500030517578,102.8499984741211,100.5999984741211,102.25,351757
2020-01-10,103.5500030517578,105.9000015258789,101.75,102.9000015258789,832233
2020-01-13,103.0,105.8000030517578,102.5,104.9000015258789,481490
2020-01-14,105.1999969482422,105.6999969482422,103.1500015258789,103.9000015258789,566065
2020-01-15,107.3000030517578,108.6999969482422,103.3499984741211,104.6999969482422,687428
2020-01-16,108.0,109.3499984741211,105.5999984741211,107.6500015258789,654801
2020-01-17,116.25,118.8499984741211,106.5999984741211,107.6999969482422,3366665
2020-01-20,118.5500030517578,120.9499969482422,115.0999984741211,116.5,1968552
2020-01-21,119.0,121.0,114.0999984741211,117.4000015258789,2108894
2020-01-22,115.5500030517578,121.75,114.9000015258789,120.5,907519
2020-01-23,114.8499984741211,116.4000015258789,112.3499984741211,115.4000015258789,430625
2020-01-24,118.75,121.25,113.8499984741211,114.1999969482422,1987094
2020-01-27,116.1999969482422,119.4499969482422,115.75,117.0,396794
2020-01-28,113.6500015258789,117.5500030517578,112.6500015258789,116.5,299738
2020-01-29,114.9499969482422,116.9000015258789,114.1999969482422,114.5999984741211,463005
2020-01-30,114.5,116.75,114.0,115.4000015258789,832030
2020-01-31,114.3000030517578,116.5999984741211,113.1999969482422,115.6999969482422,244247
2020-02-03,106.6999969482422,109.8000030517578,102.1500015258789,104.5999984741211,407556
2020-02-04,107.0500030517578,109.9499969482422,106.0,107.5,355609
2020-02-05,113.0999984741211,114.1999969482422,106.0500030517578,107.0,1460413
2020-02-06,113.8000030517578,116.0,113.0999984741211,114.0,632153
2020-02-07,113.8499984741211,115.6999969482422,113.5,114.0,554480
2020-02-10,108.9499969482422,116.75,108.0,115.0500030517578,525335
2020-02-11,104.75,111.5500030517578,104.0999984741211,109.0500030517578,381464
2020-02-12,105.9000015258789,110.8000030517578,104.0,106.9499969482422,735245
2020-02-13,103.0999984741211,106.75,102.0,106.75,496220
2020-02-14,102.6500015258789,105.3499984741211,102.0999984741211,103.9000015258789,437604
2020-02-17,99.5500030517578,102.4499969482422,98.5,102.0,372660
2020-02-18,97.25,99.5500030517578,94.75,98.6999969482422,485244
2020-02-19,97.8499984741211,99.3000030517578,97.5999984741211,98.0,824261
2020-02-20,99.5,101.5,98.0999984741211,98.8499984741211,307685
2020-02-24,95.5999984741211,98.9000015258789,95.1500015258789,98.9000015258789,275722
2020-02-25,93.5,96.0,92.6999969482422,95.75,280593
2020-02-26,92.9000015258789,93.4000015258789,90.5500030517578,92.9000015258789,183003
2020-02-27,93.1500015258789,94.9000015258789,91.3499984741211,93.0,288148
2020-02-28,90.3499984741211,91.6999969482422,88.0,89.19999694824219,509207
2020-03-02,87.0999984741211,94.3000030517578,83.8499984741211,91.3000030517578,430533
2020-03-03,87.80000305175781,89.69999694824219,85.5,88.19999694824219,161707
2020-03-04,86.25,89.75,84.30000305175781,87.80000305175781,324534
2020-03-05,86.19999694824219,89.69999694824219,85.19999694824219,86.30000305175781,173913
2020-03-06,84.6500015258789,88.25,79.0999984741211,80.0999984741211,228161
2020-03-09,79.3499984741211,82.9000015258789,77.55000305175781,82.9000015258789,316682
2020-03-11,78.94999694824219,79.69999694824219,76.0,76.0,369657
2020-03-12,63.20000076293945,77.0,63.20000076293945,77.0,959618
2020-03-13,62.59999847412109,64.0,50.59999847412109,50.59999847412109,3681269
2020-03-16,66.0,68.0,56.0,61.0,357762
2020-03-17,59.400001525878906,68.0,56.0,64.4000015258789,342940
2020-03-18,56.75,62.650001525878906,56.0,60.5,263208
2020-03-19,52.70000076293945,55.95000076293945,49.150001525878906,55.400001525878906,1072603
2020-03-20,55.900001525878906,56.900001525878906,52.0,54.5,822758
2020-03-23,45.84999847412109,52.79999923706055,45.0,48.0,410593
2020-03-24,44.650001525878906,50.400001525878906,41.29999923706055,50.400001525878906,433709
2020-03-25,44.34999847412109,46.0,42.54999923706055,43.0,171065
2020-03-26,45.400001525878906,48.400001525878906,41.54999923706055,45.79999923706055,393007
2020-03-27,43.900001525878906,48.900001525878906,43.29999923706055,47.84999847412109,498597
2020-03-30,40.150001525878906,43.79999923706055,39.79999923706055,43.0,444089
2020-03-31,41.34999847412109,42.0,40.400001525878906,42.0,762117
2020-04-01,39.400001525878906,42.5,39.20000076293945,40.79999923706055,447541
2020-04-03,37.5,41.0,37.04999923706055,41.0,514562
2020-04-07,38.84999847412109,39.5,37.75,39.0,500200
2020-04-08,42.70000076293945,42.70000076293945,37.79999923706055,38.34999847412109,1577514
2020-04-09,50.45000076293945,51.20000076293945,44.29999923706055,45.900001525878906,1784813
2020-04-13,49.5,53.0,46.150001525878906,50.5,631550
2020-04-15,51.75,55.20000076293945,47.0,49.5,1366366
2020-04-16,61.29999923706055,62.09999847412109,52.0,53.0,4084563
2020-04-17,64.5999984741211,67.3499984741211,63.0,65.4000015258789,1308571
2020-04-20,68.8499984741211,69.9000015258789,67.05000305175781,68.44999694824219,1197136
2020-04-21,62.0,68.5,62.0,68.0,626582
2020-04-22,64.4000015258789,65.5,57.0,62.0,597769
2020-04-23,64.05000305175781,67.5,63.04999923706055,65.0,331999
2020-04-24,60.150001525878906,63.84999847412109,60.0,63.84999847412109,328263
2020-04-27,59.650001525878906,62.5,59.25,60.150001525878906,226593
2020-04-28,60.650001525878906,61.95000076293945,56.0,59.650001525878906,294005
2020-04-29,60.04999923706055,62.0,59.5,62.0,345547
2020-04-30,64.0,65.0,60.650001525878906,61.09999847412109,1210824
2020-05-04,59.29999923706055,63.0,58.79999923706055,63.0,358519
2020-05-05,58.45000076293945,60.95000076293945,57.900001525878906,60.0,201062
2020-05-06,59.29999923706055,62.0,59.0,62.0,654698
2020-05-07,59.75,61.09999847412109,58.34999847412109,59.5,488162
2020-05-08,59.79999923706055,63.0,58.84999847412109,63.0,1033794
2020-05-11,58.400001525878906,60.75,58.20000076293945,60.20000076293945,249685
2020-05-12,56.20000076293945,58.25,55.400001525878906,58.25,329374
2020-05-13,59.900001525878906,61.400001525878906,58.0,61.0,765753
2020-05-14,58.29999923706055,59.84999847412109,58.04999923706055,59.29999923706055,225776
2020-05-15,56.75,59.34999847412109,56.34999847412109,58.70000076293945,312007
2020-05-18,53.79999923706055,56.70000076293945,53.45000076293945,56.0,239567
2020-05-19,51.650001525878906,54.5,50.400001525878906,54.0,246895
2020-05-20,51.75,53.0,51.400001525878906,52.0,236979
2020-05-21,51.95000076293945,53.5,51.70000076293945,52.0,238650
2020-05-22,51.29999923706055,52.75,51.0,52.29999923706055,111314
2020-05-26,50.95000076293945,52.54999923706055,50.79999923706055,52.45000076293945,160003
2020-05-27,50.25,51.150001525878906,50.0,50.59999847412109,271370
2020-05-28,51.900001525878906,52.45000076293945,50.75,50.79999923706055,262114
2020-05-29,49.20000076293945,53.34999847412109,48.650001525878906,51.900001525878906,1227513
2020-06-01,51.75,52.34999847412109,50.29999923706055,50.34999847412109,644992
2020-06-02,53.59999847412109,54.0,52.5,52.5,837817
2020-06-03,53.09999847412109,55.59999847412109,53.0,55.25,703665
2020-06-04,52.04999923706055,54.0,51.54999923706055,53.09999847412109,347417
2020-06-05,52.95000076293945,54.25,52.20000076293945,52.5,1086328
2020-06-08,53.900001525878906,56.20000076293945,53.59999847412109,53.900001525878906,1539161
2020-06-09,53.34999847412109,55.400001525878906,52.79999923706055,55.20000076293945,1030966
2020-06-10,53.04999923706055,53.900001525878906,52.34999847412109,53.5,683891
2020-06-11,52.150001525878906,54.900001525878906,51.70000076293945,52.95000076293945,1966068
2020-06-12,52.29999923706055,52.400001525878906,49.0,49.0,816082
2020-06-15,53.25,56.900001525878906,52.04999923706055,53.0,5379019
2020-06-16,56.29999923706055,58.0,53.150001525878906,56.900001525878906,6779878
2020-06-17,59.09999847412109,60.5,56.400001525878906,57.0,6346210
2020-06-18,62.900001525878906,63.79999923706055,60.150001525878906,60.5,5355142
2020-06-19,64.80000305175781,67.30000305175781,64.30000305175781,65.75,5037764
2020-06-22,68.30000305175781,69.3499984741211,65.0,67.3499984741211,6083117
2020-06-23,66.75,69.6500015258789,64.44999694824219,69.44999694824219,3112491
2020-06-24,64.1500015258789,67.69999694824219,64.0,67.69999694824219,2343820
2020-06-25,63.900001525878906,65.30000305175781,61.45000076293945,64.0999984741211,1862275
2020-06-26,63.0,64.80000305175781,62.54999923706055,63.59999847412109,1107156
2020-06-29,61.0,62.95000076293945,60.0,62.900001525878906,1121889
2020-06-30,61.59999847412109,62.70000076293945,61.0,61.45000076293945,1183609
2020-07-01,62.400001525878906,63.59999847412109,60.400001525878906,62.29999923706055,3834794
2020-07-02,62.75,64.0,62.34999847412109,63.59999847412109,1305668
2020-07-03,62.25,63.150001525878906,61.70000076293945,62.900001525878906,937509
2020-07-06,62.150001525878906,62.95000076293945,61.20000076293945,62.29999923706055,1470833
2020-07-07,63.84999847412109,64.9000015258789,62.04999923706055,62.5,2126263
2020-07-08,64.0,66.44999694824219,63.59999847412109,64.25,2920455
2020-07-09,64.44999694824219,65.75,64.30000305175781,64.55000305175781,1206076
2020-07-10,62.150001525878906,64.44999694824219,61.54999923706055,63.09999847412109,1447604
2020-07-13,62.09999847412109,63.29999923706055,61.79999923706055,62.95000076293945,746998
2020-07-14,61.34999847412109,62.95000076293945,60.95000076293945,61.5,1775905
2020-07-15,57.45000076293945,61.95000076293945,57.0,61.95000076293945,2349376
2020-07-16,57.09999847412109,58.84999847412109,54.45000076293945,57.70000076293945,1720755
2020-07-17,57.70000076293945,58.34999847412109,56.900001525878906,57.45000076293945,842145
2020-07-20,58.400001525878906,59.0,57.34999847412109,58.04999923706055,831654
2020-07-21,57.900001525878906,59.400001525878906,57.09999847412109,58.400001525878906,1030404
2020-07-22,56.84999847412109,58.20000076293945,56.5,57.75,892387
2020-07-23,56.79999923706055,57.20000076293945,56.0,56.84999847412109,1060956
2020-07-24,57.25,58.54999923706055,56.150001525878906,56.650001525878906,1451696
2020-07-27,55.5,58.0,55.20000076293945,58.0,620911
2020-07-28,52.0,55.84999847412109,51.650001525878906,55.5,2089795
2020-07-29,52.0,53.29999923706055,51.70000076293945,52.09999847412109,1343454
2020-07-30,51.900001525878906,54.0,51.79999923706055,52.5,1342094
2020-07-31,50.54999923706055,52.70000076293945,50.0,52.25,1308987
2020-08-03,53.0,53.84999847412109,50.0,50.70000076293945,1018812
2020-08-04,54.95000076293945,55.09999847412109,53.45000076293945,53.95000076293945,1090342
2020-08-05,56.0,56.5,53.84999847412109,55.29999923706055,1198073
2020-08-06,57.09999847412109,57.400001525878906,55.0,56.20000076293945,1421006
2020-08-07,58.0,58.400001525878906,56.75,57.29999923706055,1098659
2020-08-10,62.900001525878906,63.0,58.54999923706055,59.0,3613365
2020-08-11,63.5,65.0,60.04999923706055,63.0,5078771
2020-08-12,60.400001525878906,63.29999923706055,59.5,63.0,1733528
2020-08-13,64.55000305175781,66.4000015258789,61.34999847412109,61.45000076293945,8741021
2020-08-14,70.9000015258789,72.75,65.55000305175781,66.0,12723487
2020-08-17,74.5,78.5,72.5,77.3499984741211,9885384
2020-08-18,72.1500015258789,74.9000015258789,71.55000305175781,74.5,3163599
2020-08-19,73.4000015258789,74.94999694824219,72.5999984741211,73.75,3006156
2020-08-20,71.9000015258789,73.25,70.19999694824219,72.0,1790163
2020-08-21,69.9000015258789,73.19999694824219,68.0999984741211,72.9000015258789,2113144
2020-08-24,72.80000305175781,73.5999984741211,71.0,71.0,2789366
2020-08-25,74.8499984741211,76.9000015258789,71.25,73.4000015258789,4891372
2020-08-26,76.80000305175781,79.0,75.19999694824219,75.4000015258789,6282979
2020-08-27,75.4000015258789,77.69999694824219,75.19999694824219,77.3499984741211,1733456
2020-08-28,73.44999694824219,76.0,73.05000305175781,76.0,1773300
2020-08-31,68.1500015258789,74.0,65.25,73.5,2961022
2020-09-01,68.69999694824219,69.8499984741211,66.55000305175781,68.80000305175781,1082706
2020-09-02,70.3499984741211,71.55000305175781,68.5,69.4000015258789,697403
2020-09-03,70.69999694824219,72.69999694824219,70.0999984741211,71.0,863397
2020-09-04,69.25,70.5,68.0999984741211,68.9000015258789,1030545
2020-09-07,68.1500015258789,70.69999694824219,67.80000305175781,69.4000015258789,778740
2020-09-08,71.25,73.4000015258789,70.25,70.4000015258789,3516120
2020-09-09,68.75,70.5,68.0,70.5,1416497
2020-09-10,69.19999694824219,71.75,69.0,69.9000015258789,1164435
2020-09-11,69.0,70.1500015258789,68.80000305175781,69.6500015258789,570714
2020-09-14,70.44999694824219,71.5,69.0999984741211,70.0,1719932
2020-09-15,71.75,72.44999694824219,70.19999694824219,71.4000015258789,1426257
2020-09-16,70.75,72.75,70.5,72.4000015258789,845737
2020-09-17,70.19999694824219,70.75,69.69999694824219,70.5999984741211,518775
2020-09-18,71.9000015258789,72.44999694824219,69.5,70.5,1156565
2020-09-21,67.94999694824219,72.9000015258789,67.0,72.0,1129840
2020-09-22,65.44999694824219,68.5,62.04999923706055,68.0,1443794
2020-09-23,65.44999694824219,67.69999694824219,64.05000305175781,66.19999694824219,702009
2020-09-24,64.94999694824219,69.19999694824219,62.45000076293945,64.0999984741211,985839
2020-09-25,65.5999984741211,66.25,64.1500015258789,66.19999694824219,833236
2020-09-28,65.94999694824219,67.0,65.69999694824219,65.75,722464
2020-09-29,64.69999694824219,66.75,64.0,66.44999694824219,653427
2020-09-30,64.44999694824219,65.19999694824219,63.54999923706055,64.9000015258789,389163
2020-10-01,65.55000305175781,66.80000305175781,64.94999694824219,65.0,504827
2020-10-05,65.6500015258789,66.5,65.5,66.4000015258789,277062
2020-10-06,65.69999694824219,66.44999694824219,65.5,66.0999984741211,378570
2020-10-07,64.94999694824219,66.0,64.55000305175781,65.69999694824219,279482
2020-10-08,63.79999923706055,65.4000015258789,63.5,65.4000015258789,442382
2020-10-09,63.34999847412109,64.05000305175781,63.09999847412109,63.70000076293945,345666
2020-10-12,62.84999847412109,64.4000015258789,62.59999847412109,63.0,343417
2020-10-13,61.650001525878906,62.84999847412109,61.5,62.84999847412109,352213
2020-10-14,61.650001525878906,62.5,60.5,61.5,703589
2020-10-15,61.95000076293945,63.5,61.54999923706055,61.79999923706055,454062
2020-10-16,62.09999847412109,63.0,61.04999923706055,61.95000076293945,292674
2020-10-19,61.95000076293945,63.150001525878906,61.70000076293945,62.59999847412109,264712
2020-10-20,61.79999923706055,62.0,61.45000076293945,61.95000076293945,251897
2020-10-21,62.34999847412109,63.0,61.400001525878906,62.20000076293945,354871
2020-10-22,63.25,64.0,61.900001525878906,62.650001525878906,472590
2020-10-23,63.45000076293945,64.0999984741211,62.79999923706055,63.900001525878906,318251
2020-10-26,63.400001525878906,64.44999694824219,63.04999923706055,63.79999923706055,338433
2020-10-27,62.650001525878906,63.70000076293945,62.09999847412109,63.25,301483
2020-10-28,62.0,63.0,61.650001525878906,62.5,181573
2020-10-29,60.54999923706055,61.45000076293945,60.09999847412109,61.45000076293945,299112
2020-10-30,60.70000076293945,61.400001525878906,60.25,60.650001525878906,235961
2020-11-02,60.20000076293945,61.70000076293945,59.75,60.0,239631
2020-11-03,61.29999923706055,63.0,60.29999923706055,60.400001525878906,360566
2020-11-04,61.400001525878906,63.0,60.84999847412109,61.29999923706055,237160
2020-11-05,62.04999923706055,62.75,61.650001525878906,61.79999923706055,280842
2020-11-06,62.79999923706055,63.70000076293945,62.09999847412109,62.79999923706055,378718
2020-11-09,63.5,64.25,62.95000076293945,63.25,358712
2020-11-10,62.75,64.0,62.34999847412109,63.25,509283
2020-11-11,65.05000305175781,65.5,63.900001525878906,63.900001525878906,1050311
2020-11-12,69.25,70.4000015258789,66.6500015258789,67.0,4724565
2020-11-13,69.0,69.5999984741211,68.0,69.25,1164545
2020-11-14,69.0,70.3499984741211,68.5,69.9000015258789,381034
2020-11-17,71.30000305175781,71.8499984741211,69.5999984741211,70.0,1849361
2020-11-18,72.0,72.3499984741211,70.30000305175781,71.69999694824219,1391803
2020-11-19,73.80000305175781,75.9000015258789,71.4000015258789,71.80000305175781,3532446
2020-11-20,74.05000305175781,75.5,73.3499984741211,74.25,1573742
2020-11-23,73.5999984741211,74.94999694824219,72.1500015258789,74.75,1313493
2020-11-24,73.8499984741211,74.5,73.05000305175781,74.30000305175781,953597
2020-11-25,71.44999694824219,74.80000305175781,70.80000305175781,74.80000305175781,1386078
2020-11-26,72.1500015258789,72.44999694824219,71.19999694824219,72.0,497352
2020-11-27,77.5999984741211,79.9000015258789,72.0999984741211,72.30000305175781,7140417
2020-12-01,79.3499984741211,80.0,77.80000305175781,78.4000015258789,3749190
2020-12-02,80.30000305175781,81.9000015258789,79.25,80.1500015258789,2607733
2020-12-03,83.25,83.69999694824219,81.0,81.05000305175781,2217614
2020-12-04,86.6500015258789,87.0,84.0,84.0999984741211,3220938
2020-12-07,95.8499984741211,99.4000015258789,87.5,87.6500015258789,8347739
2020-12-08,100.9499969482422,105.0,95.1500015258789,98.5999984741211,7916803
2020-12-09,95.5,102.9499969482422,94.5500030517578,101.6999969482422,4242105
2020-12-10,92.5999984741211,95.3000030517578,90.0,95.3000030517578,2713135
2020-12-11,96.4000015258789,97.5500030517578,92.5999984741211,93.3000030517578,2354780
2020-12-14,94.9000015258789,98.5999984741211,94.4499969482422,98.0,1450070
2020-12-15,94.5500030517578,94.8499984741211,92.6999969482422,94.8000030517578,1238981
2020-12-16,93.0,95.9499969482422,92.8000030517578,95.1999969482422,1248910
2020-12-17,91.9000015258789,93.8000030517578,91.3000030517578,93.0,1051455
2020-12-18,90.0,91.8499984741211,88.25,91.25,1114030
2020-12-21,82.0999984741211,89.8499984741211,76.19999694824219,89.8499984741211,2195813
2020-12-22,84.55000305175781,85.0,76.5999984741211,80.0,2219130
2020-12-23,94.25,95.5,83.3499984741211,84.80000305175781,3730472
2020-12-24,93.0,97.0,92.0,95.4499969482422,2330719
2020-12-28,92.25,94.8000030517578,89.3499984741211,94.0500030517578,1220454
2020-12-29,90.8499984741211,93.1500015258789,90.0999984741211,92.3000030517578,779821
2020-12-30,90.1500015258789,90.9499969482422,88.55000305175781,90.9499969482422,612323
2020-12-31,92.6500015258789,93.0,89.0,89.9000015258789,1760459
2021-01-01,93.4499969482422,94.0,92.1500015258789,92.5,1283612
2021-01-04,92.9000015258789,94.5,92.0500030517578,94.1999969482422,902367
2021-01-05,93.3499984741211,93.8499984741211,91.0999984741211,92.0,1404207
2021-01-06,93.6500015258789,95.0999984741211,92.0500030517578,94.0,1283103
2021-01-07,95.25,96.5,93.5,94.5,2360912
2021-01-08,94.8499984741211,96.3499984741211,94.4000015258789,96.0,1202749
2021-01-11,96.5,97.9000015258789,94.0500030517578,95.8000030517578,1791834
2021-01-12,95.75,97.6999969482422,94.8000030517578,96.9000015258789,1038894
2021-01-13,94.1500015258789,96.5,93.1999969482422,95.8499984741211,1376513
2021-01-14,95.0,95.4499969482422,93.0,94.6999969482422,763223
2021-01-15,93.8499984741211,95.75,93.0999984741211,94.5,725781
2021-01-18,91.1500015258789,94.0,90.5,94.0,703549
2021-01-19,92.0500030517578,94.8499984741211,91.1500015258789,91.1500015258789,781343
2021-01-20,93.6500015258789,95.0,91.9499969482422,92.0999984741211,589386
2021-01-21,93.5500030517578,96.5,92.5999984741211,94.0,1768411
2021-01-22,92.5,95.6500015258789,92.0999984741211,93.6999969482422,835693
2021-01-25,90.4499969482422,93.5999984741211,86.19999694824219,92.5999984741211,1098492
2021-01-27,87.8499984741211,90.0,87.55000305175781,89.9000015258789,672176
2021-01-28,88.0,90.5,85.1500015258789,86.0,764021
2021-01-29,87.4000015258789,90.6999969482422,87.0,88.8499984741211,693429
2021-02-01,96.6500015258789,98.3000030517578,87.80000305175781,88.5999984741211,3588037
2021-02-02,100.6999969482422,102.0,94.3000030517578,98.4000015258789,3164484
2021-02-03,107.1500015258789,109.4000015258789,100.0,101.6999969482422,5620724
2021-02-04,102.4499969482422,110.0,101.4000015258789,107.8499984741211,4382618
2021-02-05,103.9499969482422,105.3499984741211,97.5999984741211,103.4499969482422,2917928
2021-02-08,104.75,108.9000015258789,102.1999969482422,108.5,4445775
2021-02-09,110.6999969482422,114.3000030517578,105.5999984741211,105.9000015258789,8373160
2021-02-10,111.8000030517578,113.0500030517578,109.0,111.9000015258789,2891204
2021-02-11,110.9000015258789,112.5,110.0,111.8000030517578,1357621
2021-02-12,109.8499984741211,113.6999969482422,108.0999984741211,111.3499984741211,1654885
2021-02-15,106.8000030517578,111.4000015258789,106.0,110.9499969482422,1174702
2021-02-16,116.75,118.0999984741211,107.1500015258789,107.8000030517578,3673550
2021-02-17,114.3499984741211,118.5999984741211,113.4000015258789,116.5,1757665
2021-02-18,112.3499984741211,118.0,111.6999969482422,115.1999969482422,2061398
2021-02-19,110.9000015258789,114.6999969482422,108.1999969482422,111.9000015258789,1203635
2021-02-22,107.5,111.9000015258789,106.0500030517578,111.8000030517578,1010405
2021-02-23,109.5500030517578,111.5,105.1500015258789,107.5,1074830
2021-02-24,114.0999984741211,114.9499969482422,109.0999984741211,109.4000015258789,834395
2021-02-25,113.3000030517578,115.8000030517578,111.0,115.0999984741211,894987
2021-02-26,113.0999984741211,114.6999969482422,108.9000015258789,109.6999969482422,1019078
2021-03-01,111.8499984741211,114.4499969482422,111.0999984741211,114.1999969482422,944045
2021-03-02,110.6999969482422,113.4499969482422,110.1999969482422,112.8000030517578,1097255
2021-03-03,112.25,114.0,111.0,111.4000015258789,864468
2021-03-04,116.25,118.4000015258789,110.25,110.25,2203348
2021-03-05,113.5500030517578,115.9499969482422,111.5,115.9499969482422,958590
2021-03-08,113.8499984741211,116.75,113.25,114.9499969482422,1089967
2021-03-09,111.6999969482422,115.5,110.25,115.4000015258789,570899
2021-03-10,111.0999984741211,113.0,110.5999984741211,112.3000030517578,723455
2021-03-12,109.4000015258789,112.9000015258789,108.9000015258789,112.0,884392
2021-03-15,107.4000015258789,111.0,106.1999969482422,111.0,721842
2021-03-16,107.9499969482422,109.6999969482422,106.1999969482422,108.0,675742
2021-03-17,109.5500030517578,112.6999969482422,108.25,110.8499984741211,2075090
2021-03-18,104.5500030517578,111.8000030517578,102.3000030517578,111.1999969482422,1029134
2021-03-19,103.1500015258789,103.9000015258789,96.3000030517578,103.0,1403921
2021-03-22,102.6999969482422,104.5999984741211,102.3000030517578,104.4499969482422,771374
2021-03-23,102.1999969482422,104.8499984741211,101.5500030517578,103.0,702837
2021-03-24,97.5500030517578,103.9499969482422,97.0,101.5999984741211,966015
2021-03-25,94.1500015258789,98.6999969482422,92.25,97.5500030517578,977628
2021-03-26,95.1999969482422,97.9499969482422,94.5500030517578,94.5999984741211,729843
2021-03-30,101.0,102.8000030517578,95.5,95.5,1617047
2021-03-31,101.9000015258789,103.4000015258789,99.5999984741211,101.4499969482422,744957
2021-04-01,100.5999984741211,103.9499969482422,100.0,102.3000030517578,705285
2021-04-05,96.25,100.5999984741211,95.0,100.0,956392
2021-04-06,96.0500030517578,97.75,95.25,96.5500030517578,466045
2021-04-07,96.5500030517578,97.4000015258789,95.5999984741211,95.5999984741211,355258
2021-04-08,96.9000015258789,98.5,96.5500030517578,96.5500030517578,530467
2021-04-09,96.9499969482422,97.5500030517578,96.0,96.9000015258789,373386
2021-04-12,87.3499984741211,95.0,85.05000305175781,94.1999969482422,1776375
2021-04-13,90.8499984741211,92.6500015258789,86.75,87.3499984741211,1257101
2021-04-15,88.8499984741211,90.1999969482422,86.30000305175781,90.0,681772
2021-04-16,91.25,98.75,90.0,93.9499969482422,8092640
2021-04-19,84.9000015258789,88.5,84.0,86.94999694824219,2382281
2021-04-20,83.94999694824219,88.19999694824219,83.0999984741211,85.5,1825864
2021-04-22,83.6500015258789,84.0,81.4000015258789,83.8499984741211,1172971
2021-04-23,84.05000305175781,85.44999694824219,82.25,83.0,802450
2021-04-26,83.94999694824219,89.0,83.19999694824219,86.0,1269926
2021-04-27,82.9000015258789,84.94999694824219,82.3499984741211,84.0,1674239
2021-04-28,83.19999694824219,84.5,82.30000305175781,83.9000015258789,1609140
2021-04-29,83.4000015258789,87.25,82.94999694824219,84.30000305175781,3050884
2021-04-30,82.55000305175781,85.9000015258789,82.0,82.8499984741211,2021987
2021-05-03,81.8499984741211,83.94999694824219,81.5,82.4000015258789,1252825
2021-05-04,79.8499984741211,83.3499984741211,79.69999694824219,82.44999694824219,2140403
2021-05-05,78.9000015258789,80.80000305175781,78.69999694824219,80.69999694824219,1196773
2021-05-06,78.6500015258789,80.0,78.4000015258789,79.5,759701
2021-05-07,78.9000015258789,80.8499984741211,78.75,79.5,1719489
2021-05-10,83.19999694824219,84.0999984741211,79.0,79.80000305175781,2763156
2021-05-11,84.19999694824219,85.25,82.0999984741211,82.69999694824219,2729061
2021-05-12,87.44999694824219,89.9000015258789,84.30000305175781,85.5,3505353
2021-05-14,85.75,90.0,85.0,88.1500015258789,1650375
2021-05-17,85.25,87.8499984741211,84.6500015258789,86.0,1382081
2021-05-18,84.6500015258789,86.5,84.4000015258789,85.5999984741211,1644393
2021-05-19,87.9000015258789,88.4000015258789,84.6500015258789,85.0999984741211,1922616
2021-05-20,86.30000305175781,88.80000305175781,86.0,88.19999694824219,1248872
2021-05-21,87.30000305175781,88.30000305175781,86.4000015258789,86.9000015258789,1165575
2021-05-24,91.0,93.5,87.5,87.5999984741211,6029827
2021-05-25,93.75,94.8000030517578,92.0999984741211,92.0999984741211,3455140
2021-05-26,91.75,95.75,91.1500015258789,94.5,2688324
2021-05-27,92.4000015258789,94.4000015258789,91.6500015258789,92.4499969482422,1368059
2021-05-28,93.1500015258789,95.1999969482422,91.8000030517578,95.0,2371198
2021-05-31,94.0,94.9499969482422,93.0999984741211,94.0,1534757
2021-06-01,92.0500030517578,94.5,91.25,94.4000015258789,1170907
2021-06-02,93.1500015258789,93.5,91.3000030517578,91.8499984741211,902218
2021-06-03,93.5500030517578,94.5,93.3499984741211,94.0,928497
2021-06-04,93.0,94.5,92.0,94.0,904346
2021-06-07,94.3000030517578,95.6999969482422,93.3499984741211,94.25,1597225
2021-06-08,93.4000015258789,95.4000015258789,93.0,94.6999969482422,903965
2021-06-09,98.1500015258789,99.5,93.5500030517578,93.75,8917829
2021-06-10,97.0500030517578,101.8499984741211,96.0,99.1999969482422,4911781
2021-06-11,100.4499969482422,101.8000030517578,96.5500030517578,97.8000030517578,7566848
2021-06-14,98.8000030517578,101.0,95.0999984741211,101.0,2719045
2021-06-15,99.9000015258789,102.6500015258789,99.0500030517578,99.5999984741211,2623527
2021-06-16,100.9499969482422,102.0,98.5999984741211,100.6999969482422,2872322
2021-06-17,100.0500030517578,103.3499984741211,99.0500030517578,100.4499969482422,3277843
2021-06-18,99.4000015258789,102.25,88.0,101.0,3123540
2021-06-21,98.5500030517578,101.6999969482422,96.1500015258789,97.8000030517578,2199502
2021-06-22,97.5999984741211,100.4499969482422,97.25,99.6999969482422,1193580
2021-06-23,101.6500015258789,104.0,99.1999969482422,99.8000030517578,6619664
2021-06-24,103.5,104.0,102.1500015258789,103.0,3966382
2021-06-25,104.4000015258789,107.5,103.3000030517578,104.1999969482422,4623268
2021-06-28,105.9000015258789,108.3499984741211,104.0999984741211,105.1999969482422,3654780
2021-06-29,108.9499969482422,109.75,106.0,106.0,3484835
2021-06-30,110.6500015258789,112.5,107.5500030517578,109.3499984741211,5441426
2021-07-01,109.25,112.5,108.75,111.5999984741211,2733018
2021-07-02,112.1999969482422,112.8000030517578,109.1500015258789,109.4499969482422,3162607
2021-07-05,115.25,117.6500015258789,112.0,112.5500030517578,6058002
2021-07-06,111.6500015258789,116.5500030517578,110.0500030517578,115.5500030517578,3033783
2021-07-07,110.0500030517578,111.5,109.0999984741211,111.25,1391136
2021-07-08,110.8499984741211,112.8000030517578,109.25,110.0500030517578,1656946
2021-07-09,114.8000030517578,115.8000030517578,109.5,111.3499984741211,4560265
2021-07-12,111.8000030517578,116.5500030517578,111.1500015258789,115.6999969482422,2593028
2021-07-13,112.0,116.9499969482422,111.1500015258789,114.75,4442031
2021-07-14,109.8499984741211,113.4499969482422,109.4000015258789,112.0,2173760
2021-07-15,107.8499984741211,111.9499969482422,107.0999984741211,110.6999969482422,2043925
2021-07-16,107.5999984741211,112.0,107.1500015258789,108.6999969482422,2579660
2021-07-19,108.0,109.9000015258789,107.4000015258789,107.5999984741211,1898992
2021-07-20,104.5500030517578,109.5,100.9499969482422,108.9000015258789,2295725
2021-07-22,105.9499969482422,106.8000030517578,105.0500030517578,105.75,1280078
2021-07-23,104.4000015258789,106.9000015258789,104.0999984741211,106.9000015258789,929835
2021-07-26,102.6500015258789,104.4000015258789,102.1500015258789,104.4000015258789,992280
2021-07-27,101.4499969482422,104.9000015258789,101.0,103.0500030517578,1206325
2021-07-28,100.9000015258789,101.6999969482422,99.0500030517578,101.4000015258789,969741
2021-07-29,105.8000030517578,106.5,101.5500030517578,101.5999984741211,1713927
2021-07-30,107.4000015258789,110.5,104.75,105.5500030517578,3894074
2021-08-02,106.0500030517578,110.0,105.3499984741211,108.25,1643593
2021-08-03,103.5,106.6500015258789,102.6999969482422,106.0999984741211,1083056
2021-08-04,103.3000030517578,105.75,102.8000030517578,104.0,1077247
2021-08-05,102.5999984741211,105.0,100.5,103.3000030517578,1571163
2021-08-06,103.0,103.6999969482422,102.3499984741211,102.5,632527
2021-08-09,102.5999984741211,103.6999969482422,101.6999969482422,103.6999969482422,568195
2021-08-10,99.5999984741211,102.8499984741211,96.0999984741211,102.0500030517578,2159395
2021-08-11,97.5,99.6500015258789,94.5,98.0,1712766
2021-08-12,100.6999969482422,101.5,98.1999969482422,98.3000030517578,796560
2021-08-13,104.9000015258789,105.9000015258789,102.0,102.0,2836759
2021-08-16,106.5500030517578,107.1999969482422,104.25,105.4000015258789,1689670
2021-08-17,102.5500030517578,106.8000030517578,101.9000015258789,106.8000030517578,1219914
2021-08-18,101.5500030517578,103.5,100.6999969482422,103.5,1074635
2021-08-20,99.3499984741211,102.8000030517578,98.0500030517578,100.0,2177793
2021-08-23,95.9499969482422,102.4499969482422,95.5,100.6999969482422,1347971
2021-08-24,100.25,100.9000015258789,96.4499969482422,96.4499969482422,1244075
2021-08-25,99.0999984741211,101.6500015258789,98.5,100.4499969482422,674370
2021-08-26,98.4000015258789,99.9000015258789,97.5,98.3000030517578,515441
2021-08-27,98.6999969482422,99.5999984741211,97.5500030517578,98.4000015258789,599055
2021-08-30,99.5999984741211,100.75,99.1500015258789,99.75,542392
2021-08-31,99.9499969482422,101.4499969482422,99.6999969482422,100.0999984741211,817273
2021-09-01,100.0,101.0999984741211,98.8000030517578,99.9499969482422,811642
2021-09-02,101.4000015258789,102.9499969482422,99.8499984741211,100.0,1250056
2021-09-03,100.4000015258789,102.5,100.0500030517578,100.25,831762
2021-09-06,101.6500015258789,107.3000030517578,101.1500015258789,107.0,4459336
2021-09-07,103.0,104.8499984741211,101.75,102.0,2044332
2021-09-08,102.4499969482422,103.6999969482422,102.1500015258789,103.5,770785
2021-09-09,102.5,105.3499984741211,101.0,101.0,1934175
2021-09-13,103.5,104.9000015258789,101.5,102.0,1821990
2021-09-14,102.25,105.0,102.0,104.4499969482422,1130549
2021-09-15,101.8499984741211,104.8000030517578,101.4000015258789,102.3000030517578,1000578
2021-09-16,100.9000015258789,102.4000015258789,100.8000030517578,101.6500015258789,963087
2021-09-17,99.3000030517578,101.8000030517578,98.4000015258789,101.1999969482422,997889
2021-09-20,97.1500015258789,100.75,97.0,97.5,896071
2021-09-21,96.0500030517578,97.8499984741211,95.5,97.8000030517578,931648
2021-09-22,94.9000015258789,98.5,94.6500015258789,96.6999969482422,1811016
2021-09-23,99.3499984741211,100.0,96.0,96.5,2760733
2021-09-24,97.1500015258789,101.4000015258789,96.75,100.4000015258789,1644115
2021-09-27,97.9499969482422,98.8000030517578,96.5999984741211,97.9000015258789,896855
2021-09-28,97.8000030517578,98.8000030517578,97.0999984741211,97.9499969482422,652235
2021-09-29,97.4000015258789,98.0,96.6500015258789,97.25,603320
2021-09-30,98.4499969482422,101.0,97.75,97.9000015258789,1153683
2021-10-01,97.9499969482422,99.25,96.6500015258789,96.6500015258789,654943
2021-10-04,99.0500030517578,99.5500030517578,98.0,98.6500015258789,1296970
2021-10-05,101.0,101.5,98.4000015258789,98.8000030517578,1539281
2021-10-06,99.25,103.6999969482422,99.0,102.0,1837709
2021-10-07,103.0999984741211,103.5,99.5,100.5,4723448
2021-10-08,116.0999984741211,118.25,103.5,103.8000030517578,23242492
2021-10-11,119.5999984741211,124.0999984741211,116.0999984741211,117.6500015258789,10874456
2021-10-12,121.5,123.1999969482422,117.75,120.0,6549157
2021-10-13,118.0999984741211,125.0,117.0999984741211,122.3000030517578,4745240
2021-10-14,116.9499969482422,122.6500015258789,115.8499984741211,119.4000015258789,3043007
2021-10-18,120.4499969482422,124.0500030517578,118.1999969482422,124.0,3648341
2021-10-19,113.0500030517578,121.4499969482422,111.25,121.0,2525509
2021-10-20,112.9499969482422,115.4000015258789,108.0999984741211,113.0500030517578,2408180
2021-10-21,114.1500015258789,115.6500015258789,112.1500015258789,113.1999969482422,1503923
2021-10-22,112.6999969482422,116.4499969482422,111.9499969482422,114.0500030517578,1335098
2021-10-25,105.9000015258789,112.6999969482422,104.8499984741211,112.0,1639436
2021-10-26,109.9499969482422,110.8499984741211,106.0,106.0,1110770
2021-10-27,108.3000030517578,113.4000015258789,107.0,110.0,1308878
2021-10-28,105.3499984741211,108.4499969482422,103.1999969482422,107.0,847816
2021-10-29,104.6999969482422,106.5,102.0,104.0999984741211,926421
2021-11-01,103.5999984741211,106.8499984741211,102.3000030517578,105.5,969202
2021-11-02,107.5500030517578,108.3499984741211,104.0,104.0,1249710
2021-11-03,105.6999969482422,108.9000015258789,104.3000030517578,106.5500030517578,844560
2021-11-04,107.75,108.1999969482422,106.0,106.5500030517578,284181
2021-11-08,108.3499984741211,109.6500015258789,106.4499969482422,108.5,766501
2021-11-09,110.5500030517578,112.5,107.9000015258789,108.3499984741211,1107324
2021-11-10,110.75,112.8000030517578,108.8499984741211,109.0,857204
2021-11-11,110.25,111.6999969482422,109.5,111.25,635739
2021-11-12,108.4499969482422,111.3000030517578,108.0,110.9000015258789,600690
2021-11-15,103.4000015258789,107.4000015258789,102.75,107.0,940011
2021-11-16,101.6999969482422,107.0999984741211,101.5,106.4000015258789,2338881
2021-11-17,104.5500030517578,105.4499969482422,102.1999969482422,102.9499969482422,1275000
2021-11-18,103.8000030517578,105.9499969482422,102.5999984741211,105.8499984741211,1003877
2021-11-22,99.4000015258789,105.9499969482422,98.4499969482422,105.9000015258789,1599794
2021-11-23,100.3000030517578,103.1500015258789,97.0999984741211,99.1999969482422,1357866
2021-11-24,99.1999969482422,102.8499984741211,99.0,101.0,1552656
2021-11-25,99.9000015258789,101.8499984741211,99.3499984741211,100.0,1347573
2021-11-26,98.1500015258789,100.8499984741211,97.4499969482422,99.5,1273318
2021-11-29,94.5500030517578,98.5500030517578,92.25,98.3499984741211,1469047
2021-11-30,96.1999969482422,97.5,95.0999984741211,96.5500030517578,1115262
2021-12-01,96.1500015258789,97.8499984741211,95.75,96.1999969482422,823972
2021-12-02,96.5500030517578,97.5999984741211,95.6999969482422,96.9000015258789,806494
2021-12-03,100.4000015258789,104.4499969482422,96.8499984741211,97.1500015258789,5866647
2021-12-06,97.0500030517578,101.4000015258789,96.5,101.0,1079689
2021-12-07,96.4499969482422,98.4000015258789,96.25,97.9499969482422,1559142
2021-12-08,97.1500015258789,98.5500030517578,96.8499984741211,97.0500030517578,931451
2021-12-09,97.0999984741211,98.25,96.8000030517578,97.75,846913
2021-12-10,97.1500015258789,98.8000030517578,96.75,97.1500015258789,1355852
2021-12-13,96.4499969482422,99.1999969482422,95.8499984741211,98.0,1413553
2021-12-14,95.9499969482422,97.0999984741211,95.5,95.9499969482422,936599
2021-12-15,96.3499984741211,99.5999984741211,96.0,96.3000030517578,3753446
2021-12-16,94.9499969482422,97.8000030517578,94.4000015258789,97.4000015258789,1784753
2021-12-17,93.25,95.75,93.0,95.3000030517578,1082609
2021-12-20,89.0,92.5,87.55000305175781,92.5,1606257
2021-12-21,88.80000305175781,91.9499969482422,88.3499984741211,90.0999984741211,1388267
2021-12-22,90.4499969482422,90.9000015258789,89.05000305175781,89.5,953607
2021-12-23,94.0500030517578,94.4499969482422,90.8499984741211,91.0500030517578,1771426
2021-12-24,92.3000030517578,94.3000030517578,91.5500030517578,94.3000030517578,840390
2021-12-27,101.5500030517578,103.3000030517578,94.9499969482422,98.0500030517578,11075838
2021-12-28,98.6500015258789,102.5,98.0,101.4000015258789,3703759
2021-12-29,99.5500030517578,100.9499969482422,98.6500015258789,99.4000015258789,2525118
2021-12-30,99.0500030517578,100.0,97.5500030517578,100.0,1099879
2021-12-31,100.5500030517578,100.8499984741211,98.6500015258789,99.3000030517578,1768362
2022-01-03,102.6999969482422,103.8499984741211,100.6500015258789,100.8499984741211,2729802
2022-01-04,104.9000015258789,105.4000015258789,101.5,103.3000030517578,2723054
2022-01-05,107.9000015258789,108.5999984741211,103.3499984741211,105.0,3010416
2022-01-06,105.0500030517578,107.0,104.4000015258789,105.1500015258789,2181281
2022-01-07,102.75,106.4000015258789,102.0999984741211,105.0,1436767
2022-01-10,102.75,104.5999984741211,102.4499969482422,102.9000015258789,1408368
2022-01-11,101.9000015258789,103.75,101.6999969482422,103.0,803447
2022-01-12,101.9499969482422,103.4000015258789,101.6500015258789,102.3000030517578,716824
2022-01-13,104.5500030517578,106.8000030517578,101.4000015258789,102.0500030517578,1671276
2022-01-14,103.9499969482422,106.8499984741211,103.5,104.6999969482422,2472133
2022-01-17,104.1500015258789,105.5,103.75,104.75,796464
2022-01-18,101.8000030517578,104.5999984741211,101.4499969482422,104.5999984741211,929139
2022-01-19,100.75,101.6999969482422,99.0,101.5999984741211,1515220
2022-01-20,99.6999969482422,101.5999984741211,99.25,100.75,854941
2022-01-21,97.8000030517578,101.9000015258789,96.5,98.9499969482422,1193596
2022-01-24,93.8000030517578,97.9000015258789,92.1999969482422,97.5,1586290
2022-01-25,96.75,97.1500015258789,91.0999984741211,92.0,890791
2022-01-27,96.25,96.75,94.0999984741211,95.0,735599
2022-01-28,95.8000030517578,100.0,95.0999984741211,97.0,993040
2022-01-31,98.4000015258789,101.0,97.0,97.3000030517578,721919
2022-02-01,99.75,102.1999969482422,98.1500015258789,100.0,1486288
2022-02-02,100.3499984741211,101.6999969482422,100.1500015258789,100.5500030517578,598578
2022-02-03,98.5,100.75,98.1500015258789,100.3000030517578,751296
2022-02-04,97.9499969482422,99.4499969482422,97.4000015258789,98.5500030517578,727618
2022-02-07,98.5,99.8499984741211,98.0500030517578,99.75,847210
2022-02-08,94.5999984741211,98.9000015258789,94.1999969482422,98.9000015258789,1497852
2022-02-09,96.0,96.5500030517578,94.1999969482422,95.5999984741211,738706
2022-02-10,96.1500015258789,96.75,95.1999969482422,96.0500030517578,447999
2022-02-11,94.1999969482422,95.9499969482422,93.5,95.5,488450
2022-02-14,90.3000030517578,94.8499984741211,89.94999694824219,94.1999969482422,1083603
2022-02-15,92.4499969482422,92.75,87.55000305175781,91.0999984741211,1253044
2022-02-16,94.4000015258789,95.9000015258789,93.4499969482422,94.0,693987
2022-02-17,96.3499984741211,97.25,94.8000030517578,95.9000015258789,924078
2022-02-18,97.0500030517578,98.5999984741211,95.0,95.5,1025278
2022-02-21,93.25,97.8499984741211,91.0,97.8499984741211,637917
2022-02-22,90.9000015258789,92.4000015258789,89.9000015258789,91.0,790671
2022-02-23,92.0500030517578,93.75,91.0,92.0,506408
2022-02-24,81.69999694824219,90.4000015258789,80.1500015258789,90.0,1801482
2022-02-25,91.4499969482422,93.9000015258789,85.1500015258789,87.0,1823424
2022-02-28,93.0999984741211,93.5,87.19999694824219,90.0,1101745
2022-03-02,91.4000015258789,93.0999984741211,91.0999984741211,92.0,560109
2022-03-03,92.0500030517578,95.0500030517578,91.5,91.5999984741211,467031
2022-03-04,90.25,92.1500015258789,90.0,91.4000015258789,647037
2022-03-07,86.4000015258789,89.0,86.0,88.0999984741211,763309
2022-03-08,89.1500015258789,90.8000030517578,86.8499984741211,86.9000015258789,759709
2022-03-09,90.0,90.8000030517578,89.1500015258789,90.5,643845
2022-03-10,90.3000030517578,93.0,89.6500015258789,92.6999969482422,858639
2022-03-11,91.0500030517578,91.6500015258789,90.05000305175781,90.1999969482422,613151
2022-03-14,90.3499984741211,91.9499969482422,89.30000305175781,91.5,704483
2022-03-15,89.0,90.9499969482422,88.5999984741211,90.3499984741211,586336
2022-03-16,89.6500015258789,91.3000030517578,87.5999984741211,90.0999984741211,487649
2022-03-17,91.6500015258789,93.3000030517578,89.5999984741211,90.9499969482422,933492
2022-03-21,91.6500015258789,93.1500015258789,91.0,92.5,678660
2022-03-22,90.6500015258789,92.0,89.75,91.6999969482422,656354
2022-03-23,89.6500015258789,91.75,88.19999694824219,91.0,713712
2022-03-24,89.75,90.5500030517578,88.94999694824219,89.0,379751
2022-03-25,89.5,90.9000015258789,89.25,90.0999984741211,728025
2022-03-28,87.75,90.1999969482422,87.5,90.0,657987
2022-03-29,86.19999694824219,88.94999694824219,86.0,87.9000015258789,1574134
2022-03-30,85.80000305175781,88.0999984741211,85.5,87.55000305175781,1004235
2022-03-31,85.80000305175781,87.5,85.5,86.0,1281995
2022-04-01,89.44999694824219,89.9000015258789,86.05000305175781,86.5,890045
2022-04-04,90.05000305175781,91.0999984741211,88.75,90.25,1817103
2022-04-05,92.8000030517578,94.25,90.3499984741211,90.9000015258789,2122700
2022-04-06,94.0500030517578,94.9000015258789,91.6999969482422,92.5,1015028
2022-04-07,93.0,94.6500015258789,92.5,94.5999984741211,688108
2022-04-08,92.9499969482422,93.9499969482422,90.0,93.25,739579
2022-04-11,93.9499969482422,94.4499969482422,92.8000030517578,93.5999984741211,503415
2022-04-12,92.8000030517578,94.0,91.8000030517578,93.9499969482422,482881
2022-04-13,91.0500030517578,94.0,90.6500015258789,92.8000030517578,982307
2022-04-18,88.75,90.5999984741211,88.1500015258789,90.5999984741211,803915
2022-04-19,88.75,90.6999969482422,88.0,89.5999984741211,507601
2022-04-20,88.94999694824219,90.0999984741211,88.4000015258789,88.80000305175781,603442
2022-04-21,89.75,90.6999969482422,89.30000305175781,90.3000030517578,507356
2022-04-22,89.94999694824219,91.1999969482422,88.5999984741211,89.30000305175781,562057
2022-04-25,87.3499984741211,88.8499984741211,87.0,88.80000305175781,605860
2022-04-26,87.55000305175781,89.5,87.19999694824219,88.5,377073
2022-04-27,87.75,89.94999694824219,86.75,88.0999984741211,995596
2022-04-28,87.0999984741211,88.5999984741211,86.9000015258789,88.5999984741211,444982
2022-04-29,86.44999694824219,87.8499984741211,86.05000305175781,87.80000305175781,504842
2022-05-02,84.9000015258789,85.94999694824219,84.30000305175781,85.94999694824219,415249
2022-05-04,83.55000305175781,86.0,82.6500015258789,85.5999984741211,600335
2022-05-05,82.80000305175781,84.75,82.0999984741211,84.30000305175781,370779
2022-05-06,80.3499984741211,82.1500015258789,79.44999694824219,81.8499984741211,732460
2022-05-09,77.9000015258789,80.0999984741211,77.5,80.0,931111
2022-05-10,76.25,79.4000015258789,76.0,78.5999984741211,583453
2022-05-11,73.05000305175781,76.69999694824219,70.05000305175781,76.5999984741211,862231
2022-05-12,71.5,72.0999984741211,70.55000305175781,71.75,623074
2022-05-13,73.25,75.4000015258789,71.75,72.5,668179
2022-05-16,74.3499984741211,75.0,73.69999694824219,74.44999694824219,248005
2022-05-17,75.25,75.5,74.55000305175781,74.94999694824219,516628
2022-05-18,74.5,76.25,74.0,76.25,667359
2022-05-19,73.05000305175781,73.44999694824219,72.5,73.0,232127
2022-05-20,73.94999694824219,75.30000305175781,73.3499984741211,74.19999694824219,413416
2022-05-23,72.25,74.30000305175781,72.0,74.0999984741211,538146
2022-05-24,71.69999694824219,72.6500015258789,71.0999984741211,72.4000015258789,346912
2022-05-25,69.25,72.5999984741211,69.0,72.4000015258789,1045737
2022-05-26,71.0999984741211,73.0,69.5,72.25,1352724
2022-05-27,71.9000015258789,73.80000305175781,71.4000015258789,72.5,833438
2022-05-30,81.0999984741211,82.5999984741211,73.0,73.44999694824219,3382343
2022-05-31,82.1500015258789,83.19999694824219,78.1500015258789,78.1500015258789,1639697
2022-06-01,81.5,83.5999984741211,81.0,82.30000305175781,766525
2022-06-02,81.8499984741211,82.4000015258789,80.5999984741211,81.94999694824219,480001
2022-06-03,85.5999984741211,87.94999694824219,83.55000305175781,84.0,4567457
2022-06-06,86.1500015258789,88.6500015258789,85.55000305175781,86.4000015258789,3182649
2022-06-07,85.75,87.4000015258789,84.5,85.5,2063005
2022-06-08,84.3499984741211,87.5,83.55000305175781,86.5,1047886
2022-06-09,82.75,84.25,82.19999694824219,83.69999694824219,509932
2022-06-10,81.8499984741211,82.4000015258789,81.19999694824219,81.75,374886
2022-06-13,80.0,82.19999694824219,78.25,80.05000305175781,874686
2022-06-14,79.55000305175781,80.8499984741211,78.05000305175781,79.0,420553
2022-06-15,78.69999694824219,80.69999694824219,78.3499984741211,80.0,359730
2022-06-16,76.1500015258789,80.4000015258789,75.25,79.80000305175781,708059
2022-06-17,74.6500015258789,77.19999694824219,74.19999694824219,77.19999694824219,444775
2022-06-20,74.05000305175781,75.4000015258789,71.9000015258789,74.5999984741211,464221
2022-06-21,75.4000015258789,76.0,74.5999984741211,75.19999694824219,376779
2022-06-22,72.0999984741211,76.1500015258789,70.80000305175781,76.0,409609
2022-06-23,71.05000305175781,73.9000015258789,70.55000305175781,72.6500015258789,605204
2022-06-24,71.94999694824219,73.80000305175781,71.1500015258789,73.80000305175781,534482
2022-06-27,71.9000015258789,74.3499984741211,71.44999694824219,73.9000015258789,902466
2022-06-28,73.1500015258789,73.44999694824219,72.0,72.4000015258789,390232
2022-06-29,73.8499984741211,74.25,72.0999984741211,73.0,459716
2022-06-30,73.1500015258789,74.75,72.30000305175781,74.69999694824219,483013
2022-07-01,72.80000305175781,73.5999984741211,71.80000305175781,73.5,272826
2022-07-04,74.55000305175781,75.69999694824219,73.0,74.05000305175781,917658
2022-07-05,74.5999984741211,75.5999984741211,74.25,74.25,317413
2022-07-06,75.0,75.5,73.94999694824219,74.5999984741211,353008
2022-07-07,76.5999984741211,77.0,75.05000305175781,75.55000305175781,429618
2022-07-08,76.30000305175781,77.3499984741211,75.0999984741211,77.05000305175781,493544
2022-07-11,76.1500015258789,76.69999694824219,75.5,76.19999694824219,519538
2022-07-12,75.5999984741211,76.94999694824219,75.0999984741211,76.5,398477
2022-07-13,74.80000305175781,76.25,74.5,75.6500015258789,377209
2022-07-14,74.55000305175781,75.5,73.69999694824219,75.19999694824219,291639
2022-07-15,74.4000015258789,75.0999984741211,73.5,75.0999984741211,207932
2022-07-18,75.25,75.69999694824219,74.69999694824219,74.94999694824219,603186
2022-07-19,75.9000015258789,76.8499984741211,74.80000305175781,74.80000305175781,410667
2022-07-20,76.6500015258789,77.3499984741211,76.4000015258789,76.69999694824219,489109
2022-07-21,75.30000305175781,76.9000015258789,75.0,76.6500015258789,718569
2022-07-22,75.6500015258789,76.05000305175781,75.1500015258789,75.80000305175781,352045
2022-07-25,74.55000305175781,75.69999694824219,74.1500015258789,75.5,413944
2022-07-26,73.0,74.8499984741211,72.0,74.55000305175781,541699
2022-07-27,73.80000305175781,74.44999694824219,72.5,73.94999694824219,263265
2022-07-28,74.4000015258789,74.8499984741211,73.8499984741211,74.4000015258789,254312
2022-07-29,75.0,75.80000305175781,74.5999984741211,74.69999694824219,484870
2022-08-01,75.25,75.75,74.6500015258789,75.5999984741211,566424
2022-08-02,77.1500015258789,79.1500015258789,74.80000305175781,75.4000015258789,1726158
2022-08-03,75.30000305175781,77.44999694824219,74.8499984741211,77.1500015258789,816862
2022-08-04,74.8499984741211,77.5,74.19999694824219,76.0,1035072
2022-08-05,74.25,75.75,73.69999694824219,75.55000305175781,654459
2022-08-08,75.0,76.69999694824219,74.4000015258789,74.5999984741211,1619895
2022-08-10,76.69999694824219,77.5999984741211,75.44999694824219,75.44999694824219,1175736
2022-08-11,76.1500015258789,78.55000305175781,75.80000305175781,78.0,845677
2022-08-12,77.1500015258789,78.4000015258789,76.0,76.1500015258789,905749
2022-08-16,79.44999694824219,79.8499984741211,77.80000305175781,77.80000305175781,1426876
2022-08-17,80.3499984741211,81.0,79.0,80.0,1046774
2022-08-18,79.30000305175781,80.55000305175781,79.0,80.0,676193
2022-08-19,77.5999984741211,80.0,76.5999984741211,79.30000305175781,957204
2022-08-22,76.5999984741211,77.5,76.30000305175781,77.30000305175781,463612
2022-08-23,77.6500015258789,78.75,75.5999984741211,75.69999694824219,531366
2022-08-24,78.25,78.55000305175781,77.30000305175781,77.5999984741211,402149
2022-08-25,78.4000015258789,79.55000305175781,78.0,78.9000015258789,802696
2022-08-26,79.4000015258789,80.0,78.9000015258789,78.94999694824219,601403
2022-08-29,79.30000305175781,79.8499984741211,77.0,77.94999694824219,653995
2022-08-30,80.5,81.94999694824219,79.6500015258789,79.9000015258789,884923
2022-09-01,84.8499984741211,85.3499984741211,80.5999984741211,81.1500015258789,2371392
2022-09-02,85.0999984741211,85.94999694824219,83.0,85.44999694824219,1620158
2022-09-05,86.0999984741211,86.75,84.25,85.0999984741211,1083435
2022-09-06,87.0999984741211,88.0,85.5,86.0999984741211,1286000
2022-09-07,92.0999984741211,94.8499984741211,86.5,87.19999694824219,4613209
2022-09-08,93.4499969482422,95.75,92.5500030517578,93.5,3662019
2022-09-09,91.4000015258789,94.6999969482422,90.1999969482422,94.0,2177174
2022-09-12,89.6500015258789,92.4000015258789,87.4000015258789,91.5999984741211,1170424
2022-09-13,88.55000305175781,90.6999969482422,87.5999984741211,89.55000305175781,1424819
2022-09-14,89.44999694824219,91.1999969482422,86.9000015258789,87.75,1047642
2022-09-15,89.19999694824219,90.75,88.5,90.1500015258789,726009
2022-09-16,85.25,88.94999694824219,85.0,88.9000015258789,989006
2022-09-19,83.8499984741211,86.0,83.19999694824219,85.9000015258789,957747
2022-09-20,84.8499984741211,87.69999694824219,84.4000015258789,84.44999694824219,947929
2022-09-21,82.55000305175781,85.6500015258789,81.8499984741211,85.0,722852
2022-09-22,84.5,86.4000015258789,83.19999694824219,86.4000015258789,3909343
2022-09-23,80.25,84.94999694824219,79.80000305175781,84.75,1659517
2022-09-26,73.6500015258789,79.25,73.0,79.25,3236404
2022-09-27,75.6500015258789,76.1500015258789,74.0999984741211,75.0,1199274
2022-09-28,78.0999984741211,78.80000305175781,74.0,74.4000015258789,1157889
2022-09-29,78.5,80.0999984741211,76.55000305175781,79.9000015258789,675108
2022-09-30,78.19999694824219,79.3499984741211,77.05000305175781,77.69999694824219,598573
2022-10-03,77.1500015258789,79.4000015258789,76.69999694824219,78.19999694824219,674896
2022-10-04,79.80000305175781,80.0,77.5999984741211,78.1500015258789,608614
2022-10-06,79.19999694824219,81.1500015258789,78.8499984741211,80.69999694824219,673954
2022-10-07,80.0,80.55000305175781,79.0,79.5,413339
2022-10-10,79.4000015258789,80.0,78.44999694824219,78.9000015258789,311443
2022-10-11,77.0999984741211,79.6500015258789,76.5,79.3499984741211,403965
2022-10-12,76.30000305175781,77.44999694824219,75.9000015258789,77.3499984741211,436357
2022-10-13,75.94999694824219,77.0,75.0999984741211,76.5,294353
2022-10-14,75.9000015258789,78.4000015258789,75.55000305175781,76.55000305175781,561120
2022-10-17,75.75,76.5,75.4000015258789,76.25,303052
2022-10-18,75.94999694824219,77.5999984741211,75.19999694824219,76.1500015258789,508595
2022-10-19,75.44999694824219,76.9000015258789,75.05000305175781,75.94999694824219,424761
2022-10-20,75.1500015258789,75.8499984741211,74.44999694824219,75.30000305175781,351483
2022-10-21,73.94999694824219,76.30000305175781,73.5,75.19999694824219,711283
2022-10-24,75.80000305175781,76.0,74.69999694824219,74.94999694824219,181012
2022-10-25,73.94999694824219,75.80000305175781,73.80000305175781,75.80000305175781,549714
2022-10-27,74.8499984741211,75.1500015258789,74.4000015258789,74.5999984741211,317378
2022-10-28,73.94999694824219,75.0999984741211,73.75,75.0999984741211,545473
2022-10-31,74.0,76.0,73.80000305175781,74.3499984741211,701903
2022-11-01,74.4000015258789,74.75,73.9000015258789,74.4000015258789,563455
2022-11-02,74.0,75.4000015258789,73.8499984741211,74.5999984741211,576178
2022-11-03,73.94999694824219,74.5999984741211,73.69999694824219,74.0,462259
2022-11-04,74.05000305175781,74.5,73.80000305175781,73.94999694824219,417168
2022-11-07,74.05000305175781,74.9000015258789,73.6500015258789,74.44999694824219,701367
2022-11-09,74.1500015258789,74.9000015258789,74.0,74.5999984741211,652770
2022-11-10,73.80000305175781,75.4000015258789,73.6500015258789,74.0,713141
2022-11-11,74.8499984741211,76.25,74.0,75.0,861152
2022-11-14,73.0999984741211,74.94999694824219,71.75,74.9000015258789,1045112
2022-11-15,73.5,74.0,72.8499984741211,73.5,437290
2022-11-16,71.80000305175781,74.0,70.1500015258789,73.6500015258789,1391589
2022-11-17,72.8499984741211,73.0,72.0,73.0,596219
2022-11-18,72.3499984741211,73.30000305175781,72.0999984741211,73.0999984741211,359128
2022-11-21,71.94999694824219,73.9000015258789,71.75,73.9000015258789,648570
2022-11-22,72.5,73.0,72.30000305175781,72.3499984741211,362663
2022-11-23,73.55000305175781,74.6500015258789,72.69999694824219,72.9000015258789,867991
2022-11-24,73.69999694824219,74.30000305175781,73.19999694824219,73.9000015258789,516064
2022-11-25,74.3499984741211,75.4000015258789,73.5,73.69999694824219,636274
2022-11-28,77.5999984741211,78.44999694824219,74.3499984741211,74.3499984741211,2245703
2022-11-29,76.9000015258789,79.55000305175781,76.55000305175781,78.19999694824219,1201004
2022-11-30,79.3499984741211,79.9000015258789,77.25,77.5,3004129
2022-12-01,81.1500015258789,82.55000305175781,79.44999694824219,79.75,2255290
2022-12-02,81.44999694824219,83.0,80.30000305175781,81.19999694824219,1863026
2022-12-05,80.94999694824219,83.9000015258789,80.55000305175781,81.9000015258789,1583557
2022-12-06,80.1500015258789,81.8499984741211,79.44999694824219,81.0,1007687
2022-12-07,84.05000305175781,84.94999694824219,80.19999694824219,80.4000015258789,4009555
2022-12-08,83.9000015258789,86.30000305175781,83.0,84.0999984741211,2426081
2022-12-09,83.0999984741211,84.44999694824219,81.1500015258789,84.25,1058108
2022-12-12,81.30000305175781,82.55000305175781,80.80000305175781,82.0999984741211,756319
2022-12-13,84.44999694824219,85.69999694824219,81.5999984741211,81.69999694824219,1896921
2022-12-14,84.94999694824219,86.69999694824219,83.30000305175781,84.5,2122465
2022-12-15,83.55000305175781,85.6500015258789,83.1500015258789,84.69999694824219,947446
2022-12-16,82.19999694824219,84.0999984741211,81.94999694824219,82.0,660039
2022-12-19,84.25,85.5,83.19999694824219,83.19999694824219,1564573
2022-12-20,84.6500015258789,85.4000015258789,82.19999694824219,83.8499984741211,1397407
2022-12-21,83.1500015258789,87.19999694824219,82.55000305175781,85.0,2779010
2022-12-22,82.55000305175781,84.44999694824219,79.5,83.5999984741211,1628155
2022-12-23,79.3499984741211,81.75,77.5,81.0,1568975
2022-12-26,82.0999984741211,83.0999984741211,77.5,79.5,800844
2022-12-27,86.9000015258789,87.30000305175781,82.44999694824219,82.75,2153459
2022-12-28,88.0999984741211,89.75,86.05000305175781,86.9000015258789,2150720
2022-12-29,89.5,91.9499969482422,88.75,91.0,4940134
2022-12-30,89.6500015258789,90.1999969482422,88.55000305175781,90.1999969482422,1268516
2023-01-02,90.4000015258789,91.8000030517578,89.6500015258789,89.6500015258789,1576710
2023-01-03,91.0999984741211,91.8000030517578,90.1500015258789,90.9000015258789,1188202
2023-01-04,87.69999694824219,91.5,87.0,91.0,978511
2023-01-05,87.30000305175781,88.44999694824219,86.19999694824219,88.0,577280
2023-01-06,85.9000015258789,87.80000305175781,85.44999694824219,87.5,477277
2023-01-09,88.5999984741211,90.9000015258789,87.5,89.05000305175781,2714042
2023-01-10,90.75,92.0,87.19999694824219,89.30000305175781,1362443
2023-01-11,89.1500015258789,92.3000030517578,88.75,92.3000030517578,1236522
2023-01-12,88.75,90.9499969482422,88.44999694824219,88.9000015258789,1187749
2023-01-13,88.30000305175781,89.0,87.75,88.4000015258789,552197
2023-01-16,87.5999984741211,88.44999694824219,87.25,87.5999984741211,354430
2023-01-17,87.80000305175781,88.69999694824219,87.19999694824219,87.6500015258789,781147
2023-01-18,90.6999969482422,92.0,87.6500015258789,87.75,3142860
2023-01-19,90.05000305175781,91.0999984741211,89.05000305175781,89.05000305175781,706663
2023-01-20,88.3499984741211,90.5500030517578,88.05000305175781,90.05000305175781,496618
2023-01-23,88.6500015258789,90.0999984741211,88.0,89.5,660245
2023-01-24,87.44999694824219,88.75,87.0,88.0,496027
2023-01-25,88.4000015258789,89.75,86.55000305175781,86.55000305175781,1209966
2023-01-27,82.8499984741211,88.5999984741211,80.5,88.5999984741211,2161761
2023-01-30,80.94999694824219,84.0,80.25,83.25,1206611
2023-01-31,82.94999694824219,83.25,81.0999984741211,81.55000305175781,531487
2023-02-01,78.75,84.6500015258789,74.4000015258789,83.44999694824219,2157291
2023-02-02,78.19999694824219,81.75,77.80000305175781,78.80000305175781,1241300
2023-02-03,78.05000305175781,79.9000015258789,76.5,78.30000305175781,1169631
2023-02-06,77.19999694824219,78.30000305175781,76.1500015258789,78.0,655404
2023-02-07,77.75,78.4000015258789,75.69999694824219,77.3499984741211,948182
2023-02-08,79.0999984741211,79.69999694824219,77.05000305175781,77.75,718242
2023-02-09,79.19999694824219,80.05000305175781,78.0999984741211,80.0,567867
2023-02-10,78.30000305175781,80.55000305175781,77.0,79.19999694824219,650807
2023-02-13,79.8499984741211,82.69999694824219,79.25,79.30000305175781,1744512
2023-02-14,74.25,80.44999694824219,73.0,79.9000015258789,3020267
2023-02-15,76.30000305175781,76.80000305175781,74.30000305175781,74.30000305175781,1348467
2023-02-16,76.6500015258789,77.19999694824219,76.0,76.80000305175781,506147
2023-02-17,77.05000305175781,77.25,75.80000305175781,76.5999984741211,437829
2023-02-20,76.9000015258789,78.55000305175781,76.25,77.4000015258789,584055
2023-02-21,76.94999694824219,78.19999694824219,76.5999984741211,76.9000015258789,484197
2023-02-22,75.30000305175781,76.5999984741211,74.75,76.30000305175781,480620
2023-02-23,75.0999984741211,75.94999694824219,74.25,75.30000305175781,364385
2023-02-24,75.30000305175781,76.0999984741211,75.0,75.44999694824219,303738
2023-02-27,75.5999984741211,76.44999694824219,73.5999984741211,75.19999694824219,550006
2023-02-28,74.55000305175781,76.0999984741211,74.0,75.75,506972
2023-03-01,74.5,75.75,74.1500015258789,74.55000305175781,619151
2023-03-02,74.80000305175781,75.5,74.4000015258789,74.69999694824219,347769
2023-03-03,76.0999984741211,76.75,74.69999694824219,75.0,724943
2023-03-06,77.9000015258789,79.5,76.9000015258789,76.9000015258789,1436281
2023-03-08,79.19999694824219,80.55000305175781,78.5,78.5999984741211,2137792
2023-03-09,78.44999694824219,80.25,76.25,79.80000305175781,872819
2023-03-10,80.1500015258789,80.5999984741211,76.80000305175781,77.3499984741211,1074135
2023-03-13,80.25,80.5999984741211,78.30000305175781,80.1500015258789,1154713
2023-03-14,80.19999694824219,80.75,78.69999694824219,80.25,894666
2023-03-15,78.44999694824219,80.94999694824219,77.94999694824219,80.5,377132
2023-03-16,76.1500015258789,78.44999694824219,75.69999694824219,78.0,910881
2023-03-17,75.8499984741211,77.5,75.1500015258789,76.80000305175781,1326186
2023-03-20,75.0,76.94999694824219,74.5,75.8499984741211,743389
2023-03-21,75.30000305175781,76.3499984741211,74.55000305175781,75.6500015258789,603425
2023-03-22,76.0,76.69999694824219,75.3499984741211,75.8499984741211,281988
2023-03-23,75.94999694824219,76.6500015258789,75.80000305175781,76.0,411632
2023-03-24,74.0,76.5,73.5,76.5,633355
2023-03-27,73.0999984741211,74.55000305175781,72.5,74.44999694824219,655057
2023-03-28,72.75,73.80000305175781,72.30000305175781,73.75,398660
2023-03-29,74.8499984741211,75.5999984741211,71.6500015258789,71.6500015258789,746529
2023-03-31,74.0,75.94999694824219,73.6500015258789,74.8499984741211,580141
2023-04-03,75.9000015258789,76.0999984741211,74.75,74.75,417719
2023-04-05,76.25,77.0,75.44999694824219,76.05000305175781,358648
2023-04-06,83.1500015258789,85.0,75.80000305175781,76.19999694824219,3366195
2023-04-10,80.80000305175781,83.30000305175781,80.5,83.1500015258789,1014508
2023-04-11,79.80000305175781,81.6500015258789,79.5,80.80000305175781,781401
2023-04-12,80.6500015258789,81.0999984741211,79.5,79.5,532267
2023-04-13,84.44999694824219,85.0,80.5,80.5,3189306
2023-04-17,87.5999984741211,88.19999694824219,83.3499984741211,83.4000015258789,2768206
2023-04-18,86.4000015258789,88.0,85.0,87.5999984741211,879020
2023-04-19,85.1500015258789,86.80000305175781,84.30000305175781,86.4000015258789,860314
2023-04-20,85.30000305175781,86.8499984741211,84.0,85.1500015258789,1562858
2023-04-21,86.0999984741211,87.9000015258789,85.0,85.5,1393722
2023-04-24,86.44999694824219,87.4000015258789,85.9000015258789,86.0999984741211,621335
2023-04-25,84.8499984741211,87.5999984741211,84.5,86.8499984741211,676638
2023-04-26,84.94999694824219,85.69999694824219,84.25,84.69999694824219,449641
2023-04-27,84.94999694824219,85.6500015258789,84.55000305175781,85.0999984741211,430908
2023-04-28,87.8499984741211,90.9499969482422,85.0,85.6500015258789,3252477
2023-05-02,85.94999694824219,88.75,84.9000015258789,88.0,1989994
2023-05-03,85.55000305175781,87.5,84.30000305175781,84.69999694824219,1076189
2023-05-04,89.1500015258789,89.5,85.30000305175781,85.3499984741211,2343961
2023-05-05,86.55000305175781,89.30000305175781,86.25,89.0,891599
2023-05-08,85.44999694824219,87.5999984741211,85.05000305175781,87.5,748915
2023-05-09,85.0,86.75,84.6500015258789,85.69999694824219,617914
2023-05-10,85.55000305175781,86.0,84.0,85.05000305175781,496865
2023-05-11,85.0,86.4000015258789,84.80000305175781,85.9000015258789,476000
2023-05-12,83.9000015258789,86.4000015258789,83.69999694824219,85.0,943273
2023-05-15,85.19999694824219,87.69999694824219,83.19999694824219,83.94999694824219,1635646
2023-05-16,84.3499984741211,86.3499984741211,84.19999694824219,85.69999694824219,710654
2023-05-17,83.8499984741211,85.69999694824219,83.1500015258789,84.5,688624
2023-05-18,83.44999694824219,85.44999694824219,83.05000305175781,84.3499984741211,453130
2023-05-19,83.05000305175781,84.5,82.4000015258789,83.80000305175781,689650
2023-05-22,79.75,81.05000305175781,76.0999984741211,77.5999984741211,1423530
2023-05-23,79.0,81.4000015258789,78.69999694824219,81.19999694824219,788735
2023-05-24,78.6500015258789,80.5,78.0999984741211,79.0,768453
2023-05-25,77.0,79.4000015258789,76.69999694824219,78.0,1236389
2023-05-26,76.5,78.9000015258789,76.25,77.3499984741211,1260246
2023-05-29,75.8499984741211,78.0,75.6500015258789,77.94999694824219,1125124
2023-05-30,74.94999694824219,77.80000305175781,74.9000015258789,75.9000015258789,2369076
2023-05-31,75.5999984741211,76.5,74.6500015258789,75.0,1608989
2023-06-01,78.1500015258789,78.5,76.0,76.44999694824219,1851147
2023-06-02,82.0,83.5,78.69999694824219,78.75,5152608
2023-06-05,81.05000305175781,83.4000015258789,80.5,83.1500015258789,1902200
2023-06-06,81.19999694824219,81.6500015258789,80.1500015258789,81.30000305175781,823439
2023-06-07,80.25,81.94999694824219,79.80000305175781,81.69999694824219,1783979
2023-06-08,79.9000015258789,81.19999694824219,79.0999984741211,80.5999984741211,968646
2023-06-09,79.80000305175781,81.80000305175781,79.5,80.05000305175781,1125354
2023-06-12,79.8499984741211,80.8499984741211,79.5999984741211,79.9000015258789,810548
2023-06-13,80.0,81.3499984741211,79.80000305175781,80.1500015258789,993931
2023-06-14,80.0999984741211,80.80000305175781,79.69999694824219,80.5999984741211,1039977
2023-06-15,79.69999694824219,80.0999984741211,79.44999694824219,80.0999984741211,611122
2023-06-16,79.4000015258789,80.30000305175781,79.25,80.0,778413
2023-06-19,80.0999984741211,81.19999694824219,79.25,79.8499984741211,1235257
2023-06-20,80.6500015258789,81.0999984741211,79.55000305175781,80.0999984741211,855867
2023-06-21,80.30000305175781,81.69999694824219,80.0,81.0,1071490
2023-06-22,79.94999694824219,82.1500015258789,79.69999694824219,80.44999694824219,1231851
2023-06-23,78.9000015258789,80.30000305175781,78.5999984741211,80.0999984741211,635466
2023-06-26,78.6500015258789,79.1500015258789,78.1500015258789,78.75,449817
2023-06-27,81.6500015258789,82.30000305175781,79.0,79.0,2662004
2023-06-28,80.4000015258789,83.1500015258789,80.1500015258789,82.4000015258789,1663331
2023-06-30,79.8499984741211,81.19999694824219,79.44999694824219,80.94999694824219,964623
2023-07-03,80.4000015258789,81.8499984741211,80.19999694824219,80.30000305175781,1214126
2023-07-04,80.75,81.94999694824219,80.25,80.4000015258789,1876050
2023-07-05,80.3499984741211,81.0999984741211,80.05000305175781,80.80000305175781,792174
2023-07-06,80.8499984741211,81.5999984741211,79.94999694824219,80.30000305175781,1393570
2023-07-07,82.05000305175781,82.4000015258789,80.5,80.69999694824219,2708513
2023-07-10,86.6500015258789,87.0,82.25,82.4000015258789,8870564
2023-07-11,87.0,89.4000015258789,85.0,87.5,4544934
2023-07-12,92.6999969482422,93.25,87.4000015258789,87.5,10123341
2023-07-13,94.5999984741211,95.4499969482422,93.0,93.8000030517578,6950453
2023-07-14,92.6500015258789,96.3499984741211,92.0500030517578,95.5999984741211,2679585
2023-07-17,93.75,95.0,92.3499984741211,93.3000030517578,2617410
2023-07-18,90.6999969482422,94.25,89.69999694824219,94.0500030517578,2809953
2023-07-19,92.9000015258789,93.3000030517578,90.4000015258789,91.1500015258789,1685645
2023-07-20,92.5999984741211,93.8499984741211,92.25,92.9000015258789,1494638
2023-07-21,92.8000030517578,94.0999984741211,91.4499969482422,91.9499969482422,1406939
2023-07-24,94.5,95.6999969482422,92.4499969482422,93.0999984741211,2447382
2023-07-25,97.4000015258789,99.3499984741211,95.0,95.0500030517578,4657919
2023-07-26,98.1999969482422,99.5,96.75,98.0,2375058
2023-07-27,98.5,99.4499969482422,95.4000015258789,98.6999969482422,2027236
2023-07-28,98.1999969482422,99.0,96.3499984741211,98.5,1561521
2023-07-31,99.8499984741211,101.25,98.4000015258789,98.5999984741211,2219197
2023-08-01,98.75,101.9499969482422,98.1500015258789,100.0,1963638
2023-08-02,103.6500015258789,106.9000015258789,98.3000030517578,98.5,9881154
2023-08-03,105.5500030517578,106.4000015258789,103.0999984741211,104.0999984741211,3497597
2023-08-04,102.8499984741211,106.6999969482422,102.1999969482422,106.0999984741211,1692377
2023-08-07,104.1999969482422,105.4000015258789,101.3000030517578,103.0500030517578,1795932
2023-08-08,102.3499984741211,104.25,101.4000015258789,104.1999969482422,1377673
2023-08-09,99.8499984741211,103.8000030517578,98.25,102.6500015258789,1577871
2023-08-10,98.75,101.6999969482422,97.6999969482422,99.9000015258789,2541132
2023-08-11,92.8000030517578,97.0,90.6999969482422,93.9000015258789,4760015
2023-08-14,91.0999984741211,96.0,88.94999694824219,96.0,3387043
2023-08-16,94.5,94.8000030517578,90.1500015258789,90.5,2010588
2023-08-17,102.1500015258789,104.25,95.0,95.0,9423974
2023-08-18,100.1500015258789,102.8000030517578,98.5,102.0500030517578,2974871
2023-08-21,100.6500015258789,102.8499984741211,99.6999969482422,100.9000015258789,1790088
2023-08-22,101.6500015258789,105.0,100.9000015258789,100.9000015258789,2262865
2023-08-23,102.3499984741211,104.0,101.6999969482422,102.1999969482422,1066350
2023-08-24,102.1999969482422,104.5,101.5,103.5999984741211,1238072
2023-08-25,99.25,103.4499969482422,98.5,101.5,1851178
2023-08-28,100.1999969482422,101.5,99.5,99.8499984741211,1034220
2023-08-29,101.4000015258789,104.0,100.5,100.5,1755498
2023-08-30,101.1500015258789,103.0,100.6500015258789,102.3000030517578,931006
2023-08-31,101.5500030517578,103.0,99.8000030517578,101.8499984741211,1138654
2023-09-01,102.25,104.4000015258789,101.6999969482422,102.1500015258789,1593599
2023-09-04,102.4499969482422,104.0,101.1500015258789,102.5,2030622
2023-09-05,112.5,114.4499969482422,103.0,103.1999969482422,12207227
2023-09-06,109.25,114.6999969482422,108.3499984741211,113.75,4501555
2023-09-07,115.5999984741211,116.5,107.5999984741211,109.0,8212506
2023-09-08,113.6999969482422,115.9499969482422,112.8499984741211,115.5500030517578,3064782
2023-09-11,112.4000015258789,114.75,111.8000030517578,114.25,1688242
2023-09-12,101.5999984741211,113.3000030517578,100.0500030517578,112.9000015258789,5938339
2023-09-13,103.4000015258789,105.4000015258789,100.9000015258789,102.1999969482422,2708471
2023-09-14,106.9499969482422,107.3499984741211,104.0500030517578,104.0999984741211,2093738
2023-09-15,108.4000015258789,110.5,105.5999984741211,107.25,3041862
2023-09-18,105.5999984741211,109.0,105.0,109.0,1319479
2023-09-20,106.0,109.4000015258789,105.5,109.25,2813856
2023-09-21,104.4000015258789,106.8000030517578,103.75,105.75,1366115
2023-09-22,103.6500015258789,105.4000015258789,102.5,104.8499984741211,1042242
2023-09-25,102.1999969482422,104.6999969482422,101.5500030517578,104.4499969482422,1139658
2023-09-26,110.9499969482422,114.0,102.5,102.6500015258789,20053484
2023-09-27,110.4499969482422,111.0500030517578,107.9000015258789,111.0,3549472
2023-09-28,112.1500015258789,114.9000015258789,110.9499969482422,111.0,4728579
2023-09-29,122.3499984741211,123.3000030517578,111.8000030517578,112.8000030517578,17716622
2023-10-03,121.1999969482422,125.4499969482422,120.0999984741211,122.5,8449304
2023-10-04,123.9000015258789,126.3499984741211,119.0,120.9000015258789,6962371
2023-10-05,127.3499984741211,128.5,124.1999969482422,124.1999969482422,5326483
2023-10-06,127.0999984741211,128.0,124.8499984741211,127.0500030517578,2389928
2023-10-09,125.0999984741211,125.9000015258789,120.5500030517578,124.3499984741211,3007620
2023-10-10,132.64999389648438,134.0,125.5500030517578,126.0,8178753
2023-10-11,132.39999389648438,135.35000610351562,130.60000610351562,133.3000030517578,4650839
2023-10-12,131.0,133.89999389648438,128.35000610351562,132.5,2272763
2023-10-13,130.5500030517578,133.35000610351562,129.6999969482422,131.0,1924967
2023-10-16,135.5,136.1999969482422,131.14999389648438,131.8000030517578,3296959
2023-10-17,141.25,142.25,135.5,137.0,5399192
2023-10-18,140.0,142.14999389648438,137.0,141.25,3352748
2023-10-19,144.39999389648438,145.3000030517578,137.5,139.3000030517578,5029531
2023-10-20,140.9499969482422,150.9499969482422,138.5500030517578,144.9499969482422,5844575
2023-10-23,130.39999389648438,143.5,127.1500015258789,141.6999969482422,4633205
2023-10-25,125.0500030517578,134.89999389648438,121.75,132.5,3856746
2023-10-26,129.4499969482422,131.0,120.75,123.6999969482422,3713278
2023-10-27,129.85000610351562,133.9499969482422,127.3000030517578,131.4499969482422,2391219
2023-10-30,131.25,132.1999969482422,128.5,131.25,1113311
2023-10-31,129.9499969482422,132.89999389648438,129.0,131.60000610351562,1146663
2023-11-01,127.5999984741211,132.64999389648438,126.8000030517578,130.10000610351562,1004499
2023-11-02,133.14999389648438,136.8000030517578,128.64999389648438,128.64999389648438,3337585
2023-11-03,134.39999389648438,137.3000030517578,133.5,134.5,2030980
2023-11-06,137.64999389648438,138.8000030517578,135.0,135.4499969482422,1571719
2023-11-07,136.89999389648438,138.39999389648438,134.14999389648438,137.64999389648438,975877
2023-11-08,140.35000610351562,143.85000610351562,136.8000030517578,137.89999389648438,3405324
2023-11-09,140.5,145.6999969482422,138.6999969482422,145.0,4589852
2023-11-10,139.14999389648438,143.60000610351562,136.75,139.9499969482422,2435499
2023-11-13,139.75,143.6999969482422,138.39999389648438,141.9499969482422,2359934
2023-11-15,140.5500030517578,142.0,138.8000030517578,141.89999389648438,2905776
2023-11-16,146.60000610351562,151.64999389648438,140.25,140.89999389648438,8315928
2023-11-17,143.9499969482422,147.6999969482422,143.10000610351562,146.60000610351562,2233775
2023-11-20,141.89999389648438,145.5,140.89999389648438,144.5,2561323
2023-11-21,144.75,146.1999969482422,142.60000610351562,142.60000610351562,2369233
2023-11-22,141.35000610351562,145.5,139.1999969482422,144.89999389648438,1834286
2023-11-23,138.75,144.0500030517578,138.35000610351562,141.75,2149346
2023-11-24,134.0500030517578,141.0,133.5,139.35000610351562,3327187
2023-11-28,136.35000610351562,142.5,135.10000610351562,135.14999389648438,4041641
2023-11-29,134.6999969482422,138.75,133.75,137.39999389648438,2193518
2023-11-30,140.39999389648438,141.89999389648438,134.10000610351562,134.75,6320198
2023-12-01,137.89999389648438,143.39999389648438,137.10000610351562,141.4499969482422,2549963
2023-12-04,140.9499969482422,144.39999389648438,139.25,142.0,3240920
2023-12-05,141.5,144.10000610351562,138.1999969482422,141.9499969482422,2539249
2023-12-06,141.5,145.0500030517578,140.0,141.5,2278690
2023-12-07,140.35000610351562,142.14999389648438,138.60000610351562,141.89999389648438,1842414
2023-12-08,141.39999389648438,145.9499969482422,139.0500030517578,141.6999969482422,4264612
2023-12-11,150.0500030517578,151.4499969482422,141.5,141.8000030517578,6891599
2023-12-12,145.60000610351562,153.0500030517578,144.64999389648438,151.0,3094886
2023-12-13,148.75,151.25,143.75,145.75,3537411
2023-12-14,149.0500030517578,151.5,148.3000030517578,151.1999969482422,2633702
2023-12-15,146.1999969482422,150.1999969482422,145.60000610351562,150.0,1671116
2023-12-18,146.8000030517578,149.0,144.1999969482422,146.1999969482422,1485896
2023-12-19,144.9499969482422,147.85000610351562,144.39999389648438,147.5,1307991
2023-12-20,135.4499969482422,146.89999389648438,134.3000030517578,146.0500030517578,3476445
2023-12-21,137.3000030517578,138.10000610351562,130.85000610351562,134.0,2083012
2023-12-22,137.4499969482422,138.9499969482422,135.89999389648438,138.10000610351562,1286071
2023-12-26,139.75,140.5500030517578,136.5,137.4499969482422,1279594
2023-12-27,138.14999389648438,142.0,136.85000610351562,140.85000610351562,1563994
2023-12-28,137.0,138.8000030517578,136.0500030517578,138.8000030517578,1133858
2023-12-29,139.25,140.6999969482422,135.6999969482422,136.5,2313597
2024-01-01,136.89999389648438,139.25,136.5500030517578,139.25,1731028
2024-01-02,136.8000030517578,138.3000030517578,135.10000610351562,138.0,1380968
2024-01-03,142.6999969482422,144.0,136.0,136.5,3981377
2024-01-04,145.9499969482422,147.85000610351562,141.3000030517578,143.6999969482422,5226657
2024-01-05,144.35000610351562,146.85000610351562,142.4499969482422,146.85000610351562,2010509
2024-01-08,143.64999389648438,145.89999389648438,140.3000030517578,144.0,2932694
2024-01-09,161.85000610351562,164.1999969482422,143.64999389648438,143.64999389648438,25514645
2024-01-10,161.64999389648438,166.5500030517578,158.85000610351562,164.39999389648438,8659801
2024-01-11,162.6999969482422,166.0500030517578,161.0500030517578,161.64999389648438,4050129
2024-01-12,161.60000610351562,164.3000030517578,160.5500030517578,162.0,2183256
2024-01-15,156.8000030517578,163.6999969482422,155.5,162.75,3528950
2024-01-16,157.4499969482422,163.10000610351562,155.0,157.0500030517578,4094501
2024-01-17,156.39999389648438,164.89999389648438,155.4499969482422,156.9499969482422,4135527
2024-01-18,160.9499969482422,162.5,150.89999389648438,157.14999389648438,4075822
2024-01-19,162.25,167.8000030517578,161.10000610351562,162.60000610351562,6475242
2024-01-23,160.9499969482422,165.5,158.35000610351562,163.60000610351562,5740789
2024-01-24,163.0,165.10000610351562,159.5,161.0500030517578,2526353
2024-01-25,161.89999389648438,169.4499969482422,161.3000030517578,163.89999389648438,4355752
2024-01-29,172.39999389648438,173.60000610351562,164.39999389648438,167.85000610351562,6160232
2024-01-30,177.75,184.0,175.1999969482422,176.0,9223151
2024-01-31,182.1499938964844,183.3000030517578,174.6999969482422,178.6999969482422,3388351
2024-02-01,179.25,185.4499969482422,176.85000610351562,183.6499938964844,3098475
2024-02-02,176.3000030517578,182.3999938964844,175.64999389648438,180.75,2672932
2024-02-05,182.6000061035156,186.3000030517578,177.85000610351562,178.6999969482422,6188676
2024-02-06,189.3500061035156,192.5500030517578,182.5,184.0,6460172
2024-02-07,193.0,195.5,187.0500030517578,189.3500061035156,4245269
2024-02-08,181.0,191.5,178.3000030517578,191.5,4943329
2024-02-09,175.75,181.75,170.6999969482422,181.0,3259671
2024-02-12,160.35000610351562,178.35000610351562,158.14999389648438,178.35000610351562,2642524
2024-02-13,168.5,169.4499969482422,159.0,162.0,2510909
2024-02-14,172.4499969482422,173.64999389648438,163.0500030517578,163.0500030517578,1993589
2024-02-15,176.25,179.1999969482422,172.4499969482422,172.60000610351562,1708929
2024-02-16,174.39999389648438,179.6999969482422,174.0,177.5,1365574
2024-02-19,180.0,184.8999938964844,173.9499969482422,175.25,3439353
2024-02-20,177.39999389648438,182.5,175.6999969482422,179.39999389648438,1199307
2024-02-21,172.9499969482422,179.8000030517578,171.0,177.39999389648438,1257286
2024-02-22,178.39999389648438,179.0,169.75,174.0,2037417
2024-02-23,178.9499969482422,182.6499938964844,178.14999389648438,178.39999389648438,1551900
2024-02-26,179.25,182.1999969482422,177.89999389648438,178.25,902893
2024-02-27,185.1000061035156,193.5500030517578,179.1999969482422,179.25,5548458
2024-02-28,176.39999389648438,186.3999938964844,175.39999389648438,185.5500030517578,2078243
2024-02-29,186.3000030517578,189.0,174.5,176.5,3396588
2024-03-01,186.8500061035156,192.5,184.5500030517578,187.5,3299460
2024-03-04,186.3500061035156,190.0,185.1999969482422,189.9499969482422,1312479
2024-03-05,179.85000610351562,188.3999938964844,178.85000610351562,186.3500061035156,1784982
2024-03-06,168.3000030517578,180.0,166.0,180.0,3555996
2024-03-07,163.5500030517578,170.6999969482422,162.35000610351562,168.6999969482422,3101745
2024-03-11,164.4499969482422,168.14999389648438,163.75,164.6999969482422,2525902
2024-03-12,155.60000610351562,164.75,155.0,164.1999969482422,2206889
2024-03-13,146.0,162.5,144.3000030517578,157.14999389648438,3526711
2024-03-14,160.0500030517578,165.0,140.89999389648438,144.60000610351562,3332635
2024-03-15,163.1999969482422,164.25,155.5500030517578,159.9499969482422,2271016
2024-03-18,157.0500030517578,165.75,156.5,164.0,1655531
2024-03-19,154.10000610351562,158.3000030517578,153.0,157.5,1097927
2024-03-20,156.85000610351562,157.6999969482422,150.89999389648438,155.0,1260670
2024-03-21,160.4499969482422,162.10000610351562,159.0,160.0500030517578,863637
2024-03-22,163.89999389648438,166.0,160.4499969482422,160.9499969482422,943539
2024-03-26,160.5500030517578,164.6999969482422,158.64999389648438,164.6999969482422,1061962
2024-03-27,159.6999969482422,164.4499969482422,158.5,162.35000610351562,1122263
2024-03-28,156.60000610351562,162.14999389648438,156.0,161.25,1126377
2024-04-01,160.0500030517578,160.89999389648438,152.39999389648438,155.64999389648438,2894715
2024-04-02,168.3000030517578,169.10000610351562,160.4499969482422,161.0500030517578,3141185
2024-04-03,172.1999969482422,173.8000030517578,168.5,169.25,2771041
2024-04-04,171.60000610351562,174.35000610351562,170.5500030517578,173.39999389648438,1054019
2024-04-05,172.89999389648438,173.85000610351562,168.9499969482422,171.35000610351562,1169581
2024-04-08,173.0500030517578,175.5,170.35000610351562,173.9499969482422,1557272
2024-04-09,173.9499969482422,176.9499969482422,172.0,173.64999389648438,1304980
2024-04-10,172.89999389648438,174.89999389648438,171.0,173.5,912691
2024-04-12,171.14999389648438,176.0,170.35000610351562,172.0,1273116
2024-04-15,169.14999389648438,172.5,149.0500030517578,149.0500030517578,2424096
2024-04-16,171.89999389648438,173.60000610351562,165.85000610351562,166.89999389648438,1384153
2024-04-18,170.5500030517578,175.39999389648438,169.85000610351562,172.0,1171435
2024-04-19,173.3000030517578,175.0,167.64999389648438,169.10000610351562,1385742
2024-04-22,175.0500030517578,176.0,171.5500030517578,174.14999389648438,1398091
2024-04-23,175.10000610351562,180.8000030517578,174.5,175.5,1194375
2024-04-24,176.75,180.3999938964844,175.0,176.0,1203855
2024-04-25,175.8000030517578,177.5,174.5500030517578,176.0,660448
2024-04-26,174.9499969482422,176.64999389648438,174.14999389648438,176.0500030517578,640104
2024-04-29,174.89999389648438,179.85000610351562,173.6999969482422,175.60000610351562,799151
2024-04-30,174.8000030517578,178.4499969482422,174.0,175.0500030517578,1063179
2024-05-02,174.14999389648438,177.39999389648438,171.10000610351562,175.0,794977
2024-05-03,173.64999389648438,178.5,172.14999389648438,175.39999389648438,986693
2024-05-06,171.75,177.5,170.0500030517578,174.0,1054869
2024-05-07,165.9499969482422,172.1999969482422,163.35000610351562,172.0,1022111
2024-05-08,170.10000610351562,172.39999389648438,162.8000030517578,164.25,1409848
2024-05-09,163.10000610351562,170.35000610351562,162.25,169.0,1006528
2024-05-10,166.25,168.35000610351562,161.60000610351562,164.4499969482422,1079874
2024-05-13,165.9499969482422,167.60000610351562,162.89999389648438,165.9499969482422,653307
2024-05-14,172.1999969482422,172.89999389648438,166.60000610351562,167.25,851609
2024-05-15,175.6999969482422,180.9499969482422,171.10000610351562,172.0,2657496
2024-05-16,174.35000610351562,177.8000030517578,173.9499969482422,176.6999969482422,737762
2024-05-17,180.9499969482422,182.8000030517578,174.0,175.0,2401437
2024-05-21,181.5500030517578,183.3000030517578,177.4499969482422,182.0,1081431
2024-05-22,182.1000061035156,186.1499938964844,180.1999969482422,183.5,2156341
2024-05-23,189.3000030517578,197.5,183.8999938964844,184.8999938964844,6679330
2024-05-24,182.0500030517578,194.0,180.25,189.3000030517578,2889465
2024-05-27,178.3000030517578,183.3500061035156,176.0,183.0500030517578,1679152
2024-05-28,179.14999389648438,181.4499969482422,177.0500030517578,178.1999969482422,1201667
2024-05-29,183.8999938964844,185.0,178.0500030517578,179.0,1999113
2024-05-30,180.1499938964844,184.1999969482422,178.5,182.9499969482422,966035
2024-05-31,183.3500061035156,186.0,180.1999969482422,181.0500030517578,2405775
2024-06-03,195.0500030517578,200.0,191.9499969482422,199.0,6228859
2024-06-04,172.14999389648438,199.0,163.0,199.0,6196853
2024-06-05,180.10000610351562,181.9499969482422,167.39999389648438,179.0,2709579
2024-06-06,186.3500061035156,190.0500030517578,182.5500030517578,183.0,2642559
2024-06-07,207.6000061035156,212.0,186.6999969482422,189.0,14020349
2024-06-10,219.2100067138672,229.9900054931641,214.0,214.0,13678743
2024-06-11,218.5,223.58999633789065,215.5800018310547,221.0,5207666
2024-06-12,221.3699951171875,226.3999938964844,219.6000061035156,220.3999938964844,5479433
2024-06-13,222.55999755859372,225.38999938964844,219.5,222.0,2726936
2024-06-14,223.75,228.7899932861328,220.1000061035156,223.6000061035156,3207839
2024-06-18,228.07000732421875,228.75,217.50999450683597,224.5,3651438
2024-06-19,222.13999938964844,229.6999969482422,220.0,229.5,2068419
2024-06-20,243.82000732421875,246.5,218.0,220.0,9908084
2024-06-21,236.8500061035156,246.66000366210935,233.2400054931641,244.8000030517578,6161902
2024-06-24,242.3699951171875,244.8500061035156,235.00999450683597,236.8000030517578,2796319
2024-06-25,237.80999755859372,249.0,235.41000366210935,244.3000030517578,3281117
2024-06-26,236.50999450683597,239.5,234.25999450683597,238.8000030517578,2621315
2024-06-27,227.3600006103516,237.3500061035156,223.0,236.50999450683597,3411376
2024-06-28,224.55999755859372,231.8999938964844,222.1499938964844,230.0,1681338
2024-07-01,227.8699951171875,230.5800018310547,224.55999755859372,224.55999755859372,1743171
2024-07-02,233.1499938964844,234.9600067138672,227.41000366210935,228.6000061035156,1945754
2024-07-03,235.6199951171875,236.1999969482422,231.1999969482422,233.1499938964844,1787944
2024-07-04,232.6499938964844,236.7899932861328,231.6100006103516,235.75,961419
2024-07-05,231.6199951171875,235.75,231.0,232.6999969482422,830009
2024-07-08,229.52999877929688,233.7899932861328,227.30999755859372,232.0,905798
2024-07-09,236.5800018310547,239.8999938964844,231.0,231.0,2392443
2024-07-10,233.08999633789065,239.6999969482422,229.05999755859372,238.4499969482422,2050819
2024-07-11,240.0200042724609,242.5,233.22999572753903,234.9499969482422,2614856
2024-07-12,235.72999572753903,243.3500061035156,235.00999450683597,241.9499969482422,1152221
2024-07-15,234.5200042724609,239.75,229.1300048828125,237.1499938964844,952060
2024-07-16,235.63999938964844,237.3999938964844,232.94000244140625,234.5200042724609,815255
2024-07-18,227.75,237.0,226.1499938964844,235.63999938964844,1129628
2024-07-19,220.80999755859372,228.08999633789065,218.5,228.0,1387727
2024-07-22,236.72000122070312,239.0,215.30999755859372,219.5,2550878
2024-07-23,240.58999633789065,242.5,209.02999877929688,238.3000030517578,4118336
2024-07-24,259.7900085449219,263.0,239.13999938964844,240.8999938964844,7639482
2024-07-25,259.92999267578125,263.0,253.8600006103516,258.0,2467252
2024-07-26,263.7699890136719,271.8999938964844,255.8000030517578,260.0,2753975
2024-07-29,253.94000244140625,267.70001220703125,251.00999450683597,264.0,2567271
2024-07-30,256.92999267578125,261.4200134277344,252.3999938964844,255.0,1130294
2024-07-31,255.3999938964844,259.989990234375,253.25999450683597,256.010009765625,899142
2024-08-01,253.6999969482422,258.70001220703125,252.0,256.0,775122
2024-08-02,252.6000061035156,255.4499969482422,247.5500030517578,250.1999969482422,754977
2024-08-05,239.3500061035156,259.8500061035156,237.1000061035156,245.0,3679388
2024-08-06,230.1999969482422,250.0,229.1000061035156,244.0,1925660
2024-08-07,237.5,240.0,232.3999938964844,236.75,1014895
2024-08-08,237.3000030517578,244.0,235.3500061035156,238.0,909646
2024-08-09,239.4499969482422,242.4499969482422,238.3999938964844,240.0,739278
2024-08-12,245.6499938964844,248.25,234.3500061035156,235.0,1583565
2024-08-13,234.25,247.9499969482422,230.25,247.1000061035156,1222371
2024-08-14,233.3000030517578,243.4499969482422,231.5500030517578,239.0,1749949
2024-08-16,234.0500030517578,237.6999969482422,228.1499938964844,237.6999969482422,1569949
2024-08-19,235.9499969482422,238.4499969482422,232.3999938964844,234.9499969482422,718749
2024-08-20,235.3000030517578,239.8999938964844,233.0,236.0,802123
2024-08-21,233.0,236.0,232.25,236.0,847150
2024-08-22,234.75,238.6999969482422,233.5500030517578,234.8999938964844,761180
2024-08-23,232.75,238.3999938964844,232.0,233.9499969482422,1141750
2024-08-26,234.6499938964844,245.0,232.1499938964844,244.8000030517578,2836038
2024-08-27,234.3000030517578,235.8000030517578,232.1999969482422,235.3999938964844,988187
2024-08-28,233.25,238.3500061035156,232.1000061035156,234.3000030517578,1051209
2024-08-29,230.9499969482422,234.8999938964844,230.0,233.3000030517578,687635
2024-08-30,233.5,237.0,227.5,230.8000030517578,1024643
2024-09-02,231.72000122070312,234.6999969482422,227.3999938964844,234.1000061035156,1138944
2024-09-03,235.3600006103516,237.6100006103516,230.0500030517578,231.02999877929688,866594
2024-09-04,236.69000244140625,238.0,232.0,235.0,1313215
2024-09-05,267.42999267578125,274.6000061035156,238.1100006103516,238.6000061035156,13485787
2024-09-06,271.1199951171875,284.739990234375,263.8800048828125,275.0,14627808
2024-09-09,255.57000732421875,270.3900146484375,254.1499938964844,270.0,3863641
2024-09-10,257.3900146484375,262.3099975585937,254.1100006103516,255.8000030517578,1752441
2024-09-11,247.8000030517578,260.4100036621094,246.1000061035156,258.9100036621094,1430726
2024-09-12,246.7400054931641,254.6499938964844,245.0,251.0500030517578,1485335
2024-09-13,254.0,264.0,248.1999969482422,249.5,2939654
2024-09-16,249.75999450683597,256.19000244140625,248.6999969482422,254.3500061035156,791461
2024-09-17,248.5500030517578,253.0,246.9499969482422,248.91000366210935,908717
2024-09-18,241.97999572753903,249.30999755859372,241.0,248.4600067138672,930095
2024-09-19,238.88999938964844,244.9900054931641,234.1100006103516,243.8999938964844,860872
2024-09-20,235.66000366210935,242.3999938964844,234.6999969482422,240.1000061035156,1204973
2024-09-23,238.5200042724609,241.42999267578125,236.1000061035156,236.75,847908
2024-09-24,242.7899932861328,252.6999969482422,238.6000061035156,240.0,2759857
2024-09-25,238.4600067138672,244.0,236.69000244140625,242.6000061035156,1359052
2024-09-26,236.0500030517578,240.2100067138672,234.8999938964844,238.47999572753903,787404
2024-09-27,231.91000366210935,237.8500061035156,231.0500030517578,236.0500030517578,890113
2024-09-30,228.6199951171875,232.94000244140625,226.0500030517578,231.0,1266900
2024-10-01,236.7400054931641,240.0,230.1999969482422,230.1999969482422,1207926
2024-10-03,242.94000244140625,246.9499969482422,240.0,244.9499969482422,5731752
2024-10-04,243.52999877929688,251.5,240.6000061035156,246.0,3119868
2024-10-07,229.9900054931641,246.8000030517578,228.0500030517578,246.0,2139020
2024-10-08,242.1499938964844,245.1000061035156,228.1000061035156,230.0,1528609
2024-10-09,239.72000122070312,248.80999755859372,239.00999450683597,244.0,1278831
2024-10-10,244.02999877929688,252.5,240.63999938964844,240.6499938964844,3125096
2024-10-11,251.63999938964844,253.88999938964844,244.4199981689453,244.4199981689453,3500773
2024-10-14,258.1199951171875,272.25,256.29998779296875,267.0,11707464
2024-10-15,251.5200042724609,258.45001220703125,251.0,258.1199951171875,2405979
2024-10-16,256.4599914550781,262.0,254.1000061035156,256.0,3841430
2024-10-17,249.69000244140625,257.0,249.1199951171875,256.79998779296875,1165087
2024-10-18,247.05999755859372,247.8000030517578,241.6000061035156,247.1000061035156,1338323
2024-10-21,238.94000244140625,250.5,238.0,249.1100006103516,1014905
2024-10-22,229.72999572753903,238.3000030517578,227.9600067138672,237.9499969482422,1271457
2024-10-23,232.3500061035156,236.8500061035156,223.1000061035156,226.9900054931641,1218750
2024-10-24,227.80999755859372,239.0,227.0,232.3500061035156,823108
2024-10-25,215.7899932861328,228.17999267578125,211.00999450683597,227.80999755859372,1649897
2024-10-28,229.1199951171875,231.9600067138672,212.41000366210935,219.0,1457815
2024-10-29,230.63999938964844,231.6999969482422,224.6000061035156,230.0,971461
2024-10-30,233.2100067138672,234.92999267578125,229.0,230.6000061035156,659664
2024-10-31,239.58999633789065,249.0,237.00999450683597,240.0,3780875
2024-11-01,245.5800018310547,246.4499969482422,242.00999450683597,242.00999450683597,707450
2024-11-04,239.6199951171875,247.0,236.8500061035156,247.0,1732619
2024-11-05,240.6199951171875,246.8999938964844,237.50999450683597,238.0,1467412
2024-11-06,241.02999877929688,244.0,240.0,243.8600006103516,1096502
2024-11-07,239.3800048828125,243.1300048828125,238.1999969482422,241.02999877929688,1032780
2024-11-08,235.7700042724609,240.3999938964844,234.3800048828125,238.8699951171875,707437
2024-11-11,232.1000061035156,236.5200042724609,231.1000061035156,235.75,744373
2024-11-12,224.8999938964844,234.8500061035156,223.0500030517578,234.0,871962
2024-11-13,233.30999755859372,244.0,230.0,239.3000030517578,8252305
2024-11-14,229.72999572753903,239.0,228.3999938964844,237.0500030517578,2141356
2024-11-18,228.9199981689453,231.7700042724609,223.5200042724609,230.0800018310547,2277309
2024-11-19,234.19000244140625,245.0,232.25,237.0,3557740
2024-11-21,231.6499938964844,234.6999969482422,229.72000122070312,233.97999572753903,944971
2024-11-22,231.30999755859372,233.4499969482422,228.3800048828125,232.1000061035156,828595
2024-11-25,233.05999755859372,239.5,232.5,237.0,1649102
2024-11-26,241.17999267578125,244.8600006103516,238.0,242.0,4415047
2024-11-27,235.07000732421875,241.4900054931641,232.6499938964844,237.1499938964844,3067338
2024-11-28,239.3800048828125,242.8000030517578,237.5500030517578,239.0,2533435
2024-11-29,249.47000122070312,250.8999938964844,237.32000732421875,240.3999938964844,4705411
2024-12-02,253.8000030517578,257.3999938964844,249.0200042724609,252.0,3864397
2024-12-03,259.82000732421875,261.0,252.67999267578125,254.0,3924466
2024-12-04,260.7900085449219,261.95001220703125,256.2099914550781,260.0,2114781
2024-12-05,261.3900146484375,264.3900146484375,259.5,261.8999938964844,1614039
2024-12-06,277.3299865722656,280.0,260.70001220703125,261.0,6377923
2024-12-09,284.6099853515625,293.2900085449219,279.0599975585937,279.3800048828125,6824740
2024-12-10,292.5799865722656,295.0,282.0,286.07000732421875,5224770
2024-12-11,293.3599853515625,295.5,288.20001220703125,292.6000061035156,2557030
2024-12-12,288.3699951171875,298.989990234375,285.8999938964844,292.989990234375,2364598
2024-12-13,295.1000061035156,296.0,283.510009765625,287.3500061035156,3064209
2024-12-16,302.1700134277344,304.3999938964844,290.510009765625,295.1000061035156,2865094
2024-12-17,298.6300048828125,306.5,297.5,301.9100036621094,2881923
2024-12-18,304.0199890136719,310.3999938964844,295.20001220703125,299.3999938964844,4051607
2024-12-19,299.8900146484375,307.2099914550781,295.95001220703125,296.70001220703125,3365970
2024-12-20,290.010009765625,305.7900085449219,285.0,300.9100036621094,3085364
2024-12-23,279.989990234375,292.7900085449219,276.489990234375,290.010009765625,2859868
2024-12-24,282.8999938964844,285.0,279.8800048828125,280.1000061035156,1319519
2024-12-26,281.8800048828125,292.0,280.54998779296875,284.0,2390464
2024-12-27,293.7799987792969,295.04998779296875,281.7099914550781,285.0,2270374
2024-12-30,313.19000244140625,315.0,293.1199951171875,293.510009765625,6227262
2024-12-31,311.1700134277344,319.0,308.20001220703125,315.25,3388860
2025-01-01,306.45001220703125,310.6499938964844,303.3999938964844,309.8999938964844,1786346
2025-01-02,308.6000061035156,313.6000061035156,306.04998779296875,308.5,2593779
2025-01-03,305.3999938964844,309.8999938964844,304.1000061035156,308.5,2150144
2025-01-06,277.95001220703125,306.3999938964844,275.79998779296875,305.0,4250155
2025-01-07,293.3500061035156,294.95001220703125,282.6499938964844,290.0,3755387
2025-01-08,291.3500061035156,299.6499938964844,288.29998779296875,295.0,3105839
2025-01-09,277.1000061035156,290.95001220703125,274.3500061035156,290.95001220703125,1973592
2025-01-10,271.6000061035156,280.3999938964844,266.0,274.79998779296875,2743698
2025-01-13,270.54998779296875,284.5,265.25,271.6499938964844,4413217
2025-01-14,274.3999938964844,279.0,266.45001220703125,275.95001220703125,2074398
2025-01-15,277.04998779296875,283.8999938964844,273.29998779296875,276.0,2501986
2025-01-16,289.3999938964844,292.5,280.0,280.0,2650681
2025-01-17,290.3500061035156,294.0,285.0,288.0,2184478
2025-01-20,285.25,292.3999938964844,284.1499938964844,291.3999938964844,1858651
2025-01-21,280.29998779296875,288.29998779296875,279.04998779296875,286.0,1306290
2025-01-22,270.6000061035156,280.5,266.54998779296875,280.1499938964844,1884866
2025-01-23,270.8999938964844,276.0,267.04998779296875,270.0,1169830
2025-01-24,257.6000061035156,271.0,256.25,269.1000061035156,1758750
2025-01-27,246.8000030517578,254.8999938964844,239.1000061035156,250.0,2018939
2025-01-28,241.5,250.5,232.6999969482422,249.0,2793145
2025-01-29,252.5,254.5,242.25,242.25,1353158
2025-01-30,247.8999938964844,258.0,246.5,253.6999969482422,1141264
2025-01-31,257.79998779296875,258.6499938964844,246.3999938964844,248.1000061035156,1284705
2025-02-01,255.25,267.95001220703125,253.3500061035156,257.5,1585201
2025-02-03,239.1999969482422,250.8999938964844,234.25,250.0,2479149
2025-02-04,242.8000030517578,248.8999938964844,240.8000030517578,248.0,1415285
2025-02-05,246.8500061035156,249.0,242.1499938964844,243.0,1613403
2025-02-06,250.5,252.25,244.5500030517578,247.8999938964844,1002702
2025-02-07,249.1000061035156,252.75,246.0500030517578,250.9499969482422,1123231
2025-02-10,237.4499969482422,250.6499938964844,236.4499969482422,249.5,1061417
2025-02-11,231.6000061035156,245.6999969482422,230.0,239.0,2780020
2025-02-12,232.0,235.0,217.3999938964844,232.0500030517578,2758737
2025-02-13,221.6499938964844,235.8999938964844,220.0,232.25,1877276
2025-02-14,207.5500030517578,224.0,202.5,224.0,3060928
2025-02-17,206.5500030517578,211.1999969482422,201.5500030517578,203.3999938964844,2973000
2025-02-18,197.6999969482422,206.5500030517578,195.0,206.5,2618288
2025-02-19,204.1000061035156,206.8000030517578,193.3500061035156,196.6999969482422,3304121
2025-02-20,201.1499938964844,204.1000061035156,199.3500061035156,202.9499969482422,1528673
2025-02-21,195.6000061035156,202.3000030517578,194.5,200.1999969482422,2988601
2025-02-24,194.1000061035156,198.5500030517578,188.6999969482422,192.3000030517578,2077377
2025-02-25,190.9499969482422,200.4499969482422,189.8999938964844,195.75,1643685
2025-02-27,181.3500061035156,190.8999938964844,180.5,190.0,2184881
2025-02-28,172.14999389648438,179.5500030517578,170.10000610351562,176.0,3589818
2025-03-03,165.7899932861328,174.16000366210938,162.22000122070312,172.74000549316406,3105293
2025-03-04,170.47999572753906,175.5500030517578,159.33999633789062,162.0,4336823
2025-03-05,182.22000122070312,182.8500061035156,170.47999572753906,170.47999572753906,2905687
2025-03-06,184.67999267578125,188.3999938964844,180.6999969482422,183.50999450683597,2606095
2025-03-07,189.41000366210935,192.8300018310547,183.1999969482422,184.5,2467786
2025-03-10,179.13999938964844,190.8999938964844,177.1999969482422,189.6999969482422,2373896
2025-03-11,178.1199951171875,180.1999969482422,174.6999969482422,177.7100067138672,2603866
2025-03-12,176.8300018310547,184.33999633789065,176.0500030517578,180.0,2133557
2025-03-13,172.1199951171875,179.60000610351562,171.6300048828125,179.5,1943279
2025-03-17,168.1699981689453,174.9600067138672,167.25,174.13999938964844,2173977
2025-03-18,168.1699981689453,168.1699981689453,168.1699981689453,168.1699981689453,0
2025-03-19,187.16000366210935,188.7899932861328,177.0,177.0,4072441
2025-03-20,185.2899932861328,189.7899932861328,182.72000122070312,189.0,2732405
2025-03-21,192.42999267578125,197.8000030517578,184.9600067138672,185.5,8215807
2025-03-24,201.0399932861328,201.9900054931641,193.94000244140625,194.1999969482422,3439311
2025-03-25,194.4499969482422,205.5,193.6000061035156,203.0,2591992
2025-03-26,190.63999938964844,199.6499938964844,188.8500061035156,195.0,2108756
2025-03-27,201.25999450683597,203.30999755859372,187.75,190.58999633789065,5752466
2025-03-28,192.50999450683597,204.5,191.0500030517578,202.0,2395443
2025-04-01,194.5200042724609,196.6300048828125,190.6499938964844,192.0,1169866
2025-04-02,193.75999450683597,195.44000244140625,190.3500061035156,194.0,1117307
2025-04-03,200.1000061035156,202.6000061035156,190.5,191.1699981689453,2039679
2025-04-04,192.1999969482422,201.1000061035156,189.5500030517578,199.1999969482422,1619013
2025-04-07,183.0800018310547,185.0,170.1999969482422,171.99000549316406,1829780
2025-04-08,187.47000122070312,192.41000366210935,185.6000061035156,188.8000030517578,959397
2025-04-09,186.05999755859372,187.1000061035156,182.80999755859372,185.5,629133
2025-04-11,186.4900054931641,192.19000244140625,185.92999267578125,191.0,1238012
2025-04-15,194.94000244140625,197.0,193.3600006103516,196.0,2398632
2025-04-16,194.2700042724609,197.1999969482422,193.42999267578125,195.6999969482422,1529064
2025-04-17,194.2899932861328,196.1000061035156,193.1999969482422,194.5,956749
2025-04-21,196.8800048828125,198.3600006103516,193.5500030517578,194.75,1190614
2025-04-22,198.0200042724609,201.0,196.1000061035156,197.1000061035156,1027130
2025-04-23,199.25,207.6000061035156,198.5500030517578,205.0,4665780
2025-04-24,198.0399932861328,200.7700042724609,196.9600067138672,199.3000030517578,1224437
2025-04-25,190.47000122070312,198.67999267578125,188.6100006103516,198.0399932861328,1753268
2025-04-28,189.42999267578125,192.63999938964844,187.22000122070312,189.0,1213628
2025-04-29,193.1100006103516,194.47000122070312,190.0,190.0,1134605
2025-04-30,184.30999755859372,192.3600006103516,182.5500030517578,191.1999969482422,1177167
2025-05-02,181.6199951171875,187.75,180.8800048828125,183.75,1157632
2025-05-05,184.1699981689453,185.4600067138672,181.6199951171875,182.4900054931641,984069
2025-05-06,175.88999938964844,186.19000244140625,174.49000549316406,184.6999969482422,1305087
2025-05-07,177.6199951171875,180.0,171.72000122070312,172.0,1356157
2025-05-08,175.6999969482422,182.57000732421875,172.0,179.8300018310547,1162056
2025-05-09,176.14999389648438,177.89999389648438,170.6999969482422,171.0,927543
2025-05-12,189.97000122070312,191.38999938964844,183.3500061035156,186.0,1526725
2025-05-13,192.6199951171875,193.6000061035156,188.50999450683597,189.6999969482422,1161491
2025-05-14,194.0800018310547,195.5,191.7100067138672,193.0500030517578,924611
2025-05-15,195.6199951171875,198.1000061035156,193.6000061035156,194.0,1029094
2025-05-16,198.47000122070312,198.94000244140625,194.0,195.6999969482422,1232058
2025-05-19,203.2899932861328,207.58999633789065,199.0,199.0,4188138
2025-05-20,199.1499938964844,206.0,197.9199981689453,205.5,1730020
2025-05-21,202.4900054931641,203.94000244140625,198.1000061035156,199.3999938964844,1158680
2025-05-22,202.9199981689453,204.2899932861328,200.0,202.4900054931641,982712
2025-05-23,211.17999267578125,212.6999969482422,202.0,203.9900054931641,4587071
2025-05-26,214.8600006103516,219.72999572753903,213.0,213.1999969482422,5049658
2025-05-27,212.8000030517578,215.3999938964844,210.3500061035156,214.8600006103516,1563100
2025-05-28,217.58999633789065,221.69000244140625,212.7899932861328,212.8000030517578,2851844
2025-05-29,223.75,226.38999938964844,218.2899932861328,219.3000030517578,2098348
2025-05-30,220.0800018310547,224.8999938964844,218.0,224.5,1433514
2025-06-02,220.27999877929688,224.55999755859372,218.5200042724609,220.0800018310547,1098850
2025-06-03,214.47000122070312,221.8000030517578,213.6999969482422,220.3000030517578,1102480
2025-06-04,215.6999969482422,217.0,212.30999755859372,214.5,735085
2025-06-05,218.7899932861328,222.0,216.0,216.0,1473603
2025-06-06,223.13999938964844,230.8000030517578,219.8000030517578,229.0,5327444
2025-06-09,222.9600067138672,225.2400054931641,221.5200042724609,223.13999938964844,1379164
2025-06-10,220.25999450683597,224.6999969482422,220.0,224.5,1038638
2025-06-11,217.6300048828125,223.27999877929688,216.0,220.3000030517578,1611669
2025-06-12,208.6199951171875,220.8500061035156,207.9900054931641,217.5,2258414
2025-06-13,206.2400054931641,208.1999969482422,202.2100067138672,203.9600067138672,1260843
2025-06-16,205.6300048828125,207.75999450683597,199.3800048828125,205.6000061035156,1481717
2025-06-17,205.02999877929688,210.83999633789065,204.1000061035156,206.1000061035156,1197906
2025-06-18,204.5399932861328,207.38999938964844,202.3500061035156,205.0,692557
2025-06-19,198.83999633789065,206.8000030517578,198.0,204.8999938964844,1917620
2025-06-20,201.72000122070312,203.0,199.30999755859372,200.1300048828125,1332278
2025-06-23,200.4199981689453,201.6999969482422,199.1000061035156,200.0,817003
2025-06-24,207.22999572753903,209.00999450683597,203.1300048828125,203.50999450683597,1141223
2025-06-25,210.3699951171875,212.25999450683597,208.13999938964844,208.13999938964844,880791
2025-06-26,213.8800048828125,215.1999969482422,210.0,210.0,1157712
2025-06-27,212.7100067138672,215.8000030517578,211.83999633789065,214.5,700756
2025-06-30,212.8999938964844,214.5399932861328,210.5,213.97000122070312,704983
2025-07-01,216.7700042724609,218.44000244140625,212.4499969482422,212.8999938964844,1258882
2025-07-02,213.1300048828125,217.6999969482422,212.6100006103516,216.6999969482422,765485
2025-07-03,211.5200042724609,215.6499938964844,211.07000732421875,213.1300048828125,659357
2025-07-04,210.75,213.17999267578125,209.41000366210935,211.5200042724609,596564
2025-07-07,205.6699981689453,213.8800048828125,205.0,210.25,1188307
2025-07-08,206.0800018310547,209.8000030517578,204.75,205.9499969482422,1009616
2025-07-09,205.8699951171875,209.47999572753903,205.1499938964844,206.5200042724609,902086
2025-07-10,206.5200042724609,208.6300048828125,205.3500061035156,205.8699951171875,622657
2025-07-11,205.1300048828125,208.7899932861328,204.67999267578125,205.6499938964844,666799
2025-07-14,205.0399932861328,205.8999938964844,203.1000061035156,205.0,716832
2025-07-15,207.6999969482422,208.4900054931641,204.9900054931641,204.9900054931641,758794
2025-07-16,208.8800048828125,210.1000061035156,207.2400054931641,207.5,581100
2025-07-17,206.9499969482422,210.19000244140625,206.30999755859372,208.8800048828125,552165
2025-07-18,206.32000732421875,208.9499969482422,205.5,207.00999450683597,550030
2025-07-21,202.47999572753903,205.8999938964844,201.94000244140625,205.25,817084
2025-07-22,202.9499969482422,205.42999267578125,202.3000030517578,203.2899932861328,459727
2025-07-23,203.0,204.5,202.6000061035156,203.0,406530
2025-07-24,203.47999572753903,204.69000244140625,202.75,203.2400054931641,386057
2025-07-25,201.52999877929688,203.4600067138672,199.8000030517578,203.0,602422
2025-07-28,197.5,201.6999969482422,197.0,197.3999938964844,598644
2025-07-29,202.0200042724609,203.25,195.0,195.9900054931641,594109
2025-07-30,204.22999572753903,205.5,202.4900054931641,203.0,524727
2025-07-31,201.30999755859372,202.58999633789065,198.1199951171875,200.0,358017
2025-08-01,197.47999572753903,202.02999877929688,196.5,202.0,436120
2025-08-04,199.2700042724609,201.30999755859372,195.05999755859372,198.3999938964844,657013
2025-08-05,197.00999450683597,200.58999633789065,196.1999969482422,199.0,395486
2025-08-06,195.9600067138672,198.32000732421875,194.50999450683597,195.6199951171875,449180
2025-08-07,193.72000122070312,195.9900054931641,188.75999450683597,191.0,733836
2025-08-08,192.0500030517578,194.8000030517578,190.0,193.72000122070312,374541
2025-08-11,183.88999938964844,189.33999633789065,180.16000366210935,189.17999267578125,2404119
2025-08-12,179.8300018310547,189.7899932861328,179.0399932861328,185.0,2174689
2025-08-13,178.4499969482422,182.1499938964844,178.0,180.2899932861328,872262
2025-08-14,177.5500030517578,180.0,177.00999450683594,179.44000244140625,773649
2025-08-18,178.3699951171875,182.0,177.75,178.64999389648438,646152
2025-08-19,181.07000732421875,181.8999938964844,177.2100067138672,179.0,705068
2025-08-20,185.0500030517578,185.77999877929688,181.5,181.8000030517578,934803
2025-08-21,183.08999633789065,186.97000122070312,182.47999572753903,186.38999938964844,566205
2025-08-22,182.22000122070312,187.00999450683597,181.5,183.0,1060133
2025-08-25,182.82000732421875,185.3999938964844,182.2100067138672,183.88999938964844,456546
2025-08-26,178.49000549316406,182.0,177.64999389648438,182.0,427184
2025-08-28,173.6699981689453,177.5500030517578,172.19000244140625,177.1999969482422,811039
2025-08-29,172.77999877929688,175.69000244140625,172.49000549316406,173.83999633789062,526180
2025-09-01,184.3300018310547,186.22999572753903,172.82000732421875,173.77999877929688,1543744
2025-09-02,190.0399932861328,191.3999938964844,181.4900054931641,184.1999969482422,1620998
2025-09-03,191.8999938964844,193.77999877929688,187.00999450683597,190.0399932861328,1167999
2025-09-04,190.0200042724609,194.22000122070312,189.6999969482422,193.3999938964844,581895
2025-09-05,185.63999938964844,190.5399932861328,185.0,190.0,539795
2025-09-08,186.83999633789065,190.33999633789065,185.63999938964844,187.9900054931641,461999
2025-09-09,184.6100006103516,187.97000122070312,184.0,187.00999450683597,480874
2025-09-10,185.5,188.5399932861328,184.6100006103516,186.0500030517578,528004
2025-09-11,188.25999450683597,188.6499938964844,185.41000366210935,186.3999938964844,389357
2025-09-12,186.3000030517578,189.2899932861328,185.72000122070312,188.25999450683597,368976
2025-09-15,189.7700042724609,191.25999450683597,186.69000244140625,186.6999969482422,792818
2025-09-16,191.7400054931641,194.0,189.75999450683597,189.7700042724609,589186
2025-09-17,193.7400054931641,194.6999969482422,191.0800018310547,191.5,675857
2025-09-18,194.2700042724609,196.8999938964844,193.08999633789065,194.0,819878
2025-09-19,194.8000030517578,196.0,191.13999938964844,193.63999938964844,648834
2025-09-22,193.97999572753903,197.63999938964844,192.69000244140625,196.0,790461
2025-09-23,193.32000732421875,195.5,191.6000061035156,192.9499969482422,537349
2025-09-24,193.72000122070312,195.6499938964844,192.66000366210935,193.3999938964844,618263
2025-09-25,189.3000030517578,193.0,188.0,193.0,718277
2025-09-26,190.97000122070312,193.0,184.1199951171875,186.52999877929688,730295
2025-09-29,187.5,191.22000122070312,186.6100006103516,190.32000732421875,517548
2025-09-30,184.7400054931641,188.19000244140625,184.25999450683597,186.25999450683597,409957
2025-10-01,186.72999572753903,188.5,183.67999267578125,184.7400054931641,384524
2025-10-03,188.77999877929688,189.6999969482422,185.3000030517578,188.5,784047
2025-10-06,185.66000366210935,190.3500061035156,185.0,187.32000732421875,593396
2025-10-07,187.0399932861328,187.8000030517578,185.66000366210935,185.66000366210935,400576
2025-10-08,184.7100067138672,188.91000366210935,183.92999267578125,187.0399932861328,679086
2025-10-09,191.5399932861328,193.08999633789065,184.7100067138672,184.7100067138672,1433561
2025-10-10,192.6199951171875,193.25,190.8600006103516,192.88999938964844,568553
2025-10-13,189.80999755859372,191.9900054931641,188.5,190.00999450683597,434067
2025-10-14,188.7700042724609,192.0,186.32000732421875,190.5,763632
2025-10-15,190.2400054931641,191.8000030517578,188.3699951171875,188.7700042724609,572563
2025-10-16,191.44000244140625,194.5,190.22999572753903,190.2400054931641,671549
2025-10-17,190.2899932861328,192.9900054931641,189.0,192.8500061035156,367650
2025-10-20,191.3800048828125,192.0,189.4900054931641,191.6000061035156,459152
2025-10-21,193.0200042724609,194.3999938964844,191.0,192.3999938964844,286424
2025-10-23,190.75,193.6499938964844,189.4499969482422,193.1100006103516,402163
2025-10-24,189.38999938964844,191.97999572753903,188.6000061035156,190.07000732421875,487365
2025-10-27,193.47000122070312,193.9499969482422,189.38999938964844,189.38999938964844,539435
2025-10-28,191.4199981689453,193.8300018310547,190.3800048828125,193.5200042724609,440454
2025-10-29,192.19000244140625,195.1999969482422,190.8500061035156,190.8500061035156,575262
2025-10-30,197.0,199.94000244140625,191.77999877929688,192.0,1491069
2025-10-31,205.66000366210935,207.8999938964844,196.63999938964844,198.0,2873718
2025-11-03,211.58999633789065,213.0,205.5500030517578,207.5,3104791
2025-11-04,205.75999450683597,214.5,204.72000122070312,212.25,1370192
2025-11-06,200.7100067138672,206.3999938964844,199.75,206.0,999345
2025-11-07,198.9199981689453,200.75,196.55999755859372,200.30999755859372,625478
2025-11-10,200.41000366210935,203.97000122070312,198.63999938964844,201.8999938964844,1020562
2025-11-11,197.13999938964844,201.1999969482422,196.0,201.0,623715
2025-11-12,201.6699981689453,202.88999938964844,197.1999969482422,197.1999969482422,460384
2025-11-13,200.1100006103516,203.7899932861328,197.8000030517578,201.1100006103516,780479
2025-11-14,198.8000030517578,202.3000030517578,197.75999450683597,197.8000030517578,751063
2025-11-17,188.66000366210935,193.0,186.72000122070312,193.0,2252054
2025-11-18,185.9600067138672,190.0,185.3999938964844,189.0,762510
2025-11-19,181.41000366210935,185.88999938964844,180.1999969482422,185.75,823026
2025-11-20,181.08999633789065,183.8000030517578,180.10000610351562,182.0,467770
2025-11-21,178.52999877929688,180.9900054931641,178.0,180.0,526320
2025-11-24,175.6699981689453,179.0,175.0,178.52999877929688,535991
2025-11-25,177.6999969482422,178.9499969482422,175.0,175.0,454511
2025-11-26,178.0,180.8999938964844,175.35000610351562,177.75,596332
2025-11-27,183.97000122070312,187.3999938964844,180.8500061035156,183.0,1978760
2025-11-28,177.75999450683594,179.5,173.58999633789062,173.58999633789062,2520382
2025-12-01,173.4199981689453,178.50999450683594,173.0,177.77999877929688,670580
2025-12-02,169.57000732421875,173.35000610351562,169.3000030517578,172.8000030517578,574338
2025-12-03,166.61000061035156,171.9499969482422,165.5,171.2899932861328,763813
2025-12-04,163.91000366210938,167.33999633789062,163.66000366210938,166.50999450683594,646586
2025-12-05,160.5800018310547,164.6699981689453,160.11000061035156,164.0,635333
2025-12-08,164.52000427246094,170.7899932861328,162.5500030517578,165.3300018310547,11837520
2025-12-09,167.49000549316406,168.89999389648438,159.22999572753906,163.6999969482422,2186610
2025-12-10,165.0500030517578,168.33999633789062,163.5,166.5399932861328,650736
2025-12-11,168.72999572753906,171.89999389648438,165.5,168.14999389648438,2354258
2025-12-12,165.4499969482422,169.60000610351562,164.89999389648438,169.27000427246094,1106388
2025-12-15,169.47999572753906,170.0,167.2100067138672,167.47000122070312,1971699
2025-12-16,175.52000427246094,177.0,166.25,168.91000366210938,1900568
2025-12-17,170.52999877929688,175.42999267578125,169.75999450683594,175.0,524519
2025-12-18,173.92999267578125,175.24000549316406,170.24000549316406,171.9499969482422,575092
2025-12-19,172.64999389648438,176.00999450683594,171.1699981689453,176.0,583648
2025-12-22,175.1999969482422,175.85000610351562,172.14999389648438,172.99000549316406,517258
2025-12-23,174.8699951171875,177.89999389648438,174.00999450683594,175.1999969482422,781930
2025-12-24,172.19000244140625,176.10000610351562,171.5,174.60000610351562,576430
2025-12-26,170.41000366210938,173.38999938964844,170.07000732421875,172.19000244140625,513713
2025-12-29,168.02000427246094,171.97999572753906,167.16000366210938,171.08999633789062,568286
2025-12-30,166.75,168.19000244140625,166.02999877929688,168.08999633789062,331424
2025-12-31,168.4600067138672,169.0,166.66000366210938,166.8000030517578,394631
2026-01-01,167.8800048828125,169.49000549316406,167.3000030517578,168.0,278657
2026-01-02,169.36000061035156,170.5,167.22000122070312,167.8800048828125,606081
2026-01-05,167.72999572753906,171.6999969482422,166.89999389648438,169.36000061035156,502358
2026-01-06,165.86000061035156,169.0,165.05999755859375,169.0,422355
2026-01-07,169.10000610351562,169.5,164.72999572753906,165.0,441690
2026-01-08,164.25,171.1999969482422,163.61000061035156,168.10000610351562,577881
2026-01-09,162.0800018310547,165.36000061035156,161.77000427246094,164.25,453090
2026-01-12,157.08999633789062,160.0,155.0,160.0,1153637
2026-01-13,150.72999572753906,158.38999938964844,150.25,158.0,1285219
2026-01-14,147.36000061035156,151.7100067138672,147.0,150.72999572753906,1189373
2026-01-15,147.36000061035156,147.36000061035156,147.36000061035156,147.36000061035156,0
2026-01-16,150.16000366210938,154.88999938964844,147.19000244140625,147.88999938964844,1269519
2026-01-19,146.6300048828125,150.0,145.1999969482422,150.0,834983
2026-01-20,141.9600067138672,146.50999450683594,141.0,146.50999450683594,925470
2026-01-21,141.24000549316406,143.88999938964844,139.52000427246094,141.60000610351562,1017720
2026-01-22,144.5399932861328,146.74000549316406,142.0,142.1300048828125,765698
2026-01-23,146.0,151.0,144.0,150.0,1600922
2026-01-27,143.50999450683594,146.5,141.3699951171875,146.0,719274
2026-01-28,147.0399932861328,148.0,141.0,144.3699951171875,1063214
2026-01-29,144.61000061035156,147.6999969482422,143.57000732421875,147.0399932861328,542868
2026-01-30,148.97000122070312,150.89999389648438,142.10000610351562,143.9600067138672,981464
2026-02-02,148.52000427246094,149.58999633789062,143.91000366210938,149.3800048828125,674556
2026-02-03,152.5,153.8000030517578,150.5,153.00999450683594,950846
2026-02-04,155.02999877929688,155.5,149.8300018310547,152.0,670737
2026-02-05,152.67999267578125,155.89999389648438,151.83999633789062,155.8000030517578,489103
2026-02-06,155.17999267578125,159.02999877929688,149.49000549316406,152.10000610351562,1129502
2026-02-09,163.97000122070312,165.8800048828125,155.07000732421875,156.5399932861328,1649575
2026-02-10,163.69000244140625,166.9600067138672,163.1699981689453,165.10000610351562,591931
2026-02-11,160.2100067138672,164.0500030517578,159.39999389648438,163.88999938964844,517907
2026-02-12,158.1999969482422,160.89999389648438,156.0,158.5,549622
2026-02-13,151.61000061035156,155.89999389648438,150.44000244140625,155.89999389648438,946940
2026-02-16,148.47999572753906,152.97999572753906,146.5,152.97999572753906,1261790
2026-02-17,149.9600067138672,150.8000030517578,147.0500030517578,149.2100067138672,964794
2026-02-18,149.66000366210938,154.0,149.0500030517578,149.9600067138672,839825
2026-02-19,146.64999389648438,150.08999633789062,146.39999389648438,149.9600067138672,719285
2026-02-20,142.91000366210938,147.58999633789062,142.1999969482422,147.58999633789062,916028
2026-02-23,143.60000610351562,150.88999938964844,143.0500030517578,146.5,2021184
2026-02-24,140.36000061035156,142.85000610351562,140.10000610351562,142.5,872406
2026-02-25,137.8000030517578,141.5,136.8000030517578,141.0500030517578,1054025
2026-02-26,138.7100067138672,141.85000610351562,136.52000427246094,138.0,980634
2026-02-27,130.02000427246094,138.72000122070312,128.0,138.7100067138672,5500464
2026-03-02,128.6699981689453,130.9600067138672,123.86000061035156,124.47000122070312,1556648
2026-03-04,124.0500030517578,127.51000213623048,123.0,127.51000213623048,1649431
2026-03-05,122.37000274658205,125.52999877929688,120.1999969482422,124.98999786376952,1396983
2026-03-06,120.4499969482422,124.37999725341795,120.1999969482422,122.20999908447266,1009869
2026-03-09,117.38999938964844,119.0,114.3499984741211,117.80999755859376,1194332
2026-03-10,120.0500030517578,120.5,117.0199966430664,120.37999725341795,1069707
2026-03-11,120.79000091552734,126.31999969482422,120.0500030517578,121.0,1871589
2026-03-12,121.0500030517578,123.54000091552734,117.0500030517578,120.0,1386746
2026-03-13,115.91999816894533,120.22000122070312,115.5,120.20999908447266,1209219
2026-03-16,114.2699966430664,116.63999938964844,112.1999969482422,116.63999938964844,1475774
2026-03-17,112.5,114.27999877929688,111.1999969482422,114.2699966430664,1716283
2026-03-18,117.33999633789062,118.79000091552734,112.44000244140624,112.5,1652503
2026-03-19,112.94000244140624,115.62999725341795,112.6999969482422,115.54000091552734,956505
2026-03-20,113.7300033569336,115.3000030517578,113.02999877929688,113.69000244140624,1235014
2026-03-23,106.3000030517578,112.0,105.5,112.0,1442744
2026-03-24,110.55999755859376,111.41000366210938,107.58999633789062,110.0,1534799
2026-03-25,114.9000015258789,116.16000366210938,111.4499969482422,111.6999969482422,1701361
2026-03-27,109.26000213623048,114.31999969482422,108.9000015258789,114.31999969482422,2196275
2026-03-30,102.12999725341795,108.66000366210938,101.0,107.1999969482422,2800306
2026-04-01,110.73999786376952,111.13999938964844,105.33999633789062,106.41999816894533,1268122
2026-04-02,111.91999816894533,112.9499969482422,105.30999755859376,106.4000015258789,1446692
2026-04-06,112.97000122070312,113.5999984741211,108.6500015258789,112.8000030517578,1136910
2026-04-07,112.45999908447266,114.87999725341795,110.87999725341795,112.0,1178233
2026-04-08,121.81999969482422,122.5,117.01000213623048,119.0,2296895
2026-04-09,121.33000183105467,125.8000030517578,119.5999984741211,121.41000366210938,1581342
2026-04-10,124.87000274658205,126.08999633789062,121.01000213623048,122.3000030517578,1303595
2026-04-13,122.33000183105467,123.88999938964844,118.62000274658205,121.1999969482422,1128804
2026-04-15,135.57000732421875,137.42999267578125,125.33999633789062,126.0,7054659
2026-04-16,137.74000549316406,139.86000061035156,133.72000122070312,137.6999969482422,3116111
2026-04-17,138.82000732421875,139.6199951171875,136.72000122070312,137.75,1713713
2026-04-20,134.16000366210938,140.0,133.14999389648438,140.0,1554683
2026-04-21,136.2899932861328,137.88999938964844,133.1999969482422,133.5,1374589
2026-04-22,137.6300048828125,138.5,135.14999389648438,135.41000366210938,1145878
2026-04-23,135.8699951171875,137.3000030517578,134.8000030517578,137.3000030517578,1121879
2026-04-24,133.0500030517578,136.8000030517578,132.0500030517578,135.9499969482422,2543860
2026-04-27,136.7899932861328,139.49000549316406,134.0,134.0,1530489
2026-04-28,136.89999389648438,139.2899932861328,135.83999633789062,136.85000610351562,1038490
2026-04-29,134.6999969482422,140.55999755859375,133.88999938964844,138.25999450683594,1853093
2026-04-30,134.25,135.92999267578125,132.60000610351562,134.0,844894
2026-05-01,134.25,134.25,134.25,134.25,0
2026-05-04,135.80999755859375,136.64999389648438,132.8000030517578,135.67999267578125,1143724
2026-05-05,134.4199981689453,137.0,133.1999969482422,135.49000549316406,772589
2026-05-06,138.02000427246094,138.5,134.1199951171875,134.88999938964844,1245664
2026-05-07,140.0500030517578,141.19000244140625,137.27999877929688,139.0,1290807
2026-05-08,137.2100067138672,141.19000244140625,136.52999877929688,140.61000061035156,1101598
2026-05-11,133.19000244140625,135.6999969482422,132.60000610351562,135.02000427246094,796482
2026-05-12,127.2300033569336,133.39999389648438,126.37000274658205,132.0,1021937
2026-05-13,128.05999755859375,130.2899932861328,126.4000015258789,126.5500030517578,989929
2026-05-14,129.39999389648438,130.75999450683594,127.0,128.5,783744
2026-05-15,128.08999633789062,130.8000030517578,127.61000061035156,129.39999389648438,633330
2026-05-18,125.08999633789062,126.63999938964844,122.1999969482422,126.0,995383
2026-05-19,124.2699966430664,126.3000030517578,124.0,125.33000183105467,680183
2026-05-20,126.4800033569336,126.8000030517578,122.26000213623048,122.83999633789062,596263
2026-05-21,128.44000244140625,130.9499969482422,127.12000274658205,127.5999984741211,826256
2026-05-22,123.44000244140624,125.98999786376952,122.8000030517578,124.68000030517578,1531298
2026-05-25,123.2699966430664,125.4000015258789,122.95999908447266,124.19000244140624,1287223
2026-05-26,124.0199966430664,127.0,122.5999984741211,122.9800033569336,956129
2026-05-27,123.69000244140624,125.98999786376952,123.43000030517578,124.0500030517578,624750
2026-05-28,123.69000244140624,123.69000244140624,123.69000244140624,123.69000244140624,0
2026-05-29,122.38999938964844,125.1999969482422,122.0,124.0,874353
2026-06-01,121.83000183105467,124.6999969482422,121.41000366210938,122.8000030517578,556055
2026-06-02,124.2300033569336,125.3499984741211,119.5,121.0,718290
2026-06-03,123.9000015258789,124.8499984741211,122.0500030517578,124.01000213623048,527988
2026-06-04,122.88999938964844,124.8499984741211,122.61000061035156,122.61000061035156,547811
2026-06-05,122.36000061035156,124.12000274658205,121.6500015258789,122.97000122070312,715476
2026-06-08,118.29000091552734,122.0,116.91999816894533,122.0,915135
2026-06-09,121.18000030517578,121.88999938964844,117.77999877929688,118.4000015258789,709588
2026-06-10,117.80999755859376,121.8499984741211,117.5,121.18000030517578,513607
2026-06-11,115.1500015258789,116.94000244140624,114.45999908447266,116.0500030517578,566556
2026-06-12,123.05999755859376,124.0,116.87000274658205,117.0,1136082
2026-06-15,132.49000549316406,140.1300048828125,127.8499984741211,128.0,38723490
2026-06-16,132.61000061035156,133.9199981689453,131.60000610351562,132.49000549316406,2093980
2026-06-17,130.69000244140625,133.39999389648438,130.02000427246094,133.0,1304453
2026-06-18,131.75,134.2899932861328,130.5,130.69000244140625,1306749
2026-06-19,135.16000366210938,136.6999969482422,130.05999755859375,131.5,1386232
2026-06-22,135.52999877929688,137.24000549316406,134.30999755859375,136.60000610351562,1102080
2026-06-23,134.47999572753906,139.7899932861328,133.50999450683594,136.0,1810058
2026-06-24,134.41000366210938,135.1999969482422,133.11000061035156,134.1999969482422,633192
2026-06-25,131.02999877929688,135.7899932861328,130.5,134.82000732421875,711818
2026-06-26,131.02999877929688,131.02999877929688,131.02999877929688,131.02999877929688,0
2026-06-29,132.17999267578125,136.8800048828125,130.35000610351562,133.92999267578125,2351699
2026-06-30,130.55999755859375,132.89999389648438,129.72999572753906,132.6999969482422,711049
2026-07-01,132.11000061035156,133.2899932861328,130.8000030517578,130.85000610351562,654739
2026-07-02,132.3699951171875,133.1999969482422,131.8000030517578,132.52999877929688,487891
2026-07-03,132.0500030517578,133.38999938964844,131.55999755859375,132.69000244140625,457825
2026-07-06,130.9499969482422,132.10000610351562,130.1300048828125,132.0500030517578,477053
2026-07-07,128.6699981689453,131.3000030517578,128.0,130.9499969482422,657740
2026-07-08,125.9800033569336,127.83000183105467,124.0,127.22000122070312,746480
2026-07-09,127.19000244140624,127.55999755859376,124.5999984741211,126.0,446229
2026-07-10,131.58999633789062,133.10000610351562,127.26000213623048,127.26000213623048,954063
2026-07-13,132.16000366210938,133.0,129.0,130.1999969482422,748103
2026-07-14,128.4600067138672,131.9499969482422,128.0,131.52000427246094,625254
2026-07-15,128.22000122070312,129.10000610351562,127.31999969482422,128.5500030517578,480010
2026-07-16,126.75,128.60000610351562,126.5,128.2100067138672,388710
2026-07-17,123.93000030517578,126.73999786376952,123.5999984741211,126.1500015258789,605577
2026-07-20,123.58999633789062,125.33000183105467,122.41999816894533,124.0,627279
2026-07-21,124.38999938964844,124.9000015258789,123.0,123.0,495873
2026-07-22,122.4499969482422,124.11000061035156,121.66999816894533,124.0500030517578,482756
2026-07-23,120.88999938964844,122.2300033569336,119.5500030517578,121.4000015258789,676701
2026-07-24,120.87000274658205,121.31999969482422,119.25,120.0199966430664,534290
2026-07-27,124.12999725341797,124.3499984741211,121.68000030517578,123.0,680173
2026-07-28,122.7300033569336,124.20999908447266,122.19999694824219,124.19999694824219,283966
2026-07-29,123.66999816894531,124.3499984741211,122.27999877929688,123.0,345725
2026-07-30,123.2300033569336,124.04000091552734,122.19999694824219,123.4800033569336,391194
2026-07-31,121.08999633789062,124.08999633789062,120.3499984741211,123.2300033569336,689411
2026-08-03,121.12000274658203,122.68000030517578,120.80000305175781,121.91999816894531,960055
2026-08-04,120.33000183105469,122.30000305175781,119.7300033569336,121.30000305175781,927088
2026-08-05,119.88999938964844,122.80000305175781,119.5,121.0,979516
2026-08-06,119.83000183105469,120.9000015258789,119.5999984741211,120.9000015258789,542817
2026-08-07,118.33000183105469,120.33000183105469,118.0,119.88999938964844,694502
2026-08-10,117.9800033569336,118.79000091552734,117.5,118.79000091552734,532277
2026-08-11,116.98999786376953,119.56999969482422,116.69999694824219,118.0,826980
