Date,Close,High,Low,Open,Volume
1995-01-02,262.5,264.375,262.5,264.375,450
1995-01-03,262.95,264,262.125,262.125,5250
1995-01-04,264,264.375,262.5,262.5,10450
1995-01-06,260.625,260.625,259.875,259.875,250
1995-01-09,255,260.625,255,260.625,3450
1995-01-10,254.081,256.875,250.312,252.75,2200
1995-01-11,251.625,253.125,249.75,253.125,1100
1995-01-12,250.687,255,250.125,255,2000
1995-01-13,255,255,251.25,252,950
1995-01-16,253.875,254.625,253.125,253.125,800
1995-01-17,251.25,255.937,251.25,255.937,600
1995-01-18,254.625,255,254.625,255,1000
1995-01-19,256.875,257.812,253.125,253.125,350
1995-01-20,255.937,256.125,255,255,4250
1995-01-23,253.125,253.125,253.125,253.125,50
1995-01-24,250.125,250.5,246.469,248.437,2100
1995-01-25,251.25,253.125,247.5,247.5,1350
1995-01-27,253.125,253.125,249.375,251.25,900
1995-01-30,253.5,253.5,251.25,251.25,300
1995-01-31,255,255,251.25,251.25,1000
1995-02-01,258.412,258.75,256.875,258.75,6000
1995-02-02,259.406,259.5,256.125,258.75,6000
1995-02-03,262.125,262.125,256.875,258.75,1600
1995-02-06,258.769,264.375,258.75,264.375,600
1995-02-07,261.787,262.5,256.875,258.75,1950
1995-02-08,258.75,262.5,256.875,258.75,1050
1995-02-09,258.319,258.75,256.875,256.875,5350
1995-02-10,259.125,259.125,257.812,257.812,2650
1995-02-13,258.244,258.75,256.5,256.875,1200
1995-02-14,254.812,256.875,253.125,256.875,1500
1995-02-15,255.9,255.9,253.125,253.162,1400
1995-02-16,253.125,255,253.125,254.25,2300
1995-02-17,249.375,256.875,247.5,256.875,21300
1995-02-20,247.5,249.562,247.5,247.5,800
1995-02-21,238.125,245.625,238.125,245.625,350
1995-02-22,237.187,240,228.75,240,800
1995-02-23,240.937,247.5,237,237,1650
1995-02-24,253.125,255,247.5,247.5,5400
1995-02-28,250.031,252.937,244.125,247.5,1550
1995-03-01,259.406,259.406,255,255,2900
1995-03-02,259.125,260.606,246.937,246.937,2750
1995-03-03,261,261.75,258.75,258.75,600
1995-03-06,256.875,259.5,256.875,258.75,2200
1995-03-07,255,262.5,255,258.75,650
1995-03-08,256.5,258,253.125,256.875,550
1995-03-09,258.544,258.75,251.25,255,1300
1995-03-10,259.687,260.625,257.812,259.5,1550
1995-03-13,250.144,253.5,250.144,253.5,450
1995-03-14,253.125,255,252,253.125,1550
1995-03-15,252.075,259.875,251.25,256.875,8500
1995-03-16,251.25,258.75,250.312,258.75,1500
1995-03-20,250.125,255,249.75,251.25,1200
1995-03-21,241.256,251.25,241.125,251.25,2600
1995-03-22,251.25,252,250.5,251.437,900
1995-03-23,248.625,255,247.875,251.625,2800
1995-03-24,252.375,253.106,249.75,251.25,1200
1995-03-27,253.125,253.837,252.562,253.125,3200
1995-03-28,254.25,258.75,253.125,258.75,2400
1995-03-29,256.275,256.875,255.019,256.875,1200
1995-03-30,256.875,264.375,256.594,258.75,43950
1995-03-31,260.062,260.062,256.912,257.812,800
1995-04-03,262.312,262.5,258.375,258.375,7250
1995-04-04,268.612,268.875,262.031,262.031,10600
1995-04-05,280.819,281.25,271.875,271.875,6150
1995-04-06,285.187,290.625,282.375,282.375,8000
1995-04-07,288.844,289.875,283.875,283.875,11250
1995-04-10,286.275,288.469,285,285.937,10300
1995-04-11,287.062,287.812,286.125,287.812,14050
1995-04-12,288.75,289.687,287.812,287.812,6550
1995-04-17,285,289.687,284.981,289.687,4950
1995-04-18,276.937,284.25,276.375,281.25,4450
1995-04-19,273.75,278.437,271.875,277.5,4200
1995-04-20,270.825,275.25,270.75,273.75,9150
1995-04-21,271.125,271.875,270,270.019,6700
1995-04-24,262.931,270,262.5,270,1500
1995-04-25,258.094,270,255,268.125,10350
1995-04-26,256.875,260.625,255.375,260.625,4300
1995-04-27,255,258.375,251.25,256.875,4750
1995-04-28,248.812,256.875,247.875,255,8200
1995-05-02,240.375,247.5,239.25,247.5,4600
1995-05-03,247.5,247.5,236.25,240,3600
1995-05-04,253.106,255,247.875,247.875,6900
1995-05-05,257.062,258.75,255,256.875,10100
1995-05-08,257.006,258.75,237.937,237.937,31900
1995-05-09,264.562,266.25,257.006,257.006,5550
1995-05-10,256.95,274.875,252,252,27550
1995-05-12,257.494,258.75,252,253.125,6150
1995-05-15,256.931,257.662,254.887,256.875,24550
1995-05-16,258.506,259.687,255,256.875,18000
1995-05-17,265.5,266.062,261,261,20300
1995-05-18,266.944,270,265.687,270,24600
1995-05-19,271.931,277.5,257.719,257.719,39050
1995-05-22,269.756,271.444,266.25,268.125,16400
1995-05-23,265.012,268.125,264.375,266.625,4750
1995-05-24,265.875,270.937,265.5,270.937,2700
1995-05-25,264.375,264.375,260.625,260.625,4750
1995-05-26,266.25,267.375,264.375,267.375,1050
1995-05-29,266.25,266.25,264.375,266.25,2550
1995-05-30,264.544,271.875,264.375,271.875,11150
1995-05-31,268.744,268.875,267.375,267.731,1150
1995-06-01,267.412,273.75,266.625,271.875,7800
1995-06-02,268.744,269.25,267.375,267.375,4100
1995-06-05,267.75,268.125,263.25,268.125,4000
1995-06-06,269.1,269.981,268.125,268.125,24750
1995-06-07,271.875,273.75,271.537,272.25,10450
1995-06-08,267.75,270.544,267.75,270.375,4550
1995-06-09,266.25,268.087,265.237,268.087,450
1995-06-12,266.25,266.887,264.375,266.231,4350
1995-06-13,267.112,267.937,265.125,265.875,3800
1995-06-14,268.894,271.875,268.125,271.875,1650
1995-06-15,268.406,270,267.75,268.125,9450
1995-06-16,274.5,275.625,270,270.356,36450
1995-06-19,272.494,274.312,271.969,272.25,19850
1995-06-20,270.825,272.625,270.131,270.75,18050
1995-06-21,277.256,280.875,276.769,277.5,12050
1995-06-22,277.612,279.375,275.287,276.75,8100
1995-06-23,277.612,278.25,277.125,277.875,4550
1995-06-26,274.369,277.5,273.75,277.5,7200
1995-06-27,275.25,275.606,273,273.75,3250
1995-06-28,275.494,275.644,274.875,274.875,1450
1995-06-29,275.269,277.106,273.75,273.75,1400
1995-06-30,273.75,274.875,272.831,272.831,900
1995-07-03,266.775,270.375,266.287,270,5450
1995-07-04,263.1,265.856,258.75,262.5,6150
1995-07-05,261.187,265.5,261.187,264.375,4500
1995-07-06,260.719,260.719,255.375,260.25,8100
1995-07-07,263.212,264.375,260.625,262.5,1500
1995-07-10,264.037,265.5,263.25,263.25,2500
1995-07-11,263.062,264.375,262.125,263.25,11250
1995-07-12,265.125,266.625,263.25,263.437,950
1995-07-13,268.069,268.069,265.875,265.875,5150
1995-07-14,270.75,271.5,267.937,267.937,5300
1995-07-17,271.556,271.875,270.469,271.781,3550
1995-07-18,272.644,275.625,268.687,271.875,29100
1995-07-19,272.737,273.75,270.375,273.75,5200
1995-07-20,275.25,275.625,273.75,273.769,6650
1995-07-21,275.625,277.012,271.969,277.012,48150
1995-07-24,273.469,273.75,272.25,272.25,2250
1995-07-25,273.244,274.875,271.312,273.375,4600
1995-07-26,277.031,281.25,276.469,281.25,4400
1995-07-27,278.587,281.25,273.75,275.625,5200
1995-07-28,278.906,279.375,271.875,273.75,33900
1995-07-31,278.437,279.187,277.5,277.5,5650
1995-08-01,280.725,281.25,275.625,277.5,4150
1995-08-02,281.25,281.625,279.375,279.375,4350
1995-08-03,279.375,281.156,279.375,279.75,3150
1995-08-04,279.375,279.75,277.5,277.5,2200
1995-08-07,280.5,283.125,280.5,281.25,3800
1995-08-08,280.106,281.25,278.625,279.375,6400
1995-08-09,283.856,285,282.019,283.125,32350
1995-08-11,284.719,285,281.25,282.187,1950
1995-08-14,282.525,284.25,280.125,282.375,5400
1995-08-16,282.375,283.125,281.25,281.25,7250
1995-08-17,284.287,285,282,282,17050
1995-08-18,284.25,285.75,283.125,283.125,2100
1995-08-21,286.256,286.5,283.5,283.5,2300
1995-08-22,286.481,287.625,285.019,285.375,5850
1995-08-23,285.9,286.031,285.75,285.75,1650
1995-08-24,285.769,286.125,284.325,285,2150
1995-08-25,286.594,288.375,285,288.375,46100
1995-08-28,286.875,289.5,286.856,286.856,3250
1995-08-30,286.875,286.875,285,286.875,14900
1995-08-31,287.812,288.75,285.937,286.875,22400
1995-09-01,286.031,287.25,285.937,287.25,900
1995-09-05,285.6,286.031,283.125,283.125,12700
1995-09-07,286.125,288.375,285.375,285.375,2900
1995-09-08,287.906,288.769,286.125,286.125,10500
1995-09-11,288.469,288.75,286.969,286.969,7700
1995-09-12,288.975,289.406,288.019,288.019,5950
1995-09-13,288.75,291.637,287.719,287.719,1350
1995-09-14,289.875,289.875,287.25,287.25,3950
1995-09-15,291.506,292.5,288.019,288.019,9200
1995-09-18,289.125,290.625,289.125,290.625,600
1995-09-19,288.75,290.625,288.019,290.437,2200
1995-09-20,289.875,289.875,288.769,288.769,500
1995-09-21,289.781,290.625,288.75,289.5,2150
1995-09-22,294.375,295.875,288.787,293.625,3550
1995-09-25,302.906,303.75,282,282,19050
1995-09-26,314.625,315,304.969,306.375,45300
1995-09-27,309.825,313.125,309.375,311.25,4650
1995-09-28,307.312,315,306,310.125,31150
1995-09-29,309.75,309.75,304.125,305.812,2750
1995-10-04,321.844,322.5,313.125,313.125,5550
1995-10-05,323.475,328.125,320.625,321.844,2850
1995-10-06,320.231,326.25,318.75,323.475,2450
1995-10-09,318.375,320.625,317.625,320.231,1600
1995-10-10,312.206,321.75,311.625,318.375,2850
1995-10-11,311.756,312.75,309.769,311.25,10750
1995-10-12,310.969,311.25,309.75,311.756,800
1995-10-13,309.375,310.125,308.212,310.969,1100
1995-10-16,306.656,307.5,303.75,305.625,3850
1995-10-17,304.5,307.5,303.75,306.656,9800
1995-10-18,307.781,309.375,307.5,304.5,1500
1995-10-19,307.125,309.375,305.625,306.75,800
1995-10-20,305.662,307.5,305.625,307.125,650
1995-10-23,301.369,305.625,298.125,305.662,1750
1995-10-24,297,298.875,297,298.875,700
1995-10-25,299.625,299.625,262.5,262.5,1100
1995-10-26,297,299.625,296.25,299.625,1100
1995-10-27,300,300,296.25,297,1700
1995-10-30,300.375,301.5,299.25,300,2700
1995-10-31,300,300,297.75,300.375,950
1995-11-01,302.625,302.625,300,300,750
1995-11-02,300.844,303,300.844,302.625,700
1995-11-03,296.625,300,293.437,300,300
1995-11-06,283.8,295.125,280.5,296.625,9000
1995-11-07,284.175,285,277.875,283.8,3550
1995-11-08,277.144,282.75,273.75,284.175,5800
1995-11-09,271.931,275.625,271.5,277.144,3500
1995-11-10,274.125,275.625,270.75,271.931,4700
1995-11-13,264.131,271.894,262.5,274.125,6150
1995-11-14,261.469,262.5,258.75,264.131,8850
1995-11-15,262.912,264.375,260.25,261.469,2100
1995-11-16,263.025,267.75,258.75,262.912,5500
1995-11-17,260.7,263.25,260.625,263.025,6450
1995-11-20,260.25,261,259.5,260.625,2600
1995-11-21,257.137,260.625,256.5,260.25,6150
1995-11-22,247.631,254.062,243.75,257.137,10300
1995-11-23,247.537,249,242.062,247.631,11600
1995-11-24,250.125,250.875,246.75,247.537,5150
1995-11-27,248.737,253.087,247.687,250.125,4400
1995-11-28,246.712,249.75,245.325,248.737,4500
1995-11-29,243.75,245.25,240,246.712,2300
1995-11-30,246.975,247.5,242.25,243.75,2650
1995-12-01,249.862,251.25,246.769,246.975,1350
1995-12-04,255.187,256.875,250.5,249.862,1800
1995-12-05,260.869,262.5,251.25,255.187,4450
1995-12-06,265.65,266.981,258.75,260.869,5600
1995-12-07,270.281,272.062,267,265.65,4050
1995-12-08,266.25,272.25,266.25,272.25,3500
1995-12-11,262.312,266.25,261.375,266.25,3400
1995-12-12,263.175,266.25,260.662,262.312,3950
1995-12-13,262.5,264.375,260.644,263.175,1150
1995-12-14,262.5,263.981,262.5,262.5,1350
1995-12-15,259.875,260.625,256.875,262.5,2750
1995-12-18,256.875,258.375,255,259.875,1300
1995-12-19,260.4,264.356,255.656,256.875,4100
1995-12-20,261.75,262.5,258.937,260.4,4400
1995-12-21,262.969,263.437,262.125,261.75,2550
1995-12-22,267.525,268.125,264.356,262.969,5650
1995-12-26,267.937,270,265.612,267.525,3600
1995-12-27,268.125,268.687,266.269,267.937,450
1995-12-28,267.75,268.406,266.25,268.125,5300
1995-12-29,267.375,267.375,264.937,267.75,2750
1996-01-01,267.375,268.125,266.25,266.25,1500
1996-01-02,268.781,269.25,264.937,267.375,4500
1996-01-03,257.587,268.5,256.481,268.781,3600
1996-01-04,258.169,258.712,253.875,257.587,3900
1996-01-05,257.737,258.694,253.312,258.169,1850
1996-01-08,252.356,256.856,251.25,257.737,2100
1996-01-09,247.331,251.25,245.662,252.356,7450
1996-01-10,245.869,250.5,245.25,247.331,6350
1996-01-11,247.087,248.531,241.894,245.869,6900
1996-01-12,248.137,251.25,247.031,247.087,6200
1996-01-15,245.944,248.944,245.812,248.137,1250
1996-01-16,241.706,245.437,241.125,245.944,2700
1996-01-17,239.287,245.25,239.25,241.706,2750
1996-01-18,236.25,236.812,232.5,239.287,4300
1996-01-19,235.631,236.156,233.325,236.25,4000
1996-01-22,232.706,236.625,232.5,235.631,3500
1996-01-23,224.775,236.25,220.125,236.25,7650
1996-01-24,225.075,226.875,221.25,224.775,25100
1996-01-25,230.25,231,223.875,225.075,13950
1996-01-29,235.65,236.625,229.125,230.25,13900
1996-01-30,242.962,243.75,236.25,235.65,18250
1996-01-31,249.525,253.125,241.875,242.962,25800
1996-02-01,251.437,252.375,248.25,248.25,12750
1996-02-02,266.175,268.125,250.687,251.437,45600
1996-02-05,267.656,271.5,263.25,266.175,23800
1996-02-06,268.762,269.981,261.019,267.656,16550
1996-02-07,269.362,270,260.625,268.762,15850
1996-02-08,277.95,279.375,271.875,269.362,26200
1996-02-09,290.906,294,285,277.95,31200
1996-02-12,296.55,307.5,291,290.906,32850
1996-02-13,299.119,300,289.894,296.55,13850
1996-02-14,303.262,307.125,300.337,299.119,17600
1996-02-15,300.112,303.375,298.5,303.262,6250
1996-02-16,289.875,298.106,286.875,300.112,3550
1996-02-19,289.125,291.75,286.875,289.875,7700
1996-02-20,301.875,305.531,288.769,289.125,42000
1996-02-22,307.069,307.5,300,300,28200
1996-02-23,309.975,312,306.375,307.069,32200
1996-02-26,307.931,313.969,306.844,309.975,15150
1996-02-27,309.9,311.25,307.5,307.931,14000
1996-02-28,304.95,309.375,304.5,309.9,4400
1996-02-29,295.706,303.375,294.375,304.95,6150
1996-03-01,299.962,300.75,295.125,295.706,3700
1996-03-04,304.781,306.75,298.125,299.962,12250
1996-03-06,304.406,305.231,301.875,304.781,5000
1996-03-07,305.869,306.75,303.469,304.406,9900
1996-03-08,301.2,304.5,298.519,305.869,10450
1996-03-11,300.244,301.875,295.125,301.2,11100
1996-03-12,304.575,307.462,298.706,300.244,29550
1996-03-13,307.594,309.375,301.875,304.575,15700
1996-03-14,307.162,308.625,306.375,307.594,5500
1996-03-15,306.019,307.5,304.687,307.162,4250
1996-03-18,305.006,306.75,304.312,306.019,6650
1996-03-19,304.312,307.294,300,305.006,7600
1996-03-21,308.662,309.375,304.5,304.312,7700
1996-03-22,304.462,309.375,303.75,308.662,3600
1996-03-25,303.525,309.187,302.25,304.462,3950
1996-03-26,301.125,303.712,300,303.525,6850
1996-03-27,302.944,307.5,301.687,301.125,28050
1996-03-28,304.875,305.625,303,302.944,2050
1996-03-29,305.494,306.825,304.519,304.875,9550
1996-04-01,304.762,305.25,302.85,305.494,32200
1996-04-02,302.269,306,301.875,304.762,7000
1996-04-03,307.087,307.425,304.125,302.269,6800
1996-04-04,307.725,309,304.5,307.087,10800
1996-04-08,313.556,317.812,311.25,307.725,9000
1996-04-09,306.712,316.5,304.144,313.556,9200
1996-04-10,309.337,309.675,306.281,306.712,16750
1996-04-11,310.819,311.606,307.5,309.337,7650
1996-04-12,311.625,313.5,311.212,310.819,6400
1996-04-15,313.406,314.625,310.331,311.625,6700
1996-04-16,314.7,315.75,312.375,313.406,7700
1996-04-17,319.462,320.231,316.875,314.7,5800
1996-04-18,326.719,327.356,320.625,319.462,15550
1996-04-19,328.275,330,325.875,326.719,8500
1996-04-22,322.762,327.375,320.625,328.275,7750
1996-04-23,317.794,318.787,315,322.762,13750
1996-04-24,323.081,325.125,321.187,317.794,3550
1996-04-25,324.881,330.75,323.081,323.081,13800
1996-04-26,325.969,326.25,324.375,324.881,8700
1996-04-29,326.419,327,321,325.969,3650
1996-04-30,325.669,327,323.456,326.419,13850
1996-05-01,327.375,328.5,325.312,325.669,2100
1996-05-02,325.969,327.356,325.406,327.375,2200
1996-05-03,326.175,327,324.769,325.969,2950
1996-05-06,327.356,328.125,323.437,326.175,11200
1996-05-07,328.687,332.25,324.75,327.356,32600
1996-05-08,334.256,341.25,326.25,328.687,20050
1996-05-09,331.969,336.544,329.25,334.256,8850
1996-05-10,331.8,332.625,318.75,331.969,18350
1996-05-13,335.1,339.375,330.037,331.8,29850
1996-05-14,338.606,340.106,334.144,335.1,39400
1996-05-15,345.056,346.594,336.112,338.606,32950
1996-05-16,347.231,353.625,345.375,345.056,17900
1996-05-17,345.094,346.875,343.5,347.231,8600
1996-05-20,339.319,342,333.806,345.094,12150
1996-05-21,341.381,343.875,330,339.319,13700
1996-05-22,342.769,344.175,337.5,341.381,20400
1996-05-23,348.15,348.75,341.625,342.769,26950
1996-05-24,359.906,370.125,346.894,348.15,120550
1996-05-27,353.719,360.375,350.644,354.487,51000
1996-05-28,362.981,365.625,350.625,353.719,45750
1996-05-29,367.875,372,363.75,363.75,22350
1996-05-30,357.656,367.5,333.75,367.875,14050
1996-05-31,359.925,361.875,356.625,357.656,16350
1996-06-03,361.2,364.969,357.375,359.925,8850
1996-06-04,359.194,368.231,356.25,361.2,18250
1996-06-05,365.944,366.825,359.156,360,20250
1996-06-06,373.837,377.625,367.5,367.5,37100
1996-06-07,372.975,374.25,372.112,373.125,8300
1996-06-10,373.65,376.875,372.75,373.875,13850
1996-06-11,378.319,378.75,372,372.75,33350
1996-06-12,384.3,390,378.75,381.75,20300
1996-06-13,392.456,394.875,383.625,383.625,28950
1996-06-14,391.556,399.375,389.287,399.375,13500
1996-06-17,389.137,393.75,384,393.75,11250
1996-06-18,388.181,391.875,383.456,386.25,52350
1996-06-19,389.681,390,385.312,388.125,37200
1996-06-20,388.706,389.231,385.181,386.25,7750
1996-06-21,385.106,386.25,378.75,378.75,8500
1996-06-24,372.375,381.75,369.037,381.75,8900
1996-06-25,367.537,379.875,363.75,375,9300
1996-06-26,364.631,370.687,358.781,362.25,17600
1996-06-27,367.35,369.281,360.937,362.625,23150
1996-06-28,370.125,371.25,369,370.5,7400
1996-07-01,368.475,370.312,366,370.312,5100
1996-07-02,372.075,373.125,368.325,368.906,40850
1996-07-03,366.487,370.875,337.5,365.625,32950
1996-07-04,372.9,376.875,363,366.375,34300
1996-07-05,374.456,376.5,372,373.144,7500
1996-07-08,375.019,376.875,371.625,374.625,8300
1996-07-09,386.681,402,373.125,376.687,50000
1996-07-10,376.725,378.375,369.375,373.125,9900
1996-07-11,377.137,386.231,376.969,384.375,16100
1996-07-12,377.381,378.375,375.469,377.25,12000
1996-07-15,373.594,378.375,371.25,375,18550
1996-07-16,367.669,374.625,365.25,372.375,11650
1996-07-17,377.662,381.375,375.769,380.231,17100
1996-07-18,379.725,381.375,378,378.75,10000
1996-07-19,379.931,382.875,379.5,381.187,28200
1996-07-22,379.931,381.356,379.406,380.644,2350
1996-07-23,376.65,381.375,375.75,381.187,8050
1996-07-24,376.387,380.25,369,374.25,50150
1996-07-25,369.244,376.875,366.75,374.25,29700
1996-07-26,356.85,370.406,355.5,368.062,55400
1996-07-29,354.6,368.25,348.375,356.25,82200
1996-07-30,347.906,350.25,339.375,348.769,133100
1996-07-31,366.394,369,349.5,354.375,84350
1996-08-01,362.194,372.187,360,370.5,57000
1996-08-02,360.412,361.819,356.456,359.269,28750
1996-08-05,364.875,367.406,357,357,36200
1996-08-06,369.281,371.156,363.75,364.162,39800
1996-08-07,377.719,378.75,368.662,369.375,71600
1996-08-08,371.512,378.169,368.25,378.169,33150
1996-08-09,372.169,373.125,367.5,369.412,16550
1996-08-12,369.937,373.031,367.5,372,15650
1996-08-13,368.85,369.656,366,368.062,58200
1996-08-14,367.106,371.212,366.75,367.875,30200
1996-08-16,367.65,369,364.5,366.394,74650
1996-08-19,365.456,368.419,363.75,365.25,45350
1996-08-20,373.612,376.856,364.125,365.25,137050
1996-08-21,368.831,371.606,365.644,367.5,56450
1996-08-22,373.762,376.312,368.362,372.187,40350
1996-08-23,378.15,380.625,373.125,373.125,30800
1996-08-26,382.65,385.125,379.519,379.519,33850
1996-08-27,389.869,390.75,383.25,384.356,47600
1996-08-28,388.125,400.875,385.537,389.25,120700
1996-08-29,394.725,398.25,392.344,396.394,36400
1996-08-30,396.412,397.219,392.756,397.031,22350
1996-09-02,398.85,410.625,396.037,397.5,17450
1996-09-03,402.431,406.125,395.062,398.25,57250
1996-09-04,397.125,399,391.912,395.081,17200
1996-09-05,397.837,399.337,396.937,397.875,8250
1996-09-06,395.531,397.125,394.594,397.106,6650
1996-09-09,385.575,396.375,382.5,394.687,23550
1996-09-10,379.294,386.25,378.75,384.937,16850
1996-09-11,369.581,382.5,366.45,382.5,43550
1996-09-12,368.831,373.069,364.519,368.25,31050
1996-09-13,367.969,371.812,367.162,369,30150
1996-09-16,366.3,367.5,360.769,365.625,30300
1996-09-17,376.744,384,367.519,367.594,36750
1996-09-18,370.65,373.5,366.394,373.5,26250
1996-09-19,366.412,370.5,361.875,370.5,27350
1996-09-20,370.162,372,365.25,366,21600
1996-09-23,366.412,372.75,362.25,366.75,35050
1996-09-24,375.487,378.356,366.75,368.625,28000
1996-09-25,369.694,374.887,368.625,371.25,24200
1996-09-26,368.775,371.625,366.206,369.375,49000
1996-09-27,368.156,371.25,366.75,367.537,47400
1996-09-30,376.275,377.606,367.312,367.5,39800
1996-10-01,373.687,376.875,371.25,376.5,129850
1996-10-03,369.487,373.069,367.5,369.375,16350
1996-10-04,359.137,369.281,352.5,368.662,82950
1996-10-07,341.194,360,341.194,360,78900
1996-10-08,324.769,333.337,324.15,330,45500
1996-10-09,328.781,330,319.537,324.375,42850
1996-10-10,341.156,343.5,330.187,330.187,37050
1996-10-11,351.131,353.25,341.269,344.625,58850
1996-10-14,348.262,355.312,346.875,349.5,40800
1996-10-15,360.769,361.875,345.994,347.25,70300
1996-10-16,349.537,358.125,346.875,352.875,29300
1996-10-17,347.025,348,339.412,343.162,43100
1996-10-18,348.187,351.919,346.125,346.875,26200
1996-10-22,364.912,365.55,352.444,352.444,35750
1996-10-23,372.187,373.087,366,371.25,35400
1996-10-24,360.881,371.25,358.875,368.644,32800
1996-10-25,363.787,365.625,360,364.125,19150
1996-10-28,363.562,370.856,363,365.212,10650
1996-10-29,366.206,369,360.037,364.481,33800
1996-10-31,356.025,360,346.875,354.375,65150
1996-11-01,356.025,365.062,354.769,361.875,89100
1996-11-04,349.125,354.375,343.012,354.375,50450
1996-11-05,348.844,355.125,345,349.5,46450
1996-11-06,340.95,343.5,331.875,343.5,63350
1996-11-07,346.875,347.531,342.356,342.356,70750
1996-11-08,353.737,354.375,348.187,348.187,34500
1996-11-11,362.306,363.694,351.187,351.375,55150
1996-11-13,354.619,356.625,352.5,355.875,15700
1996-11-14,353.869,356.25,351.75,355.5,20750
1996-11-15,356.944,358.125,352.875,352.931,27600
1996-11-18,360.094,361.781,357.412,359.231,23600
1996-11-19,356.25,361.5,353.269,360.75,23800
1996-11-20,344.512,352.5,343.5,351.75,35250
1996-11-21,342.975,346.856,339,344.625,57550
1996-11-22,336.075,342.431,331.875,341.644,181700
1996-11-25,325.556,333.75,319.275,333.75,308950
1996-11-26,324.731,335.625,320.25,325.5,134150
1996-11-27,310.931,316.125,308.494,309.769,96300
1996-11-28,309.15,314.625,307.875,311.25,44450
1996-11-29,314.456,317.25,309.375,310.5,94450
1996-12-02,299.625,319.5,298.762,316.5,248700
1996-12-03,287.194,299.25,284.944,296.269,233450
1996-12-04,273.581,277.875,272.85,277.875,159950
1996-12-05,274.519,281.231,263.25,263.25,296600
1996-12-06,270.862,282.375,268.331,278.944,426450
1996-12-09,259.875,271.5,257.325,271.125,638950
1996-12-10,251.475,260.625,248.269,254.25,455600
1996-12-11,264.056,264.056,250.5,250.5,162900
1996-12-12,270.019,277.275,268.706,271.875,474550
1996-12-13,274.144,275.606,267,269.606,534750
1996-12-16,287.85,287.85,275.512,276.375,422550
1996-12-17,288.937,288.937,288.019,288.769,123150
1996-12-18,299.944,303.375,296.25,301.125,276600
1996-12-19,302.681,305.625,294.019,294.75,432850
1996-12-20,315.806,316.875,306.75,306.75,496900
1996-12-23,315.45,319.875,312.375,316.125,275400
1996-12-24,323.625,329.212,313.087,315.375,277300
1996-12-26,339.806,339.806,330,331.875,209050
1996-12-31,340.556,355.481,331.875,352.5,265950
1997-01-01,345.712,348.356,339.506,341.25,278800
1997-01-02,335.156,345.375,334.125,345,235000
1997-01-03,340.181,341.25,330.769,333.75,268100
1997-01-06,341.625,345,339.825,342.712,183900
1997-01-07,337.706,344.437,333.75,340.125,230350
1997-01-08,345.469,346.875,339.375,343.106,275200
1997-01-09,351.525,352.5,343.144,344.25,300000
1997-01-10,369,369.112,354.337,354.337,632450
1997-01-13,364.012,369.75,357.581,369.75,403750
1997-01-14,356.269,366.975,352.5,364.875,295600
1997-01-15,371.55,373.125,350.625,357,428450
1997-01-16,354.787,378,352.987,373.125,269400
1997-01-17,346.969,352.312,337.05,347.625,313400
1997-01-20,334.594,351.375,332.812,351.375,179900
1997-01-21,334.912,341.25,329.606,333,270300
1997-01-22,339.881,345,338.081,343.875,79250
1997-01-24,344.831,346.594,335.344,340.781,152400
1997-01-27,352.631,355.5,346.125,348.187,132300
1997-01-28,351.281,355.5,345,354.356,68500
1997-01-29,337.575,358.687,333.731,357,297000
1997-01-30,332.306,337.5,321,331.875,347750
1997-01-31,335.625,337.687,322.875,328.125,301300
1997-02-03,338.137,344.25,328.162,331.125,255950
1997-02-04,344.025,348.75,339.375,340.275,235100
1997-02-05,342.281,351.75,341.437,347.062,104800
1997-02-06,344.044,346.125,338.437,340.556,103400
1997-02-07,344.1,347.887,342.656,344.625,70750
1997-02-10,343.5,346.125,340.875,340.875,55500
1997-02-11,340.969,345,338.662,343.125,70050
1997-02-12,348.75,353.25,340.312,341.625,231050
1997-02-13,348.131,349.931,345.375,348.037,50050
1997-02-14,347.944,349.875,346.894,347.287,24200
1997-02-17,350.1,355.125,348,349.5,67600
1997-02-18,339.9,350.156,337.875,349.875,81150
1997-02-19,352.331,354.75,340.031,341.25,199500
1997-02-20,349.012,353.437,346.969,349.5,105050
1997-02-21,346.95,349.875,345.375,347.812,59050
1997-02-24,334.931,352.669,331.894,345,132500
1997-02-25,332.681,340.125,330,332.625,126950
1997-02-26,335.25,337.5,330.787,330.787,78600
1997-02-27,337.875,341.25,336.375,337.5,100150
1997-02-28,356.269,360,349.5,354.412,79900
1997-03-03,387.375,392.794,379.5,392.625,68250
1997-03-04,406.312,406.744,384.769,386.25,132050
1997-03-05,411,426.375,405.75,412.5,133300
1997-03-06,406.65,412.087,397.5,408.75,71200
1997-03-10,390.544,400.875,388.125,396.806,93250
1997-03-11,385.125,394.125,378.75,389.25,72850
1997-03-12,391.556,399.731,385.5,391.5,115200
1997-03-13,381.525,393.375,376.894,393.375,58100
1997-03-14,378.769,386.25,375.394,377.625,106800
1997-03-17,380.925,386.231,376.875,378.769,58750
1997-03-18,377.062,382.5,373.5,381.375,93350
1997-03-19,375.731,384.375,375,383.625,32950
1997-03-20,375.937,377.925,372.187,374.625,58300
1997-03-21,378.319,382.031,376.5,376.687,47850
1997-03-25,376.781,380.625,375.375,378.937,58550
1997-03-26,377.756,381.525,376.969,379.875,14950
1997-03-27,377.137,378.375,371.625,377.625,31850
1997-03-31,340.144,358.369,339.431,358.294,31400
1997-04-01,346.369,348.75,319.125,319.125,32150
1997-04-02,358.725,362.062,350.625,350.625,28100
1997-04-03,363.675,365.625,356.681,360,31650
1997-04-04,361.069,361.875,356.531,358.162,20800
1997-04-07,361.969,365.25,356.25,358.125,48450
1997-04-09,366.562,368.062,362.344,364.875,58000
1997-04-10,359.212,363.187,356.25,362.25,49550
1997-04-11,357.637,363,348.75,354.394,69750
1997-04-15,349.294,357.187,346.144,355.969,65050
1997-04-17,357.45,361.5,350.85,351.844,52100
1997-04-21,357.319,361.5,355.687,360.375,53650
1997-04-22,357.787,366.656,356.25,357.75,71600
1997-04-23,364.35,367.125,360.75,360.75,30600
1997-04-24,362.794,365.625,360,365.4,27700
1997-04-25,358.556,361.875,358.125,361.875,28300
1997-04-28,353.719,359.625,352.894,359.625,16800
1997-04-29,338.869,355.125,337.875,354,66450
1997-04-30,344.006,355.125,343.5,349.5,115400
1997-05-02,338.719,345.075,337.875,345.075,59350
1997-05-05,321.806,333.375,321.787,333.375,83600
1997-05-06,328.819,331.875,321.75,322.481,133850
1997-05-07,325.444,333.337,324.019,330,37150
1997-05-08,328.706,331.406,322.5,323.25,74100
1997-05-09,312.319,330.712,312.281,328.125,203400
1997-05-12,316.5,318.375,309.75,310.125,205750
1997-05-13,321.881,324.375,313.125,319.219,212300
1997-05-14,337.987,337.987,309.469,322.594,339350
1997-05-15,334.031,346.837,331.875,342.375,538750
1997-05-16,328.012,336,324.75,333.562,282700
1997-05-19,325.144,343.125,320.625,330,450450
1997-05-20,316.406,326.231,313.5,323.025,327700
1997-05-21,315.769,318.731,312.375,313.125,137000
1997-05-22,318,320.962,315,316.875,131400
1997-05-23,318.694,322.125,316.875,318.375,152250
1997-05-26,318.675,320.625,317.25,318.187,39100
1997-05-27,321.281,324,316.331,318.375,106900
1997-05-28,318.844,322.875,318,321.75,51200
1997-05-29,318,321.75,316.912,318.75,45800
1997-05-30,327.169,328.125,318.75,319.5,116500
1997-06-02,332.25,335.25,325.331,326.25,86600
1997-06-03,332.4,338.625,330.469,333.75,105650
1997-06-04,334.087,338.25,332.437,337.125,32300
1997-06-05,334.369,335.625,332.269,334.875,24700
1997-06-06,333.956,335.25,333,335.156,36200
1997-06-09,323.175,333.375,321.469,333.375,51600
1997-06-10,323.55,327.75,318.094,322.5,139200
1997-06-11,330.412,336.731,329.719,331.875,90600
1997-06-12,338.362,340.125,329.775,329.775,182050
1997-06-13,340.762,346.65,337.5,339.75,259200
1997-06-16,343.669,345,339.375,341.625,197200
1997-06-17,354.562,355.875,345,345,385600
1997-06-18,348.019,357.75,346.875,356.625,280450
1997-06-19,347.306,349.687,345.45,346.125,154900
1997-06-20,346.481,350.175,345.375,348,109000
1997-06-23,342.787,346.462,341.006,345.375,100350
1997-06-24,346.144,348,339.75,341.625,161050
1997-06-25,344.475,348.75,343.875,348.75,90200
1997-06-26,342.937,345.094,342,344.25,54850
1997-06-27,341.644,343.5,337.969,342.769,127550
1997-06-30,345.862,346.875,337.5,337.5,136250
1997-07-01,347.831,349.069,345.6,346.875,112450
1997-07-02,353.756,363.375,348,349.125,630550
1997-07-03,353.456,358.125,350.831,356.25,169050
1997-07-04,352.612,358.087,351.375,354.375,169000
1997-07-07,347.494,355.275,347.062,352.5,180300
1997-07-08,350.681,352.125,345,345.375,155900
1997-07-09,350.381,354.375,348,352.462,175050
1997-07-10,351.619,355.8,349.162,352.5,253200
1997-07-11,338.625,350.625,336.094,350.625,337250
1997-07-14,321.694,335.25,321.694,333.75,272900
1997-07-15,306.9,320.25,305.625,318.75,572650
1997-07-16,311.475,318.694,309.956,313.125,124100
1997-07-17,324.131,325.875,310.687,312.3,286900
1997-07-21,340.35,340.35,326.287,328.125,183600
1997-07-22,346.556,348.75,340.237,346.687,204500
1997-07-23,344.737,348.694,338.437,345.75,138900
1997-07-24,344.344,348.375,339.975,345,131800
1997-07-25,338.831,345,337.125,342.375,99950
1997-07-28,326.775,336.225,323.062,336.225,108100
1997-07-29,343.106,343.125,325.5,325.875,96750
1997-07-30,337.05,343.106,334.125,343.106,88800
1997-07-31,337.425,340.106,335.719,337.5,104150
1997-08-01,338.156,341.25,336.037,337.5,46350
1997-08-04,345.187,348.75,343.312,344.981,81150
1997-08-05,348.431,350.25,341.625,345.019,93950
1997-08-06,352.219,353.25,348,350.606,34550
1997-08-07,335.362,346.256,334.612,344.962,136300
1997-08-08,331.369,337.5,328.725,333.75,77750
1997-08-11,340.444,343.087,330,331.5,75400
1997-08-12,337.237,344.437,333.431,341.25,67200
1997-08-13,329.962,333.75,326.25,333.75,38750
1997-08-14,325.725,330,322.5,330,143350
1997-08-18,325.087,326.25,322.912,324.75,46050
1997-08-19,309.919,325.762,308.944,323.25,94800
1997-08-20,317.7,321.937,311.25,318,95950
1997-08-21,320.606,324,314.625,317.25,72900
1997-08-22,316.894,320.625,315.75,317.812,54550
1997-08-25,316.762,319.312,311.625,316.125,55550
1997-08-26,320.775,324.356,317.625,318,94250
1997-08-27,320.156,326.981,319.687,324.375,44650
1997-08-28,309.225,324,308.25,318.75,106900
1997-08-29,297.412,300.75,293.831,300.019,217400
1997-09-01,301.669,305.625,298.5,303,69200
1997-09-02,301.294,305.625,293.269,301.875,205150
1997-09-03,301.631,306.619,299.981,303.712,96250
1997-09-04,305.269,305.625,300.019,300.75,40750
1997-09-05,315.469,318.375,307.087,308.869,110900
1997-09-08,315.731,316.125,311.25,312.75,38800
1997-09-09,320.044,324.375,313.387,316.294,86650
1997-09-10,318.187,320.175,314.231,315.394,85400
1997-09-11,315.694,321.75,315,320.625,69100
1997-09-12,307.237,313.5,303.75,313.125,112200
1997-09-15,306.394,314.25,303.769,311.212,32450
1997-09-16,299.606,307.5,297.206,304.144,93450
1997-09-17,300.075,301.856,297,299.25,7100
1997-09-18,200.512,204.375,197.812,204.375,128550
1997-09-19,199.406,201.375,198.787,200.437,64600
1997-09-22,197.569,199.125,195.656,196.875,121450
1997-09-23,194.494,197.587,192.187,196.875,191150
1997-09-24,197.212,198.3,195.281,196.5,176650
1997-09-25,201.281,203.437,196.312,196.669,235050
1997-09-26,202.219,203.794,200.85,202.5,133600
1997-09-29,208.106,211.875,202.556,203.625,384400
1997-09-30,207.581,210.375,206.625,209.625,197450
1997-10-01,211.575,212.775,204.787,206.25,559500
1997-10-09,220.669,221.25,217.5,217.5,350500
1997-10-10,223.2,224.55,220.125,221.925,382200
1997-10-13,220.969,227.925,220.125,224.625,273300
1997-10-14,225.094,228.75,218.119,220.125,514950
1997-10-15,222.656,223.125,219.431,223.125,100300
1997-10-16,228.037,230.25,223.35,224.062,362550
1997-10-17,230.662,231.844,227.625,228.75,265900
1997-10-20,230.006,232.5,224.25,231.75,395000
1997-10-21,232.931,236.25,227.325,230.062,405000
1997-10-22,226.294,231.562,225.787,229.875,299900
1997-10-23,224.756,226.894,220.594,226.125,389750
1997-10-24,224.531,225.956,219.037,222,371300
1997-10-27,226.481,228.375,222.581,223.875,203500
1997-10-28,203.85,225,203.831,224.081,348150
1997-10-29,219.375,222.412,209.775,209.775,207000
1997-10-30,216.206,219.375,210.037,219,86600
1997-11-03,214.706,219,213.037,218.625,103600
1997-11-04,218.625,221.25,214.706,215.625,128600
1997-11-05,217.069,219.75,215.681,219.375,59250
1997-11-06,212.494,216.187,208.875,216,169800
1997-11-07,212.7,213.712,210.375,211.5,73500
1997-11-10,211.5,213.75,210.562,213.75,46200
1997-11-11,213.675,214.5,211.125,211.5,112900
1997-11-12,209.925,213.75,208.331,213.75,59250
1997-11-13,205.987,209.194,203.737,208.5,104250
1997-11-17,208.875,211.5,206.269,210.375,65550
1997-11-18,205.987,210,201.094,210,82000
1997-11-19,204.412,207.319,197.625,199.5,157350
1997-11-20,208.087,209.625,201.75,206.625,146100
1997-11-21,212.7,214.294,207.656,207.656,224900
1997-11-24,208.05,212.456,204.862,212.25,239400
1997-11-25,221.944,224.625,207,207.75,188150
1997-11-26,214.387,217.012,212.831,215.625,102050
1997-11-27,226.744,229.125,212.662,212.662,272800
1997-11-28,227.419,230.25,219,225.375,500200
1997-12-01,236.869,237.75,223.125,235.462,525900
1997-12-02,233.681,240.75,231.019,238.125,616650
1997-12-03,230.737,237.187,229.162,234.375,240900
1997-12-04,226.387,233.212,225.375,228.394,272950
1997-12-05,225.525,230.625,224.306,230.25,160700
1997-12-08,223.95,227.625,222.562,227.25,137400
1997-12-09,215.662,225.75,214.125,224.437,182600
1997-12-10,209.044,215.419,206.625,213.75,168950
1997-12-11,211.819,213.75,203.006,208.125,252050
1997-12-12,212.25,215.587,209.625,211.744,152700
1997-12-15,215.869,224.962,210.75,224.962,106300
1997-12-16,223.725,225.937,216.375,217.387,226500
1997-12-17,231,232.125,224.25,224.269,367250
1997-12-18,221.831,232.031,220.687,232.031,411450
1997-12-19,227.606,228.75,218.625,218.625,377100
1997-12-22,232.256,234.337,228.712,228.712,495100
1997-12-23,227.756,233.887,225.037,232.125,316700
1997-12-24,227.737,228.375,222.375,222.375,150300
1997-12-26,230.119,232.875,226.894,227.625,171950
1997-12-29,231.281,232.425,228.712,232.425,148100
1997-12-30,226.894,233.437,225.975,230.625,328450
1997-12-31,229.65,231.562,227.25,229.087,105950
1998-01-01,228.694,229.5,227.662,228.769,45500
1998-01-02,227.456,230.625,226.537,229.312,106150
1998-01-05,227.306,229.481,226.912,228.75,107050
1998-01-06,224.587,226.875,223.519,226.5,152250
1998-01-07,223.969,227.625,221.644,226.875,149300
1998-01-08,219.45,223.144,218.625,223.144,95400
1998-01-09,213.9,218.25,213.187,217.894,115250
1998-01-12,209.062,211.781,198.244,211.781,136200
1998-01-13,208.237,213.712,207.375,207.937,124600
1998-01-14,210.394,213.694,206.625,211.875,105400
1998-01-15,206.887,211.5,201.581,210.037,331050
1998-01-16,206.25,209.512,204.112,207.375,225700
1998-01-19,208.837,209.906,200.756,204.937,274550
1998-01-20,207.581,212.587,206.644,209.625,293600
1998-01-21,207.581,210.337,207,207.187,88900
1998-01-22,206.4,208.087,204.937,207.375,88150
1998-01-23,204.544,206.437,203.719,205.706,93300
1998-01-27,195.244,204.375,193.125,204.375,231800
1998-01-28,190.369,197.437,187.125,191.25,429250
1998-01-29,183.412,190.125,181.237,190.125,509100
1998-01-30,186.319,187.087,181.369,184.125,266500
1998-02-02,185.831,188.625,184.144,187.875,302250
1998-02-03,175.762,185.231,174.375,184.5,762200
1998-02-04,177.225,183.337,174.75,177.75,592600
1998-02-05,180.731,182.437,176.25,178.106,271850
1998-02-06,189.45,190.5,180.375,182.625,910400
1998-02-09,190.725,193.856,189.375,190.5,544700
1998-02-10,189.881,191.231,188.25,190.125,517600
1998-02-11,188.737,192.75,187.125,190.875,263400
1998-02-12,187.537,189.675,185.119,188.25,366500
1998-02-13,191.625,192.675,186.787,189.094,390800
1998-02-17,197.287,198.75,192.675,192.675,378300
1998-02-18,197.381,199.875,193.875,193.875,306400
1998-02-19,200.962,201.75,197.719,198.694,343000
1998-02-20,202.687,205.012,200.887,201.562,478750
1998-02-23,201.881,204,199.744,202.462,319300
1998-02-24,202.837,204.356,198.956,201.75,364600
1998-02-25,206.306,207.712,201.75,201.75,208350
1998-02-26,208.2,209.25,205.125,205.5,225700
1998-02-27,212.344,214.387,207.375,207.375,343700
1998-03-02,233.587,233.587,213.375,213.375,876200
1998-03-03,233.1,239.1,225,237.375,1072100
1998-03-04,236.194,237.319,230.625,232.5,612150
1998-03-05,232.706,237,214.837,234.375,340600
1998-03-06,233.419,235.5,230.775,232.5,391150
1998-03-09,227.644,236.062,223.35,236.062,1018100
1998-03-10,220.894,228.562,219.412,226.875,733850
1998-03-11,219.094,224.156,216.469,223.875,580500
1998-03-12,218.381,220.5,213,219,452050
1998-03-16,223.237,226.875,221.062,221.062,491850
1998-03-17,222,223.65,219.506,223.125,316900
1998-03-18,221.719,227.062,219.412,225.75,462550
1998-03-19,219.131,223.781,218.681,223.781,452700
1998-03-20,221.362,222.375,216.45,217.537,416750
1998-03-23,224.25,225.525,221.25,221.981,135200
1998-03-24,226.406,232.125,225.056,228.75,682050
1998-03-25,231.994,233.419,227.662,229.5,459300
1998-03-26,226.95,232.5,225.844,232.5,306400
1998-03-27,227.025,227.962,223.575,226.012,335900
1998-03-30,223.387,228.75,222.769,227.962,273850
1998-03-31,219.769,224.25,218.625,223.125,342300
1998-04-01,225.994,227.962,220.5,221.25,259650
1998-04-02,227.925,231.375,224.25,226.012,400800
1998-04-03,229.369,230.25,226.875,227.625,224500
1998-04-06,239.269,243.75,230.531,230.531,577100
1998-04-07,233.831,240.712,232.5,238.125,369800
1998-04-09,239.775,242.981,236.25,238.875,249550
1998-04-10,235.519,241.406,234.469,237.094,169050
1998-04-13,225.3,233.625,224.25,232.875,226750
1998-04-15,233.306,236.962,230.212,230.25,369500
1998-04-16,231.037,234.9,229.312,234,228000
1998-04-17,231.187,231.937,228.375,230.25,137750
1998-04-20,228.731,232.5,228.562,230.625,93650
1998-04-21,231.487,235.125,228.394,231.75,195200
1998-04-22,238.894,247.294,236.625,238.125,532250
1998-04-23,229.331,238.875,227.812,234.75,278100
1998-04-24,230.1,231.3,223.875,230.062,207700
1998-04-27,226.969,232.125,225.019,231,124100
1998-04-28,222.862,227.25,220.5,227.25,231450
1998-04-29,222.787,228.75,205.5,205.5,109800
1998-04-30,224.306,225.562,219.75,221.812,65400
1998-05-04,224.381,226.875,222.825,226.237,84350
1998-05-05,226.969,228,223.35,224.625,71500
1998-05-06,230.156,234.356,226.519,228.75,336300
1998-05-08,230.231,232.125,228.562,229.087,160200
1998-05-11,228.544,231.075,226.5,229.106,115800
1998-05-12,228.019,230.231,223.5,227.062,385200
1998-05-13,220.669,226.5,219.375,224.625,638050
1998-05-14,229.35,230.25,217.762,219,305650
1998-05-15,227.306,233.625,226.519,231.337,246100
1998-05-18,226.8,231.825,225.956,229.106,153700
1998-05-19,231.375,234.337,226.125,227.625,238800
1998-05-20,234.337,236.962,230.25,231.562,246200
1998-05-21,234.656,238.275,231.787,233.662,253100
1998-05-22,241.237,242.25,234.75,235.481,350100
1998-05-25,243.131,246.75,239.25,240,216700
1998-05-26,239.475,245.25,237.375,243,190600
1998-05-27,236.344,241.931,235.125,240.75,121300
1998-05-28,234.375,237.375,233.906,235.875,70450
1998-05-29,230.456,234.75,226.012,233.925,162000
1998-06-01,226.556,241.837,224.625,233.437,333400
1998-06-02,218.062,226.5,216.75,226.125,162250
1998-06-03,216.037,222.75,210.825,222.75,159400
1998-06-04,216.581,222.637,214.125,215.25,117100
1998-06-05,205.05,216.281,203.287,215.344,182400
1998-06-08,205.987,209.4,197.494,206.587,183400
1998-06-09,213.394,217.462,205.875,208.125,129150
1998-06-10,205.987,211.781,204,210.375,81900
1998-06-11,206.887,209.212,199.5,204.131,103550
1998-06-12,206.044,213.187,198.787,208.875,125550
1998-06-15,187.162,202.556,185.55,202.556,175350
1998-06-16,184.594,187.5,170.287,178.5,121950
1998-06-17,201.712,203.025,193.125,193.125,117350
1998-06-18,206.681,210.75,200.306,205.5,214700
1998-06-19,196.087,202.875,193.594,202.125,182850
1998-06-22,191.531,198,178.5,188.1,141900
1998-06-23,196.8,199.5,187.125,193.125,144900
1998-06-24,204.131,205.125,197.625,197.625,115950
1998-06-25,213.244,219.375,206.625,206.625,388500
1998-06-26,214.687,216.337,208.181,213.75,262350
1998-06-29,216.525,217.406,211.875,213.75,67150
1998-06-30,214.987,217.687,210.037,217.406,130400
1998-07-01,210.525,213.562,208.162,211.875,132200
1998-07-02,206.475,211.5,205.125,209.25,97000
1998-07-03,204.75,207,204.037,204.956,67600
1998-07-06,210.656,212.625,205.5,207,99700
1998-07-07,212.906,215.062,210.375,210.956,96150
1998-07-08,229.912,229.912,214.875,214.875,447850
1998-07-09,229.35,234.375,226.125,234.375,262600
1998-07-10,236.194,237.131,228.487,229.425,300350
1998-07-13,234.506,241.462,232.875,235.5,184750
1998-07-14,241.856,243,233.25,233.25,263600
1998-07-15,238.537,242.625,236.719,241.5,116600
1998-07-16,252.394,253.125,238.125,238.125,356900
1998-07-17,252.469,256.875,249.375,255,267800
1998-07-20,251.156,256.781,250.5,255.75,128400
1998-07-21,252.056,259.687,246.75,253.444,285900
1998-07-22,243.337,249.75,238.331,248.625,155950
1998-07-23,238.556,243.656,237.187,242.25,117250
1998-07-24,237.525,240.806,229.687,236.25,245200
1998-07-27,240.244,242.625,232.912,236.25,162250
1998-07-28,251.737,254.625,240,240,190700
1998-07-29,247.594,251.062,244.744,247.05,54950
1998-07-30,244.181,249,241.875,247.875,50850
1998-07-31,246.131,246.75,242.344,245.625,56650
1998-08-03,238.95,244.294,235.875,244.125,83150
1998-08-04,238.537,241.5,235.125,236.812,81050
1998-08-05,240.506,241.875,232.5,235.125,54600
1998-08-06,239.494,245.587,238.5,241.312,62300
1998-08-07,238.162,239.25,234.581,239.25,73450
1998-08-10,232.556,241.875,232.125,241.875,72100
1998-08-11,228.694,232.312,227.456,231.337,95800
1998-08-12,227.85,230.025,225,226.125,105750
1998-08-13,232.425,234,225.412,226.912,114150
1998-08-14,230.1,234.3,228.375,232.5,75800
1998-08-17,230.981,233.175,229.5,231.975,65950
1998-08-18,231.994,234.375,227.25,231.262,170750
1998-08-19,232.256,235.125,228.75,232.5,145750
1998-08-20,241.012,242.437,234.187,234.562,95400
1998-08-21,238.2,241.875,237,239.681,75900
1998-08-24,237.881,239.587,236.625,238.875,28950
1998-08-25,241.275,242.625,237.75,238.5,54350
1998-08-27,247.294,249.712,241.5,242.812,102800
1998-08-28,244.725,247.5,242.475,244.744,125300
1998-08-31,238.5,246.3,237.562,246,105400
1998-09-01,229.425,236.25,227.662,232.537,95050
1998-09-02,230.419,235.087,228.3,232.5,86900
1998-09-03,232.312,234,228.75,228.75,53200
1998-09-04,233.062,235.875,231.769,234.356,75050
1998-09-07,234.375,234.375,234.375,234.375,25
1998-09-08,240,240,240,240,10
1998-09-09,238.125,245.625,238.125,245.625,2
1998-09-10,237.337,238.125,234,234,77850
1998-09-11,238.125,245.625,238.125,245.625,2
1998-09-14,240.056,241.125,238.594,239.25,44250
1998-09-15,245.644,246.525,238.875,238.875,114200
1998-09-16,243.281,247.125,242.85,244.219,62100
1998-09-17,240.6,243.75,239.625,243.75,28800
1998-09-18,241.875,242.625,239.25,240,44800
1998-09-21,239.925,247.031,239.25,243.656,63950
1998-09-22,253.125,253.125,253.125,253.125,7
1998-09-23,243.956,245.25,241.5,241.5,22500
1998-09-24,257.869,262.5,245.531,245.531,229900
1998-09-25,258.094,262.875,256.875,258.75,180600
1998-09-28,252.975,260.925,252,258.319,58800
1998-09-29,243.356,255,240,254.25,99650
1998-09-30,243.656,245.25,241.875,243.75,47150
1998-10-05,224.175,234.375,224.175,234.375,27800
1998-10-06,210,210,210,210,5
1998-10-07,219.375,220.5,219.375,220.5,7
1998-10-08,215.625,215.625,215.625,215.625,1
1998-10-09,217.875,217.875,217.875,217.875,2
1998-10-12,206.25,215.625,206.25,215.625,20
1998-10-13,194.681,206.25,191.625,203.625,282900
1998-10-14,209.625,209.625,209.625,209.625,1
1998-10-15,225,225,220.875,220.875,16
1998-10-16,224.025,226.8,211.875,211.875,437400
1998-10-19,222.187,224.962,220.5,224.587,43050
1998-10-20,211.556,223.706,206.344,222.019,202400
1998-10-22,213.244,214.875,211.5,213.75,50250
1998-10-23,210.506,213.75,208.875,213.75,141600
1998-10-26,217.5,217.5,217.5,217.5,5
1998-10-27,221.25,221.25,221.25,221.25,1
1998-10-28,208.5,217.5,208.5,217.5,25
1998-10-29,211.912,212.437,205.519,208.519,135100
1998-10-30,220.5,220.5,220.5,220.5,1
1998-11-02,220.5,220.5,208.331,208.331,6
1998-11-03,209.287,210,207.75,209.625,116400
1998-11-05,211.519,213.375,208.687,210.469,120900
1998-11-06,212.344,213.75,211.5,211.5,85100
1998-11-09,215.344,219,213.375,213.375,90250
1998-11-10,212.681,214.481,210.412,213.562,81000
1998-11-11,206.625,226.875,206.625,226.875,55
1998-11-12,211.237,212.625,210.937,211.875,94500
1998-11-13,225,225,225,225,5
1998-11-16,225,225,225,225,2
1998-11-17,209.981,212.625,208.875,211.031,137650
1998-11-18,225,225,225,225,3
1998-11-19,210.75,210.75,210.75,210.75,1
1998-11-20,208.125,209.4,205.875,209.25,101750
1998-11-23,207,208.05,205.875,206.625,71200
1998-11-24,208.5,208.875,206.644,207,89800
1998-11-26,201.712,205.031,201,203.494,65750
1998-11-27,200.081,202.312,198.75,201,54950
1998-11-30,202.875,203.25,195,198.844,74650
1998-12-01,208.125,208.125,204.375,204.375,6
1998-12-02,202.237,204.375,199.8,204.375,64800
1998-12-03,205.687,207.375,200.625,201.375,79850
1998-12-04,209.794,211.406,205.687,206.306,142800
1998-12-07,210.6,211.875,208.331,211.875,70250
1998-12-08,208.125,210.75,204.375,210.094,114800
1998-12-09,202.894,208.125,202.894,207.037,105300
1998-12-10,198.731,204.712,198,203.25,122900
1998-12-11,192.6,199.725,192.187,198.281,206900
1998-12-14,193.875,198.75,191.156,192.581,181000
1998-12-15,189.187,194.625,188.437,194.625,241700
1998-12-16,193.125,194.812,189.712,190.5,152100
1998-12-17,189.75,193.125,187.875,190.5,101250
1998-12-18,190.144,192.375,189.375,189.394,112900
1998-12-21,197.137,197.812,192.187,193.087,177900
1998-12-22,193.125,197.719,191.437,197.625,136800
1998-12-23,193.875,199.125,193.875,197.606,149550
1998-12-24,192.937,195.187,191.25,191.25,102900
1998-12-28,194.175,196.5,193.894,194.25,81000
1998-12-29,190.2,193.5,189.656,192.937,151400
1998-12-30,194.062,196.312,192,192,78900
1998-12-31,195.394,201.75,193.537,195.094,164350
1999-01-01,196.481,198.75,194.812,196.875,102550
1999-01-04,195.937,198.75,195.937,198.75,84000
1999-01-05,198.187,200.25,194.625,195.956,238700
1999-01-06,202.481,212.625,200.812,212.625,156600
1999-01-07,206.25,208.125,203.494,203.494,192850
1999-01-08,211.125,211.387,205.875,209.625,236350
1999-01-11,208.5,215.25,208.35,212.812,185400
1999-01-12,202.5,208.125,202.5,208.125,6
1999-01-13,208.125,208.125,208.125,208.125,10
1999-01-14,193.125,208.125,193.125,198.75,9
1999-01-15,183.75,194.812,183.75,194.812,268550
1999-01-18,180,180,180,180,1
1999-01-19,177.412,181.106,176.25,179.25,173300
1999-01-21,191.25,191.25,191.25,191.25,25
1999-01-22,188.625,197.869,186.75,195,84750
1999-01-25,196.125,198.637,181.931,187.5,145350
1999-01-27,206.25,206.25,206.25,206.25,10
1999-01-28,191.25,199.5,191.25,196.931,58350
1999-01-29,189.375,193.125,188.344,192.019,68900
1999-02-01,182.062,189.337,182.062,187.5,46150
1999-02-02,183.75,183.75,183.75,183.75,5
1999-02-03,193.144,193.144,186,186,150900
1999-02-04,191.25,193.125,191.25,193.125,32
1999-02-05,187.5,187.5,187.5,187.5,20
1999-02-08,191.437,193.125,189,191.306,160900
1999-02-09,193.312,193.406,189.412,191.625,131450
1999-02-10,199.875,201.337,195.937,199.125,55973
1999-02-11,197.006,202.106,196.912,200.812,35097
1999-02-12,199.406,199.406,196.875,198,44266
1999-02-15,196.5,203.156,196.144,199.875,60682
1999-02-16,193.575,197.812,191.625,196.687,71738
1999-02-17,189.994,197.981,184.687,197.981,138001
1999-02-18,187.5,187.5,187.5,187.5,1
1999-02-19,186,190.781,185.812,189,56442
1999-02-22,183.187,186.187,182.437,186.187,55182
1999-02-23,179.625,183.187,178.875,182.269,92482
1999-02-24,187.162,188.25,181.875,182.85,34561
1999-02-25,185.569,187.125,183.75,186.562,42655
1999-02-26,182.25,185.625,181.5,185.25,40834
1999-03-01,195.937,196.425,188.25,192,72424
1999-03-03,204.937,211.406,200.719,208.875,166276
1999-03-04,197.625,207.375,193.5,204.937,211255
1999-03-05,200.062,202.5,196.5,198.019,207989
1999-03-08,207.937,211.125,201.562,201.562,218104
1999-03-09,201.375,208.875,201.375,207.375,173814
1999-03-10,203.25,210,201.244,209.625,84634
1999-03-11,202.012,211.125,201.806,205.875,262011
1999-03-12,204.675,207,203.25,203.25,185897
1999-03-15,202.5,205.5,201.394,205.481,96810
1999-03-16,201,0,0,0,200000
1999-03-17,203.625,208.631,200.625,200.625,281435
1999-03-18,208.5,210,202.875,202.875,156875
1999-03-19,208.875,210.937,206.25,209.25,261294
1999-03-22,210.562,0,0,0,100000
1999-03-23,234.375,234.375,221.625,224.569,267315
1999-03-24,228.469,238.125,225,238.125,225040
1999-03-25,226.125,232.125,221.681,228.75,77338
1999-03-26,223.125,228.375,219.75,228.375,118096
1999-03-30,226.125,230.625,223.125,225,201728
1999-03-31,231.094,235.125,230.625,235.125,91991
1999-04-01,236.437,243.75,234.375,236.25,239775
1999-04-05,228.225,235.125,226.125,234,118224
1999-04-06,228.375,230.625,225,226.125,97675
1999-04-07,227.662,233.25,226.875,231.15,55210
1999-04-08,223.125,229.875,223.125,228,28779
1999-04-09,214.012,223.125,213.937,222.75,78449
1999-04-12,209.25,215.587,206.287,211.875,47477
1999-04-13,219.75,224.625,209.25,210,89083
1999-04-15,211.369,216,205.5,205.5,41326
1999-04-16,228.281,228.281,211.5,211.5,57807
1999-04-19,226.894,231.675,215.25,217.837,92672
1999-04-20,230.625,234.375,225,229.125,71237
1999-04-21,226.875,233.475,226.5,230.231,27761
1999-04-22,224.587,229.5,221.287,226.875,31725
1999-04-23,224.25,227.962,220.875,223.894,52790
1999-04-26,210.019,219.375,210.019,219.337,64043
1999-04-28,196.875,207.262,193.912,206.25,151870
1999-04-29,191.25,201,190.5,198.844,165706
1999-04-30,190.5,0,0,0,13800
1999-05-03,207.619,207.75,191.625,191.625,317014
1999-05-04,211.5,215.737,208.125,208.912,125690
1999-05-05,208.556,214.837,208.556,213.731,116161
1999-05-06,209.962,212.25,204.375,208.5,68954
1999-05-07,212.625,220.5,209.625,211.875,221281
1999-05-10,215.625,220.125,211.875,213.712,193757
1999-05-11,232.875,232.875,214.5,217.5,259934
1999-05-12,218.662,236.006,214.256,234.375,304000
1999-05-13,220.875,225,217.837,220.5,119628
1999-05-14,216.75,222.75,214.125,222.75,206020
1999-05-17,218.962,220.125,212.719,217.5,151999
1999-05-18,213.862,218.55,213.862,217.125,120699
1999-05-19,219.037,223.687,216.375,216.562,159997
1999-05-20,216.75,223.125,216.75,221.006,46859
1999-05-21,208.312,218.512,207.075,218.512,76554
1999-05-24,217.5,220.069,206.344,207.394,108106
1999-05-25,213.037,219,212.25,218.25,107341
1999-05-26,210.375,217.5,209.25,216,92222
1999-05-27,206.25,213.375,206.25,210,60700
1999-05-28,204.75,208.125,196.912,203.25,88018
1999-05-31,213,214.444,207,207,84352
1999-06-01,205.687,213.75,205.687,213.75,59223
1999-06-02,201.75,208.087,199.875,208.087,127120
1999-06-03,206.062,206.25,201.75,202.462,223762
1999-06-04,205.125,208.875,202.894,206.962,170048
1999-06-07,202.931,206.156,201.75,205.275,78154
1999-06-08,208.5,208.5,200.25,201.75,172882
1999-06-09,207.862,211.8,207,209.981,213554
1999-06-10,208.987,211.5,208.125,209.437,152397
1999-06-11,206.662,209.962,206.25,208.125,90882
1999-06-14,204.825,205.125,197.625,201.375,54497
1999-06-15,203.85,207.375,203.1,206.25,63841
1999-06-16,205.2,205.875,202.125,204.75,120261
1999-06-17,206.156,208.125,205.125,207,84293
1999-06-18,202.837,206.962,201.75,206.25,76570
1999-06-21,206.212,206.625,202.875,203.944,93310
1999-06-22,208.556,210,205.519,206.812,134919
1999-06-23,212.925,215.625,209.287,210,355227
1999-06-24,214.631,216.731,210.469,213,216875
1999-06-25,210.525,215.25,210,215.25,89092
1999-06-28,209.869,212.25,209.287,210.75,54901
1999-06-29,203.587,210.262,202.875,210,172642
1999-06-30,204.037,206.512,202.144,206.512,58572
1999-07-01,198.6,204,196.125,203.344,154946
1999-07-02,199.069,200.625,195.562,197.625,67740
1999-07-05,195.394,201.375,194.362,201.375,116359
1999-07-06,191.737,196.875,190.612,195,188603
1999-07-07,195.019,197.587,190.237,193.875,357348
1999-07-08,192.169,195.375,191.344,192.056,171996
1999-07-09,191.962,194.812,191.25,192,155601
1999-07-12,207.319,207.319,192.262,193.875,518035
1999-07-13,200.006,213.75,197.625,209.625,236183
1999-07-14,200.119,204,198.375,204,127000
1999-07-15,195.169,204.375,193.5,204.375,89959
1999-07-16,193.762,196.5,193.125,195.75,145990
1999-07-19,194.625,199.312,191.25,192.45,155585
1999-07-20,192.431,195.75,191.287,194.25,168406
1999-07-21,197.812,200.625,193.125,193.125,190081
1999-07-22,195.956,204,195.056,199.5,180318
1999-07-23,193.575,197.887,193.125,196.537,154008
1999-07-26,196.275,196.875,193.144,195,146459
1999-07-27,192.206,196.687,191.437,194.625,195903
1999-07-28,195.844,198.337,194.625,195,114412
1999-07-29,192.694,196.5,192.037,196.5,112993
1999-07-30,186.506,193.125,184.125,191.625,268665
1999-08-02,183.412,186.75,181.875,185.625,111426
1999-08-03,179.212,181.875,178.125,180.862,240120
1999-08-04,183.356,186.356,182.25,183.75,123633
1999-08-05,181.912,185.569,180.825,185.437,68957
1999-08-06,177.994,180.75,177.375,180.75,133968
1999-08-09,192.244,192.244,179.25,179.606,303236
1999-08-10,185.925,191.194,184.125,190.125,176944
1999-08-11,181.8,188.625,180.75,188.625,136522
1999-08-12,180.375,183.75,180.037,182.25,53129
1999-08-13,178.425,181.537,177.75,180.75,132390
1999-08-16,178.481,181.462,178.125,181.462,57656
1999-08-17,177.994,180.375,176.662,177.45,197478
1999-08-18,185.887,189.319,182.625,186.375,345010
1999-08-19,179.494,186.75,178.875,185.812,151204
1999-08-20,180.169,181.387,178.5,179.437,108081
1999-08-23,181.725,184.406,180.75,181.5,140632
1999-08-24,181.125,183.506,180.056,183.506,241152
1999-08-25,181.819,191.625,178.125,186,495868
1999-08-26,180.731,186.562,180.187,184.687,174260
1999-08-27,178.519,182.156,177.787,181.875,216279
1999-08-30,182.794,186.75,178.519,180.75,317876
1999-08-31,177.975,183.75,177.056,182.269,317942
1999-09-01,187.8,190.875,180.187,190.875,594264
1999-09-02,182.55,187.5,181.5,187.5,247786
1999-09-03,181.162,184.387,180.375,183.187,175838
1999-09-06,181.762,184.875,180.975,181.875,147958
1999-09-07,186.075,187.875,181.125,183.731,502228
1999-09-08,190.819,194.625,189.562,191.25,657579
1999-09-09,184.837,192.525,183.75,191.625,325465
1999-09-10,182.175,185.156,181.031,184.875,227621
1999-09-14,183.787,188.587,182.625,183.675,659869
1999-09-15,185.512,190.462,184.969,189,257677
1999-09-16,180.394,186.375,179.737,185.25,254441
1999-09-17,178.762,180.75,178.125,178.162,441057
1999-09-20,177.131,180.75,176.662,178.125,226322
1999-09-21,170.812,178.5,167.25,178.462,485238
1999-09-22,172.35,177.375,170.662,173.625,335257
1999-09-23,169.406,173.269,168.037,173.25,319193
1999-09-24,168.056,171.169,167.287,170.25,373690
1999-09-27,163.031,168.75,162,168.375,214544
1999-09-28,169.687,172.5,160.5,162.75,619420
1999-09-29,169.875,175.875,166.875,174.337,381713
1999-09-30,170.156,172.425,168.037,171,224383
1999-10-01,167.831,171,166.5,171,200702
1999-10-04,164.644,166.875,162,165.375,246737
1999-10-05,172.125,174.281,162.544,164.25,478154
1999-10-06,170.681,176.025,169.125,172.5,148205
1999-10-07,178.837,181.312,174,174,229834
1999-10-08,175.537,181.65,174.75,181.65,153632
1999-10-11,177.562,179.625,173.25,176.25,180249
1999-10-12,177.919,181.837,175.312,177.75,222033
1999-10-13,178.012,180.262,174.75,176.25,99135
1999-10-14,178.519,180.375,177.037,179.625,112921
1999-10-15,175.05,179.212,173.4,178.125,105836
1999-10-18,176.531,180,172.912,174.375,156351
1999-10-20,178.95,183.75,178.05,183.75,158307
1999-10-21,177.937,180.75,172.5,178.5,209243
1999-10-22,175.481,179.625,171.75,178.875,137741
1999-10-25,176.306,177.675,172.556,174.375,178750
1999-10-26,172.837,175.425,170.719,175.125,128307
1999-10-27,172.894,174.562,171.844,174.375,37318
1999-10-28,169.856,172.5,168.769,172.5,30145
1999-10-29,167.194,171.712,163.875,171,147281
1999-11-01,164.4,167.212,163.2,165.75,63614
1999-11-02,158.756,166.5,157.5,162,226865
1999-11-03,161.306,163.125,152.287,162,260442
1999-11-04,163.444,166.65,158.25,161.644,156378
1999-11-05,161.512,164.625,160.125,163.8,133044
1999-11-09,160.069,161.981,158.25,161.981,182761
1999-11-10,161.85,162.75,159.75,161.212,35055
1999-11-11,159.094,164.081,158.25,161.85,100088
1999-11-12,157.425,160.406,156,156,102631
1999-11-15,156.112,158.962,155.625,158.25,51981
1999-11-16,154.162,157.125,153.375,157.125,152337
1999-11-17,155.044,157.875,154.875,155.531,86346
1999-11-18,153.15,154.781,152.625,153.787,49240
1999-11-19,150.112,154.181,148.875,153.544,103418
1999-11-22,151.5,153.375,150.562,151.875,210925
1999-11-24,151.444,153.75,150.75,153.375,124758
1999-11-25,150.169,152.625,149.269,152.625,74358
1999-11-26,150.656,151.875,148.556,150.75,163535
1999-11-29,150.412,153,149.344,150.75,115370
1999-11-30,146.362,150.731,144.45,149.625,189880
1999-12-01,148.856,153,146.737,149.212,164354
1999-12-02,151.331,152.625,148.519,150,147721
1999-12-03,153.112,156.712,152.587,152.587,234139
1999-12-06,156.544,159.337,153.75,155.625,256817
1999-12-07,155.325,158.887,154.312,158.625,221607
1999-12-08,153.337,159.375,152.625,159.375,95677
1999-12-09,152.625,156.375,150.825,155.25,39848
1999-12-10,149.794,153,149.25,152.625,123145
1999-12-13,147.319,150.75,146.644,150.45,70460
1999-12-14,137.85,147,136.987,147,176348
1999-12-15,136.706,139.481,131.625,137.625,205361
1999-12-16,138.844,141.375,137.55,138.637,173712
1999-12-17,135.431,140.625,133.8,138.75,372096
1999-12-20,142.706,144.75,132.487,136.125,282353
1999-12-21,135.094,143.25,133.875,143.25,222968
1999-12-22,138.169,141.75,136.875,140.25,180458
1999-12-23,133.275,138.375,132.581,137.981,105932
1999-12-24,130.575,134.325,128.287,132.75,143829
1999-12-27,125.456,131.25,124.669,129.75,121421
1999-12-28,124.65,128.925,124.162,125.662,258739
1999-12-29,125.381,128.869,124.875,127.462,85101
1999-12-30,123.9,126.337,123,124.725,93993
2000-01-03,133.725,133.819,127.5,130.5,116243
2000-01-04,135.994,140.25,134.25,136.125,163424
2000-01-05,139.125,146.212,129.75,129.75,154773
2000-01-06,150.262,150.262,143.25,143.625,256075
2000-01-07,152.362,161.962,149.419,155.25,502490
2000-01-10,159,162,154.875,156.375,382131
2000-01-11,146.287,159.937,146.287,158.25,256877
2000-01-12,153.787,155.625,148.219,149.25,161905
2000-01-13,154.237,157.875,153.187,154.462,227228
2000-01-14,153.225,157.406,147.75,157.069,269676
2000-01-17,157.312,163.125,155.625,157.012,413830
2000-01-18,155.381,158.812,151.875,158.812,248380
2000-01-19,158.569,161.812,154.912,157.5,374584
2000-01-20,153.412,160.5,149.25,160.5,269082
2000-01-21,152.606,156.75,151.537,155.625,262636
2000-01-24,145.912,153.375,145.5,152.625,225642
2000-01-25,138.562,145.875,136.875,144.431,363742
2000-01-27,139.181,142.5,138,142.406,131256
2000-01-28,136.725,143.25,135,139.837,290617
2000-01-31,134.512,139.125,133.5,139.125,91491
2000-02-01,133.256,136.462,131.719,131.719,238656
2000-02-02,136.5,138.375,134.662,136.5,126243
2000-02-03,139.369,144,138.75,138.75,258083
2000-02-04,134.137,139.875,133.144,139.875,124107
2000-02-07,133.95,136.125,133.125,133.125,119361
2000-02-08,135.319,138,132,135,275327
2000-02-09,133.931,144.337,133.125,144,158392
2000-02-10,134.344,136.125,132.787,135,89628
2000-02-11,133.237,136.5,132,134.4,80374
2000-02-14,128.4,134.137,126.787,134.137,119849
2000-02-15,123.469,128.437,122.25,126.075,185358
2000-02-16,125.325,127.35,124.875,126.731,98153
2000-02-17,123.9,126.375,123.45,124.125,84139
2000-02-18,120.469,123.375,118.312,123.037,137829
2000-02-21,130.106,130.106,119.25,120.375,146313
2000-02-22,127.744,138.637,125.662,131.212,199684
2000-02-23,119.869,130.875,118.125,127.912,122067
2000-02-24,120.619,125.625,119.681,121.087,46553
2000-02-25,114.994,120,114.375,120,80452
2000-02-28,117.225,118.087,112.537,115.5,53025
2000-02-29,112.837,124.5,109.556,118.125,193016
2000-03-01,113.231,116.212,109.556,113.25,89712
2000-03-02,106.05,115.35,105,115.05,86946
2000-03-03,104.306,108.75,97.575,104.775,314487
2000-03-06,112.65,112.65,106.5,106.875,151851
2000-03-07,117.731,119.25,110.25,116.25,534997
2000-03-08,113.231,119.606,108.375,115.875,138576
2000-03-09,114.506,115.481,111.562,114.75,90037
2000-03-10,112.162,115.462,108.75,115.462,108920
2000-03-13,114.9,121.125,111.45,112.5,131662
2000-03-14,119.737,121.762,113.081,116.25,203502
2000-03-15,126.769,129.319,121.181,125.25,173062
2000-03-16,124.425,131.062,122.287,129,105332
2000-03-21,131.456,134.381,116.25,118.162,176776
2000-03-22,123.806,123.806,123.806,123.806,15000
2000-03-23,136.125,148.087,135,148.087,212959
2000-03-24,135.937,137.625,131.25,131.287,190893
2000-03-27,140.662,143.175,132.431,132.431,179276
2000-03-28,141.094,145.5,137.625,142.125,155681
2000-03-29,144.244,151.875,142.912,149.962,257778
2000-03-30,142.462,144,133.125,142.537,187724
2000-03-31,144.487,145.875,138.75,144.9,119480
2000-04-03,143.344,146.25,139.144,146.212,218707
2000-04-04,139.181,144,134.531,140.644,423075
2000-04-05,137.662,140.625,136.875,140.625,74052
2000-04-06,138.581,141,134.981,139.481,189089
2000-04-07,139.481,142.294,136.875,141.375,264453
2000-04-10,141.15,142.462,135.75,140.55,480904
2000-04-11,139.631,142.462,132.469,138.787,330884
2000-04-12,139.387,140.625,138.187,139.837,46207
2000-04-13,145.5,147.356,137.1,137.25,301914
2000-04-17,139.631,143.25,133.875,141.994,156098
2000-04-18,138.525,140.625,137.437,140.625,150024
2000-04-19,138.881,140.625,138.375,140.625,36864
2000-04-20,138.862,139.687,137.719,138.356,101109
2000-04-24,138.769,140.625,138.525,140.625,42408
2000-04-25,138.262,139.125,135,138.225,151282
2000-04-26,136.969,139.05,135,139.05,112139
2000-04-27,135.075,136.275,135,135.206,35665
2000-04-28,133.519,135.694,132.375,134.269,164929
2000-05-02,129.15,136.5,127.875,135,111531
2000-05-03,130.819,131.531,124.875,125.719,44842
2000-05-04,129.431,132.3,129.075,130.125,44756
2000-05-05,131.25,132.75,130.5,131.25,75025
2000-05-08,131.25,132.75,130.594,132.75,31916
2000-05-09,131.419,132.15,129.787,129.787,41225
2000-05-10,130.35,136.875,129.75,136.875,76419
2000-05-11,129.956,130.8,121.875,121.875,9521
2000-05-12,127.8,131.25,127.144,129.394,82998
2000-05-15,131.1,132.337,122.25,125.006,72677
2000-05-16,131.137,131.812,127.969,130.125,74862
2000-05-17,135.431,140.625,132.975,133.781,142406
2000-05-18,134.025,135.75,133.219,133.875,19916
2000-05-19,132.131,133.969,131.456,132.75,22385
2000-05-22,129.319,132.375,126.75,131.287,35384
2000-05-23,129.3,130.087,127.5,127.5,30464
2000-05-24,129.112,131.25,125.625,127.5,17303
2000-05-25,130.425,131.625,129,129.937,18558
2000-05-26,130.744,132.262,128.812,128.812,11430
2000-05-29,134.681,135,130.219,130.219,26866
2000-05-30,136.256,136.5,134.344,134.344,24734
2000-05-31,136.369,139.331,135.375,138,27118
2000-06-01,134.869,136.125,132.394,132.394,9116
2000-06-02,137.606,140.606,134.269,136.125,60053
2000-06-05,138.075,140.25,136.612,138.375,53584
2000-06-06,140.194,140.944,137.737,139.5,84980
2000-06-07,138.281,141.375,137.625,141.375,14207
2000-06-08,135.694,139.875,131.625,132,44267
2000-06-09,135.112,135.75,134.25,135,35182
2000-06-12,134.681,144.375,133.537,136.837,20279
2000-06-13,133.237,134.25,132.937,133.125,61172
2000-06-14,135.844,136.481,133.594,134.25,54340
2000-06-15,136.012,137.587,135.75,136.5,8462
2000-06-16,135.356,136.687,134.625,135.769,34009
2000-06-19,135.169,136.875,134.25,134.25,15556
2000-06-20,135.206,136.069,133.987,134.662,32976
2000-06-21,135.45,136.125,134.662,136.125,19250
2000-06-22,136.969,137.887,135.037,135.225,40602
2000-06-23,138.281,138.75,136.875,137.925,64909
2000-06-26,135.956,136.687,135.094,136.369,18227
2000-06-27,136.012,136.5,135,135.862,28210
2000-06-28,136.781,136.875,134.681,134.681,15667
2000-06-29,136.162,137.812,135.75,135.75,19305
2000-06-30,133.069,135.75,128.25,135.412,37919
2000-07-03,130.762,132.412,127.5,132.281,78118
2000-07-04,132.056,133.125,130.125,130.875,91420
2000-07-05,134.381,135.544,133.162,133.162,41370
2000-07-06,134.456,134.962,132.75,133.162,13110
2000-07-07,133.65,135,133.125,135,40618
2000-07-10,134.475,135.337,133.144,133.144,23039
2000-07-11,135.806,137.625,135.244,135.75,28115
2000-07-12,135.487,137.625,134.662,137.625,24211
2000-07-13,135.75,136.5,135,136.5,15229
2000-07-14,134.794,136.031,134.437,135.375,35962
2000-07-17,135.075,136.087,133.219,133.219,19777
2000-07-18,134.194,135,133.875,133.875,32949
2000-07-19,133.912,135.75,133.219,135.75,10647
2000-07-20,133.65,134.625,130.162,134.437,22563
2000-07-21,131.55,134.587,130.537,134.587,23083
2000-07-24,126.037,131.25,125.625,129.75,29773
2000-07-25,126.769,127.5,124.125,124.125,41456
2000-07-26,126.45,129.375,125.625,128.625,24980
2000-07-27,129.281,129.731,125.85,126.75,33273
2000-07-28,130.706,131.25,127.5,127.5,41850
2000-07-31,132.544,135.712,130.875,133.125,103133
2000-08-01,133.556,134.456,132.75,133.125,75138
2000-08-02,130.05,134.475,128.7,133.5,152340
2000-08-03,131.55,131.7,129,129,103019
2000-08-04,131.362,133.125,130.612,132.75,67404
2000-08-07,133.181,134.962,131.269,133.65,96478
2000-08-08,133.969,134.25,132.769,132.769,102536
2000-08-09,133.256,134.625,133.125,133.125,47460
2000-08-10,133.35,133.875,133.144,133.144,27809
2000-08-11,134.494,135.112,133.837,133.837,118946
2000-08-14,135.262,135.75,134.644,135.375,80381
2000-08-16,136.481,136.875,136.087,136.087,56837
2000-08-17,136.294,136.875,135.375,135.375,32294
2000-08-18,136.387,136.5,135.412,136.125,40253
2000-08-21,135.3,136.687,135.019,136.687,29431
2000-08-22,135.675,136.125,135.037,135.075,30810
2000-08-23,135.844,136.312,135.037,135.562,19458
2000-08-24,135.806,136.125,135.094,135.094,14386
2000-08-25,135.075,136.406,135.019,135.206,28473
2000-08-28,133.706,135.037,132.506,135.037,23377
2000-08-29,133.481,134.006,132.862,132.881,17072
2000-08-30,132.412,134.962,132.225,132.937,18571
2000-08-31,133.875,134.212,130.875,133.125,15767
2000-09-04,134.587,136.762,132.769,132.769,38544
2000-09-05,134.587,135.9,134.269,135,21656
2000-09-06,135,136.125,134.287,136.125,16157
2000-09-07,134.981,135.337,134.25,134.625,15243
2000-09-08,134.719,135.375,134.475,135.337,21516
2000-09-11,134.869,136.8,134.625,135,9545
2000-09-12,135.919,136.462,134.625,135,26125
2000-09-13,135.337,136.462,134.362,136.125,8482
2000-09-14,135.694,136.012,135.019,135.019,19579
2000-09-15,135.412,136.312,135.187,135.712,33637
2000-09-18,134.925,136.125,134.719,135.731,43179
2000-09-19,134.419,135,133.5,134.625,32779
2000-09-20,133.05,136.125,132.637,136.125,43862
2000-09-21,131.644,132,131.644,132,3600
2000-09-22,131.925,133.481,130.762,133.481,37831
2000-09-25,132.187,132.6,128.269,128.269,43377
2000-09-26,129.394,133.5,128.306,130.331,195377
2000-09-27,125.081,127.5,121.875,125.25,43151
2000-09-28,131.944,132.75,131.625,131.625,10000
2000-09-29,125.231,130.875,124.875,130.875,20036
2000-10-03,122.775,124.537,120.131,122.437,43928
2000-10-04,118.181,122.231,115.894,119.25,67368
2000-10-05,117.487,120,116.25,119.925,35575
2000-10-06,121.687,123,117.412,119.025,43376
2000-10-09,118.612,122.231,118.125,120.394,32937
2000-10-10,117.019,119.962,116.25,118.5,43616
2000-10-11,115.406,116.25,111.975,116.25,31004
2000-10-12,119.906,120.75,112.594,113.25,27931
2000-10-13,118.031,123.75,117.094,118.125,24101
2000-10-16,123.45,124.125,118.894,121.875,53134
2000-10-17,123.131,123.731,120.037,120.394,36040
2000-10-18,116.137,121.781,113.925,121.781,170353
2000-10-19,108.675,113.287,107.269,113.287,122604
2000-10-20,108.694,111.169,108.375,108.375,55598
2000-10-23,107.719,109.856,105.731,108.75,83774
2000-10-24,112.481,113.587,106.181,106.875,81630
2000-10-25,100.556,109.706,99,109.706,130830
2000-10-26,104.569,105.712,99.7875,102.375,29440
2000-10-27,100.05,104.981,97.875,102.037,72811
2000-10-30,99.3187,100.8,97.5,99.4312,49656
2000-10-31,98.5125,99.525,96.75,98.5312,91434
2000-11-01,98.1562,99.375,97.5,98.2687,53983
2000-11-02,95.8125,98.4375,95.25,97.9687,53872
2000-11-03,96.8062,98.3437,95.7187,97.0125,95693
2000-11-06,95.85,102.712,93.825,97.875,187818
2000-11-07,92.2687,95.025,90.75,93.9375,119635
2000-11-08,93.8812,95.625,90.4125,91.5,73888
2000-11-09,94.275,95.2312,91.5,93.375,59042
2000-11-10,94.9687,95.4375,93.375,94.5,57134
2000-11-13,92.775,94.875,90.8062,92.2687,45528
2000-11-14,93.3937,94.5,92.0812,92.0812,54134
2000-11-15,98.3812,100.875,94.7437,95.25,174903
2000-11-16,97.1062,100.125,96.5812,99.9375,82488
2000-11-17,96.8812,97.5,95.8125,95.8125,32269
2000-11-20,98.0437,98.5125,96.5812,97.4625,28819
2000-11-21,97.4812,98.2125,96.525,97.5,96836
2000-11-22,97.3125,98.4375,96.9375,98.4375,26703
2000-11-23,98.85,100.125,96.75,96.75,75137
2000-11-24,97.9687,99.4687,97.6875,99.375,47026
2000-11-27,98.85,99.375,97.9687,98.8125,37171
2000-11-28,100.125,106.5,98.325,99,202895
2000-11-29,99.375,102.562,99,100.462,97789
2000-11-30,98.6062,100.312,96.7875,99.8437,75499
2000-12-01,96.1687,98.25,95.4562,98.0625,116133
2000-12-04,97.2375,98.4187,95.625,96.525,64450
2000-12-05,96.2062,98.625,96,98.55,100272
2000-12-06,97.35,98.9812,97.1437,98.625,78814
2000-12-07,99.3562,99.5062,97.125,97.6875,100883
2000-12-08,102.094,105,99.75,99.75,524115
2000-12-11,100.5,103.875,100.162,103.125,182085
2000-12-12,98.9812,102.019,98.2687,101.175,212482
2000-12-13,100.125,101.231,99.0375,99.375,96111
2000-12-14,99.1687,101.625,98.7187,101.137,122159
2000-12-15,93.9375,99.9375,93,99.9375,199334
2000-12-18,95.1,95.4375,93.675,94.05,98558
2000-12-19,93.9375,96.1875,93.75,94.5,165211
2000-12-20,95.4187,95.7375,93.0375,94.5,64810
2000-12-21,94.3687,95.25,93.4687,93.7875,81926
2000-12-22,87.1875,95.4937,86.8312,95.4937,176543
2000-12-26,83.9437,89.9625,83.325,89.625,200550
2000-12-27,84.6562,86.1937,83.85,84.375,66785
2000-12-28,84.2437,85.5,83.3437,85.4812,95267
2000-12-29,84.9937,85.6875,83.775,84.75,123695
2001-01-01,85.95,87.3937,85.0687,85.65,141078
2001-01-02,84.825,87,82.9687,86.4,116970
2001-01-03,86.85,88.125,80.625,81,225956
2001-01-04,87.5625,90.75,87.375,88.0312,323502
2001-01-05,86.9625,88.4062,86.2875,87.7312,128185
2001-01-08,87.1125,88.65,86.25,87,124563
2001-01-09,86.3812,88.05,85.9875,87.6375,163276
2001-01-10,88.2187,88.5,87,87.225,142983
2001-01-11,91.2562,91.875,87.75,87.975,322665
2001-01-12,98.7937,100.875,90.6187,91.8375,635791
2001-01-15,102.9,104.025,96.0187,98.775,435005
2001-01-16,95.0625,102.919,92.4375,102.919,308803
2001-01-17,93.2625,94.0875,90.0375,92.25,366429
2001-01-18,97.2,97.5,93,94.125,308767
2001-01-19,99.9187,101.212,96.4125,97.4625,234368
2001-01-22,109.181,112.425,99.9375,100.5,510084
2001-01-23,113.925,116.25,106.331,108.412,449361
2001-01-24,111.319,116.25,107.456,115.837,377929
2001-01-25,108.619,110.437,106.237,110.437,291404
2001-01-29,109.237,111,104.25,107.306,148209
2001-01-30,112.031,113.25,108.094,108.937,172425
2001-01-31,111.712,112.012,107.662,110.644,244199
2001-02-01,110.175,111.75,109.5,111,101528
2001-02-02,111.244,111.75,109.687,109.687,86949
2001-02-05,120.356,129.056,112.087,112.125,265783
2001-02-06,122.681,123.187,119.662,120.375,219537
2001-02-07,119.7,123,116.25,123,98647
2001-02-08,125.025,126.337,116.25,117.787,718188
2001-02-09,121.819,125.625,120,124.687,233554
2001-02-12,120.412,122.625,118.219,122.625,158385
2001-02-13,118.95,122.25,118.294,119.662,149008
2001-02-14,118.706,119.231,116.287,116.287,99946
2001-02-15,120.75,121.425,119.587,119.587,106858
2001-02-16,121.237,123.75,120.75,121.5,176335
2001-02-19,121.069,129.375,119.625,121.875,234275
2001-02-20,119.606,121.875,119.062,121.875,190168
2001-02-21,118.556,120,117.412,118.912,72399
2001-02-22,117.394,118.125,115.144,117.562,76800
2001-02-23,115.331,118.125,114.037,117.75,108451
2001-02-26,118.912,119.906,112.5,114.187,117436
2001-02-27,118.237,120,116.625,117.375,84361
2001-02-28,121.519,125.25,116.644,116.644,393793
2001-03-01,126.731,129.375,121.875,123.712,371259
2001-03-02,123.975,130.594,123.037,126.037,128241
2001-03-05,126.919,131.625,123.656,126.75,236904
2001-03-07,118.669,129,117.506,127.594,96936
2001-03-08,118.031,121.125,114.375,120.375,39459
2001-03-09,114.562,127.125,112.912,116.437,44281
2001-03-12,110.269,117.562,107.625,109.219,36224
2001-03-13,105.469,110.587,102.037,102.037,45191
2001-03-14,108.994,111.712,106.5,110.25,21011
2001-03-15,108.244,109.5,105,105.375,20887
2001-03-16,102.844,108.694,101.625,108.694,19212
2001-03-19,97.3875,102.75,96.375,101.625,35119
2001-03-20,94.6125,97.125,93.8437,96.0187,29680
2001-03-21,94.1625,97.5,93.75,97.5,26781
2001-03-22,94.2375,95.8125,93.75,94.125,38600
2001-03-23,93.8437,94.875,93.375,94.8375,40324
2001-03-26,93.9375,94.125,93.375,93.75,58800
2001-03-27,96.75,100.462,91.95,91.95,144953
2001-03-28,97.5375,101.925,97.2187,101.925,66039
2001-03-29,99.525,100.125,96.8437,96.8437,52673
2001-03-30,96.8625,100.425,95.7,100.425,46134
2001-04-02,93.675,96.75,89.4375,94.875,70907
2001-04-03,94.3687,97.5,91.9125,95.5312,55814
2001-04-04,95.2125,96.1875,92.25,92.25,144111
2001-04-06,93.9937,97.125,93.7687,97.125,27500
2001-04-09,94.1625,95.25,93.375,95.2312,58451
2001-04-10,92.7562,94.0312,89.475,92.6625,20758
2001-04-11,92.9625,93.75,90.8437,91.5,6794
2001-04-12,91.725,93.375,89.2875,91.3125,17549
2001-04-16,92.9625,93,90.8812,93,8370
2001-04-17,93.0187,93.75,91.875,92.9625,53714
2001-04-18,93.7687,95.625,91.9312,95.625,38563
2001-04-19,89.0625,96.975,88.125,94.6875,48528
2001-04-20,88.1062,89.2125,85.1625,88.875,63945
2001-04-23,91.1062,92.25,88.5375,89.1937,40504
2001-04-24,86.55,90,86.0625,90,36075
2001-04-25,88.9687,91.125,85.5,88.0875,330581
2001-04-26,87.4312,91.5,86.5875,89.6437,245669
2001-04-27,86.7937,88.1062,80.625,86.25,88778
2001-04-30,85.1625,87.75,84,85.875,55710
2001-05-02,87.9937,88.5,86.625,87.0375,47413
2001-05-03,87.8062,88.3125,86.7562,87.975,27227
2001-05-04,86.2312,88.125,85.5,88.125,23496
2001-05-07,86.6812,88.05,85.1625,87.375,65889
2001-05-08,86.3437,88.0875,84.975,85.5375,57252
2001-05-09,86.25,88.4625,86.0625,88.4625,16586
2001-05-10,84.9,86.8125,84.375,86.25,23304
2001-05-11,83.6812,85.275,83.4,85.275,28736
2001-05-14,82.6312,84.375,82.5,84,13501
2001-05-15,79.8562,82.125,79.1625,81.225,33651
2001-05-16,79.6687,81.375,79.1625,80.175,53740
2001-05-17,85.3875,87,80.25,81.225,216916
2001-05-18,84.4312,85.875,84.1875,84.375,74853
2001-05-21,85.275,88.5,84.2812,85.5,352202
2001-05-22,86.7375,89.0437,85.6125,85.6875,204061
2001-05-23,87.975,89.625,87.45,87.9375,253460
2001-05-24,86.6812,88.5,86.0062,88.0875,58971
2001-05-25,86.2125,87.75,85.5187,87.1687,173216
2001-05-28,88.0125,88.425,86.8125,87.1875,128087
2001-05-29,92.0437,93.375,87.8625,88.125,508894
2001-05-30,99.9,104.569,90.75,92.8125,472570
2001-05-31,102.712,104.55,95.625,99.375,442259
2001-06-01,100.969,103.575,100.5,101.25,96202
2001-06-04,99.225,101.625,98.4375,100.912,49632
2001-06-05,107.719,109.125,98.4937,99.1875,250897
2001-06-06,103.556,111.319,103.125,109.125,141211
2001-06-07,103.219,103.875,101.119,102.825,76649
2001-06-08,106.012,107.625,103.125,103.856,118813
2001-06-11,107.419,108.75,105.037,106.875,78377
2001-06-12,105.9,107.625,104.812,107.625,65311
2001-06-13,100.95,106.125,100.125,106.125,97518
2001-06-14,96.4125,100.125,95.6437,100.125,90304
2001-06-15,94.875,101.25,92.0625,93,186378
2001-06-18,98.475,98.8125,94.5,95.6625,73027
2001-06-19,101.925,103.5,98.3062,98.3062,116396
2001-06-20,99.1875,102.75,97.5562,101.625,39813
2001-06-21,98.5125,100.35,98.0625,99,27728
2001-06-22,97.3125,98.5875,96.1875,97.125,21139
2001-06-25,96.3562,97.125,94.5,96.8437,11351
2001-06-26,98.7187,100.687,93.7875,96.75,34942
2001-06-27,97.5,100.875,96,100.875,24416
2001-06-28,96.9,98.3625,96.75,97.5,14229
2001-06-29,96.5625,99.3375,95.625,96.0375,32682
2001-07-02,95.9812,99.375,94.1625,98.0625,16511
2001-07-03,95.7937,97.5,90.375,91.875,74085
2001-07-04,93.8625,95.5875,92.25,95.5875,26742
2001-07-05,93.8062,94.7625,93.4312,93.8437,21203
2001-07-06,92.7,94.8,92.25,94.8,21204
2001-07-09,93.075,93.7312,92.2687,93.7312,24268
2001-07-10,92.5125,93.2062,91.9687,92.6812,27863
2001-07-11,94.9312,95.1562,89.9812,91.5,47689
2001-07-12,93.3937,95.625,90.8812,95.625,24652
2001-07-13,91.425,95.625,90,92.6625,10147
2001-07-16,91.7437,93.1875,91.3125,91.3125,45729
2001-07-17,91.7812,92.8125,91.4625,91.7625,27884
2001-07-18,91.0312,92.625,90.3937,92.25,26739
2001-07-19,92.0437,93.375,91.0312,92.25,6283
2001-07-20,90.4125,93.7125,90,90.4125,20373
2001-07-23,90.5625,91.4812,88.5,88.5,182
2001-07-24,87.8625,90.75,87.5625,90.375,46491
2001-07-25,86.1562,91.8,85.5,91.8,15962
2001-07-26,85.9687,89.6062,84,89.6062,30575
2001-07-27,85.9125,88.0312,85.5,87.3562,22583
2001-07-30,93.375,95.25,87.1875,91.875,33353
2001-07-31,94.7625,97.05,90.0937,90.0937,81247
2001-08-01,95.25,95.6062,92.1,93,23808
2001-08-02,95.5312,96.1875,94.5937,96.1875,26294
2001-08-03,95.7375,96.3562,94.2187,95.175,18192
2001-08-06,99.2437,104.212,94.9125,95.0625,64099
2001-08-07,103.106,103.875,98.25,99,102815
2001-08-08,99.0375,103.125,96.8437,103.125,271876
2001-08-09,96.825,99.5625,95.7187,98.9812,43111
2001-08-10,96.4875,99.375,95.7375,96.8437,19852
2001-08-13,100.462,101.025,97.125,98.1937,40710
2001-08-14,101.85,102.187,94.5,96.375,77584
2001-08-16,101.006,101.325,99.4125,100.144,22019
2001-08-17,100.406,103.875,99.8062,101.606,87568
2001-08-20,99.4125,102.562,98.25,100.125,123551
2001-08-21,99,100.069,98.475,98.9062,20707
2001-08-23,97.4437,98.775,96.8062,97.5187,51440
2001-08-24,97.575,101.587,96.75,97.125,58372
2001-08-27,97.5375,99.1875,97.5,97.875,14689
2001-08-28,96.5625,98.1375,96.375,98.1375,72976
2001-08-29,95.1,97.0125,93.975,96,65962
2001-08-30,95.325,95.9062,94.5,95.8875,33625
2001-08-31,95.8312,96.75,95.0625,95.0625,139610
2001-09-03,97.5375,101.625,96,96,184184
2001-09-04,98.325,99.75,97.5,97.8937,89506
2001-09-05,100.162,101.25,99,99.3375,111736
2001-09-06,100.125,102.675,98.8125,101.212,70661
2001-09-07,99.2437,99.9375,98.3062,98.625,43207
2001-09-10,100.144,101.044,98.6437,99.0937,76313
2001-09-11,99.6,100.5,99,100.5,99302
2001-09-12,96.2062,98.5875,93.7875,98.5875,59075
2001-09-13,96.3187,97.4437,95.625,95.625,96982
2001-09-14,93.7687,97.0312,93,96,64803
2001-09-17,92.7375,94.5,87.0562,93.75,61129
2001-09-18,94.6687,95.625,91.5,91.5,66696
2001-09-19,96.15,97.5,93.75,93.75,103341
2001-09-20,95.025,96.5625,93.75,94.5,69994
2001-09-21,93.8437,95.25,93,93.75,64074
2001-09-24,94.1625,96.375,93.375,94.125,14474
2001-09-25,92.7937,96.1875,92.5125,94.5,76909
2001-09-26,93.1125,93.75,91.125,93.75,127227
2001-09-27,92.475,94.6875,91.875,94.125,170197
2001-09-28,92.5875,93.7687,91.9687,93.375,98630
2001-10-01,92.4187,93.75,92.0625,93.7312,79095
2001-10-03,93.4125,93.9375,92.25,92.25,135310
2001-10-04,98.7187,99.3375,93.5625,93.75,278597
2001-10-05,100.294,101.606,99.2625,99.2625,79031
2001-10-08,104.794,105.694,98.3625,100.125,190757
2001-10-09,105.825,106.762,104.625,105.375,84104
2001-10-10,102.131,105,100.594,104.456,112595
2001-10-11,105.281,106.612,101.437,103.125,70942
2001-10-12,110.85,113.437,101.625,102.244,225530
2001-10-15,111.862,116.212,108.75,110.25,244130
2001-10-16,111.862,113.625,110.625,112.125,82727
2001-10-17,107.756,113.625,106.969,110.625,130570
2001-10-18,110.944,112.406,107.962,108.694,159697
2001-10-19,115.125,116.1,111.375,111.375,234734
2001-10-22,118.706,119.812,111.75,111.75,137944
2001-10-23,120.994,121.875,117.337,117.75,208072
2001-10-24,121.706,123.75,117.656,121.875,350009
2001-10-25,123.769,125.625,121.5,121.875,238400
2001-10-29,120.806,122.25,119.081,122.25,81251
2001-10-30,122.625,125.625,117.787,119.25,221735
2001-10-31,124.312,127.087,118.162,120.431,629959
2001-11-01,129.375,130.875,124.5,125.625,271579
2001-11-02,128.55,130.125,127.5,129.375,237844
2001-11-05,132.431,134.437,126.375,126.375,284055
2001-11-06,130.725,137.175,127.594,133.5,489206
2001-11-07,131.944,133.087,129.375,131.137,169284
2001-11-08,130.95,132,129.187,130.5,152700
2001-11-09,131.437,132.675,129.469,130.519,106770
2001-11-12,134.4,135,123.787,123.787,64635
2001-11-13,135.844,137.625,127.5,131.662,139302
2001-11-14,136.912,138.356,135.619,136.856,42158
2001-11-15,137.306,139.125,135.169,137.062,30046
2001-11-19,140.569,142.5,135,138,100264
2001-11-20,138.862,140.981,135,135,98655
2001-11-21,139.237,140.025,136.875,137.25,29354
2001-11-22,140.212,141.525,138.562,138.75,161971
2001-11-23,137.362,141.787,136.144,141.787,59360
2001-11-26,137.362,139.106,135.844,137.625,103526
2001-11-27,139.744,141.375,137.719,140.962,49641
2001-11-28,145.65,147,138.75,138.75,210843
2001-11-29,143.044,145.35,135.131,145.35,70949
2001-12-03,141.019,143.287,139.537,143.287,48632
2001-12-04,143.381,144.375,141.75,141.75,35278
2001-12-05,144.75,145.219,143.812,143.812,18455
2001-12-06,143.644,148.125,138.75,145.5,65578
2001-12-07,143.194,144.694,142.219,144,24431
2001-12-10,143.006,144.375,140.25,142.312,24477
2001-12-11,148.837,151.875,142.875,143.212,213385
2001-12-12,144.656,148.125,144.187,148.125,50390
2001-12-13,142.237,146.231,138.75,146.231,61817
2001-12-14,139.425,142.5,138.75,140.625,26579
2001-12-18,138.825,140.212,136.912,138.375,121406
2001-12-19,139.05,139.837,136.875,136.875,54033
2001-12-20,139.95,140.625,135.412,139.462,25560
2001-12-21,139.5,139.875,138.769,138.975,14932
2001-12-24,138.9,139.819,138.75,138.75,23515
2001-12-26,140.1,142.5,138.75,141.375,28755
2001-12-27,138.825,140.531,138.75,140.419,14546
2001-12-28,139.012,139.837,138.375,138.937,45451
2001-12-31,141.45,142.106,139.5,139.687,31846
2002-01-01,142.181,144.281,141.056,142.5,23081
2002-01-02,147.506,148.144,142.181,142.5,48237
2002-01-03,143.362,146.212,141.581,142.5,129208
2002-01-04,144.637,145.387,144.056,144.375,430112
2002-01-07,144.881,146.25,144.412,145.5,115027
2002-01-08,149.531,150.75,144.75,144.75,118926
2002-01-09,152.419,155.437,149.625,150.75,128018
2002-01-10,151.031,154.5,150,154.5,75717
2002-01-11,154.519,157.087,149.25,150.375,198668
2002-01-14,163.237,164.25,156.956,157.5,145989
2002-01-15,160.556,163.5,158.625,163.125,171370
2002-01-16,158.55,161.25,154.519,161.25,191264
2002-01-17,166.294,167.962,155.625,156.75,290267
2002-01-18,169.35,171.375,163.875,168.75,136715
2002-01-21,175.687,177.187,167.512,168.375,258997
2002-01-22,168.675,175.462,166.125,174.375,119606
2002-01-23,168.019,172.5,163.125,163.125,67181
2002-01-24,163.462,170.25,160.875,168.825,81024
2002-01-25,164.606,167.156,162.375,163.125,54380
2002-01-28,163.894,167.569,162.956,165.375,55349
2002-01-29,164.925,165.45,163.125,163.875,47357
2002-01-30,164.606,166.5,160.5,163.537,36308
2002-01-31,164.231,167.287,163.875,166.312,78126
2002-02-01,164.85,167.625,163.125,165,199895
2002-02-04,163.05,166.425,161.4,165.712,71757
2002-02-05,163.462,164.212,162.956,163.125,12169
2002-02-06,166.912,172.5,163.125,164.925,122728
2002-02-07,173.456,177.056,166.875,166.875,200119
2002-02-08,172.294,175.875,170.625,172.5,76121
2002-02-11,167.737,176.212,166.875,172.5,19245
2002-02-12,164.962,169.5,164.287,169.5,25641
2002-02-13,164.212,166.875,162.562,164.625,38406
2002-02-14,167.006,168.75,164.644,165.375,65990
2002-02-15,168.675,169.875,167.25,169.875,137884
2002-02-18,165.075,168.619,163.537,166.5,26871
2002-02-19,164.437,167.625,163.125,167.625,41814
2002-02-20,167.85,168.75,164.437,165,84337
2002-02-21,166.687,170.625,165.187,170.625,37952
2002-02-22,167.156,168.506,165.375,165.375,40815
2002-02-25,167.512,168.75,166.875,168.375,29950
2002-02-26,168.225,169.687,165.787,167.25,104133
2002-02-27,178.931,184.875,169.875,169.875,399233
2002-02-28,171.15,178.125,169.519,176.662,193145
2002-03-01,172.575,173.906,169.144,169.144,94536
2002-03-04,176.587,178.669,174.787,177.187,58289
2002-03-05,178.462,182.812,176.662,179.062,131725
2002-03-06,183.825,187.125,174.431,179.625,190650
2002-03-07,184.706,188.962,181.556,187.5,153843
2002-03-08,183.956,186,181.087,184.537,73857
2002-03-11,179.625,183.769,178.125,178.125,35875
2002-03-12,179.831,181.275,177.75,178.762,45114
2002-03-13,183.169,184.219,178.125,178.125,47162
2002-03-14,187.387,188.625,181.875,183.712,141271
2002-03-15,185.25,186.375,183,186.375,23312
2002-03-18,184.05,186.919,183,183,18101
2002-03-19,181.819,184.687,180.244,184.687,28754
2002-03-20,182.962,183.187,180.937,180.937,49799
2002-03-21,181.912,183,181.312,181.875,14509
2002-03-22,182.662,183.675,180.431,180.431,18014
2002-03-26,177.094,182.625,175.875,182.625,26940
2002-03-27,174.337,177.375,173.456,174.75,50551
2002-03-28,173.55,181.875,169.875,181.875,76979
2002-04-01,175.369,178.106,174.375,176.175,19424
2002-04-02,186.769,188.625,176.625,177,63994
2002-04-03,187.331,187.875,182.062,185.625,106120
2002-04-04,187.725,188.625,185.25,186.75,102963
2002-04-05,189.037,190.875,187.594,188.625,89025
2002-04-08,188.737,189.375,186.375,188.625,59345
2002-04-09,188.175,189.412,186,186.75,57627
2002-04-10,189.881,193.125,187.519,187.519,35690
2002-04-11,188.531,191.906,187.5,189.9,27151
2002-04-12,187.725,189.281,186.469,189.281,67212
2002-04-15,187.237,190.312,186.75,188.625,15205
2002-04-16,187.519,189.356,172.5,172.5,25216
2002-04-17,187.35,188.775,186.019,187.5,14345
2002-04-18,186.937,188.531,183.75,187.125,27404
2002-04-19,185.044,187.05,183.375,186,50483
2002-04-22,181.594,184.687,180.469,183.75,17502
2002-04-23,180.525,182.231,178.875,181.875,25287
2002-04-24,183,183.656,180.806,180.825,11935
2002-04-25,179.812,183,178.631,180.469,41913
2002-04-26,181.444,183.337,180,180.056,8542
2002-04-29,183.225,185.625,178.894,185.625,14538
2002-04-30,182.887,183.319,180.844,183.319,6725
2002-05-02,184.406,186.15,182.306,183.712,129103
2002-05-03,183.581,185.25,183.094,184.5,15993
2002-05-06,184.2,185.625,183.019,185.625,21924
2002-05-07,183.919,184.5,183.75,183.75,8062
2002-05-08,185.662,186.206,183.937,184.837,28971
2002-05-09,183.319,187.5,181.875,186.712,65166
2002-05-10,182.906,186.75,182.325,183.375,62141
2002-05-13,190.631,194.625,188.25,189,212322
2002-05-14,192.994,196.125,190.537,192.937,240233
2002-05-15,191.044,194.625,188.25,194.625,134279
2002-05-16,192.281,193.5,189.75,190.5,140529
2002-05-17,191.456,192.375,188.269,191.25,79615
2002-05-20,185.362,190.425,183.787,187.5,95237
2002-05-21,182.475,185.625,178.537,182.625,58313
2002-05-22,181.987,183.375,178.219,181.875,38286
2002-05-23,173.344,185.25,171.844,180,122286
2002-05-24,182.644,186.562,177.769,186.562,58050
2002-05-27,185.006,187.5,179.25,182.062,73213
2002-05-28,179.7,186.9,178.181,182.812,88514
2002-05-29,180.994,182.606,179.062,182.606,33436
2002-05-30,177.75,182.4,174.394,174.394,69468
2002-05-31,180.487,183.562,176.25,176.25,105805
2002-06-03,180.112,186.187,179.25,182.269,49956
2002-06-04,184.2,186,178.125,178.125,94074
2002-06-05,189.45,191.737,181.894,184.875,97450
2002-06-06,187.331,192.75,186.375,191.25,53189
2002-06-07,186.394,187.5,186,186.75,21137
2002-06-10,188.006,188.944,186.75,187.5,34321
2002-06-11,198.75,201.75,190.219,191.25,114270
2002-06-12,197.231,200.569,196.219,198.75,58920
2002-06-13,194.644,197.625,194.25,197.25,45870
2002-06-14,195.375,196.312,192.375,193.312,21778
2002-06-17,195.225,196.462,193.162,193.162,7459
2002-06-18,192.412,197.175,191.812,193.931,58070
2002-06-19,191.419,194.531,189.45,194.531,28269
2002-06-20,194.831,201.375,189.562,192,10492
2002-06-21,190.444,192.375,188.25,192.375,25268
2002-06-24,190.125,195,183.806,186.394,88878
2002-06-25,188.775,191.625,187.5,191.625,26134
2002-06-26,188.531,190.5,186.75,190.031,42977
2002-06-27,189.206,193.125,186,186,43370
2002-06-28,190.65,191.25,187.631,188.437,13596
2002-07-01,193.875,195,187.594,189.75,57437
2002-07-02,190.894,196.781,189.769,196.781,35136
2002-07-03,198.112,199.95,191.25,195,79300
2002-07-04,205.406,207.187,190.875,190.875,194918
2002-07-05,201.281,208.125,200.1,208.125,81232
2002-07-08,201.3,202.837,199.912,202.462,50383
2002-07-09,204.15,204.75,199.537,204.375,55236
2002-07-10,199.819,205.5,195,195,91340
2002-07-11,199.312,200.156,197.25,198.75,34402
2002-07-12,199.219,200.55,198.431,199.125,19655
2002-07-15,197.006,198.675,195.394,198.019,17061
2002-07-16,192,197.269,189.375,197.269,40086
2002-07-17,189.356,190.875,187.125,190.125,40903
2002-07-18,186.919,191.231,183.506,183.506,38494
2002-07-19,188.494,189.75,183.375,183.394,78837
2002-07-22,186.131,188.625,181.875,188.625,40218
2002-07-23,183.019,186.356,177.75,177.75,40408
2002-07-24,176.475,183,175.987,180.619,104230
2002-07-25,177.656,181.875,171.225,178.5,200825
2002-07-26,168.712,185.625,165.075,185.4,121877
2002-07-29,162.337,174.375,156.375,172.575,129891
2002-07-30,161.512,165.675,157.5,163.125,71924
2002-07-31,157.875,162.375,153.75,153.75,112920
2002-08-01,159.637,163.125,156.094,163.125,105593
2002-08-02,156.412,158.4,151.125,151.125,48405
2002-08-05,160.744,161.587,156.094,159,36149
2002-08-06,164.287,170.625,159.037,170.625,49194
2002-08-07,169.219,175.106,162.75,164.962,168406
2002-08-08,165.75,172.125,165,170.25,47082
2002-08-09,168.375,170.212,164.306,165.375,50779
2002-08-12,170.025,172.406,168.787,168.787,50695
2002-08-13,167.756,170.437,166.969,170.437,36596
2002-08-14,163.05,168.375,156,156,105219
2002-08-16,160.369,165.375,154.687,154.687,143118
2002-08-19,161.119,161.775,159.394,161.25,68381
2002-08-20,164.119,166.069,159.375,162.037,53951
2002-08-21,163.106,166.875,162.769,166.875,33664
2002-08-22,160.556,164.531,160.237,161.287,123164
2002-08-23,157.444,160.837,156.937,160.125,170959
2002-08-26,156.656,159.375,155.437,157.312,136918
2002-08-27,156.45,157.5,156.094,157.5,158270
2002-08-28,156.712,165,154.875,165,70438
2002-08-29,156.787,157.481,151.031,151.031,77106
2002-08-30,156.919,157.5,153.375,156.75,54948
2002-09-02,155.925,158.962,153.206,157.5,128169
2002-09-03,156.037,157.125,154.725,157.125,109790
2002-09-04,156.844,157.5,155.062,155.625,66258
2002-09-05,157.387,159.375,156.862,157.5,82870
2002-09-06,157.181,157.5,156.037,157.5,43511
2002-09-09,157.462,157.631,156.356,157.5,52255
2002-09-11,157.406,158.625,157.125,157.5,33760
2002-09-12,157.537,157.875,156.469,157.5,35129
2002-09-13,157.65,159.375,156.769,156.769,80399
2002-09-16,157.481,158.906,156.469,157.5,13136
2002-09-17,155.081,158.25,152.719,158.25,54181
2002-09-18,150.506,156,148.387,153.75,63100
2002-09-19,143.962,150.75,140.831,150.375,188291
2002-09-20,141.412,143.437,140.625,140.625,165565
2002-09-23,139.387,143.062,137.344,140.625,106401
2002-09-24,142.819,143.944,139.087,139.5,110841
2002-09-25,144.187,145.275,142.125,143.55,45260
2002-09-26,143.362,146.625,142.5,142.5,30791
2002-09-27,149.606,150.75,142.5,142.5,123943
2002-09-30,146.119,151.875,145.519,148.144,86196
2002-10-01,142.219,146.25,138.056,144.394,137781
2002-10-03,137.981,144.375,137.325,144.375,73417
2002-10-04,137.287,140.55,135.3,137.644,76395
2002-10-07,137.906,139.687,136.162,136.875,99380
2002-10-08,144.281,145.481,137.625,137.625,103854
2002-10-09,147.075,148.5,144.806,146.062,79901
2002-10-10,152.156,153.375,147.375,147.375,181941
2002-10-11,149.981,152.175,142.537,142.537,139728
2002-10-14,149.606,152.25,148.575,150.375,46608
2002-10-16,149.156,150.75,148.125,149.812,51871
2002-10-17,148.219,151.762,146.719,148.125,76289
2002-10-18,150.825,157.125,147.75,147.75,55694
2002-10-21,151.65,153.731,151.125,151.875,79928
2002-10-22,145.012,153.75,142.987,153.75,154618
2002-10-23,150.619,151.912,143.306,143.306,380515
2002-10-24,153.356,155.212,148.125,150.337,287433
2002-10-25,154.069,156.712,150.637,153.712,97670
2002-10-28,152.662,155.625,151.894,154.5,83586
2002-10-29,157.725,160.05,152.25,153,272969
2002-10-30,158.156,163.312,150.375,158.212,272368
2002-10-31,158.906,159.375,154.875,157.5,99097
2002-11-01,165.769,167.25,158.812,159.375,448851
2002-11-04,168.112,169.125,164.531,165.375,55531
2002-11-05,163.519,168,162.562,168,122316
2002-11-07,160.95,162.675,159.75,162.412,141912
2002-11-08,162.375,164.062,159.956,159.956,127727
2002-11-11,163.5,165,161.287,165,50051
2002-11-12,163.444,164.625,162.019,162.019,41426
2002-11-13,166.162,168.337,162.787,162.787,306097
2002-11-14,164.756,167.25,163.275,167.25,133605
2002-11-15,169.8,172.5,164.625,166.312,376531
2002-11-18,169.387,171,168.131,170.269,104375
2002-11-20,169.819,171,168.037,169.125,98401
2002-11-21,179.119,180.187,150.694,150.694,259483
2002-11-22,177.731,181.875,175.875,176.85,131626
2002-11-25,179.044,181.5,174.375,174.375,62539
2002-11-26,177.375,185.625,175.706,180,231653
2002-11-27,174.806,178.237,173.644,177.375,121357
2002-11-28,176.719,178.837,175.125,176.887,97794
2002-11-29,179.456,210.562,177.806,210.562,122129
2002-12-02,179.25,187.5,178.5,181.875,173819
2002-12-03,179.794,181.8,177.225,181.8,173702
2002-12-04,180.112,182.625,178.875,181.875,340971
2002-12-05,177.225,180.75,175.687,180.75,146371
2002-12-06,176.081,179.925,174.094,178.875,174887
2002-12-09,177.881,180.375,176.325,179.25,116844
2002-12-10,179.156,196.875,174.787,174.787,54536
2002-12-11,174.375,181.087,173.812,181.087,242795
2002-12-12,176.194,178.669,172.537,174.375,271344
2002-12-13,178.481,178.875,174.562,174.562,73399
2002-12-16,180.131,211.875,173.25,211.875,323352
2002-12-17,180.281,182.175,172.5,172.5,143390
2002-12-18,181.369,182.025,176.25,180.281,99540
2002-12-19,185.119,185.981,180.544,182.625,222491
2002-12-20,183.544,185.887,182.269,184.5,71751
2002-12-23,184.087,184.481,181.875,183.937,55185
2002-12-24,183.112,185.062,182.644,184.5,100301
2002-12-26,184.444,185.587,182.587,182.587,82274
2002-12-27,190.275,191.025,183.75,184.481,266525
2002-12-30,188.119,191.25,187.537,190.875,75018
2002-12-31,188.737,191.062,185.662,185.662,108147
2003-01-01,190.781,191.981,187.875,188.25,112765
2003-01-02,188.419,191.812,187.931,191.25,75980
2003-01-03,190.125,191.625,185.625,188.625,158475
2003-01-06,188.156,191.25,187.162,191.25,141391
2003-01-07,185.681,191.137,184.894,191.137,89138
2003-01-08,186.9,187.969,185.25,185.25,131162
2003-01-09,185.569,188.212,184.556,187.556,155895
2003-01-10,185.662,188.175,183.412,186.375,151321
2003-01-13,185.681,187.5,155.794,185.625,61552
2003-01-14,191.419,193.312,185.719,187.425,315002
2003-01-15,188.869,194.175,185.962,193.125,578463
2003-01-16,198.544,201.9,193.125,193.125,679929
2003-01-17,196.631,200.194,195.131,196.875,229641
2003-01-20,198.544,200.25,193.537,193.537,260157
2003-01-21,195.075,198.75,193.612,196.894,67597
2003-01-22,193.294,195.75,192.75,195.75,54921
2003-01-23,192.619,194.25,191.737,192.375,26114
2003-01-24,192.094,194.25,190.875,193.125,195069
2003-01-27,192.319,193.5,190.725,192.937,145982
2003-01-28,191.419,192.75,189.937,192.675,172214
2003-01-29,193.331,194.625,191.25,191.25,116505
2003-01-30,193.312,194.981,192.581,193.144,127344
2003-01-31,192.525,194.062,191.719,193.125,23968
2003-02-03,193.406,196.875,192.394,193.125,102775
2003-02-04,199.106,200.625,193.875,196.631,255109
2003-02-05,200.737,202.012,195.469,196.894,221762
2003-02-06,206.269,207.9,195.375,195.375,319595
2003-02-07,203.925,207.506,196.875,203.25,119833
2003-02-10,200.494,203.625,199.875,200.625,81337
2003-02-11,197.925,202.5,196.5,199.125,142096
2003-02-12,194.944,203.25,194.625,203.25,112999
2003-02-14,196.762,198.75,193.875,198.75,142885
2003-02-17,195.975,199.856,195.262,199.087,87216
2003-02-18,194.662,197.962,194.269,196.125,137567
2003-02-19,195.619,199.837,194.737,198.75,184043
2003-02-20,196.575,197.625,195.037,197.606,171275
2003-02-21,196.5,197.194,195,196.5,135730
2003-02-24,195.187,197.531,194.831,196.5,105033
2003-02-25,193.294,195,192.394,195,117026
2003-02-26,189.206,193.312,187.144,193.125,195727
2003-02-27,191.494,193.837,189.75,190.5,153341
2003-02-28,193.406,204,189.75,191.25,140547
2003-03-03,192.244,196.125,191.644,196.125,89259
2003-03-04,188.4,191.756,187.556,191.756,95871
2003-03-05,190.406,193.125,185.625,187.5,110413
2003-03-06,189.712,193.425,189.281,193.125,55315
2003-03-07,187.125,188.962,186.075,187.5,116332
2003-03-10,181.387,190.125,180.637,187.387,125150
2003-03-11,179.025,183.356,174.881,180.375,179362
2003-03-12,176.869,181.5,175.875,179.25,204387
2003-03-13,176.944,178.5,175.8,177.375,125951
2003-03-17,180.994,182.25,175.594,176.625,199949
2003-03-19,181.537,183.75,180.6,182.25,193526
2003-03-20,187.162,187.5,180.937,181.875,80910
2003-03-21,187.65,188.569,184.144,184.931,51784
2003-03-24,188.006,192.525,186.037,187.875,43189
2003-03-25,184.519,187.312,183,183.375,79932
2003-03-26,186.712,189,183.769,183.769,188667
2003-03-27,183.469,185.625,181.875,185.625,195951
2003-03-28,183.506,187.125,181.537,186.712,205865
2003-03-31,180,183,178.125,183,149299
2003-04-01,180.075,182.625,177,179.962,164545
2003-04-02,180.45,183.375,178.125,178.125,162329
2003-04-03,182.775,198.375,178.256,198.375,41168
2003-04-04,188.756,192.75,180.375,180.375,76642
2003-04-07,191.044,196.031,188.306,188.306,160750
2003-04-08,193.406,195,189.375,189.412,111482
2003-04-09,190.444,193.125,187.706,191.662,63866
2003-04-10,191.25,195,189.75,189.75,134957
2003-04-11,190.387,194.231,187.462,194.231,89713
2003-04-15,186.637,189.75,184.931,187.875,221081
2003-04-16,186.15,188.381,184.894,186,123107
2003-04-17,180.619,191.25,178.894,187.481,243693
2003-04-21,179.306,183,177.375,180,86648
2003-04-22,178.237,180.75,177.769,179.062,182935
2003-04-23,176.325,178.687,174.75,178.312,271278
2003-04-24,178.706,181.5,176.437,177.375,214677
2003-04-25,178.669,181.087,177.731,179.25,183607
2003-04-28,180.487,183,178.481,183,61866
2003-04-29,186.3,187.5,180.375,180.375,209714
2003-04-30,181.087,186.75,180.731,185.7,77344
2003-05-02,179.887,183.525,177.862,181.125,177551
2003-05-05,179.944,183.375,177.844,181.987,159768
2003-05-06,181.875,184.125,180.187,180.187,96802
2003-05-07,181.312,182.625,179.644,182.25,277634
2003-05-08,177.881,180.9,175.575,176.625,241700
2003-05-09,178.294,180.6,176.437,178.162,96805
2003-05-12,179.475,182.606,177.037,177.037,103307
2003-05-13,179.044,182.606,177.562,180.562,113890
2003-05-14,179.006,180.937,175.912,176.625,306527
2003-05-15,174.337,178.875,172.312,177,412796
2003-05-16,174.656,177.281,173.437,175.856,117644
2003-05-19,178.837,179.962,174.487,176.25,203681
2003-05-20,178.406,179.25,176.25,176.25,149116
2003-05-21,178.425,181.5,178.125,178.5,47644
2003-05-22,178.219,179.962,176.25,178.5,131682
2003-05-23,182.119,184.8,177,179.962,164409
2003-05-26,184.2,186,182.287,183.375,80147
2003-05-27,185.719,187.125,183.75,187.125,178733
2003-05-28,187.237,188.344,184.181,187.087,174661
2003-05-29,189.019,191.231,186.394,188.625,190158
2003-05-30,192.281,192.937,187.912,187.912,121179
2003-06-02,192.319,192.937,187.537,188.625,69192
2003-06-03,191.869,193.125,189,192.75,41209
2003-06-04,191.044,193.462,189.75,192.056,33888
2003-06-05,188.625,191.25,187.162,190.875,87954
2003-06-06,190.481,190.875,187.931,188.625,55109
2003-06-09,191.775,192.919,189.75,192,131392
2003-06-10,194.831,195.45,190.537,191.812,216785
2003-06-11,196.462,198.9,195.019,195.019,108118
2003-06-12,204.581,206.231,196.875,196.875,259004
2003-06-13,204.225,204.956,201.375,203.25,160971
2003-06-16,203.456,205.125,199.894,205.125,98224
2003-06-17,212.419,213.525,202.5,202.5,393528
2003-06-18,207.225,211.875,205.875,211.125,80377
2003-06-19,204.206,211.875,202.612,208.125,112142
2003-06-20,208.106,210.375,203.25,206.25,162507
2003-06-23,211.687,212.4,207.412,207.412,100148
2003-06-24,216.806,219.731,211.125,212.062,257669
2003-06-25,213.075,216.75,211.162,216.75,144526
2003-06-26,221.475,232.537,212.681,213.731,307681
2003-06-27,216.3,224.962,215.062,222,101377
2003-06-30,214.912,221.25,210.937,217.537,221770
2003-07-01,212.925,216.75,211.894,214.125,139640
2003-07-02,210.712,213.75,206.25,212.625,282049
2003-07-03,208.519,213.375,206.25,211.125,214984
2003-07-04,214.65,217.5,208.162,217.5,165739
2003-07-07,216.037,217.425,214.312,214.875,151756
2003-07-08,212.025,217.125,210.225,216.375,61418
2003-07-09,214.631,216,210.412,213.712,131461
2003-07-10,204.525,210.937,187.5,187.5,130594
2003-07-11,205.987,209.456,204.937,206.812,187885
2003-07-14,208.031,209.175,204,204,320230
2003-07-15,206.55,209.625,205.144,208.125,175268
2003-07-16,210.769,212.625,206.25,206.25,221407
2003-07-17,215.906,218.025,210.037,210.75,364249
2003-07-18,214.331,218.25,213.75,215.625,227467
2003-07-21,212.831,217.425,211.875,213.375,78197
2003-07-22,207.562,217.125,180,187.5,105091
2003-07-23,211.144,212.587,206.437,208.837,88241
2003-07-24,208.406,211.312,207.394,209.981,45183
2003-07-25,211.8,213.375,209.625,209.925,97380
2003-07-28,215.55,218.587,213,218.587,164225
2003-07-29,216.45,218.587,213.375,213.375,212176
2003-07-30,224.925,225.75,214.519,219.375,162273
2003-07-31,239.456,240.75,225,225.75,383349
2003-08-01,242.156,244.875,231.45,240,328549
2003-08-04,249.694,250.837,238.162,240.112,241330
2003-08-05,240,249.375,238.5,241.912,124503
2003-08-06,242.494,243.9,237.019,240,139885
2003-08-07,246.244,249.675,240,240,162397
2003-08-08,248.137,249.75,238.125,238.125,218551
2003-08-11,245.269,250.8,233.625,250.8,249843
2003-08-12,248.231,249.375,246,249,120992
2003-08-13,246.469,256.875,244.5,256.875,143284
2003-08-14,251.306,256.5,245.625,247.5,211605
2003-08-18,265.256,269.625,251.287,251.625,337462
2003-08-19,262.95,268.125,255.956,268.125,219813
2003-08-20,267.469,268.5,258.825,258.825,139144
2003-08-21,267.919,271.687,264,264,148854
2003-08-22,264.112,271.875,262.519,271.875,82659
2003-08-25,259.837,268.106,255.75,268.106,176594
2003-08-26,263.4,266.25,259.875,266.25,145211
2003-08-27,266.737,273.75,263.7,271.875,179933
2003-08-28,269.362,275.625,262.875,268.125,242852
2003-08-29,273.581,275.231,267.75,269.625,227602
2003-09-01,273.619,277.087,271.894,273.75,150389
2003-09-02,276.094,277.5,270,270,161685
2003-09-03,273.131,280.5,270.806,273.75,192344
2003-09-04,270.656,276.712,268.125,273.731,89678
2003-09-05,271.65,274.875,265.594,266.625,120321
2003-09-08,270.525,275.212,265.875,270.75,151873
2003-09-09,264.787,275.175,263.625,266.812,112949
2003-09-10,266.194,268.125,258.75,262.537,173235
2003-09-11,263.775,268.725,263.25,264.75,51753
2003-09-12,263.4,266.212,261,263.25,49534
2003-09-15,262.987,265.462,257.25,263.25,103399
2003-09-16,269.944,278.625,261,262.537,179689
2003-09-17,276.281,277.35,268.875,273.375,147490
2003-09-18,270.094,276.937,267,275.644,69605
2003-09-19,278.85,279.75,264.75,273.75,137030
2003-09-22,273.75,281.25,271.5,279.75,107741
2003-09-23,277.462,279.187,268.144,271.894,136290
2003-09-24,286.069,289.312,270.019,270.019,331504
2003-09-25,285.787,287.625,279,279,115768
2003-09-26,299.512,302.587,282,282,322964
2003-09-29,297.206,307.125,296.269,301.875,107308
2003-09-30,296.381,300.731,291.994,300,117104
2003-10-01,306.131,309.375,296.625,296.625,313313
2003-10-03,315.487,319.181,305.625,319.181,212338
2003-10-06,321.919,323.25,317.981,318,96141
2003-10-07,320.662,330,315,321.75,75131
2003-10-08,319.537,322.5,315,315,44517
2003-10-09,321.169,323.962,318.75,318.75,85377
2003-10-10,318.637,326.625,313.125,320.25,127979
2003-10-13,316.744,322.5,311.625,320.625,167552
2003-10-14,318.525,322.125,313.875,315,228722
2003-10-15,334.537,336.375,316.875,318.75,267476
2003-10-16,333.562,336.731,328.594,330,170395
2003-10-17,324.356,333.375,322.5,333.375,110849
2003-10-20,329.606,333.356,324.375,324.375,97741
2003-10-21,324.994,334.481,321.131,328.125,109477
2003-10-22,321.206,329.625,310.537,329.625,306484
2003-10-23,321.487,333.75,313.125,329.625,110419
2003-10-24,320.55,325.125,312.769,322.5,88483
2003-10-27,330.094,334.125,320.25,322.875,132371
2003-10-28,328.725,330.75,324.431,328.162,101683
2003-10-29,336.806,338.437,326.269,330,128830
2003-10-30,337.275,339,333.75,339,140977
2003-10-31,344.25,346.5,336.075,337.125,192722
2003-11-03,355.612,358.125,342.75,344.25,184979
2003-11-04,347.906,361.087,340.537,355.125,171900
2003-11-05,344.625,356.25,341.269,352.5,204190
2003-11-06,339.787,348.562,337.875,348.562,172405
2003-11-07,343.931,347.25,334.519,339.375,122242
2003-11-10,338.137,348.75,336,348.75,32825
2003-11-11,345.675,346.875,336,337.5,143128
2003-11-12,346.8,350.625,343.875,346.856,63390
2003-11-13,352.519,354.375,340.125,346.837,118687
2003-11-14,347.85,351.75,345.506,348.75,71607
2003-11-17,346.369,350.437,341.625,345.75,97008
2003-11-18,350.606,355.125,345.806,350.587,223251
2003-11-19,346.406,348.75,344.25,346.875,203820
2003-11-20,346.406,355.875,343.181,345,153972
2003-11-21,346.856,349.012,343.125,346.875,164071
2003-11-24,347.906,350.55,342,350.419,95700
2003-11-25,348.956,350.25,345.019,345.019,86167
2003-11-27,355.969,360,347.625,351.731,174957
2003-11-28,368.194,372,354.206,356.887,218825
2003-12-01,378.506,379.687,367.5,367.5,224665
2003-12-02,375.806,378.75,367.987,375.075,180341
2003-12-03,380.925,382.875,375,375,172958
2003-12-04,377.812,381.356,367.575,381.356,78065
2003-12-05,377.156,380.512,367.519,367.519,124773
2003-12-08,365.512,378.637,360.75,378.637,116467
2003-12-09,369.862,370.875,363.881,370.406,106255
2003-12-10,383.925,385.312,369.019,374.962,267730
2003-12-11,387.187,393.75,376.875,386.25,315680
2003-12-12,379.65,390,377.812,382.125,115863
2003-12-15,389.25,391.5,382.5,382.537,137941
2003-12-16,396.919,399.356,382.612,386.25,214077
2003-12-17,409.35,412.125,390.075,390.075,315773
2003-12-18,404.794,412.125,403.125,408.375,172782
2003-12-19,412.575,421.875,396.75,408.75,126640
2003-12-22,415.481,416.212,397.875,397.875,100065
2003-12-23,434.381,444,414.375,414.375,223391
2003-12-24,429.862,439.5,418.5,418.5,195157
2003-12-26,431.831,438.375,428.25,435,59099
2003-12-29,434.081,446.212,431.344,446.212,97333
2003-12-30,428.062,453.862,425.25,437.25,103383
2003-12-31,426.112,432,423,429.375,67480
2004-01-01,426.037,436.875,414.375,421.894,88978
2004-01-02,421.462,432.375,417.525,432.375,144211
2004-01-05,415.894,430.762,401.25,430.762,192432
2004-01-06,415.65,420.375,411.75,418.125,162529
2004-01-07,398.25,421.875,392.625,393.825,266861
2004-01-08,410.325,414.262,397.5,403.125,279682
2004-01-09,417.6,423.75,405,423.75,220754
2004-01-12,402.787,421.875,397.931,421.837,313803
2004-01-13,398.381,412.5,384.375,412.5,309818
2004-01-14,403.95,408.375,394.556,407.625,290713
2004-01-15,393.131,414,387.375,408.75,498625
2004-01-16,387.6,414.375,375.375,414.375,292642
2004-01-19,396.562,399.281,376.875,376.875,328452
2004-01-20,402.337,411.75,382.5,411.75,408812
2004-01-21,391.631,402.375,379.125,386.25,219178
2004-01-22,358.05,391.875,349.125,391.875,226228
2004-01-23,367.125,372.75,356.25,366.75,279272
2004-01-27,374.662,389.25,367.575,371.287,391666
2004-01-28,373.462,379.462,367.875,378,209522
2004-01-29,374.569,382.875,367.556,374.981,232487
2004-01-30,374.644,382.012,300.525,373.912,192604
2004-02-03,376.425,386.25,367.5,375,282112
2004-02-04,386.775,392.925,376.5,376.5,357156
2004-02-05,383.325,401.137,377.662,391.5,201456
2004-02-06,386.587,401.25,376.875,389.962,145150
2004-02-09,387.112,391.837,385.144,390.187,122922
2004-02-10,379.556,391.875,376.537,389.625,112175
2004-02-11,382.256,385.5,378.75,378.75,71525
2004-02-12,378.712,385.856,375.937,384.169,114663
2004-02-13,383.156,385.125,376.969,385.125,100593
2004-02-16,377.906,387.956,371.644,380.812,153627
2004-02-17,372.6,380.625,369.412,379.5,262712
2004-02-18,367.669,377.812,363.769,372.787,576699
2004-02-19,356.062,374.25,354.019,367.594,283323
2004-02-20,342.525,357,337.875,357,468500
2004-02-23,323.737,364.519,319.894,356.25,509951
2004-02-24,339.45,341.044,324.375,324.375,462131
2004-02-25,339.487,342.187,333.75,341.25,186018
2004-02-26,326.4,343.856,320.831,339.75,362436
2004-02-27,339.581,346.425,333.375,337.5,339243
2004-03-01,349.35,350.625,336.037,339.375,181346
2004-03-03,362.812,369.75,349.875,356.25,507740
2004-03-04,346.462,360.75,342.056,360.75,321698
2004-03-05,347.531,348.75,342.562,348.75,225645
2004-03-08,345.881,349.5,343.912,348.75,183641
2004-03-09,340.819,345.787,337.631,345.75,124120
2004-03-10,336.919,345,335.625,342.731,106199
2004-03-11,320.475,337.312,315.956,337.312,266289
2004-03-12,326.737,329.981,319.5,319.5,192163
2004-03-15,319.8,329.625,317.625,327,169918
2004-03-16,306.544,321.675,297.375,316.875,240749
2004-03-17,318.75,320.625,307.875,309.375,304365
2004-03-18,310.95,318.75,305.625,318.75,252686
2004-03-19,316.5,324.712,304.2,311.25,219749
2004-03-22,319.2,325.837,315.187,316.875,213707
2004-03-23,323.569,327.375,319.5,319.5,129246
2004-03-24,327.225,329.906,318,318,92177
2004-03-25,322.95,327.675,321.75,325.875,193755
2004-03-26,325.969,328.125,322.5,326.25,78026
2004-03-29,335.119,336.75,326.625,328.125,71940
2004-03-30,330.187,337.069,327.75,333.75,48418
2004-03-31,341.569,344.981,327.056,333.712,99378
2004-04-01,342.825,347.925,336.225,347.925,111117
2004-04-02,344.962,348.262,325.875,339.75,69013
2004-04-05,342.262,356.25,337.875,343.125,111350
2004-04-06,334.744,344.587,331.5,344.587,144319
2004-04-07,329.006,341.25,325.912,341.25,107115
2004-04-08,332.119,348.412,327.375,348.412,89425
2004-04-12,331.144,337.5,328.125,337.5,52203
2004-04-13,333.356,336.562,322.556,331.5,66623
2004-04-15,340.237,356.775,334.125,334.125,99361
2004-04-16,348.731,350.25,339.75,342.037,145239
2004-04-19,348.919,362.962,345.412,355.5,141874
2004-04-20,345.656,351.675,343.125,350.25,32636
2004-04-21,343.369,348.806,340.575,345.75,173758
2004-04-22,345.056,346.856,342,342.375,91611
2004-04-23,345.131,350.55,343.125,346.875,127658
2004-04-27,337.65,347.925,336,347.925,110339
2004-04-28,345,346.5,337.612,337.612,141496
2004-04-29,351.694,356.212,337.5,343.125,198034
2004-04-30,345.3,352.5,341.287,347.25,81034
2004-05-03,343.144,346.875,338.287,343.125,101039
2004-05-04,345.919,356.25,341.306,356.25,37137
2004-05-05,350.456,353.512,343.312,346.875,41779
2004-05-06,351.525,355.125,349.725,355.125,38697
2004-05-07,348.675,352.275,339.375,350.25,51885
2004-05-10,349.575,354.937,339.412,350.625,177210
2004-05-11,341.419,348.75,339.375,348.75,105611
2004-05-12,348.712,351.337,331.875,339.375,84923
2004-05-13,349.969,354.375,333.75,347.925,106972
2004-05-14,343.106,356.287,333.825,345,220050
2004-05-17,318.075,360,289.125,349.5,95803
2004-05-18,329.1,337.125,286.912,286.912,153105
2004-05-19,326.381,346.125,318.731,336.75,199174
2004-05-20,323.587,344.625,317.25,333.75,184837
2004-05-21,324.15,326.25,315.094,322.481,126478
2004-05-24,328.706,337.481,324.394,337.481,98929
2004-05-25,330.019,331.875,327.15,328.125,136917
2004-05-26,329.437,331.875,326.287,331.875,192560
2004-05-27,335.55,336.712,327.375,327.375,244006
2004-05-28,329.662,333.75,326.662,333.75,135578
2004-05-31,326.287,331.5,319.219,329.625,195227
2004-06-01,336.037,338.437,326.25,326.25,294897
2004-06-02,337.106,339.375,330.769,337.5,85049
2004-06-03,334.837,343.8,331.5,343.8,104863
2004-06-04,332.7,333.75,327.375,330.412,124138
2004-06-07,333.244,338.25,330.825,336.75,180441
2004-06-08,333.656,335.062,322.556,333.75,96548
2004-06-09,334.162,336.375,330.562,332.25,49640
2004-06-10,333.937,334.875,331.5,331.912,47745
2004-06-11,335.344,336.75,330.45,336.75,64449
2004-06-14,332.344,334.125,328.181,328.181,99931
2004-06-15,334.556,335.231,328.875,333.375,51772
2004-06-16,331.781,333.75,328.125,328.125,70703
2004-06-17,337.875,339.412,330.375,331.875,99314
2004-06-18,336.675,340.8,322.5,334.125,61191
2004-06-21,337.406,339,335.25,337.481,54116
2004-06-22,337.331,339.262,332.25,332.25,63403
2004-06-23,337.35,339.375,334.875,337.5,91778
2004-06-24,337.706,346.5,334.875,346.5,188290
2004-06-25,333.637,340.5,322.519,322.519,31215
2004-06-28,337.106,340.5,331.875,340.5,53361
2004-06-29,338.4,342,322.5,322.5,150636
2004-06-30,331.425,343.875,328.125,341.062,187404
2004-07-01,336.787,337.5,331.875,336.75,95412
2004-07-02,335.475,340.875,333.75,335.625,48361
2004-07-05,337.875,339.375,331.125,337.5,68281
2004-07-06,337.294,339.356,331.875,333.937,128435
2004-07-07,339.637,345,322.5,341.25,177791
2004-07-08,341.062,343.875,337.444,337.5,168845
2004-07-09,343.05,343.875,328.125,330,101558
2004-07-12,343.069,344.25,337.5,343.875,115394
2004-07-13,334.2,342.75,331.875,342.75,87855
2004-07-14,323.887,339.375,319.181,339.375,229837
2004-07-15,315.469,316.875,312.375,316.875,197960
2004-07-16,319.631,320.625,315.375,315.375,111771
2004-07-19,320.025,322.387,312.844,322.387,86215
2004-07-20,312,322.125,310.125,319.5,132987
2004-07-21,315.919,321.731,311.25,313.05,85151
2004-07-22,316.406,319.5,313.5,319.5,108545
2004-07-23,311.981,317.231,301.875,301.875,127237
2004-07-26,312.281,318,310.162,317.625,120671
2004-07-27,300.656,313.125,298.125,313.125,219922
2004-07-28,303.581,309.375,300.956,308.625,138222
2004-07-29,305.531,307.819,300.375,303.75,293444
2004-07-30,308.887,311.587,303.75,306.375,190353
2004-08-02,319.706,321.75,308.25,318.75,292088
2004-08-03,318.056,324.375,317.606,322.875,273651
2004-08-04,314.756,320.625,313.125,320.625,99416
2004-08-05,315.731,317.587,311.419,314.906,323267
2004-08-06,320.419,323.812,315.75,315.75,278153
2004-08-09,325.912,328.65,317.269,320.625,263760
2004-08-10,334.087,335.212,322.706,327.637,331554
2004-08-11,328.369,337.5,326.344,336.637,154525
2004-08-12,326.569,328.819,324.881,328.369,103768
2004-08-13,323.625,326.587,321.375,325.406,139545
2004-08-16,325.819,326.25,318.75,324.3,69033
2004-08-17,325.969,337.125,324.881,326.25,105036
2004-08-18,324.506,328.125,320.625,328.125,65674
2004-08-19,326.044,329.85,321.375,321.75,84645
2004-08-20,321.619,326.212,320.644,326.212,69814
2004-08-23,323.344,324.375,319.631,324.375,38538
2004-08-24,327.6,330.525,319.275,320.625,135255
2004-08-25,330.919,331.425,320.625,320.625,86668
2004-08-26,339.6,341.25,330.75,331.5,384426
2004-08-27,338.475,339.375,336,339.375,167085
2004-08-30,348.937,352.5,341.25,341.25,186521
2004-08-31,349.8,353.625,345.75,350.625,115530
2004-09-01,349.95,355.875,349.125,352.5,138630
2004-09-02,347.981,352.406,347.1,350.25,72165
2004-09-03,346.05,349.369,344.25,346.894,72473
2004-09-06,347.081,351,345.375,345.375,121327
2004-09-07,342.262,350.25,340.875,350.25,192775
2004-09-08,343.444,344.212,339.375,343.5,288950
2004-09-09,341.831,346.875,340.312,346.875,154643
2004-09-10,345.319,349.312,339.844,340.875,136951
2004-09-13,344.456,346.256,342.75,345.75,79769
2004-09-14,343.425,344.437,337.537,343.219,116917
2004-09-15,346.894,350.625,341.737,342,204923
2004-09-16,349.687,350.587,345.806,345.806,96122
2004-09-17,352.537,354.3,348.881,348.881,77939
2004-09-20,354.131,358.8,351.75,354.375,140141
2004-09-21,360.206,361.762,353.25,355.125,205269
2004-09-22,370.912,373.875,360.037,361.875,312134
2004-09-23,363.225,370.125,360.019,369.337,177120
2004-09-24,371.512,373.125,363.75,364.125,184063
2004-09-27,370.312,376.894,368.625,371.625,186009
2004-09-28,367.275,383.212,366.037,383.212,189081
2004-09-29,371.85,373.95,359.662,368.625,134623
2004-09-30,385.256,388.125,372.375,372.75,392363
2004-10-01,389.194,391.875,378.75,385.125,109333
2004-10-04,386.662,397.481,384.506,391.875,177400
2004-10-05,386.419,388.162,382.969,386.25,52461
2004-10-06,381.937,387.094,381,383.156,69997
2004-10-07,386.006,389.625,379.5,385.125,117053
2004-10-08,382.65,386.156,380.4,382.875,90768
2004-10-11,379.219,385.125,377.25,380.662,64063
2004-10-12,373.331,386.25,372.581,386.25,44866
2004-10-14,380.494,385.144,367.519,376.762,57012
2004-10-15,370.8,382.5,369.506,382.5,146364
2004-10-18,369.731,373.5,367.5,373.5,50267
2004-10-19,377.137,378.694,369.375,372,68307
2004-10-20,368.175,380.55,364.5,377.625,192310
2004-10-21,358.594,367.5,357.187,367.5,205836
2004-10-25,348.544,359.25,347.25,358.594,195419
2004-10-26,353.7,355.125,343.912,350.625,191349
2004-10-27,355.612,359.587,350.625,353.812,133773
2004-10-28,358.65,362.419,357.019,361.125,106280
2004-10-29,360.675,366.637,357,361.425,56379
2004-11-01,361.312,365.25,356.7,364.875,65322
2004-11-02,369.581,373.05,361.95,366.187,73739
2004-11-03,369.094,372.019,365.625,371.25,39909
2004-11-04,364.35,373.125,345.45,369.75,68549
2004-11-05,364.894,367.425,356.812,356.812,44718
2004-11-08,370.031,371.25,362.062,362.062,102460
2004-11-09,369.487,374.475,365.831,374.475,56499
2004-11-10,373.95,374.644,362.625,362.625,85312
2004-11-11,369.431,374.175,366.581,374.175,46408
2004-11-12,373.031,375,370.594,374.625,27090
2004-11-16,385.125,388.05,373.125,375,425063
2004-11-17,382.519,387,375.637,382.5,139046
2004-11-18,374.569,385.5,373.5,383.625,97688
2004-11-19,368.887,379.294,367.875,379.294,171361
2004-11-22,369.712,372.75,366.094,366.094,50003
2004-11-23,371.25,378,365.644,378,48854
2004-11-24,375.094,376.5,369.375,369.412,78269
2004-11-25,374.962,380.55,373.219,376.875,159027
2004-11-29,377.081,383.625,376.162,380.625,257510
2004-11-30,378.337,382.125,368.344,379.556,283901
2004-12-01,382.556,386.25,375.412,384.15,167573
2004-12-02,394.181,395.212,383.625,384.375,264601
2004-12-03,394.762,398.925,391.875,396.037,128036
2004-12-06,394.219,397.5,390.187,390.187,83384
2004-12-07,390.3,395.587,387.019,391.519,107101
2004-12-08,383.212,393,381.75,393,128943
2004-12-09,386.512,388.875,382.931,387.375,169397
2004-12-10,382.444,387.3,380.644,387,50452
2004-12-13,383.006,384.319,378.75,383.25,52762
2004-12-14,383.625,385.087,381,385.087,104096
2004-12-15,396.769,397.875,383.644,393.712,241980
2004-12-16,407.231,409.387,397.481,397.5,376031
2004-12-17,398.512,407.981,397.5,406.875,54843
2004-12-20,397.762,401.25,394.875,398.25,82364
2004-12-21,411.9,416.175,397.912,399.375,217237
2004-12-22,420.131,425.587,414.375,414.375,280935
2004-12-23,424.762,428.25,420.375,423.75,325948
2004-12-24,421.556,428.119,420.45,426.056,80740
2004-12-27,424.069,427.369,418.125,421.556,66152
2004-12-28,420.694,435,420,435,137572
2004-12-29,422.494,425.512,414.375,420,87238
2004-12-30,424.406,426.712,415.125,415.125,121293
2004-12-31,424.2,428.625,420.75,428.625,79718
2005-01-03,428.756,434.925,421.95,430.875,389143
2005-01-04,424.012,433.875,422.081,433.875,295295
2005-01-05,408.412,425.25,401.25,420,307656
2005-01-06,402.281,421.875,388.144,412.462,152978
2005-01-07,411.262,415.837,393.787,411.244,98142
2005-01-10,410.737,421.5,403.5,403.5,106558
2005-01-11,413.175,423.712,403.5,403.5,163555
2005-01-12,405.244,414.337,403.5,412.5,110249
2005-01-13,414.975,420,406.875,409.5,105171
2005-01-14,402.112,431.212,393.375,393.787,217283
2005-01-17,397.387,406.837,378,394.519,182020
2005-01-18,408.919,412.5,393.844,406.875,149366
2005-01-19,383.231,406.5,380.644,393.862,216663
2005-01-20,387.037,390.431,375.75,383.344,176261
2005-01-24,380.85,393.375,378.769,393.375,48994
2005-01-25,377.719,382.425,369.375,379.125,220206
2005-01-27,376.669,380.419,375.375,378.75,155836
2005-01-28,390.544,397.5,376.894,378.375,222922
2005-01-31,389.7,400.837,388.125,395.625,77314
2005-02-01,392.587,401.625,384.881,391.875,130580
2005-02-02,388.5,397.425,384.75,384.75,167349
2005-02-03,397.631,400.05,388.931,390,161374
2005-02-04,403.912,406.5,395.812,401.25,102751
2005-02-07,399.694,408.712,399.375,408.712,47697
2005-02-08,401.156,408.675,393.881,408.675,73184
2005-02-09,402.375,406.5,398.681,398.681,62372
2005-02-10,401.55,412.125,397.556,412.125,51697
2005-02-11,407.512,408.75,399,404.962,134524
2005-02-14,404.587,412.125,401.269,407.812,67635
2005-02-15,400.612,414.75,399.375,414.75,76526
2005-02-16,392.212,401.625,388.219,401.625,114923
2005-02-17,389.25,393.731,385.125,391.875,60397
2005-02-18,388.875,394.5,388.125,390,62620
2005-02-21,385.406,391.819,385.125,390,71581
2005-02-22,394.2,395.55,385.256,387,109748
2005-02-23,390.037,396.375,386.681,395.55,84480
2005-02-24,379.894,392.381,375.844,392.381,209815
2005-02-25,382.35,391.312,379.556,391.312,181247
2005-02-28,387.525,389.756,378.75,380.644,170304
2005-03-01,391.556,393.75,383.625,390.75,71569
2005-03-02,391.669,393.75,384,385.162,90181
2005-03-03,408.544,409.631,390.562,391.95,143476
2005-03-04,413.325,415.875,402.037,409.631,183858
2005-03-07,416.194,424.5,408.75,414.787,89126
2005-03-08,408.337,418.125,406.087,414.375,75352
2005-03-09,410.944,412.5,405.469,409.181,73383
2005-03-10,412.519,416.231,401.7,405.469,113113
2005-03-11,420.844,423,411.75,416.25,225607
2005-03-14,416.025,421.312,409.2,421.312,90430
2005-03-15,408.375,416.25,406.5,411.75,65941
2005-03-16,409.819,411.356,403.162,406.875,39218
2005-03-17,406.837,411.75,403.537,408.75,158972
2005-03-18,404.1,407.625,396.094,403.537,67117
2005-03-21,397.725,406.8,396,406.8,59344
2005-03-22,397.462,399.262,394.312,398.25,59638
2005-03-23,389.306,397.5,387.431,397.5,104452
2005-03-24,382.687,390.675,379.312,385.144,48278
2005-03-28,383.062,390.75,378.75,378.75,112766
2005-03-29,381.975,408.712,378.825,408.712,36447
2005-03-30,386.606,389.962,378.75,382.5,89167
2005-03-31,405.787,411.75,386.25,388.125,245543
2005-04-01,408.506,410.625,395.1,406.125,142713
2005-04-04,399.225,411,397.5,410.625,54481
2005-04-05,407.062,410.437,396.412,399,113703
2005-04-06,400.556,410.4,399.019,410.4,65694
2005-04-07,389.119,404.606,387.375,404.606,155669
2005-04-08,395.887,400.875,390.394,390.394,32134
2005-04-11,402.112,403.125,390.75,400.875,46320
2005-04-12,404.944,406.5,398.081,399.225,54474
2005-04-13,407.062,408.75,400.875,402.75,76806
2005-04-15,402.112,406.125,393.037,393.037,91049
2005-04-18,401.4,402.731,397.5,401.25,153943
2005-04-19,397.8,402,393.769,401.25,55846
2005-04-20,405,405.75,393.825,397.5,73213
2005-04-21,405.544,406.687,400.5,400.5,27951
2005-04-22,405.056,406.5,397.875,397.875,80871
2005-04-25,402.131,410.606,399.019,410.606,19084
2005-04-26,405.637,406.875,400.219,402,44871
2005-04-27,409.012,410.625,401.381,403.5,86431
2005-04-28,411.15,414.019,405.037,406.5,214810
2005-04-29,406.012,409.537,403.125,409.537,139848
2005-05-02,414.15,415.5,404.625,405,96948
2005-05-03,409.294,421.5,407.269,416.25,165299
2005-05-04,408.619,416.175,405.469,416.175,107329
2005-05-05,416.306,419.062,410.625,411.375,86482
2005-05-06,418.069,420.375,382.5,399.412,86485
2005-05-09,421.05,424.5,413.456,421.875,77209
2005-05-10,420.412,422.906,418.5,418.5,73930
2005-05-11,421.912,425.437,412.875,421.875,248458
2005-05-12,427.575,430.875,420.562,428.25,123830
2005-05-13,427.612,429.375,424.35,429.375,36559
2005-05-16,446.344,448.125,426.375,426.375,107324
2005-05-17,441.169,445.875,436.875,439.5,195001
2005-05-18,443.7,449.625,428.269,432,183580
2005-05-19,458.887,464.887,444.469,444.469,198696
2005-05-20,456.056,463.875,453.881,461.25,105817
2005-05-23,455.7,461.212,450,455.25,39903
2005-05-24,452.887,459.375,446.25,446.25,304603
2005-05-25,455.081,460.406,452.25,452.25,187972
2005-05-26,462.131,468.75,446.287,452.25,541319
2005-05-27,462.544,468.75,453.862,453.862,86509
2005-05-30,460.987,463.5,453,454.125,151727
2005-05-31,461.456,464.25,453.844,461.25,90288
2005-06-01,470.512,474.3,461.25,461.25,211820
2005-06-02,473.437,476.137,471,472.5,198810
2005-06-03,478.462,480,469.125,473.437,202202
2005-06-06,480.919,483.75,472.5,480,80363
2005-06-07,483.431,485.625,476.325,478.331,62158
2005-06-08,473.044,483.731,467.306,481.912,124764
2005-06-09,476.325,482.25,472.875,475.5,106221
2005-06-10,464.869,480,462.937,480,86331
2005-06-13,457.931,468.75,455.25,468.75,145202
2005-06-14,463.5,466.125,456.375,456.375,131018
2005-06-15,460.462,466.125,446.662,453.787,43646
2005-06-16,469.312,475.387,457.5,459.375,124418
2005-06-17,470.269,472.875,461.287,465.431,38068
2005-06-20,470.644,474.375,468.787,472.5,95331
2005-06-21,468.037,470.212,464.25,469.594,66271
2005-06-22,476.4,480,467.25,467.287,216951
2005-06-23,492.319,506.25,473.269,474.375,339544
2005-06-24,494.7,496.875,485.625,485.625,196564
2005-06-27,496.65,501.337,488.25,488.25,150948
2005-06-28,499.031,501.75,494.25,498.75,271598
2005-06-29,507.356,511.875,480.412,494.25,229182
2005-06-30,518.85,523.087,506.25,506.25,536649
2005-07-01,520.256,523.125,506.25,506.25,276723
2005-07-04,517.481,525,508.5,508.5,144875
2005-07-05,515.344,521.212,513.75,513.769,90478
2005-07-06,510.881,519.75,507,515.625,37839
2005-07-07,504.675,515.25,502.5,507,52668
2005-07-08,503.1,513.75,495,511.875,113492
2005-07-11,524.269,525.375,506.25,510,206992
2005-07-12,522.225,524.25,516.412,524.25,230310
2005-07-13,517.725,523.5,511.875,522.225,131714
2005-07-14,513.975,522.919,510,521.25,170027
2005-07-15,521.1,522.375,514.144,514.144,134480
2005-07-18,534.3,535.875,519.375,522.375,111277
2005-07-19,526.556,536.25,465,534.375,96793
2005-07-20,524.587,530.606,509.625,516.375,98210
2005-07-21,517.5,525,515.831,517.5,92604
2005-07-22,515.85,519.375,510.844,517.894,131196
2005-07-25,523.369,532.5,507,510.844,94416
2005-07-26,531.431,536.137,517.5,525,120821
2005-07-27,531.056,536.25,511.987,527.625,95875
2005-07-29,543.412,546.375,528.75,530.25,289706
2005-08-01,542.344,566.212,539.25,566.212,371211
2005-08-02,550.162,553.012,536.325,543,240997
2005-08-03,568.012,580.5,546,546,315005
2005-08-04,572.681,577.875,560.662,568.762,265872
2005-08-05,554.456,570,546,570,210985
2005-08-08,538.087,558.75,534.581,554.25,85722
2005-08-09,538.125,543,534.375,539.25,103022
2005-08-10,529.612,538.5,526.875,534.375,146204
2005-08-11,535.256,547.5,529.162,537.825,175169
2005-08-12,522.487,538.125,514.162,538.125,125712
2005-08-16,528.187,534,525.075,532.125,90178
2005-08-17,544.875,546.375,525.375,528.75,106579
2005-08-18,533.156,554.981,531.225,545.625,84746
2005-08-19,533.194,541.5,531.375,534.375,25366
2005-08-22,527.587,541.5,523.162,541.125,22525
2005-08-23,504.15,532.669,497.456,532.125,95078
2005-08-24,504.694,513.75,502.5,511.856,140783
2005-08-25,527.381,530.25,496.875,505.125,130286
2005-08-26,529.706,533.25,513.037,522.112,95263
2005-08-29,515.925,539.25,510,533.25,76874
2005-08-30,517.256,528.75,513.75,525,50809
2005-08-31,529.65,534.806,514.125,514.125,54600
2005-09-01,546.581,549.375,534.375,534.806,155373
2005-09-02,563.625,566.212,547.875,547.875,1416375
2005-09-05,558.731,567.75,554.55,566.175,55437
2005-09-06,550.856,560.625,549.562,559.744,53834
2005-09-08,576.412,580.875,551.475,551.475,213762
2005-09-09,581.775,588.675,573.094,577.5,129239
2005-09-12,595.706,598.087,574.5,585,114564
2005-09-13,613.05,620.25,579.375,595.706,195270
2005-09-14,618.525,628.5,611.625,614.194,126682
2005-09-15,613.219,624.75,611.662,615.431,72244
2005-09-16,617.081,623.25,607.875,620.25,83368
2005-09-19,629.4,637.406,618.75,623.25,92481
2005-09-20,622.725,634.5,618.75,634.5,52193
2005-09-21,626.231,634.5,558.75,615.375,224434
2005-09-22,609.244,628.875,600.375,618.75,88033
2005-09-23,604.837,617.25,600.806,615,82351
2005-09-26,610.819,624,606.019,617.25,120684
2005-09-27,621.3,625.875,609.806,613.125,189028
2005-09-28,618.412,629.25,613.744,628.875,135288
2005-09-29,623.55,628.5,619.162,626.25,262311
2005-09-30,635.362,643.125,618.75,623.55,390650
2005-10-03,663.037,667.425,639.412,643.125,271070
2005-10-04,677.1,688.05,660,663.037,195090
2005-10-05,667.462,682.106,663.862,678.75,124900
2005-10-06,647.1,667.462,643.875,656.625,276370
2005-10-07,649.875,661.012,641.644,660,186909
2005-10-10,650.981,658.125,646.875,655.5,69085
2005-10-11,657.9,661.875,642,651,81452
2005-10-13,654.3,660.15,647.306,648.769,197033
2005-10-14,635.25,653.25,630,648.75,205985
2005-10-17,670.2,678.337,641.25,641.25,422168
2005-10-18,664.444,684.75,656.719,674.25,232643
2005-10-19,650.962,664.125,646.875,664.125,164195
2005-10-20,645.45,667.612,634.875,652.125,254056
2005-10-21,651.412,659.55,643.125,655.875,289740
2005-10-24,674.062,681.375,655.5,659.55,228041
2005-10-25,672.431,677.231,661.219,674.062,153087
2005-10-26,662.081,672,658.219,670.875,83875
2005-10-27,642.844,664.5,635.625,663.375,262801
2005-10-28,622.669,646.875,618.75,646.875,186681
2005-10-31,640.2,646.875,622.5,627.937,55378
2005-11-01,645.037,654.375,641.25,649.35,23545
2005-11-02,657.394,663.375,645,647.306,190468
2005-11-07,662.644,666.375,646.875,646.875,119349
2005-11-08,682.275,686.25,660.375,665.625,215950
2005-11-09,690.694,702.75,666.037,666.037,170559
2005-11-10,675.581,696,669.45,691.875,147936
2005-11-11,701.175,705.262,676.875,680.625,213103
2005-11-14,705.862,712.125,697.969,703.875,178812
2005-11-16,711.581,713.287,697.5,705,98492
2005-11-17,725.494,729,710.25,712.5,221992
2005-11-18,750.375,759,722.644,724.012,604312
2005-11-21,768.675,776.587,743.625,753.75,319671
2005-11-22,770.287,780.75,752.287,752.287,340953
2005-11-23,774.225,776.25,757.5,757.5,158673
2005-11-24,774.75,794.587,770.662,780,183584
2005-11-25,774.356,783.75,769.125,774.75,140054
2005-11-28,793.931,801.619,772.65,772.65,232381
2005-11-29,776.681,806.25,772.65,772.65,213169
2005-11-30,753.731,785.587,751.875,772.65,297110
2005-12-01,757.05,763.05,746.7,754.875,277587
2005-12-02,743.737,765,738.769,760.875,217541
2005-12-05,750.037,763.087,743.25,763.087,195861
2005-12-06,745.012,757.5,735.787,750.037,107618
2005-12-07,746.475,750,742.537,750,80264
2005-12-08,755.719,759.375,744.581,750,158902
2005-12-09,780.675,783.712,757.5,759.375,216604
2005-12-12,793.612,805.5,781.875,781.875,186311
2005-12-13,792.637,800.25,778.125,795.375,166034
2005-12-14,794.044,808.875,789.6,796.875,147548
2005-12-15,780.506,811.875,778.125,804.75,79689
2005-12-16,794.269,802.125,778.125,781.5,123971
2005-12-19,789.544,802.125,786,802.125,100522
2005-12-20,781.087,795,780,793.125,59447
2005-12-21,783.131,794.25,776.25,787.125,83605
2005-12-22,787.125,791.25,774.375,787.5,54967
2005-12-23,780.187,801.394,778.125,790.875,76232
2005-12-26,757.669,778.125,754.875,778.125,69061
2005-12-27,765.994,768,754.875,757.5,87071
2005-12-28,749.344,771.937,745.125,762.375,117930
2005-12-29,749.944,755.4,744.375,750,378761
2005-12-30,750.412,761.25,746.7,755.4,85133
2006-01-02,751.781,757.5,744.375,756,92973
2006-01-03,756.094,760.594,744.75,744.75,136846
2006-01-04,769.087,772.312,753.75,753.75,104756
2006-01-05,776.025,787.5,771,772.312,214496
2006-01-06,767.494,783.75,758.081,775.125,182332
2006-01-09,769.894,775.687,766.125,768.375,215491
2006-01-10,758.925,776.25,753.75,758.081,104030
2006-01-12,749.4,761.231,742.594,757.5,134951
2006-01-13,754.95,766.875,748.5,750,288970
2006-01-16,757.931,764.962,755.625,759.375,133545
2006-01-17,749.1,764.625,743.437,763.125,272634
2006-01-18,756.694,761.212,740.25,750.375,123712
2006-01-19,763.912,765.75,756.75,761.212,97434
2006-01-20,777.3,780,765.375,765.75,166923
2006-01-23,769.05,774,765.525,765.525,75060
2006-01-24,779.756,782.081,765,771.75,127878
2006-01-25,804.862,811.875,779.437,782.081,321477
2006-01-27,827.644,832.875,804.862,810,244918
2006-01-30,815.587,838.125,812.625,832.5,117770
2006-01-31,807.994,828.712,806.269,815.625,155703
2006-02-01,810.412,827.625,804.75,810,93808
2006-02-02,803.794,819.712,796.875,812.325,208701
2006-02-03,802.856,812.625,778.969,812.625,103451
2006-02-06,821.85,829.5,798.75,806.25,162327
2006-02-07,818.231,828.75,811.125,826.875,76404
2006-02-08,828.206,839.231,806.287,828.75,161213
2006-02-10,830.719,837.956,815.625,827.662,200391
2006-02-13,833.006,839.25,828.825,837.412,159723
2006-02-14,863.044,883.5,833.625,834.375,702699
2006-02-15,906.037,912.187,868.125,870,496986
2006-02-16,891.3,918.75,881.831,905.625,350950
2006-02-17,900.15,918.637,896.25,899.625,325422
2006-02-20,905.062,915,881.831,915,134886
2006-02-21,963.169,972.562,901.875,907.5,613567
2006-02-22,954.281,974.962,941.4,946.95,443147
2006-02-23,983.306,1008,952.894,960,666105
2006-02-24,968.869,991.875,964.519,984,385828
2006-02-27,960.956,986.287,947.381,968.737,383739
2006-02-28,975.469,984,952.519,964.5,280263
2006-03-01,1019.89,1030.87,969.412,974.625,589482
2006-03-02,1021.12,1033.5,1012.5,1012.5,277772
2006-03-03,1015.5,1053.71,1012.5,1028.62,425033
2006-03-06,1022.87,1045.5,1020,1027.5,205812
2006-03-07,1022.94,1042.87,1020.07,1027.5,164798
2006-03-08,1005.22,1033.5,994.331,1022.62,284919
2006-03-09,999.862,1018.01,990,1018.01,235642
2006-03-10,1034.01,1042.5,1003.91,1008.75,288203
2006-03-13,1055.16,1063.09,1031.25,1037.77,298269
2006-03-14,1050.56,1072.12,1047,1059.82,252096
2006-03-16,1053.97,1059.37,1044,1053.15,195891
2006-03-17,1042.39,1059,1038.75,1053.75,117280
2006-03-20,1033.99,1054.87,1031.7,1049.25,228779
2006-03-21,1012.63,1043.62,1003.16,1035,435541
2006-03-22,1005.66,1025.62,994.594,1016.25,388985
2006-03-23,1025.68,1030.39,1009.5,1012.12,291330
2006-03-24,1027.44,1036.12,1017.21,1026,179360
2006-03-27,1024.33,1034.23,1012.87,1025.62,155373
2006-03-28,1024.2,1038,1021.87,1026.75,188850
2006-03-29,1019.79,1032.34,1016.25,1027.5,120168
2006-03-30,1012.05,1030.5,1005,1023.75,176068
2006-03-31,1029.84,1040.55,1005,1005,365333
2006-04-03,1057.33,1065,1040.55,1040.55,180791
2006-04-04,1050,1065.37,1042.5,1065,102845
2006-04-05,1070.81,1079.14,1054.5,1059.37,168654
2006-04-07,1055.34,1083.75,1040.62,1071.37,265458
2006-04-10,1056.47,1064.59,1049.98,1061.25,118412
2006-04-12,1043.51,1080,1031.25,1064.62,239923
2006-04-13,1018.97,1049.96,982.875,1046.25,375611
2006-04-17,1037.4,1042.5,1016.25,1031.32,101106
2006-04-18,1125.66,1132.5,1021.87,1021.87,732853
2006-04-19,1104.79,1139.89,1095.56,1125,393012
2006-04-20,1117.71,1143.75,1088.74,1106.25,284134
2006-04-21,1115.06,1130.62,1100.62,1125,146318
2006-04-24,1101.11,1120.87,1091.25,1117.5,90366
2006-04-25,1062.17,1101,1057.5,1095,173755
2006-04-26,1107.41,1110,1072.54,1078.12,225836
2006-04-27,1098.02,1134.26,1096.87,1102.5,294173
2006-04-28,1103.14,1115.62,1078.12,1078.12,124778
2006-05-02,1169.77,1173.37,1136.25,1140,375751
2006-05-03,1174.54,1181.25,1125.43,1171.87,173099
2006-05-04,1156.93,1188.75,1149.79,1181.25,111637
2006-05-05,1166.94,1173.73,1154.25,1170,74901
2006-05-08,1173.88,1185.75,1166.62,1173.73,71242
2006-05-09,1187.42,1205.62,1157.62,1184.53,196886
2006-05-10,1196.55,1218.75,1192.5,1200.75,246775
2006-05-11,1179.71,1210.5,1175.64,1191.37,83599
2006-05-12,1184.79,1200.02,1164.75,1175.64,94208
2006-05-15,1139.76,1191.75,1125.75,1188.37,213805
2006-05-16,1178.12,1195.5,1091.25,1141.87,167156
2006-05-17,1225.97,1246.87,1179.37,1181.25,359162
2006-05-18,1126.86,1200.41,1111.87,1200.41,287263
2006-05-19,1105.97,1205.62,990,1153.87,489386
2006-05-22,1076.59,1158.75,1042.5,1128.37,360999
2006-05-23,1116.22,1121.25,976.875,1053.79,328995
2006-05-24,1069.24,1119.37,1050.41,1117.5,446824
2006-05-25,1043.36,1065,1013.25,1050.41,457962
2006-05-26,1094.91,1121.25,1053.79,1065,271966
2006-05-29,1075.26,1117.01,1068.75,1104.34,155942
2006-05-30,1063.82,1085.96,1050.37,1075.26,116514
2006-05-31,1027.93,1050,991.481,1012.87,179834
2006-06-01,981.525,1057.12,958.012,1047.75,335836
2006-06-02,1020.3,1036.69,961.875,982.5,222540
2006-06-05,1003.99,1026.75,986.625,1026.75,256809
2006-06-06,976.087,997.5,948.937,997.5,134164
2006-06-07,958.05,999.75,937.987,975,188489
2006-06-08,891,945,871.875,930,184167
2006-06-09,931.8,937.5,864.375,877.462,133145
2006-06-12,888.131,939.544,862.5,930,108497
2006-06-13,842.456,862.5,777.787,862.5,492278
2006-06-14,856.762,922.5,778.5,862.5,228836
2006-06-15,943.481,975,866.644,871.875,184051
2006-06-16,993.225,1018.12,975,975,342461
2006-06-19,1021.87,1023.75,967.687,993.75,234159
2006-06-20,982.069,1012.5,965.719,1012.5,198006
2006-06-21,982.556,993,956.287,991.875,120171
2006-06-22,989.119,1056.37,978.75,993,114893
2006-06-23,1009.59,1019.92,960,979.5,139705
2006-06-26,975.15,1014.37,966,1014.37,167518
2006-06-27,969.731,988.125,939.394,975,193369
2006-06-28,1009.35,1012.5,940.125,940.125,160898
2006-06-29,985.931,1021.31,973.125,1012.5,272421
2006-06-30,1030.78,1036.87,1005,1016.25,203029
2006-07-03,1028.53,1063.03,1016.36,1036.87,150715
2006-07-04,1036.37,1049.62,1026,1049.62,122034
2006-07-05,1052.17,1055.62,1026,1029.37,159706
2006-07-06,1037.36,1046.25,1027.56,1040.62,89722
2006-07-07,1028.66,1049.62,1018.12,1044.37,155985
2006-07-10,1044.45,1049.89,1003.5,1018.12,146191
2006-07-11,1038.62,1051.87,1026.84,1048.97,164050
2006-07-12,1029.77,1040.62,1003.14,1027.5,204180
2006-07-13,1017.62,1043.96,1009.14,1031.62,214336
2006-07-14,991.05,1005,975,1005,356062
2006-07-17,945.712,993.75,942.187,986.25,221327
2006-07-18,931.5,960.375,928.5,945.712,207618
2006-07-19,896.194,956.25,892.687,944.362,175830
2006-07-20,938.419,946.837,913.087,913.087,178980
2006-07-21,921.094,933.375,907.575,933.375,94226
2006-07-24,928.2,933.431,882.375,921,231995
2006-07-25,935.681,952.087,930,933.769,89239
2006-07-26,936.919,938.156,925.125,936,142846
2006-07-27,954.787,971.25,933.787,941.25,276658
2006-07-28,926.831,959.962,918.75,953.625,210138
2006-07-31,923.325,943.125,918.75,938.062,91735
2006-08-01,927.956,941.25,918.75,923.625,199941
2006-08-02,952.819,957.75,918.844,918.844,166370
2006-08-03,965.981,975,954,954,137647
2006-08-04,980.719,987.75,967.5,967.5,193428
2006-08-07,968.231,981.9,965.625,975.375,140949
2006-08-08,995.006,1005,972.75,974.569,100014
2006-08-09,1006.24,1011.9,984.375,998.625,137361
2006-08-10,985.65,1012.5,969.375,1005,157631
2006-08-11,994.275,1005,986.25,991.5,95322
2006-08-14,1044.28,1046.25,996.019,1000.87,261649
2006-08-16,1028.19,1062.66,1025.62,1038.75,148048
2006-08-17,1020.67,1049.96,1014,1046.62,223959
2006-08-18,1015.03,1040.27,1009.12,1029,107167
2006-08-21,1039.12,1042.27,1001.25,1015.91,134461
2006-08-22,1034.92,1049.62,1027.54,1042.87,108434
2006-08-23,1007.4,1033.09,1003.12,1031.25,126843
2006-08-24,1011.3,1019.62,994.162,1004.62,142022
2006-08-25,1029.45,1038.75,1009.87,1020.34,238918
2006-08-28,1021.12,1040.96,1018.12,1029.37,89068
2006-08-29,1020.15,1039.87,1010.62,1030.84,152771
2006-08-30,1008.6,1030.12,1003.12,1030.09,173933
2006-08-31,1010.96,1018.12,1000.18,1012.5,237318
2006-09-01,1046.04,1049.53,1006.87,1008.97,247130
2006-09-04,1062.69,1064.25,1049.53,1049.53,180189
2006-09-05,1059.41,1071.75,1053.37,1065,95554
2006-09-06,1062.75,1068.71,1042.5,1061.25,84191
2006-09-07,1040.4,1059.37,1035.75,1054.12,168605
2006-09-08,1043.17,1053.75,1035.75,1038.75,133520
2006-09-11,1011.77,1050,1008.94,1046.25,120299
2006-09-12,1016.31,1019.79,1001.62,1012.5,125795
2006-09-13,1040.17,1045.87,1020,1020,203177
2006-09-14,1059.73,1064.14,1043.31,1048.12,228381
2006-09-15,1047.56,1065,1038.04,1065,235753
2006-09-18,1047.51,1057.48,1035,1044.41,165203
2006-09-19,1034.59,1053.71,1026.45,1051.87,136324
2006-09-20,1049.64,1051.87,1025.66,1026,128488
2006-09-21,1085.57,1089.37,1051.87,1051.87,357667
2006-09-22,1093.8,1104.34,1068.79,1078.12,299190
2006-09-25,1072.84,1095.37,1069.89,1093.8,150763
2006-09-26,1092.09,1095,1075.12,1079.25,171277
2006-09-27,1101.75,1104.37,1089.37,1089.37,174493
2006-09-28,1095.82,1110.64,1078.63,1106.25,156934
2006-09-29,1123.65,1131.75,1095.06,1098.75,245633
2006-10-03,1135.56,1146.75,1131.11,1143.22,336399
2006-10-04,1157.81,1169.62,1133.32,1140.37,344035
2006-10-05,1164.64,1175.62,1158.75,1162.12,199955
2006-10-06,1162.44,1169.96,1155.41,1164.37,112534
2006-10-09,1158.92,1166.61,1152.37,1160.62,62026
2006-10-10,1150.65,1166.61,1147.87,1166.61,68094
2006-10-11,1151.23,1160.4,1136.32,1158.37,170492
2006-10-12,1181.61,1186.61,1140.41,1149.94,155266
2006-10-13,1170.92,1195.12,1166.25,1186.12,187664
2006-10-16,1164.34,1181.25,1154.25,1173.75,146161
2006-10-17,1169.47,1176.75,1156.87,1173.75,138983
2006-10-18,1087.33,1179.37,1078.5,1171.5,1326050
2006-10-19,1046.17,1105.8,1041.07,1105.8,982497
2006-10-20,1029,1068.64,1023.82,1057.12,443216
2006-10-23,1057.11,1062.92,1027.5,1036.87,463065
2006-10-26,1031.91,1061.25,1028.25,1057.5,653808
2006-10-27,1040.53,1044.75,1033.61,1041.37,207412
2006-10-30,1049.79,1057.87,1033.14,1038.75,176635
2006-10-31,1030.5,1053.71,1027.5,1050,393698
2006-11-01,1028.16,1041.75,1024.12,1041.75,547499
2006-11-02,1042.52,1049.25,1023,1025.59,346516
2006-11-03,1064.53,1069.5,1039.71,1049.89,370667
2006-11-06,1050.52,1068,1042.54,1068,196038
2006-11-07,1020.81,1067.89,1017,1057.5,378642
2006-11-08,986.944,1031.25,980.625,1031.25,599786
2006-11-09,976.537,998.812,973.162,990.037,346852
2006-11-10,973.762,982.5,969.375,982.5,307701
2006-11-13,973.969,993,971.25,978.75,190729
2006-11-14,974.494,982.425,958.5,980.625,258437
2006-11-15,977.869,987.75,971.287,975.75,265670
2006-11-16,970.781,982.5,966.769,982.087,138624
2006-11-17,959.775,975,953.362,975,179608
2006-11-20,961.537,965.606,948.787,956.25,233476
2006-11-21,968.456,978,965.25,965.625,239426
2006-11-22,974.644,981.881,967.5,967.5,254525
2006-11-23,990.075,997.875,974.625,977.25,235383
2006-11-24,986.306,1006.87,982.875,991.875,370242
2006-11-27,996.037,1000.12,985.369,993.712,128221
2006-11-28,990.187,996.75,978.75,993.675,78493
2006-11-29,1003.41,1013.25,991.931,993.75,241972
2006-11-30,992.419,1123.8,984.375,1005.9,346533
2006-12-01,1028.81,1032.75,997.575,999,408718
2006-12-04,1031.49,1040.62,1023.75,1031.25,122578
2006-12-05,1019.76,1038,1014.37,1033.5,128421
2006-12-06,1016.61,1030.67,1007.68,1017,213549
2006-12-07,1014.47,1019.96,1005.04,1016.62,92254
2006-12-08,991.312,1018.84,986.362,1014.47,130026
2006-12-11,975.056,993.75,938.344,993.75,285689
2006-12-12,947.906,971.25,930,960,316954
2006-12-13,957.994,978.75,928.125,961.875,229429
2006-12-14,964.106,975.356,954.375,967.575,162345
2006-12-15,964.406,971.081,960.375,970.125,205694
2006-12-18,957.975,971.587,946.875,971.081,190080
2006-12-19,955.312,985.65,946.875,958.125,235083
2006-12-20,939.244,970.5,937.5,970.5,196068
2006-12-21,957.262,963.75,937.5,937.5,148500
2006-12-22,972.544,974.606,956.25,963.15,108880
2006-12-26,991.144,996.337,968.531,968.531,126285
2006-12-27,996.881,1004.62,992.081,996.337,116441
2006-12-28,984.712,1003.09,979.162,999.375,293008
2006-12-29,982.181,993.244,975.562,990.75,80283
2007-01-02,1028.27,1039.56,987,993.244,230247
2007-01-03,1066.5,1068.75,1031.25,1046.21,481560
2007-01-04,1052.42,1068.75,1048.33,1066.87,239276
2007-01-05,1043.08,1066.76,1033.33,1042.5,176950
2007-01-08,1017.21,1040.62,1013.68,1040.62,183808
2007-01-09,1017.28,1040.62,1012.89,1023.37,139448
2007-01-10,1013.79,1030.5,994.556,1017.37,154605
2007-01-11,1035.26,1046.21,1010.62,1027.24,111041
2007-01-12,1038,1049.77,1034.46,1038.84,173677
2007-01-15,1039.11,1062.75,1035.02,1048.87,303473
2007-01-16,1040.29,1068.94,1018.24,1042.12,726306
2007-01-17,1039.42,1055.62,1036.87,1046.25,209900
2007-01-18,1043.49,1068.75,1033.12,1042.12,130276
2007-01-19,1024.65,1048.87,1022.25,1040.62,88698
2007-01-22,1034.17,1045.87,1021.2,1030.5,91288
2007-01-23,1034.44,1044.26,1029.75,1038.75,88991
2007-01-24,1027.97,1042.5,1023.71,1035,102988
2007-01-25,1029.64,1035,1020.37,1027.97,135242
2007-01-29,1037.92,1043.23,1030.16,1035,181588
2007-01-31,1039.56,1046.62,1022.62,1035.37,221824
2007-02-01,1036.89,1042.5,1024.54,1042.5,114468
2007-02-02,1041.97,1047.24,1036.89,1042.5,117139
2007-02-05,1060.05,1063.12,1031.25,1038.79,181084
2007-02-06,1058.85,1071,1050.19,1059.37,270917
2007-02-07,1154.42,1159.87,1048.27,1061.62,1192017
2007-02-08,1128.66,1165.76,1123.12,1155,230412
2007-02-09,1147.8,1189.5,1125,1130.62,741714
2007-02-12,1105.67,1143.64,1096.97,1141.87,279261
2007-02-13,1141.03,1165.09,1089.37,1108.12,633781
2007-02-14,1130.08,1143,1110.09,1125,296453
2007-02-15,1129.5,1265.7,1123.12,1162.5,284553
2007-02-19,1134.52,1153.5,1130.62,1143.34,126436
2007-02-20,1123.82,1141.12,1120.5,1134.52,120724
2007-02-21,1116.13,1136.25,1113.75,1136.25,149176
2007-02-22,1090.24,1124.62,1069.22,1116.13,333615
2007-02-23,1065.94,1100.66,1052.06,1098.75,310415
2007-02-26,1054.91,1088.62,1048.12,1069.12,158441
2007-02-27,1022.89,1057.87,1012.5,1057.87,325899
2007-02-28,981.956,1014.37,950.662,1014.37,323887
2007-03-01,945.731,991.687,936,981.75,499041
2007-03-02,954.019,985.125,939.375,939.375,485495
2007-03-05,920.156,938.625,906.319,938.625,272874
2007-03-06,922.912,948.75,908.625,926.137,579382
2007-03-07,919.275,952.5,901.875,950.625,519118
2007-03-08,941.569,946.875,918.75,937.125,290974
2007-03-09,933.262,958.125,920.625,946.875,238697
2007-03-12,942.319,959.887,927,944.25,420888
2007-03-13,945.375,960,934.181,943.125,235768
2007-03-14,948.581,960,920.625,929.25,435426
2007-03-15,934.781,967.5,930,952.875,181699
2007-03-16,933.656,952.125,926.25,952.125,147694
2007-03-19,943.294,950.625,907.875,915,188231
2007-03-20,937.95,947.625,930,946.875,164842
2007-03-21,937.069,946.875,930,941.25,119672
2007-03-22,962.794,967.125,943.125,965.625,308706
2007-03-23,948.431,971.25,939.769,967.5,195333
2007-03-26,940.181,960,933.825,949.556,139785
2007-03-28,924.994,941.25,918.75,941.25,343453
2007-03-29,908.025,924,902.081,920.625,255250
2007-03-30,910.35,918.375,901.875,914.981,383626
2007-04-02,865.125,888.75,846.75,885.975,501895
2007-04-03,859.95,876.375,847.5,855.037,388748
2007-04-04,866.906,873.75,856.912,862.5,173232
2007-04-05,864.262,871.5,858,862.5,166550
2007-04-09,861.525,881.25,855.75,869.194,177503
2007-04-10,851.381,866.25,843.75,844.125,210472
2007-04-11,854.381,868.125,851.625,851.625,232942
2007-04-12,880.537,894.375,844.125,852,318684
2007-04-13,912.712,918.75,863.662,880.875,297526
2007-04-16,932.831,937.125,915,915,252576
2007-04-17,954.994,958.875,920.625,933,265891
2007-04-18,936.356,965.25,926.625,945,176658
2007-04-19,917.362,933.75,905.081,933.75,155018
2007-04-20,914.831,930.187,909.075,922.894,149247
2007-04-23,901.087,927.75,894.45,914.831,125376
2007-04-24,916.012,928.125,890.625,901.5,143631
2007-04-25,913.762,928.125,904.5,915.75,130905
2007-04-26,936.375,945.337,907.5,931.5,252024
2007-04-27,921.112,955.875,915.937,930,248676
2007-04-30,917.794,928.5,908.456,909.75,75032
2007-05-03,956.4,980.25,924.375,930,404186
2007-05-04,962.775,974.812,956.662,960,248007
2007-05-07,962.569,993.75,956.625,965.625,105579
2007-05-08,950.325,972.637,945.112,963,90581
2007-05-09,961.575,967.5,930.431,956.212,288784
2007-05-10,978.544,999,963.75,967.125,361308
2007-05-11,1020.22,1025.62,954.375,988.5,775023
2007-05-14,1000.14,1037.7,993.75,1030.39,371361
2007-05-15,988.387,1010.25,978.75,1000.14,294940
2007-05-16,1005.22,1009.12,978.094,990,489040
2007-05-17,938.962,1030.87,898.125,1012.5,1869951
2007-05-18,857.437,880.875,800.625,880.875,3053965
2007-05-21,843.112,870,840,862.5,707827
2007-05-22,823.444,843.75,813.75,841.5,1110695
2007-05-23,819.131,847.481,815.7,824.831,695037
2007-05-24,813.619,830.625,808.125,815.625,399663
2007-05-25,814.031,819.375,799.219,815.625,433572
2007-05-28,826.931,834.375,819.375,819.412,274124
2007-05-29,822.225,832.5,819.412,832.012,321051
2007-05-30,825.862,840,817.5,817.5,456480
2007-05-31,834.225,847.462,826.894,832.5,613243
2007-06-01,840.769,844.5,829.125,836.25,392355
2007-06-04,831.919,882.806,829.125,882.806,170525
2007-06-05,842.812,844.5,826.875,830.625,152613
2007-06-06,832.031,868.087,829.125,868.087,174478
2007-06-07,807.3,836.25,806.25,830.25,333971
2007-06-08,793.8,820.5,789.75,806.25,284733
2007-06-11,793.219,807.375,789.75,796.912,165088
2007-06-12,790.012,796.875,785.625,793.687,177728
2007-06-13,786.881,797.269,783,789.375,163803
2007-06-14,790.125,796.875,783.75,789.375,113294
2007-06-15,791.044,801,788.25,795,111616
2007-06-18,780.525,805.312,778.125,799.462,114740
2007-06-19,795.562,798.75,771.75,781.125,208042
2007-06-20,811.05,821.625,790.125,802.5,394507
2007-06-21,817.744,821.25,807.225,811.875,232528
2007-06-22,816.581,823.5,797.25,821.231,100076
2007-06-25,804.037,823.125,798.019,816.75,231106
2007-06-26,799.519,806.25,795.375,805.912,101230
2007-06-27,799.106,805.125,789.375,802.106,126449
2007-06-28,785.194,796.875,781.875,796.875,519417
2007-06-29,803.062,810,787.5,787.5,312152
2007-07-02,798.112,804.375,786,787.5,165504
2007-07-03,787.725,805.781,783,799.5,130152
2007-07-04,794.662,798.712,784.219,792.375,144018
2007-07-05,784.237,798,781.875,795,179545
2007-07-06,791.1,798.544,782.25,782.25,144926
2007-07-09,789.544,802.462,787.912,802.462,75868
2007-07-10,797.362,814.125,789.375,796.762,449690
2007-07-11,798.469,809.887,789.75,797.362,224372
2007-07-12,823.087,830.625,789.862,795,594764
2007-07-13,819.206,839.925,813.75,825.375,364278
2007-07-16,845.981,851.625,825.412,828.375,445936
2007-07-17,833.644,853.125,827.25,849.375,183468
2007-07-18,855.375,860.625,830.737,833.644,366184
2007-07-19,893.869,899.587,860.25,860.25,610358
2007-07-20,872.044,899.212,864.862,892.5,225114
2007-07-23,909.281,915,857.25,873.75,521206
2007-07-24,917.081,922.5,894.75,912.881,357942
2007-07-25,882.712,913.125,874.162,907.5,222436
2007-07-26,906.187,913.125,881.25,885,434647
2007-07-27,868.256,918.75,862.556,899.962,234757
2007-07-30,860.306,879.375,843.75,868.012,204702
2007-07-31,883.05,888.712,816.712,853.125,192106
2007-08-01,857.437,881.25,851.775,881.25,250458
2007-08-02,859.294,877.462,849.6,877.462,133783
2007-08-03,872.925,877.5,860.625,860.625,119708
2007-08-06,862.275,870,843.75,847.5,118149
2007-08-07,853.912,877.387,843.825,868.181,221817
2007-08-08,866.456,873.75,856.8,858.15,97514
2007-08-09,856.556,879.3,851.812,877.125,117820
2007-08-10,874.612,1008.75,828.75,843.375,169808
2007-08-13,892.837,900,860.681,875.606,227895
2007-08-14,895.031,903.712,885.037,893.662,216869
2007-08-16,866.419,880.312,850.294,863.025,239431
2007-08-17,844.725,900,828.75,863.25,239478
2007-08-20,848.7,890.625,843.75,877.5,141159
2007-08-21,819.431,857.812,815.625,851.325,95942
2007-08-22,829.294,843.656,806.25,825.825,121385
2007-08-23,827.831,870.75,821.25,843.375,161249
2007-08-24,837.356,841.5,825.806,834,75433
2007-08-27,859.8,862.5,834.375,843.75,97013
2007-08-28,860.175,868.95,848.456,853.5,54162
2007-08-29,869.981,875.25,836.775,847.5,124869
2007-08-30,888.112,895.125,875.831,879.375,249604
2007-08-31,878.625,915,868.912,892.5,151755
2007-09-03,869.925,882.75,866.212,882.75,106360
2007-09-04,854.719,877.5,851.737,873.225,103345
2007-09-05,865.875,871.875,858,860.625,113670
2007-09-06,876.319,881.25,855,855,105192
2007-09-07,871.669,879.375,870,878.269,48485
2007-09-10,872.362,881.25,859.125,863.625,119344
2007-09-11,874.725,881.25,862.969,866.775,63397
2007-09-12,899.325,906.75,875.625,880.031,251695
2007-09-13,906.019,916.594,894.375,900,100889
2007-09-14,893.025,922.5,885,915.9,90960
2007-09-17,898.237,910.087,888.75,890.625,101710
2007-09-18,902.644,905.531,879.375,889.275,70610
2007-09-19,942.244,945.375,905.681,918.675,341454
2007-09-20,938.006,971.25,932.325,971.25,209424
2007-09-21,937.312,951.431,931.95,939.375,219160
2007-09-24,966.3,973.012,923.25,941.25,232696
2007-09-25,948.712,975,932.25,965.625,137919
2007-09-26,941.137,956.137,922.875,952.5,100864
2007-09-27,950.887,956.25,930,952.5,310947
2007-09-28,951.9,954.375,931.875,941.625,129804
2007-10-01,937.087,955.875,927.75,927.75,65318
2007-10-03,952.069,955.875,936.75,944.625,223708
2007-10-04,965.062,974.625,943.912,952.5,195552
2007-10-05,980.681,990,954.375,974.625,227808
2007-10-08,973.481,1002.19,964.219,984.375,286347
2007-10-09,991.687,1006.76,965.625,965.625,510328
2007-10-10,983.156,1002.99,971.25,994.125,262596
2007-10-11,982.575,1003.05,958.125,991.481,168695
2007-10-12,952.744,984.375,948.731,984.375,183081
2007-10-15,972.544,980.587,941.625,963.75,381309
2007-10-16,952.575,972.75,942.75,953.625,201972
2007-10-17,931.987,937.387,797.625,922.5,137893
2007-10-18,922.575,954.375,916.5,954.375,418482
2007-10-19,940.462,956.137,900.75,907.912,285046
2007-10-22,928.425,941.25,911.25,937.5,198830
2007-10-23,946.706,947.625,919.125,937.125,224773
2007-10-24,935.794,965.55,928.125,959.625,207369
2007-10-25,937.556,948.712,920.625,948.712,358535
2007-10-26,942.487,950.981,919.219,950.981,192974
2007-10-29,940.406,963.712,930,930,114608
2007-10-30,931.35,961.875,923.25,961.875,93462
2007-10-31,928.087,955.875,924.375,937.5,98976
2007-11-01,911.175,951.75,900.75,930,115061
2007-11-02,909.9,918.375,892.5,900,118093
2007-11-05,898.856,909.375,885.394,900,89169
2007-11-06,929.287,933.75,900.375,906.75,137910
2007-11-07,913.8,933.037,913.125,933,56626
2007-11-08,912.469,918.75,900.019,917.587,50670
2007-11-09,897.487,914.625,881.625,914.625,6037
2007-11-12,873,898.125,866.325,895.987,163346
2007-11-13,876.881,888.375,873.375,880.875,96494
2007-11-14,878.062,896.25,875.55,896.25,100057
2007-11-15,874.537,885,870,885,144243
2007-11-16,879.544,885,870,870.75,74648
2007-11-19,910.425,922.125,885.75,892.5,258103
2007-11-20,910.95,919.5,900,910.425,143379
2007-11-21,907.519,916.875,881.25,903.75,576588
2007-11-22,927.187,941.25,903.75,903.75,167648
2007-11-23,953.569,965.606,931.875,936,144187
2007-11-26,969.487,976.5,958.181,969.375,171918
2007-11-27,993.919,1001.25,956.25,969.487,180682
2007-11-28,1021.56,1025.62,999.412,1005,238037
2007-11-29,1026.51,1031.25,1013.44,1021.87,232348
2007-11-30,1014.32,1029,996.094,1026.51,267497
2007-12-03,1040.72,1046.62,997.5,1010.62,353234
2007-12-04,1038.36,1044.19,1012.87,1012.87,200807
2007-12-05,1051.27,1059.37,1027.5,1031.62,260802
2007-12-06,1025.81,1065,1014.39,1042.5,174297
2007-12-07,1013.19,1065,1005.45,1065,68406
2007-12-10,1017.06,1035,1005,1035,72412
2007-12-11,1048.65,1050.47,1017,1020,189707
2007-12-12,1041.6,1050.3,1031.25,1035.77,210026
2007-12-13,1057.99,1062.75,1035.37,1049.62,140953
2007-12-14,1061.34,1070.62,1024.12,1024.12,131640
2007-12-17,1046.83,1071.75,1038.79,1068.37,114710
2007-12-18,1050.24,1087.5,1022.62,1087.5,260636
2007-12-19,1043.34,1067.62,1029.37,1067.62,150003
2007-12-20,1047.94,1050.07,1024.12,1032,103073
2007-12-24,1016.53,1087.5,1008.75,1068.75,161249
2007-12-26,1005.11,1044.34,997.125,1044.34,174079
2007-12-27,1007.74,1025.62,970.875,1005.11,512058
2007-12-28,979.125,1015.87,967.5,1015.87,249789
2007-12-31,985.462,993.562,978.75,984.375,91926
2008-01-01,977.419,986.25,975.412,986.25,31061
2008-01-02,975.75,985.875,960.075,977.25,115802
2008-01-03,967.762,975,962.512,967.5,143187
2008-01-04,973.294,976.762,963.75,974.25,113050
2008-01-07,951.037,974.625,946.875,957,140144
2008-01-08,951.769,974.587,946.875,967.462,143145
2008-01-09,952.556,967.425,937.5,946.875,216267
2008-01-10,942.094,982.125,937.5,956.25,92506
2008-01-11,944.175,974.925,931.125,974.925,255593
2008-01-14,920.325,954.375,915.45,937.5,47783
2008-01-15,921.45,941.25,911.25,930.75,77154
2008-01-16,915.412,929.625,902.119,902.119,69150
2008-01-17,915.712,928.125,908.662,918.937,101985
2008-01-18,915.225,974.625,904.162,922.5,127849
2008-01-21,793.912,931.125,731.25,900,254530
2008-01-22,769.369,862.5,693.75,849.375,269323
2008-01-23,829.275,878.606,787.5,843.75,294733
2008-01-24,784.312,887.456,774.375,840,107549
2008-01-25,845.812,880.875,813.75,817.5,103617
2008-01-28,920.137,933.75,789.375,808.5,160349
2008-01-29,888.225,918.75,866.25,918.75,95746
2008-01-30,849.919,892.5,832.5,892.5,131241
2008-01-31,884.644,898.125,837,856.875,233288
2008-02-01,918.506,922.5,871.875,885,142351
2008-02-04,923.137,941.212,911.625,929.981,120024
2008-02-05,903.169,937.125,896.269,937.125,38034
2008-02-06,875.044,900,862.5,894.375,94872
2008-02-07,853.294,877.5,845.662,866.25,78250
2008-02-08,831.375,858.75,825.375,858.75,105687
2008-02-11,803.269,862.5,769.594,811.012,75239
2008-02-12,778.706,832.387,768.825,791.25,79293
2008-02-13,756.337,806.25,748.125,783.75,168305
2008-02-14,778.987,787.5,761.587,761.587,150837
2008-02-15,815.7,824.212,768.75,769.5,112645
2008-02-18,826.387,838.125,816,825,64765
2008-02-19,872.212,887.625,820.125,838.125,280994
2008-02-20,877.312,894.375,862.875,881.287,115464
2008-02-21,906.637,913.125,877.312,890.606,128260
2008-02-22,861.075,918.75,853.5,918.75,258030
2008-02-25,825.956,876.75,815.625,869.625,238793
2008-02-26,827.606,838.856,821.719,825,126212
2008-02-27,815.606,843.75,807.056,832.125,400463
2008-02-28,833.006,849.375,806.625,815.587,276616
2008-02-29,855.731,870,828,832.894,249347
2008-03-03,848.494,873.75,830.625,840,171344
2008-03-04,824.887,858.75,787.875,852,169818
2008-03-05,799.537,826.5,795.375,810.375,111134
2008-03-07,708.037,795,701.625,795,596977
2008-03-10,744.881,751.875,641.625,697.5,608592
2008-03-11,778.969,801.75,721.875,750,621505
2008-03-12,785.212,806.25,770.625,795.375,407609
2008-03-13,787.894,824.587,738.787,780,1074640
2008-03-14,778.35,1060,721.1,755.5,2732266
2008-03-17,660.5,825,650.05,721,909119
2008-03-18,633.45,708.8,618,708.8,435570
2008-03-19,644.3,668,633.45,639.5,289749
2008-03-24,593.4,664,585,650,183338
2008-03-25,640.4,653.8,598,650,303364
2008-03-26,650.3,665,603,644.85,173643
2008-03-27,617.85,673,605,637.5,214984
2008-03-28,687.5,708.8,610,614.7,838391
2008-03-31,691.5,758,661.35,685,418465
2008-04-01,656.85,695,633.1,695,1116463
2008-04-02,650.1,690,644.05,679.5,265082
2008-04-03,687.3,698,640,653,245670
2008-04-04,674.6,695,658.7,658.7,114575
2008-04-07,676.7,680,662,666.6,29044
2008-04-08,674.2,680,658,670,65169
2008-04-09,650.95,673.95,638.05,665,216422
2008-04-10,659.95,669.4,635,652,96898
2008-04-11,660.45,678.9,651,678.75,21148
2008-04-15,698,700,642.7,651,96205
2008-04-16,698.1,710,693,700,92021
2008-04-17,708.75,717,700,710,94386
2008-04-21,687.5,716,654.9,710,151653
2008-04-22,682.55,697.7,677.25,680,54075
2008-04-23,694.15,780,680,680,67781
2008-04-24,683.9,715,673,700,114083
2008-04-25,696.45,704,690,690,37715
2008-04-28,691.6,703,688,700,12849
2008-04-29,699,703,685.9,692.1,26659
2008-04-30,712.25,724,680.6,700,66774
2008-05-02,735.7,746,714.1,714.1,53672
2008-05-05,741.45,752,737.1,745,40558
2008-05-06,768.4,785,733,744.9,56848
2008-05-07,744.65,776,726.2,766,131068
2008-05-08,720.9,739,715.75,730,41147
2008-05-09,702.15,729.9,686,686,83555
2008-05-12,682.6,698.6,668.95,681.05,28050
2008-05-13,676.2,697.95,672,690,60120
2008-05-14,667.7,691.85,659,677,119572
2008-05-15,668.9,683.5,665.1,683.5,112910
2008-05-16,669.55,675,662,669.1,307033
2008-05-20,665.85,678,661.5,675,68951
2008-05-21,651.9,669.9,645,666,252704
2008-05-22,671.65,699,635,641.4,443936
2008-05-23,673.75,684,665,675,100919
2008-05-26,594.5,668,579,667,237408
2008-05-27,569.1,597,555.6,595,776913
2008-05-28,599.55,610.8,570,570,813295
2008-05-29,613.4,645,605,609,792663
2008-05-30,633.65,664.9,612,620,1118918
2008-06-02,650.6,665,641,641,84242
2008-06-03,633.15,650.6,612,640,224371
2008-06-04,612.55,639,608.1,620.05,393420
2008-06-05,577.85,615,556.05,612.55,174613
2008-06-06,575.2,600,552,580.05,53853
2008-06-09,553.4,564.95,516.6,556,62098
2008-06-10,535.2,553.5,512.5,553.5,75318
2008-06-11,527.45,558.95,524.05,530,110574
2008-06-12,501.8,524,493.6,503.6,217257
2008-06-13,507.8,524,501,510,79809
2008-06-16,500.55,514,493.95,512,113333
2008-06-17,505.75,509.4,500,500,86303
2008-06-18,499.1,510,487.15,506,484818
2008-06-19,491.7,498,490,498,83734
2008-06-20,485.05,499.95,479,495,172142
2008-06-23,457.65,496.15,444,480,240424
2008-06-24,421.05,451,415.05,451,193107
2008-06-25,431,446,401,407,210810
2008-06-26,430.8,443,417.05,437,270163
2008-06-27,430.1,443.25,390,410.25,189596
2008-06-30,433.85,443.9,415,421.1,95590
2008-07-01,428.6,439.85,419,429.95,149596
2008-07-02,430.8,489.8,420.5,422,2031995
2008-07-03,434.35,445,395,417.85,1046878
2008-07-04,443.35,453.4,414,420.05,590432
2008-07-07,451.35,459,435,435,358091
2008-07-08,447.25,456,429.6,429.6,57701
2008-07-09,459.55,470.15,451,451,152161
2008-07-10,460.15,465,414.05,460,172628
2008-07-11,465.35,484,442.2,442.2,53296
2008-07-14,439.9,489,430,489,78742
2008-07-15,415,437.9,408.05,431,58041
2008-07-16,394.8,419.95,391.35,415,23719
2008-07-17,400.25,405,384,400,141130
2008-07-18,393.75,409.95,387.05,391.05,51819
2008-07-21,400,407.5,380,391,719570
2008-07-22,404.15,418,401,401,38511
2008-07-23,395.05,420,392.65,412.1,140117
2008-07-24,377.9,399.9,372,398.25,319670
2008-07-25,368.1,374.45,362,372.1,152177
2008-07-28,362.05,380,359.55,366,132023
2008-07-29,339.05,370,331,354,299639
2008-07-30,357.5,395,322.1,322.1,3082640
2008-07-31,349.5,366,343.05,360,234247
2008-08-01,344.5,350,338.7,350,89870
2008-08-04,344.2,346,339,344,84769
2008-08-05,374.75,380,341,344,199597
2008-08-06,421.7,428,380,380,577473
2008-08-07,408.9,430,401.85,420,361450
2008-08-08,403.5,414.8,397.9,401,302328
2008-08-11,430.25,438,406,409.9,329032
2008-08-12,451.05,465,425.1,432,998037
2008-08-13,451.75,459,437.25,450,223554
2008-08-14,460.8,469,446,452,191850
2008-08-18,448.6,460,444,460,176776
2008-08-19,455.65,464.95,435,445.1,259424
2008-08-20,458.1,465,451.05,454,59720
2008-08-21,453.95,464,450,456,53200
2008-08-22,447.65,456,445,450.1,29479
2008-08-25,449.35,455.5,442.35,450,52034
2008-08-26,467.3,470,441.1,447.15,119296
2008-08-27,468.1,478,458.05,466.65,205037
2008-08-28,482.9,499.9,465.15,465.15,435289
2008-08-29,488.95,540,482.15,497.7,63299
2008-09-01,491.3,495,482,495,42960
2008-09-02,494.4,497.5,491,491,70279
2008-09-04,484.95,504.9,479.95,504.9,151705
2008-09-05,502.05,516,472.15,477.25,128193
2008-09-08,486.6,513.95,480,510,90079
2008-09-09,468.35,510,466.05,498.8,362392
2008-09-10,455.75,477,452,467,203722
2008-09-11,449.8,452,442.25,451.1,227451
2008-09-12,445.85,459,438.25,459,68803
2008-09-15,420.3,439,415.05,428.6,80036
2008-09-16,420.75,432.45,393.3,407.2,269864
2008-09-17,422.05,428,411,421.5,22416
2008-09-18,450.7,465,380,412,137199
2008-09-19,438.5,478,428.6,475,59924
2008-09-22,426.6,444,424,440,18541
2008-09-23,432.65,439,415.1,422,343553
2008-09-24,457.5,478,426,426.1,47002
2008-09-25,472.25,480,452.9,452.9,651684
2008-09-26,471.1,479,462.25,479,26115
2008-09-29,451.8,510,443,474.3,27495
2008-09-30,451.7,457,401.15,446,17547
2008-10-01,450.05,466.5,438.85,443.15,30715
2008-10-03,444.8,451,435.15,440.15,196705
2008-10-06,421.6,438,409,426.25,353656
2008-10-07,420.7,440,402.95,408,379160
2008-10-08,350.55,411.8,340,411.8,154687
2008-10-10,382.2,388.8,305,310.1,175792
2008-10-13,367.5,382,361.5,369,18177
2008-10-14,385.1,399,373,399,39587
2008-10-15,385.25,410,365.15,390,22217
2008-10-16,382.6,390,335.1,380,12493
2008-10-17,356.7,402,355,373,478506
2008-10-20,374.4,377,344,344,10460
2008-10-21,390.8,398.15,368.15,383.5,10828
2008-10-22,401.7,410,375.3,380,45009
2008-10-23,386.2,394.3,381.5,390,15981
2008-10-24,344.55,390,322,390,64983
2008-10-27,309.05,376.25,285,328,24720
2008-10-28,332.15,340,315,315,4871
2008-10-29,326.95,365,302.3,364,40982
2008-10-31,335.75,350,294,327.15,65159
2008-11-03,342.8,359.8,330.15,330.15,26487
2008-11-04,372.65,379.95,331,331,29488
2008-11-05,372.05,389.95,362,380,27969
2008-11-06,381.5,397.9,356.25,356.25,32813
2008-11-07,378.9,385,361.15,364,10123
2008-11-10,382.1,392.9,374.3,380,5984
2008-11-11,401.85,412,375,375,62077
2008-11-12,374.15,400,371,397,15577
2008-11-14,368.5,375,354.9,375,22183
2008-11-17,374.15,384.95,368,371,21148
2008-11-18,351,373.85,341.3,363.15,6607
2008-11-19,326.65,356,324,350.9,12505
2008-11-20,307.1,324,301.25,324,10846
2008-11-21,310.3,317,302.25,305,14061
2008-11-24,307.5,322.5,298.5,298.5,6413
2008-11-25,281.05,324,276.2,312,38938
2008-11-26,262.7,290,260.05,285,32239
2008-11-28,248.25,295,240,295,101777
2008-12-01,241.35,254.4,238.05,248.6,33426
2008-12-02,228.6,239.7,225,235,52609
2008-12-03,230.35,233,226.15,231,13235
2008-12-04,245,249.95,231.15,238.85,27176
2008-12-05,245.1,248,240.15,243,22414
2008-12-08,240.05,257.9,239,250,68212
2008-12-10,243.5,246,235.15,240,159300
2008-12-11,238.5,245.7,235,240.15,132431
2008-12-12,241.1,242,235,235,47390
2008-12-15,249.95,253.15,235.15,239,102513
2008-12-16,248.6,260,245,250,72244
2008-12-17,243.15,257.85,241.1,257.85,30513
2008-12-18,240.35,260,236.25,236.25,68922
2008-12-19,241.5,244,236.25,241,89000
2008-12-22,238.55,248,236,245.95,412105
2008-12-23,238.15,242.9,237.1,240,49937
2008-12-24,224.85,239.7,221.1,237.05,56218
2008-12-26,222.05,235,217.25,224,34034
2008-12-29,225,226.9,217.05,224,26739
2008-12-30,230.35,238,221.15,227.25,137322
2008-12-31,242.45,245.5,231,231.7,44219
2009-01-01,245,253.85,243,247,21059
2009-01-02,252.9,257.5,246.9,246.9,51013
2009-01-05,261.05,263,254.3,254.3,27433
2009-01-06,263.75,266,257.05,261.1,27113
2009-01-07,248.85,271.8,240,261.3,46566
2009-01-09,241.3,248.85,230.5,248.85,30610
2009-01-12,235.2,244,230,239,11150
2009-01-13,234.7,247,231.5,235.95,24334
2009-01-14,231.25,239.9,229.95,235.1,31476
2009-01-15,227.55,236.5,223,223,18070
2009-01-16,232.65,238,225.05,231,14810
2009-01-19,225.45,234.5,224,229,1943956
2009-01-20,230,239,217.25,224.7,42421
2009-01-21,224.95,229.9,221.1,226.5,225279
2009-01-22,224.25,235,222.25,223.15,17959
2009-01-23,213.4,230,211,218.25,14815
2009-01-27,215,220,212.05,212.05,7339
2009-01-28,230.3,233,215,215,21103
2009-01-29,219.85,229.85,215,225.25,28043
2009-01-30,229.3,231,215.3,215.3,13394
2009-02-02,218.3,229.8,216.5,224,14047
2009-02-03,222.1,234,209,221,94871
2009-02-04,226.25,230.85,223,223,12456
2009-02-05,226.2,231,225.1,228,12605
2009-02-06,230.9,236,222,222,9852
2009-02-09,229,232.9,226.15,226.15,12060
2009-02-10,229.6,233,225.15,225.25,8472
2009-02-11,228.1,231,227,227,65377
2009-02-12,232.95,233.9,226,229,9429
2009-02-13,240.8,243,228.3,236,13603
2009-02-16,241.7,246.8,235.15,246.8,22362
2009-02-17,244.45,246.9,235,235,60049
2009-02-18,253.5,255.85,244,244,29973
2009-02-19,250.55,257.3,248,248,31880
2009-02-20,247.7,252.55,245.15,245.15,6632
2009-02-24,242.35,249.85,240.1,241.15,11862
2009-02-25,233.1,252.95,227.15,245,25875
2009-02-26,240.1,243.95,232.15,238.8,50493
2009-02-27,239.8,240.5,236.25,236.35,11010
2009-03-02,226.75,243.8,224.25,243.8,16549
2009-03-03,215.05,231,212,226.15,16450
2009-03-04,214.1,223.8,213,216.25,17783
2009-03-05,213.7,220.9,210.25,216,20165
2009-03-06,215.65,217,212.1,212.1,11890
2009-03-09,213.6,218.8,211.25,215.65,8903
2009-03-12,220.15,222.85,215.15,222.85,4037
2009-03-13,222.65,229.85,219,229.85,17353
2009-03-16,233.6,235,220,222.65,21875
2009-03-17,239.3,244.75,231.15,237.8,37532
2009-03-18,241.75,246,237,239.3,11807
2009-03-19,244.75,247.65,244,245.95,8704
2009-03-20,250.8,256,245.05,249,20202
2009-03-23,285.85,299.9,250.6,250.6,135413
2009-03-24,288.9,309,286,288,104257
2009-03-25,303.95,307,287,289,70425
2009-03-26,318.25,340.5,304,304,58008
2009-03-27,315.95,329.85,310.5,326,34403
2009-03-30,289.1,314.85,287.05,310,9324
2009-03-31,297.9,305,278.3,298,121947
2009-04-01,297.05,300,292.15,300,58559
2009-04-02,298.1,310,296.1,300,52334
2009-04-06,300.75,355,296.75,302,44714
2009-04-08,310.3,314,290.15,306,42156
2009-04-09,315.9,320.9,302.7,310,66031
2009-04-13,318.8,320,310,317,17534
2009-04-15,318.7,322,315,317,92982
2009-04-16,311,330,297,319,28356
2009-04-17,315.05,320,307,307,30039
2009-04-20,329.65,347.8,312.15,315.15,26478
2009-04-21,350.6,353.8,320.5,320.5,63269
2009-04-22,416.3,432.65,340,340,457461
2009-04-23,374.55,426,367.95,424.8,150960
2009-04-24,365.85,386.9,360,376,63621
2009-04-27,366.5,389.85,361.1,361.1,39081
2009-04-28,345.9,370,342.25,368,18687
2009-04-29,339.5,357.65,335.95,355.9,31664
2009-05-04,355.2,387.5,343.25,350,86651
2009-05-05,368.4,374.95,351.5,353,39221
2009-05-06,367.6,378,360.1,360.1,20150
2009-05-07,365.6,377,361,374.5,20805
2009-05-08,369.3,377,362,365.6,20554
2009-05-11,363.9,372.7,355,370,8237
2009-05-12,356.25,362,353,353,19316
2009-05-13,353,364,348,356,20918
2009-05-14,363.65,374.8,348,353,28880
2009-05-15,366.7,379,363,365,31998
2009-05-18,398,398,398,398,35
2009-05-19,383.3,425,365.1,400,61871
2009-05-20,394.8,405,376,387,40733
2009-05-21,397,407,388,395,104936
2009-05-22,399.85,408,384.05,393,58662
2009-05-25,388.1,404.9,381.2,396,50944
2009-05-26,373.95,393.9,367,390,48528
2009-05-27,372.9,384,362.25,362.25,37165
2009-05-28,368.9,385,365,380,69652
2009-05-29,364.45,403.9,362,372,169319
2009-06-01,404.3,408,376,376,248827
2009-06-02,453.25,457,408.5,408.5,324397
2009-06-03,440.25,502,432.1,465,512063
2009-06-04,447.35,490,440,440,445374
2009-06-05,445.5,469,436.25,450,279099
2009-06-08,431.95,458.4,425,438,108709
2009-06-09,452.2,459,412,413,122948
2009-06-10,460.8,467.95,450,454.9,198120
2009-06-11,470.65,480,455.6,461,206476
2009-06-12,461.45,479.95,438.3,475,117743
2009-06-15,442.45,460,437.05,460,25770
2009-06-16,439.1,444,422.3,430.25,25973
2009-06-17,411.95,443.85,408.85,443.85,44517
2009-06-18,388.95,420,360,419,936822
2009-06-19,390.15,407.85,383,401,79543
2009-06-22,371.95,403.95,368,392.1,68195
2009-06-23,359.75,370,351.2,354,170798
2009-06-24,355.5,388,345.3,359,161422
2009-06-25,362.2,370,358,359.9,122401
2009-06-26,362.9,365,360.05,365,78558
2009-06-29,364.15,368.65,359.05,363,208063
2009-06-30,366.3,374,361,369,342465
2009-07-01,402,409.3,360.1,361.4,239746
2009-07-02,415.2,418.95,381,402,368962
2009-07-03,414.35,436,410,420.95,209430
2009-07-06,400.5,427,393,420.5,96260
2009-07-07,380.05,400.5,375.15,400.5,281008
2009-07-08,375.15,383.95,366.7,380,45971
2009-07-09,367.9,375,364.1,375,116616
2009-07-10,369.1,386,363.05,370,112754
2009-07-13,363.1,373,351,364,90435
2009-07-14,374.35,381,370,371,47209
2009-07-15,384.1,390,376,380,73555
2009-07-16,401.15,406,390.05,395,96031
2009-07-17,428.2,474.95,411.45,431.1,167113
2009-07-20,439.7,452.85,434.05,439.4,157132
2009-07-21,435.2,448,428,436.05,185519
2009-07-22,427.05,445,420,438.8,129542
2009-07-23,426.3,439.25,421.1,426,63991
2009-07-24,430.9,438.4,428,428,101439
2009-07-27,435.9,447.95,433.05,435,88452
2009-07-28,436.3,442,434,439.9,42806
2009-07-29,434.85,442,425.2,433.05,57521
2009-07-30,444.05,446.9,426.25,426.25,51296
2009-07-31,468.7,476.8,442.5,445,128102
2009-08-03,499.25,526.8,466,470,248995
2009-08-04,500.7,507,465,502,55168
2009-08-05,489.85,504.8,480,500,74017
2009-08-06,471.3,490,462.25,476.15,33897
2009-08-07,449.85,470,445,456.6,43944
2009-08-10,453.5,463.85,432.25,456,72554
2009-08-11,441.1,458.8,438.1,457,31905
2009-08-12,449.05,458.8,435.85,437.15,40754
2009-08-13,458.25,465,453.05,459,85779
2009-08-14,441.4,462,439.3,462,43805
2009-08-17,456.8,478.6,432,441,224039
2009-08-18,450.3,464.5,449.05,464,64483
2009-08-19,447.6,457.85,446,457.85,29341
2009-08-20,446.35,454,442.5,449.5,36621
2009-08-21,467.8,470,445.05,448,172120
2009-08-24,466.55,478.95,455.15,470.15,51642
2009-08-25,471.6,479,457.2,466.55,35102
2009-08-26,476.7,479.7,470.25,474,16681
2009-08-27,467.4,479.9,463.95,479.9,32548
2009-08-28,470.95,476.5,463.25,463.25,15079
2009-08-31,469.35,475,465,470.95,16792
2009-09-01,464.9,475,463,474,22728
2009-09-02,462.95,466,453,466,6371
2009-09-03,469.4,477.5,455.2,477,17833
2009-09-04,472.2,475.1,466.5,470.25,10922
2009-09-07,487.45,491.5,470.05,474,44674
2009-09-08,485.25,495,483.05,495,21521
2009-09-09,481.4,488.95,478,486,10016
2009-09-10,488.75,491.45,480,480,22681
2009-09-11,478.5,491.45,474.1,485.25,29982
2009-09-14,468.7,479.7,467.05,474,24366
2009-09-15,478.9,488.8,471.3,471.3,29966
2009-09-16,473.25,489,470.1,485,44956
2009-09-17,473.35,484.85,471,478.95,33886
2009-09-18,476.95,485,472,482.9,400455
2009-09-22,487.4,513.85,475,480,403992
2009-09-23,485.15,508.95,481,495,603690
2009-09-24,502.45,509.95,480,483,167587
2009-09-25,498.4,510,492,500,167823
2009-09-29,504.6,518,501,510,52595
2009-09-30,511.7,515,505,510,60075
2009-10-01,539.65,568.85,507.7,510,229969
2009-10-05,528.5,560,523.2,531.35,83838
2009-10-06,518.8,542,514,532,64574
2009-10-07,519,537.6,515,518,86188
2009-10-08,515.05,529.2,511,517,48295
2009-10-09,517.35,538,511.05,518.1,133572
2009-10-12,517.75,535,507.7,528,102626
2009-10-14,520.4,533.8,513.05,522,320598
2009-10-15,520.25,542,515.5,527.4,206257
2009-10-16,532.85,553.95,528.15,535,468235
2009-10-20,538.3,551.8,535,547.5,64060
2009-10-21,531.5,543,530.3,535,37791
2009-10-22,522.05,535,518,530,37003
2009-10-23,520.4,529.9,518.5,528,25907
2009-10-26,513.4,525.9,511.2,525.9,39556
2009-10-27,490.95,516.75,486.35,510,51315
2009-10-28,501,508,482.45,487,32344
2009-10-29,492.15,500,486,497,46362
2009-10-30,486.9,590,482.4,520,53321
2009-11-03,465.4,495,463,486.9,43800
2009-11-04,481.1,487.4,468.05,470,37302
2009-11-05,490.1,497,478,481.1,78009
2009-11-06,494.3,504.95,492,498.85,21658
2009-11-09,500.1,504,489,489,15986
2009-11-10,508.45,518,497,501.25,80384
2009-11-11,506.55,515,500,507,26057
2009-11-12,500.65,509.85,496.1,506.55,14949
2009-11-13,498.65,505.85,497,504.4,12272
2009-11-16,495.85,504.8,494.9,500,34259
2009-11-17,503.7,507,496,507,28598
2009-11-18,498.5,505,497,505,20033
2009-11-19,497.3,503,495.5,498.25,14817
2009-11-20,504.05,509.95,490.1,492,28172
2009-11-23,504,512,499,504,27130
2009-11-24,524.85,528,503.65,506.85,236265
2009-11-25,525.55,541,525,526,35057
2009-11-26,525.2,532.95,521.4,525,21138
2009-11-27,528.35,530,505.25,511,70407
2009-11-30,528.3,531.8,523.05,530,101475
2009-12-01,537.35,540,524.5,528,52922
2009-12-02,534,539.85,532.05,535,39969
2009-12-03,535.85,540,530.4,536.2,18151
2009-12-04,549.25,558.75,526.55,527.4,177091
2009-12-07,556.85,566.35,547,547.05,80956
2009-12-08,560.15,562,553.65,556.85,28320
2009-12-09,553,559,550.15,559,17933
2009-12-10,555.5,568,550,550,32216
2009-12-11,555.25,565.7,550,555.3,35423
2009-12-14,556.25,558,550.3,555,25237
2009-12-15,575.8,591.5,557,563.9,253092
2009-12-16,583.2,590,570.15,579.4,96714
2009-12-17,609.55,625,583.35,583.35,133023
2009-12-18,648.5,661.15,603.7,608,248250
2009-12-21,621.3,670,611.25,648.5,160368
2009-12-22,630.55,640.3,622.55,630,56488
2009-12-23,625.65,643,620.15,637.4,38272
2009-12-24,610,634.8,606.2,634,66791
2009-12-29,620,641,615,624.9,83662
2009-12-30,619.95,631.45,617,625,224020
2009-12-31,615.3,644,615,624.95,160630
2010-01-04,645.4,668,620,627,288696
2010-01-05,650.35,662.95,645,662.95,93339
2010-01-06,641.25,656.9,636.5,653,73531
2010-01-07,628.15,647,625.1,645,68365
2010-01-08,625.2,638.7,622,632.5,49900
2010-01-11,629.2,636,619,630.05,135995
2010-01-12,620.15,642.95,615,634.9,152063
2010-01-13,616.05,634.95,610,619,170488
2010-01-14,623.8,649.8,621.9,638,237425
2010-01-15,618.65,633.85,615,628,121042
2010-01-18,615.85,623,612,623,45717
2010-01-19,617.7,635,616,618,211406
2010-01-20,621,633,617.75,625,128722
2010-01-21,613.75,625,612,621,51973
2010-01-22,592.75,625,590,625,180270
2010-01-25,598.55,609,588.85,593.95,80426
2010-01-27,583.1,610.45,580.1,598,69933
2010-01-28,574.45,596.9,570.3,585,39706
2010-01-29,564.75,568.85,556.25,566.1,40118
2010-02-01,586.25,591,560,567.85,94387
2010-02-02,579.8,594.7,574,594.7,89072
2010-02-03,573,590,568.05,590,52902
2010-02-04,566.2,593,563.15,575,85044
2010-02-05,553.7,565,541,550,32759
2010-02-08,579.45,586.2,555.5,557.5,397754
2010-02-09,564.95,588.4,563.1,583,85139
2010-02-10,563.75,573,561.4,572.85,19810
2010-02-11,563.55,569,561.4,568,88814
2010-02-15,557.4,569.85,535.8,560,12665
2010-02-16,562.45,573.9,551.6,559.05,45447
2010-02-17,570.55,587.5,565.5,572.2,269225
2010-02-18,572.2,583,561.6,561.6,42546
2010-02-19,562.25,574.6,555,561,31530
2010-02-22,571.35,595,555,567,448737
2010-02-23,589.85,593.9,573,575,177437
2010-02-24,600.2,603.95,585,585,257466
2010-02-25,593.35,606.4,587.2,605,60316
2010-02-26,594.95,612.8,586,590,87137
2010-03-02,610,621.05,596.25,599.8,116061
2010-03-03,603.05,617,598.05,612,71753
2010-03-04,593.5,613.25,587.1,608.7,76056
2010-03-05,587.2,604,585.3,598.95,36004
2010-03-08,589.95,603,587.3,598,24863
2010-03-09,590.55,601,585.35,594.8,34096
2010-03-10,593.45,606.8,588.25,589.8,69787
2010-03-11,590.05,599,585.6,592,42018
2010-03-12,589.5,603,587,597,205119
2010-03-15,582.95,595,582,594,44042
2010-03-16,577.6,588,575,587.5,67733
2010-03-17,573.95,589.95,573,583,357683
2010-03-18,572.55,579.2,571.2,579.2,23261
2010-03-19,574.85,581.3,571.55,578.7,100941
2010-03-22,573.1,597.8,566.15,590,47466
2010-03-23,568.95,582,568.35,582,37643
2010-03-25,564.6,573.7,561.25,569,56634
2010-03-26,573.9,582,566.2,569.95,93076
2010-03-29,598.2,604.8,574.95,576.9,204170
2010-03-30,614.3,629,596.6,600,443964
2010-03-31,604.15,629.85,597.25,622,162572
2010-04-01,606.2,611.45,592.3,592.3,51953
2010-04-05,620.25,622,608,613.15,65879
2010-04-06,615.55,630,611.15,630,68258
2010-04-07,612.5,624,611,624,65507
2010-04-08,615.05,619.65,597.15,597.15,102162
2010-04-09,611.8,628.4,584.3,584.3,118769
2010-04-12,628,631.5,611,612,127094
2010-04-13,630.25,635,626.05,635,86918
2010-04-15,631.1,636.65,626,628,86694
2010-04-16,618.9,630,611,629,89343
2010-04-19,627.8,640,605,614,73447
2010-04-20,625.65,640,623,634,42636
2010-04-21,637.7,642,617,631.9,85515
2010-04-22,647,656,633,642.8,282771
2010-04-23,657.4,664,645,647.2,140476
2010-04-26,674.05,684.7,665,667.8,158585
2010-04-27,658.85,678,656,662.3,63386
2010-04-28,623.65,650.1,621.25,650.1,115401
2010-04-29,620.95,640,617,634,63194
2010-04-30,627.35,634.8,625.4,630,41083
2010-05-03,627.7,640,605.8,605.8,25969
2010-05-04,642.15,660,610.1,610.1,232900
2010-05-05,666,691.8,618,625,581102
2010-05-06,654,678.95,649,671,136686
2010-05-07,641.1,659,633.7,643,66113
2010-05-10,662.4,675,645.5,649.9,188639
2010-05-11,643.05,672,640,669.85,160750
2010-05-12,653.95,659.9,647.05,649.6,104528
2010-05-13,706.8,718,664,670,1401385
2010-05-14,687.5,725,680,701.1,607941
2010-05-17,702.15,708.7,670,680,277089
2010-05-18,706.5,711,695.25,703,461525
2010-05-19,719.15,726.8,690,706,307776
2010-05-20,709.3,728,702.1,723,178018
2010-05-21,695.55,708,685,685,79253
2010-05-24,684.35,709.8,679,695,76930
2010-05-25,660,689.95,656.55,689.95,48660
2010-05-26,683.5,690.8,665,667,74727
2010-05-27,682.6,690.5,674.4,674.4,29473
2010-05-28,675.2,695,673.3,685.5,45144
2010-05-31,674.75,684.4,670.1,680.2,40256
2010-06-01,657,682,653.25,676,75326
2010-06-02,664.75,678,655,666,46823
2010-06-03,675.65,678,668,669,111037
2010-06-04,666.95,677,665,673,21846
2010-06-07,676.3,684,650,658.95,45236
2010-06-08,694.2,699.85,675,679,136983
2010-06-09,731,748.3,698,698.7,671181
2010-06-10,712.35,744,706,730,235048
2010-06-11,705.05,722.4,703.2,722.4,55091
2010-06-14,713.3,720.95,708.5,708.5,47531
2010-06-15,713.9,718.5,711.2,715.9,19561
2010-06-16,724.4,734.9,706.15,717,551580
2010-06-17,714.3,725,712.1,723.8,114532
2010-06-18,691.85,708.75,680,708.75,126352
2010-06-21,698.85,715,697.15,705,45261
2010-06-22,703.3,710,693.85,702,23732
2010-06-23,700,708.8,698,703,40418
2010-06-24,700.35,707,680,680,43721
2010-06-25,700.2,705,698.25,698.3,55468
2010-06-28,703.5,709,698.85,709,69583
2010-06-29,708.25,723.8,700,701.35,220057
2010-06-30,701.3,710,700,702,182414
2010-07-01,707.5,719,700,703,113408
2010-07-02,709.15,715.05,707.2,712.8,44538
2010-07-05,715.7,723,709.75,710.05,60473
2010-07-06,744.15,748,710,719.8,290934
2010-07-07,738.65,751.8,736,744.8,179105
2010-07-08,701.4,724.4,700.05,724.4,111968
2010-07-09,699.85,712,696.1,701,69495
2010-07-12,679.4,702.15,666.2,702.15,69349
2010-07-13,676.55,681.1,675.1,676,75211
2010-07-14,680.05,700,667.35,675.5,188009
2010-07-15,684.9,696.6,670,682,94960
2010-07-16,687.65,695.9,680.1,684,41982
2010-07-19,686.65,694.9,681,685.1,21614
2010-07-20,685.75,693.45,684,684,34372
2010-07-21,711.35,714.75,686,686,272966
2010-07-22,697,724.4,675.5,718.4,795783
2010-07-23,675.3,699,674,698,128918
2010-07-26,683.9,687.1,673.5,684,40010
2010-07-27,697.35,701.55,681.05,681.9,80565
2010-07-28,717.45,724.3,691.35,700,362137
2010-07-29,715.15,723.9,705.25,719,94188
2010-07-30,724.5,729.8,711.35,716.1,184370
2010-08-02,727.85,731.85,718,724.5,87406
2010-08-03,726,732,722.1,729.25,32378
2010-08-04,716.6,729.7,711,729.7,27967
2010-08-05,723.7,730,715,717,172546
2010-08-06,722.05,729.9,720,728.7,35566
2010-08-09,729,732.8,717.05,722.05,57018
2010-08-10,717.7,734.95,715,729,21380
2010-08-11,736.1,749.7,712,721.7,131017
2010-08-12,740.8,764.9,720.25,730,544342
2010-08-13,748.35,760,744.7,748,92693
2010-08-16,743.1,759.65,740,754.7,54506
2010-08-17,726.45,749.7,720.5,749.7,57712
2010-08-18,739.85,747.85,730.15,730.15,26087
2010-08-19,755.1,762.75,740.1,749.9,156514
2010-08-20,762.2,769,755,759.05,85314
2010-08-23,766.75,770,762,765,54159
2010-08-24,752.85,766.35,750.2,765,22309
2010-08-25,752.25,759,749,751.25,43214
2010-08-26,769.6,775,746,752,127265
2010-08-27,740.7,765,737,765,60995
2010-08-30,732.85,754.4,731,754.4,18755
2010-08-31,746.15,750,725,730,31996
2010-09-01,745.8,756.95,741.25,752,26558
2010-09-02,759.9,764,750.05,753.9,63022
2010-09-03,777.3,799,756.2,770,188855
2010-09-06,823.65,869.7,779,779,572849
2010-09-07,819.35,834.75,807.3,828.9,113651
2010-09-08,854.15,862.8,820,821,291580
2010-09-09,863.75,875.05,851.2,858,195617
2010-09-13,882.2,899.75,849.75,872.9,337443
2010-09-14,874.3,887.9,866,887.9,58684
2010-09-15,867.3,875,857.05,875,65029
2010-09-16,856.25,873,852,873,55468
2010-09-17,871.55,898,860,860,370870
2010-09-20,870.85,880,865,868.05,104171
2010-09-21,870.85,877,857.05,870,43928
2010-09-22,863.55,888,860,879,73564
2010-09-23,861.75,871.9,850.1,869,40949
2010-09-24,859.2,871,851,855,45498
2010-09-27,862.75,878.4,852.25,861.1,44113
2010-09-28,844.15,865,838.1,865,78096
2010-09-29,819.2,853.95,806.1,847,184236
2010-09-30,830.5,843.5,821.1,828.7,67806
2010-10-01,835.25,849,830.15,839,38172
2010-10-04,826.6,852.8,817.2,835,58978
2010-10-05,850.3,884.75,818,818,128336
2010-10-06,873.9,898,859.8,859.9,260474
2010-10-07,859.95,888,855,880.05,55351
2010-10-08,851.75,870,846,850,54272
2010-10-11,865.25,874.8,857.5,863,90247
2010-10-12,855.85,870,851.5,866,33685
2010-10-13,868.65,870,856,856,44059
2010-10-14,856.8,888,855,870,75798
2010-10-15,858.65,867,852,862,75692
2010-10-18,854.45,862,849,859,60567
2010-10-19,849.7,870,841.5,864,48937
2010-10-20,873.6,912.2,857,864.95,318443
2010-10-21,874.65,880,865.05,875,67892
2010-10-22,871.25,894,868.7,879,73231
2010-10-25,869.3,878,861.8,874,54927
2010-10-26,861.45,873.8,858,873.8,33508
2010-10-27,864.75,867.9,840,840,105672
2010-10-28,882.6,899,867,867,288962
2010-10-29,874.55,895.8,855,888,68321
2010-11-01,931.1,972,865,884,754296
2010-11-02,919.6,944,912.4,937.6,275407
2010-11-03,932.4,949,915,915,268976
2010-11-04,934.35,942,926.15,940,96556
2010-11-05,942.75,948,930,939.9,59755
2010-11-08,932.4,948,930.1,945,55048
2010-11-09,938,950,930.05,937.2,57485
2010-11-10,929.8,941.5,925.05,936,35487
2010-11-11,907.35,943.05,903.05,932.05,98545
2010-11-12,898.55,934.75,893.75,893.75,86164
2010-11-15,881.35,914,876,914,93432
2010-11-16,869.3,891.9,866.75,876,73112
2010-11-18,870.15,885,854.3,875,62233
2010-11-19,861.9,877.85,855.05,867.95,35238
2010-11-22,870.9,874.9,861,865.95,71319
2010-11-23,889.1,916.5,850,878,229056
2010-11-24,875.65,904.95,874.5,896,67791
2010-11-25,859.3,884.85,850.1,875.15,162492
2010-11-26,855.15,876,827,860.4,139447
2010-11-29,857.2,872.45,835.05,856,74069
2010-11-30,858.15,861.65,842.5,857,92006
2010-12-01,893.9,899.9,850,856.35,99491
2010-12-02,887.4,912,885,912,22681
2010-12-03,878.8,896.9,875.05,890,27757
2010-12-06,886.1,900,876,880,32380
2010-12-07,879.95,900,876.3,878.2,22292
2010-12-08,865.6,891,850,871.2,28293
2010-12-09,837,880,830,880,43080
2010-12-10,846.2,850,786.75,820.5,45252
2010-12-13,845.75,862,826,856,27920
2010-12-14,854.75,858,843.2,853.55,38018
2010-12-15,838.5,859.8,834,859.8,26962
2010-12-16,823.35,843,820.15,832,36909
2010-12-20,829.7,840,820,820.05,29739
2010-12-21,847.3,850,807.2,830.1,48123
2010-12-22,850.25,857,840.15,851,45321
2010-12-23,853.25,859.4,840,851.15,16787
2010-12-24,866.65,881,843,856.95,72911
2010-12-27,860.6,878,855.15,874.45,32742
2010-12-28,859.2,870,852,852,19811
2010-12-29,867.1,888,861,861,57833
2010-12-30,863.85,878.8,861,868.25,26835
2010-12-31,874.2,880,855,865.05,40994
2011-01-03,870.3,892,868,877.95,52723
2011-01-04,864.25,878,856.15,877.8,168249
2011-01-05,827.7,872.95,826,860,94497
2011-01-06,812.25,835.05,810.55,835.05,257547
2011-01-07,788.55,815.95,776,814,56541
2011-01-10,787.6,799.95,762,783.9,168339
2011-01-11,762.8,796.95,758,790.6,156881
2011-01-12,774.65,778.95,754,765,48188
2011-01-13,770,777.9,765.1,766.7,35133
2011-01-14,761.55,778.95,751,774,37714
2011-01-17,744.8,764,737.2,737.2,26429
2011-01-18,747.45,760,740.95,760,32211
2011-01-19,735.15,765.9,731.3,759.95,82794
2011-01-20,739.7,761,737.05,748,132436
2011-01-21,751.9,754.75,738,740.55,67997
2011-01-24,751.35,757.45,745,752,23703
2011-01-25,748.2,755.1,745.1,752,27152
2011-01-27,725.25,752,720,742.3,48768
2011-01-28,738,743,714,725.95,80250
2011-01-31,727.45,734.9,713.1,729.95,32644
2011-02-01,717.55,738,702.55,728,47181
2011-02-02,721.4,739,717.25,719.45,29545
2011-02-03,712.4,731,710.4,720.05,35689
2011-02-04,714.8,724.25,711,712.45,25313
2011-02-07,711.25,723,701,716,18175
2011-02-08,713,730,702,716.15,56255
2011-02-09,689.6,714.95,685.1,707,32215
2011-02-10,703.3,725,680,682,110497
2011-02-11,736.85,744.8,691.05,691.05,60563
2011-02-14,751.45,758.8,740,740,21899
2011-02-15,761.75,772,737.1,750,36948
2011-02-16,755.6,766,747.1,761.75,11643
2011-02-17,763.5,785,751,760,296695
2011-02-18,748.5,771.95,745.05,766,14725
2011-02-21,752.5,760,733,747.15,16616
2011-02-22,749.95,765,744.05,753.1,9817
2011-02-23,750.65,773,744,744.95,25616
2011-02-24,728.9,751.95,727,746.1,92006
2011-02-25,746.45,754,729.7,732,29237
2011-02-28,758.95,776.9,732.9,749,28607
2011-03-01,787.6,796.5,760.15,763.95,46199
2011-03-03,785.95,841.5,780.3,792.15,601103
2011-03-04,792.1,812,785,795,172549
2011-03-07,770.65,798.45,760.1,760.1,56923
2011-03-08,748.7,767.95,745.5,750,140607
2011-03-09,754.45,768.8,745,748.5,80500
2011-03-10,754.45,764.8,749.95,750,52018
2011-03-11,753.5,760,743,748,35598
2011-03-14,756.3,759.7,743,753.5,31179
2011-03-15,739.5,750.7,735.05,745,37175
2011-03-16,741.55,752.5,740,740.2,24956
2011-03-17,730.4,746.9,730,738.95,62461
2011-03-18,739.65,747,727,747,37630
2011-03-21,728.35,741.8,725.05,741.8,14872
2011-03-22,731.65,744,729.05,735.95,17008
2011-03-23,740.6,744,729,729,24033
2011-03-24,733.9,748.9,729,740.5,25163
2011-03-25,747.55,751,736.1,750,18658
2011-03-28,762.2,765,743,750,72869
2011-03-29,759.3,770.55,750,766,63635
2011-03-30,770.25,772.9,756.6,765,87684
2011-03-31,795.75,812,765.05,779.95,174003
2011-04-01,809.4,817.75,790,796.05,52662
2011-04-04,820.55,827.5,810.5,817.35,64576
2011-04-05,800.95,828,795,828,23849
2011-04-06,809.8,813.75,795,799.95,19016
2011-04-07,816.4,820,803.25,813,9636
2011-04-08,778.1,816.95,765.05,811.05,149991
2011-04-11,759.8,787,755,780,36114
2011-04-13,767.9,773,760,762.55,66861
2011-04-15,758.1,774.95,756.25,768,28467
2011-04-18,759.1,768,750.6,760.05,39092
2011-04-19,776.25,779.5,752,752,56691
2011-04-20,764.75,785,762,780.05,165034
2011-04-21,769.9,775,764.1,766,20058
2011-04-25,770.6,775,767.95,772.05,26707
2011-04-26,780.9,784.9,766.05,772,102130
2011-04-27,797.45,801,780,780,277823
2011-04-28,802.95,807,792,802.95,310861
2011-04-29,784.85,809,782,806.05,155620
2011-05-02,793.6,796,783,793.7,93058
2011-05-03,787.1,805,773,801.5,134800
2011-05-04,787.85,798,765.1,785.4,31682
2011-05-05,770.6,799.9,768.05,786,20319
2011-05-06,769.4,776,750,771.6,26341
2011-05-09,770.45,781.65,767.2,769.85,27390
2011-05-10,773.75,778.7,770,776.3,16498
2011-05-11,770.9,784.3,770,772,25209
2011-05-12,769.85,779,765,769,49101
2011-05-13,779,784,765,768,44515
2011-05-16,768.55,774.95,766,774.95,78959
2011-05-17,757.05,772,750,768,25628
2011-05-18,753.25,772.95,737.3,772.95,95107
2011-05-19,752,772.9,750.75,761.2,150683
2011-05-20,762.95,765.5,757.2,757.4,23305
2011-05-23,753.65,763,750.15,763,25250
2011-05-24,768.3,771.85,749.95,749.95,43656
2011-05-25,750.8,768.3,749.4,768.3,41089
2011-05-26,761.35,770.45,750,755,27536
2011-05-27,758.05,763.8,755,761.95,13628
2011-05-30,762.45,769.05,750,762.55,50888
2011-05-31,766.1,768,759.85,759.85,25909
2011-06-01,767.35,773.5,765,767.05,52124
2011-06-02,766.7,767,760.2,765,17961
2011-06-03,762.15,771.95,761,765.05,12755
2011-06-06,766.6,768,762,762.15,9654
2011-06-07,765.05,775,760.95,775,16474
2011-06-08,766.8,767.2,763,766,18550
2011-06-09,763.7,768.95,762.3,768.95,20799
2011-06-10,763.25,766.9,750.25,758.05,12496
2011-06-13,762.45,765,756.2,764,13061
2011-06-14,766.6,768.9,762.05,764.95,36066
2011-06-15,766.25,767,763.05,763.05,60908
2011-06-16,764.1,767,761,765,40976
2011-06-17,756.95,763.8,751,760.5,31748
2011-06-20,747.4,758,744,758,45202
2011-06-21,741.45,751.6,740.25,751,34743
2011-06-22,741.75,747.95,730.1,730.1,33749
2011-06-23,738.9,742.5,732.2,742.05,31359
2011-06-24,754.95,759.5,732.5,732.5,65498
2011-06-27,759.3,765,740,740,54194
2011-06-28,774.9,781,742,742,158370
2011-06-29,731.85,756,728,749.95,135139
2011-06-30,725.35,741.8,721,725.05,85974
2011-07-01,737.9,740,726,726,36954
2011-07-04,741.1,744.9,735,735,135012
2011-07-05,746.6,749.5,737.55,739.95,105255
2011-07-06,748.65,750.9,742.15,746,33150
2011-07-07,761.45,764.05,742,742,92358
2011-07-08,757.35,761.45,742,742,54049
2011-07-11,756.45,758.3,742.25,742.25,24289
2011-07-12,760.7,764.8,752.25,758,40414
2011-07-13,765.35,770,742.25,742.25,74758
2011-07-14,772.9,785.25,767.6,768,221128
2011-07-15,752.35,768,744,768,162816
2011-07-18,737.1,759.7,732.1,748,56481
2011-07-19,738.55,743.25,728,740,198560
2011-07-20,741.7,744.95,730,730,144761
2011-07-21,741.6,764.75,737.2,746.7,95828
2011-07-22,745.05,760,735,742.2,74812
2011-07-25,747.7,755,738,745,33087
2011-07-26,752.05,754.75,737.1,742.05,75472
2011-07-27,768.75,774,752.05,757,111126
2011-07-28,771.9,777.6,761.55,769.9,69736
2011-07-29,772.05,780.5,765.55,772,69320
2011-08-01,776.95,778.7,771,772.05,128389
2011-08-02,766.1,785.05,762.2,779.95,37775
2011-08-03,763.55,768,751,760,29980
2011-08-04,760.4,768.3,760,760,11870
2011-08-05,753.7,756.95,740.2,750,1481725
2011-08-08,753.6,763.95,705.05,746,67785
2011-08-09,752.95,759.7,730,743,51943
2011-08-10,759.9,764.05,755,757.55,52884
2011-08-11,750.05,765,747.55,754.9,44123
2011-08-12,747.35,758.45,746,753.4,21671
2011-08-16,748.7,757,744.9,757,24267
2011-08-17,724.9,749.95,719.95,743.2,829665
2011-08-18,728.4,732,709.05,724.9,39036
2011-08-19,722.5,726,711.15,718,42724
2011-08-22,739.55,748,716.4,720,51736
2011-08-23,745.05,750,730,739,35818
2011-08-24,737.35,753.9,732.1,749.9,63084
2011-08-25,743.7,750,733,735.4,40523
2011-08-26,749.5,761,735.05,749.9,172538
2011-08-29,750.35,754.35,736.9,736.9,60947
2011-08-30,749.95,768,748.1,757,151884
2011-09-02,748.25,760,742.45,759,37444
2011-09-05,756.85,763.95,740,740,77437
2011-09-06,754.9,760.95,752,752.05,59892
2011-09-07,750.9,759.85,746,759.85,45916
2011-09-08,745.4,759,741,759,47549
2011-09-09,746.15,751.5,740.6,749,36357
2011-09-12,739.2,746.7,735,741.5,19777
2011-09-13,737.15,750,735,744,24644
2011-09-14,740.45,745,735.05,739.3,15762
2011-09-15,745.9,748.65,738.65,747,22528
2011-09-16,742.1,780.1,725.8,764.8,553532
2011-09-19,739.35,741.95,730.1,730.95,82036
2011-09-20,740.15,747.95,734.05,747.95,50856
2011-09-21,740.5,747.95,732.05,747.95,70367
2011-09-22,737.15,740.05,735,740.05,101137
2011-09-23,734.1,738.05,730.05,738.05,56433
2011-09-26,729,735.3,726.5,735.3,31390
2011-09-27,738.3,748.7,731,731,24402
2011-09-28,724.55,740.05,722.25,738.3,62310
2011-09-29,711.45,735,707,735,82335
2011-09-30,719.4,724.8,679.45,679.45,550664
2011-10-03,722.35,725,710,710,106216
2011-10-04,710.75,729.85,700.15,715.25,140143
2011-10-05,709.9,719.4,701.2,701.2,129874
2011-10-07,727.7,732,715,729,19862
2011-10-10,716.35,733.8,714.1,727.7,78130
2011-10-11,723.45,728.9,722,722.25,26552
2011-10-12,722.6,731,720.25,727.9,18558
2011-10-13,732.55,740.95,726,729,25546
2011-10-14,730.65,735,725.5,727.05,9085
2011-10-17,731.65,744,729.95,734,23009
2011-10-18,731.35,734.8,725.05,725.15,20171
2011-10-19,739.2,741,729.1,735.95,30114
2011-10-20,731.7,750,728,743,48340
2011-10-21,721.15,739.7,716.6,723,90655
2011-10-24,730.7,737.8,725,727,53785
2011-10-25,727.55,735,723.4,728.75,95549
2011-10-26,735.4,737.95,731,731,8445
2011-10-28,743.55,752.5,737,739.95,93108
2011-10-31,739.5,748.8,735.5,748.8,114739
2011-11-01,744.45,750,735,735,30749
2011-11-02,747.3,750,735.55,739.45,19730
2011-11-03,742.5,748.95,738.35,747,16243
2011-11-04,749.5,752,742.05,742.05,18891
2011-11-08,752.65,755,746,751,18781
2011-11-09,752.95,760,748.1,750.15,35920
2011-11-11,749.5,751,741.1,745,11528
2011-11-14,747.55,759.9,742.1,746.05,18330
2011-11-15,736.95,744.9,735,740.15,11843
2011-11-16,738.2,741.9,730.3,736,24810
2011-11-17,735.85,743.9,734,736,38463
2011-11-18,731.9,736,724.15,734,43350
2011-11-21,730.05,737.95,725.2,730,24556
2011-11-22,733.6,739.95,723,734.95,10958
2011-11-23,724.25,732.65,720.4,726.65,62417
2011-11-24,736.7,749.2,715,721.2,70894
2011-11-25,734.75,762,733.1,737.25,66293
2011-11-28,728.45,741.4,723,737.5,43988
2011-11-29,725.3,741,723.25,728,14672
2011-11-30,700.45,728.95,687.1,725,307080
2011-12-01,710.8,729.7,704,706,27714
2011-12-02,709.1,716.95,705,713,12371
2011-12-05,714.95,719.7,710,710.05,9996
2011-12-07,712.85,717.75,710.3,713,35484
2011-12-08,709.65,715,708,712.85,32046
2011-12-09,701.45,707.4,695.05,707.4,11498
2011-12-12,703.9,718.9,698.05,718.9,36702
2011-12-13,690,704,681.15,695.1,45049
2011-12-14,684.8,703.7,681.1,703.7,25058
2011-12-15,699.9,705.4,675.1,685.9,28449
2011-12-16,706.9,712,692,692,47284
2011-12-19,700.8,713,698.45,704,63437
2011-12-20,699,706.9,695,702.55,36845
2011-12-21,699,707,692.1,698,32186
2011-12-22,692.8,699,685.2,699,11325
2011-12-23,689.5,704.8,682.15,704,18269
2011-12-26,701.9,710.05,686,686.5,17998
2011-12-27,681.9,705,679.95,705,15938
2011-12-28,660.6,686.8,655,680,28214
2011-12-29,675.25,684.95,651,670,34740
2011-12-30,681.65,690,675.05,677.5,28504
2012-01-02,669.45,691,655,681.1,19619
2012-01-03,689.2,693.95,666.25,670.1,20734
2012-01-04,649.1,689,642.65,676.2,68970
2012-01-05,652.85,656.65,633.75,648.25,52112
2012-01-06,644.15,654,641,654,19404
2012-01-09,645,649,636.1,640.55,30550
2012-01-10,656.75,659.5,646,652,32066
2012-01-11,654.1,660,651,660,31188
2012-01-12,652.8,659,642.5,654,37932
2012-01-13,651.2,659,648.2,652,71815
2012-01-16,640.4,653,637.6,652,82852
2012-01-17,668.1,672,642.1,642.1,64030
2012-01-18,654,672,646.1,671,61553
2012-01-19,655.55,666,650.25,666,37304
2012-01-20,649.75,669,628.05,650,246440
2012-01-23,655.05,662.85,645,650,173691
2012-01-24,668.95,669.5,655.05,666.85,212605
2012-01-25,668.2,672,663,669,76698
2012-01-27,670.4,684,641,665,155880
2012-01-30,649,675.2,641.2,675.2,34918
2012-01-31,670.7,675,645,647.1,157834
2012-02-01,665.55,673,662,673,46895
2012-02-02,674.95,676,666.25,670,169471
2012-02-03,685.55,703,673,674,164063
2012-02-06,690.2,704.6,665.25,686.8,187885
2012-02-07,699.2,718,691,700,196839
2012-02-08,738.65,746.9,705,705,111847
2012-02-09,753,761,735,738,85873
2012-02-10,746.6,754.5,739,748,66520
2012-02-13,784.35,819.7,742.5,742.5,144095
2012-02-14,769.45,800,766.3,790,41255
2012-02-15,779.4,787,769.75,782.65,47944
2012-02-16,807.55,815,770,770,129094
2012-02-17,801.65,817,791.1,817,75992
2012-02-21,813.15,816,795,795,75559
2012-02-22,802.7,818.95,795.7,807.55,60214
2012-02-23,801.1,813.4,783,798,103582
2012-02-24,803.15,815,798.1,809.85,37112
2012-02-27,792.55,807.6,784.05,800.3,98342
2012-02-28,799,803.95,792.5,792.5,67542
2012-02-29,807.5,829.7,799,801,89035
2012-03-01,806.2,833.9,669,669,62009
2012-03-02,804.55,809.85,803.05,808,29446
2012-03-05,804.65,809,780.05,780.05,43132
2012-03-06,804.95,815.85,800,800,147540
2012-03-07,812.95,821,804.05,806,120917
2012-03-09,805.25,845,804.45,822,113143
2012-03-12,805.35,816.7,805,810,17751
2012-03-13,807.55,818.5,803.05,809.8,43597
2012-03-14,806.55,814.75,804.95,814.75,35448
2012-03-15,811.7,815,803.5,807,125954
2012-03-16,805.65,810,803,805,35062
2012-03-19,802.9,805.1,795,805,14150
2012-03-20,810.55,815,799.6,800,93063
2012-03-21,805.35,810,802,810,37030
2012-03-22,805.1,809.95,804,805.05,20899
2012-03-23,814.4,816.95,805,805,15711
2012-03-26,805.3,814.5,805,814.5,15097
2012-03-27,813.65,815,805.05,806,28108
2012-03-28,814.95,821,807.05,807.05,26285
2012-03-29,805.05,814.75,804.5,814.75,106238
2012-03-30,815.15,817,805.05,809.7,43333
2012-04-02,829.2,845,806.25,806.3,69040
2012-04-03,810.7,845,806,845,39854
2012-04-04,815.4,825.05,807,811,442093
2012-04-09,815.7,823,810,815.1,25118
2012-04-10,812.55,824,811,820,10496
2012-04-11,811.05,814.95,810,813,6915
2012-04-12,811.1,814.75,803,803,19368
2012-04-13,812.65,818.85,810.05,818.85,8652
2012-04-16,814.65,818,810,810.05,4432
2012-04-17,818.2,822.8,812.25,812.25,13766
2012-04-18,826.5,831.2,815,827.9,26382
2012-04-19,838.15,842,818,820,25243
2012-04-20,847.4,854.85,830.35,842.9,30489
2012-04-23,840.6,863,836.05,838,15236
2012-04-24,838.7,849.5,834,842,10160
2012-04-25,834.4,843.8,825.05,832,13049
2012-04-26,849.95,863,815,847.9,134166
2012-04-27,842.7,857.1,835.5,857.1,17445
2012-04-30,843.25,850,825,835,13593
2012-05-02,832.7,850,827.95,848,47554
2012-05-03,814.2,834.6,808.05,833,34810
2012-05-04,803.15,812,798,812,76749
2012-05-07,803.95,809,791.95,800,7534
2012-05-08,801.8,815.8,801,807.25,5688
2012-05-09,800.8,814.4,798,809.9,17290
2012-05-10,805.1,816,795,809.8,27036
2012-05-11,804.8,814.85,802.2,802.2,23046
2012-05-14,812.9,816.05,797,812.8,16250
2012-05-15,815.65,818,805.2,808.85,11903
2012-05-16,807.85,815,802,812,8222
2012-05-17,805.35,847.9,800,814.95,59177
2012-05-18,776.2,808.15,760.2,785,84176
2012-05-21,768.4,780,765,775.5,81413
2012-05-22,770.85,778,769,771,19309
2012-05-23,755.8,765.95,736.35,752,15805
2012-05-24,764.45,769.8,755,755,19539
2012-05-25,760.7,772.3,758.1,772,17696
2012-05-28,788.2,794,760.05,760.05,32942
2012-05-29,771.55,788.8,768.05,784,7770
2012-05-30,774.7,780,765.1,770,6973
2012-05-31,787.45,794.4,770,770,25685
2012-06-01,764.15,797.85,762,797.85,73100
2012-06-04,764.9,769,757,768.9,8173
2012-06-05,765.7,775,760,761.1,4912
2012-06-06,770.35,774,765,765,4473
2012-06-07,774.9,783.05,769,769,26333
2012-06-08,765.15,773.7,762,770.05,39391
2012-06-11,773.65,776,766.05,768,33133
2012-06-12,765.8,771.9,765.05,770,16617
2012-06-13,768.25,773.3,761.3,761.3,21054
2012-06-14,767.9,773.8,766,772,4656
2012-06-15,771.9,775.95,766.8,775.95,16709
2012-06-18,772.2,777.6,769,774,35105
2012-06-19,767.7,773.05,759,773,5981
2012-06-20,767,771.8,763.05,771,7796
2012-06-21,768.6,772.8,765.45,766.05,3312
2012-06-22,765.2,768.45,750.1,765,4248
2012-06-25,768.45,775,766.05,768,3540
2012-06-26,769.8,772.6,766.5,769,10366
2012-06-27,772.85,773.8,768.05,768.05,8307
2012-06-28,775.6,782.8,766,772.85,35830
2012-06-29,780.85,784.2,775,784.1,5804
2012-07-02,786.95,790,776.05,776.05,9234
2012-07-03,808.1,814.5,782.15,786,20844
2012-07-04,825.75,829.5,810,815,25490
2012-07-05,795,809.9,792.25,800.95,25985
2012-07-06,797.2,805.7,793,800,12707
2012-07-09,778.8,795,774.75,783,20591
2012-07-10,779.9,781.7,765.25,765.25,16197
2012-07-11,779.75,781.5,770.15,779.95,23773
2012-07-12,779.65,783,763,770.05,25039
2012-07-13,779.9,785,775,779.95,6983
2012-07-16,774,787,771.05,785,7511
2012-07-17,764.2,788.5,759.5,788.5,17851
2012-07-18,770.1,774.35,764,770,28570
2012-07-19,766.85,785,761.05,785,66151
2012-07-20,766.65,769.7,758.45,765.15,18439
2012-07-23,769.3,775,748.95,757.25,66121
2012-07-24,750.4,776.8,748.05,769,573409
2012-07-25,755.85,760,749,760,15070
2012-07-26,743.8,759,738,755,38074
2012-07-27,736.95,759.9,731.05,746.1,12932
2012-07-30,743.05,746.4,733.2,738,8831
2012-07-31,766.1,778.9,735,748,18573
2012-08-01,778.05,785.7,761,761,20633
2012-08-02,775.65,780,770.2,775,9174
2012-08-03,761.5,774.95,756.05,770,7578
2012-08-06,750.35,779,745.5,779,12119
2012-08-07,760.35,768.4,749,749,17238
2012-08-08,760.3,771.45,759,761,18310
2012-08-09,786.2,808.7,760.15,764.5,77113
2012-08-10,787.45,792,767.5,792,12146
2012-08-13,798.45,803,787,787,41248
2012-08-14,795.65,800,781,797,16802
2012-08-16,779.8,797,775.25,797,6774
2012-08-17,786.65,792.95,773.55,782.05,7170
2012-08-21,799.1,800,781.25,781.25,25431
2012-08-22,804.15,810,789,804.95,32983
2012-08-23,808.6,815,801.25,812,42067
2012-08-24,800.9,807,789,801.2,10371
2012-08-27,796.55,803.8,785.95,794.2,9304
2012-08-28,786.3,800.05,781.1,800.05,8226
2012-08-29,772.45,787.9,768.25,782.5,5894
2012-08-30,768.9,777,742,765,24226
2012-08-31,765.75,779.9,752.65,770,17999
2012-09-03,772.1,788.9,761.2,761.2,6554
2012-09-04,752.8,774.95,748.55,770,21484
2012-09-05,748.9,764.9,744.5,754,18689
2012-09-06,750.7,761.9,735.05,735.05,3571
2012-09-07,762.9,764,751,764,7802
2012-09-10,750.1,761.75,745,758,48242
2012-09-11,764.7,766,750.3,750.3,18146
2012-09-12,764.35,770,760,766.55,15451
2012-09-13,755.2,768,752,768,101510
2012-09-14,763.5,765,760,763.7,10337
2012-09-17,760.05,769.95,757.3,766,45192
2012-09-18,760.65,765,757.95,760.05,33307
2012-09-20,758.25,762,756,760.1,58715
2012-09-21,787.5,809.95,757,758,140985
2012-09-24,779.75,807.15,776,787.5,37856
2012-09-25,770,789.65,763.45,788.7,81175
2012-09-26,773.4,784.8,767,773.75,16922
2012-09-27,795.85,800,770,777.9,76519
2012-09-28,794.55,811,786.7,800,35893
2012-10-01,802.9,873.05,796,809.8,52521
2012-10-03,819.5,824,803,803,268105
2012-10-04,838.6,845.5,821,821,36487
2012-10-05,832.95,847.6,817.6,845,30240
2012-10-08,837.5,848.9,830.1,831.95,10507
2012-10-09,856.4,858.4,825.35,839.55,22911
2012-10-10,850.9,856,842.35,850,73842
2012-10-11,848.2,853.05,836,850.25,124417
2012-10-12,869.95,875,842,850.95,170957
2012-10-15,849.6,880,845.5,869.9,22233
2012-10-16,844.3,850,840,850,36977
2012-10-17,846.35,850,843,845.05,29202
2012-10-18,849.7,852,840.05,850,74062
2012-10-19,856.4,863.95,846.65,852,64985
2012-10-22,843.95,870,836.85,850,26679
2012-10-23,843.8,857.1,834.1,843.55,124128
2012-10-25,861.2,863.9,835.25,843.45,172469
2012-10-26,855.4,883,851,860,38044
2012-10-29,847.25,868.75,845,857.05,30759
2012-10-30,841.1,856,840,847.45,10568
2012-10-31,868.85,874.8,839.05,840,51977
2012-11-01,860.3,879,859.3,861.05,20168
2012-11-02,861.2,869.4,858,869.4,29447
2012-11-05,869.3,876.7,850.25,851,87785
2012-11-06,878.1,881.85,866,871,39872
2012-11-07,872.7,888,870.1,880,14159
2012-11-08,875.5,880,860.05,869.95,26698
2012-11-09,868.05,881.85,862.35,881.85,6852
2012-11-12,870,877.95,867.05,868.2,55219
2012-11-13,866.95,871,858.6,858.6,2525
2012-11-15,859.15,868.95,850.35,865,55169
2012-11-16,851.05,868,846.35,846.35,63725
2012-11-19,854.65,865,841,841,52080
2012-11-20,849.95,857.9,839,844,115076
2012-11-21,840,846,838.05,845,256472
2012-11-22,837.4,852.8,835,840.5,240595
2012-11-23,833.4,852,828,849.5,15941
2012-11-26,829.3,860,818.1,828.3,50704
2012-11-27,833.9,858.75,826.05,826.05,40611
2012-11-29,856.2,864,835,842.55,14090
2012-11-30,859.3,865,844,844.05,28077
2012-12-03,861.85,878.6,860,873.2,37507
2012-12-04,867.75,878.45,847.05,847.05,76287
2012-12-05,893.45,929,860,867.7,100331
2012-12-06,908.05,912.5,882.25,902.35,32609
2012-12-07,906.75,917.4,900.2,917.4,31421
2012-12-10,913,921,903.5,903.5,76537
2012-12-11,911.35,926,908,909.95,180415
2012-12-12,910.75,921.95,902.25,902.25,29616
2012-12-13,926.8,934,910.55,910.55,110113
2012-12-14,930.65,945,910.05,927,158455
2012-12-17,949.25,953,930,932,53928
2012-12-18,976.15,984,949.25,949.25,87451
2012-12-19,1008.1,1024.65,984,988.95,112925
2012-12-20,984.1,1008.05,974.45,1008.05,31733
2012-12-21,994.7,1018,973.4,985,84030
2012-12-24,971.55,994.7,964,994.65,11095
2012-12-26,971.05,994,967,972,45502
2012-12-27,962.4,983.65,957.1,975.35,28667
2012-12-28,1000.55,1008.9,956,984.9,106946
2012-12-31,979,1015,972.65,1003.1,27616
2013-01-01,989.45,1002,983.95,984.1,26989
2013-01-02,1001.5,1009,993.3,993.3,65550
2013-01-03,1036.35,1047.25,998.95,1004,105626
2013-01-04,1032.8,1058.3,1016.4,1047.35,47845
2013-01-07,1025.4,1040,1020,1034.6,18880
2013-01-08,1015.6,1035,1000.05,1034.3,28069
2013-01-09,1015.45,1032.95,1008.15,1022.95,11776
2013-01-10,982.5,1020.3,975.3,1018.3,50933
2013-01-11,997.25,1002,980.5,983.05,27622
2013-01-14,1010.85,1016,982.05,995,32149
2013-01-15,991.35,1009.55,986.1,1009.55,230294
2013-01-16,1002.1,1015.95,995.05,998.45,99988
2013-01-17,998.6,1028,990,1008.15,20192
2013-01-18,984.6,1008.3,982,1004,17398
2013-01-21,979.05,1005,975.1,978.25,27263
2013-01-22,979.05,989.05,974.05,980,214827
2013-01-23,968.1,985.95,963,979.15,34020
2013-01-24,966.75,975,954.05,972.05,18799
2013-01-25,988.55,990,963.95,963.95,16753
2013-01-28,970.9,999.95,962.6,979,11836
2013-01-29,966.75,978.5,955,974,18488
2013-01-30,968.25,974,965.2,967.35,19837
2013-01-31,969.35,979.95,956.8,964.9,32442
2013-02-01,972.15,976.05,970,976.05,17286
2013-02-04,979.9,985.95,967.85,967.85,19052
2013-02-05,969.85,977.45,964.95,969,15728
2013-02-06,970.45,988,964.35,964.4,13447
2013-02-07,976.5,984.9,961,961.9,6385
2013-02-08,973.1,979.9,966.5,974.95,26543
2013-02-11,976.5,990,971,976.9,12166
2013-02-12,979.1,984.95,972.4,975.05,11358
2013-02-13,982.9,988.9,974.35,987.85,164863
2013-02-14,969.65,983.9,958.3,983,91576
2013-02-15,958.85,974.95,952.35,965.8,150311
2013-02-18,955.5,975,948.2,975,6518
2013-02-19,961,972.4,950,950,3115
2013-02-20,979.85,983.25,961,965.6,213647
2013-02-21,966.6,985,962.95,977.9,57063
2013-02-22,970.6,982,962.25,978.6,137816
2013-02-25,965.45,998.8,955,975,6798
2013-02-26,962.4,970,950.1,959.65,63543
2013-02-27,949.8,969.7,940.9,962,110093
2013-02-28,955,960,949.9,954.15,16631
2013-03-01,955.4,957.95,952.2,952.2,10610
2013-03-04,949.55,961.25,948.7,955.05,14736
2013-03-05,941.4,957.2,935.1,954.45,22685
2013-03-06,941.95,945,920.5,920.5,364032
2013-03-07,945.35,953.95,936,936,266908
2013-03-08,937.7,949.9,925.1,937.15,7568
2013-03-11,937.3,943.95,932.5,937,66578
2013-03-12,915.15,949.9,902,920,21404
2013-03-13,914.75,920,904.05,915.05,8929
2013-03-14,899.95,922.65,891.05,915,37037
2013-03-15,907.95,948,886.1,891.8,188959
2013-03-18,913.1,917.9,855.55,908,6046
2013-03-19,900.2,920,889.95,913.05,28938
2013-03-20,899.35,912.15,882.15,882.15,34187
2013-03-21,899.9,906.85,895.3,903.4,7072
2013-03-22,900.2,906,892.05,897.95,244871
2013-03-25,901.4,907.95,895.25,900.15,33803
2013-03-26,899.85,905,893,902.05,9631
2013-03-28,912.2,924.95,898.05,907.95,54242
2013-04-01,914.15,927,896.6,911.95,9348
2013-04-02,910.55,927.9,901.2,927.9,15316
2013-04-03,909.6,924.95,901,901,66208
2013-04-04,909.2,917.95,904.3,910,15171
2013-04-05,911.9,923.95,901.45,923.95,8201
2013-04-08,918.6,920,911.35,919.95,6690
2013-04-09,911.55,922,905.3,919.9,8549
2013-04-10,911.85,915,905,905.3,92684
2013-04-11,911.85,926.45,885.5,885.5,6327
2013-04-12,911.55,924.95,896.15,924.95,22346
2013-04-15,878.55,912,865,893.35,12501
2013-04-16,886,902,865,865,12370
2013-04-17,889.3,900.75,884.05,890,31477
2013-04-18,903.05,914,890,898.95,9673
2013-04-22,887.15,905.05,885,900,16349
2013-04-23,888.95,894.55,881.2,894.55,6705
2013-04-25,901.05,910,881,881,20952
2013-04-26,900.05,915,890,915,7661
2013-04-29,891.5,914.6,887.4,891.25,2711
2013-04-30,889.5,904.7,886.05,895,87019
2013-05-02,910.55,931.6,894.95,894.95,12803
2013-05-03,903.65,918.95,883.2,909.5,30758
2013-05-06,899.05,902.05,892.75,892.75,13163
2013-05-07,895,912.85,885.15,885.15,2800
2013-05-08,893.25,906,885,901,7448
2013-05-09,899.55,910,893.5,909.8,8730
2013-05-10,902.85,908.6,890.1,895,8279
2013-05-13,920.4,927.95,894.9,895,11997
2013-05-14,920.8,929,913,920,10881
2013-05-15,920.3,926.95,912,912,7028
2013-05-16,915.4,929.95,910.95,920,85637
2013-05-17,913.65,928,903.05,903.05,174769
2013-05-20,909.5,919.95,895.4,908,103514
2013-05-21,892.1,919.65,885,910.1,504799
2013-05-22,884.5,894.85,880.85,894.85,5781
2013-05-23,891.95,907,883.15,885.2,15572
2013-05-24,903.9,905.2,886.65,886.65,4826
2013-05-27,918.75,924,890.75,890.75,25481
2013-05-28,928.55,932,905.2,921,7518
2013-05-29,927.5,938.45,923.05,924.25,9909
2013-05-30,925.6,932.95,911.5,911.5,6589
2013-05-31,925.6,935,925,925,17358
2013-06-03,925.3,929.55,916,916,12785
2013-06-04,925.3,934.85,916,916,10342
2013-06-05,926.55,933.9,924.35,924.35,17860
2013-06-06,925.55,935.95,920.25,927.35,75863
2013-06-07,913.85,936.5,907,930.15,102087
2013-06-10,887.75,920,885,914.45,14261
2013-06-11,894.3,899.65,875,880,9994
2013-06-12,828,895.95,812,872,18674
2013-06-13,809.45,832,800,827.95,16936
2013-06-14,797.45,818,779,805,52967
2013-06-17,789.95,796.95,783.05,788.1,20190
2013-06-18,800.1,809.9,789.05,789.95,16159
2013-06-19,790.35,807.05,785.55,796.2,31200
2013-06-20,804.8,808.6,780,780,21132
2013-06-21,749.55,798.05,748,790,73093
2013-06-24,760.05,763.85,750,752,47620
2013-06-25,778.75,783.9,760,760,7864
2013-06-26,785.65,788,774,783,4059
2013-06-27,776.65,801.55,768,785.5,21072
2013-06-28,804.45,808,765.15,779.05,239846
2013-07-01,805.45,820,803,820,14280
2013-07-02,795.05,812,792.15,800.05,22001
2013-07-03,781.25,823,772.55,791.75,34248
2013-07-04,770.45,774,755,768,11345
2013-07-05,775.85,781.9,770,770,7662
2013-07-08,778.25,781,748,779.95,30679
2013-07-09,775.7,780.05,763,780,14180
2013-07-10,771.35,796,769.9,777.05,23521
2013-07-11,775,779.95,772,776,13656
2013-07-12,775.2,778.45,774.9,777.5,16928
2013-07-15,780.3,787,773.5,775,13014
2013-07-16,779.85,786,761.25,762.15,7701
2013-07-17,775.4,795,772,784.75,30311
2013-07-18,780.8,787,772.2,773.5,27519
2013-07-19,778.95,798.95,775,780.1,7046
2013-07-22,800.15,805,787.95,800,19156
2013-07-23,800.65,804.95,796,800,7208
2013-07-24,793.8,808,790.4,801,5569
2013-07-25,797.15,800.1,792,800.05,3075
2013-07-26,818.5,824.9,795.3,808.95,15293
2013-07-29,826.55,839.95,800.3,818,13372
2013-07-30,835.7,844,825.95,827,14579
2013-07-31,818.1,837,810,836.65,11368
2013-08-01,801.9,834,787,834,8929
2013-08-02,853.5,879,781.4,781.4,24227
2013-08-05,881.1,898.8,822.25,833,26940
2013-08-06,843.3,880,832.5,853,9178
2013-08-07,833.5,855.25,815.85,835.3,12958
2013-08-08,818.6,828,815,821.15,7886
2013-08-12,812.05,855,798.7,829.85,17834
2013-08-13,816.9,819.95,791.5,808.95,11764
2013-08-14,853.35,867.45,803.2,818,147564
2013-08-16,837.35,862,829,854,27000
2013-08-19,829.95,849.95,823.45,837,33234
2013-08-20,828.15,839,815.15,830.85,20856
2013-08-21,828.9,833.4,820.1,830.05,6406
2013-08-22,826.55,839.9,820.1,825,11732
2013-08-23,822.8,830.6,813,825.05,4714
2013-08-26,818.6,833,815,827,9232
2013-08-27,799.7,820.25,793,814.1,24106
2013-08-28,787.1,800,783.5,800,23368
2013-08-29,810.25,819,781,788,25887
2013-08-30,804.8,825,782,790,23800
2013-09-02,802.85,816,794.9,806.1,5707
2013-09-03,785.25,814,781,803.05,3390
2013-09-04,800.05,805.8,781.1,797.95,25401
2013-09-05,795,820,792,808,32067
2013-09-06,825.3,835,784.95,800,29714
2013-09-10,826.3,830,814.05,821,30871
2013-09-11,803.7,942,801,828,48255
2013-09-12,794.35,820,791.3,802.15,14980
2013-09-13,798.05,807,794.05,799,15143
2013-09-16,798.7,808,797.1,808,7142
2013-09-17,793.3,809,786.5,809,15216
2013-09-18,777.35,794.45,775,793,42209
2013-09-19,786.7,795.05,774,789.1,55550
2013-09-20,790.85,805,780,790,207436
2013-09-23,782,802.95,780.1,802.95,32831
2013-09-24,775.7,784.5,774.1,781.95,14135
2013-09-25,775.55,783.5,770.2,783.5,49930
2013-09-26,772.6,779.75,770,779.75,150285
2013-09-27,779.15,787.9,771,771,94047
2013-09-30,776,789.85,772.1,789.8,8288
2013-10-01,780.65,784,773.05,776,21843
2013-10-03,791.55,794,773,773.8,27754
2013-10-04,805,809,782,782,27293
2013-10-07,805.2,807,797,797,39089
2013-10-08,805.1,807.9,804.95,807.8,20924
2013-10-09,805.35,807,803.95,804,17354
2013-10-10,806.45,810,804.95,809.95,19531
2013-10-11,810,812.95,807,807,28840
2013-10-14,812.4,816.2,808,808,8746
2013-10-15,810,813,806,806.05,13702
2013-10-17,823.35,825.65,804,804,33062
2013-10-18,830.45,834,825.2,830,32418
2013-10-21,838.25,839,823.35,823.35,25066
2013-10-22,835.2,839,825.05,825.05,16422
2013-10-23,820.1,836,805,836,21098
2013-10-24,822.15,831,813.1,820,15269
2013-10-25,819.95,825,818,825,11956
2013-10-28,821.85,824.7,818,824.7,18828
2013-10-29,819.9,822.75,817.65,820,17381
2013-10-30,821.35,825.95,819.55,821.9,16099
2013-10-31,825.4,830,818,818,16051
2013-11-01,844.35,851.95,821.05,825,29360
2013-11-05,846.6,852,841,841,20477
2013-11-06,849.9,855,841.05,841.05,39148
2013-11-07,865.65,871,845,848.95,25872
2013-11-08,865.15,870,847.95,847.95,42425
2013-11-11,861.35,866.85,845,860.15,17165
2013-11-12,872.1,879,858,864.75,18754
2013-11-13,875.55,878.5,862.1,869.65,11993
2013-11-14,875,877.95,871.35,871.35,32500
2013-11-18,881,884.75,866.05,874.95,9704
2013-11-19,875.2,883.95,872,879.05,57087
2013-11-20,881.8,887.9,868.05,868.05,8626
2013-11-21,876.05,885,865,865.05,16595
2013-11-22,880.15,890,872.05,873.35,7542
2013-11-25,877.3,904.8,871.55,885,12492
2013-11-26,859.9,892.95,857,892.95,5068
2013-11-27,850.9,872,842.7,860,20981
2013-11-28,858.6,879.9,851.05,879.9,2864
2013-11-29,860.05,866.7,855.35,857.05,5507
2013-12-02,860.75,869.4,856.8,869.4,7932
2013-12-03,873.1,879,853,853,22178
2013-12-04,871,878.6,866.1,874.75,19960
2013-12-05,875.1,880.05,872.1,875,8956
2013-12-06,875.85,890,872,890,4265
2013-12-09,881.6,890,875.3,880,10125
2013-12-10,876.2,883,874,883,6168
2013-12-11,869.95,875.05,865.7,875.05,8165
2013-12-12,866,880,860.35,880,8408
2013-12-13,864.5,879,860,866,5187
2013-12-16,875.9,889.9,850.15,879,4992
2013-12-17,874.75,884.1,863.7,871.9,5996
2013-12-18,884.25,894.85,868,874.45,5019
2013-12-19,880.95,888.5,875.05,886.8,3142
2013-12-20,907.9,919.95,871.85,883.95,15926
2013-12-23,891.3,906,888.85,900,3675
2013-12-24,897.8,910,893.55,904.75,10462
2013-12-26,897.35,902,885.1,887,3064
2013-12-27,894.9,899,882,891.4,12607
2013-12-30,888.25,899,881.1,886,4847
2013-12-31,888.1,891,877,886,5520
2014-01-01,896.55,910,877.25,877.25,7778
2014-01-02,881,909.75,878,890,3880
2014-01-03,876,888,865,876.5,4948
2014-01-06,900.75,910,869.7,877.05,11914
2014-01-07,889.55,914,881.6,900,5773
2014-01-08,902.25,910,890,899.85,35218
2014-01-09,920.65,925,899,903,16939
2014-01-10,904.6,921.55,899,910.05,26136
2014-01-13,921.4,931.7,899.1,899.1,187133
2014-01-14,904.2,923.9,901,910.05,6770
2014-01-15,925.8,950,902,910,540317
2014-01-16,915.7,927,910.1,919,22770
2014-01-17,924.55,944.75,890.05,908.75,24895
2014-01-20,921.75,931,913.4,915,22917
2014-01-21,927.25,941.6,915.05,915.05,26693
2014-01-22,929.95,940,920.05,925.6,23412
2014-01-23,936.95,942.95,928.95,929.65,7245
2014-01-24,936.3,949,927.25,928.05,23157
2014-01-27,930.6,934.95,925,925,17211
2014-01-28,930.45,941,928.5,936.3,64068
2014-01-29,930.35,939.95,929.15,932.85,16330
2014-01-30,930.95,936,913.7,931,10064
2014-01-31,926.45,937.9,921.1,937.9,3637
2014-02-03,931.65,944.4,920.6,929.95,15940
2014-02-04,930,937.95,915.95,929.95,5624
2014-02-05,936.2,939.95,912.05,912.05,8622
2014-02-06,950,954.95,935.05,936,112988
2014-02-07,959.05,963,943.25,945,9808
2014-02-10,953.05,964.9,950,959,6477
2014-02-11,950.15,955,950,955,32891
2014-02-12,955.35,959.9,953.95,954.95,49184
2014-02-13,957.85,966,950,950,81387
2014-02-14,955.4,958.95,953.05,958.95,36354
2014-02-17,955.05,960.9,954,954,15780
2014-02-18,954,960,947.2,959.95,50415
2014-02-19,955.35,960,944.5,944.5,23796
2014-02-20,950.95,959,947,956.45,21714
2014-02-21,951.35,957,945.65,956,6016
2014-02-24,947.95,954.95,922,922,5382
2014-02-25,945.7,950,942.05,949,11462
2014-02-26,944,950,901.35,901.35,15032
2014-02-28,944.5,949.95,931,931,9334
2014-03-03,959.45,969.6,935,949,9312
2014-03-04,964.8,968.95,950.05,950.05,10055
2014-03-05,957.55,979,950.1,960.75,19315
2014-03-06,962.75,969,955.05,965,4381
2014-03-07,966,969.9,956.2,968,11104
2014-03-10,966.55,980,960.05,960.05,24809
2014-03-11,965.9,973,958.05,958.05,7228
2014-03-12,967.75,975.05,960.05,974,6049
2014-03-13,960.15,971.65,958.95,966.1,15215
2014-03-14,960.3,970,956.1,970,7859
2014-03-18,970.25,975,957.2,957.2,14532
2014-03-19,971.55,978,965.95,969.9,11082
2014-03-20,969.45,976,968,976,6699
2014-03-21,989.95,998.6,967.95,977,37558
2014-03-24,974.25,980.15,966,966,33571
2014-03-25,970.85,979.85,968,970.1,15343
2014-03-26,982.7,988.95,970,979.8,16451
2014-03-27,996.95,999.95,980,989.95,16648
2014-03-28,1031.7,1045,999.95,999.95,24088
2014-03-31,1024.8,1035,1008,1008,6991
2014-04-01,1004.05,1034.95,999.8,1034.95,12482
2014-04-02,1020.7,1025,1003.5,1009,22280
2014-04-03,1031.4,1045,1004.1,1014.25,21489
2014-04-04,1039.05,1040,1024.2,1031.4,5187
2014-04-07,1021.65,1040,1011.35,1039,4401
2014-04-09,1035.55,1040,1020.35,1021.05,37151
2014-04-10,1042.55,1045,1025.05,1034.95,21362
2014-04-11,1042.2,1054.8,1029.95,1040.95,93291
2014-04-15,1029.5,1055,1016.2,1021,23588
2014-04-16,1029.3,1034,1020.15,1022.05,11185
2014-04-17,1042.45,1049.95,1010,1010,137503
2014-04-21,1044.3,1050,1023,1042.45,8331
2014-04-22,1051.55,1055,1045.5,1049.9,14381
2014-04-23,1051.05,1060,1036.3,1051,12356
2014-04-25,1076.35,1085,1050.2,1051.3,53714
2014-04-28,1088.9,1090,1075,1075,148954
2014-04-29,1085.6,1094.95,1071,1071,38535
2014-04-30,1049.6,1094,1010,1086.7,31978
2014-05-02,1084.3,1092,1061,1092,39644
2014-05-05,1091.8,1095,1069.05,1069.05,11398
2014-05-06,1102.7,1118,1091.8,1091.8,29867
2014-05-07,1100.05,1110,1091.05,1091.05,23780
2014-05-08,1066.75,1120,1043.8,1103.95,35129
2014-05-09,1058.05,1072.35,1045,1052,11400
2014-05-12,1030.75,1066.8,988.55,1010,57210
2014-05-13,1040.8,1066,1037,1051,27318
2014-05-14,1035,1050.05,1031,1041.8,18523
2014-05-15,1034.3,1054.65,1028,1040,23608
2014-05-16,1062.85,1080,1035.15,1040.05,101334
2014-05-19,1105.7,1120,1061.1,1070.25,17940
2014-05-20,1124,1147.1,1117.9,1118,15184
2014-05-21,1173.95,1180,1128.1,1150,63177
2014-05-22,1180.4,1194.95,1172.1,1189.95,11931
2014-05-23,1218.1,1239.9,1180,1193.95,45224
2014-05-26,1226.95,1270,1171.1,1230,29077
2014-05-27,1168.6,1215.05,1142,1213,16359
2014-05-28,1147.95,1175,1140.55,1168.6,6651
2014-05-29,1204.75,1230,1137,1137,6339
2014-05-30,1154,1211,1140.1,1200,14721
2014-06-02,1151.15,1191,1145,1170,16803
2014-06-03,1161.3,1198,1139.6,1142,13917
2014-06-04,1166.9,1188,1155.2,1187.45,14047
2014-06-05,1179.8,1197.85,1158,1158,7348
2014-06-06,1214.35,1219,1185,1185,7510
2014-06-09,1202.35,1244,1193.35,1244,13094
2014-06-10,1214.55,1223.95,1202.35,1218.85,12449
2014-06-11,1241.1,1249,1220.25,1220.25,10791
2014-06-12,1223.35,1244,1210,1244,6949
2014-06-13,1217.75,1245,1215,1245,13489
2014-06-16,1195.6,1239.85,1175.05,1239.85,5258
2014-06-17,1206.05,1217.65,1178.5,1190.15,3895
2014-06-18,1221.05,1225.05,1194.05,1194.05,4519
2014-06-19,1221,1235,1215,1224.35,8376
2014-06-20,1213.7,1229,1190,1228.65,28705
2014-06-23,1219.8,1225,1196,1196,10143
2014-06-24,1214.05,1227.95,1193,1207.6,8196
2014-06-25,1231.65,1233,1210.05,1210.05,7898
2014-06-26,1240.4,1249.7,1225.95,1232.95,8804
2014-06-27,1255.3,1270,1228,1228,6193
2014-06-30,1271.25,1283.4,1246.05,1262,8321
2014-07-01,1382.75,1390,1275,1283,49585
2014-07-02,1384.75,1396,1345,1383,24251
2014-07-03,1328.5,1389,1325,1389,14703
2014-07-04,1304.25,1354.7,1292.3,1330.25,14047
2014-07-07,1315.85,1324.5,1295,1295,30311
2014-07-08,1321.55,1343.8,1303,1303,10872
2014-07-09,1323.15,1332,1310,1315.05,13765
2014-07-10,1301.15,1330,1283,1328.95,31130
2014-07-11,1261.8,1300,1260.3,1288.1,2658
2014-07-14,1237.45,1282,1202.5,1202.5,4520
2014-07-15,1251.8,1260,1220,1220,2218
2014-07-16,1249,1267,1241.1,1250,4476
2014-07-17,1250.5,1270.5,1237.45,1237.45,35203
2014-07-18,1279.45,1294.9,1245,1252,30042
2014-07-21,1306.2,1330,1282,1282,23544
2014-07-22,1310.6,1324.45,1298,1311,48853
2014-07-23,1314.95,1325,1310,1316,21482
2014-07-24,1318.6,1340,1302.05,1329.5,12324
2014-07-25,1309.65,1329.95,1304,1324.45,3741
2014-07-28,1322.7,1330,1309,1311.1,7049
2014-07-30,1327.9,1338.85,1307,1324.95,45189
2014-07-31,1295.3,1330,1295,1330,3780
2014-08-01,1319.25,1331,1286,1286,9593
2014-08-04,1318.75,1334,1296,1305,5988
2014-08-05,1314.45,1328,1300.1,1305.6,4698
2014-08-06,1313.6,1324,1301.5,1301.5,2632
2014-08-07,1298.7,1313.95,1295,1303,6207
2014-08-08,1274.8,1295,1261.05,1287,3134
2014-08-11,1288.95,1315,1272.6,1315,2653
2014-08-12,1316.5,1322.5,1290.05,1297.65,5709
2014-08-13,1311.05,1320,1299.75,1320,4419
2014-08-14,1300.05,1308.9,1297.5,1302.65,3313
2014-08-18,1346.45,1358.5,1300.15,1301,11356
2014-08-19,1372.65,1380,1329,1360,41907
2014-08-20,1381.65,1384.7,1350.05,1350.05,140764
2014-08-21,1359.8,1394.7,1346.5,1381.65,27455
2014-08-22,1366.9,1374.9,1350,1360,11067
2014-08-25,1384.85,1389.7,1374,1379,25795
2014-08-26,1381.1,1407.35,1351.3,1380,50123
2014-08-27,1352.65,1378,1350,1360,7802
2014-08-28,1335.2,1360.95,1330,1354,3561
2014-09-01,1335.1,1349.9,1325,1335.2,5658
2014-09-02,1346.9,1380,1329,1337,11544
2014-09-03,1345.95,1360,1339,1351.1,24345
2014-09-04,1340.45,1354,1336,1340,20691
2014-09-05,1350.05,1369,1342.05,1364.95,19318
2014-09-08,1386.55,1392,1348,1360,34150
2014-09-09,1370.8,1381.05,1360.05,1360.05,38244
2014-09-10,1359.3,1370.15,1353,1367.1,60302
2014-09-11,1349.3,1364.7,1344.15,1364.7,52682
2014-09-12,1350.45,1364.95,1342,1344,10905
2014-09-15,1354.3,1368,1351,1351,4488
2014-09-16,1317.45,1374,1303.7,1351.05,18699
2014-09-17,1346.1,1361,1320,1330,9626
2014-09-18,1350.05,1369.7,1329.95,1340,9045
2014-09-19,1380.9,1410.45,1357.3,1373.95,21202
2014-09-22,1372.35,1389.65,1355,1370,7272
2014-09-23,1374.05,1388.9,1370,1375.05,42458
2014-09-24,1369.1,1378,1360.05,1378,9283
2014-09-25,1405.9,1435,1373.8,1373.8,40856
2014-09-26,1393.05,1411,1379.95,1407,19988
2014-09-29,1379.3,1392,1375.1,1380.1,40857
2014-09-30,1392.55,1430,1375.05,1375.05,8731
2014-10-01,1380.1,1412.95,1377,1388,42427
2014-10-07,1379.1,1413.3,1353.05,1380,29750
2014-10-08,1370.65,1380,1368,1374.1,2804
2014-10-09,1435.75,1450,1366,1366,27186
2014-10-10,1413.8,1441,1385,1441,30721
2014-10-13,1383.1,1419,1380,1409.05,18827
2014-10-14,1384.95,1425,1380.5,1388,5260
2014-10-16,1356.85,1437.35,1322,1401,24959
2014-10-17,1365.45,1376.95,1340.25,1359,4896
2014-10-20,1384.7,1404.75,1370,1370,20534
2014-10-21,1404.5,1419,1370.05,1381.1,16433
2014-10-22,1409.85,1435.5,1406.35,1408.95,11963
2014-10-23,1415.3,1432,1402,1424.95,1182
2014-10-27,1399.6,1428.95,1390,1415,4110
2014-10-28,1380,1403.9,1376.1,1395,20758
2014-10-29,1387.8,1405,1377,1377,28187
2014-10-30,1380,1391.65,1375,1383,27820
2014-10-31,1386.55,1414.5,1375,1375,9099
2014-11-03,1383.9,1409.3,1380.1,1382.5,15626
2014-11-05,1390.3,1399.8,1380.9,1381.35,58670
2014-11-07,1396,1410.2,1390,1395,57124
2014-11-10,1380.85,1402,1371.3,1402,13360
2014-11-11,1381.95,1391.95,1377.1,1385,5948
2014-11-12,1402.35,1408,1379.5,1386.95,230574
2014-11-13,1400,1403,1390,1401,19815
2014-11-14,1404.45,1407,1397.15,1400,61228
2014-11-17,1422.85,1439.7,1398.05,1398.05,92136
2014-11-18,1413.4,1432,1412.1,1428,12221
2014-11-19,1429.15,1447.8,1401.45,1401.45,31385
2014-11-20,1539.45,1638,1418,1438,144203
2014-11-21,1460.95,1540,1441.2,1530,37816
2014-11-24,1463.9,1494.95,1445,1470,17242
2014-11-25,1431.45,1470,1422.05,1464.85,7255
2014-11-26,1406.2,1470,1401.05,1441,13520
2014-11-27,1409.45,1420,1391.3,1415,67397
2014-11-28,1429.8,1440,1411.1,1415,12460
2014-12-01,1423.35,1449,1415.35,1420,12121
2014-12-02,1422.25,1444.3,1419,1419,18788
2014-12-03,1424.05,1459.9,1420,1426.95,16544
2014-12-04,1437.95,1457.95,1420,1429,28545
2014-12-05,1429.85,1460,1420.25,1430.35,36827
2014-12-08,1424.75,1432,1411.1,1432,96085
2014-12-09,1420.1,1437,1418.1,1424.8,17823
2014-12-10,1413.3,1443,1409.8,1428.1,10684
2014-12-11,1434.05,1438.2,1410,1422,466376
2014-12-12,1440.95,1465,1423,1436,26886
2014-12-15,1406.65,1441,1395.55,1441,7149
2014-12-16,1399.4,1430,1361.05,1414.3,15142
2014-12-17,1349.8,1399.95,1206.5,1394.9,13524
2014-12-18,1360.25,1379.85,1342.3,1350,6144
2014-12-19,1320.8,1391.6,1303.3,1384,21681
2014-12-22,1401.15,1415,1325,1325,15839
2014-12-23,1373.35,1424.75,1351.2,1395,83766
2014-12-24,1384.6,1399.9,1367.05,1379.9,6874
2014-12-26,1384.7,1414,1373,1390,7803
2014-12-29,1398.9,1414,1384,1384,3449
2014-12-30,1400.25,1414,1392,1397.95,8880
2014-12-31,1403.85,1422.7,1400,1400,9425
2015-01-01,1407.1,1422,1400,1400.05,4619
2015-01-02,1436.35,1450,1407,1407,16347
2015-01-05,1457.35,1471,1427.05,1435,10385
2015-01-06,1430.9,1450,1425,1448,10257
2015-01-07,1428.65,1450,1416,1431.05,15356
2015-01-08,1466.45,1519.85,1437.95,1438,21704
2015-01-09,1428.75,1479.55,1420.5,1462,10465
2015-01-12,1452.5,1468,1420.05,1420.05,14398
2015-01-13,1463.95,1476.75,1448.05,1457,7864
2015-01-14,1496.1,1535,1453.05,1459,42562
2015-01-15,1468.45,1528,1454,1501,27882
2015-01-16,1434.9,1465,1391.3,1464,23795
2015-01-19,1420.6,1458,1410.95,1435,64199
2015-01-20,1413.8,1439.95,1405.1,1425,14297
2015-01-21,1404.5,1436.95,1400,1419,12918
2015-01-22,1407.55,1434.9,1371.2,1392,37696
2015-01-23,1402.85,1433.6,1396.1,1412,11183
2015-01-27,1396.75,1412,1382,1407.95,74299
2015-01-28,1424.1,1427,1392,1392,103355
2015-01-29,1421.75,1426.2,1410,1426.1,99786
2015-01-30,1405.55,1429,1402,1423.25,56627
2015-02-02,1409.6,1435.7,1401.15,1404.5,25241
2015-02-03,1414.1,1420,1406.15,1413.95,42407
2015-02-04,1411.9,1421,1405,1410.3,9885
2015-02-05,1420.8,1442,1410.15,1416.65,72363
2015-02-06,1414.95,1425,1403.25,1419.95,24298
2015-02-09,1387.4,1420,1386.05,1420,36714
2015-02-10,1400,1412,1390,1394.15,15486
2015-02-11,1400.9,1408.95,1395,1401.05,8683
2015-02-12,1399.85,1414.85,1385,1406,27395
2015-02-13,1389.7,1405,1380,1397.75,17161
2015-02-16,1376.8,1396.05,1368.15,1385.25,69371
2015-02-18,1379.7,1424,1308.05,1375,102065
2015-02-19,1380.4,1396.3,1377.3,1379.05,33605
2015-02-20,1395.3,1405,1370,1380.45,15320
2015-02-23,1410.8,1468,1370,1455,73397
2015-02-24,1390.05,1416,1379,1406,14868
2015-02-25,1371.35,1400.9,1365,1394.65,28035
2015-02-26,1363.5,1378,1360,1367.5,5780
2015-02-27,1390.7,1404.95,1368,1368,152314
2015-03-02,1395.15,1410,1390.05,1399,58036
2015-03-03,1406.5,1415,1390,1390,15529
2015-03-04,1397.1,1410.9,1392.45,1402.05,10883
2015-03-05,1395.5,1399,1390.05,1395.5,6322
2015-03-09,1328.8,1396.95,1326,1391,79417
2015-03-10,1373.3,1376,1335,1335,12288
2015-03-11,1377.65,1390,1374.6,1374.6,9889
2015-03-12,1377.95,1395,1358.05,1382,16247
2015-03-13,1363.7,1388,1355,1373.05,6684
2015-03-16,1334.7,1367.9,1330,1365.05,28183
2015-03-17,1358.8,1374.65,1339,1339,14349
2015-03-18,1353.95,1358.3,1342,1348,130173
2015-03-19,1366.7,1378,1352.45,1359.95,18984
2015-03-20,1298.95,1362.65,1260,1355.4,69591
2015-03-23,1303.7,1321.1,1286,1321.1,21093
2015-03-24,1301.9,1309,1268.3,1302.05,4769
2015-03-25,1298.65,1304.75,1285,1296.15,100963
2015-03-26,1300.6,1310,1296,1298.65,9936
2015-03-27,1300.05,1315,1295.65,1306.15,25403
2015-03-30,1291,1310.2,1285,1300,13368
2015-03-31,1296.25,1303.85,1290,1302.05,21577
2015-04-01,1299.9,1329.85,1285.05,1302.3,24626
2015-04-06,1290.55,1303.35,1287.65,1299.9,8751
2015-04-07,1316.05,1326,1281,1304.95,15434
2015-04-08,1314.35,1326,1299.95,1316.05,9934
2015-04-09,1300.4,1320,1295.9,1310.8,8992
2015-04-10,1299.75,1315,1297.8,1304.65,9240
2015-04-13,1288.6,1348,1285,1324.85,8867
2015-04-15,1294.7,1305,1272,1290.05,13236
2015-04-16,1293.6,1299,1290,1292.05,3400
2015-04-17,1287.55,1298.45,1280,1293.15,9479
2015-04-20,1292.9,1294,1281.05,1287.05,35437
2015-04-21,1270,1298,1267.05,1287,12521
2015-04-22,1267.2,1273.8,1263.05,1271.15,21414
2015-04-23,1270.25,1274.95,1265.15,1265.15,9079
2015-04-24,1267,1274.85,1251.25,1265.5,16555
2015-04-27,1256.7,1266.1,1244.2,1261.05,10924
2015-04-28,1303.3,1310,1253,1253.4,14070
2015-04-29,1283.55,1298.6,1263.75,1297,22320
2015-04-30,1293.1,1298,1271.05,1277,3581
2015-05-04,1299.7,1306.15,1290,1290,11319
2015-05-05,1290.05,1305.95,1278.3,1296,23719
2015-05-06,1278.1,1296,1259.05,1296,6258
2015-05-07,1281.7,1289.9,1272,1272.75,15845
2015-05-08,1295.95,1300.05,1277.9,1287.9,39487
2015-05-11,1294.85,1303.35,1278.45,1296.1,58450
2015-05-12,1296.05,1315.3,1272,1272,21418
2015-05-13,1298.75,1305,1290,1303.15,134719
2015-05-14,1299,1305,1295.6,1299.05,50945
2015-05-15,1301.2,1306,1297,1300.65,72933
2015-05-18,1304.95,1311.2,1297.05,1305.4,41722
2015-05-19,1301.65,1311,1295,1309.15,37807
2015-05-20,1302.6,1308,1296,1299,47121
2015-05-21,1303.65,1319.75,1286,1286,21935
2015-05-22,1325.5,1338,1286.1,1286.1,14696
2015-05-25,1314.6,1329,1301.1,1301.1,3496
2015-05-26,1307.35,1326.35,1300.05,1300.05,3571
2015-05-27,1331.95,1344,1290,1290,6637
2015-05-28,1324.05,1339.75,1313,1337.6,2540
2015-05-29,1331.55,1346,1320.3,1325.75,4717
2015-06-01,1322.6,1330,1296.3,1305,4642
2015-06-02,1327.25,1335,1318.95,1322.5,5407
2015-06-03,1320.55,1330,1304.05,1311.25,9297
2015-06-04,1335.05,1360,1312,1320.15,16377
2015-06-05,1309.1,1349.95,1305,1317.1,32066
2015-06-08,1326.8,1338.6,1320.15,1320.15,5309
2015-06-09,1337,1349,1310,1326.75,5421
2015-06-10,1347.3,1371.85,1321,1321.65,4350
2015-06-11,1327.8,1354.05,1306,1349.1,3721
2015-06-12,1338.15,1345,1315.95,1320.05,3103
2015-06-15,1327.95,1349.95,1323,1349.95,2306
2015-06-16,1320.15,1337.85,1311.6,1334.55,2188
2015-06-17,1332.4,1340.8,1313,1313,3405
2015-06-18,1334.85,1344,1331.05,1337,2447
2015-06-19,1323.95,1339.95,1316.15,1331.1,39982
2015-06-22,1354.1,1365,1325,1330.15,8438
2015-06-23,1401.35,1407.2,1351.05,1351.5,118942
2015-06-24,1448.8,1494.1,1404.2,1410,49240
2015-06-25,1459.45,1469.7,1425,1443.65,20779
2015-06-26,1434.2,1449.95,1413,1428,8368
2015-06-29,1423.05,1450,1387,1430,211165
2015-06-30,1459.55,1474,1417.4,1438,15348
2015-07-01,1455.25,1466,1439.85,1450,20881
2015-07-02,1478.35,1485,1450,1450,9193
2015-07-03,1473.25,1510,1455.65,1475,13611
2015-07-06,1508.3,1523.1,1475,1475,10730
2015-07-07,1504.9,1537.9,1498,1500,10874
2015-07-08,1504.1,1525,1476.85,1506,28302
2015-07-09,1469.5,1490,1462.4,1486,5260
2015-07-10,1451.1,1495.3,1444.05,1469.5,11641
2015-07-13,1428.35,1456.2,1424.1,1456.15,15578
2015-07-14,1420.75,1439.95,1416.55,1437,15102
2015-07-15,1399.8,1414,1390,1412,44219
2015-07-16,1406.65,1428,1398.75,1399.95,12594
2015-07-17,1410.2,1419.65,1400.1,1415.25,3685
2015-07-20,1395.5,1413.3,1390,1410,7540
2015-07-21,1392.8,1422,1386.25,1398,12950
2015-07-22,1379.45,1410.55,1372.25,1398.75,14287
2015-07-23,1424.6,1432,1394.75,1394.75,25405
2015-07-24,1404.35,1431.95,1399.95,1431.95,35938
2015-07-27,1433.45,1439,1402.35,1405,15424
2015-07-28,1420.7,1446.55,1415.9,1438,26788
2015-07-29,1444.75,1455,1428.45,1440,11811
2015-07-30,1483,1499.15,1449,1449,30456
2015-07-31,1475.45,1500,1461,1483,11820
2015-08-03,1477.55,1499.3,1462,1462,7250
2015-08-04,1503.15,1521,1479.1,1480,63611
2015-08-05,1523.45,1529.3,1507.3,1512.05,33178
2015-08-06,1558.2,1565,1526.4,1529.95,45274
2015-08-07,1581.9,1630,1558,1558.2,34924
2015-08-10,1599.6,1609.3,1566.5,1593,35416
2015-08-11,1581.7,1606.95,1551.1,1606.95,17147
2015-08-12,1575.5,1584.05,1565.05,1584.05,4442
2015-08-13,1600.25,1613,1580,1580,41043
2015-08-14,1645.35,1665,1610,1610.05,149984
2015-08-17,1645.95,1667,1638,1645,49609
2015-08-18,1657.1,1665,1645.05,1645.05,3234
2015-08-19,1664.65,1672,1654.1,1661,6277
2015-08-20,1660.25,1694.05,1651.3,1668,18736
2015-08-21,1656.1,1674.9,1640,1640,26556
2015-08-24,1618.3,1669,1615,1669,70387
2015-08-25,1611.85,1630,1580,1580,61012
2015-08-26,1575.1,1621.25,1531.05,1605.05,98682
2015-08-27,1585.15,1604,1545,1545,25066
2015-08-28,1626.4,1639.9,1582.5,1582.5,107108
2015-08-31,1584.45,1626.4,1551.25,1626.4,22609
2015-09-01,1613.65,1618.25,1561.25,1616.05,149195
2015-09-02,1556.9,1635,1542.25,1635,17657
2015-09-03,1611.7,1616,1569,1584,65942
2015-09-04,1588.75,1610,1576.7,1610,11233
2015-09-07,1553.5,1590.35,1545,1588,2860
2015-09-08,1497.55,1588.9,1489,1588.9,6800
2015-09-09,1500.7,1514.95,1490.1,1490.1,11851
2015-09-10,1600.5,1606,1480.05,1480.05,40594
2015-09-11,1639.6,1660.35,1567.4,1575,21785
2015-09-14,1616.6,1649,1609,1649,12425
2015-09-15,1596.1,1616.25,1580,1596,10031
2015-09-16,1601.1,1615,1580,1592.95,180500
2015-09-18,1617.7,1645,1575.1,1582,150725
2015-09-21,1553.05,1622,1536,1622,29872
2015-09-22,1573.35,1584,1560,1560,6887
2015-09-23,1589.45,1599,1551,1551,4847
2015-09-24,1578.25,1595,1565.1,1587.8,7564
2015-09-28,1566.1,1592,1561.05,1590,8896
2015-09-29,1557.1,1568,1545,1560,7922
2015-09-30,1570.85,1580,1558.1,1566.25,4155
2015-10-01,1591.4,1600,1569.6,1572.8,9916
2015-10-05,1593.35,1628.1,1580,1619,63929
2015-10-06,1586.25,1608,1572,1572,2061
2015-10-07,1583.75,1619,1580,1592.95,39542
2015-10-08,1584.8,1605,1572,1583,26204
2015-10-09,1591.05,1599,1579.2,1585,35257
2015-10-12,1572.3,1608,1571,1584,2722
2015-10-13,1581.5,1597.4,1570.5,1575.1,45430
2015-10-14,1578.3,1587.2,1570.1,1587.2,184377
2015-10-15,1574.75,1580.5,1560.2,1579.1,29439
2015-10-16,1568.35,1580,1562.8,1579.55,5040
2015-10-19,1590.2,1595,1559.1,1559.1,34320
2015-10-20,1597.4,1617,1580.05,1599.55,37302
2015-10-21,1629.05,1639,1598,1600,55170
2015-10-23,1621.65,1630.95,1590.1,1630.95,31263
2015-10-26,1625.2,1639,1610.05,1624.85,120000
2015-10-27,1667.8,1680,1630,1630,17084
2015-10-28,1651.3,1718.95,1650,1679,14207
2015-10-29,1650.25,1665,1649,1657.55,3614
2015-10-30,1658.85,1665,1650,1650.25,15131
2015-11-02,1677.85,1725,1650,1662.6,11437
2015-11-03,1661.95,1709,1653,1677,10955
2015-11-04,1670.1,1682,1653.25,1661,9079
2015-11-05,1680.45,1695,1653,1680.8,55747
2015-11-06,1665.3,1687.9,1650.05,1680,19519
2015-11-09,1653.9,1670.25,1649.95,1664.95,3994
2015-11-10,1651.35,1662.1,1650.25,1661,4158
2015-11-11,1655.15,1687.95,1651,1687.95,1304
2015-11-13,1653.95,1659.95,1650.15,1655.15,5042
2015-11-16,1657.15,1667.5,1650.85,1667.5,2377
2015-11-17,1669.45,1683.95,1652.6,1670,2423
2015-11-18,1667.5,1685,1654.55,1660.1,10611
2015-11-19,1661.8,1676,1652.05,1652.05,14562
2015-11-20,1664.7,1671.5,1659.1,1665.6,9235
2015-11-23,1670.8,1680,1656,1665,15991
2015-11-24,1684.7,1694,1670,1670,75360
2015-11-26,1693.8,1709,1685,1685,10829
2015-11-27,1709.6,1740,1689.95,1690,12202
2015-11-30,1707.25,1724,1681.25,1724,14948
2015-12-01,1718.85,1725,1700,1713.2,158612
2015-12-02,1733.65,1740,1704.25,1704.25,94319
2015-12-03,1725.2,1747.8,1725,1747.8,3324
2015-12-04,1729.1,1738,1720,1720,2902
2015-12-07,1720.1,1735.5,1720,1722,69545
2015-12-08,1718.5,1737.95,1693.2,1699,19808
2015-12-09,1729.8,1730.05,1711.1,1718.2,24185
2015-12-10,1693.6,1735.05,1680.1,1730,15932
2015-12-11,1675.15,1716,1662.25,1693.6,6135
2015-12-14,1610.4,1680,1602,1675,9630
2015-12-15,1648.05,1659,1601,1601,3282
2015-12-16,1652.7,1668,1621.2,1621.2,3669
2015-12-17,1669.8,1697.95,1620,1641,4010
2015-12-18,1720.8,1747,1644,1693.1,17247
2015-12-21,1718.45,1730,1690,1690.05,17177
2015-12-22,1679.45,1732,1661.9,1691.05,44874
2015-12-23,1638.55,1695,1631.1,1675.1,14643
2015-12-24,1617.85,1674.85,1606.1,1674.8,19646
2015-12-28,1662.75,1679,1619,1619,4359
2015-12-29,1651.5,1670.25,1641,1641,4733
2015-12-30,1650.1,1666.85,1648.1,1655.05,9322
2015-12-31,1659.2,1670.25,1651,1660,2360
2016-01-01,1677.1,1695,1632.05,1632.05,15983
2016-01-04,1660.15,1684.95,1651,1677.1,6517
2016-01-05,1652.6,1670,1650,1665,11430
2016-01-06,1655,1663.45,1650,1650.05,19496
2016-01-07,1657.95,1695,1645,1695,18527
2016-01-08,1668.7,1675,1632,1635.1,20242
2016-01-11,1644.4,1657.5,1620.1,1650,29844
2016-01-12,1620.9,1664.95,1615,1656,8885
2016-01-13,1625.35,1651,1610,1639.95,21639
2016-01-14,1630.95,1661.65,1614,1616,7600
2016-01-15,1617.3,1653,1601.1,1653,4550
2016-01-18,1552.4,1600,1529.15,1598.05,15677
2016-01-19,1505.25,1547.6,1502.05,1546.2,7075
2016-01-20,1478.05,1513.5,1470,1506,3438
2016-01-21,1414.8,1496,1406.65,1486.5,4767
2016-01-22,1474.9,1480,1430,1445,12027
2016-01-25,1469.3,1520.6,1452.1,1478.9,8298
2016-01-27,1456.4,1477,1445.5,1467,3904
2016-01-28,1470.65,1487.8,1458.05,1469.85,10604
2016-01-29,1480.45,1498,1425,1441.2,3591
2016-02-01,1473.3,1526,1466,1495.3,4129
2016-02-02,1426.1,1494,1412.35,1473.3,21453
2016-02-03,1435.85,1499,1382,1447.9,18158
2016-02-04,1459.7,1479.9,1421.15,1443.1,75835
2016-02-05,1471.05,1498,1435,1479,7067
2016-02-08,1432.4,1484.9,1425,1471,38207
2016-02-09,1421.4,1432,1401.05,1432,2359
2016-02-10,1380.45,1428.75,1375,1420,6729
2016-02-11,1349.9,1404,1341,1380.45,6036
2016-02-12,1359.35,1386,1310,1386,4931
2016-02-15,1404.2,1419,1361.05,1361.05,9488
2016-02-16,1380.55,1401,1363.1,1363.1,7539
2016-02-17,1383.35,1416.3,1375.05,1380,15554
2016-02-18,1404,1423,1380,1383,4014
2016-02-19,1383.7,1410,1380,1399.45,3119
2016-02-22,1394.75,1405.05,1386.65,1396,1051
2016-02-23,1387.9,1393.5,1380,1390,17735
2016-02-24,1392.95,1400,1380,1388,54419
2016-02-25,1412.4,1424,1383.35,1392,4783
2016-02-26,1419.8,1429.5,1412,1412,3272
2016-02-29,1349.15,1420,1331,1420,12735
2016-03-01,1406.55,1411.45,1350.55,1379.95,7782
2016-03-02,1416.75,1436.25,1406.05,1410.6,2334
2016-03-03,1412.7,1430,1390,1430,33923
2016-03-04,1431.4,1444,1397.85,1415,117757
2016-03-08,1423.3,1458,1416,1458,13605
2016-03-09,1429.9,1439.95,1397.95,1400.35,147616
2016-03-10,1439.4,1449.65,1425.75,1445,4711
2016-03-11,1454.5,1473.4,1410,1449,3997
2016-03-14,1443.6,1455,1420,1436.85,7802
2016-03-15,1420.25,1454,1417,1430,27094
2016-03-16,1401.15,1409.2,1395,1408.75,2994
2016-03-17,1459.9,1470,1401.1,1421,9705
2016-03-18,1427,1458.9,1417,1458.9,12900
2016-03-21,1439.25,1454.9,1427,1437,3453
2016-03-22,1426.15,1435,1425,1434.95,3492
2016-03-23,1434.2,1449.9,1425,1431.75,5645
2016-03-28,1425,1449.95,1420,1449.95,10484
2016-03-29,1430,1441.6,1420.1,1438.7,166081
2016-03-30,1437.3,1465.9,1425,1433,7350
2016-03-31,1468.5,1533.3,1430.35,1456,38416
2016-04-01,1482.35,1538.7,1420,1468.55,20909
2016-04-04,1474.65,1493.7,1450,1482,5136
2016-04-05,1435.5,1479,1429.5,1454,4383
2016-04-06,1441.9,1461,1432.1,1432.1,1633
2016-04-07,1429.95,1464.95,1426,1464.95,20889
2016-04-08,1451.8,1454,1432,1440.05,1935
2016-04-11,1450.45,1472.7,1440.3,1451.25,4247
2016-04-12,1464.05,1469,1448,1450,1405
2016-04-13,1504.55,1510,1462,1464,8635
2016-04-18,1509.3,1510,1473.1,1473.1,9141
2016-04-20,1507.4,1522.9,1500,1508.95,15022
2016-04-21,1499.45,1510,1478.7,1509,4943
2016-04-22,1482.65,1519.95,1476,1519.95,4850
2016-04-25,1477.45,1494.85,1475.1,1476,1301
2016-04-26,1467.35,1491,1461,1477,105366
2016-04-27,1455.8,1484.75,1451,1467,9016
2016-04-28,1434.1,1469,1423,1455,5909
2016-04-29,1438.95,1464,1430,1464,3236
2016-05-02,1442.1,1459.9,1395.05,1438,20298
2016-05-03,1435,1452.95,1425,1442,5398
2016-05-04,1419.35,1435.05,1415,1435.05,18817
2016-05-05,1409.65,1429.9,1406,1420,41892
2016-05-06,1434.6,1443,1409,1424.65,4085
2016-05-09,1430.3,1453.05,1425.5,1453.05,199989
2016-05-10,1488.1,1530.95,1435,1435,47877
2016-05-11,1478.6,1488.95,1465,1468,2845
2016-05-12,1511.4,1515,1467,1490,10722
2016-05-13,1520.2,1535,1491.05,1509.9,310988
2016-05-16,1538.25,1574.9,1501,1512,26468
2016-05-17,1515,1540,1494.05,1540,16252
2016-05-18,1534.05,1539.9,1501,1515,5378
2016-05-19,1509.95,1527.95,1499.1,1524.05,23769
2016-05-20,1481.8,1520,1481,1520,4794
2016-05-23,1493.7,1502.85,1480,1494,4778
2016-05-24,1507.65,1518.4,1468.5,1504.95,3520
2016-05-25,1501.75,1548,1472,1499.95,13519
2016-05-26,1530.6,1595.6,1520,1578,28012
2016-05-27,1532.95,1543.45,1515,1540.5,6475
2016-05-30,1517.3,1548,1507.1,1539.65,16602
2016-05-31,1527.7,1538.95,1512.8,1518.55,2734
2016-06-01,1518.05,1541.6,1515.05,1538.65,2511
2016-06-02,1522,1538.8,1505.7,1520,98480
2016-06-03,1507.05,1532.5,1493,1528,14985
2016-06-06,1545,1554.95,1500,1507.15,6173
2016-06-07,1540.45,1545,1522,1545,55392
2016-06-08,1541.35,1550,1525.1,1539,3564
2016-06-09,1548.3,1555,1542,1547.7,2576
2016-06-10,1550.25,1559.85,1540.05,1548,16981
2016-06-13,1542.35,1546,1500,1520.05,2037
2016-06-14,1529.8,1548,1519.95,1542.5,3276
2016-06-15,1534.45,1556.5,1527,1533.05,18171
2016-06-16,1534.65,1555,1517.35,1555,20338
2016-06-17,1554.7,1566.95,1530,1544.95,14681
2016-06-20,1578.4,1584,1531.1,1548,487646
2016-06-21,1590.95,1599.9,1560.1,1577.95,8260
2016-06-22,1596.15,1600,1570.15,1575,6083
2016-06-23,1565.15,1629,1550.45,1596,5395
2016-06-24,1542.85,1554.95,1517,1549.7,12814
2016-06-27,1564.5,1580.75,1542,1542.05,5994
2016-06-28,1585.35,1616,1574.95,1574.95,15459
2016-06-29,1637.6,1650,1586,1586.05,27196
2016-06-30,1665.15,1695.25,1650,1661,30849
2016-07-01,1681.05,1720,1673.95,1673.95,20327
2016-07-04,1673.55,1715.95,1665,1683.2,7374
2016-07-05,1620.4,1688.45,1610.35,1675.15,12124
2016-07-07,1607.35,1635,1601.25,1620.05,6145
2016-07-08,1600.95,1623,1576.6,1623,34063
2016-07-11,1659.1,1699.9,1603,1603,39429
2016-07-12,1631.05,1689.95,1625,1689.95,18119
2016-07-13,1625,1655.05,1612.25,1642,8120
2016-07-14,1618.95,1632,1611.25,1625,26880
2016-07-15,1613.25,1622,1601.1,1618.55,22229
2016-07-18,1631.25,1674,1613.5,1613.5,42919
2016-07-19,1626.1,1650,1622.25,1641,11363
2016-07-20,1661.7,1669.9,1623.5,1627.1,24415
2016-07-21,1705.55,1714.5,1662.05,1662.05,79708
2016-07-22,1788.85,1798,1707.1,1707.1,71595
2016-07-25,1808.6,1830,1747,1818.9,34729
2016-07-26,1829.75,1855,1777,1808,129115
2016-07-27,1844.55,1897.1,1814.4,1840,68759
2016-07-28,1799.95,1821.7,1742.5,1821.7,73740
2016-07-29,1807.7,1833,1796.8,1819,43843
2016-08-01,1838.7,1855,1811.25,1811.25,28650
2016-08-02,1788.2,1865.1,1770.75,1849.8,64464
2016-08-03,1781.6,1809.9,1773.95,1790.1,16869
2016-08-04,1801.4,1815,1782,1808.7,16566
2016-08-05,1800.8,1817.75,1798,1805.1,31359
2016-08-08,1818.3,1825,1799,1810.05,22205
2016-08-09,1808.25,1824,1778.3,1806.65,11301
2016-08-10,1798.2,1820,1776.35,1797.15,9609
2016-08-11,1814.6,1824.9,1800,1800.05,46244
2016-08-12,1816.45,1827.95,1800,1814,20033
2016-08-16,1808.9,1816,1800,1816,30209
2016-08-17,1797.4,1818,1785,1809.9,46212
2016-08-18,1791.75,1833.85,1787,1804.15,32983
2016-08-19,1810.2,1824.75,1790.35,1800.9,13936
2016-08-22,1790.6,1816,1782.1,1809.9,10867
2016-08-23,1785.45,1802.95,1770.1,1792.15,9658
2016-08-24,1780.85,1795,1766.15,1790.95,7416
2016-08-25,1798.25,1894.85,1795,1840,56126
2016-08-26,1806.9,1824.05,1796,1812.25,14116
2016-08-29,1791.25,1810,1782.05,1810,12475
2016-08-30,1799.85,1806.35,1789.05,1790,48347
2016-08-31,1808.25,1822.5,1799.1,1808.75,18335
2016-09-01,1820.95,1839.9,1797,1806.7,53091
2016-09-02,1869.75,1925,1821,1829,73929
2016-09-06,1868.6,1924,1851,1894.7,27099
2016-09-07,1866.8,1875,1840.2,1869.9,9576
2016-09-08,1895.55,1908,1845.5,1867,37323
2016-09-09,1868.1,1911,1863.15,1894.95,19105
2016-09-12,1831.8,1864.3,1805,1828,17907
2016-09-14,1843.05,1849,1830,1832.3,17847
2016-09-15,1864,1896,1833.05,1843.05,10604
2016-09-16,1796.65,1880,1760.35,1863.95,125326
2016-09-19,1843.6,1852.95,1803.25,1836,23067
2016-09-20,1839.95,1850.35,1830.05,1830.05,19886
2016-09-21,1849.95,1893,1840,1840,35042
2016-09-22,1840.1,1870.05,1820.05,1870,29137
2016-09-23,1872,1897.05,1843.4,1868.9,67676
2016-09-26,1880.25,1898.95,1861.6,1898.95,22521
2016-09-27,1905.05,1953.5,1882.05,1882.05,85088
2016-09-28,1950,1964,1908,1908,78702
2016-09-29,1905,1965,1836.6,1955,47696
2016-09-30,1909.6,1925,1865,1905,11327
2016-10-03,1938.2,1952,1871,1871,43295
2016-10-04,1991.7,2000,1935,1956,30128
2016-10-05,2130.4,2241.95,1999,2009,134855
2016-10-06,2094.75,2197,2070.2,2147,43960
2016-10-07,2053.8,2120,2048,2118,41627
2016-10-10,2005.8,2074.9,1990,2074.9,144268
2016-10-13,2018.45,2023,1980,2018,27137
2016-10-14,2086.85,2109,2005.1,2021.6,68810
2016-10-17,2100,2169.85,2085.1,2087.05,63972
2016-10-18,2106.6,2187,2082.6,2124,37941
2016-10-19,2106.6,2138.7,2095,2120,18786
2016-10-20,2131.7,2143,2104.3,2119.9,51248
2016-10-21,2172.6,2199,2115.05,2131,44807
2016-10-24,2155,2189.95,2126,2156.15,27046
2016-10-25,2169.15,2197.95,2139.95,2145,68630
2016-10-26,2159.15,2238.95,2143.05,2184.65,63416
2016-10-27,2140,2175,2118.9,2160,30422
2016-10-28,2177.4,2188,2151.2,2151.2,29644
2016-11-01,2190.7,2245,2173.6,2245,33513
2016-11-02,2202.4,2225,2145,2170,18051
2016-11-03,2195,2210,2180,2204.9,32120
2016-11-04,2190.1,2205,2173,2195,31242
2016-11-07,2122.4,2208,2110,2194,467309
2016-11-08,2187.05,2225,2105.1,2132.65,547941
2016-11-09,2067.45,2155.4,1902.55,1980,38176
2016-11-10,2149.75,2163.95,2080.2,2141.9,20339
2016-11-11,2119.9,2180,2105.1,2180,14106
2016-11-15,2011.55,2119.9,1961.6,2119.9,17258
2016-11-16,1975.6,2048,1965.05,2011,10618
2016-11-17,1919.4,1975,1912,1968,13718
2016-11-18,1902.2,1951.05,1898.9,1936,9344
2016-11-21,1852.4,1918.95,1841.6,1916.75,7805
2016-11-22,1924.15,1950,1840.1,1859.05,12901
2016-11-23,1999.8,2045,1905.5,1954,12905
2016-11-24,2122.15,2140,1992,2001,333797
2016-11-25,2041.1,2115,2033,2115,17667
2016-11-28,2073.35,2088,2050.25,2055,6252
2016-11-29,2103.3,2132,2079,2079.95,8641
2016-11-30,2135.45,2159.7,2101.1,2112.2,7811
2016-12-01,2053.35,2155.05,2034.55,2154.85,279483
2016-12-02,2018.75,2053.8,1975.05,2049.9,5926
2016-12-05,1976.4,2025.05,1970,2025,16388
2016-12-06,2027.1,2043,1980,1998.95,10466
2016-12-07,2009.7,2058.95,2001.25,2017.95,12043
2016-12-08,2039.55,2050,1999.05,2044.85,8064
2016-12-09,2014.25,2064.95,2006.05,2064.95,15080
2016-12-12,2037.4,2054.9,2020.05,2034.4,6788
2016-12-13,1996.85,2040.05,1992.15,2021.05,9216
2016-12-14,1994.2,2015,1988,2007.95,3518
2016-12-15,1946.9,2005.8,1940.55,1999.85,12106
2016-12-16,1931.2,1969,1925,1969,14047
2016-12-19,1898.35,1942.95,1884.55,1935.05,8290
2016-12-20,1843.4,1902.95,1840,1900.05,8911
2016-12-21,1840.35,1859.7,1829,1851.05,4627
2016-12-22,1796.8,1850,1792,1850,47935
2016-12-23,1806.85,1839.85,1780.85,1805,11357
2016-12-26,1767.2,1815.15,1756,1801.55,12418
2016-12-27,1757.85,1817.1,1742.65,1775.65,20737
2016-12-28,1767.85,1790,1748,1762.15,144618
2016-12-29,1810.7,1819.9,1770,1785,14301
2016-12-30,1819.35,1879.3,1806.35,1810.7,16198
2017-01-02,1825.65,1870,1801.25,1870,10818
2017-01-03,1840.75,1887.5,1819.8,1825,12224
2017-01-04,1838.45,1887,1821,1859,14011
2017-01-05,1862.5,1870,1840.85,1853.6,9508
2017-01-06,1891.8,1899,1855.2,1855.2,40899
2017-01-09,1903.85,1924.85,1896,1900.35,5968
2017-01-10,1910.5,1920,1892,1909,3101
2017-01-11,1918.95,1938.95,1906,1938.95,5494
2017-01-12,1886.95,1925,1870.4,1924.95,8619
2017-01-13,1899.35,1909.3,1887,1896.1,6733
2017-01-16,1897.6,1908,1878.05,1907.95,8138
2017-01-17,1911.85,1919,1888,1894.05,5457
2017-01-18,1889.9,1943.15,1886.05,1916.05,15302
2017-01-19,1880.5,1912.6,1864,1889.95,11210
2017-01-20,1882.45,1892.9,1870,1886,7807
2017-01-23,1874.8,1892.85,1870.45,1871.15,3710
2017-01-24,1891.75,1905,1874.8,1877.15,7503
2017-01-25,1927.6,1934,1891,1891.75,12422
2017-01-27,1929.65,1943.95,1914.6,1934.7,18937
2017-01-30,1933.85,1947,1911.05,1947,33808
2017-01-31,1999.45,2010,1938.6,1940,137779
2017-02-01,2043.7,2056.15,1990,2022.05,30858
2017-02-02,2057.75,2075.95,2008.7,2075.95,15007
2017-02-03,2026.55,2099,2012.15,2060,19796
2017-02-06,2086.75,2096,2010.45,2010.45,23762
2017-02-07,2033.1,2099.7,2023.05,2099.7,20040
2017-02-08,2049.55,2090,2037,2045.8,31196
2017-02-09,2058.55,2079,2040.1,2053,8964
2017-02-10,2040.35,2069.3,2030,2062.7,6713
2017-02-13,2031.65,2073.3,2018,2058.95,6050
2017-02-14,2027.1,2048.8,2014,2037,9115
2017-02-15,2037.55,2069.5,2020,2020,9154
2017-02-16,2056.1,2077.4,2030,2053.7,128601
2017-02-17,2032.15,2073.55,2011.4,2068.95,8950
2017-02-20,2031.95,2040,2019.75,2033,24490
2017-02-21,2030.2,2046.9,2020.1,2046.9,5005
2017-02-22,2030.95,2035,2025,2030.05,19509
2017-02-23,2062.45,2080,2025.05,2025.05,20061
2017-02-27,2052.7,2060.95,2030.95,2050.05,11976
2017-02-28,2064.7,2084,2040.05,2055,14859
2017-03-01,2105.45,2138.9,2060.1,2084.95,35867
2017-03-02,2106.05,2121,2091.35,2109.9,19680
2017-03-03,2096.8,2122.65,2073.05,2106,6210
2017-03-06,2102,2128.85,2071,2128.85,33595
2017-03-07,2128.85,2131,2100,2102.05,59906
2017-03-08,2107.35,2139,2100,2114.95,35596
2017-03-09,2106.45,2114.9,2101,2102.1,6525
2017-03-10,2070,2119.2,2058.1,2092,31273
2017-03-14,2076.75,2118,2067,2118,41395
2017-03-15,2075.8,2098,2065.1,2098,32022
2017-03-16,2109.75,2116,2062.05,2097.95,31996
2017-03-17,2110.9,2128.9,2090,2119,33274
2017-03-20,2105.15,2136.95,2093.1,2110.9,6000
2017-03-21,2099.1,2122,2082,2122,12073
2017-03-22,2056.9,2100,2048.7,2095,17878
2017-03-23,2055.05,2070,2043,2060.05,24332
2017-03-24,2055.85,2070,2038.15,2038.15,13675
2017-03-27,2064,2075.45,2045,2056.85,13444
2017-03-28,2107.7,2128,2062,2074.8,26225
2017-03-29,2105.75,2109.9,2082.55,2092,11677
2017-03-30,2101.35,2150,2089.9,2150,102065
2017-03-31,2163.95,2195,2084,2101.35,39868
2017-04-03,2168.25,2194,2148,2170.1,26157
2017-04-05,2144.3,2204.85,2128.7,2161.15,24203
2017-04-06,2133.55,2147.35,2116.6,2145,23732
2017-04-07,2128.2,2158.75,2117.35,2130.05,19079
2017-04-10,2139.15,2164.95,2122.05,2128.2,18442
2017-04-11,2132.85,2150,2128,2140.25,10925
2017-04-12,2119.35,2149.05,2110.05,2149.05,21738
2017-04-13,2140.3,2145,2116,2125.1,19468
2017-04-17,2123.55,2153.4,2117,2139.3,7471
2017-04-18,2118.75,2170.05,2103.55,2130.55,19709
2017-04-19,2101.3,2149.25,2091.1,2127,31899
2017-04-20,2102.4,2123.1,2091.75,2110.05,7948
2017-04-21,2113.95,2149,2110,2114.9,65961
2017-04-24,2129.95,2151,2112,2113.1,21767
2017-04-25,2170.5,2184.1,2120,2135.3,25148
2017-04-26,2145.25,2175.9,2130.1,2175.9,19357
2017-04-27,2122.25,2155.95,2100.3,2155.95,15528
2017-04-28,2114.45,2131,2109.6,2121.9,15112
2017-05-02,2066.4,2127.9,2050,2121.2,34370
2017-05-03,2066.45,2093,2048.95,2072.05,12415
2017-05-04,2109.4,2120.05,2049.05,2063.05,34160
2017-05-05,2056,2115,2045,2102.05,22244
2017-05-08,2070.35,2095,2059.5,2065.1,21815
2017-05-09,2106.4,2148.6,2074.1,2076.05,201548
2017-05-10,2125.7,2135,2115,2124,6950
2017-05-11,2150.85,2179.95,2123,2123,15622
2017-05-12,2180,2188.9,2160,2164,42876
2017-05-15,2196.85,2209.95,2176,2176,27628
2017-05-16,2237.8,2247,2199.95,2210,52055
2017-05-17,2215.85,2259,2195,2215,15048
2017-05-18,2200.4,2239.7,2175.55,2221,20242
2017-05-19,2159.8,2219.6,2144.25,2200,11374
2017-05-22,2095.65,2177.6,2071,2140,16160
2017-05-23,2049.1,2128,2042.4,2128,18740
2017-05-24,2034.25,2109,2025,2109,6984
2017-05-25,2068.4,2076,2025,2029,7096
2017-05-26,2066.55,2095,2036,2036,5276
2017-05-29,2058.8,2099.85,2039,2099.85,10696
2017-05-30,2066.1,2075.45,2046.95,2059.15,9972
2017-05-31,2060.35,2087.4,2055.1,2066.15,12893
2017-06-01,2075.75,2081.9,2058,2067.3,5677
2017-06-02,2097,2125,2073.75,2077.35,8786
2017-06-05,2095.4,2109,2082.1,2096.25,5921
2017-06-06,2095.5,2164.9,2079.05,2118.75,5333
2017-06-07,2139.75,2148,2085.3,2085.3,44675
2017-06-08,2112.9,2140.8,2080,2140,8872
2017-06-09,2118.35,2145,2110.55,2144.85,4505
2017-06-12,2128.3,2145,2100,2145,5100
2017-06-13,2126.05,2143.45,2090.55,2108,10549
2017-06-14,2124.15,2140.2,2112.3,2121.95,3770
2017-06-15,2102.55,2134,2090,2090,7542
2017-06-16,2112.35,2158.45,2065.2,2102.05,29305
2017-06-19,2112.75,2134.95,2109.95,2114.95,6223
2017-06-20,2126.05,2135.95,2104,2113.25,15828
2017-06-21,2115.15,2125.95,2104.95,2124,4043
2017-06-22,2126,2150,2115.1,2117.6,10052
2017-06-23,2121.8,2138.9,2098.3,2107.8,6189
2017-06-27,2104.9,2132,2100.1,2132,55713
2017-06-28,2100.55,2111.05,2094.8,2111.05,7517
2017-06-29,2105.7,2124.6,2102,2107.95,6646
2017-06-30,2112.85,2140.05,2094.8,2105.1,11045
2017-07-03,2104.4,2145.45,2073,2073,14358
2017-07-04,2126.55,2139.7,2104,2110.05,23123
2017-07-05,2151.1,2157.5,2113,2113,9018
2017-07-06,2131.9,2175,2121.25,2132.35,14929
2017-07-07,2135.3,2140,2128,2131.9,3620
2017-07-10,2127.1,2158,1750,1750,814
2017-07-11,2136.1,2145,2111.5,2130.2,10542
2017-07-12,2163.7,2174,2122.05,2122.05,10146
2017-07-13,2195.7,2206,2159.9,2163.1,10983
2017-07-14,2241.15,2250,2192.05,2211.95,19188
2017-07-17,2223.3,2236.05,2205.55,2226.1,4694
2017-07-18,2223.25,2239.9,2219.1,2219.95,5492
2017-07-19,2226.15,2240,2214.05,2227.5,3944
2017-07-20,2250.6,2267.65,2222.2,2228,10245
2017-07-21,2367.45,2425,2247.75,2266.95,66361
2017-07-24,2328.8,2434.8,2312.05,2351.2,18412
2017-07-25,2292.35,2350,2282.05,2350,6609
2017-07-26,2313.3,2335,2280.05,2280.05,9119
2017-07-27,2352.85,2375,2295.05,2308.05,29754
2017-07-28,2385.5,2399.75,2344.9,2369.8,10602
2017-07-31,2420.9,2434.8,2364.15,2365.15,15093
2017-08-01,2423.2,2434.8,2388,2388,9363
2017-08-02,2413.35,2436.95,2392.05,2436.95,11281
2017-08-03,2403.1,2420,2400,2400,68358
2017-08-04,2416.65,2427.75,2402.3,2408.95,19909
2017-08-07,2562.3,2575,2422.95,2422.95,66226
2017-08-08,2540.2,2660,2525,2565,49360
2017-08-09,2554.1,2588.9,2525,2528,13820
2017-08-10,2499.95,2563,2483,2531,21313
2017-08-11,2515.65,2551.8,2465,2496,18097
2017-08-14,2555.7,2597.95,2512.25,2547.8,11808
2017-08-16,2584.25,2659.8,2556.65,2590,99761
2017-08-17,2583.85,2669.7,2570,2595.05,76854
2017-08-18,2636.35,2660,2570,2593.7,19137
2017-08-21,2622,2649.95,2603,2638,12748
2017-08-22,2609.9,2645,2576,2645,8098
2017-08-23,2634.85,2659,2612.05,2612.05,9423
2017-08-24,2750.8,2798,2620.85,2647.9,112086
2017-08-28,2834,2870,2760.05,2784,48942
2017-08-29,2970.8,2998,2834.05,2834.05,72575
2017-08-30,2962.05,3000.3,2934,2970.15,59314
2017-08-31,2904.8,2975,2890,2962.15,17250
2017-09-01,2912.9,2963.65,2876.15,2876.15,16375
2017-09-04,2844.45,2937.75,2820.15,2900,14515
2017-09-05,2815.65,2855,2800.05,2845,27830
2017-09-06,2768.7,2809.9,2759.35,2809.9,25370
2017-09-07,2816.25,2916.95,2750,2790,95811
2017-09-08,2782.95,2861.95,2770,2848.85,27755
2017-09-11,2797.8,2825,2774.3,2803.7,56230
2017-09-12,2799.45,2850.5,2756.15,2825,65430
2017-09-13,2778,2835,2761.15,2800,20269
2017-09-14,2751.65,2804.9,2743.5,2778,24163
2017-09-15,2749.4,2785.9,2701.1,2763,174329
2017-09-18,2822.7,2840,2710,2732,100459
2017-09-19,2853.15,2878,2821.2,2827.5,37518
2017-09-20,2805.75,2900.05,2795,2885,16307
2017-09-21,2798.7,2830,2758,2825.8,14438
2017-09-22,2693.8,2798.65,2675.5,2798.65,24326
2017-09-25,2707.85,2748,2586,2675,34204
2017-09-26,2697,2765.95,2665,2700,39437
2017-09-27,2761.15,2820.7,2700,2716,52499
2017-09-28,2866.8,2879.95,2718,2754.95,51824
2017-09-29,2796.45,2935,2772.05,2865,59263
2017-10-03,2884.35,2910,2801.05,2801.05,48522
2017-10-04,2925.95,2968,2887.55,2920,27790
2017-10-05,2967.05,2976.05,2912.25,2935.1,30882
2017-10-06,2937.75,2967.05,2925.95,2965.05,26830
2017-10-09,2904.35,2949.9,2878.2,2949.9,16629
2017-10-10,2903.4,2915.05,2886.25,2904.35,9083
2017-10-11,2902.6,2935,2874.1,2904,27860
2017-10-12,2903.45,2918,2875.3,2910,12078
2017-10-13,2910,2925,2887.45,2917.95,7428
2017-10-16,2896,2938.95,2886.1,2938.95,6578
2017-10-17,2865.35,2925,2856.3,2925,13342
2017-10-18,2883.25,2935,2877,2914,25127
2017-10-19,2913.9,2923.9,2885,2885,5041
2017-10-23,2898.3,2942.4,2886,2923.95,10954
2017-10-24,2903.95,2934.9,2881.15,2917.95,10015
2017-10-25,2876.65,2940,2811.1,2935,22656
2017-10-26,2966.4,3025,2751.05,2875.95,45807
2017-10-27,2977.4,3024,2940.05,2990,24526
2017-10-30,2946.95,2998.95,2917.05,2977.4,15200
2017-10-31,2968.95,2985,2900.55,2934,19411
2017-11-01,2946.65,2994.95,2911.5,2994.95,15259
2017-11-02,2949.8,2974.9,2916,2944.65,39358
2017-11-03,2928.5,2958,2914,2958,34275
2017-11-06,2914.95,2929.95,2865.1,2928.05,7232
2017-11-07,2853.45,2925,2846,2922.2,8378
2017-11-08,2865.85,2900,2808,2860.25,25136
2017-11-09,2908.55,2930,2840,2875,12818
2017-11-10,2925,2935,2865,2928,12297
2017-11-13,2898.9,2930,2879.9,2924.95,3727
2017-11-14,2861.8,2898.9,2855,2897.75,10815
2017-11-15,2814.4,2861.95,2795.6,2840.05,8458
2017-11-16,2852.35,2864,2801,2815,9065
2017-11-17,2834.45,2883.5,2824,2850,14469
2017-11-20,2841,2878,2822,2865,13958
2017-11-21,2857.4,2865.95,2840,2859.95,2471
2017-11-22,2865.3,2904.95,2847.55,2855.5,9066
2017-11-23,2893.8,2921,2839,2874.5,11107
2017-11-24,2888.45,2930,2870,2919.8,13190
2017-11-27,2892.45,2920,2885.05,2890.45,10698
2017-11-28,2882.1,2900,2846.3,2888,15010
2017-11-29,2815.9,2899,2774.65,2899,11125
2017-11-30,2853.65,2909,2801.2,2805,17917
2017-12-01,2890.3,2904,2828,2830.05,9954
2017-12-04,2901.5,2910,2855.1,2890.3,5915
2017-12-05,2896.6,2910,2851.3,2871,10380
2017-12-06,2900.15,2908,2870,2870.05,6983
2017-12-07,2900.7,2924.95,2862.1,2899.65,16814
2017-12-08,2948.8,2961,2892.4,2892.4,13018
2017-12-11,2911.45,2995,2900,2995,34548
2017-12-12,2854.2,2929.95,2852,2900.05,9927
2017-12-13,2890.5,2914.5,2856.05,2856.05,5243
2017-12-14,2832.85,2930,2804.9,2930,15267
2017-12-15,2887.75,2899,2834.05,2834.05,9255
2017-12-18,2930.45,2944,2850,2892.95,5261
2017-12-19,2960.45,3003,2939.65,2941.85,48755
2017-12-20,2949.35,2977.35,2940,2975,70806
2017-12-21,2950.45,2968.5,2935,2964.65,92896
2017-12-22,2927.3,2975,2910,2915,6824
2017-12-26,2945.25,2950,2920,2938.3,4790
2017-12-27,2931.2,3020,2919,2945.25,38298
2017-12-28,2877.3,2950.1,2850,2945,14606
2017-12-29,2867.35,2919,2860.05,2890,4010
2018-01-01,2864.45,2899,2860.55,2868,7651
2018-01-02,2839.8,2876.65,2832,2873,6563
2018-01-03,2843.55,2872,2830,2867.5,4207
2018-01-04,2828.5,2876.5,2820.05,2855,6551
2018-01-05,2829.8,2849.4,2820.05,2835.05,10840
2018-01-08,2864.9,2880,2829.8,2829.8,9820
2018-01-09,2841.25,2865.25,2835,2865.25,57349
2018-01-10,2880.35,2905,2839,2850,10099
2018-01-11,2837.2,2894.9,2825,2867.5,14997
2018-01-12,2812.85,2850,2798.4,2839,67441
2018-01-15,2808.9,2825,2790,2812.85,23185
2018-01-16,2776.7,2840,2750,2830.65,7785
2018-01-17,2770.55,2795,2751.05,2751.05,6300
2018-01-18,2724.7,2819.9,2700,2767.45,13482
2018-01-19,2800.5,2816.8,2701.2,2725,27815
2018-01-22,2800.85,2815,2738.95,2811,6872
2018-01-23,2827.65,2833.1,2775,2775,11594
2018-01-24,2819.15,2829.95,2804,2824.95,16271
2018-01-25,2819.75,2831.15,2794.7,2811.2,25223
2018-01-29,2817.2,2838.95,2799.95,2838.95,13389
2018-01-30,2800.65,2820.95,2799.8,2820.95,10580
2018-01-31,2808.45,2815,2767.2,2782.65,33221
2018-02-01,2801.95,2830.15,2767,2808.9,14050
2018-02-02,2781.45,2826,2765,2826,16452
2018-02-05,2742.7,2779.95,2661.1,2779.95,15267
2018-02-06,2694.3,2720,2527,2527,26334
2018-02-07,2691.8,2720,2675,2700,16087
2018-02-08,2709.75,2734.15,2682.2,2700,13977
2018-02-09,2693.8,2704.95,2631,2651.1,6149
2018-02-12,2689.9,2715,2682.05,2682.05,11220
2018-02-14,2743.4,2785,2700.1,2708.9,33172
2018-02-15,2749.25,2759.95,2727.65,2757,43980
2018-02-16,2738.1,2750,2728,2732.05,9992
2018-02-19,2722.75,2750,2714.85,2750,18968
2018-02-20,2723.15,2755,2700,2735,10366
2018-02-21,2718.65,2735,2702.5,2702.5,19881
2018-02-22,2712.95,2723.85,2700,2718.8,9829
2018-02-23,2737.1,2739.95,2710,2714.2,2975
2018-02-26,2736.3,2767.45,2722.95,2758.95,8308
2018-02-27,2737.4,2763,2726,2726,6449
2018-02-28,2723.55,2734,2710.05,2734,2512
2018-03-01,2720.65,2750,2710,2736,10466
2018-03-05,2720.6,2742.45,2711,2711,18141
2018-03-06,2761.35,2955,2720.6,2720.6,54499
2018-03-07,2733.6,2780,2725,2780,8348
2018-03-08,2727.75,2757.45,2708.6,2708.6,10762
2018-03-09,2728.8,2749.95,2719.95,2739.95,3598
2018-03-12,2745.35,2763.85,2723.4,2763.85,63508
2018-03-13,2706.3,2743.8,2704,2735.05,8989
2018-03-14,2684.05,2716,2680,2701,16204
2018-03-15,2729.75,2753.85,2689,2710,37650
2018-03-16,2602.5,2755,2565,2755,58527
2018-03-19,2531.9,2633,2522.25,2633,9005
2018-03-20,2543.75,2555,2522.25,2525,5301
2018-03-21,2533.7,2563,2522.25,2539.05,9441
2018-03-22,2527.45,2548.95,2517.65,2534.9,3243
2018-03-23,2530.2,2538,2501,2501,13683
2018-03-26,2665.05,2712.75,2511.05,2511.05,29315
2018-03-27,2620.75,2673.9,2613.15,2669.7,9121
2018-03-28,2664.5,2690,2520,2614,17847
2018-04-02,2622.85,2672.15,2580.05,2657.5,12403
2018-04-03,2621.75,2635,2592.05,2600.05,2516
2018-04-04,2617.7,2649,2605,2634,5817
2018-04-05,2624.5,2636,2612.1,2634,30267
2018-04-06,2641.1,2647,2626,2645,63025
2018-04-09,2640.15,2667,2613.5,2667,3757
2018-04-10,2631.9,2649,2598.95,2632.05,6541
2018-04-11,2629.75,2650.05,2602.35,2638.95,24319
2018-04-12,2636.3,2650,2629,2629,1831
2018-04-13,2636.3,2658.8,2630,2658.8,2070
2018-04-16,2641.45,2654,2626.2,2640.8,2912
2018-04-17,2649.3,2655,2640,2640,2665
2018-04-18,2647.55,2659.95,2640,2659.95,8254
2018-04-19,2620.25,2650.4,2611.25,2649,4887
2018-04-20,2620.95,2635.05,2611.2,2625,4364
2018-04-23,2602.4,2621.65,2600,2605.05,6957
2018-04-24,2625.65,2640.85,2602.4,2602.4,23508
2018-04-25,2629.45,2646,2620.55,2626.55,13103
2018-04-26,2625.7,2653.7,2612.3,2653.7,26690
2018-04-27,2645.95,2658,2611.1,2611.1,59293
2018-04-30,2705.65,2735,2645,2645,10759
2018-05-02,2700,2719.7,2676,2705.65,11714
2018-05-03,2679.75,2709.8,2652.85,2674.3,26679
2018-05-04,2665.35,2696.15,2648.05,2653.05,6282
2018-05-07,2678.4,2684.7,2651.2,2658.05,4474
2018-05-08,2661.65,2689.5,2651,2689.5,27393
2018-05-09,2650.15,2657,2641,2650,11316
2018-05-10,2649.95,2654.9,2641.05,2641.05,7487
2018-05-11,2651.8,2656.1,2641,2650.15,1889
2018-05-14,2614.4,2680,2610.25,2680,6753
2018-05-15,2633.8,2638.8,2599.95,2638.8,15276
2018-05-16,2635.1,2648.6,2572.05,2620.85,3006
2018-05-17,2730.35,2756,2605.5,2612.85,14209
2018-05-18,2762.3,2849.95,2725,2730.35,59428
2018-05-21,2721.55,2763.7,2690,2762.05,7388
2018-05-22,2875,2920,2710,2710,763720
2018-05-23,2861.8,2920.2,2783.6,2852.55,295868
2018-05-24,2773.8,2858.6,2758.75,2831.15,9693
2018-05-25,2795.3,2848,2771.2,2780,10367
2018-05-28,2790.2,2840,2780,2791.05,7047
2018-05-29,2766.05,2811.8,2755,2811.8,3554
2018-05-30,2763.75,2824.8,2730.05,2750.1,10298
2018-05-31,2769.95,2815,2760.4,2797,9574
2018-06-01,2782.55,2809.55,2743.55,2776.5,6880
2018-06-04,2786.2,2805,2770.05,2780,24765
2018-06-05,2741.75,2786,2732,2786,3688
2018-06-06,2762.8,2790.05,2728.8,2759.95,8238
2018-06-07,2772.05,2810,2751.2,2787.3,7173
2018-06-08,2872.15,2915.95,2760.95,2796,37221
2018-06-11,2878.35,2928,2865.1,2875.55,15263
2018-06-12,2949.4,2985.8,2887.05,2887.05,41600
2018-06-13,2933.1,3005,2911,2945,17899
2018-06-14,2935.1,2973.55,2910.95,2942.95,8802
2018-06-15,3000.85,3020,2931.9,2963.95,100459
2018-06-18,3109.55,3156.25,3018.95,3019.65,72721
2018-06-19,3106.7,3150,3070,3110,95717
2018-06-20,3126.5,3145,3100,3109.9,29896
2018-06-21,3213.4,3242,3127,3127,81188
2018-06-22,3168.6,3231.9,3145,3213,37577
2018-06-25,3130.3,3248,3101.15,3166.85,31627
2018-06-26,3079.15,3165,3065.25,3124.95,13290
2018-06-27,2973.1,3093.95,2933,3093.95,24516
2018-06-28,2883.3,2974.95,2860,2974.95,15116
2018-06-29,2882.4,2965.4,2875,2900,18584
2018-07-02,2884.35,2934.3,2869.05,2899.9,13147
2018-07-03,2895.9,2934.05,2851,2899.95,16455
2018-07-04,2959.5,2980,2885.55,2914.15,16920
2018-07-05,2926.8,2944.9,2916,2936,10390
2018-07-06,2946.15,2955.55,2925,2939.95,10368
2018-07-09,3011.95,3040,2951.05,2951.05,12925
2018-07-10,3029.2,3063.9,2990.5,3063.9,12722
2018-07-11,2999.5,3046.25,2998.1,3000,9747
2018-07-12,2995.6,3017,2979.55,3000.05,11901
2018-07-13,2998.75,3029.65,2982.1,2995.6,12099
2018-07-16,2942.2,3023.65,2930.1,3000,10207
2018-07-17,2975.45,3043,2926.45,2936,26399
2018-07-18,2985.15,3000,2963,2994.95,14750
2018-07-19,2950.75,2992.45,2916.2,2990,7385
2018-07-20,3020,3126.85,2915.1,2968.9,95199
2018-07-23,3047.4,3120,3010,3035,59064
2018-07-24,2983.8,3047,2969.15,3040,13738
2018-07-25,2960.2,3040,2950,2983.95,16303
2018-07-26,2970.3,2980,2948.95,2968,65122
2018-07-27,2991.4,3038.95,2960,2978.65,33875
2018-07-30,2945.85,2990.95,2936.15,2990.95,10130
2018-07-31,2904.4,2955,2900,2950,10584
2018-08-01,2934.75,2982.75,2910,2910,10362
2018-08-02,2946.05,2977.95,2909.75,2965,3599
2018-08-03,2980.2,2994.95,2920.15,2920.15,8579
2018-08-06,2980,3000,2962,3000,19633
2018-08-07,2979.35,2998.5,2945.05,2998.5,15429
2018-08-08,2981.05,3019.7,2972,2999.5,12292
2018-08-09,2972.3,3024.95,2954,2987.3,10329
2018-08-10,2996.6,3048,2975.65,3048,13902
2018-08-13,2986.7,3018,2955.25,3004,10183
2018-08-14,2994.95,3020,2987,2999.9,3425
2018-08-16,2982.25,3019.35,2976,3004,16695
2018-08-17,2980.6,3013.65,2976.15,3000,7437
2018-08-20,3007.05,3047,2983.05,2983.05,9395
2018-08-21,3024,3038.7,2987.1,3005,10182
2018-08-23,3019.15,3046,3002,3023.95,41216
2018-08-24,2963.65,3019,2960,3019,21770
2018-08-27,2998.85,3008,2970,2976,39253
2018-08-28,3002.6,3010,2979.05,2990,15457
2018-08-29,3107.25,3141,2990,2995,45389
2018-08-30,3128,3171,3066,3120,17488
2018-08-31,3117.25,3211,3105,3125,29559
2018-09-03,3039,3155,3027,3135,14190
2018-09-04,3038.05,3050,2994.1,3049,15424
2018-09-05,3007.95,3075,2970,3049,14652
2018-09-06,3060.95,3082,3031,3031,13048
2018-09-07,3112.65,3169.95,3076.05,3100,18765
2018-09-10,3046.2,3134.95,3030,3120.05,15635
2018-09-11,3060.75,3079,3018,3042,40458
2018-09-12,3066.65,3072,3050,3055,22039
2018-09-14,3116.35,3142.5,3090.65,3101,13530
2018-09-17,3104.4,3163.95,3090.05,3123.8,19538
2018-09-18,3062.55,3121.75,3041,3105,5507
2018-09-19,3063.95,3089,3051,3062.55,13888
2018-09-21,3101.35,3115,2451.2,3065.2,120042
2018-09-24,3082.45,3101.35,3050,3051,47597
2018-09-25,3080.8,3106,3020.2,3020.2,54530
2018-09-26,3095.85,3109.85,3020,3068.25,35026
2018-09-27,3090.95,3116.6,3061.15,3068,36835
2018-09-28,3093.55,3130,3058,3100,89896
2018-10-01,2964.1,3084,2949.3,3084,10454
2018-10-03,3005.65,3036.25,2937,2996,11542
2018-10-04,2930.05,3012,2908.75,3012,20985
2018-10-05,2703.05,2959.95,2599.65,2920,17445
2018-10-08,2520.05,2738,2465.05,2738,112609
2018-10-09,2512.05,2596,2482.45,2491.15,33174
2018-10-10,2614.8,2649.7,2512.5,2512.5,12090
2018-10-11,2600.05,2675.9,2512.75,2512.75,7515
2018-10-12,2635.35,2694.65,2615.05,2619,5835
2018-10-15,2611.7,2662.65,2600,2637.1,15386
2018-10-16,2625.7,2651,2605.15,2611.7,17831
2018-10-17,2576.9,2644.95,2560,2640,5050
2018-10-19,2602.9,2628.3,2545.25,2579,17232
2018-10-22,2628.4,2669.9,2582.1,2606.05,64141
2018-10-23,2626.25,2699,2539.5,2624.95,7735
2018-10-24,2635.55,2690,2603,2603,6307
2018-10-25,2651.4,2661,2550.55,2620,47285
2018-10-26,2642.6,2674.75,2637,2674.75,15488
2018-10-29,2698.4,2712.95,2640.1,2642.55,7316
2018-10-30,2734.4,2749,2660,2675.15,6168
2018-10-31,2809.5,2818,2714,2749.8,47145
2018-11-01,2813.1,2845.6,2752.15,2814.85,96107
2018-11-02,2815.05,2854.95,2810,2825,3935
2018-11-05,2833.45,2844,2780.05,2807.9,4835
2018-11-06,2799.05,2817.8,2792,2817.8,2250
2018-11-07,2820.35,2838.7,2790,2799,537
2018-11-09,2805.15,2835,2791,2800.05,1883
2018-11-12,2799.15,2833,2792,2792,1848
2018-11-13,2854.15,2897.9,2775.6,2799,33399
2018-11-14,2925.25,2964,2850,2896.9,18138
2018-11-15,2954.5,2988,2920,2920,8054
2018-11-16,3131.6,3316.05,2954.5,2960.05,379004
2018-11-19,3080.25,3188,3059,3122,13716
2018-11-20,3025.65,3076.95,3000,3051,10365
2018-11-21,3006.95,3062,2978,3024.8,12621
2018-11-22,3026.1,3056,3000,3026.9,8040
2018-11-26,3002.9,3044.95,2955.15,3015.15,9604
2018-11-27,2995.35,3020.95,2981,3003,3793
2018-11-28,2990.15,3019,2976.3,3012.95,4002
2018-11-29,3022.1,3030,2992.4,3003.1,6577
2018-11-30,3000.8,3029.8,2980,3022,15452
2018-12-03,2992.8,3034,2976,3034,8007
2018-12-04,2980.6,2999.9,2965.1,2999.9,3535
2018-12-05,2969.45,3038,2936.1,2973.8,7823
2018-12-06,2970.05,3010,2902,2940.05,6554
2018-12-07,2985,2999.65,2926.05,2975.05,2721
2018-12-10,2939.8,2969.95,2922.25,2969.95,4575
2018-12-11,2930.4,2962,2910.1,2939.75,4380
2018-12-12,2976.45,2982.5,2901,2934.55,7284
2018-12-13,2998.8,3001,2965.6,2965.6,34210
2018-12-14,2958.4,3015,2950,2997.05,6481
2018-12-17,2959.75,2996.95,2952.4,2996.95,14350
2018-12-18,2919.9,2949.95,2911,2949.95,10883
2018-12-19,2932,2979,2917.75,2931.15,23798
2018-12-20,2969.2,2977.2,2921,2921.3,4159
2018-12-21,2940.3,2990,2915,2950.05,40029
2018-12-24,2937.85,2965,2920,2956.4,48668
2018-12-26,2859.45,2923.85,2738.7,2920.05,116124
2018-12-27,2950.05,2988.8,2871.05,2872,59145
2018-12-28,2934.95,2999.9,2925,2944.8,10438
2018-12-31,2950,3000,2940,2946.5,29552
2019-01-01,2949.95,2970,2925,2967.95,56276
2019-01-02,2950.1,2968,2925,2930.15,15693
2019-01-03,2977.25,2985,2939.95,2968.3,25184
2019-01-04,2951.65,3000,2948,2960.05,16159
2019-01-07,2953.8,2987.85,2926.05,2926.05,4452
2019-01-08,2955.45,2978.95,2950,2953,6335
2019-01-09,2951.15,2975,2949.5,2962.7,5980
2019-01-10,2969.95,3030,2952.35,2999,14544
2019-01-11,3007.35,3030,2950,2970,8073
2019-01-14,3008.65,3112,2999,3026.05,25939
2019-01-15,2998.35,3044.8,2989.95,3014.05,7811
2019-01-16,2958.45,3018,2950,3000.4,5828
2019-01-17,2950.05,2995,2920,2962.05,61769
2019-01-18,2960.4,2988,2952.1,2976.95,5107
2019-01-21,2961.4,2999.85,2951,2955.65,11792
2019-01-22,2956.95,2989,2929.75,2971.85,28214
2019-01-23,2966.65,2981,2950,2961.2,17908
2019-01-24,2939.8,2977,2931.65,2971.95,39805
2019-01-25,2861.8,2968.95,2860,2968.95,11730
2019-01-28,2853.5,2909.95,2821,2860,28941
2019-01-29,2844.9,2855,2825,2855,52299
2019-01-30,2852.65,2894.6,2841.3,2847.8,10198
2019-01-31,2847.05,2879.7,2815,2836.05,28439
2019-02-01,2865.9,2925.95,2850,2850,16406
2019-02-04,2993.5,3050,2856.5,2856.5,583619
2019-02-05,2928.6,3085.25,2904.05,2988,13382
2019-02-06,2994.25,3005,2924.1,2924.1,86499
2019-02-07,3116.85,3179.95,2986.65,2986.7,550055
2019-02-08,3131.5,3178.85,3099.65,3120,16906
2019-02-11,3117.25,3158.45,3095.8,3158.45,74757
2019-02-12,3100.35,3117.25,3067,3117.25,33654
2019-02-13,3132.35,3159.9,3071.5,3071.5,19694
2019-02-14,3149.95,3176.95,3107.2,3120,15773
2019-02-15,3159.7,3180,3127.7,3150,72564
2019-02-18,3006.85,3195,3000,3168.85,21499
2019-02-19,3105.95,3123.45,2999.9,3001,10738
2019-02-20,3159.2,3192.9,3039.5,3100.05,94549
2019-02-21,3152.9,3221.9,3107,3159,20575
2019-02-22,3150.9,3190,3125,3152.9,9013
2019-02-25,3135.95,3195.05,3101,3133,25970
2019-02-26,3130.4,3180,3022.25,3022.25,58731
2019-02-27,3158.25,3179,3123,3163,16231
2019-02-28,3165.05,3195,3150,3163,80990
2019-03-01,3170.3,3205,3152,3165.1,12820
2019-03-05,3161.4,3198.9,3152,3170.3,23572
2019-03-06,3220.1,3248,3164.2,3188.05,19548
2019-03-07,3274.35,3298,3220,3220,63115
2019-03-08,3276.9,3298,3220.8,3298,16530
2019-03-11,3296.7,3335.1,3283.1,3313.95,13466
2019-03-12,3343.35,3385.85,3305.8,3334.9,19409
2019-03-13,3317.75,3390,3302.75,3360,28254
2019-03-14,3335.85,3370,3317.1,3360,10881
2019-03-15,3337.2,3376.05,3300,3358.85,49372
2019-03-18,3321.5,3355.4,3310.15,3340.05,10156
2019-03-19,3357.45,3366.65,3276.05,3326.05,42551
2019-03-20,3364,3370,3325.35,3325.35,22184
2019-03-22,3366.95,3388.5,3342.95,3363.6,66853
2019-03-25,3260.5,3373,3255.5,3373,19966
2019-03-26,3250.25,3281.25,3210,3279.9,21102
2019-03-27,3273.75,3324.2,3250,3294.95,45199
2019-03-28,3593.65,3800,3237,3237,240494
2019-03-29,3416.55,3730,3352.1,3570,114770
2019-04-01,3352.15,3454.15,3341.1,3445,59859
2019-04-02,3423.55,3450,3353.95,3375,342322
2019-04-03,3406.15,3461.2,3383.1,3425.05,130489
2019-04-04,3326.15,3433,3270.55,3433,47065
2019-04-05,3351.45,3441.9,3331.55,3351,15422
2019-04-08,3317.4,3381.9,3285.3,3355.15,15427
2019-04-09,3284.45,3356,3270.9,3316.95,37279
2019-04-10,3304.75,3347.95,3275,3314.65,14305
2019-04-11,3306.15,3346.6,3279.55,3304.1,17982
2019-04-12,3300.2,3344.55,3296.85,3340,21177
2019-04-15,3311.1,3333.95,3285,3318,13158
2019-04-16,3304.1,3329.6,3293.6,3318.9,16358
2019-04-18,3289.4,3324.95,3280,3307,30759
2019-04-22,3286.35,3313.05,3258.9,3290,13356
2019-04-23,3291.75,3319,3276.25,3285.9,26272
2019-04-24,3300.45,3335,3293.05,3300,31159
2019-04-25,3272.1,3328,3251.25,3326.9,27350
2019-04-26,3268.6,3298,3252.35,3261,14453
2019-04-30,3086,3271.15,2980,3261,114146
2019-05-02,3204.55,3221.5,3080.1,3085.95,29569
2019-05-03,3191.4,3240.2,3175.05,3200.35,11171
2019-05-06,3181,3208,3169.5,3190,10989
2019-05-07,3178.05,3193.7,3168,3185.2,9918
2019-05-08,3102.25,3178.55,3080.1,3151,18724
2019-05-09,3073.1,3106.55,3051,3102.25,12622
2019-05-10,3060.95,3100,3036.05,3098.95,9168
2019-05-13,3106.4,3145.25,3030.05,3060.9,15934
2019-05-14,3131.05,3156,3059.85,3083.65,11668
2019-05-15,3165.4,3185,3076.2,3119,17830
2019-05-16,3167.45,3200,3152.9,3187,15226
2019-05-17,3281.7,3310,3174,3180,58762
2019-05-20,3325.75,3388,3263.15,3333,50034
2019-05-21,3304.35,3360,3251,3302,15920
2019-05-22,3289.7,3329,3260,3327.85,26297
2019-05-23,3325,3345.95,3300.05,3300.05,68189
2019-05-24,3399.5,3423,3325.05,3325.05,24461
2019-05-27,3473.85,3500,3420,3424.7,43027
2019-05-28,3513.75,3534.75,3455,3500,30618
2019-05-29,3507.1,3521.95,3469,3513.75,23639
2019-05-30,3510.15,3529,3450,3520,35029
2019-05-31,3496.4,3548,3454.65,3540,22538
2019-06-03,3505.3,3524,3470,3524,47101
2019-06-04,3503.35,3598.75,3480.15,3480.15,67310
2019-06-06,3531.85,3566.9,3503.35,3503.35,30475
2019-06-07,3609.35,3665,3512.45,3538.95,66933
2019-06-10,3658.05,3677.95,3575,3611,41366
2019-06-11,3761.8,3790,3610.4,3646.1,42162
2019-06-12,3742.8,3793.95,3712.1,3779.8,24203
2019-06-13,3665.95,3763,3651,3742.8,16157
2019-06-14,3614.55,3690,3600,3655,13994
2019-06-17,3536.25,3645.45,3526,3619.95,15831
2019-06-18,3565.1,3653.95,3545,3545.15,33954
2019-06-19,3579.2,3626,3542.4,3590,41689
2019-06-20,3606.85,3630,3547,3570,31667
2019-06-21,3633.4,3688,3587.25,3601.35,69388
2019-06-24,3603.95,3659,3572,3634,18104
2019-06-25,3636.95,3649,3570,3599.95,18228
2019-06-26,3632,3690,3605,3641.8,21442
2019-06-27,3616.4,3684.8,3591,3623.3,45054
2019-06-28,3598.25,3631.9,3585.4,3615,25184
2019-07-01,3642.55,3665,3605,3665,12823
2019-07-02,3729.2,3747,3628.8,3659,25615
2019-07-03,3723.8,3735,3680.4,3725,92949
2019-07-04,3711.6,3749.9,3695,3723.8,27677
2019-07-05,3601.8,3733.2,3580.05,3711.6,34693
2019-07-08,3505.55,3646.95,3460,3601,52061
2019-07-09,3618.85,3643.95,3484.05,3528,43802
2019-07-10,3580.9,3630,3558.1,3617.7,19690
2019-07-11,3546.95,3627.65,3520,3585,17634
2019-07-12,3505.15,3574.9,3490,3545.1,21905
2019-07-15,3522.85,3539,3500.7,3512,19109
2019-07-16,3557.05,3565,3508.5,3527,9724
2019-07-17,3556.85,3584.5,3528.9,3566,14435
2019-07-18,3523.4,3564.65,3520.1,3560.05,13972
2019-07-19,3500.05,3583.55,3445.85,3530.15,31091
2019-07-22,3431,3511.95,3395.9,3475,30928
2019-07-23,3367.35,3444.45,3355.7,3444,18619
2019-07-24,3294.45,3417.7,3262.25,3360.15,18182
2019-07-25,3372.6,3400,3298.6,3339,34631
2019-07-26,3384.75,3411,3312,3389,48703
2019-07-29,3414.2,3469.95,3374.65,3438.55,36376
2019-07-30,3562.9,3594.9,3414.35,3417.8,77206
2019-07-31,3400.5,3559.95,3384,3526,24113
2019-08-01,3354.25,3426.95,3340,3400.5,24386
2019-08-02,3511.65,3590,3265,3339.9,40230
2019-08-05,3465.45,3515,3419.1,3490,50877
2019-08-06,3447.4,3496.3,3408.9,3435,19560
2019-08-07,3488.75,3540,3425,3475,18257
2019-08-08,3443.5,3486.95,3413.2,3458.35,15876
2019-08-09,3453.7,3495,3417.3,3469.95,14375
2019-08-13,3365.05,3453.7,3350,3453.7,15054
2019-08-14,3338.35,3399,3331,3382.95,14726
2019-08-16,3414.55,3435,3220,3348.4,18356
2019-08-19,3381.7,3439,3353.55,3414.55,21396
2019-08-20,3351,3424.8,3335,3336.05,11382
2019-08-21,3351.5,3387,3315.8,3387,14737
2019-08-22,3350.2,3389.7,3330,3370,18968
2019-08-23,3335.3,3398.85,3280,3344.7,18912
2019-08-26,3344.05,3442.95,3335,3348,11342
2019-08-27,3324.35,3386,3295.5,3356,19144
2019-08-28,3303.65,3349.85,3290.15,3349.85,5657
2019-08-29,3310.3,3320,3284.1,3284.1,10291
2019-08-30,3252.05,3324,3235,3324,23172
2019-09-03,3262.7,3285,3211,3231,8816
2019-09-04,3304.5,3312.3,3221,3265,6835
2019-09-05,3316.2,3326.35,3283.95,3283.95,18915
2019-09-06,3305.1,3330,3269.55,3324.95,16285
2019-09-09,3306.3,3367.95,3287,3334.95,7407
2019-09-11,3316.4,3340.7,3301.05,3307.5,10121
2019-09-12,3362.55,3376,3312.15,3314.5,7622
2019-09-13,3376.8,3397.95,3305,3350,27781
2019-09-16,3320.9,3389,3301.6,3389,11086
2019-09-17,3232,3329,3220,3329,12614
2019-09-18,3152.2,3280,3140,3252,22676
2019-09-19,3153.3,3192.05,3120.3,3175.2,22900
2019-09-20,3233.95,3350,3111,3174.95,99963
2019-09-23,3537.55,3681,3305,3309,184248
2019-09-24,3688.05,3710,3420,3650,60960
2019-09-25,3501.75,3680,3476,3680,26257
2019-09-26,3481.95,3553,3453,3501.1,20827
2019-09-27,3553.5,3573,3481,3508.9,34839
2019-09-30,3593.25,3597,3512,3549.95,15975
2019-10-01,3588.65,3630,3535,3594,16393
2019-10-03,3525.25,3664.35,3489.55,3590,33716
2019-10-04,3585.75,3630.7,3512,3533.75,327183
2019-10-07,3587.6,3628.05,3536.15,3600,13217
2019-10-09,3616,3625,3575,3590.05,11569
2019-10-10,3587.85,3623,3580,3623,7662
2019-10-11,3524,3611.9,3505,3590,13485
2019-10-14,3566.1,3629.5,3506.2,3510,19272
2019-10-15,3600,3620.4,3570,3570,12923
2019-10-16,3627.35,3650,3555,3599.95,16337
2019-10-17,3686.15,3750,3610.05,3632,36706
2019-10-18,3742.5,3745,3670.05,3688.95,29744
2019-10-22,3673.1,3800,3656,3742.4,23709
2019-10-23,3662.55,3731.25,3650,3675.2,16167
2019-10-24,3666.1,3734,3650,3662,15525
2019-10-25,3651.2,3716,3631,3705,11937
2019-10-28,3692.3,3705.85,3602,3602,3618
2019-10-29,3695.35,3725,3662,3684.15,23522
2019-10-30,3682.85,3715,3675.65,3706.95,10490
2019-10-31,3669.7,3711.85,3650,3709,19164
2019-11-01,3698.2,3738.1,3668.95,3668.95,55997
2019-11-04,3708.95,3806,3677,3708,43348
2019-11-05,3728.05,3745,3695.1,3700,17767
2019-11-06,3728.7,3760,3700,3738.25,12845
2019-11-07,3799.95,3850,3726.05,3745,39080
2019-11-08,3777.1,3903.95,3763.2,3830,34834
2019-11-11,3710.85,3792,3705.1,3792,55191
2019-11-13,3718.05,3787.55,3707.45,3711,20620
2019-11-14,3716.25,3750,3695,3735,23300
2019-11-15,3720.05,3738.8,3706.5,3724.8,9304
2019-11-18,3701.9,3733,3680.85,3720.05,106305
2019-11-19,3730.4,3794.25,3705,3707.1,17577
2019-11-20,3702.05,3757,3692,3757,11041
2019-11-21,3687.8,3718,3680,3713.95,6206
2019-11-22,3691.3,3735,3676,3676,9917
2019-11-25,3700.5,3729,3666.65,3712.95,17504
2019-11-26,3669.05,3713.5,3628.7,3705,37516
2019-11-27,3651.9,3681.75,3629.35,3666,36989
2019-11-28,3634.65,3675.95,3610.25,3653.15,37306
2019-11-29,3564.35,3625.15,3552,3620.05,12025
2019-12-02,3517.45,3565,3510,3565,23036
2019-12-03,3484.1,3547.6,3475,3516.05,11348
2019-12-04,3461.55,3489.5,3452.6,3460.05,9131
2019-12-05,3448.85,3484,3428.75,3459,67255
2019-12-06,3411.8,3457.8,3405.1,3457.8,21071
2019-12-09,3380.5,3416,3371,3406.05,13740
2019-12-10,3296.25,3410,3272.8,3381,27276
2019-12-11,3381.25,3415,3305.8,3316.4,43319
2019-12-12,3359.75,3432.95,3304.95,3386.5,59401
2019-12-13,3315.35,3382.15,3305.55,3351,18923
2019-12-16,3279.35,3344.15,3259,3320.05,94036
2019-12-17,3286.1,3315.5,3279,3280,94650
2019-12-18,3282.55,3298.85,3277.5,3287.05,54838
2019-12-19,3305.75,3323.3,3283.15,3283.15,22511
2019-12-20,3287.6,3328.55,3250,3316,75225
2019-12-23,3353.6,3380,3255.05,3277,15657
2019-12-24,3441.35,3445,3345.45,3363.1,28086
2019-12-26,3427.2,3500,3410.25,3450,19617
2019-12-27,3439.1,3520,3416.8,3420,32651
2019-12-30,3430,3589.85,3401,3454.6,23840
2019-12-31,3406.6,3449.6,3395,3449.6,117325
2020-01-01,3376.7,3447.1,3358,3409.5,12825
2020-01-02,3474.2,3484.4,3381.55,3385,25577
2020-01-03,3467.55,3491,3445,3491,17829
2020-01-06,3450.05,3463.75,3433.05,3460,17488
2020-01-07,3396.65,3480.85,3380.05,3450.05,31735
2020-01-08,3419.85,3445,3300,3300,39466
2020-01-09,3418.4,3449,3396,3448.95,74890
2020-01-10,3386.45,3435,3375,3427.95,20996
2020-01-13,3395.95,3419.95,3360,3400,86638
2020-01-14,3409.85,3421.8,3390,3401.75,16111
2020-01-15,3410.15,3426,3373,3409,46709
2020-01-16,3395.95,3420.95,3381.5,3420,7275
2020-01-17,3386.4,3419.95,3375.95,3416.6,45682
2020-01-20,3375.75,3405,3363.05,3402.5,21918
2020-01-21,3370.25,3383,3362,3383,44703
2020-01-22,3353.2,3389.95,3337.3,3375,25284
2020-01-23,3346.4,3372.9,3333.05,3353.2,41158
2020-01-24,3338.95,3359.9,3328,3346.25,13340
2020-01-27,3302.6,3372.75,3290,3330,20718
2020-01-28,3264.55,3358.2,3260,3308,21040
2020-01-29,3417.3,3428,3260,3279,119568
2020-01-30,3393.85,3482.8,3356.5,3435,48165
2020-01-31,3454.3,3500,3350,3393.85,80743
2020-02-03,3600.8,3625.4,3501,3525.65,106272
2020-02-04,3728.35,3770,3600,3619,581865
2020-02-05,3865.5,3950,3730.2,3764.95,252064
2020-02-06,3783.95,3909.9,3761.05,3872,50109
2020-02-07,3783,3845,3771,3786,19035
2020-02-10,3760,3793,3750,3786.05,37538
2020-02-11,3829.85,3869.95,3750.05,3750.05,49094
2020-02-12,3806.45,3867,3775,3829.85,30355
2020-02-13,3904.9,3926,3751,3815,155572
2020-02-14,3756.55,3939.75,3726,3906.05,114918
2020-02-17,3718.25,3770,3680,3766,32564
2020-02-18,3699.5,3729,3680.3,3718.25,17582
2020-02-19,3764,3805.5,3665.55,3717.95,65449
2020-02-20,3680.3,3770,3660,3760,42410
2020-02-24,3695.1,3740,3660.2,3691.6,22169
2020-02-25,3642.25,3750,3625,3713.45,34366
2020-02-26,3483,3648,3465,3648,53905
2020-02-27,3456.25,3523.65,3415.3,3485,27827
2020-02-28,3386.65,3430,3350.8,3408.9,21849
2020-03-02,3393.9,3460,3375.1,3460,14706
2020-03-03,3368.3,3437.9,3350,3410.8,17842
2020-03-04,3323.7,3406,3317.05,3384.9,21675
2020-03-05,3343.1,3397.95,3298.45,3333.7,51392
2020-03-06,3156.75,3339.95,3121.7,3225.05,52501
2020-03-09,2882.8,3148,2849.1,3148,90244
2020-03-11,3039.65,3082.75,2900.1,2925.8,121804
2020-03-12,2910.6,3009.25,2840,2856,226971
2020-03-13,2954.45,3075,2474.9,2700.1,53783
2020-03-16,2740.95,2923.9,2625,2890,77841
2020-03-17,2657.1,2778.75,2649.7,2752,362881
2020-03-18,2539.05,2779.95,2496.65,2690,172040
2020-03-19,2300.6,2469.65,2140,2340.2,407407
2020-03-20,2281.4,2419.25,2210.8,2301.6,93449
2020-03-23,1825.15,2198.9,1825.15,2100,119719
2020-03-24,1525.95,1935.45,1460.15,1902.5,436926
2020-03-25,1594.5,1678.5,1514.5,1525,152057
2020-03-26,1753.95,1753.95,1605,1630,63137
2020-03-27,1900,1929.3,1800,1905,79150
2020-03-30,1841.2,1899,1770,1810,52153
2020-03-31,1798.55,1905,1779.85,1873,43449
2020-04-01,1754.55,1819,1725.5,1819,30051
2020-04-03,1924.6,1930,1700,1780,47263
2020-04-07,1978.9,2020.7,1932.15,1980,26403
2020-04-08,2024.75,2073.85,1925,2027.95,25453
2020-04-09,2085.4,2110.9,2031,2054.75,29635
2020-04-13,2115.9,2150,2046,2090,35609
2020-04-15,2088.5,2154.95,1910,2154.95,34275
2020-04-16,2070.1,2090,2035,2065,17477
2020-04-17,2110.1,2149.95,2070,2149.95,50520
2020-04-20,2114.7,2147,2080.65,2147,15436
2020-04-21,1975.55,2106,1925,2081,42784
2020-04-22,1952.45,1986,1910.5,1986,21970
2020-04-23,1932.2,2005,1925.05,1980,29297
2020-04-24,1881.7,1924.3,1875.05,1910,22447
2020-04-27,1897.45,1934.95,1875,1929.9,20249
2020-04-28,1938.25,1944,1845,1915,48507
2020-04-29,2002.85,2084.95,1939.95,1943.95,76668
2020-04-30,2037.8,2077,2026.3,2037,44807
2020-05-04,1892.6,2000,1879.15,2000,52291
2020-05-05,1890.75,1979.9,1888.4,1979.9,23991
2020-05-06,1898.1,1930,1877.45,1904,19651
2020-05-07,1897.8,1919.2,1889.45,1895,8037
2020-05-08,1876.95,1938.95,1873,1908,20724
2020-05-11,1904.55,1938.25,1883.75,1894.95,20122
2020-05-12,1920.4,1925.5,1875,1890,20852
2020-05-13,1930.55,2020,1920,1985.1,44225
2020-05-14,1902.6,1968.95,1880,1928,29744
2020-05-15,1925.25,1932,1886.75,1912,13893
2020-05-18,1857.35,1934.95,1850.35,1934.9,79811
2020-05-19,1888.6,1907.45,1860,1875,123108
2020-05-20,1903.7,1918.7,1865,1872,19533
2020-05-21,1909.3,2025,1881,1955,77297
2020-05-22,1993.55,2008.25,1880,1925,194719
2020-05-26,1992.1,2010,1967,2000,15860
2020-05-27,2003.7,2030.4,1950,1992,15851
2020-05-28,1993.75,2019.95,1976,2000.05,29663
2020-05-29,2000.6,2008.9,1966.1,1982.95,41290
2020-06-01,2066,2145,2010.6,2010.6,46027
2020-06-02,2188.2,2205,2012,2084,77370
2020-06-03,2277.65,2370,2209.95,2250,90821
2020-06-04,2241.6,2350,2200,2308.65,36981
2020-06-05,2440.05,2493.8,2232.55,2280,103625
2020-06-08,2500.15,2583.1,2486,2539,116665
2020-06-09,2503.4,2548.95,2501,2525,105831
2020-06-10,2468.95,2531.2,2440.8,2497,62721
2020-06-11,2416.65,2484.45,2402,2483,33512
2020-06-12,2349.4,2379.5,2215,2251,81026
2020-06-15,2318.55,2385,2280,2385,39454
2020-06-16,2317.4,2380,2283.8,2379,93404
2020-06-17,2349.05,2373.85,2285,2324,56419
2020-06-18,2403.1,2420,2349.8,2369,51687
2020-06-19,2527.25,2569.95,2412.65,2467.35,102066
2020-06-22,2739.1,2775,2569.45,2578.65,73903
2020-06-23,2918.95,2984.9,2760.1,2800,158949
2020-06-24,2838.75,3005,2815,3000,88119
2020-06-25,2682.7,2890,2650,2820,115623
2020-06-26,2705.05,2825,2683.5,2691.3,69325
2020-06-29,2622.65,2770,2605,2723,64145
2020-06-30,2543,2654.8,2525.25,2640,59187
2020-07-01,2570.15,2599.55,2534,2587,56481
2020-07-02,2586.35,2639,2570.8,2610,50667
2020-07-03,2546.5,2617.95,2536,2592.95,64135
2020-07-06,2654.45,2669.95,2565,2565,98296
2020-07-07,2852.9,2888,2668,2684,182514
2020-07-08,2799.85,2897.95,2762.3,2884.5,103002
2020-07-09,2772.15,2839,2745.15,2819,82911
2020-07-10,2732.75,2825,2707.35,2768,89096
2020-07-13,2723.25,2765,2681.2,2765,128517
2020-07-14,2637.25,2716,2610,2716,58959
2020-07-15,2606.25,2684.95,2600,2674.95,82215
2020-07-16,2590.3,2630,2552.1,2630,120716
2020-07-17,2638.8,2648,2598.95,2602.5,24481
2020-07-20,2716.05,2745,2642.9,2660,63512
2020-07-21,2700.4,2787,2652,2758,57334
2020-07-22,2660.15,2771.4,2622,2705,78711
2020-07-23,2672.05,2690,2651.2,2665,31608
2020-07-24,2674.9,2684.95,2651,2665,24151
2020-07-27,2682.05,2695.35,2666.1,2689.7,29928
2020-07-28,2721.25,2744.9,2680.35,2688.7,61779
2020-07-29,2697.85,2750,2665.95,2729,145879
2020-07-30,2649.65,2719,2627.3,2719,48288
2020-07-31,2656.1,2676,2602.55,2658,73788
2020-08-03,2601.45,2650,2584,2650,24981
2020-08-04,2593.8,2649.7,2545.1,2600,60025
2020-08-05,2634.65,2664,2594.95,2595,32782
2020-08-06,2660.4,2699,2650.1,2690,29595
2020-08-07,2701.05,2717.15,2660.4,2672.9,26300
2020-08-10,2708,2762.95,2700,2733,33610
2020-08-11,2725.65,2752,2714.85,2718,17603
2020-08-12,2683.1,2739,2675.15,2739,17703
2020-08-13,2686.85,2733.6,2670.55,2699.35,16766
2020-08-14,2598.85,2707.4,2552.3,2686.9,55564
2020-08-17,2612.75,2667.25,2600,2618.95,30566
2020-08-18,2629.05,2645,2624,2639,11573
2020-08-19,2632.75,2653.95,2626.1,2640,11869
2020-08-20,2614.8,2629.95,2601.55,2619,9683
2020-08-21,2648.7,2693,2625.05,2639.7,172465
2020-08-24,2667.4,2702.2,2650,2680,64087
2020-08-25,2668.1,2686.85,2625.05,2671.75,82904
2020-08-26,2758.25,2799.85,2672,2685,199931
2020-08-27,2851.65,2867.95,2760,2800,125650
2020-08-28,2782.15,2880,2765,2880,53007
2020-08-31,2678.8,2815.15,2660.1,2790,45523
2020-09-01,2648.95,2727.7,2633,2661.2,37017
2020-09-02,2651.4,2669.8,2640,2648.95,17923
2020-09-03,2648.65,2675.9,2645,2651.5,14692
2020-09-04,2590.5,2647.8,2585,2638,29477
2020-09-07,2485.05,2630,2472,2590,67367
2020-09-08,2456,2525,2436.95,2495,69747
2020-09-09,2435.05,2448.75,2385.1,2441,55969
2020-09-10,2472.05,2505,2442.5,2442.5,21649
2020-09-11,2461.15,2493.6,2453.3,2480,10273
2020-09-14,2470.6,2498.3,2456.95,2467,17060
2020-09-15,2499.35,2517.05,2460.6,2470.65,20256
2020-09-16,2518.2,2532,2500,2509.95,15916
2020-09-17,2486.7,2530,2476.35,2530,10284
2020-09-18,2587.5,2620.05,2480.45,2496.95,78730
2020-09-21,2516.4,2615,2490,2608,20393
2020-09-22,2404.25,2509.6,2392.5,2480.05,55015
2020-09-23,2494.75,2538,2401,2498.4,25541
2020-09-24,2427.1,2460,2405.05,2425.05,19180
2020-09-25,2441,2499,2390.45,2459.95,32098
2020-09-28,2492.6,2520,2465.05,2467,16279
2020-09-29,2434.45,2509,2410.3,2500,29069
2020-09-30,2413.95,2446.45,2401,2434.45,15996
2020-10-01,2449.5,2489,2423.65,2438,38866
2020-10-05,2427.75,2478.95,2422.45,2471,18383
2020-10-06,2461.7,2474,2439,2439,21171
2020-10-07,2427,2472,2420.2,2472,10798
2020-10-08,2400.55,2452,2394,2431.05,27881
2020-10-09,2398.7,2430,2369,2402.05,38741
2020-10-12,2398.7,2424.4,2375,2424.4,55773
2020-10-13,2400.3,2419.65,2390.05,2398.7,126907
2020-10-14,2405,2420,2386.5,2402,106144
2020-10-15,2376.6,2420,2341.4,2416.95,85192
2020-10-16,2354.05,2397.7,2345,2376.6,70672
2020-10-19,2363.65,2388.9,2355,2388.9,10034
2020-10-20,2350,2376.4,2341,2364,54248
2020-10-21,2348.95,2379.9,2331.65,2361.65,85551
2020-10-22,2301.8,2350,2290,2348,57494
2020-10-23,2261.65,2332,2248,2303.05,105479
2020-10-26,2296.9,2305.45,2252.15,2270,33762
2020-10-27,2265.2,2313,2212.65,2313,155124
2020-10-28,2279.5,2307.45,2244.25,2275,28429
2020-10-29,2269.1,2280.9,2228.35,2256.8,21363
2020-10-30,2306.7,2326.5,2282,2282,36824
2020-11-02,2315,2331.6,2300,2326,22179
2020-11-03,2300.7,2345.4,2299.15,2332,19282
2020-11-04,2303.45,2322.25,2300,2320,13198
2020-11-05,2369.05,2377,2306.1,2327.4,35250
2020-11-06,2426.9,2449,2371.3,2390,63881
2020-11-09,2445.9,2463.95,2411.45,2445,27786
2020-11-10,2523.25,2538,2447.45,2447.45,64546
2020-11-11,2649.9,2731,2540,2549,219229
2020-11-12,2678.1,2728.7,2661,2670,114187
2020-11-13,2691.25,2715,2631.3,2680,83069
2020-11-16,2707.1,2732.4,2699,2719,20783
2020-11-17,2712.95,2776,2653,2715,126745
2020-11-18,2750.95,2765,2690.2,2712.95,109959
2020-11-19,2878.85,2999,2751,2770,371158
2020-11-20,3008.8,3026.1,2853,2892,210940
2020-11-23,3246.9,3279,3027.4,3100,467403
2020-11-24,3092.9,3348.85,3075,3295,398332
2020-11-25,2929.15,3148.8,2883,3124.85,277210
2020-11-26,3005.6,3075,2940,2950,187516
2020-11-27,3063.75,3089,3006,3016,120914
2020-12-01,3094.3,3115.5,3060,3115.5,79083
2020-12-02,3104.55,3144.2,3070,3094.3,105288
2020-12-03,3142.65,3150,3105.25,3115,55733
2020-12-04,3138.05,3175,3121,3164.25,43515
2020-12-07,3112.15,3199,3104.9,3154,69105
2020-12-08,3074.9,3133.9,3022,3124.55,465231
2020-12-09,3069.95,3101.75,3056.85,3101.75,35053
2020-12-10,3048.75,3068.95,3033.75,3060,28149
2020-12-11,3062.25,3120,3025.25,3029.15,40231
2020-12-14,3059.35,3114,3050,3090,46828
2020-12-15,3118.85,3141.45,3025.25,3025.25,92851
2020-12-16,3148.95,3170.9,3105,3145,58222
2020-12-17,3123.4,3163,3105,3147.95,37227
2020-12-18,3081.9,3129,3053.8,3103,37569
2020-12-21,3070.55,3106.35,3011.1,3011.1,117274
2020-12-22,3015.9,3189,2850.2,3071,85287
2020-12-23,3068.4,3087.5,3010,3030,34336
2020-12-24,3073.05,3110.95,3052.05,3080.05,25067
2020-12-28,3092.15,3125.65,3080,3110,39148
2020-12-29,3066.3,3147,3008.9,3147,37495
2020-12-30,3105,3125,3047.8,3086.45,24651
2020-12-31,3076.55,3125,3066.9,3119,33283
2021-01-01,3119.15,3136.85,3071.2,3091.7,38786
2021-01-04,3142.6,3152.5,3120.35,3139.95,37409
2021-01-05,3110.85,3142.25,3050,3142.25,30128
2021-01-06,3108.75,3137,3067,3067,31359
2021-01-07,3128.05,3140,3114.9,3129.95,17953
2021-01-08,3131.3,3150,3124,3150,44992
2021-01-11,3140.35,3150,3124,3135,28259
2021-01-12,3187.65,3240,3141.15,3150,121286
2021-01-13,3201.65,3239.95,3181.05,3200,86799
2021-01-14,3210.15,3257.45,3181,3220,47498
2021-01-15,3201.05,3229.95,3185.25,3223,33029
2021-01-18,3181.4,3207.9,3120.05,3207.9,38525
2021-01-19,3235.75,3250,3149.1,3176.2,75122
2021-01-20,3247.2,3273.75,3203.45,3247.95,53395
2021-01-21,3246.2,3280,3200,3262.95,182612
2021-01-22,3283.45,3299.6,3220.05,3280,219062
2021-01-25,3300.3,3330,3264.05,3330,92348
2021-01-27,3230.35,3298.25,3208,3290,104247
2021-01-28,3230.3,3238.9,3186.7,3200,63416
2021-01-29,3246.6,3271.35,3226,3245,38051
2021-02-01,3300.9,3359.8,3190.05,3247,65297
2021-02-02,3357.4,3449,3317.85,3319,56087
2021-02-03,3388.55,3400.95,3325,3361,45568
2021-02-04,3419.5,3430,3368.05,3387,137076
2021-02-05,3457.7,3529.9,3414.8,3420,54438
2021-02-08,3518.6,3568.25,3480.05,3495,51521
2021-02-09,3531.35,3561,3501.35,3551,37267
2021-02-10,3522.35,3559,3500.65,3525,28033
2021-02-11,3553.65,3570,3490,3520.95,18298
2021-02-12,3544.6,3590,3527.1,3550.5,38824
2021-02-15,3561.25,3598.5,3541.55,3544,27831
2021-02-16,3618.95,3640.9,3550.3,3561,29612
2021-02-17,3600,3621.5,3583.05,3618,26436
2021-02-18,3584.1,3608.95,3552.2,3600.05,52328
2021-02-19,3611,3645.9,3510.05,3584.1,32639
2021-02-22,3601.05,3625.55,3572.45,3612,32256
2021-02-23,3651.5,3673.1,3572.45,3601,38894
2021-02-24,3631.9,3672,3567.1,3651,7281
2021-02-25,3718.2,3757.15,3641,3641,51595
2021-02-26,3630.2,3725,3536.6,3600,65117
2021-03-01,3594.1,3693.3,3561,3693.3,76867
2021-03-02,3684.15,3695.5,3595,3598,23336
2021-03-03,3664.45,3724.85,3650,3704,104592
2021-03-04,3639.55,3676.6,3611.25,3620,24759
2021-03-05,3591.35,3664,3557.6,3640,38966
2021-03-08,3588.6,3614.9,3560.1,3591.35,19338
2021-03-09,3615.85,3625,3588.6,3589,18152
2021-03-10,3596.45,3647.8,3580.05,3647.8,59027
2021-03-12,3618.5,3647.25,3590,3647.25,39406
2021-03-15,3490.25,3620,3473.8,3620,35658
2021-03-16,3502.85,3588,3480.7,3500.05,26082
2021-03-17,3475.8,3529,3441.95,3520.4,19722
2021-03-18,3537.75,3639,3431.3,3475.75,51932
2021-03-19,3429,3607,3360,3538,87375
2021-03-22,3428.3,3455,3366.15,3427.8,20010
2021-03-23,3449.75,3484,3402.3,3439.95,20261
2021-03-24,3427.6,3450.35,3404.15,3449.75,13357
2021-03-25,3254.3,3425.3,3201,3410,48418
2021-03-26,3285.55,3300,3208.65,3255,38892
2021-03-30,3197.2,3367.25,3141,3300,145669
2021-03-31,3293.05,3308.9,3197.2,3197.2,57510
2021-04-01,3338.7,3380,3277.35,3310,24520
2021-04-05,3291,3379,3275,3379,61876
2021-04-06,3322.5,3350,3242,3242,48446
2021-04-07,3355.45,3385,3322.5,3326,28261
2021-04-08,3388,3398.9,3355,3355,52635
2021-04-09,3409.45,3417.3,3351.95,3390,39804
2021-04-12,3279.95,3366.85,3225.15,3325,38914
2021-04-13,3331,3415.95,3250.1,3264.05,25103
2021-04-15,3341.1,3360,3270,3315.05,13012
2021-04-16,3378.25,3400,3281.5,3281.5,35668
2021-04-19,3334.6,3350,3230,3290,20006
2021-04-20,3377.7,3398.7,3282.4,3282.4,21140
2021-04-22,3388.45,3395.55,3310,3362,14684
2021-04-23,3410.6,3440.15,3330.1,3330.1,19975
2021-04-26,3422.95,3430,3394.05,3420,16429
2021-04-27,3392.65,3439.95,3375,3439.8,17091
2021-04-28,3457.9,3500,3410.5,3410.5,30801
2021-04-29,3510.8,3663,3460.6,3513,145361
2021-04-30,3421.2,3649,3410,3600,80888
2021-05-03,3429.15,3468,3341.35,3430,32657
2021-05-04,3457.85,3485,3406.25,3438,20952
2021-05-05,3432.3,3499,3410.2,3457.05,16385
2021-05-06,3442.15,3458.65,3417.35,3432.3,14830
2021-05-07,3524.7,3558.05,3450,3451.95,35605
2021-05-10,3524.45,3552.3,3482.35,3535,22421
2021-05-11,3513.6,3557,3476.6,3515,35979
2021-05-12,3548.6,3550,3475,3529.95,90657
2021-05-14,3504.2,3550,3435,3550,44997
2021-05-17,3556.85,3570,3491,3510,20657
2021-05-18,3599.95,3620,3563.35,3585,52314
2021-05-19,3647.65,3677,3572.05,3598.95,63361
2021-05-20,3622.85,3665,3600,3655,13371
2021-05-21,3588.25,3660.75,3564,3625,19259
2021-05-24,3556.45,3637.25,3545,3588,46638
2021-05-25,3560.1,3586.15,3540,3556.45,130069
2021-05-26,3568.65,3598,3548.95,3578.8,34837
2021-05-27,3591.1,3623.6,3571.2,3588,12229
2021-05-28,3513.15,3618.35,3502,3591,39430
2021-05-31,3550.45,3560,3525,3548,133830
2021-06-01,3505.9,3584.8,3457,3574,77518
2021-06-02,3503.75,3536.55,3490,3511.05,40415
2021-06-03,3528.65,3535.9,3501,3528,19084
2021-06-04,3527.35,3544.7,3517.45,3530.05,69042
2021-06-07,3486,3544.95,3479.55,3540,80677
2021-06-08,3491.3,3521.8,3481,3500,23714
2021-06-09,3482.45,3510,3455,3510,28033
2021-06-10,3520.5,3541,3494.05,3494.05,33024
2021-06-11,3525.8,3568.85,3502.6,3531,66008
2021-06-14,3498.5,3525.3,3477.95,3525,28252
2021-06-15,3534.2,3548,3490.05,3498.5,94902
2021-06-16,3544.45,3575,3521.2,3545,24015
2021-06-17,3523.45,3555.45,3501,3544.45,19861
2021-06-18,3520.6,3540.5,3466.7,3534.95,72089
2021-06-21,3507.65,3515,3451,3451,13843
2021-06-22,3545.05,3594,3510.05,3510.05,70824
2021-06-23,3600.4,3694.95,3546.75,3546.75,116052
2021-06-24,3616.15,3661,3600,3661,27149
2021-06-25,3656.4,3690,3611.2,3623.6,21621
2021-06-28,3669.8,3685.1,3632.5,3680,12730
2021-06-29,3581.55,3665.85,3553.8,3664,44642
2021-06-30,3614.25,3628,3591,3597.95,12985
2021-07-01,3617.75,3648.9,3586,3586,13824
2021-07-02,3677,3729,3610,3610,70307
2021-07-05,3750.75,3779.45,3676,3700,41327
2021-07-06,3862.15,3886.9,3725.65,3777,73242
2021-07-07,3785.6,3847.95,3755.1,3827.05,26557
2021-07-08,3774.1,3785.9,3760,3760,13057
2021-07-09,3765.05,3796,3754,3796,27232
2021-07-12,3830.35,3870,3766.3,3777,40082
2021-07-13,3895.5,3938,3840,3850,53330
2021-07-14,3898.55,3925,3847,3904.95,71148
2021-07-15,3889.6,3918.95,3870,3918.95,12851
2021-07-16,3981.3,4018.45,3870.6,3889.6,106907
2021-07-19,3915.6,4060,3899.95,3975,42148
2021-07-20,3816.25,3939.1,3785.75,3939.1,27070
2021-07-22,3866.4,3949.15,3817.05,3822,32070
2021-07-23,3837.55,3995.85,3755.05,3945,89977
2021-07-26,3881.9,3889,3826.25,3875.8,18202
2021-07-27,3903.3,3917.95,3865.4,3882,23628
2021-07-28,3894,3926.8,3840.4,3906.95,48520
2021-07-29,3996.35,4012,3875.75,3900.1,27374
2021-07-30,4023.05,4033.9,3964.25,4000,21622
2021-08-02,3992.1,4080,3966.55,4025,34942
2021-08-03,3998.05,4018.85,3980,3993,31031
2021-08-04,3954.8,4017.7,3930,4009.95,33234
2021-08-05,3953.15,3994,3890.05,3955,13009
2021-08-06,4000.7,4015.9,3954.1,3995.9,54754
2021-08-09,4001.55,4015,3940,4010,54151
2021-08-10,4000.1,4020,3980,4020,93155
2021-08-11,4000.4,4019.95,3918.05,4000.05,45823
2021-08-12,4036.6,4080,3959.15,3999,29005
2021-08-13,4197.5,4230,4012.5,4044.95,91001
2021-08-16,4104,4235,4084,4225,70865
2021-08-17,4152.05,4174.95,4073.8,4108.05,37269
2021-08-18,4173.75,4189.95,4111.65,4165,48805
2021-08-20,4150.1,4165,4086.7,4125.1,48299
2021-08-23,4121.5,4167.4,4081,4144,71845
2021-08-24,4119.1,4184.95,4051,4120,89292
2021-08-25,4167.05,4264.3,4130,4130,149684
2021-08-26,4142.2,4196.85,4077.5,4196.85,36317
2021-08-27,4194.95,4200,4130,4169.8,21280
2021-08-30,4239.3,4299,4210.05,4233,39517
2021-08-31,4356.75,4397,4216.6,4240,47450
2021-09-01,4337.25,4395.6,4285,4355,20847
2021-09-02,4285.1,4388.35,4251.05,4360.1,18049
2021-09-03,4353.45,4395.8,4270.05,4295,24930
2021-09-06,4249.25,4394.95,4241.15,4394.95,43258
2021-09-07,4275.05,4298,4231.25,4248,30716
2021-09-08,4322.35,4365,4239,4275,30546
2021-09-09,4284.35,4339.35,4269.25,4285,10653
2021-09-13,4281.4,4309.85,4251.35,4296,10999
2021-09-14,4282.2,4329.95,4258.85,4329.95,10442
2021-09-15,4303.6,4348,4272.75,4348,42277
2021-09-16,4319.25,4345.3,4298.95,4308,21353
2021-09-17,4398.85,4923.9,4285,4347.95,845305
2021-09-20,4482.9,4800,4405,4450,413440
2021-09-21,4681.85,4739.95,4411.85,4546.85,343062
2021-09-22,4719.2,4799,4648,4730.5,144092
2021-09-23,4952,4981.25,4706.5,4760,233872
2021-09-24,4890.65,5012.45,4850,4995,71950
2021-09-27,4993.1,5100,4918.75,4979,181379
2021-09-28,4798.9,4954.05,4780,4950,105439
2021-09-29,4712.55,4816.4,4650,4802,79366
2021-09-30,4808.6,4841.9,4725,4754,62195
2021-10-01,4737.4,4899.95,4710,4784.2,74284
2021-10-04,4915.4,4949,4762.7,4787.9,85737
2021-10-05,4836.6,4950,4801,4950,44484
2021-10-06,4767.95,4888,4750,4873.45,72861
2021-10-07,4741,4838,4720,4812,22876
2021-10-08,4716.6,4792.95,4700,4792.95,21606
2021-10-11,4700.75,4780,4672.1,4709.1,29110
2021-10-12,4747.7,4789.15,4683,4700,36062
2021-10-13,4732.1,4794,4710,4790,22211
2021-10-14,4745.65,4808,4716.7,4755.45,27294
2021-10-18,4773.3,4796.6,4716.5,4784.95,29219
2021-10-19,4805.6,4915.5,4747.55,4807.95,60765
2021-10-20,4783.8,4888,4686.65,4810,21788
2021-10-21,4733.15,4824.2,4702.55,4785,20080
2021-10-22,4747.4,4799.75,4691.4,4735,48576
2021-10-25,4735.45,4784.8,4654.6,4748.1,39884
2021-10-26,4725.5,4778,4703.1,4735.55,10372
2021-10-27,4783.35,4950,4725.6,4749.95,33423
2021-10-28,4771.85,4785,4730,4770,16493
2021-10-29,4829.7,5090,4731,4850,165706
2021-11-01,4763.75,4882.45,4734,4855,53708
2021-11-02,4866.95,4877,4762.35,4784,22436
2021-11-03,4925.8,4980,4817.8,4889,37958
2021-11-04,4957.75,4970,4931.85,4945,6691
2021-11-08,5021.4,5067.75,4914.05,4950.1,48440
2021-11-09,5018.7,5090,4980,5000.1,28775
2021-11-10,5073,5090,4968.5,4968.5,28976
2021-11-11,4911.6,5160,4872.35,5026,48312
2021-11-12,4984.3,4992.05,4890.1,4975,27712
2021-11-15,4894.3,5055,4839.65,5033.65,31587
2021-11-16,4897.5,4971,4869.9,4900,14196
2021-11-17,4929.7,4983.95,4897.5,4897.5,13178
2021-11-18,4890.15,4967.45,4805,4929.7,11522
2021-11-22,4872.1,4931,4850,4900,69813
2021-11-23,4974.35,5023.65,4789.6,4872.1,24505
2021-11-24,4910.95,5011.7,4900,5011.7,18142
2021-11-25,4935.55,4974,4825.4,4825.4,13121
2021-11-26,5036.7,5099,4890.3,4970,111567
2021-11-29,4940.35,5084.7,4890,5036.7,152223
2021-11-30,5037.8,5080,4966.4,4966.4,26991
2021-12-01,5186.45,5214.9,4980,5061,74613
2021-12-02,5347,5394.9,5188,5220,178403
2021-12-03,5423.7,5470,5347,5347,89750
2021-12-06,5253.25,5526.6,5163.75,5481,120745
2021-12-07,5393.2,5410,5222.95,5294,60742
2021-12-08,5503.45,5549,5407.05,5407.05,74031
2021-12-09,5467.85,5564.75,5433.75,5549,32267
2021-12-10,5578.15,5660,5400,5400,47629
2021-12-13,5515.6,5660.4,5476,5660.4,40832
2021-12-14,5487.9,5557.7,5441.65,5509,23287
2021-12-15,5478.15,5558,5445,5516,47380
2021-12-16,5137.5,5540.9,5108.05,5539,129861
2021-12-17,5036.4,5198.75,5006.15,5164,119799
2021-12-20,4991.85,5031.9,4890,4964.85,117829
2021-12-21,5060.1,5080,4971.4,5031,214270
2021-12-22,5184.3,5220,5064,5064,25735
2021-12-23,5084.4,5280.9,5055.05,5222,63676
2021-12-24,5021.65,5140,5006.15,5124.9,58359
2021-12-27,5083.2,5128.45,4961.7,5033.8,38067
2021-12-28,5091.15,5140,5068.85,5132,30905
2021-12-29,5032.55,5125.6,5020,5091.15,22220
2021-12-30,5158.95,5183.9,5040.4,5053.95,29684
2021-12-31,5432.05,5590,5139.8,5149,49641
2022-01-03,5349.85,5439.6,5242.65,5432,39246
2022-01-04,5293.25,5420,5198.45,5374,34151
2022-01-05,5363.75,5405,5280.05,5289.9,35681
2022-01-06,5245.6,5355,5220,5355,29361
2022-01-07,5173.7,5295,5139.85,5250,41061
2022-01-10,5208.2,5249,5175,5224.4,26925
2022-01-11,5221.8,5256.35,5180.6,5200.05,23559
2022-01-12,5320.05,5340,5250,5258,20239
2022-01-13,5353,5370,5296.25,5360,11714
2022-01-14,5431.15,5449,5310.05,5355,19882
2022-01-17,5496.05,5518,5435,5479.45,24577
2022-01-18,5468.15,5587,5441.3,5518,34526
2022-01-19,5437.05,5550,5388,5499.5,20601
2022-01-20,5492.15,5518.9,5450,5465.7,17758
2022-01-21,5350.15,5450,5250,5250,56300
2022-01-24,5078.2,5418.4,5000,5381.25,44253
2022-01-25,5147.55,5235,5100,5100,65173
2022-01-27,5112.1,5203.25,5100,5148.45,272837
2022-01-28,5119.25,5170.8,5079.75,5121,33312
2022-01-31,5160.35,5170.5,5130,5170,16286
2022-02-01,5224.45,5275.55,5165.1,5200,25069
2022-02-02,5259.75,5269.9,5235.6,5250,9074
2022-02-03,5234.1,5290,5175.15,5279.95,15893
2022-02-04,5164.4,5289.95,5128.5,5289.95,10385
2022-02-07,5102.25,5268.4,5088.8,5244.95,21856
2022-02-08,5173.15,5198.55,5084.05,5129.1,15655
2022-02-09,5213.45,5247.55,5135.05,5189.95,10440
2022-02-10,5215.35,5258.45,5158,5220,18628
2022-02-11,5193.3,5242,5136.65,5167.9,15389
2022-02-14,5147.75,5197.45,5051,5051,21650
2022-02-15,5178.35,5193.9,5100,5190,13425
2022-02-16,5315.2,5345,5178.35,5178.35,72640
2022-02-17,5361.2,5366,5285.2,5354.95,16225
2022-02-18,5363.3,5380,5190,5306.1,18341
2022-02-21,5352.9,5377,5211.2,5265,21214
2022-02-22,5198.7,5265.7,5151.2,5200,20940
2022-02-23,5227.65,5279.95,5182,5249,25473
2022-02-24,5104.35,5150,5045.55,5150,26601
2022-02-25,5203.5,5239.95,5120.05,5122,16728
2022-02-28,5202.4,5224.9,5140,5158,14750
2022-03-02,5101.7,5239.65,5081.65,5155.1,80782
2022-03-03,5086.25,5160,5050.2,5160,57717
2022-03-04,4931.65,5147.9,4905,5100,19523
2022-03-07,4846.8,5009.45,4752.05,4870,43534
2022-03-08,4932,4989,4780,4801,110628
2022-03-09,4991.75,5100,4892.55,4958,103423
2022-03-10,5003.2,5250,4981.85,5250,27643
2022-03-11,4916.55,5050.8,4879.1,4922,88030
2022-03-14,4999.3,5015.85,4920,4920,64027
2022-03-15,4958.15,5006,4875,4993.95,19392
2022-03-16,5068.65,5090.95,5000.5,5050,19443
2022-03-17,5008.7,5100,4987.1,5062,56609
2022-03-21,5008.4,5041.55,4993.95,5034,15955
2022-03-22,5012.6,5036.65,4986.05,5033.7,37330
2022-03-23,5046.2,5100,4980.85,5037,19796
2022-03-24,5057.65,5084.15,5013.25,5041,321942
2022-03-25,4999.15,5136.8,4976.15,5086,118798
2022-03-28,5023.9,5059.65,4980,5038,15346
2022-03-29,5047.6,5120,5010,5035,39505
2022-03-30,4979.05,5162.15,4887.9,5100,82933
2022-03-31,5011.05,5244.95,4982.1,5035,218364
2022-04-01,5398.85,5480,5030,5030,329467
2022-04-04,5828.45,6178.55,5350,5425,331277
2022-04-05,6143.4,6598,5951,6010.45,793218
2022-04-06,6219.55,6299,6020.05,6199.7,346252
2022-04-07,6242.95,6342.8,6142,6200,165158
2022-04-08,6215.05,6310,6165,6180,71401
2022-04-11,6150.4,6275,6101,6200,58525
2022-04-12,5698.8,6155.05,5621.3,6155,284685
2022-04-13,5517.05,5894,5466,5780.5,175474
2022-04-18,5204.4,5497.9,5175,5490.4,148805
2022-04-19,5191.3,5377,5108.5,5279,208772
2022-04-20,5257.1,5295.15,5123.15,5225,108941
2022-04-21,5343.8,5414.35,5216.85,5265,103502
2022-04-22,5294.3,5380,5229.5,5324,38889
2022-04-25,5337.15,5434.1,5166.8,5240,111511
2022-04-26,5471.7,5499,5357.45,5384.95,46172
2022-04-27,5368.15,5439.95,5312.05,5381,32665
2022-04-28,5518.6,5570,5385.7,5435,71126
2022-04-29,5169.45,5614.85,5118,5542,107854
2022-05-02,5325.4,5370,5165,5170,135333
2022-05-04,5263.9,5450,5196.45,5350,58554
2022-05-05,5084.65,5360,5043.45,5290.75,162684
2022-05-06,5020.25,5053.05,4901,5029,47197
2022-05-09,5006.65,5099.9,4955.15,4995,40070
2022-05-10,5003.35,5093.85,4995,5019,21680
2022-05-11,5110.4,5259,4760,5003.35,74429
2022-05-12,4858.3,5050.9,4797.05,5003,78105
2022-05-13,4940,4980.45,4869.9,4928,32276
2022-05-16,4907.4,5033.15,4880,4950,23795
2022-05-17,4950.9,4998,4901,4950,22783
2022-05-18,4902.1,5050,4865.3,4950.9,54962
2022-05-19,4810.25,4872.05,4782,4850,31247
2022-05-20,4922.8,4948,4848,4894,26994
2022-05-23,4922.9,4980,4850,4929.85,24898
2022-05-24,4931.45,4998.7,4875,4925.25,19749
2022-05-25,4895.65,4974.85,4875,4935.1,15410
2022-05-26,4904.2,4950,4865,4930.8,31101
2022-05-27,5010.65,5060,4919.05,4945.4,22598
2022-05-30,5037.35,5076.9,4990,5055,16026
2022-05-31,5113.6,5200,5063.9,5088,51982
2022-06-01,5051.15,5175,5018,5151,13959
2022-06-02,5026.1,5054.65,5000.1,5050,6514
2022-06-03,4993.45,5100,4971.15,5091.1,8014
2022-06-06,5019.65,5099,4960,4995.1,19018
2022-06-07,4979.85,5010,4932.1,5000,84372
2022-06-08,4938.55,4995.25,4903,4979.9,25144
2022-06-09,4947,4965,4905.7,4938.55,6669
2022-06-10,5001.95,5034,4941.75,4988,34808
2022-06-13,4927.9,4978.95,4800,4978.95,13298
2022-06-14,4912.4,5009.8,4891.25,4951,210550
2022-06-15,4966,5069.15,4912.5,4939.95,25626
2022-06-16,4775.65,5011.15,4751.1,4940,32071
2022-06-17,4471.7,4784.45,4445,4775.65,90589
2022-06-20,4495.8,4545,4294.05,4471.7,42222
2022-06-21,4596.05,4718.9,4495.9,4496,49258
2022-06-22,4487,4622.35,4465.6,4596,30000
2022-06-23,4488.2,4574,4442,4515,30775
2022-06-24,4658.7,4671,4525,4525,32210
2022-06-27,4758.05,4787.95,4690.5,4691,17701
2022-06-28,4644.7,4767.25,4609.05,4760,12779
2022-06-29,4533.5,4949,4455,4637,60047
2022-06-30,4585.2,4862,4502.2,4620,243411
2022-07-01,4569.3,4655,4511,4534.9,59937
2022-07-04,4581.35,4660,4555.55,4595.95,23205
2022-07-05,4705.45,4750,4585.05,4599.8,38128
2022-07-06,4783.85,4800,4701.5,4725,23909
2022-07-07,4853.45,4860,4788,4838,15189
2022-07-08,4835.5,4885.55,4809,4862,9693
2022-07-11,4904.6,4931,4812.95,4835.5,20528
2022-07-12,4942.55,4998,4781.3,4898,25105
2022-07-13,4800.35,4965.55,4780,4928,18786
2022-07-14,4746.3,4830.25,4722.55,4830.25,53742
2022-07-15,4753.45,4804.85,4726,4755.4,9648
2022-07-18,4765.35,4789.75,4721.35,4770,29427
2022-07-19,4769.95,4814,4741,4789,34259
2022-07-20,4805.7,4856.4,4776.1,4802.05,114277
2022-07-21,4806.6,4865,4775,4831,96239
2022-07-22,4825.75,4873.9,4802,4844,13216
2022-07-25,4857.05,4888,4825,4841.95,16772
2022-07-26,4881.95,5055,4853,4870,155554
2022-07-27,4892.15,4922,4825.15,4878,15073
2022-07-28,5187.5,5245,4910,4910,244613
2022-07-29,5204.9,5469.7,5132.2,5299.75,181921
2022-08-01,5256.15,5271,5100,5205,68298
2022-08-02,5304.3,5336.45,5185,5298,60851
2022-08-03,5280.85,5318,5242.45,5305,26182
2022-08-04,5344.9,5370,5285,5285,47523
2022-08-05,5257.7,5390.9,5131.05,5341,91652
2022-08-08,5318.4,5403.7,5295,5295,40684
2022-08-10,5363.05,5370.65,5290.55,5370.65,29517
2022-08-11,5330.8,5400,5308.55,5363,23126
2022-08-12,5314.85,5349,5301.4,5349,12330
2022-08-16,5336.25,5360.95,5313.05,5349,13589
2022-08-17,5431.65,5449,5326.25,5340,53154
2022-08-18,5531,5700,5454.85,5457.8,305032
2022-08-19,5500.75,5594.45,5383.35,5531,76121
2022-08-22,5399.9,5468.4,5355,5450.25,39260
2022-08-23,5378.45,5440,5276.95,5365,50845
2022-08-24,5404.9,5445,5360,5360,28656
2022-08-25,5406.8,5474.85,5390,5450,29322
2022-08-26,5413.25,5473,5401,5469.95,15064
2022-08-29,5392.8,5437.85,5301,5370,32418
2022-08-30,5465.3,5538.6,5411.65,5460,27211
2022-09-01,5733.45,5799,5415,5450,109981
2022-09-02,5649.95,5840,5615.65,5788,58881
2022-09-05,5672.75,5736.75,5581,5621,47972
2022-09-06,5819.95,5840,5672.75,5715,75888
2022-09-07,5777.1,5840.15,5753.95,5760,37033
2022-09-08,6373.25,6690,5767,5830,351890
2022-09-09,6660.65,6829,6526.15,6550,556651
2022-09-12,6631.75,6793.35,6555,6660.65,184014
2022-09-13,6620.7,6700.3,6561,6632,140551
2022-09-14,7144.35,7300,6583.55,6620,527635
2022-09-15,7110.6,7378.45,6821.05,7240,428038
2022-09-16,6763.8,7090,6675,7090,267398
2022-09-19,6881.05,6960,6768.25,6831,135196
2022-09-20,6964.7,7039.9,6834.85,6960,107295
2022-09-21,6941.1,6980,6870,6980,73566
2022-09-22,6901.9,6990,6819.25,6840,113935
2022-09-23,6848.5,6970,6810.05,6937,78763
2022-09-26,6760.85,6839,6655,6799.95,82758
2022-09-27,6641,6749.5,6510,6699.4,106340
2022-09-28,6637,6737.25,6550,6641,89861
2022-09-29,6302.45,6736.15,6140,6676.8,149105
2022-09-30,6390.75,6596,6181.15,6341.6,149659
2022-10-03,6507.25,6623.95,6410.85,6433.5,111747
2022-10-04,6537.05,6611,6482.1,6585,67349
2022-10-06,6607,6652.85,6465.6,6569.75,109654
2022-10-07,6787.45,6820,6582.05,6640,223486
2022-10-10,6717.35,6768,6675,6701,77722
2022-10-11,6669.85,6743.05,6622.45,6717.35,75812
2022-10-12,6662.65,6759.55,6610.9,6659.6,89427
2022-10-13,6651.85,6690,6607,6684,87441
2022-10-14,6595.9,6752.6,6560,6690,80964
2022-10-17,6611.65,6685,6571.55,6595.9,83643
2022-10-18,6720.6,6750,6625,6625,87337
2022-10-19,6734,6850,6700,6734,112558
2022-10-20,6467.45,6734,6448.05,6734,126057
2022-10-21,6433.2,6548.95,6301,6500,114485
2022-10-24,6470.75,6499.25,6433.15,6433.2,3020
2022-10-25,6497.45,6575,6420.15,6502,128602
2022-10-27,6580.05,6605,6500,6578,107344
2022-10-28,6596.35,6665,6506.7,6600,111374
2022-10-31,6660.6,6700,6598.85,6664.2,77196
2022-11-01,6713.5,6765,6648.05,6665,69437
2022-11-02,6708.55,6736,6650,6713.5,55937
2022-11-03,6740.5,6802.5,6685.85,6708.1,193275
2022-11-04,6722.1,6777.9,6670,6740,51396
2022-11-07,6764,6799,6714.3,6755.75,91178
2022-11-09,6874.2,6890.9,6783,6840,196458
2022-11-10,6799.95,6931,6608.1,6896.1,134949
2022-11-11,6699.55,7078.25,6666.25,6900,167671
2022-11-14,6661.5,6767.25,6568.05,6732.45,91262
2022-11-15,6647.2,6750,6606.55,6687.5,96193
2022-11-16,6666.85,6809.75,6560,6690,164884
2022-11-17,6651.65,6743.95,6605,6689,88323
2022-11-18,6578.65,6694,6560.7,6684,89165
2022-11-21,6542.95,6640,6492.3,6594.4,90589
2022-11-22,6586.15,6600,6512.3,6526,75194
2022-11-23,6474.5,6674.95,6440.2,6615,84510
2022-11-24,6521.25,6549,6388.3,6520.2,115427
2022-11-25,6371.8,6580,6351.6,6547,109908
2022-11-28,6395.3,6517.55,6319.55,6381.25,327886
2022-11-29,6024.1,6440.8,5990.65,6420.8,255091
2022-11-30,6294.95,6624,6006,6065,4050056
2022-12-01,6314.95,6349,6185.25,6271,252224
2022-12-02,6374.45,6395,6288.05,6324.75,93573
2022-12-05,6257.15,6381,6202,6381,114361
2022-12-06,6185.15,6251.6,6141,6250,99310
2022-12-07,6215.6,6260.4,6184.05,6220,63133
2022-12-08,6175.4,6268.4,6142,6210,72988
2022-12-09,6209.8,6290.55,6112,6227.15,74044
2022-12-12,6210.5,6245,6180,6201,59836
2022-12-13,6253.65,6310,6201.05,6201.05,34601
2022-12-14,6247.5,6287.05,6175,6265.95,31561
2022-12-15,6161.8,6269.1,6120.2,6220.05,42805
2022-12-16,6098.5,6166,6050,6160,41137
2022-12-19,6116,6166,6090.45,6098.5,55702
2022-12-20,6173.6,6198,6090.1,6118,92025
2022-12-21,6127.45,6225,6090,6173,18031
2022-12-22,6144.2,6199.95,6070.2,6147,32874
2022-12-23,5798.95,6129.85,5706.35,6099,44001
2022-12-26,5786.4,5878.1,5700,5799.75,32888
2022-12-27,5865.65,5900,5784.1,5844.25,74705
2022-12-28,5854.25,5875,5833,5850,79283
2022-12-29,5851.5,5874.95,5796.85,5850,41964
2022-12-30,5741.6,5921,5655.6,5900,112738
2023-01-02,5607.15,5777.85,5570,5745.05,141578
2023-01-03,5660.5,5709.45,5612,5614.95,52179
2023-01-04,5718.15,5748,5619.95,5660,36403
2023-01-05,5687.6,5728.25,5592.05,5727.4,39152
2023-01-06,5680.25,5704.6,5651.1,5695,20655
2023-01-09,5838.8,5860,5695.85,5708.7,36557
2023-01-10,5859.5,5878.95,5793.05,5835.05,21937
2023-01-11,5775.45,5860,5730.1,5855,47499
2023-01-12,5866.7,5899,5789.35,5809.3,50702
2023-01-13,5947.6,5998,5830.7,5893.3,19097
2023-01-16,5816.95,5948.95,5710,5926.95,30910
2023-01-17,5693.65,5865.1,5656,5824.4,45506
2023-01-18,5641.7,5735.6,5601.1,5723.55,34560
2023-01-19,5651.15,5695,5614.95,5618.95,35073
2023-01-20,5581.15,5679,5560.15,5679,34072
2023-01-23,5787.3,5818.05,5570,5600,25617
2023-01-24,5890.9,5912.35,5750.4,5787.3,28854
2023-01-25,5742.65,5896,5710,5855,9566
2023-01-27,5905,5945,5725,5725,30246
2023-01-30,5998.5,6047.65,5893.55,5900,47849
2023-01-31,5883.95,5984.65,5830.2,5951.2,39727
2023-02-01,6082.2,6100,5885,5972.2,103912
2023-02-02,6033,6123.2,5924,6100,52374
2023-02-03,6024.2,6063.2,5960,6063.2,18149
2023-02-06,5921.05,6059.4,5912.25,6020,24477
2023-02-07,6078.45,6100,5895.1,5950.7,59468
2023-02-08,6090.1,6110,6066.4,6108.85,16688
2023-02-09,6061.3,6170,6025,6070.65,11981
2023-02-10,6113.35,6120,6025,6085.95,21183
2023-02-13,6031,6150,5955,6121,15021
2023-02-14,6029.5,6050,5962,5990.1,12346
2023-02-15,6010.75,6046.35,5988,6018.25,17161
2023-02-16,5997,6025.1,5986.6,6010.75,7038
2023-02-17,6013.5,6050,5963.05,5997,21922
2023-02-20,6051.15,6098.9,5952.9,6026,21694
2023-02-21,6079.35,6144,6013.05,6144,27263
2023-02-22,6035.5,6066.3,5999.25,6051.15,9943
2023-02-23,6020.25,6095,5989.7,6025.05,11772
2023-02-24,6103.3,6120,6012.55,6079.95,21928
2023-02-27,6086.9,6115.5,6010,6100,17275
2023-02-28,6254.15,6535,5994.15,6048,178171
2023-03-01,6303.7,6397.95,6240.55,6380,31397
2023-03-02,6233.1,6330,6217,6299.9,10564
2023-03-03,6152.65,6296,6114.9,6249.95,13976
2023-03-06,6312,6395,6155,6169.7,49983
2023-03-08,6355.75,6379.05,6254.7,6300,19369
2023-03-09,6254.25,6383.55,6200.9,6304.5,13013
2023-03-10,6066.2,6205.6,6044.7,6205.6,28529
2023-03-13,6008.65,6174.9,5925.05,6083.9,28975
2023-03-14,6128.65,6259.95,5923.7,6038.7,111690
2023-03-15,6041.1,6196.75,6010.15,6130,17665
2023-03-16,6113.35,6145.35,6001.05,6044.95,24489
2023-03-17,5985.75,6166.55,5911.2,6132,40044
2023-03-20,5933.75,6179.95,5885,5950,46701
2023-03-21,6028.75,6072,5840,6022.75,42622
2023-03-22,6036.75,6094.7,6003.15,6028,13575
2023-03-23,6032.45,6148,6010,6010,44559
2023-03-24,6034.25,6059.2,5977.9,6025,13838
2023-03-27,6042.35,6084.85,6021,6059.9,16474
2023-03-28,6061.85,6118,6000.2,6017.5,27052
2023-03-29,5866.75,6141.4,5820,6040.1,89796
2023-03-31,5920.1,5980,5840.15,5896.1,31478
2023-04-03,5819.5,5951.25,5770,5934.9,41060
2023-04-05,5888.25,5919.95,5802.6,5872.4,24463
2023-04-06,5934.5,5953,5872,5912.15,13631
2023-04-10,5912.05,5970.2,5883.05,5925,13211
2023-04-11,6030.1,6068,5913,5913,41425
2023-04-12,6039.35,6059,5994.15,6030.15,51074
2023-04-13,5949.45,6080,5920.2,6039.4,28349
2023-04-17,6097.3,6120,5953,5953,28375
2023-04-18,6349.65,6651,6097.3,6110,428643
2023-04-19,6315.55,6390,6265.05,6349.65,37648
2023-04-20,6401.25,6450,6310,6349.95,52034
2023-04-21,6363.2,6466.95,6330,6414.95,16891
2023-04-24,6486.9,6500,6363.2,6365.05,32240
2023-04-25,6495.35,6514,6414.95,6497,23027
2023-04-26,6537.6,6575,6490.05,6528,26571
2023-04-27,6650.25,6681,6511.55,6514.9,32817
2023-04-28,6847.95,6945,6598.8,6668,57756
2023-05-02,6891.05,7040,6813.8,6880,58293
2023-05-03,6945.2,6999,6830.4,6891.05,48549
2023-05-04,6853.65,6937.5,6820,6935,23007
2023-05-05,6814.4,6998.15,6785.65,6885,21428
2023-05-08,6841.45,6898.5,6804.05,6815,24006
2023-05-09,6915.4,6926.25,6841.45,6841.5,17850
2023-05-10,6901.45,6931.1,6850,6850,16745
2023-05-11,6920.95,6945.95,6862,6901.1,21872
2023-05-12,6890.25,6922.25,6841.05,6900,23330
2023-05-15,6700.65,6887.95,6655.1,6820,29542
2023-05-16,6632.7,6734,6610.55,6700.95,25344
2023-05-17,6451.85,6663.95,6411,6632.7,34563
2023-05-18,6328.75,6509.95,6286.3,6500,20865
2023-05-19,6298.5,6369,6279.05,6369,20910
2023-05-22,6448.6,6475,6296.55,6320,19346
2023-05-23,6641.4,6680,6470,6474,39458
2023-05-24,6934.45,6966,6611.55,6645.7,111285
2023-05-25,6922.3,6942,6816.1,6900,36611
2023-05-26,7095.3,7129.9,6900,6920,67649
2023-05-29,7214.05,7225,6999,7094.95,62748
2023-05-30,7078,7291.3,7015,7250,74519
2023-05-31,7264.9,7488.95,6931,7070,181345
2023-06-01,6993.1,7296.25,6925,7264.9,73859
2023-06-02,6989.9,7085,6932.35,7035,48818
2023-06-05,6919.85,7054.15,6900,6990,26562
2023-06-06,6972,7050,6924.35,6962.75,23430
2023-06-07,6992.2,7020,6943.65,7010,20319
2023-06-08,6838.2,7019.95,6809.85,7019.95,17536
2023-06-09,6752.95,6875,6734.05,6874.9,20969
2023-06-12,6771.55,6834,6750,6799,14062
2023-06-13,6934.85,6969.9,6771.55,6807,22553
2023-06-14,6991.7,7030,6957.4,6996,20170
2023-06-15,6987.85,7023.95,6901.75,6991.7,12764
2023-06-16,6890.6,7022.9,6850,7022.9,34756
2023-06-19,6990.15,7013.05,6910,6926.9,21007
2023-06-20,7001.35,7022.5,6906.65,7000,14894
2023-06-21,7004.6,7028,6969.45,7002.1,24527
2023-06-22,6884.7,7029,6852,7029,7235
2023-06-23,6832.3,6909,6785.95,6890,7487
2023-06-26,6961,6990,6821.6,6850,14789
2023-06-27,6960.15,7002,6925.05,6995,6752
2023-06-28,6988.85,7084,6942.35,7000,45092
2023-06-30,7004.55,7035.5,6935,6983,16134
2023-07-03,6984.45,7080,6901,7069.9,13660
2023-07-04,7139.35,7245,6996.55,7010,92127
2023-07-05,7171.75,7212.95,7011.1,7177.05,31695
2023-07-06,7153.8,7198.85,7036,7120,40825
2023-07-07,7150.6,7186.1,7100.1,7140,25182
2023-07-10,7176.7,7197.6,7046.1,7135.05,29197
2023-07-11,7177.2,7222,7080,7197.65,34555
2023-07-12,7401.25,7475,7160.45,7190,61507
2023-07-13,7408.4,7434.5,7345.05,7401.3,16884
2023-07-14,7534.75,7590,7320,7447.4,56494
2023-07-17,7455.3,7574.4,7431.2,7552.7,17496
2023-07-18,7358.8,7488.25,7335,7485.3,16061
2023-07-19,7456.65,7480,7360.05,7389,31590
2023-07-20,7469,7500,7388.9,7500,15638
2023-07-21,7416.4,7485,7401.1,7430,8933
2023-07-24,7428.1,7453.85,7352.1,7428.2,14960
2023-07-25,7504.1,7545.4,7409.25,7417,17851
2023-07-26,7426.45,7640,7400,7550,20428
2023-07-27,7550.5,7599,7450.4,7486.4,22799
2023-07-28,7536.7,7599,7492.05,7599,13331
2023-07-31,7543.5,7570.35,7425.5,7513.55,23607
2023-08-01,7431.8,7543.5,7360.05,7543.5,48841
2023-08-02,7454.75,7499,7251.2,7356.05,46840
2023-08-03,7444.35,7512,7380,7454.75,42321
2023-08-04,7394.55,7499,7370,7398,11767
2023-08-07,7462.3,7490,7344.1,7424,16998
2023-08-08,7460.25,7489.85,7400,7462.3,16999
2023-08-09,7453.2,7550,7401.75,7459.9,31575
2023-08-10,7450.05,7499.75,7425.1,7466,20804
2023-08-11,7259.65,7459.2,7221.25,7450.05,14144
2023-08-14,7300.1,7330,7156.75,7250.65,25277
2023-08-16,7383.8,7430,7250,7300.1,25828
2023-08-17,7147,7422.75,7100,7422.7,44949
2023-08-18,6943.2,7215.95,6900,7150.45,44951
2023-08-21,7001.8,7038.9,6936.15,6943.2,16144
2023-08-22,7072.2,7093,6986.05,7038.7,14491
2023-08-23,7072,7096,7017.05,7078,11456
2023-08-24,7152.2,7188,7072.5,7099.85,17327
2023-08-25,7223.1,7238.4,7095.8,7152.2,24383
2023-08-28,7323.55,7364.75,7233.1,7240,15894
2023-08-29,7369.95,7400,7296.05,7323.55,12812
2023-08-30,7418,7425,7351.3,7399,7628
2023-08-31,7437.7,7494,7410,7410.45,56012
2023-09-01,7340.8,7468,7306.8,7446.45,16812
2023-09-04,7226.65,7377,7202.85,7340.05,47769
2023-09-05,7176.8,7280,7140.9,7280,85742
2023-09-06,7191,7215,7162.1,7200,11332
2023-09-07,7193.65,7240.3,7134.5,7200,145744
2023-09-08,7141.8,7232.5,7128,7228.95,13932
2023-09-11,7185.2,7199.85,7132.95,7141.8,31984
2023-09-12,7133,7212,7042.2,7212,154364
2023-09-13,7093.2,7139,7019,7101.05,90976
2023-09-14,7125.05,7146.75,7097.7,7097.7,13303
2023-09-15,7103.1,7163.95,6982.05,7131.95,71560
2023-09-18,7229.9,7254.4,7152.4,7194.95,42353
2023-09-20,7230.7,7273.95,7186.35,7253.95,75653
2023-09-21,7346.6,7385.5,7237.3,7241.7,45166
2023-09-22,7332.05,7419,7310.05,7348,21167
2023-09-25,7280.25,7398.95,7253,7341.4,142385
2023-09-26,7351.5,7450,7305.3,7320,87105
2023-09-27,7303.9,7405.2,7192,7400,39279
2023-09-28,7058.65,7339.95,7020,7276,52319
2023-09-29,7108.5,7140.9,7001.05,7060.95,33287
2023-10-03,7014.25,7100,6945,7100,33983
2023-10-04,6819.3,7014.3,6801,7014.25,31137
2023-10-05,6672.05,6865.95,6651,6834.45,42162
2023-10-06,6843.7,6874.4,6701.15,6750,41262
2023-10-09,6825.4,6879.7,6800,6840,15307
2023-10-10,6821.4,6892,6785.95,6850.95,17024
2023-10-11,6884.5,7097.95,6822,6822,70547
2023-10-12,6783.45,6978.8,6761,6916.35,29503
2023-10-13,6838.85,6849.95,6770,6788.15,15812
2023-10-16,6850.25,6863.4,6791.35,6838.85,25560
2023-10-17,6840.55,6880,6790.15,6876.9,25456
2023-10-18,6865.05,6875,6822.7,6870,30829
2023-10-19,6861.15,6889,6756,6822,16188
2023-10-20,7055.4,7120,6828,6861.15,101039
2023-10-23,7099.05,7165,7008.75,7080,53413
2023-10-25,6856,7128.9,6800.35,7099.1,28693
2023-10-26,6667.65,6833.95,6650,6770,21099
2023-10-27,6729,6839,6670.15,6766.95,13991
2023-10-30,6794.3,6820,6627.9,6790,19034
2023-10-31,6926.45,6949.9,6805.55,6811.55,19889
2023-11-01,6741,6924.6,6711,6884.5,28739
2023-11-02,6849.3,6885,6776.5,6776.5,56156
2023-11-03,6922.3,6984.9,6851.15,6860.05,17745
2023-11-06,7000.35,7034,6913.3,7026.35,31959
2023-11-07,7065.15,7097.6,7000,7000,28285
2023-11-08,7130.55,7135.25,7076,7084,14575
2023-11-09,7073.8,7170,7050,7120,17729
2023-11-10,7138.6,7150,7015.05,7015.05,14493
2023-11-13,7126.2,7150,7052.05,7134,23008
2023-11-15,7183.25,7190,7110.15,7163.7,21269
2023-11-16,7138.4,7195,7036,7091.55,21153
2023-11-17,7347.8,7375,7108.65,7125,62674
2023-11-20,7272,7357.7,7243.6,7347.8,12074
2023-11-21,7346,7355,7234.05,7320,11430
2023-11-22,7377.3,7470,7330.4,7359,27197
2023-11-23,7423.6,7440,7329.95,7420.9,15089
2023-11-24,7438.85,7488.8,7399,7423.6,14344
2023-11-28,7320.7,7480,7300,7420.1,19597
2023-11-29,7309.35,7444.85,7244.55,7325,17133
2023-11-30,7356.1,7400,7210,7371.25,57191
2023-12-01,7332.9,7439.95,7260.55,7406.95,30157
2023-12-04,7849.95,7974.25,7357.05,7396.65,157847
2023-12-05,7709.25,7897,7629.65,7897,65891
2023-12-06,7879,7950,7720,7780,43794
2023-12-07,8080.4,8373.85,7800,7870,151760
2023-12-08,7984.25,8080.4,7920,8080.4,27621
2023-12-11,7818.1,8039,7770,7984.25,64180
2023-12-12,7838,7900.5,7755.6,7900.5,26619
2023-12-13,8233.1,8366.65,7823.25,7849.85,53366
2023-12-14,8325.6,8350,8160.1,8233.1,41327
2023-12-15,7969.8,8370,7883.75,8325.55,75533
2023-12-18,7894.6,8039.85,7870.15,8039.85,39141
2023-12-19,7827.35,7940,7800,7940,54892
2023-12-20,7869.65,7914.25,7812,7860,27757
2023-12-21,7742.95,7805,7660,7777,29668
2023-12-22,7837.6,7873.2,7745,7745,17659
2023-12-26,7891.4,7955,7835,7877,19122
2023-12-27,7921.35,7980,7830.1,7898.95,11177
2023-12-28,7713.25,8188.45,7676.8,7968.95,87310
2023-12-29,7674.6,7819.85,7620,7749.9,52509
2024-01-01,7763.65,7799,7700,7710,17080
2024-01-02,7817.75,7848.95,7756.05,7810,30786
2024-01-03,8103.4,8220.55,7711.2,7829.95,86219
2024-01-04,8209.95,8246,7968.05,8080,46150
2024-01-05,8066.1,8275,8020,8252,26527
2024-01-08,8045.8,8128.3,8018,8070,11458
2024-01-09,8008.35,8312.95,7965,8279.95,38473
2024-01-10,8031.95,8136.6,7990,8088,21386
2024-01-11,8041.15,8108.95,8005.25,8032.7,19415
2024-01-12,8051.55,8117.95,8025,8078,9367
2024-01-15,8222.8,8250,8081.8,8090,33759
2024-01-16,8177.35,8209,8140.75,8200,14829
2024-01-17,8098.75,8150,8058.15,8149.95,21311
2024-01-18,7999.35,8139.8,7890,8139.8,33821
2024-01-19,8472.8,8500,8003.5,8003.5,135675
2024-01-22,8261.55,8568,8213.45,8472.85,32340
2024-01-23,8122.2,8400,8007.55,8400,38548
2024-01-24,8190.95,8230.9,8001,8199.85,21964
2024-01-25,8194.7,8224.9,8130,8224.1,14926
2024-01-29,8246.55,8380,8177.55,8192.05,32525
2024-01-30,8251.65,8327.9,8202.15,8255,34625
2024-01-31,8366.3,8393.55,8211,8251.65,35250
2024-02-01,8341.9,8457,8251.3,8457,21348
2024-02-02,8461.45,8485,8271.05,8341.9,16462
2024-02-05,8330.35,8520,8307.9,8468.8,18949
2024-02-06,8452.45,8479.5,8283.55,8342.8,19163
2024-02-07,8611.85,8719,8452,8524,48763
2024-02-08,8674.05,8724.9,8575,8700,38780
2024-02-09,8634.05,8784.1,8510,8684.25,27292
2024-02-12,8619.6,8700.9,8519.65,8634,11036
2024-02-13,8761.8,8790,8571.55,8619.6,16594
2024-02-14,8764.4,8878.95,8651,8700.15,16425
2024-02-15,8769.1,8825,8680.85,8764.4,17982
2024-02-16,8784.75,8925,8620.2,8825.9,38842
2024-02-19,8876.25,8974.9,8757.4,8880,14418
2024-02-20,8817.5,8898.35,8742.7,8859,18070
2024-02-21,8807.8,8898.9,8750,8895,11657
2024-02-22,8683.9,8845.5,8615.2,8845.5,38170
2024-02-23,8755.8,8800,8559.05,8750,12322
2024-02-26,8802.2,8869,8730,8765,17937
2024-02-27,8703,9140,8631.15,8802.25,70693
2024-02-28,8705.3,8820.8,8671.15,8708.15,16018
2024-02-29,9149.6,9348.95,8601,8651,80740
2024-03-01,8944.35,9288,8911.5,9154.3,35724
2024-03-04,8855.6,9175,8838.9,9175,45298
2024-03-05,8726.15,8860.45,8685,8830,41517
2024-03-06,8716.1,8756.95,8649.95,8756.95,41202
2024-03-07,8665.15,8787.95,8610,8787.95,38774
2024-03-11,8616.15,8747.7,8558.8,8666.25,67923
2024-03-12,8594.15,8662.45,8525,8616.95,23669
2024-03-13,8369,8581.25,8277.9,8510,36711
2024-03-14,8231,8300,8080.6,8225,68591
2024-03-15,8243.75,8299.9,8142.05,8148.7,46749
2024-03-18,8210.3,8243.75,8150.1,8243.75,19087
2024-03-19,8204.6,8318,8190.1,8264.6,23350
2024-03-20,8130.15,8194.75,8088,8191.05,14503
2024-03-21,8202.65,8219.7,8120,8121,16304
2024-03-22,8395.05,8447.65,8202.65,8215,49514
2024-03-26,8413.2,8435,8212,8212,29115
2024-03-27,8096.3,8509.8,7965.25,8428.15,108749
2024-03-28,8272.75,8344.05,8065.1,8065.1,74053
2024-04-01,8407.55,8464.1,8260,8272.7,23249
2024-04-02,8420.5,8447,8370.05,8399.95,14963
2024-04-03,8358.15,8479.35,8304.1,8479.35,21126
2024-04-04,8124.6,8449,8115,8358.15,61071
2024-04-05,8195.55,8209,8125,8178.25,20381
2024-04-08,8238.1,8256,8190,8239.95,23206
2024-04-09,8172,8270,8153.5,8225,16546
2024-04-10,8148.9,8248.2,8104.2,8248.2,16089
2024-04-12,8175.55,8271.2,8106.1,8187.95,43228
2024-04-15,7953.4,8165,7893,8165,40510
2024-04-16,7902.9,7945,7848,7945,42416
2024-04-18,7920.2,7954.5,7860,7920,28100
2024-04-19,7835.7,7925,7739.5,7924.95,31951
2024-04-22,7955.15,8034.2,7845,7845,36625
2024-04-23,8101.35,8325,7967.5,8046.5,109168
2024-04-24,8230,8281.55,8102.25,8120,34767
2024-04-25,8200.55,8324.5,8151.95,8250,30933
2024-04-26,8146.65,8248.5,8080,8200.6,32513
2024-04-29,8187.35,8343,8142.15,8309.6,60799
2024-04-30,8116.15,8295,8050,8250,72113
2024-05-02,8110.5,8250,8014.3,8188.7,37195
2024-05-03,8238.45,8324.95,8130,8130,46486
2024-05-06,8186.2,8320,8143.75,8320,54469
2024-05-07,8279.55,8310,8186.2,8186.2,33098
2024-05-08,8350,8393.6,8186.2,8186.2,32647
2024-05-09,8383.55,8435,8320.25,8372.6,38823
2024-05-10,8431.55,8469.5,8270,8401.9,16630
2024-05-13,8405.75,8433.1,8338.65,8431.55,11773
2024-05-14,8436.15,8495,8376.65,8405.8,17962
2024-05-15,8429.9,8493.95,8386,8444.2,12212
2024-05-16,8336.3,8468,8300,8468,21728
2024-05-17,8220.65,8384.95,8201,8336.3,29430
2024-05-20,8278.55,8289,8220,8288.95,2043
2024-05-21,8146.9,8299.95,8027,8278.9,60118
2024-05-22,8123.95,8175,8075.1,8175,15810
2024-05-23,8165.2,8181,8095,8130,12988
2024-05-24,8031.95,8198.35,8015,8198.35,59111
2024-05-27,7988.3,8033.25,7965.6,8001,26182
2024-05-28,7852.6,8000.05,7825.1,7999.95,53389
2024-05-29,7793.9,7860,7755,7860,53870
2024-05-30,7986.25,8060.45,7765,7765,60364
2024-05-31,7953.4,8019.95,7813,8014,114833
2024-06-03,8014.3,8129,7990.05,8129,28468
2024-06-04,7933.45,8080,7659.95,8014.3,40557
2024-06-05,8048.9,8098,7900,7933.45,26432
2024-06-06,8130.3,8145,8052.05,8129,17926
2024-06-07,8377.6,8415,8163.4,8181.95,45046
2024-06-10,8423.4,8490,8280,8450,20223
2024-06-11,8382.4,8622.8,8349.5,8430,35518
2024-06-12,8350.75,8448.9,8320,8448.9,12780
2024-06-13,8253.45,8465,8226.5,8440,27651
2024-06-14,8302.85,8340,8260.3,8264.6,37519
2024-06-18,8283.6,8376,8273.35,8340,18624
2024-06-19,8199.7,8373.6,8185.8,8348.8,24661
2024-06-20,8245.7,8277.8,8164.9,8200.1,19663
2024-06-21,8226.65,8310,8200,8250,59500
2024-06-24,8724.8,8992.85,8274.5,8309.95,464475
2024-06-25,8611.55,8853,8523.1,8730,74272
2024-06-26,8503.6,8645,8444,8611,112962
2024-06-27,8449.9,8730,8432.55,8503.1,72022
2024-06-28,8536.25,8698,8449,8449,74446
2024-07-01,8756.4,8837.45,8498.05,8498.1,111072
2024-07-02,8896.45,8965,8717.5,8730.5,71695
2024-07-03,9296.75,9349,8820.55,8855.55,131187
2024-07-04,9902.9,9980,9280.05,9300,499552
2024-07-05,9667.6,9899.95,9550,9880,136490
2024-07-08,9905.15,9935,9634.25,9765,91945
2024-07-09,9848,9879,9722,9860,74520
2024-07-10,9767.8,9839.95,9690,9839.95,46700
2024-07-11,9773.9,9791.3,9662,9755.45,26061
2024-07-12,9903.35,9974,9693,9792,38090
2024-07-15,9908.75,9920,9752,9920,23059
2024-07-16,9796.9,9910,9735,9908.75,42229
2024-07-18,9780.7,9850,9461.2,9750.05,38458
2024-07-19,9714.35,9924.5,9600.05,9680,37654
2024-07-22,9979,10075,9724.45,9749.6,77031
2024-07-23,9738.15,9990.2,9488.2,9950,31007
2024-07-24,9501.5,9870.05,9478.6,9795,32368
2024-07-25,9409.85,9568.65,9329,9501.5,23383
2024-07-26,9480.65,9564.4,9377.65,9409.85,17040
2024-07-29,9642.5,9725.5,9481,9481,29885
2024-07-30,9675.15,9720,9605.1,9720,11511
2024-07-31,9619.5,9724.05,9496.35,9675.15,46366
2024-08-01,9412.45,9850,9360,9619.5,51150
2024-08-02,9434.6,9558.25,9348,9412.45,33863
2024-08-05,9121.4,9385,9078.85,9378,26071
2024-08-06,9189.95,9367.65,9117.2,9141.4,27023
2024-08-07,9347.8,9444.25,9150,9354.4,19537
2024-08-08,9401.35,9520,9317.6,9347.8,20264
2024-08-09,9454.1,9528,9365,9365,9605
2024-08-12,9374.05,9478.2,9321.4,9453,13984
2024-08-13,9148.9,9448,9121,9257.55,38083
2024-08-14,9390.6,9460,9151,9179.05,56696
2024-08-16,9585.5,9600,9392,9400,20441
2024-08-19,9607.65,9665.95,9530.1,9580,11623
2024-08-20,9776.5,9797.65,9595.9,9608,21525
2024-08-21,9746.5,9800,9674.85,9749.05,18400
2024-08-22,9880.9,9900,9739.95,9740,29193
2024-08-23,9874.15,9921.35,9825.05,9890,29951
2024-08-26,9911.9,9925,9760.1,9855,69355
2024-08-27,9934.6,9997,9801.8,9911.9,35085
2024-08-28,9972.45,10409,9865.1,9985,189405
2024-08-29,10059.6,10214,9938.25,9950,62522
2024-08-30,10057.7,10288,9951,10210.5,112815
2024-09-02,10631.2,10748.7,10100,10200,301690
2024-09-03,10903.9,10979.1,10568.5,10600,201716
2024-09-04,11067.7,11185,10602,10625,139699
2024-09-05,10895.7,11128.6,10851.1,10957,47122
2024-09-06,10693.4,10897.4,10590.2,10850,71606
2024-09-09,10357.1,10761.3,10260.1,10650,72041
2024-09-10,10343.8,10525,10265.2,10484.6,109379
2024-09-11,10314.7,10516.3,10272,10418.9,116090
2024-09-12,10393.8,10481.3,10263,10450,81548
2024-09-13,10371.3,10485,10330.3,10434,84443
2024-09-16,10400,10514.2,10374.1,10514.2,51928
2024-09-17,10369.9,10480,10300.2,10480,32624
2024-09-18,10793,10894.4,10389.9,10430,203890
2024-09-19,10766.9,10857.5,10647.7,10850,37124
2024-09-20,11163.4,11350,10716,10812.3,116438
2024-09-23,11085.3,11277,10950,11164.2,40331
2024-09-24,10842,11280,10790,11200,67183
2024-09-25,10686.3,10770,10600,10770,38803
2024-09-26,10815.3,10866.4,10590,10778.8,55743
2024-09-27,10543.5,10897,10356,10815.3,95510
2024-09-30,10494.7,10556,10287.7,10540,62295
2024-10-01,10605.7,10638,10378.5,10514.3,28112
2024-10-03,10519.1,10750,10393.2,10540,46736
2024-10-04,10368.3,10570.8,10195,10411,29133
2024-10-07,10335,10499,10174.5,10499,28090
2024-10-08,10332.8,10385.8,10160,10160,23825
2024-10-09,10473.4,10591.2,10315,10424,16202
2024-10-10,10747,10801.9,10434.3,10473.4,29630
2024-10-11,10851.1,10897,10729,10830,19967
2024-10-14,10670.2,10880,10610,10880,31733
2024-10-15,10707.3,10818.5,10487.5,10720,32315
2024-10-16,10505.2,10732.2,10399.5,10707.3,33502
2024-10-17,10402.8,10550,10219.2,10480,36005
2024-10-18,10240.4,10328.1,10004.8,10306,31707
2024-10-21,10304.3,10575,10166,10241.3,57230
2024-10-22,10296.8,10489,10101,10367.5,39686
2024-10-23,10216.8,10382.3,10138.5,10339.8,22608
2024-10-24,10117.3,10346.5,10072.8,10218.8,19752
2024-10-25,10156.5,10299.9,10010,10100,23577
2024-10-28,10223.8,10371.2,10140.2,10310,18055
2024-10-29,10355.2,10387,10200,10342.8,24098
2024-10-30,10223.3,10398,10135,10325,29790
2024-10-31,10249.5,10337.5,10064,10226,41264
2024-11-01,10332.5,10350,10251,10300,2117
2024-11-04,10658.2,10699,10110,10332.5,110638
2024-11-05,10600.3,10715,10380.1,10650,39999
2024-11-06,10590.2,10736.4,10540.8,10600,23227
2024-11-07,10498.8,10725,10400,10725,39553
2024-11-08,10488.3,10618,10390,10498.8,29146
2024-11-11,10851.5,10897.8,10390.1,10550,57715
2024-11-12,10794.2,10888.7,10624,10850,39197
2024-11-13,10528.7,10750.5,10469,10655,21623
2024-11-14,10850.1,11154.5,10249,10530,106278
2024-11-18,10684.8,11005.1,10605.3,10860,39537
2024-11-19,10555.3,10799.9,10520,10760,18870
2024-11-21,10421,10657.3,10352.8,10626.6,33961
2024-11-22,10458.3,10615,10400.4,10524,21513
2024-11-25,10591.5,10660,10300,10499,99760
2024-11-26,10476.2,10680,10415.5,10675,35282
2024-11-27,10221.8,10530,10154,10476.2,39102
2024-11-28,10326.5,10395.8,10178.3,10320,27443
2024-11-29,10468.2,10551,10120,10378.9,56323
2024-12-02,10403.3,10451.7,10200,10301,44838
2024-12-03,10683,10706,10250,10400,61089
2024-12-04,10607.2,10714,10480,10683,38886
2024-12-05,10743,10790,10481,10650,30835
2024-12-06,10675.8,10766,10601,10700,22898
2024-12-09,11122,11244.5,10675.8,10700,127070
2024-12-10,11197.8,11268.3,10925,11079,74434
2024-12-11,11167.8,11545.9,11031,11350,84627
2024-12-12,11273.5,11450,11120,11198.8,54988
2024-12-13,11131.8,11289.1,11070,11276.7,35484
2024-12-16,11023.5,11297.7,10800,11198,31261
2024-12-17,11270,11340,10966.8,11025,71749
2024-12-18,11184,11355,11050,11281,52623
2024-12-19,11331.5,11524,10849.8,11025,117845
2024-12-20,10746.8,11331.5,10651.4,11331.5,65090
2024-12-23,11115.2,11220,10746.8,10746.8,87126
2024-12-24,11048.6,11210,10920,11115,29202
2024-12-26,11202,11259,10916.1,11048.6,42464
2024-12-27,11300.9,11398,11094,11094,57315
2024-12-30,12630.8,13238,11212,11300,685958
2024-12-31,11886.8,12488,11650,12488,187495
2025-01-01,11843.1,12045.6,11711,11900,60912
2025-01-02,11919,12033.3,11835.6,11863.2,39204
2025-01-03,11608,11996.7,11525,11937,57648
2025-01-06,11026,11705,10952,11705,60656
2025-01-07,11101.3,11323,11045,11136.2,46066
2025-01-08,11270.8,11765,11138.8,11201,220364
2025-01-09,11168.9,11424.9,11117.7,11250,32000
2025-01-10,10827.8,11294.5,10680,11200.2,42116
2025-01-13,10314.8,10846.7,10245.1,10827.8,45192
2025-01-14,10620.6,10717.2,10315,10499,26276
2025-01-15,10849.2,10970,10600,10600,36677
2025-01-16,10937.3,11100,10761,11099,23836
2025-01-17,10802.1,11000,10780,10937,15135
2025-01-20,10861.8,11058,10800,10844,21529
2025-01-21,10797,11022.5,10665.5,10910,20940
2025-01-22,11286.4,11423.5,10890.8,10900.2,376194
2025-01-23,11198.3,11365,11082.7,11200,42202
2025-01-24,11290.1,11310,11101.4,11160,28427
2025-01-27,11193.2,11308,11102.2,11286,33246
2025-01-28,11029.3,11328.2,10986.1,11150,80284
2025-01-29,11426.8,11498,11029.3,11029.3,49369
2025-01-30,11206,11867.5,11106.1,11601.2,101370
2025-01-31,11559.7,11850,11193.1,11250,81560
2025-02-03,12205,12419.5,11681.1,11700,100514
2025-02-04,11735.8,12368.8,11560,12205,54181
2025-02-05,11381.9,11855,11325.2,11771.8,101219
2025-02-06,11424.4,11711.8,11360,11481.9,74724
2025-02-07,11271.2,11478.5,11200,11440,167122
2025-02-10,11523.2,11700,11238.5,11262.6,84954
2025-02-11,11513.6,11628.4,11340.8,11500,87425
2025-02-12,11877.1,11994.6,11250,11480,88894
2025-02-13,12142.7,12376.3,11635.1,11639.5,102223
2025-02-14,12075.2,12250,11851,12100.2,120567
2025-02-17,12013.7,12094,11602,12032.6,94605
2025-02-18,11994.2,12245,11849.9,12012,33973
2025-02-19,11732.1,12475,11636,11991,78087
2025-02-20,12454.3,12586.6,11730,11740,118067
2025-02-21,12207.8,12569,12125,12440,45778
2025-02-24,12001.8,12603.9,11871.3,12407.8,151381
2025-02-25,11642,12097.2,11561.1,12053,69293
2025-02-27,12068.7,12449,11759,11759,250322
2025-02-28,11574.3,12000,11202,11854.2,182651
2025-03-03,11346.8,11836.1,11303.7,11594.8,60270
2025-03-04,11209.2,11445,11082.7,11343.8,69989
2025-03-05,11560,11595,11225,11225,40281
2025-03-06,11362,12095,11299,11676.1,139333
2025-03-07,11775,11908,11435,11450.2,138683
2025-03-10,11637.2,12015,11536,11838.1,83095
2025-03-11,11384.5,11705,11315.5,11587.2,78819
2025-03-12,11458.3,11582,11283.8,11454,63518
2025-03-13,11320.2,11590,11285.2,11544,40038
2025-03-17,11566.6,11722.4,11311.3,11442.8,85256
2025-03-18,11619.4,11915,11508.1,11748.9,105830
2025-03-19,11870,11900,11527.5,11700,67825
2025-03-20,11998.7,12049.8,11803,11870,51283
2025-03-21,12273.5,12390,11950,12005,161147
2025-03-24,12435.5,12550,12338,12400,41834
2025-03-25,12521.5,12795,12451,12570,46286
2025-03-26,12599,12800,12460.1,12521.1,63984
2025-03-27,12462.5,12681,12203.3,12599,116843
2025-03-28,12473,12900,12434.7,12562.5,51564
2025-04-01,11911.5,12532,11806.1,12499,57842
2025-04-02,11515.1,12055.5,11405,11989,209700
2025-04-03,11499.8,11699.7,11400,11500,61864
2025-04-04,11506.9,11639.9,11201.2,11506.3,63954
2025-04-07,10779.6,10955.3,10400,10400,82134
2025-04-08,10811.8,11250,10625.6,11250,184342
2025-04-09,11092.3,11234,10538.8,10776.5,148878
2025-04-11,11282.2,11384,11087.3,11300,44334
2025-04-15,11826,11890,11339,11339,74599
2025-04-16,11585,11825,11522,11825,62520
2025-04-17,11955,12017,11503,11668,76485
2025-04-21,12207,12248,11984,12030,35641
2025-04-22,12324,12436,12207,12250,32407
2025-04-23,12422,12535,12154,12345,53425
2025-04-24,12379,12681,12180,12560,56181
2025-04-25,12198,12585,11868,12478,57428
2025-04-28,12354,12411,12109,12109,28811
2025-04-29,12316,12530,12228,12484,31643
2025-04-30,11973,12535,11841,12360,68305
2025-05-02,12014,12199,11772,11997,55152
2025-05-05,11901,12171,11774,12014,56022
2025-05-06,11858,12055,11726,11914,31438
2025-05-07,11907,12000,11700,11711,37189
2025-05-08,11549,11968,11411,11908,55182
2025-05-09,11238,11445,11151,11200,33839
2025-05-12,12094,12190,11507,11699,52048
2025-05-13,11921,12120,11880,12001,31479
2025-05-14,12020,12089,11808,11970,30116
2025-05-15,12630,12744,12066,12066,143084
2025-05-16,13111,13480,12630,12630,173590
2025-05-19,13973,14400,13045,13150,268741
2025-05-20,12932,14000,12800,14000,196316
2025-05-21,13142,13314,12710,13090,113427
2025-05-22,13198,13394,13037,13142,87848
2025-05-23,13748,13845,13189,13200,114272
2025-05-26,13978,14146,13841,13851,83908
2025-05-27,13803,14040,13656,13979,52486
2025-05-28,13617,13973,13556,13926,39327
2025-05-29,13327,13890,13266,13787,56660
2025-05-30,13414,14018,13263,13480,299062
2025-06-02,13418,13549,13184,13477,68285
2025-06-03,13158,13596,13101,13545,47907
2025-06-04,13414,13456,13121,13224,54760
2025-06-05,13482,13538,13271,13460,39215
2025-06-06,14251,14740,13490,13600,503230
2025-06-09,14251,14387,14090,14322,86582
2025-06-10,14382,14458,14228,14327,66433
2025-06-11,14361,14632,14271,14499,51861
2025-06-12,14090,14524,14036,14490,167890
2025-06-13,14084,14149,13878,14036,37393
2025-06-16,13978,14200,13650,14059,67774
2025-06-17,13789,14108,13722,14081,36462
2025-06-18,13684,13858,13580,13840,45817
2025-06-19,13465,13788,13406,13757,35924
2025-06-20,13614,13724,13500,13531,74560
2025-06-23,13459,13585,13364,13551,32073
2025-06-24,13774,13812,13439,13547,70253
2025-06-25,13721,13918,13592,13839,41533
2025-06-26,13870,13940,13681,13844,42047
2025-06-27,14134,14400,13747,13934,96693
2025-06-30,14379,14450,13951,14000,98360
2025-07-01,14341,14630,14221,14473,87116
2025-07-02,14417,14538,14265,14448,35886
2025-07-03,14184,14524,14116,14444,32741
2025-07-04,14227,14405,14174,14293,28212
2025-07-07,14288,14349,14105,14291,21147
2025-07-08,13882,14346,13850,14332,35627
2025-07-09,13862,13972,13701,13951,33064
2025-07-10,13875,13916,13740,13862,22679
2025-07-11,13752,14100,13710,13950,21532
2025-07-14,14148,14299,13659,13805,57795
2025-07-15,14164,14350,14008,14220,39811
2025-07-16,14095,14220,14050,14164,30787
2025-07-17,14100,14161,14022,14161,14426
2025-07-18,13848,14146,13800,14100,24707
2025-07-21,14035,14100,13763,13940,61972
2025-07-22,14070,14107,13949,14100,22959
2025-07-23,13973,14172,13939,14172,21611
2025-07-24,14165,14204,13901,14033,108160
2025-07-25,13852,14150,13675,14150,83665
2025-07-28,13802,14149,13511,13900,50923
2025-07-29,14062,14117,13562,13804,47610
2025-07-30,14059,14119,13903,14099,17412
2025-07-31,13963,14061,13844,13844,27343
2025-08-01,13848,14034,13781,13975,21385
2025-08-04,13899,14250,13641,13715,48902
2025-08-05,13861,13987,13800,13964,22438
2025-08-06,13607,13974,13531,13900,49939
2025-08-07,13780,14445,13645,14000,293772
2025-08-08,13718,14374,13667,13909,94466
2025-08-11,14047,14099,13515,13828,45715
2025-08-12,13805,14109,13755,13902,25155
2025-08-13,13917,14021,13813,13933,22910
2025-08-14,14136,14200,13900,13970,26389
2025-08-18,14523,14763,14135,14136,94360
2025-08-19,13785,14636,13700,14636,131464
2025-08-20,13642,13874,13405,13853,111820
2025-08-21,13700,13780,13568,13780,36999
2025-08-22,13545,13850,13421,13700,33115
2025-08-25,13265,13630,13200,13630,61206
2025-08-26,12997,13350,12840,13299,92529
2025-08-28,12966,13200,12900,13050,38487
2025-08-29,12770,13040,12751,13030,38945
2025-09-01,12544,12847,12481,12770,89792
2025-09-02,12620,12744,12544,12600,44479
2025-09-03,13023,13067,12650,12720,53649
2025-09-04,12981,13200,12850,13200,39931
2025-09-05,12926,13079,12835,13079,50777
2025-09-08,12771,13000,12717,12934,61431
2025-09-09,13064,13100,12776,12850,55948
2025-09-10,13054,13297,12950,13120,47841
2025-09-11,13099,13260,13004,13140,25540
2025-09-12,13211,13243,13107,13188,66532
2025-09-15,13198,13280,13111,13279,51240
2025-09-16,13525,13600,13158,13275,53962
2025-09-17,13663,13880,13551,13590,63527
2025-09-18,13467,13703,13445,13664,25665
2025-09-19,13206,13520,13152,13469,95999
2025-09-22,13279,13419,13142,13209,29040
2025-09-23,13265,13345,13175,13328,28684
2025-09-24,13203,13290,13152,13215,14576
2025-09-25,12899,13263,12850,13225,31085
2025-09-26,12698,12985,12544,12897,32351
2025-09-29,12462,12903,12320,12798,125091
2025-09-30,12247,12690,11890,12570,103078
2025-10-01,11996,12301,11940,12100,81652
2025-10-03,11819,12039,11780,12039,119815
2025-10-06,11802,11986,11782,11828,57423
2025-10-07,12089,12148,11810,11880,102380
2025-10-08,12093,12273,12015,12250,38642
2025-10-09,11909,12166,11884,12151,33143
2025-10-10,12074,12148,11888,11980,31215
2025-10-13,12354,12400,11911,11911,44409
2025-10-14,12211,12362,12095,12302,39400
2025-10-15,12217,12300,12125,12225,25443
2025-10-16,12501,12563,12217,12217,46094
2025-10-17,12655,12681,12325,12520,46744
2025-10-20,12605,12676,12510,12593,24435
2025-10-21,12732,12799,12623,12799,7414
2025-10-23,13144,13186,12683,12735,102501
2025-10-24,13144,13167,12953,13144,76553
2025-10-27,12953,13157,12901,13140,42072
2025-10-28,12787,13074,12727,12953,78709
2025-10-29,12619,12793,12513,12786,22032
2025-10-30,12446,12700,12350,12700,23844
2025-10-31,12303,12534,12273,12534,29810
2025-11-03,12127,12303,12014,12303,42681
2025-11-04,12091,12463,12006,12106,35113
2025-11-06,13139,13250,12015,12139,706323
2025-11-07,12580,13000,12510,13000,87011
2025-11-10,12614,13157,12570,12594,85196
2025-11-11,12156,12634,12050,12614,73726
2025-11-12,11998,12500,11934,12499,82679
2025-11-13,11981,12133,11964,12000,40621
2025-11-14,12570,12642,12019,12041,174364
2025-11-17,12124,12964,12090,12574,110495
2025-11-18,11872,12189,11828,12159,85666
2025-11-19,11733,11959,11679,11949,61239
2025-11-20,11747,11809,11667,11679,39186
2025-11-21,11641,11824,11601,11747,54164
2025-11-24,11473,11731,11351,11721,161587
2025-11-25,11640,11690,11352,11500,41900
2025-11-26,11734,11818,11425,11690,65740
2025-11-27,11246,11773,11221,11740,112924
2025-11-28,11499,11615,11100,11329,198137
2025-12-01,11332,11846,11300,11519,131948
2025-12-02,11049,11300,10922,11300,359605
2025-12-03,11222,11320,10985,11116,186376
2025-12-04,11118,11379,11080,11249,60360
2025-12-05,11181,11266,10980,11121,194196
2025-12-08,10968,11172,10890,11100,62994
2025-12-09,11063,11127,10880,10988,60470
2025-12-10,11102,11165,10977,11062,43035
2025-12-11,10984,11174,10968,11089,31891
2025-12-12,10900,11089,10880,11035,37619
2025-12-15,11062,11098,10830,10905,52244
2025-12-16,11068,11152,10945,11032,65436
2025-12-17,11072,11140,10987,11075,26971
2025-12-18,10941,11106,10800,11106,29991
2025-12-19,11148,11270,10962,11020,72371
2025-12-22,11255,11337,11102,11158,36705
2025-12-23,11279,11310,11186,11255,25921
2025-12-24,11224,11302,11198,11240,16358
2025-12-26,11155,11295,11149,11199,14887
2025-12-29,11250,11330,11120,11120,21182
2025-12-30,10982,11420,10913,11236,81987
2025-12-31,11328,11500,11020,11020,135869
2026-01-01,11342,11438,11220,11350,37154
2026-01-02,11181,11342,11072,11342,58889
2026-01-05,11272,11392,11100,11199,67952
2026-01-06,11202,11343,11101,11272,54515
2026-01-07,11198,11247,11029,11224,47399
2026-01-08,11209,11660,11138,11200,287380
2026-01-09,11043,11272,11016,11201,61206
2026-01-12,10745,11161,10640,11134,133197
2026-01-13,10729,10980,10624,10785,128939
2026-01-14,10741,10820,10600,10799,88075
2026-01-16,10682,10810,10621,10799,52028
2026-01-19,10648,10788,10505,10631,42224
2026-01-20,10560,10689,10520,10689,45417
2026-01-21,10613,10661,10540,10561,43298
2026-01-22,10735,10787,10639,10649,33459
2026-01-23,10668,10785,10596,10767,131490
2026-01-27,10609,10744,10481,10711,76057
2026-01-28,10704,10754,10580,10582,50260
2026-01-29,10727,10775,10641,10749,37478
2026-01-30,10800,10860,10640,10640,66246
2026-02-02,10661,10697,10400,10560,46807
2026-02-03,10915,11035,10800,10800,83810
2026-02-04,10889,11086,10827,10915,48360
2026-02-05,10891,11310,10816,11000,211732
2026-02-06,10999,11023,10675,10915,53765
2026-02-09,11101,11139,10957,11032,52907
2026-02-10,11081,11150,11005,11063,33459
2026-02-11,11111,11195,11015,11097,28692
2026-02-12,11040,11181,11000,11113,24946
2026-02-13,10881,11040,10821,11040,32683
2026-02-16,11133,11239,10862,10881,46053
2026-02-17,11217,11274,11033,11205,34140
2026-02-18,11413,11440,11226,11236,58482
2026-02-19,11188,11460,11100,11388,68967
2026-02-20,11188,11217,10949,11188,61661
2026-02-23,11501,11632,11150,11220,137005
2026-02-24,11330,11558,11261,11524,62913
2026-02-25,11166,11449,11112,11400,114964
2026-02-26,10951,11224,10880,11184,109416
2026-02-27,10804,11060,10767,10980,83861
2026-03-02,10695,10720,10400,10400,35739
2026-03-04,10651,10681,10485,10499,54569
2026-03-05,10663,10726,10540,10658,36502
2026-03-06,10560,10791,10543,10600,29688
2026-03-09,10250,10489,10200,10481,53369
2026-03-10,10289,10352,10111,10308,59081
2026-03-11,10177,10419,10110,10300,66296
2026-03-12,9789,10103,9760,10102,83281
2026-03-13,9506,9856,9482,9768,60848
2026-03-16,9631,9691,9345,9506,46038
2026-03-17,9663,9729,9531,9630,31655
2026-03-18,9859,9900,9657,9663,32315
2026-03-19,9674,9781,9630,9781,74131
2026-03-20,9512,9794,9470,9705,42855
2026-03-23,9162,9498,9088,9466,46331
2026-03-24,9337,9436,9211,9252,46884
2026-03-25,9554,9662,9401,9401,49122
2026-03-27,9150,9531,9120,9464,131105
2026-03-30,8746,9090,8712,9026,108922
2026-04-01,8907,9166,8831.5,8999,71648
2026-04-02,8992.5,9020,8588,8780,52733
2026-04-06,9131,9190,8838,9037,48445
2026-04-07,9237,9300,8933,9077,46495
2026-04-08,9970,10100.5,9450,9500,101490
2026-04-09,9912.5,10090,9879,9961.5,54813
2026-04-10,9997.5,10118.5,9924,9990,42980
2026-04-13,9858,10022,9795,9846,39203
2026-04-15,10058.5,10167.5,9942.5,10004.5,53511
2026-04-16,10205,10260,10098,10173,81617
2026-04-17,10355.5,10401,10150.5,10210,47900
2026-04-20,10388,10496,10302,10400,38761
2026-04-21,10329,10449,10304.5,10375,20317
2026-04-22,10376,10425.5,10300,10355,25978
2026-04-23,10376.5,10583,10252,10350.5,50640
2026-04-24,10259.5,10450,10210,10351.5,32677
2026-04-27,10333.5,10420,10255.5,10310,20642
2026-04-28,10246.5,10392,10185,10333.5,65957
2026-04-29,10305.5,10470,10290,10355,23745
2026-04-30,10267,10372.5,10120.5,10355,28916
2026-05-04,10376,10691,10276,10399,48288
2026-05-05,10469,10498,10231,10376,28968
2026-05-06,10612,10799,10514,10600,47202
2026-05-07,10597,10804,10542,10800,139708
2026-05-08,10632,10840,10342,10545,79849
2026-05-11,10425,10662,10370,10632,34410
2026-05-12,10097,10525,10062,10410,42479
2026-05-13,10025,10195,9958,10060,32335
2026-05-14,10357,10473,9940,10074,57961
2026-05-15,10308,10482,10229,10305,21073
2026-05-18,10367,10425,10100,10250,30521
2026-05-19,10313,10475,10270,10367,30959
2026-05-20,10468,10498,10171,10237,39588
2026-05-21,10402,10685,10200,10540,78531
2026-05-22,10483,10575,10370,10389,29263
2026-05-25,10642,10741,10535,10650,33285
2026-05-26,10705,10931,10601,10681,47093
2026-05-27,10556,10710,10500,10705,30861
2026-05-29,10361,10620,10270,10570,103855
2026-06-01,10270,10547,10200,10450,66761
2026-06-02,10240,10318,10073,10295,31461
2026-06-03,10190,10265,10060,10200,25913
2026-06-04,10127,10278,10081,10149,24423
2026-06-05,10199,10355,10131,10189,68806
2026-06-08,9868,10092,9816,10092,45644
2026-06-09,10253,10280,9870,9938,57488
2026-06-10,10035,10283,9974,10280,32889
2026-06-11,9863,10021,9850,9976,29918
2026-06-12,10161,10199,9904,9958,29301
2026-06-15,10286,10552,10254,10280,62629
2026-06-16,10464,10500,10295,10350,32359
2026-06-17,10500,10598,10414,10500,39333
2026-06-18,10676,10705,10500,10550,50170
2026-06-19,10677,10844,10582,10740,56613
2026-06-22,10895,10939,10690,10741,97395
2026-06-23,10615,10995,10600,10920,67206
2026-06-24,10583,10701,10523,10630,60977
2026-06-25,10599,10810,10570,10583,34737
2026-06-29,10592,10692,10555,10599,52336
2026-06-30,10603,10670,10385,10545,92118
2026-07-01,10719,10905,10513,10649,88123
2026-07-02,10858,10910,10753,10780,46088
2026-07-03,11079,11218,10921,10939,65821
2026-07-06,10819,11148,10787,11111,43332
2026-07-07,10759,10943,10710,10923,37791
2026-07-08,10336,10728,10276,10650,56531
2026-07-09,10581,10611,10388,10392,48069
2026-07-10,10654,10695,10493,10687,23369
2026-07-13,10752,10915,10132,10150,83705
2026-07-14,10486,10714,10459,10635,29082
2026-07-15,10531,10577,10458,10480,42422
2026-07-16,10417,10559,10380,10531,60178
2026-07-17,10398,10533,10345,10444,68257
2026-07-20,10299,10446,10285,10369,67812
2026-07-21,10446,10525,10299,10299,109643
2026-07-22,10425,10544,10304,10446,41630
2026-07-23,10636,10700,10378,10446,108337
2026-07-24,10679,10750,10555,10625,73470
2026-07-27,10810,10829,10631,10694,69044
2026-07-28,10831,10886,10741,10800,50011
2026-07-29,10949,10968,10810,10875,25720
2026-07-30,10970,10990,10875,10875,39575
2026-07-31,11343,11467,10951,11000,89978
2026-08-03,11599,11629,11257,11313,46101
2026-08-04,11475,11598,11364,11530,26227
2026-08-05,11496,11624,11419,11510,36376
2026-08-06,11387,11583,11387,11496,49087
2026-08-07,11263,11428,11263,11400,25976
2026-08-10,11471,11498,11219,11263,36334
2026-08-11,11550,11599,11412,11490,36058
2026-08-12,11579,11587,11410,11587,21972
2026-08-13,11500,11570,11410,11570,17501
2026-08-14,11475,11541,11387,11540,31446
2026-08-17,11379,11574,11306,11511,147896
2026-08-18,11254,11435,11211,11379,21563
2026-08-19,11380,11383,11234,11264,25143
2026-08-20,11368,11423,11303,11380,26557
2026-08-21,11320,11410,11280,11360,24314
2026-08-24,11120,11360,11050,11250,70310
2026-08-25,11290,11290,10811,11120,64596
2026-08-26,11540,11540,11223,11270,34027
2026-08-27,11399,11520,11331,11440,55290
2026-08-28,11340,11429,11250,11406,31933
2026-08-31,11644,11644,11230,11340,50584
2026-09-01,11310,11500,11282,11480,44565
2026-09-02,11100,11247,11059,11210,32371
2026-09-03,11165,11260,11028,11070,114534
