Date,Close,High,Low,Open,Volume
1995-01-02,6.26834,6.26834,6.26834,6.26834,100
1995-01-03,6.12708,6.26834,6.12708,6.26834,400
1995-01-04,6.18005,6.23302,6.18005,6.23302,200
1995-01-05,6.00348,6.09176,6.00348,6.00348,500
1995-01-06,6.09176,6.09176,6.08294,6.08294,300
1995-01-09,6.00348,6.04762,6.00348,6.04762,200
1995-01-10,5.65033,5.91519,5.65033,5.8269,300
1995-01-11,5.8269,5.8269,5.8269,5.8269,300
1995-01-12,5.65033,5.73862,5.65033,5.73862,200
1995-01-16,5.73862,5.8269,5.73862,5.8269,400
1995-01-17,5.63974,5.65033,5.56205,5.56205,400
1995-01-18,5.47376,5.65033,5.47376,5.56205,12400
1995-01-19,5.55675,5.56116,5.49142,5.56028,1300
1995-01-20,5.50025,5.56205,5.47376,5.56205,1200
1995-01-23,5.3325,5.50907,5.3325,5.49142,600
1995-01-24,5.27953,5.38547,5.27953,5.38547,300
1995-01-25,5.2963,5.29719,5.2089,5.29719,600
1995-01-27,5.32985,5.35016,5.24421,5.24421,1000
1995-01-30,5.29719,5.46493,5.29719,5.38547,900
1995-01-31,5.42079,5.42079,5.27953,5.27953,1500
1995-02-01,5.38812,5.47376,5.38812,5.47376,700
1995-02-02,5.47376,5.50907,5.42962,5.50907,400
1995-02-03,5.46934,5.47023,5.40313,5.40313,800
1995-02-06,5.4561,5.50819,5.4561,5.47376,600
1995-02-07,5.4561,5.47288,5.4561,5.46493,300
1995-02-08,5.38547,5.40313,5.38547,5.40313,600
1995-02-09,5.2089,5.2089,5.2089,5.2089,100
1995-02-10,5.31484,5.31484,5.2089,5.2707,800
1995-02-13,5.2089,5.29719,5.2089,5.29719,300
1995-02-14,5.12061,5.13827,5.12061,5.13827,200
1995-02-15,5.2089,5.2089,5.12061,5.12061,400
1995-02-16,5.13827,5.2089,5.12061,5.19124,700
1995-02-17,5.12061,5.16476,5.12061,5.16476,500
1995-02-20,5.15063,5.15593,5.12944,5.12944,500
1995-02-21,4.85575,5.12061,4.85575,5.12061,400
1995-02-22,4.85575,4.94404,4.85575,4.85575,500
1995-02-23,5.12061,5.12061,4.97935,4.97935,700
1995-02-24,5.2089,5.29719,5.13827,5.2089,1100
1995-02-28,5.03233,5.22656,5.03233,5.22656,500
1995-03-01,5.12061,5.2089,5.12061,5.2089,1100
1995-03-02,5.16476,5.25304,5.16476,5.2089,700
1995-03-03,5.2089,5.21773,5.2089,5.21773,300
1995-03-06,5.23009,5.31484,5.2089,5.29719,1500
1995-03-07,5.19124,5.31484,5.19124,5.31484,500
1995-03-08,5.2089,5.25304,5.2089,5.25304,500
1995-03-09,5.2963,5.29719,5.2089,5.2089,800
1995-03-10,5.20978,5.20978,5.2089,5.2089,200
1995-03-13,5.12061,5.2089,5.03233,5.03233,600
1995-03-14,5.22656,5.29719,5.2089,5.2089,1100
1995-03-15,5.2089,5.29719,5.2089,5.25304,400
1995-03-20,5.03233,5.12061,4.97935,5.12061,600
1995-03-21,4.9926,4.99701,4.94404,4.94404,700
1995-03-22,5.03233,5.03233,5.03144,5.03144,200
1995-03-23,4.94404,5.11973,4.94404,5.11973,500
1995-03-24,4.97935,4.97935,4.76747,4.76747,200
1995-03-27,4.9617,4.98818,4.92638,4.94404,600
1995-03-28,4.94404,4.97935,4.94404,4.97935,600
1995-03-29,5.03233,5.03233,4.9617,4.99701,600
1995-03-30,4.99701,4.99701,4.99701,4.99701,100
1995-03-31,5.0235,5.03233,4.99701,4.99701,500
1995-04-03,5.01467,5.03233,5.01467,5.01467,600
1995-04-04,5.09413,5.12061,5.03233,5.12061,1100
1995-04-05,5.12944,5.12944,5.06764,5.1162,900
1995-04-06,5.03233,5.12061,5.03233,5.12061,900
1995-04-07,5.10296,5.11973,5.10296,5.10296,500
1995-04-10,5.04116,5.10296,5.03233,5.0853,900
1995-04-11,4.95287,5.03233,4.94404,4.94404,500
1995-04-12,5.03233,5.03233,4.94404,4.94404,300
1995-04-17,4.96876,4.97053,4.8999,4.94404,600
1995-04-18,4.85575,4.9511,4.85575,4.9511,2400
1995-04-19,4.85575,4.94404,4.85575,4.94404,700
1995-04-20,4.67918,4.76747,4.67918,4.76747,1100
1995-04-21,4.66152,4.72332,4.62621,4.67918,1600
1995-04-24,4.59089,4.67918,4.59089,4.64387,1600
1995-04-25,4.41432,4.50349,4.41432,4.50261,800
1995-04-26,4.48583,4.50261,4.43198,4.46729,1100
1995-04-27,4.44964,4.45847,4.39666,4.41432,800
1995-04-28,4.37901,4.37989,4.37018,4.37018,500
1995-05-02,4.16712,4.27306,4.16712,4.23775,600
1995-05-03,4.28189,4.28189,4.23775,4.23775,600
1995-05-04,4.2916,4.30838,4.23775,4.23775,1800
1995-05-05,4.33045,4.41432,4.32604,4.32604,2300
1995-05-08,4.39666,4.41432,4.32604,4.41432,2500
1995-05-09,4.40638,4.57324,4.39843,4.57324,1300
1995-05-10,4.62621,4.65711,4.59089,4.59089,1200
1995-05-12,4.48407,4.48407,4.41432,4.41432,800
1995-05-15,4.55117,4.59089,4.54675,4.59089,2000
1995-05-16,4.60855,4.60855,4.59089,4.59089,1000
1995-05-17,4.66152,4.67918,4.59089,4.59089,400
1995-05-18,4.59707,4.68095,4.59089,4.66152,11500
1995-05-19,4.58207,4.60767,4.55558,4.59089,1900
1995-05-22,4.42315,4.59089,4.41432,4.59089,1100
1995-05-23,4.48054,4.48054,4.41432,4.41432,900
1995-05-24,4.44964,4.50261,4.44964,4.50261,800
1995-05-25,4.37901,4.41432,4.37901,4.41432,400
1995-05-26,4.37901,4.41432,4.37901,4.41432,400
1995-05-29,4.35252,4.50173,4.35252,4.41432,700
1995-05-30,4.37901,4.37901,4.32604,4.34369,2000
1995-05-31,4.44081,4.44964,4.36135,4.36135,1100
1995-06-01,4.46729,4.48495,4.41432,4.41432,1500
1995-06-02,4.54145,4.59089,4.48407,4.48407,900
1995-06-05,4.55558,4.59089,4.53792,4.59089,800
1995-06-06,4.54675,4.58207,4.52027,4.54675,800
1995-06-07,4.54675,4.55999,4.54234,4.54234,1100
1995-06-08,4.55999,4.55999,4.53792,4.53792,500
1995-06-09,4.51144,4.53792,4.50261,4.50261,600
1995-06-12,4.53351,4.53792,4.52909,4.53792,300
1995-06-13,4.47612,4.50261,4.46906,4.48495,1100
1995-06-14,4.43374,4.46906,4.43374,4.46906,300
1995-06-15,4.46641,4.46729,4.44169,4.45847,1200
1995-06-16,4.45405,4.48495,4.38077,4.38077,1800
1995-06-20,4.48495,4.50261,4.38077,4.46729,1100
1995-06-21,4.43374,4.43374,4.43374,4.43374,100
1995-06-22,4.39843,4.41432,4.39843,4.39843,300
1995-06-26,4.32604,4.38077,4.23775,4.38077,800
1995-06-27,4.02586,4.23775,4.02586,4.23775,500
1995-06-28,4.06118,4.14946,4.06118,4.06118,1100
1995-06-29,4.01262,4.06118,3.8846,4.06118,2000
1995-06-30,3.91815,3.93758,3.8846,3.93758,700
1995-07-03,3.70803,3.90226,3.70803,3.8846,800
1995-07-04,3.63828,3.70803,3.56677,3.58443,3000
1995-07-05,3.61798,3.61974,3.56677,3.61974,1100
1995-07-06,3.68596,3.70362,3.5756,3.5756,2000
1995-07-07,3.74334,3.82722,3.70803,3.77866,1100
1995-07-10,3.76188,3.79632,3.71686,3.77866,2000
1995-07-11,3.88549,3.93669,3.72569,3.72569,2700
1995-07-12,4.06382,4.14946,3.97289,3.97289,600
1995-07-13,4.23775,4.23775,4.0806,4.09649,700
1995-07-14,4.59089,4.59089,4.34369,4.39666,800
1995-07-17,4.66152,4.74981,4.59266,4.67918,800
1995-07-18,4.73304,4.76747,4.64387,4.64387,1700
1995-07-19,4.71008,4.71008,4.68006,4.68006,1100
1995-07-20,4.7145,5.06764,4.67742,4.67742,2100
1995-07-21,4.67388,4.73215,4.62621,4.73215,900
1995-07-24,4.52115,4.61473,4.52115,4.61473,300
1995-07-25,4.52909,4.55558,4.50261,4.52027,1500
1995-07-26,4.8381,5.29719,4.80278,4.80278,19000
1995-07-27,4.78248,4.8381,4.73215,4.82132,6300
1995-07-28,4.68801,4.7145,4.62621,4.66152,3700
1995-07-31,4.55999,4.63327,4.55646,4.59089,3600
1995-08-01,4.47612,4.59089,4.43286,4.50261,1500
1995-08-02,4.48495,4.7145,4.46906,4.50173,3800
1995-08-03,4.39666,4.85575,4.39666,4.85575,2500
1995-08-04,4.42138,4.73215,4.41432,4.73215,1900
1995-08-07,4.32868,4.44964,4.23775,4.44964,2000
1995-08-08,4.3225,4.37371,4.27306,4.27483,26700
1995-08-09,4.13004,4.28189,4.06294,4.23775,3600
1995-08-11,4.05853,4.1318,4.02586,4.1318,4400
1995-08-14,3.8899,4.06206,3.79632,4.06206,3200
1995-08-16,3.95788,4.02586,3.8846,3.8846,5700
1995-08-17,3.88902,3.96848,3.86165,3.86165,5500
1995-08-18,3.92786,3.93316,3.90226,3.90226,5800
1995-08-21,3.87048,3.93758,3.8537,3.91992,3800
1995-08-22,3.80161,3.8846,3.75394,3.81397,10200
1995-08-23,3.84752,3.84752,3.79632,3.7972,800
1995-08-24,3.85282,3.88019,3.81397,3.81486,6000
1995-08-25,3.83163,3.83958,3.74334,3.74334,3000
1995-08-28,3.72569,3.761,3.72569,3.761,500
1995-08-30,3.76983,3.7919,3.74334,3.7919,400
1995-08-31,3.77866,3.83163,3.77866,3.79632,900
1995-09-01,3.79543,3.81397,3.72569,3.79632,900
1995-09-05,3.71068,3.74511,3.67272,3.69037,2000
1995-09-07,3.70803,3.74246,3.67272,3.67272,1500
1995-09-08,3.74246,3.74334,3.70803,3.70803,1000
1995-09-11,3.761,3.84929,3.761,3.84929,1100
1995-09-12,3.74776,3.84929,3.72569,3.79632,2400
1995-09-13,3.84046,3.84046,3.80073,3.80515,1000
1995-09-14,3.77866,3.84841,3.75394,3.84841,4300
1995-09-15,3.83163,3.83163,3.78307,3.79455,1200
1995-09-18,3.83958,3.8846,3.81839,3.83163,1600
1995-09-19,3.84929,3.84929,3.81397,3.83163,800
1995-09-20,3.83163,3.83251,3.83163,3.83163,600
1995-09-21,3.86695,3.86695,3.83163,3.83163,400
1995-09-22,3.83163,3.83163,3.81397,3.81397,800
1995-09-25,3.81397,3.88902,3.81397,3.88902,1200
1995-09-26,3.88549,3.91109,3.83163,3.83163,1200
1995-09-27,3.90314,3.93758,3.55,3.55,1500
1995-09-28,3.86253,3.8846,3.83163,3.8846,1100
1995-09-29,3.87577,3.8846,3.85812,3.86695,600
1995-10-04,3.84929,3.84929,3.81397,3.84929,600
1995-10-05,3.85988,3.90226,3.84046,3.84929,500
1995-10-06,3.95082,3.95082,3.8846,3.85988,900
1995-10-09,3.99055,3.99055,3.90226,3.95082,1300
1995-10-10,3.89608,3.99055,3.8846,3.99055,1800
1995-10-11,3.93758,3.95523,3.93758,3.89608,600
1995-10-12,3.92522,3.95523,3.90314,3.93758,1900
1995-10-13,3.97554,3.98613,3.8846,3.97289,8700
1995-10-16,4.06118,4.06118,3.94287,3.97554,13000
1995-10-17,4.06118,4.1318,4.04352,4.06118,1400
1995-10-18,4.04352,4.10532,4.00909,4.06118,900
1995-10-19,4.02586,4.04264,4.00644,4.04352,2800
1995-10-20,4.0082,4.03381,3.95612,4.02586,2100
1995-10-23,3.86695,3.90226,3.7972,4.0082,2300
1995-10-24,3.86695,3.8846,3.86695,3.8846,200
1995-10-25,3.88284,3.8846,3.88019,3.88019,200
1995-10-26,3.95523,3.95523,3.95523,3.95523,3400
1995-10-27,3.97289,3.97289,3.91992,3.95523,1900
1995-10-30,3.96406,3.96406,3.93758,3.97289,1700
1995-10-31,3.97024,3.97289,3.9208,3.96406,3500
1995-11-01,3.99055,4.0082,3.97466,3.97024,1100
1995-11-02,3.99938,3.99938,3.97377,3.99055,1200
1995-11-03,3.97377,3.99055,3.97377,3.99938,1100
1995-11-06,3.99055,3.99055,3.97377,3.97377,1500
1995-11-07,3.98613,3.99761,3.97377,3.97377,1400
1995-11-08,3.97112,3.97289,3.93758,3.98613,900
1995-11-09,3.70803,3.92875,3.70803,3.97112,900
1995-11-10,3.79279,3.8846,3.70803,3.70803,1100
1995-11-13,3.77071,3.95523,3.69037,3.79279,4500
1995-11-14,3.71421,3.74334,3.69126,3.69126,2300
1995-11-15,3.88372,3.97289,3.69126,3.71421,2100
1995-11-16,3.85282,3.86695,3.7972,3.88372,1300
1995-11-17,3.77954,3.81397,3.77866,3.85282,4500
1995-11-20,3.79632,3.8228,3.77866,3.77954,2400
1995-11-21,3.77866,3.83163,3.761,3.79632,5300
1995-11-22,3.761,3.77778,3.69037,3.77866,2900
1995-11-23,3.69126,3.74334,3.64623,3.761,3500
1995-11-24,3.72834,3.74334,3.71774,3.69126,1600
1995-11-27,3.8025,3.81397,3.79632,3.72834,1800
1995-11-28,3.84487,3.85812,3.74334,3.8025,3200
1995-11-29,3.7972,3.81397,3.74334,3.84487,2500
1995-11-30,3.88019,3.8846,3.74334,3.7972,2400
1995-12-01,4.10532,4.12298,3.8846,3.88019,2400
1995-12-04,3.97466,4.14946,3.97466,4.10532,1300
1995-12-05,3.90403,4.0082,3.90314,3.97466,2300
1995-12-06,3.92875,3.97289,3.92875,3.90403,1200
1995-12-07,3.96494,3.99055,3.93758,3.92875,1500
1995-12-08,3.99143,4.02586,3.97289,3.97289,1400
1995-12-11,3.9932,4.02145,3.99055,3.99055,700
1995-12-12,3.93758,4.04352,3.93758,3.9932,1700
1995-12-13,3.95523,3.97289,3.95523,3.93758,1200
1995-12-14,3.97377,3.99055,3.93758,3.95523,1200
1995-12-15,3.96053,3.97289,3.93934,3.93934,2900
1995-12-18,3.98966,3.99055,3.94199,3.96053,2100
1995-12-19,3.95788,3.97289,3.93758,3.98966,2200
1995-12-20,3.96671,3.97289,3.96406,3.95788,1200
1995-12-21,3.95612,3.96848,3.95612,3.96406,500
1995-12-22,4.02145,4.02586,3.93758,3.95612,800
1995-12-26,3.96671,3.99938,3.91992,4.02145,1800
1995-12-27,3.96671,3.99055,3.91992,3.96671,1100
1995-12-28,3.99055,4.04352,3.97377,3.96671,600
1995-12-29,3.98437,3.99055,3.9773,3.99055,1500
1996-01-01,3.93758,3.97289,3.93758,3.98437,1400
1996-01-02,4.02586,4.02586,3.91992,3.93758,7100
1996-01-03,4.06118,4.09649,3.95523,4.02586,3600
1996-01-04,4.03469,4.05235,3.99143,4.06118,900
1996-01-05,4.0082,4.02586,3.99496,4.03469,3600
1996-01-08,3.98702,4.01262,3.95523,4.0082,4300
1996-01-09,3.88637,3.99496,3.8846,3.98702,2500
1996-01-10,4.0082,4.0082,3.93758,3.88637,2500
1996-01-11,4.03734,4.05676,3.99055,4.0082,3800
1996-01-12,4.06647,4.06647,4.0082,4.03734,1300
1996-01-15,4.09649,4.15829,4.02586,4.06647,1500
1996-01-16,4.10532,4.1318,4.06118,4.09649,4000
1996-01-17,4.11415,4.12298,4.09649,4.10532,2400
1996-01-18,4.12121,4.13975,4.06118,4.06118,4200
1996-01-19,4.08854,4.11415,4.07972,4.12121,6600
1996-01-22,4.05323,4.09208,4.04352,4.08854,1800
1996-01-23,4.09561,4.09561,4.0082,4.04352,2700
1996-01-24,3.91992,4.02498,3.91992,4.09561,1200
1996-01-25,3.81397,3.88725,3.81397,3.91992,2400
1996-01-29,3.85105,3.8846,3.79632,3.81397,3000
1996-01-30,3.95523,3.95523,3.84929,3.85105,1600
1996-01-31,3.93846,3.97289,3.86783,3.95523,1000
1996-02-01,3.96053,3.96406,3.9208,3.93846,1400
1996-02-02,4.07883,4.09649,3.99055,4.02586,2400
1996-02-05,4.14946,4.37901,4.06118,4.07883,1900
1996-02-06,4.20243,4.20243,4.1318,4.14946,4100
1996-02-07,4.20332,4.23775,4.14946,4.20243,3600
1996-02-08,4.25099,4.27306,4.22186,4.20332,1500
1996-02-09,4.39843,4.44964,4.23775,4.32604,4000
1996-02-12,4.32692,4.41432,4.27306,4.39843,4300
1996-02-13,4.29778,4.36576,4.20243,4.32692,3300
1996-02-14,4.44522,4.50173,4.34369,4.29778,2300
1996-02-15,4.47612,4.48495,4.37901,4.44522,2700
1996-02-16,4.41432,4.44522,4.34369,4.47612,3700
1996-02-19,4.50261,4.52027,4.4152,4.41432,3500
1996-02-20,4.41697,4.46729,4.40549,4.50261,3500
1996-02-22,4.42492,4.4311,4.37901,4.41697,2200
1996-02-23,4.41432,4.43198,4.38342,4.42492,1800
1996-02-26,4.43286,4.46729,4.37901,4.41432,3100
1996-02-27,4.50173,4.50261,4.43198,4.43286,2000
1996-02-28,4.57324,4.59089,4.45493,4.50173,2700
1996-02-29,4.50349,4.62621,4.48495,4.48495,3800
1996-03-01,4.53086,4.55558,4.50349,4.50349,3500
1996-03-04,4.60502,4.67918,4.52645,4.53086,7700
1996-03-06,4.71714,4.72332,4.55735,4.60502,2800
1996-03-07,4.69772,4.80278,4.68006,4.71714,1400
1996-03-08,4.69684,4.7145,4.59266,4.69772,4000
1996-03-11,4.66241,4.73215,4.64651,4.69684,3400
1996-03-12,4.63945,4.73215,4.62621,4.66241,5600
1996-03-13,4.65005,4.6527,4.62621,4.63945,1900
1996-03-14,4.62621,4.64387,4.61915,4.65005,500
1996-03-15,4.63504,4.67918,4.55646,4.62621,2300
1996-03-18,4.61738,4.62621,4.59089,4.63504,1000
1996-03-19,4.61297,4.64387,4.53881,4.61738,4500
1996-03-21,4.32604,4.62621,4.32604,4.59089,2200
1996-03-22,4.32692,4.41432,4.32692,4.32604,1500
1996-03-25,4.32868,4.35252,4.27395,4.32692,1000
1996-03-26,4.30926,4.39137,4.30926,4.32868,1100
1996-03-27,4.35252,4.35252,4.32604,4.30926,1500
1996-03-28,4.37812,4.37812,4.3534,4.3534,600
1996-03-29,4.44964,4.45847,4.43198,4.37812,3900
1996-04-01,4.52027,4.52027,4.41432,4.44964,2300
1996-04-02,4.5547,4.55558,4.49378,4.52027,700
1996-04-03,4.52909,4.53792,4.51144,4.5547,700
1996-04-04,4.53086,4.59089,4.52027,4.52909,2700
1996-04-08,4.50349,4.52027,4.47701,4.53086,1900
1996-04-09,4.42138,4.49378,4.41874,4.50349,2200
1996-04-10,4.45405,4.46729,4.41432,4.42138,1200
1996-04-11,4.36223,4.39225,4.36135,4.45405,1300
1996-04-12,4.29072,4.34369,4.29072,4.36223,600
1996-04-15,4.28189,4.31721,4.28189,4.29072,600
1996-04-16,4.26424,4.27306,4.23863,4.28189,700
1996-04-17,4.31191,4.35252,4.31191,4.26424,1400
1996-04-18,4.34987,4.41344,4.30838,4.31191,3100
1996-04-19,4.44434,4.48054,4.39755,4.34987,4000
1996-04-22,4.36576,4.44964,4.34369,4.44434,4900
1996-04-23,4.33575,4.35252,4.30926,4.36576,1300
1996-04-24,4.42315,4.54763,4.32604,4.33575,3400
1996-04-25,4.4823,4.67918,4.43198,4.42315,3900
1996-04-26,4.47524,4.48495,4.43639,4.4823,52600
1996-04-29,4.48495,4.53792,4.45052,4.47524,11800
1996-04-30,4.51144,4.51585,4.41079,4.48495,6000
1996-05-01,4.51938,4.53792,4.48583,4.51144,2500
1996-05-02,4.48583,4.50084,4.46994,4.51938,1300
1996-05-03,4.48583,4.50261,4.48583,4.48583,1800
1996-05-06,4.38342,4.46729,4.38342,4.48583,1200
1996-05-07,4.36135,4.37901,4.27306,4.38342,1700
1996-05-08,4.35252,4.36047,4.30838,4.32604,1200
1996-05-09,4.30838,4.30838,4.29514,4.35252,700
1996-05-10,4.2042,4.25364,4.20243,4.30838,1000
1996-05-13,4.18478,4.18478,4.14946,4.2042,1300
1996-05-14,4.22097,4.27306,4.18478,4.18478,1500
1996-05-15,4.19625,4.30838,4.1318,4.22097,1600
1996-05-16,4.27306,4.35252,4.23775,4.19625,2100
1996-05-17,4.14946,4.25541,4.14946,4.27306,1500
1996-05-20,4.02233,4.06118,3.99055,4.14946,800
1996-05-21,4.01792,4.09649,3.97289,4.02233,2600
1996-05-22,4.06118,4.06118,4.05235,4.01792,900
1996-05-23,4.32162,4.34369,4.04352,4.06118,2500
1996-05-24,4.27483,4.34369,4.23775,4.32162,2000
1996-05-27,4.06559,4.20332,4.02586,4.27483,2400
1996-05-28,4.06294,4.06294,3.90226,4.06559,1900
1996-05-29,4.18478,4.18478,4.1318,4.06294,500
1996-05-30,4.14063,4.14946,4.1318,4.18478,1700
1996-05-31,4.18478,4.19361,4.15829,4.14063,500
1996-06-03,4.11503,4.20243,4.11503,4.18478,1300
1996-06-04,4.06118,4.14946,4.06118,4.11503,1300
1996-06-05,4.06118,4.06118,3.99584,3.99584,900
1996-06-06,4.06118,4.06118,3.99231,4.06118,2100
1996-06-07,4.04793,4.07883,3.99055,4.06118,1400
1996-06-10,4.03028,4.07,4.02586,4.02586,1200
1996-06-11,4.07883,4.14063,4.06118,4.07795,3300
1996-06-12,4.20155,4.37901,4.14152,4.37901,2400
1996-06-13,4.29955,4.30838,4.14063,4.22009,2800
1996-06-14,4.35958,4.36135,4.23775,4.30838,3600
1996-06-17,4.36841,4.39225,4.29072,4.29072,3800
1996-06-18,4.27218,4.50261,4.24216,4.50261,4600
1996-06-19,4.31191,4.36135,4.30838,4.32604,3500
1996-06-20,4.32162,4.32162,4.29072,4.29072,1300
1996-06-21,4.31014,4.32604,4.26424,4.2713,2400
1996-06-24,4.23775,4.28189,4.23775,4.27748,1600
1996-06-25,4.21391,4.23775,4.16712,4.21921,3500
1996-06-26,4.23775,4.23775,4.20332,4.23598,3400
1996-06-27,4.23775,4.26424,4.18478,4.18478,1200
1996-06-28,4.16712,4.23775,4.16712,4.18566,2000
1996-07-01,4.23775,4.27306,4.14946,4.14946,1800
1996-07-02,4.26159,4.29072,4.168,4.2713,2800
1996-07-03,4.18566,4.23775,4.18478,4.22009,3000
1996-07-04,4.2766,4.30838,4.15035,4.15035,3200
1996-07-05,4.20332,4.23775,4.19007,4.23775,1300
1996-07-08,4.15035,4.20243,4.15035,4.20243,1000
1996-07-09,4.06118,4.11415,4.02674,4.11415,1600
1996-07-10,3.95082,4.00379,3.95082,3.97289,1200
1996-07-11,4.05146,4.05146,3.97289,3.97289,1400
1996-07-12,4.0806,4.22009,3.97289,3.97289,2200
1996-07-15,4.09031,4.16712,3.99143,3.99143,2500
1996-07-16,4.18743,4.27306,4.0135,4.0135,7400
1996-07-17,4.37548,4.39666,4.15035,4.22892,20300
1996-07-18,4.46111,4.50261,4.39666,4.46729,5900
1996-07-19,4.53527,4.55558,4.41432,4.41432,7400
1996-07-22,4.53969,4.55558,4.50437,4.50437,2000
1996-07-23,4.50437,4.59089,4.44964,4.49819,49100
1996-07-24,4.4514,4.52027,4.32515,4.50261,7200
1996-07-25,4.3896,4.45847,4.38342,4.45847,4500
1996-07-26,4.24834,4.39666,4.13622,4.37901,9900
1996-07-29,4.19537,4.24569,4.09737,4.22009,8300
1996-07-30,4.03734,4.14946,3.99055,4.14946,8200
1996-07-31,4.0859,4.1318,3.88637,4.0082,10800
1996-08-01,4.07265,4.08766,4.03734,4.06118,3800
1996-08-02,4.03822,4.07883,4.0082,4.02586,4000
1996-08-05,3.9773,4.03822,3.97466,4.02586,2200
1996-08-06,3.97554,4.02145,3.94729,3.97289,5300
1996-08-07,4.02586,4.02586,3.99055,3.99055,1100
1996-08-08,4.02233,4.12298,4.0188,4.05235,4300
1996-08-09,4.07795,4.10532,4.0135,4.04352,3700
1996-08-12,4.1318,4.23333,4.07883,4.07883,6100
1996-08-13,4.11768,4.14946,4.09649,4.13445,6200
1996-08-14,4.04793,4.14858,4.04352,4.08766,5600
1996-08-16,4.02145,4.07,3.99938,4.04352,4700
1996-08-19,3.90579,4.00467,3.88549,3.99055,7800
1996-08-20,3.89255,3.91815,3.8537,3.86695,5800
1996-08-21,3.92257,3.99055,3.8846,3.8846,3100
1996-08-22,3.93669,4.02586,3.92875,4.0082,3400
1996-08-23,3.91462,3.96318,3.90314,3.96318,1400
1996-08-26,3.88637,3.93669,3.8846,3.9208,3800
1996-08-27,3.81221,3.91903,3.7972,3.90403,8300
1996-08-28,3.86695,3.88549,3.85547,3.86695,800
1996-08-29,3.86695,3.86695,3.80515,3.80515,800
1996-08-30,3.84929,3.87577,3.83163,3.87577,1700
1996-09-02,3.8537,3.88372,3.83428,3.8537,1600
1996-09-03,3.83781,3.8846,3.8228,3.8846,3100
1996-09-04,3.86695,3.8846,3.85812,3.86518,1100
1996-09-05,3.95523,3.95523,3.95082,3.95082,300
1996-09-06,3.88902,3.88902,3.86695,3.8846,1100
1996-09-09,3.86695,3.8846,3.86165,3.8846,2300
1996-09-10,3.78572,3.84929,3.74334,3.79632,1900
1996-09-11,3.74511,3.77866,3.74511,3.77866,500
1996-09-12,3.71686,3.74334,3.68154,3.72745,1900
1996-09-13,3.67448,3.70803,3.67272,3.70803,700
1996-09-16,3.78307,3.79632,3.53146,3.53146,5100
1996-09-17,3.83428,3.97289,3.74334,3.74334,8600
1996-09-18,3.98878,4.02586,3.8281,4.01703,22300
1996-09-19,4.09119,4.18478,3.93846,3.97289,38500
1996-09-20,4.24658,4.29072,4.04352,4.04352,45400
1996-09-23,4.32162,4.39666,4.17153,4.28984,46200
1996-09-24,4.26512,4.34369,4.20597,4.23775,33900
1996-09-25,4.22186,4.27306,4.168,4.23775,20600
1996-09-26,4.2713,4.30838,4.20243,4.20243,38000
1996-09-27,4.22715,4.31544,4.19449,4.31279,14400
1996-09-30,4.23775,4.30838,4.20243,4.30838,68400
1996-10-01,4.43728,4.44611,4.20332,4.23775,35900
1996-10-03,4.61561,4.6527,4.34369,4.34369,81900
1996-10-04,4.58648,4.6527,4.54322,4.6527,44700
1996-10-07,4.39225,4.55558,4.35782,4.52027,28000
1996-10-08,4.22892,4.39666,4.17418,4.25805,49500
1996-10-09,4.12563,4.25541,4.02586,4.06206,36100
1996-10-10,4.30573,4.32604,4.14946,4.18213,115000
1996-10-11,4.45847,4.48495,4.32604,4.41432,20800
1996-10-14,4.29867,4.44964,4.27306,4.39666,9800
1996-10-15,4.40108,4.43198,4.2404,4.2404,23500
1996-10-16,4.34458,4.44964,4.33045,4.33045,36100
1996-10-17,4.33222,4.43198,4.3022,4.3022,20800
1996-10-18,4.34281,4.41432,4.31986,4.41432,4500
1996-10-22,4.42227,4.55558,4.37901,4.43198,27500
1996-10-23,4.51938,4.59089,4.48937,4.59089,11500
1996-10-24,4.44522,4.62621,4.43198,4.62621,8100
1996-10-25,4.41432,4.59089,4.39666,4.48495,9400
1996-10-28,4.39137,4.58207,4.37989,4.58207,4600
1996-10-29,4.28807,4.41432,4.23775,4.41344,12400
1996-10-31,4.21833,4.22892,4.20685,4.22892,3200
1996-11-01,4.16712,4.22009,4.16712,4.21303,700
1996-11-04,4.03469,4.13092,4.03469,4.06559,2300
1996-11-05,4.0497,4.08766,4.02233,4.06118,1900
1996-11-06,3.9155,3.94729,3.8846,3.90226,5200
1996-11-07,3.93758,4.00379,3.86695,3.91992,5300
1996-11-08,3.9517,3.97289,3.9261,3.97289,1600
1996-11-11,3.89961,3.95523,3.87136,3.87136,2600
1996-11-13,4.06206,4.09384,3.93758,3.95523,3700
1996-11-14,4.06647,4.06647,4.03822,4.05676,1200
1996-11-15,4.1115,4.11415,4.04352,4.04352,1300
1996-11-18,4.2404,4.24216,4.09649,4.1318,3600
1996-11-19,4.17771,4.23775,4.168,4.23775,3000
1996-11-20,4.1318,4.15829,4.1318,4.14063,900
1996-11-21,4.11415,4.14946,4.08766,4.09208,3000
1996-11-22,4.10267,4.22009,4.06559,4.22009,8600
1996-11-25,4.06118,4.1318,3.99408,4.1318,2400
1996-11-26,4.00026,4.14946,3.91992,4.14946,5700
1996-11-27,4.04264,4.07883,3.99496,4.07883,1900
1996-11-28,3.97289,4.11327,3.97289,4.11327,3600
1996-11-29,3.99584,4.09649,3.98172,4.09649,2200
1996-12-02,3.8846,4.05235,3.85812,4.05235,3100
1996-12-03,3.80515,3.9464,3.77071,3.9464,2800
1996-12-04,3.82987,3.83163,3.61974,3.70803,5800
1996-12-05,3.99231,4.0082,3.80515,3.80515,5400
1996-12-06,3.97642,4.14946,3.97289,4.06118,14500
1996-12-09,3.95612,3.99938,3.92963,3.92963,2300
1996-12-10,4.05941,4.10267,3.97289,3.97289,5700
1996-12-11,4.10797,4.12298,4.01703,4.01703,2600
1996-12-12,4.1733,4.18478,4.06559,4.14946,4000
1996-12-13,4.14063,4.168,4.13445,4.168,1300
1996-12-16,4.34281,4.34369,4.11503,4.11503,4800
1996-12-17,4.41874,4.44787,4.27306,4.43198,49000
1996-12-18,4.46641,4.51585,4.40108,4.51585,30000
1996-12-19,4.43551,4.46729,4.38519,4.41432,7300
1996-12-20,4.47524,4.57589,4.41432,4.50261,9000
1996-12-23,4.41432,4.44522,4.38784,4.44522,5700
1996-12-24,4.40638,4.46641,4.32604,4.35252,5000
1996-12-26,4.42845,4.44964,4.40638,4.44964,600
1996-12-31,4.41874,4.44964,4.36576,4.41432,18700
1997-01-01,4.5238,4.53792,4.46729,4.46729,33900
1997-01-02,4.58825,4.59089,4.46818,4.53792,8600
1997-01-03,4.48672,4.50261,4.48054,4.48672,4400
1997-01-06,4.46729,4.48142,4.4514,4.4514,1000
1997-01-07,4.39225,4.46729,4.34369,4.41874,9100
1997-01-08,4.50261,4.52027,4.46729,4.50261,3300
1997-01-09,4.48937,4.53704,4.48937,4.50261,27000
1997-01-10,4.47436,4.50084,4.44964,4.44964,2000
1997-01-13,4.4258,4.59089,4.41432,4.59089,3500
1997-01-14,4.38077,4.50261,4.36576,4.50084,3400
1997-01-15,4.59089,4.59972,4.41432,4.41432,7400
1997-01-16,4.6059,4.82044,4.55558,4.76747,11200
1997-01-17,4.63504,4.63504,4.53792,4.53792,4100
1997-01-20,4.67212,4.76747,4.57324,4.63062,14400
1997-01-21,4.71273,4.8381,4.57765,4.58207,17300
1997-01-22,4.69949,4.80278,4.67918,4.80278,4400
1997-01-24,4.67918,4.89107,4.66241,4.89107,29700
1997-01-27,4.72862,4.76747,4.71979,4.76747,4200
1997-01-28,4.77365,4.8019,4.71891,4.72244,30200
1997-01-29,4.69949,4.81161,4.69684,4.80278,5900
1997-01-30,4.59089,4.69154,4.58207,4.66152,1800
1997-01-31,4.53792,4.59972,4.53792,4.59089,1700
1997-02-03,4.52027,4.52027,4.50261,4.50261,2000
1997-02-04,4.69419,4.73215,4.50261,4.50261,52700
1997-02-05,4.69154,4.89107,4.67918,4.89107,29900
1997-02-06,4.6836,4.75864,4.67918,4.75864,42100
1997-02-07,4.90255,4.90873,4.66506,4.66506,11400
1997-02-10,4.82221,5.0853,4.82221,5.0853,29800
1997-02-11,4.81161,4.90873,4.80278,4.84251,6200
1997-02-12,4.76835,4.8381,4.76747,4.8381,4100
1997-02-13,4.70125,4.72421,4.67918,4.72421,4500
1997-02-14,4.77365,4.85575,4.67918,4.85575,29600
1997-02-17,4.76394,4.85487,4.72597,4.80278,6400
1997-02-18,4.71096,4.85575,4.68006,4.85575,5500
1997-02-19,4.74186,4.76747,4.68801,4.69684,7900
1997-02-20,4.72774,4.76305,4.7145,4.71538,2900
1997-02-21,4.73304,4.76747,4.69684,4.69684,2500
1997-02-24,4.72862,4.83368,4.67918,4.69684,12700
1997-02-25,4.67565,4.87341,4.66506,4.87341,33700
1997-02-26,4.66064,4.84251,4.64387,4.84251,5600
1997-02-27,4.63151,4.67918,4.62797,4.64828,6000
1997-02-28,4.6527,4.67918,4.59089,4.67918,300
1997-03-03,4.85575,4.9617,4.73215,4.73215,7900
1997-03-04,4.80631,5.0853,4.78512,5.0853,19200
1997-03-05,4.92285,5.04557,4.87518,5.0288,4800
1997-03-06,4.95552,5.06764,4.82044,4.82044,19300
1997-03-10,4.75511,4.89107,4.74981,4.89107,4900
1997-03-11,4.61473,4.85575,4.59089,4.73215,6700
1997-03-12,4.82927,4.84339,4.76747,4.8381,7200
1997-03-13,4.77276,4.87341,4.73215,4.82044,10200
1997-03-14,4.85311,4.85575,4.73215,4.76747,4800
1997-03-17,4.76835,4.9617,4.76217,4.9617,7800
1997-03-18,4.78336,4.80278,4.71008,4.76747,9100
1997-03-19,4.76923,4.87341,4.74981,4.87341,6600
1997-03-20,4.74098,4.83368,4.71891,4.76747,12100
1997-03-21,4.78512,4.93521,4.74275,4.93521,7000
1997-03-25,4.71538,4.76747,4.67918,4.76747,7200
1997-03-26,4.70478,4.79395,4.68801,4.79395,4000
1997-03-27,4.66241,4.7145,4.66152,4.7145,2500
1997-03-31,4.42933,4.42933,4.42933,4.42933,1300
1997-04-01,4.33045,4.62533,4.2095,4.23775,3900
1997-04-02,4.50967,4.53792,4.43639,4.45847,2600
1997-04-03,4.70214,4.73304,4.46818,4.46818,4800
1997-04-04,4.58207,4.80278,4.57324,4.80278,6400
1997-04-07,4.53263,4.59089,4.50261,4.59089,4500
1997-04-09,4.59178,4.74981,4.57324,4.67653,6800
1997-04-10,4.52291,4.58648,4.43021,4.58648,3400
1997-04-11,4.52733,4.53792,4.44964,4.51144,2800
1997-04-15,4.46023,4.59089,4.43286,4.59089,5300
1997-04-17,4.5238,4.56176,4.52291,4.5238,6500
1997-04-21,4.52556,4.59089,4.50261,4.59089,2800
1997-04-22,4.46818,4.5547,4.46818,4.52909,4100
1997-04-23,4.47789,4.56441,4.46729,4.50261,3500
1997-04-24,4.44081,4.48495,4.43198,4.45847,3500
1997-04-25,4.4311,4.50261,4.37106,4.50261,3100
1997-04-28,4.49025,4.50261,4.35076,4.35076,6800
1997-04-29,4.44434,4.52027,4.38077,4.38077,9300
1997-04-30,4.53351,4.58471,4.47612,4.58471,7200
1997-05-02,4.43904,4.52909,4.43198,4.45847,12500
1997-05-05,4.37989,4.47083,4.35605,4.47083,3400
1997-05-06,4.42756,4.49731,4.35694,4.41256,7800
1997-05-07,4.40196,4.4152,4.38784,4.4152,1600
1997-05-08,4.36841,4.58648,4.36135,4.58648,3200
1997-05-09,4.3693,4.47877,4.32604,4.47877,2100
1997-05-12,4.33928,4.50261,4.3331,4.50261,3600
1997-05-13,4.27218,4.37901,4.22009,4.31721,5200
1997-05-14,4.31809,4.32604,4.23775,4.23775,2400
1997-05-15,4.34104,4.40902,4.31368,4.39666,2900
1997-05-16,4.33133,4.33486,4.28189,4.32604,2900
1997-05-19,4.35694,4.39666,4.31544,4.31721,3800
1997-05-20,4.37724,4.41432,4.33133,4.37018,5900
1997-05-21,4.40638,4.59089,4.3896,4.49025,9300
1997-05-22,4.29425,4.46729,4.27483,4.46729,6100
1997-05-23,4.33575,4.33575,4.33575,4.33575,2
1997-05-26,4.30661,4.33398,4.22804,4.30396,7600
1997-05-27,4.21303,4.30661,4.18036,4.30661,13400
1997-05-28,4.25187,4.29072,4.23775,4.26953,5500
1997-05-29,4.24658,4.32604,4.24305,4.32604,6800
1997-05-30,4.23863,4.37901,4.23775,4.3225,5100
1997-06-02,4.21833,4.28013,4.21833,4.28013,12400
1997-06-03,4.14152,4.26865,4.08766,4.26865,4900
1997-06-04,4.20243,4.32604,4.15741,4.32604,8100
1997-06-05,4.33222,4.35076,4.20243,4.26953,77700
1997-06-06,4.29425,4.30396,4.24216,4.26424,11200
1997-06-09,4.20243,4.25099,4.20243,4.24393,1900
1997-06-10,4.21568,4.24658,4.19449,4.20243,4300
1997-06-11,4.22009,4.22009,4.20243,4.20243,1300
1997-06-12,4.21656,4.25717,4.21126,4.25364,1400
1997-06-13,4.18478,4.23333,4.18478,4.22009,3000
1997-06-16,4.18831,4.26953,4.18831,4.24305,3200
1997-06-17,4.20155,4.23775,4.19361,4.23775,3700
1997-06-18,4.23687,4.36047,4.22186,4.25541,8300
1997-06-19,4.27836,4.29072,4.23863,4.25541,2900
1997-06-20,4.32957,4.3693,4.29072,4.29955,17800
1997-06-23,4.24305,4.32339,4.23775,4.29072,2900
1997-06-24,4.22186,4.25541,4.18478,4.18919,13300
1997-06-25,4.23951,4.25541,4.23775,4.25541,2200
1997-06-26,4.23775,4.25541,4.23775,4.24305,1800
1997-06-27,4.23775,4.23775,4.23775,4.23775,1900
1997-06-30,4.23687,4.27306,4.20243,4.23775,2300
1997-07-01,4.30485,4.32604,4.23775,4.23775,5100
1997-07-02,4.32957,4.36135,4.30838,4.32604,3400
1997-07-03,4.39402,4.43198,4.33928,4.33928,23600
1997-07-04,4.4205,4.43198,4.34458,4.34458,4600
1997-07-07,4.56176,4.6421,4.43198,4.43198,11600
1997-07-08,4.55911,4.67918,4.40549,4.40549,12500
1997-07-09,4.78777,4.78777,4.64387,4.64387,7800
1997-07-10,5.02791,5.02791,4.92727,4.92815,17500
1997-07-11,4.90608,5.22656,4.86017,5.12061,35500
1997-07-14,4.66417,4.92197,4.66152,4.87341,6800
1997-07-15,4.55823,4.73215,4.46994,4.6527,36100
1997-07-16,4.61738,4.78689,4.53881,4.59089,70200
1997-07-17,4.52556,4.67918,4.49378,4.59089,17400
1997-07-21,4.36488,4.44964,4.32692,4.44964,14500
1997-07-22,4.46818,4.52027,4.37901,4.39666,47600
1997-07-23,4.69154,4.69154,4.69154,4.69154,3800
1997-07-24,4.81956,4.90873,4.76747,4.86811,38700
1997-07-25,4.75511,4.8381,4.73568,4.82044,18100
1997-07-28,4.76305,4.80278,4.7145,4.80278,12300
1997-07-29,4.75864,4.85399,4.73215,4.85399,16100
1997-07-30,4.75334,4.78512,4.73833,4.78248,12800
1997-07-31,4.74628,4.78512,4.73215,4.73392,13700
1997-08-01,4.74893,4.76747,4.73215,4.74098,7700
1997-08-04,4.80896,4.85487,4.75864,4.77188,12600
1997-08-05,4.78866,4.87253,4.7763,4.8381,25700
1997-08-06,4.89019,4.94404,4.76747,4.8381,26400
1997-08-07,4.77365,4.85575,4.75246,4.80278,21400
1997-08-08,4.73568,4.76747,4.73215,4.74628,11800
1997-08-11,4.7401,4.83633,4.73392,4.75776,4500
1997-08-12,4.70037,4.79395,4.68183,4.76747,20600
1997-08-13,4.59707,4.7145,4.59089,4.7145,13400
1997-08-14,4.4258,4.60855,4.37459,4.59089,84500
1997-08-18,4.35517,4.44964,4.32604,4.44964,10000
1997-08-19,4.29602,4.36135,4.28277,4.32604,14600
1997-08-20,4.39843,4.41432,4.25629,4.28896,37500
1997-08-21,4.40549,4.4311,4.36135,4.36576,45900
1997-08-22,4.18566,4.37283,4.18566,4.37283,25000
1997-08-25,4.07442,4.11238,3.97642,4.04352,30100
1997-08-26,3.8846,4.09649,3.87136,4.0391,90500
1997-08-27,4.04793,4.07883,4.0082,4.04352,19100
1997-08-28,3.9623,4.03822,3.95788,4.00026,11000
1997-08-29,3.89343,3.98172,3.8846,3.93758,42900
1997-09-01,3.9208,3.9464,3.85635,3.85635,10200
1997-09-02,3.86606,3.96759,3.82722,3.93758,24800
1997-09-03,3.90049,3.95523,3.8846,3.90403,16300
1997-09-04,3.8899,3.91992,3.8846,3.91992,17600
1997-09-05,3.90403,3.93758,3.87577,3.91992,34800
1997-09-08,3.89873,3.91109,3.84752,3.84752,3900
1997-09-09,3.94376,3.98966,3.90314,3.93758,26200
1997-09-10,3.957,3.99938,3.9261,3.9261,6000
1997-09-11,4.05676,4.1009,3.95523,3.98525,21100
1997-09-12,4.01792,4.06118,4.01262,4.04175,5000
1997-09-15,3.99055,4.02586,3.97819,4.02586,5200
1997-09-16,3.98613,4.0241,3.96406,3.99055,10900
1997-09-17,3.9826,4.01703,3.95523,3.95523,3300
1997-09-18,4.03381,4.04352,3.95788,3.98878,13100
1997-09-19,4.04352,4.06118,4.01703,4.01703,11300
1997-09-22,3.99584,4.04352,3.96583,3.96583,3200
1997-09-23,3.99143,4.02321,3.97289,3.99496,5700
1997-09-24,4.03557,4.06118,3.99938,4.06118,6600
1997-09-25,4.07442,4.1318,4.02586,4.03999,4500
1997-09-26,4.09561,4.15653,4.08943,4.1009,4300
1997-09-29,4.24128,4.2713,4.07972,4.0806,5400
1997-09-30,4.24393,4.30838,4.16712,4.30838,21700
1997-10-01,4.13357,4.28896,4.09649,4.28719,3900
1997-10-09,4.1318,4.14946,4.09649,4.10973,2400
1997-10-10,4.15564,4.16712,4.11503,4.16535,3200
1997-10-13,4.25629,4.41344,4.1318,4.41344,9600
1997-10-14,4.29425,4.36135,4.21568,4.22009,28200
1997-10-15,4.24305,4.32604,4.02586,4.13269,8900
1997-10-16,4.25452,4.32427,4.23775,4.32427,2800
1997-10-17,4.25099,4.27306,4.2042,4.2607,2900
1997-10-20,4.22009,4.26424,4.21215,4.25541,3200
1997-10-21,4.17683,4.29955,4.15035,4.23775,8100
1997-10-22,4.23775,4.27306,4.19184,4.20243,68600
1997-10-23,4.19184,4.23863,4.18919,4.23863,3700
1997-10-24,4.11238,4.168,4.07,4.168,2300
1997-10-27,4.0135,4.07,4.0082,4.06647,2500
1997-10-28,3.75835,3.98613,3.74511,3.98613,4000
1997-10-29,3.99938,4.0241,3.97289,3.97289,1400
1997-10-30,4.04264,4.08766,3.99055,4.04175,2000
1997-11-03,3.91992,3.97377,3.91992,3.96406,1300
1997-11-04,3.86959,3.9623,3.86871,3.93758,1800
1997-11-05,3.91992,3.94464,3.88725,3.88725,1200
1997-11-06,3.89343,3.91992,3.85194,3.91992,2200
1997-11-07,3.90226,3.90226,3.8846,3.90226,2900
1997-11-10,3.89255,3.93758,3.86783,3.93758,1600
1997-11-11,3.90667,3.92522,3.859,3.8846,3600
1997-11-12,3.8846,3.89961,3.87577,3.87577,2500
1997-11-13,3.89078,3.89343,3.8228,3.8846,4500
1997-11-17,3.90138,3.93758,3.84046,3.87048,3000
1997-11-18,3.9155,3.95435,3.84046,3.84046,2100
1997-11-19,3.87136,3.90226,3.82457,3.90226,2800
1997-11-20,3.88372,3.88372,3.8228,3.8228,2200
1997-11-21,3.93758,3.94994,3.85812,3.85812,2000
1997-11-24,3.89255,3.94552,3.88725,3.93758,1600
1997-11-25,3.94905,3.96406,3.86695,3.86695,2600
1997-11-26,3.95965,3.97201,3.93758,3.95523,900
1997-11-27,3.93758,3.98878,3.90667,3.98878,21600
1997-11-28,3.93758,3.93758,3.89785,3.89785,1400
1997-12-01,3.90226,3.9155,3.8846,3.90226,2600
1997-12-02,3.89078,3.91109,3.88902,3.90226,5100
1997-12-03,3.91109,3.91992,3.90226,3.90226,900
1997-12-04,3.85988,3.90756,3.84929,3.84929,1500
1997-12-05,3.78396,3.85017,3.74334,3.85017,8400
1997-12-08,3.7248,3.77866,3.65506,3.77866,18200
1997-12-09,3.69744,3.78043,3.59414,3.78043,64100
1997-12-10,3.60827,3.62504,3.49614,3.61974,10600
1997-12-11,3.53146,3.74334,3.50409,3.74334,11400
1997-12-12,3.53057,3.53146,3.49614,3.49614,4700
1997-12-15,3.53057,3.53146,3.49614,3.49614,2900
1997-12-16,3.49261,3.55794,3.47849,3.53411,46100
1997-12-17,3.53234,3.61003,3.53146,3.54911,24200
1997-12-18,3.52263,3.56677,3.5138,3.56677,5100
1997-12-19,3.52439,3.54911,3.48025,3.54911,5800
1997-12-22,3.52793,3.54911,3.50497,3.53146,3600
1997-12-23,3.44229,3.54823,3.42551,3.54823,17900
1997-12-24,3.21981,3.58443,3.17831,3.58443,72100
1997-12-26,3.32134,3.35047,3.22422,3.25424,17700
1997-12-29,3.54382,3.63564,3.29485,3.33281,49000
1997-12-30,3.51557,3.61092,3.4882,3.54205,42900
1997-12-31,3.67448,3.72392,3.27543,3.27543,31700
1998-01-01,3.8025,3.88195,3.66036,3.70362,37200
1998-01-02,4.04793,4.14946,3.83163,3.83163,46900
1998-01-05,4.06736,4.32604,4.06118,4.1318,15800
1998-01-06,4.22627,4.26953,4.06029,4.09649,50800
1998-01-07,4.2298,4.3075,4.19537,4.23775,35400
1998-01-08,4.11856,4.25541,4.06118,4.23687,53700
1998-01-09,3.96848,4.22009,3.90314,3.99231,27400
1998-01-12,3.82722,3.90667,3.74334,3.83251,17500
1998-01-13,3.76012,4.20243,3.67448,4.20243,39200
1998-01-14,3.74688,3.88019,3.57119,3.88019,25300
1998-01-15,3.81221,3.83163,3.67448,3.74334,10300
1998-01-16,3.85194,3.86606,3.76188,3.78307,7200
1998-01-19,3.88725,3.90226,3.81486,3.85812,8600
1998-01-20,3.89078,3.95523,3.85105,3.8846,10100
1998-01-21,3.89431,3.93669,3.83163,3.91992,4300
1998-01-22,3.90403,3.91197,3.84223,3.87931,8800
1998-01-23,3.72569,3.90403,3.70803,3.85017,12300
1998-01-27,3.51203,3.66477,3.47849,3.61974,11200
1998-01-28,3.48025,3.53146,3.46083,3.49614,15500
1998-01-29,3.49614,3.50321,3.3902,3.40786,9400
1998-01-30,3.52969,3.53146,3.49261,3.53146,5800
1998-02-02,3.53764,3.54911,3.46083,3.46083,13200
1998-02-03,3.51557,3.75129,3.50144,3.75129,16900
1998-02-04,3.53146,3.61533,3.53146,3.61533,27900
1998-02-05,3.52881,3.61092,3.5138,3.61092,12600
1998-02-06,3.4829,3.60032,3.46083,3.60032,5600
1998-02-09,3.51998,3.56677,3.44759,3.44759,19400
1998-02-10,3.50585,3.54029,3.47849,3.54029,27700
1998-02-11,3.46966,3.5447,3.46083,3.46083,4500
1998-02-12,3.48643,3.49614,3.44759,3.44759,3600
1998-02-13,3.50497,3.51027,3.40786,3.40786,2100
1998-02-17,3.49967,3.56677,3.48908,3.56677,6900
1998-02-18,3.5138,3.52175,3.44317,3.44317,3200
1998-02-19,3.51733,3.56677,3.49879,3.56677,1100
1998-02-20,3.51292,3.56677,3.49614,3.56677,2600
1998-02-23,3.51203,3.5447,3.49614,3.5447,4700
1998-02-24,3.33988,3.56677,3.17831,3.56677,28600
1998-02-25,3.49085,3.52704,3.2666,3.49614,28400
1998-02-26,3.50585,3.52175,3.46083,3.52175,217300
1998-02-27,3.61533,3.72657,3.53146,3.53146,93700
1998-03-02,3.90844,3.9464,3.6374,3.67095,138800
1998-03-03,3.67007,3.95347,3.62063,3.90226,256700
1998-03-04,4.03734,4.03734,3.71068,3.71068,271300
1998-03-05,4.15476,4.32427,4.04352,4.10532,154000
1998-03-06,4.18919,4.22804,4.02851,4.14946,96400
1998-03-09,4.24834,4.30838,4.19361,4.23775,248300
1998-03-10,4.1318,4.28896,4.09649,4.22892,130300
1998-03-11,4.0444,4.26777,3.9932,4.23775,52100
1998-03-12,3.94376,4.06118,3.91992,4.05764,55200
1998-03-16,3.90226,4.13092,3.87136,4.06118,30800
1998-03-17,3.88725,3.95523,3.83163,3.8846,50500
1998-03-18,4.21568,4.2766,3.99055,4.16624,151900
1998-03-19,4.38519,4.48495,4.11591,4.27306,295000
1998-03-20,4.58207,4.64387,4.29337,4.32604,324300
1998-03-23,4.57765,4.64387,4.55381,4.64298,52900
1998-03-24,4.45405,4.59001,4.4152,4.55558,201100
1998-03-25,4.66152,4.7092,4.44964,4.55558,178200
1998-03-26,4.50791,4.7145,4.48672,4.67918,115000
1998-03-27,4.57059,4.60679,4.44081,4.48937,49800
1998-03-30,4.46818,4.60855,4.44964,4.60855,54900
1998-03-31,4.30308,4.48054,4.29072,4.47965,92700
1998-04-01,4.52821,4.57324,4.46818,4.52203,37600
1998-04-02,4.53527,4.58913,4.47789,4.53792,66800
1998-04-03,4.50084,4.54675,4.44964,4.52909,40900
1998-04-06,4.61826,4.64387,4.50349,4.52027,61900
1998-04-07,5.0747,5.07735,4.55646,4.66152,116100
1998-04-09,5.50819,5.69359,5.38547,5.49142,127500
1998-04-10,5.28129,5.56205,5.2089,5.42079,84500
1998-04-13,4.97318,5.29012,4.87341,5.2089,102000
1998-04-15,5.42432,5.47111,5.17358,5.17358,99900
1998-04-16,5.29365,5.43668,5.24863,5.41196,38300
1998-04-17,5.53644,5.65033,5.26187,5.29719,198600
1998-04-20,6.07322,6.09088,5.42962,5.42962,217100
1998-04-21,6.21183,6.21183,6.12708,6.14474,17900
1998-04-22,6.31425,6.83337,6.18182,6.79629,148800
1998-04-23,6.28335,6.60383,6.07411,6.16151,84700
1998-04-24,6.28158,6.33014,5.86222,6.24891,97600
1998-04-27,6.29835,6.52437,6.23479,6.39194,56700
1998-04-28,5.94168,6.32131,5.76864,6.25156,133800
1998-04-29,5.93373,6.25068,5.82867,6.00348,60600
1998-04-30,6.0176,6.18358,5.5797,6.18358,81400
1998-05-04,6.18005,6.19771,6.03173,6.14474,64400
1998-05-05,6.42637,6.49788,6.02113,6.10942,107700
1998-05-06,6.22596,6.56851,6.14474,6.55085,65300
1998-05-08,6.20124,6.33279,5.93285,6.18005,38800
1998-05-11,6.17122,6.21536,6.05645,6.05645,16400
1998-05-12,5.87899,6.09353,5.67682,6.09353,57600
1998-05-13,5.35016,5.90107,5.30425,5.65033,59400
1998-05-14,5.69359,5.7651,5.22921,5.38547,74200
1998-05-15,5.48435,5.73862,5.45698,5.66799,58100
1998-05-18,5.56469,5.65916,5.52673,5.54527,34000
1998-05-19,5.80836,5.89753,5.55145,5.59559,56800
1998-05-20,5.9611,5.98141,5.86222,5.91519,32700
1998-05-21,5.7651,6.00348,5.6159,5.99818,25900
1998-05-22,5.70065,5.7651,5.65033,5.72979,34900
1998-05-25,5.72714,5.75098,5.63444,5.66799,17000
1998-05-26,5.6106,5.72538,5.56293,5.68565,27800
1998-05-27,5.57087,5.68565,5.56205,5.68565,9300
1998-05-28,5.52232,5.60619,5.47376,5.55763,6600
1998-05-29,5.42608,5.54262,5.12061,5.4561,7700
1998-06-01,5.39695,5.66711,5.35987,5.56205,12200
1998-06-02,5.28483,5.34839,5.19124,5.27953,16800
1998-06-03,5.36164,5.41196,5.20449,5.38547,10900
1998-06-04,5.37664,5.4561,5.35016,5.3634,3700
1998-06-05,5.10649,5.24421,5.07029,5.17358,10400
1998-06-08,4.70037,5.12061,4.60855,5.03233,29800
1998-06-09,4.83368,5.01467,4.59089,4.59089,32500
1998-06-10,4.57942,4.69507,4.52027,4.60855,5300
1998-06-11,4.55558,4.55558,4.24481,4.41432,4900
1998-06-12,4.58471,4.74804,4.53792,4.59178,5000
1998-06-15,4.39931,4.62621,4.34546,4.62621,3500
1998-06-16,4.19184,4.32604,4.10532,4.26424,7800
1998-06-17,4.53351,4.60855,4.30838,4.36135,18100
1998-06-18,4.43816,4.55558,4.41432,4.55558,11400
1998-06-19,4.07177,4.34722,4.02586,4.34722,4900
1998-06-22,3.96848,3.99055,3.78043,3.78043,4900
1998-06-23,3.81662,3.91992,3.79632,3.8846,6300
1998-06-24,4.18478,4.18478,3.99143,3.99143,4100
1998-06-25,4.29602,4.41432,4.15829,4.2916,8500
1998-06-26,4.2607,4.37636,4.22009,4.23775,5200
1998-06-29,4.38166,4.41256,4.27836,4.31721,4500
1998-06-30,4.35605,4.46729,4.34369,4.39666,6900
1998-07-01,4.28896,4.37459,4.27306,4.33045,3800
1998-07-02,4.28013,4.29072,4.23775,4.27306,1800
1998-07-03,4.13799,4.23687,4.13622,4.23687,2300
1998-07-06,4.22451,4.25364,4.09649,4.11415,2000
1998-07-07,4.3896,4.44964,4.23775,4.29072,26300
1998-07-08,4.73215,4.7401,4.41432,4.41432,18400
1998-07-09,5.01026,5.10825,4.60943,4.76747,45300
1998-07-10,5.03144,5.10031,4.87341,5.01467,27300
1998-07-13,5.05793,5.2089,4.99701,5.12061,31600
1998-07-14,5.0235,5.11973,4.97935,4.98112,53400
1998-07-15,5.14004,5.42079,5.0853,5.38547,129600
1998-07-16,5.22391,5.2654,5.12061,5.13827,57600
1998-07-17,5.13032,5.27776,5.12061,5.26187,40500
1998-07-20,5.03498,5.15946,4.99966,5.12061,37700
1998-07-21,5.01997,5.11708,4.96346,4.96346,30300
1998-07-22,4.96611,5.06764,4.92638,5.04116,23100
1998-07-23,4.80278,4.97406,4.78512,4.92815,36300
1998-07-24,4.61032,4.81161,4.56088,4.76305,53200
1998-07-27,4.64475,4.79395,4.50261,4.59089,73000
1998-07-28,4.87076,4.92638,4.63239,4.65887,96500
1998-07-29,5.13386,5.17535,4.74981,4.90784,170300
1998-07-30,5.17094,5.34839,5.10472,5.19124,158100
1998-07-31,5.10472,5.22656,5.03233,5.22656,60900
1998-08-03,4.97847,5.08706,4.85575,5.08706,45600
1998-08-04,5.01997,5.06764,4.94404,4.94404,27000
1998-08-05,5.16917,5.20537,4.95463,4.96346,83600
1998-08-06,5.27247,5.38547,5.07117,5.1524,252700
1998-08-07,5.2707,5.37664,5.19301,5.27953,109300
1998-08-10,5.62385,5.68388,5.20978,5.20978,320500
1998-08-11,5.67329,6.00348,5.53556,5.6159,366000
1998-08-12,5.53997,5.73862,5.46581,5.65033,247300
1998-08-13,5.61413,5.69889,5.43844,5.52673,170900
1998-08-14,5.55145,5.80925,5.50996,5.65033,262600
1998-08-17,5.60089,5.87988,5.58147,5.59736,236800
1998-08-18,5.17094,5.68388,5.15328,5.60619,389800
1998-08-19,5.29807,5.34045,4.97053,5.15593,197900
1998-08-20,5.6106,5.6415,5.26187,5.29719,225700
1998-08-21,5.683,5.93285,5.47552,5.5797,247800
1998-08-24,5.77393,5.8269,5.66093,5.73774,94300
1998-08-25,5.93461,5.99995,5.68565,5.80925,207900
1998-08-27,5.47199,5.98582,5.46052,5.82426,103600
1998-08-28,5.20272,5.40313,5.15593,5.40313,71600
1998-08-31,5.24863,5.61502,5.08795,5.34133,46700
1998-09-01,4.82927,5.20007,4.82927,5.20007,51900
1998-09-02,5.04469,5.17358,4.90784,4.90784,88000
1998-09-03,5.14533,5.20713,5.0544,5.0544,41200
1998-09-04,5.23892,5.26187,5.13827,5.16211,29200
1998-09-07,5.38724,5.41372,5.26187,5.29719,30400
1998-09-08,5.50113,5.56205,5.34133,5.34133,46700
1998-09-09,5.45698,5.61237,5.40754,5.58765,35400
1998-09-10,5.43668,5.50907,5.36782,5.42079,16700
1998-09-11,5.32014,5.39342,5.26187,5.36782,31000
1998-09-14,5.37223,5.42608,5.35192,5.35545,14900
1998-09-15,5.29719,5.47376,5.2707,5.34221,42500
1998-09-16,5.34839,5.44551,5.32367,5.38547,17600
1998-09-17,5.56646,5.60001,5.31926,5.3325,77200
1998-09-18,5.77923,5.86045,5.52673,5.64857,116500
1998-09-21,5.7651,5.96287,5.70595,5.70595,83600
1998-09-22,5.80307,5.84456,5.71478,5.79159,42400
1998-09-23,5.97699,6.08735,5.82779,5.86222,127700
1998-09-24,5.90813,6.03879,5.8684,6.00348,116500
1998-09-25,5.92402,6.10942,5.82867,5.9664,126600
1998-09-28,5.91872,6.07411,5.89753,5.95051,98000
1998-09-29,5.69536,5.96816,5.65033,5.95051,91000
1998-09-30,5.63709,5.79159,5.60795,5.77393,40200
1998-10-05,5.29277,5.54439,5.23274,5.54439,36800
1998-10-06,5.64503,5.71655,5.18241,5.3325,53500
1998-10-07,5.84015,5.87105,5.70948,5.70948,43300
1998-10-08,5.59559,5.87988,5.5797,5.87988,27700
1998-10-09,5.63267,5.70419,5.5797,5.62473,30800
1998-10-12,5.56028,5.64857,5.47376,5.64857,32100
1998-10-13,5.43933,5.56205,5.38636,5.56205,33700
1998-10-14,5.55498,5.5797,5.25128,5.56205,29200
1998-10-15,5.53821,5.61502,5.4561,5.50025,9700
1998-10-16,5.54174,5.56205,5.4252,5.54439,10100
1998-10-19,5.51349,5.56205,5.4305,5.43138,8500
1998-10-20,5.50642,5.61502,5.36782,5.49318,16800
1998-10-22,5.67593,5.72096,5.56381,5.63267,15300
1998-10-23,5.79865,5.87988,5.61943,5.62826,42100
1998-10-26,6.03968,6.15974,5.89753,5.89753,34500
1998-10-27,5.82426,6.05645,5.75628,6.05645,27600
1998-10-28,5.81366,5.95051,5.79159,5.91519,15500
1998-10-29,5.83132,5.83132,5.68565,5.76069,6400
1998-10-30,5.7651,5.93285,5.73862,5.81808,21400
1998-11-02,5.67417,5.73862,5.61502,5.68565,8000
1998-11-03,5.65121,5.72626,5.52673,5.6521,20600
1998-11-05,5.66357,5.68476,5.58059,5.65916,7000
1998-11-06,5.97523,6.03349,5.68741,5.69448,33700
1998-11-09,6.1103,6.18005,5.97787,6.00348,47700
1998-11-10,6.19329,6.26392,6.05115,6.10942,30300
1998-11-11,6.19771,6.4246,6.18005,6.21536,47500
1998-11-12,6.21801,6.25068,6.09706,6.15356,19400
1998-11-13,6.18182,6.2754,6.09176,6.09176,22700
1998-11-16,6.11384,6.2136,6.09176,6.09353,15200
1998-11-17,6.11648,6.2136,6.06528,6.12531,32600
1998-11-18,6.16239,6.21272,6.15533,6.15533,12600
1998-11-19,6.05645,6.23126,6.05645,6.19771,9600
1998-11-20,6.02996,6.09176,6.00524,6.02996,10900
1998-11-23,6.03526,6.09176,5.87988,5.95051,20100
1998-11-24,6.19771,6.35662,5.97081,5.97081,43400
1998-11-26,6.20477,6.4246,6.18005,6.19771,54500
1998-11-27,6.07411,6.21536,6.03968,6.21536,42900
1998-11-30,6.24803,6.24803,5.97258,6.03173,32600
1998-12-01,6.09176,6.25068,6.09176,6.17122,25400
1998-12-02,6.18358,6.31954,6.18005,6.26657,27300
1998-12-03,6.14474,6.23302,6.12708,6.21536,10800
1998-12-04,6.35662,6.35662,6.11825,6.12708,54200
1998-12-07,6.69211,6.77157,6.38311,6.40077,111800
1998-12-08,6.73096,6.84838,6.62148,6.69211,57600
1998-12-09,6.72125,6.93931,6.69211,6.83337,82000
1998-12-10,6.70094,6.81306,6.6568,6.81306,33800
1998-12-11,7.23772,7.23772,6.72743,6.74332,302500
1998-12-14,7.22183,7.50435,7.22183,7.50435,13
1998-12-15,7.15032,7.1512,6.92166,7.13354,142400
1998-12-16,7.15562,7.27922,7.1512,7.27922,17
1998-12-17,6.79806,6.94638,6.71065,6.71065,326600
1998-12-18,6.84838,6.87575,6.77157,6.7804,172000
1998-12-21,7.16444,7.21653,6.88634,6.90577,564900
1998-12-22,7.31012,7.37898,7.11765,7.22183,716000
1998-12-23,7.29246,7.45844,7.29246,7.38869,606600
1998-12-24,7.27922,7.32424,7.1618,7.22271,327800
1998-12-28,7.54408,7.66326,7.29246,7.32777,834400
1998-12-29,7.61824,7.67739,7.47786,7.51318,486700
1998-12-30,7.94578,7.97227,7.94578,7.97227,12
1998-12-31,7.76921,7.76921,7.76921,7.76921,10
1999-01-01,7.79393,7.85308,7.54761,7.59263,879200
1999-01-04,8.15767,8.15767,8.03407,8.03407,30
1999-01-05,8.36955,8.36955,8.36955,8.36955,5
1999-01-06,8.12235,8.45784,8.12235,8.45784,8
1999-01-07,8.12235,8.29892,8.12235,8.29892,6
1999-01-08,8.34307,8.34307,7.80452,7.81335,763200
1999-01-11,9.01051,9.01051,8.12235,8.40487,1075900
1999-01-12,9.27008,9.27008,9.27008,9.27008,10
1999-01-13,9.32305,9.32305,9.32305,9.32305,15
1999-01-14,9.18267,9.42811,9.04583,9.07585,138100
1999-01-15,9.20474,9.5314,9.07585,9.35836,224900
1999-01-18,9.17384,9.33629,9.08467,9.2171,85700
1999-01-19,8.74036,9.31952,8.52935,9.18267,163900
1999-01-21,8.88162,9.11116,8.63618,8.89751,88300
1999-01-22,8.89927,9.09085,8.82864,9.00257,92900
1999-01-25,8.70504,8.95842,8.67149,8.95842,71200
1999-01-27,9.40162,9.40162,8.8719,8.94783,90600
1999-01-28,9.88808,9.88808,9.88808,9.88808,4
1999-01-29,10.2024,10.2024,9.18355,9.39368,388400
1999-02-01,9.98078,10.5908,9.65854,9.88808,210300
1999-02-02,9.88896,10.2412,9.80333,9.88808,177300
1999-02-03,10.6297,10.68,10.0858,10.2377,244700
1999-02-04,11.4755,11.4755,11.1241,11.1241,48
1999-02-05,11.6008,12.0017,11.3201,11.7227,230100
1999-02-08,11.2653,11.7333,11.1276,11.7006,143300
1999-02-09,11.4772,11.4772,11.4772,11.4772,1
1999-02-10,11.7094,12.1482,11.3007,11.4772,257400
1999-02-11,11.8304,12.1659,11.6362,11.6538,21
1999-02-12,11.8304,12.1659,11.8304,12.1659,3
1999-02-15,10.8592,11.23,10.8592,10.8698,109500
1999-02-16,10.4672,10.8416,10.3428,10.6164,180500
1999-02-17,10.7003,11.1153,10.5061,10.5944,169300
1999-02-18,10.6518,10.8945,10.6518,10.718,64500
1999-02-19,10.6827,10.6827,10.6827,10.6827,2
1999-02-22,9.69385,10.2942,9.44665,10.2765,72300
1999-02-23,9.35836,9.72917,9.0935,9.0935,109600
1999-02-24,10.0647,10.0647,9.41133,9.44665,72800
1999-02-25,10.7709,10.8486,9.94458,10.0117,217100
1999-02-26,10.047,10.8239,9.99402,10.6871,136900
1999-03-01,11.389,11.5655,10.9122,10.9475,103500
1999-03-03,11.0676,11.7421,11.0358,11.6538,98300
1999-03-04,11.6538,11.6538,11.6538,11.6538,1
1999-03-05,10.8592,11.2124,10.6297,10.8945,76300
1999-03-08,10.8063,11.0711,10.665,10.9828,65000
1999-03-09,10.5414,10.9458,10.4196,10.8416,78900
1999-03-10,11.1241,11.1241,11.1241,11.1241,5
1999-03-11,10.4699,11.5443,10.4699,11.4772,84800
1999-03-12,10.6562,10.8592,10.3666,10.3666,50300
1999-03-15,11.4419,11.4419,11.4419,11.4419,1
1999-03-16,10.1,10.7003,9.80244,10.7003,67500
1999-03-17,10.454,10.6827,10.2421,10.2704,34000
1999-03-18,11.1771,11.1771,11.1771,11.1771,1
1999-03-19,10.4531,11.0358,10.3304,11.0358,50300
1999-03-22,10.7974,10.9422,10.5591,10.7709,57800
1999-03-23,11.6362,11.6362,11.6362,11.6362,7
1999-03-24,11.0711,12.3557,10.8769,12.3557,129400
1999-03-25,11.1241,11.283,10.9475,10.9828,28300
1999-03-26,10.6473,11.2653,10.5061,11.2653,43000
1999-03-30,10.8063,10.8592,10.5237,10.7709,80900
1999-03-31,11.4596,11.5629,10.9122,10.9122,107000
1999-04-01,11.0358,11.6008,10.9669,11.5655,116100
1999-04-05,10.2218,10.7886,10.1529,10.6915,66800
1999-04-06,9.80862,10.1538,9.65854,9.99402,74200
1999-04-07,10.2412,10.3825,9.97637,9.97637,55500
1999-04-08,10.7709,10.7709,10.092,10.2395,85500
1999-04-09,10.4531,10.7701,10.3004,10.7533,98600
1999-04-12,10.5237,10.6297,10.1574,10.3339,49300
1999-04-13,10.3648,10.5414,10.2854,10.4699,51000
1999-04-15,10.1794,10.3295,10.0143,10.0205,29800
1999-04-16,10.9943,10.9943,9.7221,10.1335,66400
1999-04-19,10.5061,10.5467,9.88808,9.90574,47700
1999-04-20,10.5591,10.6738,10.3119,10.5414,20700
1999-04-21,10.9466,11.1417,10.5679,10.6297,47700
1999-04-22,10.9652,11.4931,10.7356,10.9475,80900
1999-04-23,10.7886,11.17,10.6164,11.0888,50000
1999-04-26,10.5767,10.5882,10.1538,10.4178,47400
1999-04-28,10.4672,10.5917,9.95871,10.2059,51500
1999-04-29,11.3007,11.3007,11.3007,11.3007,1
1999-04-30,11.5655,11.5655,11.5655,11.5655,1
1999-05-03,11.1859,11.396,11.1859,11.3271,62900
1999-05-04,12.007,12.007,12.007,12.007,1
1999-05-05,11.4093,11.6891,11.2124,11.2124,49500
1999-05-06,11.4772,11.4772,11.4772,11.4772,5
1999-05-07,11.4772,11.5655,11.4772,11.5655,4
1999-05-10,12.2983,12.2983,11.5284,11.5284,98100
1999-05-11,12.0952,12.3778,11.8657,12.3601,56700
1999-05-12,11.9187,11.9187,11.9187,11.9187,1
1999-05-13,11.8127,11.9893,11.5126,11.6273,46600
1999-05-14,11.8304,12.1676,11.8127,11.9363,57000
1999-05-17,11.0711,11.6362,10.884,11.5126,36300
1999-05-18,10.5652,11.0711,10.4884,11.0535,65900
1999-05-19,10.8319,10.9272,10.4355,10.4355,17400
1999-05-20,10.8239,11.0535,10.8151,10.8327,18400
1999-05-21,10.665,10.9122,10.5944,10.8769,28300
1999-05-24,10.5591,10.7347,10.5061,10.6827,13200
1999-05-25,10.59,10.6986,10.5237,10.5237,46600
1999-05-26,10.9846,11.3007,10.8592,11.3007,19017
1999-05-27,10.8716,11.1241,10.8716,11.0711,14301
1999-05-28,10.3737,10.8063,10.1574,10.8063,22878
1999-05-31,10.6827,11.0005,10.5061,10.5061,24448
1999-06-01,10.6827,11.0181,10.4196,10.665,32463
1999-06-02,10.6738,10.7709,10.5767,10.5944,12832
1999-06-03,10.6297,10.7709,10.6297,10.7701,4158
1999-06-04,10.5679,10.8769,10.5608,10.7356,17109
1999-06-07,10.612,10.7091,10.5679,10.6297,9655
1999-06-08,10.7709,10.8557,10.4893,10.6297,25885
1999-06-09,10.7913,11.0181,10.7533,10.8063,24468
1999-06-10,10.9131,11.4772,10.8875,11.4772,25137
1999-06-11,10.6544,10.9652,10.6209,10.921,22761
1999-06-14,10.499,10.612,10.0867,10.612,16966
1999-06-15,10.1406,10.5838,9.99402,10.5079,25505
1999-06-16,10.2968,10.3472,10.1529,10.1706,22150
1999-06-17,10.3189,10.4178,10.2765,10.3207,10018
1999-06-18,10.2474,10.4178,10.2147,10.3472,10420
1999-06-21,10.3348,10.3454,10.2439,10.3101,6461
1999-06-22,10.3375,10.5061,10.2801,10.3825,12106
1999-06-23,10.5255,10.7091,10.4884,10.5944,12807
1999-06-24,10.3631,10.5732,10.3295,10.5043,5843
1999-06-25,10.3445,10.3913,10.3295,10.3313,4644
1999-06-28,10.5017,10.5061,10.3666,10.3666,6314
1999-06-29,10.4602,10.5591,10.4178,10.5237,25426
1999-06-30,10.4355,10.5414,10.4178,10.5061,4961
1999-07-01,10.4708,10.4884,10.4178,10.4355,4446
1999-07-02,10.9466,11.0358,10.4884,10.4884,29983
1999-07-05,11.8224,11.8224,11.0402,11.0402,42543
1999-07-06,12.0758,12.1835,11.8304,11.9187,28339
1999-07-07,11.9028,12.0423,11.8304,12.007,11823
1999-07-08,11.8118,11.9672,11.7403,11.7421,14773
1999-07-09,12.4034,12.7574,11.8074,11.8304,38106
1999-07-12,12.9057,13.2253,12.5376,12.8545,25274
1999-07-13,12.6938,12.9428,12.5729,12.9428,13321
1999-07-14,12.3548,12.6514,12.203,12.6514,10054
1999-07-15,12.0211,12.6073,11.954,12.5014,12372
1999-07-16,11.8004,12.0952,11.7598,12.0599,15054
1999-07-19,12.3654,12.466,11.8657,12.0052,18352
1999-07-20,12.9216,12.9825,12.2983,12.4484,34118
1999-07-21,13.9475,13.9554,12.6603,12.6603,53747
1999-07-22,13.6482,14.2847,13.5961,13.9493,30155
1999-07-23,14.2839,14.3907,13.6676,13.7886,33781
1999-07-26,14.0005,14.4613,13.6844,14.4596,23924
1999-07-27,14.4331,14.6202,13.9139,14.1611,36469
1999-07-28,14.5425,15.406,14.4613,15.406,65376
1999-07-29,14.3545,14.6379,14.162,14.479,36517
1999-07-30,14.3227,14.4781,13.9493,14.4754,40238
1999-08-02,13.9307,14.3024,13.7903,14.2565,31056
1999-08-03,13.7003,13.9669,13.6138,13.9493,27047
1999-08-04,13.9404,14.0375,13.5255,13.6844,25088
1999-08-05,14.1603,14.6555,13.9669,14.0729,55870
1999-08-06,14.381,14.4437,13.9943,14.2318,40691
1999-08-09,15.1332,15.4501,14.426,14.4472,105786
1999-08-10,15.2471,15.3972,14.5717,14.8339,44283
1999-08-11,14.5222,15.1676,14.4437,14.9204,48529
1999-08-12,14.5222,14.8321,14.3907,14.6096,27968
1999-08-13,14.4278,14.5849,14.2335,14.5673,12943
1999-08-16,14.2203,14.7438,14.17,14.5319,43094
1999-08-17,14.3174,14.479,14.1453,14.3015,73273
1999-08-18,15.4634,15.4634,14.4613,14.4613,40570
1999-08-19,15.4395,16.386,15.3636,16.0505,31668
1999-08-20,15.7936,16.2138,15.3618,15.3618,22986
1999-08-23,15.8271,16.5625,15.7326,16.0328,34848
1999-08-24,15.9816,16.0681,15.7503,16.0319,30517
1999-08-25,15.8156,16.7215,15.5384,16.7215,10116
1999-08-26,15.8792,16.333,15.8386,16.333,5754
1999-08-27,16.0549,16.1547,15.8916,15.9622,17282
1999-08-30,16.1255,16.3153,16.0505,16.0681,8228
1999-08-31,16.2562,16.5978,15.9798,16.2006,15020
1999-09-01,15.9145,16.2624,15.5402,16.2624,8565
1999-09-02,15.6947,15.8386,15.3618,15.8386,8513
1999-09-03,15.5261,15.715,15.4148,15.715,5201
1999-09-06,15.6735,15.6973,15.5561,15.5737,2859
1999-09-07,15.6797,15.768,15.5561,15.715,11896
1999-09-08,15.5578,15.8916,15.5384,15.8033,4850
1999-09-09,15.8607,16.0937,15.6267,15.6267,11703
1999-09-10,15.828,16.0505,15.7344,16.0505,7562
1999-09-14,16.1732,16.333,15.76,15.76,26747
1999-09-15,16.6773,16.8609,16.1741,16.3286,36431
1999-09-16,16.4222,16.5978,16.2447,16.5978,11416
1999-09-17,17.7359,17.7359,16.28,16.28,47230
1999-09-20,18.1137,18.8933,17.7456,18.3459,30643
1999-09-21,18.3954,18.8924,18.0457,18.8924,18124
1999-09-22,18.3336,18.7167,17.9221,18.7167,9772
1999-09-23,19.8009,19.8009,18.2753,18.353,25463
1999-09-24,21.3856,21.3856,20.5707,21.1887,10797
1999-09-27,23.026,23.0966,22.5148,23.0781,13322
1999-09-28,21.247,22.2658,21.1887,22.2658,16935
1999-09-29,21.6337,22.4203,21.3653,21.7538,25316
1999-09-30,20.7526,22.0716,20.1293,21.7714,19958
1999-10-01,19.8715,20.2706,19.1237,20.1646,15010
1999-10-04,19.1599,19.8644,19.0134,19.4583,8347
1999-10-05,18.4713,19.2288,18.1181,19.1052,25664
1999-10-06,19.4274,19.9492,19.3347,19.3347,35817
1999-10-07,20.245,20.4825,19.8998,19.9474,19920
1999-10-08,20.4427,20.9239,20.2247,20.4295,19354
1999-10-11,19.5466,21.0122,18.9816,20.8356,14598
1999-10-12,19.4557,19.9174,18.3636,18.7167,27892
1999-10-13,19.1785,20.1284,18.8933,20.1117,22200
1999-10-14,18.7944,19.476,18.7167,19.476,17778
1999-10-15,18.1031,18.911,17.855,18.7344,15261
1999-10-18,18.1641,18.5402,16.6861,18.0281,24023
1999-10-20,19.0566,19.423,18.8933,18.8933,5638
1999-10-21,18.6858,19.2464,18.5402,19.2288,8988
1999-10-22,18.3751,18.6284,18.2753,18.2753,4745
1999-10-25,16.9492,18.2753,16.8945,18.2064,8096
1999-10-26,18.1058,18.2753,16.4213,16.7744,7568
1999-10-27,18.2091,19.0522,18.0855,18.6284,9155
1999-10-28,17.3474,18.2788,17.2159,18.0987,8915
1999-10-29,16.6914,17.6564,16.1582,16.951,9008
1999-11-01,15.4678,16.6861,15.3565,16.333,8823
1999-11-02,16.4893,16.6861,14.2309,14.8321,13359
1999-11-03,16.4098,16.5978,15.3618,16.5978,10080
1999-11-04,16.3674,16.5096,15.9798,16.1211,6026
1999-11-05,16.4213,16.4213,16.4213,16.4213,7000
1999-11-09,17.6811,17.7809,16.4213,16.8636,9214
1999-11-10,17.9619,18.1676,17.6573,17.6573,4997
1999-11-11,17.2141,18.0104,17.1276,18.0104,4289
1999-11-12,17.2706,17.3924,16.6517,16.7744,5669
1999-11-15,16.7612,17.3041,16.6861,17.1452,5917
1999-11-16,16.3445,16.7744,16.2668,16.5978,7742
1999-11-17,16.6243,17.2159,16.6243,16.6861,6224
1999-11-18,16.6499,16.6861,16.4213,16.5096,11675
1999-11-19,16.6235,16.951,16.5096,16.8115,1910
1999-11-22,16.4239,17.1099,16.333,17.0923,28657
1999-11-24,16.6429,16.8627,16.5193,16.5802,10249
1999-11-25,16.3913,16.7744,16.2447,16.7744,3087
1999-11-26,15.8871,16.4566,15.8033,16.4213,5846
1999-11-29,15.8562,16.2429,15.3618,16.0328,8951
1999-11-30,15.8598,16.1564,15.7326,16.0681,8276
1999-12-01,16.1714,16.333,15.9798,15.9798,2721
1999-12-02,16.0717,16.4213,15.979,16.1564,6364
1999-12-03,16.3983,16.6332,16.1741,16.2447,8927
1999-12-06,17.7103,17.7103,16.4566,16.7568,19998
1999-12-07,19.1273,19.1273,17.7694,17.9575,15737
1999-12-08,19.0098,20.6581,18.3989,19.6879,24522
1999-12-09,18.9604,19.1582,18.0104,18.8933,7160
1999-12-10,18.632,19.7762,18.33,19.2464,9412
1999-12-13,19.0045,19.7762,18.0104,19.1582,7574
1999-12-14,18.2356,18.7132,17.8339,18.5578,10765
1999-12-15,19.6949,19.6949,18.3812,18.5402,19327
1999-12-16,20.6484,21.2709,20.3942,20.9239,23969
1999-12-17,21.2717,21.8067,20.1293,20.5707,37125
1999-12-20,22.4565,22.8662,21.2064,22.054,35806
1999-12-21,22.2826,22.8662,22.1087,22.8309,18629
1999-12-22,21.6205,23.131,21.5419,22.054,22840
1999-12-23,20.8815,21.5419,20.3235,21.4536,4950
1999-12-24,19.8874,20.659,19.423,20.4825,6013
1999-12-27,19.8918,20.3059,19.2464,19.9527,10091
1999-12-28,19.4892,20.3244,19.1944,20.041,21944
1999-12-29,19.4292,19.8203,18.5402,18.5402,5527
1999-12-30,19.423,19.7585,18.9833,19.0875,12058
2000-01-03,20.9769,20.9769,20.9769,20.9769,264
2000-01-04,22.6552,22.6552,22.6552,22.6552,1277
2000-01-05,22.2455,23.8197,21.277,23.8197,19150
2000-01-06,24.0254,24.0254,22.3365,22.3365,21283
2000-01-07,25.9474,25.9474,24.0139,24.2788,16319
2000-01-10,25.2508,27.9868,24.9144,26.4859,19193
2000-01-11,25.2949,25.6031,23.8373,23.8373,17548
2000-01-12,27.1366,27.3158,25.1616,25.1616,23748
2000-01-13,26.6007,28.234,26.3976,27.3688,29052
2000-01-14,26.222,26.749,25.815,26.0798,7071
2000-01-17,25.8264,26.1328,25.0733,25.7796,17776
2000-01-18,25.6481,25.7796,24.8447,25.0733,6999
2000-01-19,25.8291,26.4859,25.6207,25.6207,19646
2000-01-20,26.8594,27.0598,25.5324,26.6978,37546
2000-01-21,28.7575,28.958,26.681,27.1039,52070
2000-01-24,29.5936,30.2822,28.2517,29.4877,39006
2000-01-25,27.6787,29.2228,27.4571,28.6931,21302
2000-01-27,27.1278,29.576,26.5566,29.1345,40375
2000-01-28,28.0142,28.392,26.4859,28.0751,26313
2000-01-31,26.5504,27.6672,26.3976,27.3688,17831
2000-02-01,26.1716,26.8214,26.0445,26.8214,15870
2000-02-02,26.3456,27.3688,26.3094,26.8391,11038
2000-02-03,26.0304,26.6272,25.9562,26.6095,6704
2000-02-04,26.2405,26.9274,24.7908,25.6039,16043
2000-02-07,25.2217,26.1328,24.8968,25.3559,16816
2000-02-08,23.8003,24.8977,23.6608,24.8968,23311
2000-02-09,22.3303,24.0139,22.1776,23.855,24094
2000-02-10,22.0363,22.513,21.277,22.3012,18313
2000-02-11,21.6187,22.0716,21.33,22.054,11105
2000-02-14,20.3191,21.4006,20.2176,21.4006,19662
2000-02-15,18.7114,20.6414,18.6938,20.6414,41740
2000-02-16,20.1911,20.2088,18.8933,18.8942,28835
2000-02-17,21.8067,21.8067,20.3059,20.4825,23751
2000-02-18,22.9059,23.5513,21.7538,23.5372,39493
2000-02-21,21.074,23.0428,21.074,22.9545,16350
2000-02-22,19.4442,20.8356,19.3886,20.659,24159
2000-02-23,19.3948,20.9998,19.0902,19.4936,16811
2000-02-24,18.8915,20.8356,18.7176,20.8356,11478
2000-02-25,18.2108,19.5987,17.8339,19.1758,8098
2000-02-28,17.8241,18.8933,17.7103,18.5384,12376
2000-02-29,17.2317,19.2509,16.4566,18.4695,28085
2000-03-01,17.1002,17.6573,16.0681,17.6573,18184
2000-03-02,17.1205,18.0987,16.333,17.8339,75213
2000-03-03,15.7512,16.5978,15.7512,16.333,12050
2000-03-06,14.4913,16.1388,14.4913,15.9975,7237
2000-03-07,13.4663,14.0905,13.3321,13.5961,19190
2000-03-08,13.3657,14.5443,13.2606,14.4613,31909
2000-03-09,13.1229,14.373,12.466,14.373,15035
2000-03-10,12.2957,12.9958,12.1835,12.6426,8823
2000-03-13,13.28,13.28,12.007,12.007,18467
2000-03-14,14.2653,14.343,12.3954,13.9493,31610
2000-03-15,15.4069,15.4069,14.5849,15.18,8259
2000-03-16,14.6909,16.5625,14.2318,16.5625,24577
2000-03-21,14.8127,15.5737,13.5961,15.1853,25180
2000-03-22,15.2621,15.6947,15.0087,15.3618,12217
2000-03-23,14.5805,15.4316,14.4083,15.1853,6543
2000-03-24,14.6149,14.8321,13.7224,13.9475,6870
2000-03-27,14.2053,15.0087,14.1611,14.4083,7949
2000-03-28,13.4036,13.9404,13.243,13.861,12482
2000-03-29,13.6173,14.0375,13.5961,13.9846,9496
2000-03-30,13.4195,13.7515,12.8192,13.3313,8011
2000-03-31,13.6403,13.8592,13.1017,13.2253,7474
2000-04-03,13.8159,14.7315,13.6138,14.4613,16534
2000-04-04,12.7106,13.4195,12.7106,13.084,11578
2000-04-05,12.7592,12.9781,11.9716,12.3778,10776
2000-04-06,11.7386,12.8898,11.7386,12.8015,8634
2000-04-07,12.6779,12.6779,11.7598,11.7598,15426
2000-04-10,13.1829,13.6844,12.9958,13.2253,26075
2000-04-11,13.145,13.5961,12.3601,12.9781,21451
2000-04-12,13.0443,13.8433,12.9604,13.8433,14326
2000-04-13,12.5155,12.8015,12.1835,12.8015,14147
2000-04-17,12.0228,12.1835,11.5655,12.007,9633
2000-04-18,11.9831,12.5367,11.8304,12.3778,12428
2000-04-19,11.8489,12.4996,11.1267,12.3601,13176
2000-04-20,11.5814,11.705,11.2477,11.336,9155
2000-04-24,11.464,11.9187,11.389,11.5744,7384
2000-04-25,10.9113,11.2124,10.6827,11.2124,12798
2000-04-26,11.6891,11.6891,11.0358,11.1064,25909
2000-04-27,11.6238,12.3424,11.4949,11.6538,17759
2000-04-28,11.5073,11.901,11.389,11.901,17554
2000-05-02,11.2115,11.5655,10.9484,11.5655,16581
2000-05-03,11.1056,11.3007,10.5944,10.9122,15722
2000-05-04,11.5152,11.901,11.3536,11.5655,15117
2000-05-05,11.6476,11.7421,11.5479,11.6185,15456
2000-05-08,11.9178,13.0461,11.7068,11.7068,30692
2000-05-09,12.0635,12.3601,11.4772,11.6538,10314
2000-05-10,12.7803,13.0293,11.5126,11.5126,29781
2000-05-11,12.4387,12.7645,12.1835,12.3601,19528
2000-05-12,11.9557,12.5367,11.8842,12.3866,13276
2000-05-15,12.2727,12.5367,11.4066,11.8304,17563
2000-05-16,12.8713,13.2536,11.9204,12.1659,23223
2000-05-17,12.5155,13.0487,12.466,13.0487,9136
2000-05-18,12.3274,13.0293,12.1835,12.3601,6320
2000-05-19,12.3539,12.4484,12.1835,12.2012,4936
2000-05-22,12.2603,12.3822,12.007,12.2718,4096
2000-05-23,11.7006,12.1932,11.4772,12.1924,8254
2000-05-24,11.8975,12.007,11.5655,11.705,3310
2000-05-25,11.8675,12.2895,11.6715,12.1297,4349
2000-05-26,12.2859,12.4978,11.7421,12.1288,8685
2000-05-29,12.7962,12.8889,12.3424,12.3424,15419
2000-05-30,12.9852,13.243,12.7486,12.7486,7587
2000-05-31,13.2721,13.6632,13.1547,13.3313,12070
2000-06-01,13.0152,13.1547,12.9075,13.1017,6931
2000-06-02,13.1459,13.2959,13.0143,13.2412,10795
2000-06-05,12.9216,13.7727,12.8015,13.5069,10519
2000-06-06,12.5958,13.137,12.5367,12.5543,7900
2000-06-07,12.6329,13.0487,12.5543,12.5543,7499
2000-06-08,12.7706,12.9322,12.7132,12.7132,5495
2000-06-09,12.5967,13.0443,12.5543,12.9604,5725
2000-06-12,12.5173,12.7132,12.5014,12.5367,2786
2000-06-13,12.203,12.6603,12.0952,12.6603,7138
2000-06-14,12.4237,12.5879,12.3619,12.4484,4246
2000-06-15,12.218,12.5367,12.1835,12.5367,1900
2000-06-16,12.1826,12.4272,12.0952,12.4131,7021
2000-06-19,12.308,12.3937,12.0449,12.1835,9669
2000-06-20,12.6876,12.9949,12.1853,12.3866,21673
2000-06-21,12.2736,13.3489,12.007,13.084,41072
2000-06-22,12.2082,12.5005,12.1306,12.3601,9513
2000-06-23,12.029,12.3601,11.9204,12.0608,11345
2000-06-26,11.8286,12.007,11.6538,11.6538,6060
2000-06-27,11.5267,11.954,11.3536,11.954,19841
2000-06-28,11.8648,11.9187,11.7244,11.8127,32222
2000-06-29,11.7483,12.007,11.6538,12.007,13551
2000-06-30,11.5805,11.811,11.5126,11.8039,14446
2000-07-03,11.6273,11.6891,11.4949,11.4949,7812
2000-07-04,11.6776,11.7774,11.4922,11.5655,18748
2000-07-05,11.9328,12.3407,11.7421,11.8127,16048
2000-07-06,11.886,12.1376,11.5143,12.007,7377
2000-07-07,11.7898,12.0723,11.5655,11.5832,7334
2000-07-10,11.6944,11.9187,11.5655,11.8127,5857
2000-07-11,11.6088,11.7942,11.5496,11.7421,10895
2000-07-12,11.9805,12.1659,11.6891,12.1659,10507
2000-07-13,12.6665,12.8368,11.7598,11.7598,35550
2000-07-14,13.3586,13.5255,12.4881,12.9763,55264
2000-07-17,14.1558,14.9222,13.1547,13.755,59346
2000-07-18,14.0852,14.3898,13.7727,14.3024,27350
2000-07-19,13.7206,14.7421,13.5961,14.2088,80403
2000-07-20,13.8875,14.1347,12.9781,13.5961,39948
2000-07-21,13.9784,14.456,13.8645,14.1249,38996
2000-07-24,13.4081,14.1258,13.2871,14.1258,47928
2000-07-25,12.3424,12.3424,12.3424,12.3424,11000
2000-07-26,13.9484,14.1258,13.7021,13.7021,40431
2000-07-27,13.9192,14.1965,13.6888,14.1064,18693
2000-07-28,14.5567,14.9151,14.0375,14.2671,89093
2000-07-31,14.735,15.0793,14.2671,14.6732,45962
2000-08-01,14.2636,14.7438,13.5864,14.3377,53428
2000-08-02,13.7144,14.3907,13.5961,14.1258,31510
2000-08-03,13.5988,14.0552,13.5078,13.5078,31855
2000-08-04,13.2527,13.755,13.1723,13.755,25591
2000-08-07,12.7892,13.4195,12.572,13.4195,12966
2000-08-08,12.6426,12.6426,12.6426,12.6426,12000
2000-08-09,12.911,13.0999,12.6603,12.8368,22261
2000-08-10,12.9216,13.1547,12.8545,13.0655,14656
2000-08-11,12.8351,12.9604,12.625,12.8033,10240
2000-08-14,12.6815,12.8104,12.5384,12.7998,13921
2000-08-16,12.8095,12.9958,12.7159,12.8881,13221
2000-08-17,12.6223,12.9428,12.572,12.8015,12281
2000-08-18,12.3716,12.7839,12.3292,12.6779,16728
2000-08-21,12.4351,12.655,12.1306,12.1306,14757
2000-08-22,12.3363,12.5173,12.3248,12.3601,21830
2000-08-23,12.3548,12.5367,12.3089,12.5367,23799
2000-08-24,12.3601,12.3645,12.2718,12.3601,6189
2000-08-25,12.3027,12.5367,12.1482,12.4484,13249
2000-08-28,12.3539,12.7839,12.1659,12.1659,34769
2000-08-29,12.2471,12.5367,12.1835,12.466,21774
2000-08-30,12.3557,12.5367,12.3248,12.4502,13809
2000-08-31,12.0317,12.4457,11.931,12.4457,28991
2000-09-04,12.2621,12.3601,12.1129,12.1835,16971
2000-09-05,12.1632,12.3071,12.105,12.3071,18645
2000-09-06,12.7883,12.8898,12.0599,12.4131,46010
2000-09-07,12.738,13.1017,12.6956,12.8545,32022
2000-09-08,12.6497,12.9604,12.5729,12.9604,25358
2000-09-11,12.5217,12.8722,12.4502,12.7132,18117
2000-09-12,12.2692,12.5367,12.1835,12.5367,24115
2000-09-13,12.4943,12.5896,12.3963,12.5896,15924
2000-09-14,12.5137,12.9781,12.4484,12.5543,44220
2000-09-15,12.1791,12.6779,12.1129,12.5896,30601
2000-09-18,11.931,12.1041,11.7862,12.0952,13682
2000-09-19,11.0649,12.007,10.9767,11.7421,39319
2000-09-20,11.3801,11.5655,11.1241,11.5655,28671
2000-09-21,11.1559,11.389,11.1241,11.389,17863
2000-09-22,10.7321,11.1417,10.7003,10.9493,24903
2000-09-25,10.891,11.4596,10.7709,10.9299,23638
2000-09-26,10.7136,11.0358,10.6659,11.0358,26770
2000-09-27,10.9387,11.0164,10.6827,10.8928,10553
2000-09-28,10.823,11.0164,10.8063,10.861,7734
2000-09-29,10.6456,10.9828,10.612,10.9828,20352
2000-10-03,10.703,10.7692,10.1547,10.5953,22135
2000-10-04,10.8875,10.9652,10.6827,10.6827,12900
2000-10-05,10.8804,11.1859,10.861,10.9758,21933
2000-10-06,10.6924,10.8592,10.612,10.8592,19360
2000-10-09,10.6994,10.7709,10.6571,10.7533,7683
2000-10-10,10.5335,10.7533,10.4884,10.7356,21092
2000-10-11,10.4708,10.9458,10.1732,10.5061,10977
2000-10-12,10.3092,10.4355,10.2068,10.2421,18479
2000-10-13,10.1229,10.3295,10.0647,10.3295,13169
2000-10-16,10.3931,10.5758,10.2421,10.3295,16496
2000-10-17,10.6968,11.1947,10.2765,10.2765,15888
2000-10-18,10.5908,11.0358,10.5414,10.5591,15782
2000-10-19,10.763,10.8027,10.5414,10.5944,12977
2000-10-20,10.8663,10.9122,10.7709,10.9122,9428
2000-10-23,10.7136,10.8945,10.612,10.8769,7760
2000-10-24,10.6853,10.7709,10.6482,10.7709,10493
2000-10-25,11.1444,11.5126,10.7356,10.7709,33322
2000-10-26,11.3086,11.4596,11.0358,11.2124,7094
2000-10-27,11.2336,11.9893,11.1417,11.9893,4814
2000-10-30,10.9555,11.2998,10.9307,11.0543,5958
2000-10-31,10.8636,10.9563,10.7709,10.7727,10260
2000-11-01,11.1506,11.2989,10.9475,10.9484,8859
2000-11-02,11.0826,11.208,11.0367,11.208,7921
2000-11-03,11.1956,11.4596,11.1241,11.1921,17092
2000-11-06,11.5028,11.7244,11.0535,11.0535,22590
2000-11-07,11.788,11.9178,11.479,11.5214,17320
2000-11-08,12.0476,12.5543,11.8878,11.9187,49404
2000-11-09,11.9761,12.2188,11.8498,11.9019,19285
2000-11-10,11.6247,11.9884,11.4772,11.9628,18751
2000-11-13,11.2177,11.4243,10.8063,11.4243,16749
2000-11-14,11.5187,11.7244,11.1417,11.1417,28309
2000-11-15,11.5187,11.901,11.4781,11.901,16961
2000-11-16,11.5152,11.6,11.4772,11.5655,6708
2000-11-17,11.4878,11.5814,11.215,11.336,9808
2000-11-20,11.6282,11.6538,11.3978,11.4772,11901
2000-11-21,12.1155,12.1835,11.4243,11.4243,34924
2000-11-22,11.9452,12.4457,11.9204,12.2542,32127
2000-11-23,11.6944,12.1482,11.5655,11.9098,27299
2000-11-24,11.7368,11.871,11.6891,11.7774,14564
2000-11-27,11.9125,11.954,11.6909,11.8127,25014
2000-11-28,12.0167,12.2171,11.8525,11.9681,42738
2000-11-29,12.0167,12.2583,11.475,11.475,714247
2000-11-30,12.0917,12.3167,11.9833,12.1583,302365
2000-12-01,11.8833,12.0333,11.7917,12.0083,151461
2000-12-04,12.1833,12.2417,11.8833,12,295948
2000-12-05,12.3167,12.375,12.125,12.25,245838
2000-12-06,12.4167,12.6667,12.3417,12.5583,314233
2000-12-07,12.2917,12.575,12.1833,12.4333,127772
2000-12-08,12.2917,12.4583,12.25,12.3417,106995
2000-12-11,12.2,12.45,12.0833,12.3333,196525
2000-12-12,12.2583,12.4,12.125,12.3167,326437
2000-12-13,12.2917,12.65,12.2083,12.4167,358821
2000-12-14,12.1667,12.5,12.1083,12.4667,251685
2000-12-15,11.5917,12.1667,11.5167,12.1667,285216
2000-12-18,11.5167,11.65,11.2167,11.2167,161434
2000-12-19,11.4333,11.9083,11.3833,11.4167,375815
2000-12-20,11.4583,11.6417,11.3167,11.3333,275471
2000-12-21,11.2,11.4167,11,11.4083,106666
2000-12-22,10.5583,11.4667,10.4083,11.2917,178446
2000-12-26,10.35,10.8333,10.2833,10.775,206549
2000-12-27,10.7,10.9,10.4583,10.575,119527
2000-12-28,11.3833,11.4833,10.7583,10.7833,249536
2000-12-29,11.3083,11.5,11.0833,11.4917,185197
2001-01-01,11.3083,11.5,11.2583,11.3833,128082
2001-01-02,11.1917,11.4,11.0833,11.2333,165168
2001-01-03,11.4667,11.5833,11.1333,11.3,172350
2001-01-04,11.4667,11.825,11.375,11.6667,260062
2001-01-05,11.4083,11.6167,11.3583,11.5,117257
2001-01-08,11.3917,11.5333,11.2667,11.4583,130064
2001-01-09,11.225,11.5,11.1667,11.4,144215
2001-01-10,11.175,11.5,11.1667,11.4667,73176
2001-01-11,11.2083,11.5,11.1667,11.3333,74774
2001-01-12,11.05,11.4,10.8917,11.275,152792
2001-01-15,11.0333,11.1333,10.975,11.1333,48213
2001-01-16,10.8417,11.0833,10.775,11.0833,127634
2001-01-17,10.9667,11.1333,10.9167,11.1333,58196
2001-01-18,10.9917,11.05,10.9167,10.9167,40622
2001-01-19,10.775,11.0667,10.6833,11.0667,176562
2001-01-22,11.0583,11.1667,10.75,10.95,131109
2001-01-23,11.0083,11.15,10.9583,11.15,160394
2001-01-24,10.9667,11.2333,10.925,11.1667,182684
2001-01-25,10.9583,11.125,10.8333,11,167971
2001-01-29,10.925,11.0833,10.6833,10.85,175928
2001-01-30,10.7583,11,10.6833,10.875,185831
2001-01-31,11.0667,11.3,10.8333,11.125,280765
2001-02-01,10.95,11.1833,10.8583,11.125,103693
2001-02-02,10.875,11.05,10.8417,11.0333,117186
2001-02-05,10.8583,10.9667,10.7583,10.875,88293
2001-02-06,11.45,11.6,10.85,10.85,331506
2001-02-07,11.875,12.3167,11.7833,11.825,867524
2001-02-08,12.2417,12.3333,11.6667,11.7833,448102
2001-02-09,12.6583,13.0167,12.1917,12.3333,1084026
2001-02-12,12.925,13.1667,12.5167,12.7833,845582
2001-02-13,12.5333,13.0333,12.4333,13.0167,416336
2001-02-14,12.35,12.6833,12.1667,12.6333,225296
2001-02-15,12.4917,12.6667,12.3417,12.4583,202387
2001-02-16,11.6667,12.6,11.5167,12.6,408196
2001-02-19,11.8583,11.9167,11.5083,11.6667,176866
2001-02-20,11.75,11.9833,11.6833,11.85,336447
2001-02-21,11.7417,11.95,11.6667,11.825,172327
2001-02-22,11.7583,11.8667,11.1833,11.4333,255820
2001-02-23,11.4417,12.0833,11.2667,11.875,563549
2001-02-26,11.3333,11.4667,10.6083,11.4667,428311
2001-02-27,11.325,11.4917,11.0833,11.3917,339296
2001-02-28,11.725,12.0417,11,11.45,312416
2001-03-01,12.275,13.3667,11.9667,12,969255
2001-03-02,11.8333,12.825,11.75,12.8167,379651
2001-03-05,12.1083,12.2083,11.3417,11.9167,516159
2001-03-07,12.0083,12.5,11.1417,12.4833,441234
2001-03-08,11.85,12.1667,11.4417,11.8667,169641
2001-03-09,11.6167,12.1333,11.0417,11.5167,232104
2001-03-12,11.3167,11.8,11.3,11.35,194273
2001-03-13,10.275,11,9.69167,11,264014
2001-03-14,10.9333,11.0833,10.225,10.225,148081
2001-03-15,10.875,10.975,10.4333,10.4417,150579
2001-03-16,10.65,10.8333,10.5,10.8333,156036
2001-03-19,10.9,11,10.6167,10.8167,97237
2001-03-20,10.6333,10.9917,10.5833,10.9917,152576
2001-03-21,10.675,10.75,10.5,10.7417,58289
2001-03-22,10.6083,10.8167,10.5667,10.7667,53801
2001-03-23,10.5583,10.7417,10.35,10.7417,55306
2001-03-26,10.5167,10.7333,10.5,10.525,48471
2001-03-27,10.4667,10.675,10.4167,10.45,100536
2001-03-28,10.9583,11.0667,10.6333,10.8083,193976
2001-03-29,10.5833,11,10.5,11,76964
2001-03-30,10.1667,10.5833,10.125,10.575,85420
2001-04-02,10.05,10.1667,9.35833,9.75,113262
2001-04-03,10.35,10.6667,10,10.1583,203045
2001-04-04,10.075,10.2,10.0417,10.2,100512
2001-04-06,10.35,10.4833,10.0083,10.25,132291
2001-04-09,10.2,10.5167,10.05,10.325,130528
2001-04-10,10.175,10.3167,10.1,10.1667,54844
2001-04-11,10.0083,10.2667,9.98333,10.175,39634
2001-04-12,9.925,10.2917,9.375,10,111089
2001-04-16,10.1083,10.1667,9.66667,9.66667,49311
2001-04-17,10.0917,10.2333,10.0417,10.2333,45388
2001-04-18,10.425,10.475,10.1083,10.2667,94063
2001-04-19,10.7083,11,10.25,10.6667,178310
2001-04-20,10.3417,10.7917,10.3,10.7833,83595
2001-04-23,10.3583,10.4167,10.175,10.1833,49602
2001-04-24,10.4917,10.5833,10.25,10.3167,63096
2001-04-25,10.9083,11.1667,10.5833,10.6667,153252
2001-04-26,11.3833,11.6667,10.9417,11,90725
2001-04-27,11.3083,11.4917,10.5,11.0083,129788
2001-04-30,11.55,11.7417,11,11.3333,82919
2001-05-02,11.6667,11.8917,11.5,11.6667,149313
2001-05-03,11.6583,11.75,11.5083,11.6667,87366
2001-05-04,11.75,11.8333,11.5,11.5583,59161
2001-05-07,11.55,11.925,11.5167,11.9167,21454
2001-05-08,11.4833,11.65,11.4167,11.65,31414
2001-05-09,11.2583,11.8333,11.1667,11.8333,29335
2001-05-10,11.4833,11.5,11.1667,11.3333,21345
2001-05-11,11.4667,11.5,11.25,11.2833,22879
2001-05-14,11.5917,11.625,11.2417,11.2417,60393
2001-05-15,11.4167,11.4833,10.7,11.175,33615
2001-05-16,11.5833,12,11.3667,11.5583,89082
2001-05-17,11.6417,11.775,11.45,11.6167,77770
2001-05-18,11.6583,11.8167,11.5,11.7,92801
2001-05-21,12.3667,13,11.9,11.9,294728
2001-05-22,12.2083,12.5667,12.1,12.5667,137459
2001-05-23,12.0583,12.3167,11.9167,12.3083,67020
2001-05-24,12.175,12.2083,12,12.125,68376
2001-05-25,12.175,12.2417,12.0833,12.0833,86229
2001-05-28,12.1,12.4833,12.025,12.2333,43457
2001-05-29,11.7,12.15,11.5917,12.0833,131905
2001-05-30,12.5,12.5,12.5,12.5,50000
2001-05-31,12.3583,12.3917,11.9167,12.15,123365
2001-06-01,12.075,12.6333,12.025,12.3917,180336
2001-06-04,11.9333,12.3167,11.8333,12.3,71510
2001-06-05,11.525,12.0333,11.3417,11.8833,94503
2001-06-06,11.5333,11.825,11.5,11.6667,37996
2001-06-07,11.2417,11.6167,11.0833,11.6167,35097
2001-06-08,11.1333,11.4583,11.05,11.4583,54814
2001-06-11,11.3083,11.375,11.0833,11.0833,97385
2001-06-12,11.0583,11.4833,10.925,11.4833,60860
2001-06-13,11.1333,11.3083,11.0917,11.15,64210
2001-06-14,11.1083,11.225,10.9583,11.225,67127
2001-06-15,10.975,11.0667,10.8333,11.0417,40801
2001-06-18,10.85,11.05,10.7583,10.9833,45890
2001-06-19,10.7833,10.925,10.6917,10.8667,51864
2001-06-20,10.6,10.8917,10.5833,10.8333,58410
2001-06-21,10.6333,10.6667,10,10,27374
2001-06-22,10.1917,10.8333,10.1,10.75,49685
2001-06-25,10.1333,10.25,9.88333,10.0333,35621
2001-06-26,10.0833,10.1667,9.95,10.0167,199592
2001-06-27,10.4833,10.825,10.0417,10.175,35447
2001-06-28,10.4167,10.7083,10.2917,10.5917,69430
2001-06-29,10.35,10.6167,10.2667,10.6167,136100
2001-07-02,10.275,10.575,10.1833,10.475,20754
2001-07-03,10.2917,10.5417,10.2,10.3167,65370
2001-07-04,10.1833,10.475,10.125,10.475,13602
2001-07-05,10.325,10.4917,10.175,10.4917,12480
2001-07-06,10.2667,10.45,10.0917,10.45,8415
2001-07-09,10.225,10.4833,10.1,10.4833,8494
2001-07-10,10.1667,10.4083,10.1167,10.1667,18749
2001-07-11,10.1,10.3167,10.0333,10.25,19166
2001-07-12,9.96667,10.1833,9.91667,10.0833,95371
2001-07-13,9.86667,10.4083,9.83333,10.4083,51409
2001-07-16,9.99167,10.1167,9.89167,10,218675
2001-07-17,10.0583,10.0833,9.96667,10.075,12275
2001-07-18,10.0833,10.125,10.0583,10.1167,52164
2001-07-19,10.1917,10.25,10.05,10.1667,19840
2001-07-20,10.1583,10.4167,10.025,10.4167,27365
2001-07-23,10.2667,10.5,10.1583,10.5,10508
2001-07-24,10.125,10.25,10.0167,10.2167,16906
2001-07-25,9.99167,10.1417,9.93333,10.1417,16905
2001-07-26,9.93333,10.5,9.78333,10.25,76914
2001-07-27,9.98333,10.2917,9.93333,10.2833,52031
2001-07-30,9.90833,10,9.84167,9.94167,16233
2001-07-31,9.875,10.1667,9.78333,10.1667,19723
2001-08-01,9.8,9.99167,9.45,9.68333,13647
2001-08-02,9.80833,10.1417,9.76667,10.1333,10971
2001-08-03,9.825,9.84167,9.75833,9.75833,12410
2001-08-06,9.6,10,9.54167,9.98333,35868
2001-08-07,9.44167,9.78333,9.39167,9.78333,32441
2001-08-08,9.46667,9.65,9.41667,9.65,11440
2001-08-09,9.21667,9.5,9.16667,9.5,19483
2001-08-10,9.00833,9.33333,8.98333,9.25,52874
2001-08-13,8.99167,9.09167,8.95833,9.01667,19219
2001-08-14,8.975,9.15,8.925,9.15,19741
2001-08-16,8.76667,9,8.73333,9,28318
2001-08-17,9.03333,9.13333,8.675,8.9,35409
2001-08-20,9.19167,9.49167,9.09167,9.31667,73028
2001-08-21,9.15833,9.33333,9.125,9.16667,48341
2001-08-23,9.16667,9.23333,9.04167,9.15,145729
2001-08-24,9.18333,9.28333,9.13333,9.275,51712
2001-08-27,9.35,9.46667,9.20833,9.25,89587
2001-08-28,9.35833,9.46667,9.33333,9.41667,83947
2001-08-29,9.33333,9.45833,9.26667,9.45833,128127
2001-08-30,9.45833,10.1667,9.33333,9.45833,339932
2001-08-31,9.35,9.65833,9.29167,9.48333,74346
2001-09-03,9.06667,9.575,9,9.575,91976
2001-09-04,9.28333,9.48333,9.125,9.48333,96739
2001-09-05,9.30833,9.4,9.20833,9.25,52642
2001-09-06,9.54167,9.83333,9.25,9.33333,114388
2001-09-07,9.475,9.81667,9.31667,9.81667,62297
2001-09-10,10.1417,10.5583,9.425,9.425,900003
2001-09-11,10.4417,10.5833,10.1667,10.1667,274975
2001-09-12,9.86667,10.25,9.50833,10,176360
2001-09-13,9.96667,10.1333,9.84167,9.925,78648
2001-09-14,9.59167,9.83333,9.475,9.83333,96362
2001-09-17,9.05,9.825,9,9.58333,91582
2001-09-18,9.13333,9.475,9,9.475,128283
2001-09-19,9.5,9.575,9.125,9.33333,82490
2001-09-20,9.45,9.66667,9.28333,9.66667,79056
2001-09-21,9.275,9.53333,9.19167,9.26667,92737
2001-09-24,9.51667,9.625,9.25,9.25,38106
2001-09-25,9.61667,9.75,9.375,9.45,59056
2001-09-26,9.65,9.68333,9.45,9.45,48031
2001-09-27,9.825,9.91667,9.375,9.5,65624
2001-09-28,9.65833,10.0583,9.53333,9.875,58117
2001-10-01,9.78333,9.83333,9.66667,9.66667,28262
2001-10-03,9.65833,9.83333,9.50833,9.50833,33563
2001-10-04,9.725,9.80833,9.6,9.70833,51968
2001-10-05,9.8,9.86667,9.6,9.65,74321
2001-10-08,9.45833,9.65833,9,9.16667,86518
2001-10-09,9.49167,9.61667,9.41667,9.41667,119066
2001-10-10,9.53333,9.625,9.5,9.56667,74869
2001-10-11,9.53333,9.83333,9.33333,9.83333,81764
2001-10-12,9.21667,9.66667,9.10833,9.66667,214249
2001-10-15,9.325,9.38333,9.25,9.38333,43038
2001-10-16,9.45,9.5,9.33333,9.38333,73237
2001-10-17,9.64167,9.66667,9.4,9.625,73712
2001-10-18,9.73333,9.80833,9.5,9.575,45584
2001-10-19,9.725,9.875,9.58333,9.825,42898
2001-10-22,9.93333,9.96667,9.675,9.8,34463
2001-10-23,9.98333,10.0667,9.75833,10,43047
2001-10-24,10.0083,10.4083,9.85,10.1667,46328
2001-10-25,10.0333,10.2167,9.875,10.0083,34895
2001-10-29,9.94167,10.425,9.76667,10.425,45317
2001-10-30,9.875,9.98333,9.59167,9.85,61485
2001-10-31,9.85,9.98333,9.71667,9.90833,26585
2001-11-01,10.0167,10.0833,9.76667,9.98333,110162
2001-11-02,9.99167,10.1167,9.86667,9.86667,47469
2001-11-05,10.2833,10.4167,10.075,10.075,54220
2001-11-06,10.7167,10.8,10.3917,10.3917,130150
2001-11-07,10.575,11,10.5,10.9167,104039
2001-11-08,10.8333,10.9167,10.5,10.8167,93971
2001-11-09,10.8333,11.4167,10.75,10.9167,64729
2001-11-12,11.0667,11.3333,10.5,11.0333,101215
2001-11-13,10.9833,11.1417,10.8167,10.9167,58533
2001-11-14,11.1583,11.2417,11,11.1167,17534
2001-11-15,11.0583,11.225,10.9167,11.1667,43767
2001-11-19,11.1417,11.3333,11.0833,11.3333,164220
2001-11-20,10.6167,11.3333,10.5,11.125,251297
2001-11-21,10.9417,11.25,10.8333,10.8333,522826
2001-11-22,11.3167,11.625,11,11.125,814521
2001-11-23,11.3333,11.6167,11.225,11.475,385370
2001-11-26,11.3417,11.4917,11.2167,11.4917,182397
2001-11-27,11.375,11.65,11.1,11.4833,589870
2001-11-28,11.4083,12.0417,11.3167,11.4167,1514406
2001-11-29,11.2417,11.6333,11.0833,11.4083,595946
2001-12-03,11.1917,11.3333,10.775,11.1667,909501
2001-12-04,12.3167,12.3167,11.3167,11.3167,794573
2001-12-05,12.3417,12.9833,12.1917,12.9667,757413
2001-12-06,11.7583,12.6667,11.6667,12.6667,261770
2001-12-07,11.3917,11.9167,11.25,11.6667,252451
2001-12-10,11.9167,12.4917,11.375,12.4917,353818
2001-12-11,11.8667,12.3333,11.8,12.1333,182450
2001-12-12,11.75,12.0833,11.6833,11.8333,98368
2001-12-13,11.575,11.825,10.8333,11.75,280214
2001-12-14,11.6083,11.6667,11.4,11.6667,104231
2001-12-18,11.4917,11.8,11.1833,11.6833,104547
2001-12-19,11.3667,11.5333,11.1833,11.3333,177188
2001-12-20,11.3833,11.4417,10.925,11.1667,105623
2001-12-21,11.2833,11.3833,11.0417,11.3833,109397
2001-12-24,11.325,11.5833,10.8333,10.9833,88273
2001-12-26,11.1667,11.4167,11.1417,11.175,84888
2001-12-27,10.8417,11.2083,10.6667,11.15,56299
2001-12-28,10.8167,10.9583,10.5167,10.7083,62097
2001-12-31,11.3583,11.4167,11,11.15,79574
2002-01-01,11.25,11.5583,11.05,11.3333,83523
2002-01-02,11.4667,11.5583,11.125,11.125,51961
2002-01-03,11.5083,11.6417,11.35,11.5083,37937
2002-01-04,11.4667,11.6583,11.3667,11.5833,103897
2002-01-07,11.325,11.625,11.2833,11.4333,140042
2002-01-08,11.0833,11.6583,10.8667,11.6583,62208
2002-01-09,11.1583,11.5667,10.9417,11.3333,152627
2002-01-10,11.2083,11.3833,11.1333,11.3167,91746
2002-01-11,11.2167,11.3083,11.1167,11.1333,78245
2002-01-14,11.3333,11.5,11.2,11.5,46718
2002-01-15,11.3333,11.4417,11.2917,11.4083,146608
2002-01-16,11.05,11.5,11,11.3333,33922
2002-01-17,11.0583,11.2333,10.9833,11.1667,75602
2002-01-18,10.975,11.3333,10.175,11.25,157334
2002-01-21,10.8833,11.25,10.825,11.15,54189
2002-01-22,10.8583,11.1417,10.8167,11,42781
2002-01-23,10.825,10.95,10.75,10.9167,31069
2002-01-24,10.7833,10.9167,10.3333,10.3333,86543
2002-01-25,10.8167,10.9167,10.7167,10.9167,47911
2002-01-28,10.825,10.8333,10.7583,10.8333,19535
2002-01-29,10.6917,10.95,10.6667,10.95,39023
2002-01-30,10.8,10.825,10.65,10.8,23125
2002-01-31,10.75,10.8333,10.675,10.6917,11012
2002-02-01,10.875,10.95,10.6583,10.7333,31010
2002-02-04,10.6333,11.0333,10.5833,10.9167,27665
2002-02-05,10.525,10.65,10.5,10.6167,24584
2002-02-06,10.2583,10.775,9.48333,10.5,312957
2002-02-07,10.1417,10.65,10.0167,10.5,115896
2002-02-08,10.15,10.4,10.1333,10.3333,158437
2002-02-11,10.3167,10.6667,10.175,10.5833,140576
2002-02-12,10.6667,10.75,10.3333,10.4167,94115
2002-02-13,10.5917,10.8,10.5,10.75,79653
2002-02-14,10.5583,10.75,10.5,10.5417,29672
2002-02-15,10.625,10.7167,10.5417,10.6667,22971
2002-02-18,10.5333,10.75,10.3833,10.6667,134194
2002-02-19,10.525,10.6,10.3833,10.6,80653
2002-02-20,10.425,10.5167,10.3083,10.3917,100762
2002-02-21,10.4917,11,10.3667,11,76593
2002-02-22,10.4833,10.6667,10.375,10.6667,28492
2002-02-25,10.4083,10.625,10.3667,10.625,84652
2002-02-26,10.5083,10.5667,10.4167,10.4333,81631
2002-02-27,10.4333,10.6667,10.3333,10.5,110051
2002-02-28,10.0083,10.5667,9.83333,10.4917,129936
2002-03-01,10.0167,10.2417,9.975,10.0167,71300
2002-03-04,10.475,10.8167,10.3333,10.8167,63511
2002-03-05,10.6,11.5,10.55,11.0417,268949
2002-03-06,10.625,10.8167,10.5417,10.75,171735
2002-03-07,10.2417,10.6167,10.0667,10.4583,307658
2002-03-08,10.0083,10.3333,9.95833,10.3333,303653
2002-03-11,9.99167,10.1583,9.925,10.0333,178121
2002-03-12,9.89167,10,9.83333,9.84167,26611
2002-03-13,10.05,10.1,9.85833,9.85833,274146
2002-03-14,9.79167,10.1417,9.75,10.0833,119533
2002-03-15,9.675,9.99167,9.59167,9.99167,120258
2002-03-18,9.81667,10,9.775,9.98333,123590
2002-03-19,9.58333,9.95,9.51667,9.91667,92412
2002-03-20,9.5,9.75,9.48333,9.66667,158879
2002-03-21,9.39167,9.65833,9.31667,9.64167,127881
2002-03-22,9.21667,9.54167,8.9,9.33333,156539
2002-03-26,9.26667,9.49167,9.16667,9.49167,154514
2002-03-27,9.25833,9.475,9.2,9.46667,111304
2002-03-28,9.24167,9.33333,9.16667,9.33333,126635
2002-04-01,9.3,9.41667,9.24167,9.31667,55169
2002-04-02,9.29167,9.40833,9.225,9.33333,57174
2002-04-03,9.08333,9.375,9.01667,9.375,102484
2002-04-04,9.10833,9.31667,9,9,119888
2002-04-05,9.975,10.025,9.24167,9.25,525652
2002-04-08,9.725,10.2417,9.55,10.05,286633
2002-04-09,9.68333,9.80833,9.58333,9.73333,81264
2002-04-10,9.6,9.85,9.5,9.73333,169829
2002-04-11,9.68333,9.75,9.50833,9.66667,31792
2002-04-12,9.73333,9.98333,9.58333,9.98333,81207
2002-04-15,9.65,9.91667,9.64167,9.90833,53412
2002-04-16,9.625,9.83333,9.55,9.78333,146505
2002-04-17,9.65833,9.74167,9.53333,9.53333,36093
2002-04-18,9.63333,9.70833,9.6,9.70833,27368
2002-04-19,9.71667,9.81667,9.63333,9.74167,70583
2002-04-22,9.725,9.81667,9.58333,9.58333,43130
2002-04-23,9.65833,9.74167,9.64167,9.675,19091
2002-04-24,9.65833,9.71667,9.6,9.625,37269
2002-04-25,9.45,9.73333,9.38333,9.63333,35527
2002-04-26,9.5,9.625,9.35833,9.41667,12175
2002-04-29,9.50833,9.58333,9.35,9.49167,23439
2002-04-30,9.59167,9.66667,9.375,9.66667,30573
2002-05-02,9.61667,9.66667,9.5,9.66667,74139
2002-05-03,9.625,9.66667,9.56667,9.66667,96422
2002-05-06,9.475,9.575,9.41667,9.56667,157927
2002-05-07,9.46667,9.61667,9.44167,9.61667,134608
2002-05-08,9.45,9.54167,9.41667,9.5,148751
2002-05-09,9.46667,9.53333,9.41667,9.48333,88347
2002-05-10,9.41667,9.5,9.375,9.5,40682
2002-05-13,9.49167,9.54167,9.45833,9.5,88040
2002-05-14,9.475,9.63333,9.41667,9.63333,151447
2002-05-15,9.375,9.58333,9.33333,9.5,58763
2002-05-16,9.35833,9.49167,9.33333,9.49167,39257
2002-05-17,9.30833,9.46667,9.25,9.46667,59327
2002-05-20,9.20833,9.33333,9.025,9.25,72159
2002-05-21,9.08333,9.4,8.33333,8.33333,99683
2002-05-22,8.81667,9.00833,8.70833,8.70833,80023
2002-05-23,8.825,8.98333,8.70833,8.70833,21063
2002-05-24,9.1,9.16667,8.83333,8.95833,50973
2002-05-27,8.79167,9.25,8.75,9.25,130582
2002-05-28,8.73333,9.05833,8.70833,8.775,91628
2002-05-29,8.725,9.15833,8.63333,8.96667,82613
2002-05-30,8.625,8.83333,8.6,8.75,49218
2002-05-31,8.6,8.73333,8.51667,8.73333,45426
2002-06-03,8.65,8.75,8.59167,8.59167,50127
2002-06-04,8.55,8.71667,8.50833,8.71667,126092
2002-06-05,8.64167,8.75,8.6,8.65833,99057
2002-06-06,8.59167,8.75,8.56667,8.74167,97959
2002-06-07,8.58333,8.675,8.55833,8.66667,55549
2002-06-10,8.75833,8.83333,8.63333,8.70833,84195
2002-06-11,8.91667,9.08333,8.83333,8.84167,185932
2002-06-12,8.625,8.78333,8.50833,8.675,199603
2002-06-13,8.58333,8.75,8.55,8.66667,130911
2002-06-14,8.65,8.70833,8.5,8.58333,128089
2002-06-17,8.79167,8.85,8.66667,8.85,132949
2002-06-18,9.03333,9.28333,8.83333,8.83333,352503
2002-06-19,8.83333,9.15,8.79167,9.08333,127675
2002-06-20,8.825,8.96667,8.75,8.875,98020
2002-06-21,8.78333,8.83333,8.70833,8.83333,48705
2002-06-24,8.69167,8.83333,8.63333,8.66667,87960
2002-06-25,8.61667,8.75,8.55833,8.74167,168894
2002-06-26,8.61667,8.81667,8.55833,8.7,60055
2002-06-27,8.58333,8.66667,8.5,8.575,142053
2002-06-28,8.525,8.625,8.5,8.5,192697
2002-07-01,8.58333,8.675,8.53333,8.60833,388540
2002-07-02,8.58333,8.61667,8.525,8.575,154212
2002-07-03,8.58333,8.64167,8.54167,8.58333,217344
2002-07-04,8.55833,8.66667,8.54167,8.65833,264867
2002-07-05,8.81667,9,8.56667,8.63333,523286
2002-07-08,9.2,9.43333,9,9.25,533165
2002-07-09,8.98333,9.325,8.93333,9.325,204569
2002-07-10,8.90833,9.33333,8.81667,9.11667,343932
2002-07-11,8.81667,8.95,8.79167,8.95,138835
2002-07-12,8.78333,9,8.73333,9,121984
2002-07-15,8.625,8.81667,8.6,8.81667,74537
2002-07-16,8.55833,8.66667,8.53333,8.66667,93985
2002-07-17,8.40833,8.575,8.38333,8.54167,238332
2002-07-18,8.49167,8.54167,8.41667,8.51667,107910
2002-07-19,8.46667,8.56667,8.41667,8.56667,100041
2002-07-22,8.09167,8.5,8.01667,8.5,214029
2002-07-23,7.99167,8.33333,7.81667,8.09167,151591
2002-07-24,7.95833,8.04167,7.84167,7.95833,142761
2002-07-25,8.13333,8.275,8.03333,8.03333,91006
2002-07-26,7.96667,8.15833,7.86667,8.05,131566
2002-07-29,7.76667,8.20833,7.65833,8.05833,83844
2002-07-30,7.66667,8.08333,7.60833,7.83333,88920
2002-07-31,7.74167,7.83333,7.525,7.83333,132342
2002-08-01,7.95,8.04167,7.68333,7.75833,100682
2002-08-02,7.975,8.04167,7.66667,7.66667,50766
2002-08-05,8.13333,8.48333,7.95833,8.08333,76299
2002-08-06,8.11667,8.16667,8.00833,8.03333,56503
2002-08-07,8.175,8.25,8.05,8.175,76187
2002-08-08,7.80833,8.15,7.71667,8.1,132426
2002-08-09,8.05833,8.08333,7.79167,7.875,44069
2002-08-12,8.00833,8.125,7.94167,8.08333,28799
2002-08-13,8.175,8.3,7.94167,7.98333,63714
2002-08-14,8.09167,8.16667,8,8,39788
2002-08-16,8.10833,8.16667,8.01667,8.06667,42689
2002-08-19,8.08333,8.25,8.03333,8.25,25841
2002-08-20,8.06667,8.15,8.01667,8.15,35972
2002-08-21,8.06667,8.125,8.00833,8.025,42200
2002-08-22,8.025,8.1,8,8.1,34055
2002-08-23,8.10833,8.16667,7.975,8.00833,37500
2002-08-26,8.1,8.20833,8.00833,8.20833,40161
2002-08-27,7.98333,8.1,7.95,8.075,80311
2002-08-28,7.99167,8.08333,7.86667,8.08333,40294
2002-08-29,8,8.075,7.86667,7.86667,28041
2002-08-30,7.96667,8.08333,7.93333,8.08333,21407
2002-09-02,8.05833,8.10833,7.98333,8.08333,54295
2002-09-03,8.03333,8.08333,7.975,8.08333,29148
2002-09-04,8.025,8.06667,7.875,7.875,16284
2002-09-05,8.025,8.98333,8,8.18333,32085
2002-09-06,7.99167,8.125,7.98333,8.08333,76557
2002-09-09,7.91667,8.04167,7.88333,8.04167,23519
2002-09-11,7.89167,8,7.86667,8,24915
2002-09-12,7.89167,8.16667,7.875,8.16667,19334
2002-09-13,7.81667,7.95,7.79167,7.91667,46941
2002-09-16,7.88333,7.99167,7.78333,7.91667,86872
2002-09-17,7.8,8.16667,7.79167,8.16667,55899
2002-09-18,7.725,7.90833,7.7,7.90833,61391
2002-09-19,7.6,7.75,7.53333,7.75,65028
2002-09-20,7.56667,7.66667,7.41667,7.66667,65617
2002-09-23,7.65833,7.7,7.55,7.66667,28917
2002-09-24,7.74167,7.825,7.55,7.66667,32006
2002-09-25,7.7,7.825,7.55833,7.55833,23354
2002-09-26,7.75833,7.81667,7.68333,7.76667,14756
2002-09-27,7.75,7.8,7.725,7.725,34563
2002-09-30,7.61667,7.83333,7.59167,7.81667,28295
2002-10-01,7.59167,7.65,7.54167,7.61667,19664
2002-10-03,7.68333,7.75,7.575,7.58333,32842
2002-10-04,7.7,7.78333,7.625,7.78333,24236
2002-10-07,7.59167,7.74167,7.58333,7.66667,38910
2002-10-08,7.55,7.74167,7.525,7.59167,30923
2002-10-09,7.55833,7.60833,7.50833,7.50833,35189
2002-10-10,7.525,7.58333,7.5,7.51667,18108
2002-10-11,7.525,7.6,7.5,7.51667,20088
2002-10-14,7.53333,7.8,7.51667,7.8,16233
2002-10-16,7.525,7.66667,7.5,7.55,15566
2002-10-17,7.525,7.56667,7.45833,7.50833,37366
2002-10-18,7.51667,7.56667,7.5,7.525,38780
2002-10-21,7.53333,7.61667,7.5,7.53333,27994
2002-10-22,7.525,7.56667,7.48333,7.56667,25120
2002-10-23,7.50833,7.55,7.48333,7.5,36921
2002-10-24,7.50833,7.56667,7.475,7.475,35499
2002-10-25,7.50833,7.575,7.46667,7.5,56589
2002-10-28,7.525,7.575,7.44167,7.575,45783
2002-10-29,7.48333,7.54167,7.475,7.50833,32102
2002-10-30,7.45,7.49167,7.3,7.425,79049
2002-10-31,7.34167,7.66667,7.33333,7.55,85429
2002-11-01,7.43333,7.56667,7.38333,7.41667,42337
2002-11-04,7.525,7.55,7.43333,7.5,16578
2002-11-05,7.51667,7.58333,7.5,7.58333,14390
2002-11-07,7.49167,7.55,7.48333,7.5,15395
2002-11-08,7.45,7.51667,7.41667,7.51667,22592
2002-11-11,7.45,7.55,7.41667,7.54167,14917
2002-11-12,7.49167,7.53333,7.41667,7.53333,15490
2002-11-13,7.425,7.51667,7.40833,7.51667,28897
2002-11-14,7.35833,7.425,7.34167,7.425,21414
2002-11-15,7.33333,7.48333,7.275,7.38333,27284
2002-11-18,7.45833,7.5,7.34167,7.5,26083
2002-11-20,7.44167,7.51667,7.375,7.50833,25229
2002-11-21,7.4,7.49167,7.38333,7.43333,28665
2002-11-22,7.38333,7.46667,7.35,7.39167,31110
2002-11-25,7.5,7.54167,7.4,7.48333,111346
2002-11-26,7.49167,7.60833,7.46667,7.5,153047
2002-11-27,7.43333,7.51667,7.41667,7.50833,25071
2002-11-28,7.43333,7.49167,7.38333,7.41667,42951
2002-11-29,7.425,7.48333,7.375,7.475,82225
2002-12-02,7.475,7.5,7.41667,7.49167,517574
2002-12-03,7.33333,7.575,7.28333,7.49167,222052
2002-12-04,7.44167,7.475,7.33333,7.39167,73979
2002-12-05,7.45,7.54167,7.4,7.46667,105734
2002-12-06,7.44167,7.525,7.33333,7.49167,78178
2002-12-09,7.43333,7.525,7.4,7.48333,98109
2002-12-10,7.375,7.475,7.34167,7.35833,45814
2002-12-11,7.35,7.44167,7.34167,7.375,45589
2002-12-12,7.35,7.40833,7.34167,7.38333,37891
2002-12-13,7.35,7.41667,7.33333,7.41667,43242
2002-12-16,7.33333,7.44167,7.33333,7.44167,66874
2002-12-17,7.29167,7.4,7.29167,7.35833,53105
2002-12-18,7.425,7.58333,7.3,7.31667,122086
2002-12-19,7.40833,7.46667,7.38333,7.46667,47096
2002-12-20,7.38333,7.43333,7.33333,7.375,24662
2002-12-23,7.33333,7.575,7.33333,7.575,24712
2002-12-24,7.35833,7.4,7.33333,7.34167,17438
2002-12-26,7.375,7.43333,7.33333,7.34167,34311
2002-12-27,7.33333,7.39167,7.3,7.3,43141
2002-12-30,7.3,7.49167,7.23333,7.25,38468
2002-12-31,7.30833,7.41667,7.25,7.33333,31740
2003-01-01,7.325,7.34167,7.26667,7.26667,27997
2003-01-02,7.31667,7.35833,7.30833,7.31667,66368
2003-01-03,7.325,7.4,7.3,7.36667,182313
2003-01-06,7.30833,7.34167,7.25,7.33333,39854
2003-01-07,7.31667,7.33333,7.3,7.325,26988
2003-01-08,7.31667,7.41667,7.3,7.33333,74333
2003-01-09,7.35833,7.375,7.31667,7.375,45950
2003-01-10,7.425,7.53333,7.34167,7.34167,160514
2003-01-13,7.325,7.5,7.30833,7.41667,101742
2003-01-14,7.33333,7.4,7.31667,7.33333,72303
2003-01-15,7.30833,7.39167,7.28333,7.375,26661
2003-01-16,7.7,7.78333,7.30833,7.39167,220126
2003-01-17,7.93333,8.04167,7.725,7.78333,1162029
2003-01-20,8.19167,8.6,7.84167,7.91667,2739208
2003-01-21,8.35,8.75,8.23333,8.23333,3003185
2003-01-22,8.38333,8.70833,8.30833,8.40833,1535277
2003-01-23,8.08333,8.45833,8.025,8.41667,696469
2003-01-24,7.88333,8.26667,7.75833,8.10833,588446
2003-01-27,7.65833,7.9,7.53333,7.9,417168
2003-01-28,7.825,7.875,7.54167,7.7,263497
2003-01-29,7.75,7.98333,7.70833,7.95,192574
2003-01-30,7.61667,7.89167,7.51667,7.825,257083
2003-01-31,7.56667,7.675,7.5,7.675,159684
2003-02-03,7.75,7.81667,7.58333,7.58333,149719
2003-02-04,7.64167,7.83333,7.575,7.80833,100558
2003-02-05,7.55,7.65,7.525,7.625,82592
2003-02-06,7.51667,7.61667,7.475,7.58333,112306
2003-02-07,7.475,7.6,7.375,7.6,147612
2003-02-10,7.36667,7.49167,7.33333,7.49167,86400
2003-02-11,7.4,7.44167,7.34167,7.43333,62946
2003-02-12,7.34167,7.40833,7.31667,7.40833,55178
2003-02-14,7.25,7.375,7.20833,7.33333,105431
2003-02-17,7.375,7.45,7.33333,7.34167,85555
2003-02-18,7.425,7.83333,7.39167,7.48333,277948
2003-02-19,7.4,7.81667,7.35833,7.81667,89148
2003-02-20,7.39167,7.46667,7.34167,7.425,76924
2003-02-21,7.38333,7.45,7.35,7.38333,42577
2003-02-24,7.35,7.45833,7.33333,7.44167,69866
2003-02-25,7.10833,7.36667,7.04167,7.33333,197567
2003-02-26,7.16667,7.225,7.15,7.16667,53954
2003-02-27,7.21667,7.3,7.175,7.21667,79346
2003-02-28,7.30833,7.44167,7.25,7.43333,169870
2003-03-03,7.30833,7.39167,7.225,7.29167,132247
2003-03-04,7.325,7.35,7.21667,7.23333,85823
2003-03-05,7.30833,7.4,7.125,7.29167,106574
2003-03-06,7.30833,7.35,7.20833,7.35,75523
2003-03-07,7.25833,7.35,7.125,7.29167,124629
2003-03-10,7.16667,7.31667,7.15,7.29167,76416
2003-03-11,7.03333,7.15833,6.91667,7.04167,91783
2003-03-12,6.975,7.075,6.93333,7.03333,62684
2003-03-13,6.99167,7.08333,6.91667,6.91667,57167
2003-03-17,7,7.03333,6.83333,7.03333,81544
2003-03-19,6.85,7.16667,6.84167,7.04167,66550
2003-03-20,6.79167,6.86667,6.66667,6.71667,115840
2003-03-21,6.74167,6.83333,6.675,6.68333,135774
2003-03-24,6.675,6.78333,6.66667,6.76667,45731
2003-03-25,6.69167,6.71667,6.54167,6.64167,97468
2003-03-26,6.55,6.75,6.5,6.64167,89398
2003-03-27,6.175,6.58333,6.00833,6.54167,157997
2003-03-28,6.2,6.425,6.09167,6.15,173474
2003-03-31,5.94167,6.31667,5.70833,6.18333,124238
2003-04-01,6.19167,6.29167,5.95,5.975,60159
2003-04-02,6.45,6.5,6.19167,6.275,68568
2003-04-03,6.54167,6.625,6.45833,6.5,58646
2003-04-04,6.44167,6.65,6.33333,6.65,122409
2003-04-07,6.6,6.64167,6.475,6.575,71556
2003-04-08,6.58333,6.66667,6.54167,6.66667,40604
2003-04-09,6.43333,6.58333,6.41667,6.5,36461
2003-04-10,6.53333,6.83333,6.35,6.5,181576
2003-04-11,6.64167,6.66667,6.275,6.63333,90762
2003-04-15,6.65833,6.75,6.58333,6.73333,39617
2003-04-16,6.49167,6.66667,6.45,6.66667,46758
2003-04-17,6.48333,6.63333,6.41667,6.63333,53638
2003-04-21,6.40833,6.49167,6.33333,6.41667,41067
2003-04-22,6.30833,6.45,6.26667,6.45,55919
2003-04-23,6.18333,6.46667,6.16667,6.375,62531
2003-04-24,6.09167,6.33333,6,6.33333,100478
2003-04-25,6.20833,6.425,6.05833,6.125,89854
2003-04-28,6.19167,6.31667,6.15,6.275,93929
2003-04-29,6.18333,6.3,6.125,6.3,89441
2003-04-30,6.16667,6.26667,6.125,6.18333,212323
2003-05-02,6.40833,6.65833,6.25,6.25,291784
2003-05-05,6.35,6.65833,6.31667,6.63333,269560
2003-05-06,6.18333,6.45833,6.15,6.34167,271747
2003-05-07,6.11667,6.25,5.16667,6.18333,138550
2003-05-08,6.03333,6.16667,5.98333,6.16667,189620
2003-05-09,6.05833,6.13333,6,6.025,141278
2003-05-12,6.16667,6.25,6.03333,6.03333,123965
2003-05-13,6.20833,6.26667,6.175,6.175,187244
2003-05-14,6.25833,6.29167,6.23333,6.25,209762
2003-05-15,6.49167,6.58333,6.29167,6.33333,457465
2003-05-16,6.86667,7.15,6.64167,6.68333,711587
2003-05-19,6.825,7.20833,6.75,6.96667,797861
2003-05-20,6.83333,6.96667,6.58333,6.825,414028
2003-05-21,6.78333,7,6.75,6.91667,359632
2003-05-22,6.83333,6.84167,6.68333,6.68333,221175
2003-05-23,6.68333,6.96667,6.63333,6.96667,227537
2003-05-26,7.06667,7.25,6.675,6.675,455766
2003-05-27,7.05,7.3,7.00833,7.25,444871
2003-05-28,7.05833,7.16667,6.93333,7.1,183586
2003-05-29,7.01667,7.06667,6.81667,7.06667,516839
2003-05-30,7.45,7.61667,7,7.125,813876
2003-06-02,7.64167,7.86667,7.39167,7.58333,574248
2003-06-03,7.39167,7.71667,7.35,7.71667,288536
2003-06-04,7.475,7.625,7.33333,7.33333,259815
2003-06-05,7.45833,7.70833,7.38333,7.70833,269033
2003-06-06,7.4,7.61667,7.36667,7.5,236622
2003-06-09,7.65,7.75833,7.45,7.5,389081
2003-06-10,7.74167,8.11667,7.65,7.65,730587
2003-06-11,7.61667,7.85,7.575,7.83333,214885
2003-06-12,7.55,7.73333,7.51667,7.66667,129713
2003-06-13,7.49167,7.65833,7.45833,7.65,122219
2003-06-16,7.53333,7.625,7.375,7.475,128571
2003-06-17,7.825,7.9,7.54167,7.59167,327579
2003-06-18,7.84167,8.05,7.69167,7.75833,451820
2003-06-19,7.925,8.075,7.76667,7.86667,227423
2003-06-20,7.95,8,7.79167,7.875,141021
2003-06-23,7.925,8.14167,7.875,7.98333,646895
2003-06-24,7.84167,7.96667,7.8,7.90833,107477
2003-06-25,7.79167,8.03333,7.75833,8.03333,100902
2003-06-26,7.8,7.89167,7.7,7.875,161721
2003-06-27,7.95833,8.04167,7.83333,7.83333,240341
2003-06-30,7.95833,8.08333,7.91667,8.04167,364870
2003-07-01,8.80833,8.9,7.95,8.08333,1436173
2003-07-02,9.48333,9.86667,8.875,8.875,2254321
2003-07-03,9.06667,9.73333,9.00833,9.73333,665625
2003-07-04,9.01667,9.25,8.89167,9.04167,358353
2003-07-07,9.025,9.15,9,9.05833,262257
2003-07-08,8.68333,9.28333,8.63333,9.25,254220
2003-07-09,8.55,8.8,8.5,8.7,203309
2003-07-10,8.64167,8.73333,8.55,8.64167,293542
2003-07-11,8.89167,9,8.51667,8.51667,197133
2003-07-14,8.84167,9.03333,8.75,8.91667,168821
2003-07-15,9.025,9.08333,8.79167,8.79167,274768
2003-07-16,9.10833,9.31667,8.91667,9.125,288438
2003-07-17,8.79167,9.19167,8.66667,9.16667,265075
2003-07-18,8.55833,8.85,8.28333,8.51667,200328
2003-07-21,8.46667,8.8,8.425,8.71667,122572
2003-07-22,8.38333,8.55,8.33333,8.46667,105030
2003-07-23,8.59167,8.83333,8.425,8.49167,183241
2003-07-24,8.88333,9.15,8.70833,8.9,520035
2003-07-25,9.04167,9.075,8.90833,8.95,372315
2003-07-28,9.36667,9.56667,9,9.14167,1031805
2003-07-29,9.375,9.49167,9.16667,9.45,367836
2003-07-30,9.425,9.54167,9.28333,9.45833,192882
2003-07-31,9.49167,10,9.29167,10,459877
2003-08-01,9.475,9.625,9.28333,9.4,350121
2003-08-04,10.0333,10.2333,9.43333,9.51667,1028410
2003-08-05,9.7,10.2917,9.64167,10.0167,518766
2003-08-06,9.68333,9.83333,9.43333,9.68333,226996
2003-08-07,10.0083,10.1417,9.78333,9.78333,311241
2003-08-08,10.5417,10.8333,9.73333,10.1583,1187964
2003-08-11,10.3333,10.5417,10.1833,10.5417,491263
2003-08-12,10.2083,10.4667,10.1333,10.1833,231789
2003-08-13,10.6083,10.6583,10.3583,10.3667,546367
2003-08-14,11.1083,11.375,10.5833,10.6667,1442244
2003-08-18,11.325,11.45,11.175,11.4167,482792
2003-08-19,10.7917,11.475,10.6833,11.3583,379267
2003-08-20,10.8417,11.1667,10.6667,10.9167,331143
2003-08-21,10.7917,10.975,10.6833,10.6833,152514
2003-08-22,10.8333,11.0833,10.75,10.9583,252056
2003-08-25,10.2667,11.0917,10,10.85,367290
2003-08-26,10.7417,10.8167,10,10.3333,232595
2003-08-27,10.775,10.9,10.5833,10.8167,267168
2003-08-28,11.05,11.4167,10.675,11,403369
2003-08-29,10.8,11.1333,10.6833,11.1333,230671
2003-09-01,10.8667,11.4167,10.8,11.4167,255991
2003-09-02,10.6583,11.0833,10.5917,11,141756
2003-09-03,10.4333,10.825,10.35,10.8167,209853
2003-09-04,10.3667,10.5833,10.3333,10.4667,135690
2003-09-05,10.475,10.5833,10.4167,10.4833,118986
2003-09-08,10.2667,10.6167,10.1917,10.5333,259906
2003-09-09,10.425,10.7083,10.35,10.5,266362
2003-09-10,10.3,10.5,10.2167,10.4917,111963
2003-09-11,10.1333,10.4583,10.0833,10.3333,170721
2003-09-12,10.0333,10.3333,10,10.3333,189425
2003-09-15,8.875,10.3333,8.75,9.5,1364880
2003-09-16,9.55833,9.71667,9.01667,9.16667,478224
2003-09-17,9.58333,9.91667,9.5,9.73333,257887
2003-09-18,9.625,9.73333,9.6,9.6,158750
2003-09-19,9.8,9.98333,9.51667,9.68333,269237
2003-09-22,9.625,10.0833,9.61667,9.93333,155316
2003-09-23,9.90833,9.98333,9.61667,9.65,253494
2003-09-24,9.925,9.95833,9.68333,9.95,109926
2003-09-25,9.93333,10.1667,9.55,9.55,161912
2003-09-26,10.05,10.1167,9.83333,9.98333,137744
2003-09-29,9.93333,10.1667,9.86667,10.1583,101874
2003-09-30,10.2083,10.25,9.98333,10.1083,143643
2003-10-01,10.1833,10.325,10.1667,10.325,116228
2003-10-03,10.2167,10.2833,10.1417,10.175,162303
2003-10-06,10.1583,10.3333,10.1,10.325,222523
2003-10-07,10.0333,10.325,10,10.2667,133671
2003-10-08,9.9,10.1,9.83333,10.05,75272
2003-10-09,9.90833,10.0167,9.8,9.975,216379
2003-10-10,9.85833,10.15,9.675,9.96667,242658
2003-10-13,9.95833,10,9.84167,9.95833,140086
2003-10-14,10.2667,10.65,9.775,10.0667,595407
2003-10-15,10.3667,10.4833,10.1667,10.3167,331136
2003-10-16,10.3083,10.5,10.1917,10.45,192153
2003-10-17,10.275,10.4167,10.0417,10.3833,134416
2003-10-20,10.2667,10.6667,10.2083,10.375,273912
2003-10-21,10.0333,10.3333,9.95,10.3333,188895
2003-10-22,10.525,10.6667,10.175,10.3,492170
2003-10-23,10.2167,10.7833,10.1667,10.4833,375790
2003-10-24,10.325,10.4167,10.0333,10.2917,200137
2003-10-27,10.7833,11.1,10.425,10.5,731890
2003-10-28,10.7417,10.8833,10.6333,10.8333,353238
2003-10-29,10.8083,10.8833,10.7,10.8167,165680
2003-10-30,10.7833,10.8667,10.7417,10.8333,163490
2003-10-31,10.7833,10.9167,10.75,10.8583,120502
2003-11-03,10.875,11.125,10.775,10.8833,371797
2003-11-04,11.0417,11.4,10.9667,10.9833,897066
2003-11-05,11.6333,11.9167,11.1333,11.2333,1413142
2003-11-06,11.825,12,11.7,12,555846
2003-11-07,12.1,12.4167,11.8333,12,692821
2003-11-10,12.175,12.3667,11.925,12,177372
2003-11-11,12.2583,12.5667,12.175,12.1833,470069
2003-11-12,12.0667,12.4583,12.0083,12.3833,239980
2003-11-13,12.0583,12.2,11.875,12.2,316909
2003-11-14,11.5167,12.0833,11.4333,12,238190
2003-11-17,11.9,12,11.5,11.9667,207515
2003-11-18,11.9667,12.0667,11.75,11.975,236156
2003-11-19,11.7167,12.075,11.6667,12.0167,155998
2003-11-20,11.3833,11.7333,11.3417,11.7333,144001
2003-11-21,11.4167,11.5,11.0167,11.05,211386
2003-11-24,11.25,11.4833,11.0333,11.4833,129362
2003-11-25,11.425,11.525,11.2083,11.3333,143205
2003-11-27,11.4833,11.7667,11.4,11.7583,142962
2003-11-28,11.3167,11.6167,11.2583,11.6167,162635
2003-12-01,11.6583,11.7333,11.3333,11.3333,249604
2003-12-02,11.9833,12.4917,11.7,11.7333,768819
2003-12-03,12.1583,12.325,11.95,12.0833,394630
2003-12-04,12.1,12.2667,11.85,12.1667,309461
2003-12-05,12.15,12.6667,12.0833,12.1667,571285
2003-12-08,12.8417,13.0667,12.25,12.2667,857224
2003-12-09,12.9667,13.5667,12.6833,12.9167,755961
2003-12-10,12.725,13.15,12.6083,13.0333,341473
2003-12-11,12.7417,13,12.6833,12.925,335058
2003-12-12,12.725,12.9167,12.6667,12.85,324485
2003-12-15,13.925,14.0417,12.8583,12.8667,1522712
2003-12-16,14.1167,14.6,13.75,14,1404997
2003-12-17,14.3667,14.5833,14.025,14.25,1011091
2003-12-18,14.3833,14.5417,14.0833,14.4917,796245
2003-12-19,15.125,15.3167,14.3333,14.4917,1147532
2003-12-22,15.2833,15.7333,15.175,15.2667,1275927
2003-12-23,14.675,15.4417,14.5,15.4167,691381
2003-12-24,14.9917,15.1667,14.5083,14.8,626864
2003-12-26,15.4417,15.5333,15,15,491853
2003-12-29,15.5,15.6083,15.2583,15.5,551185
2003-12-30,14.7833,15.6583,14.5917,15.5167,382634
2003-12-31,14.6917,15.0333,14.5333,14.8333,370702
2004-01-01,14.7833,15.0417,14.6833,14.8417,362680
2004-01-02,15.7917,15.8917,14.7583,14.9167,925796
2004-01-05,15.7583,16.3,15.675,16.1667,709904
2004-01-06,15.6083,15.925,15.4583,15.825,444806
2004-01-07,15.0167,15.7333,14.8333,15.7333,316494
2004-01-08,15.4417,15.6667,15.05,15.125,303199
2004-01-09,15.15,15.7333,15.05,15.5667,215340
2004-01-12,15.3167,15.4167,15.0333,15.1667,325004
2004-01-13,15.3,15.4167,15.1667,15.3333,405015
2004-01-14,15.3167,15.4,15.1917,15.4,367000
2004-01-15,15.775,16.1167,15.3167,15.4667,619600
2004-01-16,15.875,16.1667,15.5,15.9167,524742
2004-01-19,15.8583,16.1667,15.4417,16.1667,261155
2004-01-20,15.6583,16,15.5,16,230501
2004-01-21,13.9,15.7333,13.675,15.3333,382156
2004-01-22,14.075,14.6667,13.6667,13.6667,415229
2004-01-23,14.8,15,13.9333,14.1583,226528
2004-01-27,15.1667,15.3333,14.4833,14.8667,279808
2004-01-28,14.825,15.475,14.675,15.4167,315002
2004-01-29,14.55,15.1667,14.3333,15,304115
2004-01-30,14.0667,14.6917,14,14.65,185556
2004-02-03,13.8583,14.3333,13.3833,14.175,287225
2004-02-04,14.4583,14.5167,13.625,13.85,231208
2004-02-05,13.9917,14.5,13.8,14.5,168003
2004-02-06,13.8833,14.1917,13.6667,14.0333,120612
2004-02-09,14.0667,14.1667,13.9667,13.975,103214
2004-02-10,13.9917,14.1583,13.8667,13.8667,100012
2004-02-11,14.1333,14.25,13.8333,14.1,85222
2004-02-12,14.2583,14.4,13.925,14.1333,100946
2004-02-13,14.2,14.6417,14.025,14.25,206061
2004-02-16,14.225,14.5833,14.1,14.3333,183150
2004-02-17,14.1417,14.3333,14.0333,14.0333,138681
2004-02-18,14.1167,14.2583,14.05,14.1667,130148
2004-02-19,14.2167,14.4583,13.8583,14.2417,188936
2004-02-20,13.7833,14.1333,13.7083,14.05,145474
2004-02-23,13.4583,13.9083,13.3333,13.6667,104126
2004-02-24,13.6333,13.75,13.1,13.6,215601
2004-02-25,13.2167,13.6333,12.9917,13.6333,106765
2004-02-26,13.3833,13.75,13.1083,13.4083,153599
2004-02-27,13.4833,13.7083,13.2667,13.4833,158958
2004-03-01,13.3083,13.775,13.1667,13.5167,143332
2004-03-03,13.5333,14.1667,13.3083,13.4667,249175
2004-03-04,13.1583,13.7583,13.0083,13.5,172825
2004-03-05,13.4083,13.5417,13.1167,13.15,109418
2004-03-08,13.2167,13.5333,13.1333,13.4083,96171
2004-03-09,13.1833,13.3167,13,13.2333,112688
2004-03-10,13.1917,13.5,12.9583,13.5,135905
2004-03-11,12.8583,13.1667,12.6917,13.1667,139291
2004-03-12,12.65,13.0667,12.3417,12.8333,170083
2004-03-15,11.8833,12.9167,11.5,12.9167,195771
2004-03-16,11.925,12.0833,11.4583,11.4667,201450
2004-03-17,11.775,12.3,11.3333,12,131495
2004-03-18,11.5333,11.775,11.3417,11.6667,118904
2004-03-19,11.65,11.8333,11.3333,11.5417,161583
2004-03-22,11.6917,12,11.5417,11.5833,235892
2004-03-23,11.7917,11.9583,11.6583,11.6583,309241
2004-03-24,12.1333,12.4583,11.6583,11.6583,87981
2004-03-25,12.2917,12.8167,12.175,12.175,202105
2004-03-26,12.55,12.6667,12.3833,12.4833,213067
2004-03-29,12.85,12.9,12.5417,12.6667,97436
2004-03-30,13.05,13.4083,12.8333,12.9667,133179
2004-03-31,13.3417,13.5,12.675,13.0333,114072
2004-04-01,13.025,13.5,12.9333,13.35,97595
2004-04-02,12.8417,13.3,12.7333,13.2667,146046
2004-04-05,12.8,13.1333,12.675,13.0167,114354
2004-04-06,12.6,12.975,12.5167,12.975,109239
2004-04-07,12.4917,12.7333,12.3667,12.7167,55919
2004-04-08,12.2833,12.6,12.1667,12.4167,146806
2004-04-12,12.2667,12.5417,12.1833,12.45,102458
2004-04-13,13.1833,13.4167,12.1667,12.3083,428622
2004-04-15,12.9917,13.25,12.8833,13,205925
2004-04-16,12.95,13.15,12.8333,12.925,124972
2004-04-19,13.5667,14.7,13.3667,14.7,194746
2004-04-20,13.1167,13.6333,13.0083,13.5,210177
2004-04-21,13.1333,13.4083,13.0833,13.4083,147504
2004-04-22,13.3083,13.7917,13.1667,13.325,298784
2004-04-23,13.125,13.4917,13.0167,13.475,192708
2004-04-27,12.75,13.2833,12.675,13.1667,187506
2004-04-28,12.5583,12.8667,12.3667,12.3667,144527
2004-04-29,13.3667,13.4833,12.625,12.625,218007
2004-04-30,13.4833,14.075,13.0833,13.3417,522181
2004-05-03,13.3083,13.95,13.175,13.55,405555
2004-05-04,14.075,15.1167,13.6083,13.7917,1228382
2004-05-05,13.8917,14.7333,13.775,13.85,744505
2004-05-06,14,14.55,13.9167,14.3333,688742
2004-05-07,13.7583,14.1417,13.675,14.1417,256066
2004-05-10,13.725,13.9833,12.5083,13.6,246947
2004-05-11,13.2583,13.5417,13,13,264123
2004-05-12,12.775,13.5,12.7167,13.0833,258549
2004-05-13,12.85,13.3083,12.2083,12.5833,251673
2004-05-14,12.6917,13.1667,12.5,13.0167,231866
2004-05-17,11.3583,12.6667,10.1583,12,310836
2004-05-18,12.25,12.7417,11.4167,12,395111
2004-05-19,12.7167,12.95,12.1667,12.1667,338167
2004-05-20,12.5583,13.1667,12.5,13,265397
2004-05-21,12.5917,12.75,12.2917,12.3833,202223
2004-05-24,12.825,12.9917,12.65,12.65,135063
2004-05-25,12.7833,12.9833,12.6667,12.825,176831
2004-05-26,12.525,12.95,12.4167,12.8167,136679
2004-05-27,12.3833,12.6,12.25,12.5,239394
2004-05-28,12.2667,12.6417,12.0417,12.6417,129057
2004-05-31,12.0667,12.4667,11.1917,12.325,246882
2004-06-01,12.35,12.5,12.1667,12.5,156043
2004-06-02,12.425,12.4917,12.2917,12.4667,99697
2004-06-03,12.05,12.45,11.9167,12.2083,169331
2004-06-04,11.95,12.1667,11.8083,11.9833,142415
2004-06-07,12.5583,12.6583,12.3083,12.3333,314041
2004-06-08,13.125,13.325,12.5167,12.8333,389398
2004-06-09,13.3083,13.625,13.0833,13.1667,432784
2004-06-10,13.575,13.8667,13.0833,13.1833,509553
2004-06-11,13.8667,14.1917,13.4917,13.5833,689410
2004-06-14,13.2333,13.9167,13.0333,13.8333,511552
2004-06-15,11.1417,13.3333,11.0667,13.3333,1525774
2004-06-16,11.175,11.475,11.05,11.1833,607720
2004-06-17,11.5417,11.6167,11.0083,11.3083,720177
2004-06-18,11.375,11.5917,11.3417,11.5167,335482
2004-06-21,10.9833,11.475,10.9167,11.25,271742
2004-06-22,10.55,11.0667,10.4167,11.0167,323525
2004-06-23,10.3833,10.65,10.3333,10.6417,174034
2004-06-24,10.2417,10.6167,10,10.5,281386
2004-06-25,10.1583,10.3,10.0083,10.25,193967
2004-06-28,10.5667,10.65,10.175,10.2917,272769
2004-06-29,10.7583,10.825,10.4583,10.6667,214932
2004-06-30,10.425,10.8917,10.3333,10.7583,178872
2004-07-01,10.6333,10.6667,10.4167,10.5667,158010
2004-07-02,10.6167,10.8333,10.475,10.5,174936
2004-07-05,10.3,10.8,10.2333,10.8,146512
2004-07-06,10.4667,10.5417,10.375,10.3833,108114
2004-07-07,10.6417,10.6667,10.4333,10.4833,181890
2004-07-08,10.8083,10.9417,10.5333,10.6333,424295
2004-07-09,11.45,11.5333,10.5417,10.95,390843
2004-07-12,11.9,12,11.5833,11.6167,425080
2004-07-13,11.825,12,11.65,11.6667,368638
2004-07-14,11.6333,11.9667,11.5667,11.95,204303
2004-07-15,11.5417,11.7167,11.375,11.375,184695
2004-07-16,11.5667,11.65,11,11.5,199351
2004-07-19,12.075,12.4,11.5417,11.5917,1205459
2004-07-20,11.8417,12.4,11.6917,12.2333,539562
2004-07-21,11.6583,12.0833,11.5167,12,346471
2004-07-22,11.6583,12,11.5583,11.9,336074
2004-07-23,11.6333,11.6667,11.35,11.5833,287496
2004-07-26,11.8833,12.1667,11.5833,11.75,826861
2004-07-27,11.65,12.075,11.5917,12,418860
2004-07-28,11.5083,11.7917,11.425,11.7583,201024
2004-07-29,11.4833,11.6417,11.425,11.6083,167387
2004-07-30,11.3917,11.625,11.3,11.525,223559
2004-08-02,11.2167,11.525,11.1667,11.4833,245773
2004-08-03,10.95,11.3167,10.8333,11.2917,222841
2004-08-04,11.3083,11.3917,11,11.0417,239773
2004-08-05,11.525,11.6667,11.2917,11.5333,539655
2004-08-06,11.725,12.175,11.6667,11.8333,926008
2004-08-09,11.6167,11.75,11.5167,11.7417,239088
2004-08-10,11.6667,11.75,11.5583,11.6667,229400
2004-08-11,11.45,11.8167,11.4167,11.8167,273278
2004-08-12,11.1667,11.45,11.075,11.45,416408
2004-08-13,11.0833,11.5667,11.025,11.5667,236967
2004-08-16,11.05,11.15,10.9917,11.0083,219949
2004-08-17,11.4583,11.5,11.0083,11.05,237724
2004-08-18,11.2667,11.6167,11.1833,11.6167,192902
2004-08-19,11.275,11.45,11.1833,11.1833,141196
2004-08-20,11.3583,11.4167,11.1667,11.1667,140891
2004-08-23,11.075,11.4417,11.0417,11.4417,135792
2004-08-24,11.4833,11.55,11.1667,11.325,350637
2004-08-25,11.425,11.775,11.375,11.6417,255471
2004-08-26,11.3083,11.5417,11.25,11.3333,199038
2004-08-27,11.3417,11.475,11.3,11.3917,130330
2004-08-30,11.4583,11.5667,11.3167,11.4083,128262
2004-08-31,11.4833,11.625,11.3833,11.5,150541
2004-09-01,11.45,11.6417,11.4167,11.6417,190327
2004-09-02,11.5833,11.875,11.5417,11.625,450200
2004-09-03,11.4167,11.7333,11.3417,11.6667,165933
2004-09-06,11.5583,11.7167,11.4167,11.575,223644
2004-09-07,11.725,11.8083,11.5167,11.575,316608
2004-09-08,11.7333,11.9667,11.7,11.9167,269257
2004-09-09,11.6833,11.7917,11.5833,11.75,185266
2004-09-10,12.2083,12.3,11.5,11.6667,1360170
2004-09-13,12.3083,12.3833,12.25,12.3167,799415
2004-09-14,12.1333,12.375,12.0167,12.3333,460296
2004-09-15,12,12.1667,11.9167,12.0833,227637
2004-09-16,12.1667,12.2,11.8583,11.8583,242405
2004-09-17,12.1917,12.2667,12.0667,12.1667,256305
2004-09-20,12.25,12.4083,12.1333,12.3083,330533
2004-09-21,12.2833,12.3333,12.1667,12.3333,181241
2004-09-22,12.3833,12.4833,12.2583,12.3333,354428
2004-09-23,12.3667,12.5667,12.3167,12.3333,320887
2004-09-24,12.2583,12.4167,12.2333,12.3333,145875
2004-09-27,12.2667,12.6417,12.2167,12.4833,346891
2004-09-28,12.1667,12.4083,12.1,12.2667,138140
2004-09-29,12.25,12.3167,11.9583,11.9583,162307
2004-09-30,12.1667,12.5,12.1,12.3333,257724
2004-10-01,12.0333,12.3083,11.75,12.2833,195979
2004-10-04,12.2583,12.3167,12.1667,12.2083,257407
2004-10-05,12.3,12.4667,12.25,12.3333,157843
2004-10-06,12.5083,12.55,12.325,12.3333,360888
2004-10-07,12.4583,12.75,12.3667,12.3667,221136
2004-10-08,12.3667,12.4667,12.2167,12.4167,164497
2004-10-11,12.3083,12.625,12.2583,12.5833,98682
2004-10-12,12.1167,12.375,12.0833,12.375,81112
2004-10-14,12.125,12.2417,11.85,12.1167,130114
2004-10-15,11.9583,12.25,11.8833,12.2333,111515
2004-10-18,12.4917,12.5833,11.9833,12.1417,433587
2004-10-19,12.4167,12.6833,12.3083,12.65,206602
2004-10-20,12.2583,12.4833,12.2,12.4833,105314
2004-10-21,12.25,12.3917,12.0333,12.0333,109999
2004-10-25,12.225,12.3167,11.8333,11.8333,176409
2004-10-26,12.5167,12.5583,12.0333,12.0333,352859
2004-10-27,12.4667,12.5833,12.3,12.5,326850
2004-10-28,12.675,12.9667,12.4667,12.6667,620039
2004-10-29,13.4417,13.575,12.7167,12.9167,1267403
2004-11-01,13.6417,13.75,13.35,13.5,549357
2004-11-02,14.5833,15.0833,12.1417,13.65,1452022
2004-11-03,14.6917,14.7833,14.375,14.6083,722529
2004-11-04,15.1333,15.5333,14.3333,14.675,1231639
2004-11-05,15.1083,15.3667,14.1667,15,674339
2004-11-08,14.6333,15.1333,14.5,15.1333,248470
2004-11-09,14.2917,14.7833,14.25,14.6667,194710
2004-11-10,14.5167,14.7667,13.9333,14.4833,317334
2004-11-11,14.5,14.9,14.35,14.8167,261972
2004-11-12,14.5833,14.775,14.5083,14.775,96929
2004-11-16,14.4167,14.775,14.35,14.5833,107366
2004-11-17,14.3083,14.65,14.25,14.65,129606
2004-11-18,13.9083,14.475,13.8417,14.3167,272202
2004-11-19,13.7917,14.0833,13.675,14,171393
2004-11-22,13.4667,13.975,13.3583,13.975,216921
2004-11-23,13.8417,14.225,13.5333,13.6667,370048
2004-11-24,14.0083,14.0833,13.925,13.9833,282385
2004-11-25,14.8333,15.1667,14.0833,14.1667,657701
2004-11-29,15.3167,15.6667,15,15,694141
2004-11-30,14.675,15.4083,14.35,15.375,514281
2004-12-01,14.4417,14.8333,14.3417,14.4167,376437
2004-12-02,15.0333,15.1083,14.55,14.6167,698397
2004-12-03,14.7,15.2333,14.6,15.025,165758
2004-12-06,14.4667,14.9167,14.3333,14.8583,233524
2004-12-07,14.4417,14.8,14.3333,14.3333,251936
2004-12-08,14.125,14.8333,14.0333,14.8333,396301
2004-12-09,13.9167,14.2833,13.7917,14.1667,316086
2004-12-10,14.3167,14.5417,14.0417,14.3167,408932
2004-12-13,14.1667,14.3917,13.7,13.7,308871
2004-12-14,14.1833,14.375,14.1083,14.1833,307759
2004-12-15,14.0667,14.4167,14.025,14.3333,270846
2004-12-16,13.925,14.2667,13.8333,14.2,297406
2004-12-17,14.025,14.2333,13.95,14.05,263601
2004-12-20,14.2,14.3583,14.0667,14.0833,299560
2004-12-21,14.125,14.3333,14.0833,14.0917,169117
2004-12-22,14.025,14.25,14,14.1333,224681
2004-12-23,13.9833,14.2,13.9583,14.1667,153971
2004-12-24,14.175,14.4167,14.0833,14.1333,303344
2004-12-27,14.15,14.325,14.0833,14.2083,202760
2004-12-28,14.2917,14.5667,14,14,451562
2004-12-29,14.8417,14.9417,14.35,14.6667,903105
2004-12-30,15.3667,15.4667,14.7417,15,1432124
2004-12-31,15.6,16,15.5,15.5,1079385
2005-01-03,15.2917,15.825,15.2083,15.8,351205
2005-01-04,14.6833,15.4833,14.5833,15.3333,524331
2005-01-05,15.05,15.1667,14,14.6667,640265
2005-01-06,15.0417,15.1667,14.4167,14.975,447267
2005-01-07,14.9583,15.0667,14.7167,15.0667,267159
2005-01-10,15.1833,15.3333,14.8333,15.1333,278292
2005-01-11,15.0083,15.4167,14.875,15.1667,251068
2005-01-12,14.4583,15.3083,14.3333,15,305949
2005-01-13,14.5583,14.8333,14.3917,14.4583,357411
2005-01-14,14.7083,15,14.4333,14.8167,170802
2005-01-17,14.825,14.9167,14.6083,14.9167,214624
2005-01-18,13.9583,15,13.5167,14.975,946642
2005-01-19,14.6333,14.7667,13.9833,14.0417,415033
2005-01-20,14.7083,14.875,14.4167,14.6333,291915
2005-01-24,15.4667,15.6667,14.5833,14.7083,995380
2005-01-25,16.5083,16.65,15.175,15.8333,2126937
2005-01-27,16.1,16.6667,15.9333,16.6667,1248279
2005-01-28,16.2917,17.875,16.2167,16.6333,1064450
2005-01-31,16.8917,17,16.0167,16.4167,1435870
2005-02-01,17.55,17.6583,16.75,17.0667,1255607
2005-02-02,17.3083,18.075,17.0333,17.35,738408
2005-02-03,17.3417,17.65,17.2,17.5,386038
2005-02-04,16.9833,17.7333,16.85,17.5,257585
2005-02-07,17.1917,17.5833,17.025,17.45,335907
2005-02-08,16.9417,17.4167,16.8333,17.2667,283320
2005-02-09,17.35,17.6667,17.0833,17.3167,469373
2005-02-10,17.6167,18.1333,17.375,17.475,673568
2005-02-11,17.425,17.85,17.0167,17.85,486489
2005-02-14,17.875,18,17.5,17.6667,460653
2005-02-15,17.7167,18.2333,17.5667,18,356052
2005-02-16,17.625,18.3167,17.4167,17.9,829793
2005-02-17,17.3917,17.7417,17.1,17.5,290470
2005-02-18,17.625,17.8167,17.3667,17.3917,309646
2005-02-21,17.5833,17.9333,17.3333,17.8167,181481
2005-02-22,17.6667,17.75,17.4167,17.5833,148439
2005-02-23,18.1917,18.3167,17.4167,17.4167,438214
2005-02-24,18.7333,18.9667,18.1667,18.1667,693006
2005-02-25,19.3833,19.5833,18.75,18.75,1113695
2005-02-28,19.2833,19.6,18.8667,19.6,285697
2005-03-01,19.0917,19.3417,18.75,19.2833,221051
2005-03-02,19.2917,19.4917,19.0833,19.0833,203844
2005-03-03,20,20.125,19.25,19.4167,491056
2005-03-04,20.3083,20.825,20,20.1667,460578
2005-03-07,20.075,24.1667,20,24.1667,315787
2005-03-08,20.2583,22.2833,20,20.4667,615614
2005-03-09,19.6083,20.8333,19.175,20.6333,591739
2005-03-10,19.9167,23.3333,19.4167,20.5,247104
2005-03-11,19.9333,20.65,19.75,20.1417,863058
2005-03-14,20.0333,20.2167,19.9167,20.1083,270294
2005-03-15,20.0417,20.2917,19.7,20.2917,158501
2005-03-16,20,20.1667,19.7,20.1667,171878
2005-03-17,20.025,20.6,19.9583,20,375118
2005-03-18,19.8333,20.3167,19.2583,20.1667,269605
2005-03-21,19.15,20.1667,18.9667,20.1667,177641
2005-03-22,18.3333,19.4167,18.0167,19.1667,182968
2005-03-23,18.5167,18.75,18.0167,18.5167,296560
2005-03-24,18.3417,19.1667,18.175,18.7333,174808
2005-03-28,18.3083,18.9167,18.1667,18.3333,215173
2005-03-29,18.2417,18.6417,17.8333,18.6417,244051
2005-03-30,18.3333,18.625,17.5167,18.3333,523141
2005-03-31,18.5083,18.9417,18.3667,18.5833,701444
2005-04-01,18.375,18.9167,18.2167,18.7333,265242
2005-04-04,18.725,19.3333,18.1667,18.8333,642138
2005-04-05,18.6417,19.0417,18.375,18.9167,510405
2005-04-06,18.5917,18.8833,18.3333,18.6417,403068
2005-04-07,18.8917,19.0167,18.3333,18.975,476807
2005-04-08,18.6583,19,18.4417,18.9917,191399
2005-04-11,18.875,19.075,18.4833,18.6667,83895
2005-04-12,19.275,19.4167,18.775,18.85,184197
2005-04-13,19.9333,20.0833,19.3333,19.4,412967
2005-04-15,19.05,20.1583,18.8833,20.1583,352801
2005-04-18,19.6583,19.9333,18.6667,18.8667,204828
2005-04-19,18.925,20.075,18.8667,19.8917,175268
2005-04-20,18.8917,19.4833,18.6917,19,165513
2005-04-21,19.1,19.2417,18.7333,18.925,118093
2005-04-22,18.95,19.4,18.8833,19.2667,115999
2005-04-25,18.7833,19.1667,18.525,19.1167,185071
2005-04-26,19.0417,19.15,18.85,18.85,115629
2005-04-27,19.475,19.8167,19,19.125,310408
2005-04-28,19.9583,20.1,19.35,19.6667,863683
2005-04-29,19.375,20.075,19.1667,19.9583,392190
2005-05-02,20.1917,20.3083,19.3833,19.3833,508637
2005-05-03,20.05,20.4833,19.7083,20.4833,433187
2005-05-04,20,20.5667,19.8417,20.0167,684078
2005-05-05,20.0917,20.5833,19.85,20.0417,636117
2005-05-06,20.5333,20.75,20.0417,20.25,599127
2005-05-09,20.875,21.4167,20.5,21.4167,319367
2005-05-10,20.7,21.1,20.625,21.1,192794
2005-05-11,20.8333,20.9083,20.3333,20.3333,214469
2005-05-12,20.8333,20.9833,20.6,20.8417,87567
2005-05-13,20.8333,20.975,20.6667,20.975,123858
2005-05-16,20.8333,20.9833,20.75,20.9833,105268
2005-05-17,20.4083,20.8333,20.3333,20.8333,71393
2005-05-18,20.275,20.3833,19.8333,20.3833,82711
2005-05-19,20.575,20.75,20.2917,20.6,124796
2005-05-20,20.625,20.8,20.475,20.475,73620
2005-05-23,20.7083,20.8333,20.3333,20.3333,68832
2005-05-24,20.8833,20.9917,20.5333,20.8333,157883
2005-05-25,20.775,20.95,20.6833,20.95,99936
2005-05-26,21.4333,21.8333,20.0083,20.0083,438761
2005-05-27,21.0667,21.8083,20.85,21.65,287017
2005-05-30,21.3,21.65,21.0833,21.1167,150243
2005-05-31,21.4417,21.575,21.3583,21.45,103829
2005-06-01,21.6167,21.9,21.525,21.75,216215
2005-06-02,21.5833,22.1667,21.4167,21.5167,147839
2005-06-03,21.55,21.7417,21.3583,21.6667,64184
2005-06-06,21.95,23.3,21.8333,22.2833,413825
2005-06-07,21.8417,22.1667,20,20,139464
2005-06-08,21.9583,22.4167,21.8667,22.0667,305979
2005-06-09,21.7333,22.0833,21.675,22.075,112708
2005-06-10,21.4833,21.9833,21.375,21.9667,168226
2005-06-13,21.1917,21.7333,21.0833,21.6667,283242
2005-06-14,21.9083,22.1667,21.1167,21.1667,292411
2005-06-15,21.7083,22.2917,21.5083,22.2083,220335
2005-06-16,21.5833,21.9,21.5083,21.9,144957
2005-06-17,21.6583,21.8333,21.2083,21.8083,116573
2005-06-20,21.1,22,21.025,21.725,291531
2005-06-21,21.4333,21.5,20.8333,21.2583,175008
2005-06-22,21.675,21.9667,21.25,21.5833,289413
2005-06-23,21.7583,22,21.4083,22,92099
2005-06-24,21.7333,21.8167,21.525,21.6667,87302
2005-06-27,22.3417,22.5,21.5417,21.6667,282578
2005-06-28,21.3583,22.8,21.25,22.5,705205
2005-06-29,21.1833,21.8833,21.0833,21.3333,879040
2005-06-30,21.8917,22.5,21.3417,21.3417,1094891
2005-07-01,22.0083,22.325,21.85,22.0667,523929
2005-07-04,22.4,22.75,22.1167,22.1667,436579
2005-07-05,22.325,23.0833,21.8333,22.5667,411962
2005-07-06,22.4333,22.8083,22.2,22.6333,192641
2005-07-07,22.175,22.7333,21.75,22.6333,526316
2005-07-08,22.625,22.75,22.1667,22.175,523882
2005-07-11,22.6583,23.0333,22.5167,22.675,291618
2005-07-12,22.4083,22.7333,21.1083,22,169548
2005-07-13,24.3833,25.0833,22.2833,22.6333,1465691
2005-07-14,23.25,27,23.0583,25.25,1724261
2005-07-15,23.4917,24.05,23.25,23.3333,910043
2005-07-18,23.7833,24,23.675,23.8083,318569
2005-07-19,23.525,23.9083,23.425,23.75,279224
2005-07-20,24.2083,25.3333,22.1083,23.6667,1009206
2005-07-21,25.2,25.65,24.2083,24.2083,1320908
2005-07-22,25.05,26.6667,24.8333,26.3333,1059322
2005-07-25,25.2417,25.7917,24.925,25.1667,1789592
2005-07-26,25.325,25.7083,25.0833,25.5,683383
2005-07-27,25.3667,25.95,24.85,25.7167,507432
2005-07-29,24.2333,25.45,24.0083,25.2667,405300
2005-08-01,24.9083,25.2,23.0167,24.6417,387972
2005-08-02,25.35,25.6,24.8167,25.3333,657586
2005-08-03,25.2417,25.65,24.8333,25,398605
2005-08-04,25.675,25.9833,25.5,25.5917,770972
2005-08-05,25.1917,25.8167,25.0083,25.8167,507766
2005-08-08,24.8083,25.475,24.625,25.475,283712
2005-08-09,24.35,25,24.2083,25,246689
2005-08-10,25.2083,25.325,24.25,24.375,406912
2005-08-11,25.4583,25.5667,24.95,25.3333,351955
2005-08-12,26.2667,26.4833,25.0167,25.375,983298
2005-08-16,26.0167,26.6667,25.775,26.475,950008
2005-08-17,25.9583,26.4,25.6667,25.6667,564992
2005-08-18,25.575,26.6333,25.0083,26.6333,210631
2005-08-19,25.0583,25.525,25,25.3333,333138
2005-08-22,24.85,25.5,24.6667,25.1667,433749
2005-08-23,24.0917,25.2333,23.3583,24.375,253916
2005-08-24,24.2083,24.4667,23.8333,24,481148
2005-08-25,25.2667,25.8333,24.1917,24.9,704297
2005-08-26,25,25.65,24.8333,25.2667,236430
2005-08-29,24.9667,25.4833,24.675,25.1667,289957
2005-08-30,25.2917,25.4667,24.875,25.1667,230153
2005-08-31,25.5833,25.75,23.6667,23.6667,314536
2005-09-01,25.4917,25.6667,25.375,25.5833,368715
2005-09-02,25.9,26.3333,25.2083,25.6583,443416
2005-09-05,26.15,26.4167,25.8417,26.1333,337112
2005-09-06,25.8417,26.4,25.7583,26.3167,226564
2005-09-08,26.1917,26.25,25.4167,25.9,194750
2005-09-09,26.375,26.5833,26.0083,26.325,377978
2005-09-12,26.3417,26.6583,25.8333,26.6583,325368
2005-09-13,27.1917,27.375,26.2583,26.4917,644893
2005-09-14,27.15,27.8167,26.8833,27.2,528770
2005-09-15,27.9833,28.1583,26.7083,26.7083,583982
2005-09-16,27.7083,28.25,27.5,28.175,391484
2005-09-19,27.475,27.65,27.2083,27.425,273108
2005-09-20,27.075,27.6667,26.925,27.6667,220183
2005-09-21,26.775,27.0833,25.875,26.6667,445428
2005-09-22,25.8333,26.6333,25.175,26.3667,272831
2005-09-23,25.1333,25.8333,24.875,25.3333,272733
2005-09-26,27.3,27.6167,25.4667,26.6583,391952
2005-09-27,26.925,27.6667,26.4417,27.5,661339
2005-09-28,27.4667,27.6083,26.5,27.125,370847
2005-09-29,27.125,27.7167,26.85,27.5333,323354
2005-09-30,27.2,27.5,26.6833,27.1167,123639
2005-10-03,27.7583,28.2333,26.875,28.2333,221561
2005-10-04,28.3417,29.0833,27.3667,27.825,533913
2005-10-05,27.525,28.4167,27.3333,28.4167,375574
2005-10-06,27.4,27.6583,27,27.4833,270708
2005-10-07,27.9583,28.5417,27.2667,27.3333,373611
2005-10-10,27.6417,28.5,27.5,28.225,311847
2005-10-11,27.75,27.9167,27.1667,27.8333,216168
2005-10-13,27.8583,28.2833,27.4,27.6667,277326
2005-10-14,27.3917,28.0833,26.7833,27.5417,407244
2005-10-17,29.8083,31.5667,27.5167,27.5167,2379279
2005-10-18,28.75,30.5833,28.5917,30,3281538
2005-10-19,29.0833,29.5417,28.175,28.6667,1298051
2005-10-20,27.7083,29.8333,27.2583,28.8333,1177168
2005-10-21,29.0417,29.1667,27.0833,27.6417,949729
2005-10-24,28.4083,29.7417,27.9417,29.3333,2269311
2005-10-25,29.1,29.25,28.6,28.6333,1011742
2005-10-26,28.3167,29.3833,27.9417,28.6667,911549
2005-10-27,27.75,28.6417,27.5167,28.5,1030886
2005-10-28,26.4833,27.8333,26.35,27.4833,726320
2005-10-31,27.8583,28.3667,26.3333,26.6,614457
2005-11-01,28.6167,28.9167,28.0417,28.5,178131
2005-11-02,27.75,28.7333,27.5333,28.7333,630258
2005-11-07,28.0583,28.45,27.9167,28.0333,501165
2005-11-08,27.9417,28.4167,27.875,28,607188
2005-11-09,27.3167,28.1667,27.2083,28.1167,334087
2005-11-10,27.275,27.8,27.05,27.4833,280038
2005-11-11,27.525,27.75,27.3333,27.3333,378069
2005-11-14,27.55,27.9083,27.4167,27.7,255230
2005-11-16,27.6,28,27.3333,27.6167,277030
2005-11-17,29.0917,29.25,27.6167,27.7333,1343561
2005-11-18,28.875,29.8,28.7167,29.3667,1361900
2005-11-21,28.9917,29.3,28.5333,28.9583,492195
2005-11-22,28.4167,28.9167,28.1833,28.75,385297
2005-11-23,27.975,28.5,27.8417,28.4,591766
2005-11-24,28.425,28.8,27.9167,28.1667,631024
2005-11-25,29.125,29.25,28.5,28.5833,588259
2005-11-28,30.05,30.1667,29.25,29.25,1206547
2005-11-29,29.175,30.3333,29.0167,30.3333,655464
2005-11-30,28.95,30.8333,28.8333,29.4583,654142
2005-12-01,28.9667,29.1667,28.4167,29.1333,685778
2005-12-02,29.5333,29.7167,29.0833,29.0833,452828
2005-12-05,29.0417,29.75,28.8333,29.5,260885
2005-12-06,28.9833,29.25,28.6667,28.95,209680
2005-12-07,30.2667,30.8167,28.9833,29,844046
2005-12-08,31.8417,32.1417,30.4167,30.6667,2224830
2005-12-09,31.5833,32.4167,31.4,32,1407033
2005-12-12,31.625,31.9333,31.175,31.8333,388931
2005-12-13,32.4583,32.8167,31.1833,31.7833,981601
2005-12-14,32.1,32.75,31.6833,32.75,519347
2005-12-15,30.7,32.2417,30.4917,32.0833,842551
2005-12-16,31.5417,31.6667,30.6,30.825,485614
2005-12-19,32.3417,32.4833,31.525,31.6667,507357
2005-12-20,32.05,32.6667,32,32.1667,361984
2005-12-21,32.475,32.9417,32,32,1279420
2005-12-22,33,33.3167,31.6833,32.65,895269
2005-12-23,33.45,33.6667,32.75,33.1417,706183
2005-12-26,32.5417,33.65,32.3333,33.6,433019
2005-12-27,32.7417,32.9833,31.8333,32.65,336040
2005-12-28,32.975,33.25,32.6833,32.8167,222549
2005-12-29,34.275,34.5667,33,33.0417,1105070
2005-12-30,35.15,35.35,34.125,34.5,990273
2006-01-02,35.625,36.2,35.0917,35.1667,856142
2006-01-03,35.7167,36.1667,35.5583,35.8333,592970
2006-01-04,35.0167,36,34.8417,36,1148949
2006-01-05,34.3333,35.5833,34.1083,35.1667,1201353
2006-01-06,35.7,35.8333,34.1667,34.1667,871521
2006-01-09,36.9333,37.0833,35.75,36,1167070
2006-01-10,37.2083,37.5,36.5833,37.1667,1051243
2006-01-12,37.1417,37.3833,36.5417,37.3,762914
2006-01-13,36.9417,37.6667,36.6833,37.6667,819781
2006-01-16,36.8667,37.1583,36.6583,36.8333,664109
2006-01-17,36.7833,37.375,36.6667,37,922581
2006-01-18,36.825,39.9667,36.375,36.6667,862518
2006-01-19,36.0167,37.2333,35.4333,37.2,2017371
2006-01-20,36.4,37.0833,36.0333,36.65,1529315
2006-01-23,36.05,36.6333,35.3667,36.5,1412426
2006-01-24,36.1667,36.6667,35.9333,36.1667,1068215
2006-01-25,35.6833,36.6667,35.2167,36.6667,1164362
2006-01-27,36.8333,37.4833,35.7,35.9167,1319953
2006-01-30,38.7,39.2333,36.5,36.8333,2391877
2006-01-31,39.4167,39.8167,38.4667,38.6667,1882443
2006-02-01,38.3333,40.0333,38.0333,39.6667,1172249
2006-02-02,38.2333,39.1,38.0333,38.65,767754
2006-02-03,37.8667,38.3333,37,37.8333,890198
2006-02-06,39.35,39.8667,37.5,38,974005
2006-02-07,38.75,40,38.45,39.3333,1242889
2006-02-08,39.2333,39.6667,38.2333,39,1304080
2006-02-10,38.5333,39.6333,38.15,39.1667,557814
2006-02-13,38.2,38.75,37.9833,38.5333,1363110
2006-02-14,37.6333,38.5,37.4667,38.3333,1287910
2006-02-15,37.9833,38.3333,37.6333,37.6333,1273565
2006-02-16,37.5833,38.25,37.45,38.0833,749501
2006-02-17,36.6167,37.9,36.05,37.6667,3067806
2006-02-20,36.3167,36.6667,35.6833,36.6667,834967
2006-02-21,36.4167,37.5,36.1,36.4167,858094
2006-02-22,36.8333,36.9833,36.4667,36.6667,655653
2006-02-23,37.2833,38.1333,33.8833,33.8833,2329052
2006-02-24,37.4833,38.45,37.25,37.5,1316610
2006-02-27,36.7833,37.8,36.5,37.3333,709345
2006-02-28,36.8,37.2667,36.1667,37,655386
2006-03-01,37.25,38,36.6167,36.9833,945316
2006-03-02,38.7833,38.9667,37.25,37.6,1282320
2006-03-03,38.8667,39.5,38.6667,39.0333,1935464
2006-03-06,39.3,39.55,38.8333,38.8333,1090876
2006-03-07,38.0833,39.3167,37.9667,39.3,1581229
2006-03-08,37.25,38.3,36.8,38.3,1932592
2006-03-09,37.6167,37.75,36.6667,36.6667,861411
2006-03-10,37.7667,38.0667,37.3667,37.6667,728746
2006-03-13,39.2167,40.6333,37.8333,38.3333,2250383
2006-03-14,39.75,40.6667,39.4333,39.6167,2803964
2006-03-16,41.1333,41.3333,39.85,40.1667,2146995
2006-03-17,40.2333,41.3333,39.85,41.3333,1015898
2006-03-20,40.5,41.05,40.3333,40.8667,734574
2006-03-21,39.5167,40.8,39.2667,40.75,989055
2006-03-22,38.1,39.85,37.7667,39.85,2680790
2006-03-23,39.2333,39.5,38.3333,38.6,1455975
2006-03-24,40.25,40.3333,39.05,39.45,1341232
2006-03-27,39.8667,40.8333,39.6667,40.8333,797439
2006-03-28,39.8667,40.6,39.5667,40.2667,954348
2006-03-29,40.4667,40.6667,39.7,39.7,806150
2006-03-30,40.9333,41.1667,40.5,41,1104696
2006-03-31,41.3333,41.9667,40.5167,40.9333,796550
2006-04-03,41.8167,42.15,41.2833,41.6333,590709
2006-04-04,43.9167,44.15,41,42.0333,2771356
2006-04-05,44,44.3333,43.3833,44.3,855653
2006-04-07,42.9167,45,42.6667,44.3,1580132
2006-04-10,43.8167,44.0667,42.1167,43.2,694010
2006-04-12,42.9667,44.2667,41,41,1156354
2006-04-13,42.6167,43.3167,39,42.3333,1947605
2006-04-17,42.5333,43.9333,42.35,43,805479
2006-04-18,44.3667,44.6333,42.6667,43,1324812
2006-04-19,44.1833,45,43.4,45,806821
2006-04-20,44.55,44.8167,43.8667,44.6333,637063
2006-04-21,44.3667,44.8333,43.6667,44.8333,519502
2006-04-24,45.4667,45.8333,43.7333,44.1667,532050
2006-04-25,43.7333,46.1667,43.3333,46,1226258
2006-04-26,44.1833,44.8333,43.7,44.3,698000
2006-04-27,46.4167,48.1667,44.5667,44.6667,3148534
2006-04-28,51.95,53.4667,42,42.7333,5444962
2006-05-02,52.5833,54.3,52.3333,53.3333,1545130
2006-05-03,53,53.7,52.5833,52.5833,1760364
2006-05-04,52.1667,53.65,51.5333,53.3333,866286
2006-05-05,52.05,53,49.0833,49.0833,405071
2006-05-08,52,53.1,50.7167,52.05,397663
2006-05-09,51.4167,52.6667,50.8333,52,380476
2006-05-10,53.9167,54.3333,51.5667,51.5667,2460884
2006-05-11,54.4833,55.8167,54.0333,54.3333,1194116
2006-05-12,56.8667,57.9333,53.3333,54.6667,2103867
2006-05-15,50.95,57.7833,49.7167,57.6667,3360720
2006-05-16,53.7333,55.3,49.3333,50.9333,2803223
2006-05-17,53.3667,55.2833,52.1833,54.6667,3026900
2006-05-18,48.2333,53.9667,47.4,53.6333,2680556
2006-05-19,44.85,51.65,44.05,49.3333,1882951
2006-05-22,43.5333,50,35.7,45.85,2182583
2006-05-23,44.5333,45.4833,40,43.3333,2273728
2006-05-24,45.3667,47.4,43.9667,45.4667,1659471
2006-05-25,46.1667,46.8667,40.6667,46.3333,1742518
2006-05-26,50.0167,50.6667,46.3333,46.6667,2720131
2006-05-29,49.9833,51.6667,49.3333,50.7333,1903253
2006-05-30,47.7167,50.6667,47.0833,49.6667,1103313
2006-05-31,44.9667,47.6667,43.7333,46.6667,2404760
2006-06-01,41.9,46.6333,40.6833,46.1667,1974370
2006-06-02,43.1667,43.8333,40.7333,41.4167,2416352
2006-06-05,42.65,45.25,42.3333,44.8167,1252197
2006-06-06,42.9833,44.2333,39.3833,42.3333,1962380
2006-06-07,42.7667,43.5667,41.0833,43.0167,1996754
2006-06-08,37.45,42.5333,36.7,42.5333,2491130
2006-06-09,41.4667,42.9167,36.7,36.7,1790255
2006-06-12,41.3167,43.1333,40,41.6667,2216966
2006-06-13,39.1,40.95,38.3333,40.95,984621
2006-06-14,38.65,45.3333,37.7,45.3333,1965436
2006-06-15,42.1167,42.6667,39.3333,40,1649810
2006-06-16,42.8667,44.5667,41.6667,43.2333,1691601
2006-06-19,44.1833,44.5833,41.3333,42.6667,1212055
2006-06-20,42.95,44.3333,42.1667,44.3333,829994
2006-06-21,43.3167,43.6333,42.0333,42.9667,830406
2006-06-22,44.5167,45.0833,44.0667,44.3333,799974
2006-06-23,44.95,45.0833,42.0667,44,824779
2006-06-26,43.85,45.5,43.3333,44.6667,730624
2006-06-27,43.35,45,42.5,44.2667,816020
2006-06-28,44.7167,45.1,42.1167,42.9667,1162772
2006-06-29,47.2833,48.1333,45.3333,45.5,2936478
2006-06-30,47.4333,48.8,47.1667,48,1071013
2006-07-03,47.7333,48.4167,47.0667,47.9333,1218636
2006-07-04,46.35,48.6333,46.1833,48.1667,715058
2006-07-05,47.2833,47.7,45.8333,46.3667,790669
2006-07-06,46.8167,47.15,45,46.1833,492074
2006-07-07,45.7167,47.75,45.3667,47.3333,674372
2006-07-10,47.5833,47.6667,45.5333,45.75,750911
2006-07-11,49.0833,49.3333,46.6667,46.6667,1794486
2006-07-12,49.15,49.3333,47.1,47.1,1003269
2006-07-13,49.45,50.5,48.3333,49.1333,1202566
2006-07-14,49.0333,49.45,48.0167,48.9667,710357
2006-07-17,48.1333,49.2333,46.5333,46.5333,536467
2006-07-18,48.5333,49.6667,46.3667,46.7833,832501
2006-07-19,44.6833,49.9333,43.9167,49.0667,2433812
2006-07-20,46.6667,47.6333,45.1667,45.1667,1695947
2006-07-21,43.6333,47,43,47,2459224
2006-07-24,44.0333,44.4,42.1667,43.6167,1443731
2006-07-25,44.4,45.4833,43.8833,45,876473
2006-07-26,45.6667,45.9667,43.7333,44.3333,932662
2006-07-27,45.2333,46.5833,45,46,1022380
2006-07-28,44.65,45.5333,44.3333,45.5,511590
2006-07-31,43.95,45.5,43.6667,45,438063
2006-08-01,44.1167,44.8333,43.6333,44.0333,652332
2006-08-02,44.6333,44.8333,44,44.1167,305010
2006-08-03,44.2333,45.1333,44.0167,44.9667,552893
2006-08-04,45.1667,45.3667,44.3,44.3,984779
2006-08-07,45.3333,45.8,44.6667,45.25,868765
2006-08-08,45.6667,46,45.0333,46,507722
2006-08-09,45.9833,46.3,45.3,45.3333,461481
2006-08-10,45.3333,46.4167,45.2333,45.4167,398772
2006-08-11,45.3333,46.15,45.0833,45.8333,349205
2006-08-14,45.3333,45.8,45.1,45.4,1080754
2006-08-16,46.55,47.3333,45.7333,45.7333,1104854
2006-08-17,47.1667,47.4833,46.0333,47.1667,902719
2006-08-18,47.1333,48,46.8333,47.35,1005603
2006-08-21,46.2667,47.65,45.8333,47.5,1462779
2006-08-22,46.2667,47,45.8333,46.6667,709257
2006-08-23,45.4,46.3333,45.25,46.3333,626450
2006-08-24,45.8667,46.0167,44.75,45.1667,503826
2006-08-25,45.9167,46.3333,45.6667,45.8667,324276
2006-08-28,46.2333,46.5667,45.95,46.3833,224385
2006-08-29,46.0667,46.6333,45.8333,46.3333,373125
2006-08-30,46.1,46.4833,45.6833,46,225944
2006-08-31,45.4833,46.3333,45.2333,46.1,530854
2006-09-01,45.6,46.0333,45.1667,45.65,276812
2006-09-04,48.0667,48.3333,45.8333,45.9667,1876960
2006-09-05,47.85,48.6333,47.3667,48.4167,1168007
2006-09-06,47.0833,48.4667,47,47.85,565476
2006-09-07,46.8833,47.8333,46.1833,47.0833,890155
2006-09-08,46.65,47.3333,46.3667,47.3,577881
2006-09-11,44.55,47.3333,43.8833,47,935091
2006-09-12,45.5167,45.75,43.9,44,562025
2006-09-13,46.45,46.8167,45.7,45.7,386861
2006-09-14,46.65,48.8,46.4667,47.8333,529028
2006-09-15,45.9833,47.2333,45.6,46.8333,640546
2006-09-18,46.6333,47.0333,46.0667,46.0833,631656
2006-09-19,45.65,47.3,45.0333,47.3,824805
2006-09-20,45.65,45.85,45,45.6667,682226
2006-09-21,46.5333,46.6333,45.8667,46.1667,592282
2006-09-22,45.6833,46.4833,45.4167,46.3333,519275
2006-09-25,45.5667,46.1,45.3667,45.8333,160452
2006-09-26,46.05,46.2,45.3667,45.7333,380621
2006-09-27,46.3333,46.9333,46.0667,46.1667,740817
2006-09-28,45.45,47,45.2333,47,642773
2006-09-29,45.6,46.1667,45.4667,45.9667,566009
2006-10-03,46.1333,46.3167,44.8333,45.6,494963
2006-10-04,46.5333,46.9167,45.5,46.3,669832
2006-10-05,47.3,47.5,46.7,47,721911
2006-10-06,46.65,48,46.4333,47.3333,619195
2006-10-09,46.6333,47.6667,46.0333,47.6667,379293
2006-10-10,47.25,47.9667,46.4,46.4,1006088
2006-10-11,46.3833,48,46.0833,47.3333,578316
2006-10-12,47.0333,47.3,45.5,46.5,514917
2006-10-13,46.8333,47.4167,46.6667,47.1333,286187
2006-10-16,47.6833,48.3333,47,47.5,1128697
2006-10-17,47.3167,48.1333,46.65,47.9333,522086
2006-10-18,47.8333,48.3333,43.8833,47.3167,748143
2006-10-19,49.6,49.9667,47.9833,47.9833,2680880
2006-10-20,48.9167,50.2,48.5,49.1667,648836
2006-10-23,48.6333,49.1667,48.4333,48.7167,501840
2006-10-26,48.6167,49.5667,48.3333,49.5667,664835
2006-10-27,48.6167,49,48.45,49,206637
2006-10-30,50.2167,50.5667,48,48.3333,1462304
2006-10-31,50.95,52,49.4,51.3333,3886548
2006-11-01,51.5333,52.3167,51.1667,51.5833,1465869
2006-11-02,50.8167,51.7,50.5,51.5333,753139
2006-11-03,50.1,51,49.75,51,872161
2006-11-06,50.0667,51.2167,49.8,50.5667,1051500
2006-11-07,49.5667,50.6667,49.3667,50.3333,643309
2006-11-08,49.3833,50,48.9667,49.9,1015487
2006-11-09,49.1167,49.8,48.9167,49.3833,407484
2006-11-10,49.2333,49.4,48.55,49.3167,282587
2006-11-13,49.9833,50.25,49.35,49.6667,1057853
2006-11-14,49.1,50.6333,49,50.6333,774589
2006-11-15,48.2,49.6167,48.05,49.6167,871959
2006-11-16,47.1833,48.6667,47.0167,48.6667,1358177
2006-11-17,46.5833,47.9667,46.0667,47.6667,1354039
2006-11-20,47.5,47.8,45.75,46.6667,865240
2006-11-21,47.6333,48.3333,46.3333,47.65,1258714
2006-11-22,47.2667,48.1667,47.1667,47.9667,749922
2006-11-23,47.3,47.8667,47.15,47.5,749420
2006-11-24,48.2167,48.9333,46.6667,47.3,2319335
2006-11-27,47.6833,48.8333,47,48.6667,733978
2006-11-28,47.0333,47.9667,46.6333,47.3333,906320
2006-11-29,48.1333,48.2833,47.0833,47.1667,847207
2006-11-30,49.3833,49.6,47.8333,48.2333,1506030
2006-12-01,49.2,50.2333,49,50,486640
2006-12-04,48.6667,49.5,48.4,49.5,794933
2006-12-05,48.3,49.3167,48.1833,48.7,285812
2006-12-06,48.3833,49.3333,48.15,48.3,1138440
2006-12-07,48.2667,48.6667,48,48.65,326416
2006-12-08,47.6167,48.5833,47,48.5833,611257
2006-12-11,46.7833,48.0833,46.4333,47.6167,709215
2006-12-12,47.2333,48.4667,45.8833,46.6667,1183008
2006-12-13,47.9167,49.9667,46.0333,49.9667,713413
2006-12-14,48.5333,48.6667,47.45,48.6333,817263
2006-12-15,49.1333,49.3,48.0333,48.7333,597066
2006-12-18,48.4833,49.5833,47.8333,49.1333,376228
2006-12-19,47.8833,48.8333,47.6,48.1667,253224
2006-12-20,47.2167,48.5667,46.7,47.9333,422331
2006-12-21,47.8167,48.3167,46.7333,48,363931
2006-12-22,48.0333,48.3333,47.35,48.1333,290427
2006-12-26,48.5333,48.7833,47.7,48.6667,362444
2006-12-27,48.5333,49.3333,48.0333,48.0333,191755
2006-12-28,48.65,49.2333,48.3833,49,510409
2006-12-29,48.9667,53.3833,48.8333,53.3833,385076
2007-01-02,49.1667,49.6,49,49.1667,340694
2007-01-03,51.1333,51.9667,49.1667,49.6667,978491
2007-01-04,51.2167,52.2333,51,51.6,643950
2007-01-05,50.5833,51.4167,50.3333,50.3333,361692
2007-01-08,50.5167,51.2667,50.1667,50.9667,520925
2007-01-09,50.55,51.3333,50.2167,50.9667,549788
2007-01-10,49.9167,50.8833,49.0167,50.8833,545662
2007-01-11,50.6667,50.8333,49.3667,50.45,447345
2007-01-12,51.2667,51.65,50.8333,51,702777
2007-01-15,51.05,52,50.75,51.9167,843809
2007-01-16,51.3167,51.6667,50.8333,51.6167,405769
2007-01-17,51.7167,51.8333,50.8333,51.6,901793
2007-01-18,57.1333,58.9,51.6667,51.85,3930223
2007-01-19,56.4167,59.3333,56,59.2833,3071847
2007-01-22,54.1,57.1,53.7333,56.9667,1309200
2007-01-23,53.6833,55.1667,53.1167,53.1167,2280480
2007-01-24,54.6,55.2667,53.1667,53.6667,2018832
2007-01-25,51.35,55.25,50.875,55.25,1755049
2007-01-29,51.025,52.2,50.55,52,791880
2007-01-31,49.45,51.35,49.05,51.325,1461962
2007-02-01,50.425,50.975,48.75,49.55,766352
2007-02-02,50.075,51.15,49.9,50.5,634251
2007-02-05,50.75,51,49.5,50,545929
2007-02-06,52.65,53,50.25,51,1643469
2007-02-07,53.175,53.5,52.075,53.375,1192290
2007-02-08,52.35,53.35,51.5,53.125,643424
2007-02-09,51.9,52.875,51.4,52.35,601562
2007-02-12,50.8,52.4,50.35,52,549635
2007-02-13,49.9,51.7,48.75,50.05,667965
2007-02-14,50.525,50.95,49,49.5,603933
2007-02-15,52.5,53.1,49.525,50.925,802201
2007-02-19,52.325,53.05,51.525,52.925,368398
2007-02-20,51.125,52.925,50.75,52.65,240184
2007-02-21,52.975,53.225,50.55,51.25,1125618
2007-02-22,50.05,53.85,49.05,53.85,2495714
2007-02-23,49.225,51.15,48.5,50.35,712941
2007-02-26,49.725,50,47.725,47.725,805052
2007-02-27,49.325,50.45,49.075,50,669945
2007-02-28,48.85,49.5,46,47.85,1242048
2007-03-01,47.95,49.5,47.025,49.5,1109659
2007-03-02,48.65,49.25,47,47.625,829448
2007-03-05,46.125,47.525,45.225,47.525,1115064
2007-03-06,45.5,48.45,45,46.55,1217087
2007-03-07,45.575,46.5,45.05,45.975,688725
2007-03-08,45.925,46.275,44.375,45.75,1006183
2007-03-09,44.925,46.5,44.7,46.5,430509
2007-03-12,44.25,46.2,44,45.85,814223
2007-03-13,44.925,45.45,44.4,44.825,562120
2007-03-14,44.05,44.85,41,44.5,421488
2007-03-15,43.8,44.95,43.625,44.5,380358
2007-03-16,42.25,44.125,41.95,43.75,540256
2007-03-19,42.525,42.875,42.075,42.875,298343
2007-03-20,42.075,43.4,41.7,43,525112
2007-03-21,43.65,43.95,41.55,41.55,1152018
2007-03-22,45.35,45.85,44,44,1431987
2007-03-23,46.7,47.3,45.05,45.925,3125199
2007-03-26,45.45,47.4,45.025,46.6,1420559
2007-03-28,45.425,46.325,42.65,46.325,586113
2007-03-29,45.325,47.225,44.525,47.225,778892
2007-03-30,47.5,47.775,44.65,45.5,1334875
2007-04-02,46.55,47,45.125,47,757989
2007-04-03,46.475,47.4,45.575,46.55,486108
2007-04-04,46.325,47.35,45.8,46.9,790755
2007-04-05,47.05,47.7,45.625,46.6,1650908
2007-04-09,46.25,47.7,45.775,47.7,724463
2007-04-10,46.5,46.95,45.875,46.275,1041372
2007-04-11,46.65,47,41.95,41.95,389962
2007-04-12,46.925,47.5,45.675,45.7,1400771
2007-04-13,46.6,47.5,46.525,47.2,429716
2007-04-16,46.9,47.25,46.6,47.175,425642
2007-04-17,47.025,48.5,46.25,47.25,1090026
2007-04-18,49.525,49.95,47.075,47.375,1603659
2007-04-19,50.075,50.4,48.5,48.5,1466382
2007-04-20,48.55,50.95,48.225,50.5,1789855
2007-04-23,48.425,49.25,48.175,49,376504
2007-04-24,49.525,49.7,47.575,48.475,643526
2007-04-25,49.575,49.925,48.75,49.5,547167
2007-04-26,48.9,50,48.55,49.575,1409028
2007-04-27,47.4,49.7,46.8,49,458275
2007-04-30,47.6,47.9,46.5,47.475,403046
2007-05-03,48.2,48.5,47.375,48,369768
2007-05-04,48.1,49.35,47.9,48.35,884922
2007-05-07,48.25,49.25,48.05,48.15,307868
2007-05-08,47.35,49.2,46.75,48.725,1123488
2007-05-09,47.125,48.975,46.675,47.5,713866
2007-05-10,46.85,47.925,46.75,47.5,563668
2007-05-11,46.55,46.95,41.8,46.7,631350
2007-05-14,44.95,47.5,44.6,46.55,2302643
2007-05-15,45.2,45.725,44.95,45.35,835102
2007-05-16,45,45.5,44.8,45.5,1538751
2007-05-17,45.875,46.4,45,45.55,776760
2007-05-18,47.5,47.875,45.2,46,2303257
2007-05-21,48.15,49.5,48,48.45,1229549
2007-05-22,48.5,49,47.6,49,1270786
2007-05-23,48.5,48.95,47.4,48.75,1275441
2007-05-24,48.975,49.175,47.65,47.675,1406488
2007-05-25,48.05,48.95,47.275,48.35,1087059
2007-05-28,49.55,49.75,48.1,48.45,1301053
2007-05-29,49.85,50.225,49.025,49.55,1080421
2007-05-30,49.1,50,47.75,49.85,1085657
2007-05-31,49.95,50.25,48.05,49.325,1976076
2007-06-01,49.025,50.375,48.625,49.95,378226
2007-06-04,50.05,51.475,48.65,50.2,977499
2007-06-05,50.65,50.75,49.025,49.925,813617
2007-06-06,50.4,52.15,49.85,52.15,497089
2007-06-07,49.925,50.225,48.5,48.8,410281
2007-06-08,49.425,49.925,48.675,49.925,455699
2007-06-11,49.3,50.1,49.2,49.25,270415
2007-06-12,49.775,50,48.65,49.025,406085
2007-06-13,50.8,51,49.65,49.75,1030307
2007-06-14,50.975,51.425,50.3,51,696124
2007-06-15,50.45,51.35,49.175,50.975,1118253
2007-06-18,50.6,51.7,49.3,50.5,1068593
2007-06-19,51.65,52,50.025,50.5,513084
2007-06-20,51.45,51.7,50.625,51.525,416534
2007-06-21,49.75,51.9,49.5,51.45,814670
2007-06-22,51.35,51.5,49.75,49.75,768635
2007-06-25,52.425,52.5,50.125,51,813439
2007-06-26,51.925,53.2,51.225,53.2,345295
2007-06-27,51.625,52.075,51.125,51.4,398155
2007-06-28,52.175,52.5,50.9,51.35,827313
2007-06-29,51.425,52,50.9,52,378508
2007-07-02,51.175,52.5,51,51.5,333683
2007-07-03,51.575,51.95,51.175,51.175,210712
2007-07-04,51.2,51.95,51,51.95,250109
2007-07-05,50.925,51.45,50.55,51,278025
2007-07-06,51.525,51.725,50.5,50.725,585672
2007-07-09,50.525,51.9,50.25,51.175,328074
2007-07-10,52.775,52.975,50.5,50.5,1255013
2007-07-11,52.125,52.725,51.525,52.5,537834
2007-07-12,52.325,53.025,51.8,52.425,812837
2007-07-13,51.525,52.675,51.25,52.55,641672
2007-07-16,51.15,51.9,51.025,51.85,215862
2007-07-17,51.7,51.9,51.175,51.175,1745750
2007-07-18,50.225,51.9,49.75,51.75,360183
2007-07-19,51.45,51.65,50.55,50.55,444326
2007-07-20,51.05,51.5,50.5,51.2,2181997
2007-07-23,50.175,51.95,49.75,51.35,2265516
2007-07-24,50.3,51.375,50.2,50.5,797497
2007-07-25,50.4,51,49.775,50.3,403249
2007-07-26,52.425,52.9,50.5,50.6,3816186
2007-07-27,50.375,52.025,50.15,51.25,913783
2007-07-30,51.25,51.525,50,50.375,1497493
2007-07-31,52.325,52.675,50.625,51.25,645452
2007-08-01,50.15,53.425,50.025,52.45,399651
2007-08-02,50.725,51.625,50,51.1,705166
2007-08-03,50.5,51.475,50.3,51.45,2433036
2007-08-06,51.7,52.5,49.825,50.25,612662
2007-08-07,50.925,52,50.75,51.3,475110
2007-08-08,51.825,52.475,50.875,51,489480
2007-08-09,51.9,52.275,51.625,52.1,518937
2007-08-10,51.125,51.45,50.5,50.575,488794
2007-08-13,52,52.125,51,51.25,503529
2007-08-14,50.925,51.975,50.85,51.975,172075
2007-08-16,49.2,51,48.5,50.65,668754
2007-08-17,49.7,50.6,46.55,49.775,559730
2007-08-20,50.475,51.075,48.325,50.4,239049
2007-08-21,50.25,50.975,49.7,50.05,348473
2007-08-22,50.5,50.875,49.55,50.25,251617
2007-08-23,50.45,51.925,50.1,51.25,359575
2007-08-24,50.05,51.125,49.7,50.025,328624
2007-08-27,50.375,50.85,50,50.325,211778
2007-08-28,50.2,50.9,49.85,50.7,459551
2007-08-29,50.675,51.25,49.75,49.75,571709
2007-08-30,51.2,52.225,50.25,50.425,855180
2007-08-31,50.5,51.95,50.325,51.25,832183
2007-09-03,50.35,51.25,50.25,50.25,270325
2007-09-04,50.375,50.95,50.25,50.4,306497
2007-09-05,50.95,51.125,50.025,50.9,472215
2007-09-06,50.575,51.425,50.225,51.425,313484
2007-09-07,50.35,50.95,50.225,50.875,282145
2007-09-10,49.95,50.5,49.7,50,926675
2007-09-11,51.9,52.275,50.1,50.5,1604486
2007-09-12,52.275,52.625,51.875,52,882445
2007-09-13,53.125,53.25,52.05,52.275,750772
2007-09-14,52.9,54.5,52.75,53.475,851474
2007-09-17,52.2,53.5,52,53.475,229715
2007-09-18,53.95,54.725,52.05,52.05,1266121
2007-09-19,53.45,55,53.125,54.475,1415180
2007-09-20,53.45,54.65,53.05,53.75,1011021
2007-09-21,53.7,54.875,52.775,53.5,2237449
2007-09-24,54.2,54.925,53.2,53.25,1112534
2007-09-25,53.925,54.35,53.375,54.35,384638
2007-09-26,53.9,54.325,53.35,53.75,904855
2007-09-27,51.8,54.375,51.3,54.25,2243463
2007-09-28,52.925,53.45,51.525,51.975,1072911
2007-10-01,52.575,53.5,46.875,46.875,823408
2007-10-03,53.825,54.45,52.575,53,2060534
2007-10-04,54.7,56.975,53.05,53.5,14499772
2007-10-05,53.725,57.25,53.275,54.275,18014312
2007-10-08,53.4,54.7,51.75,54.275,2318098
2007-10-09,54.775,55.175,52,52.225,3094644
2007-10-10,53.675,55.5,53.5,54.5,1312373
2007-10-11,53,53.975,52.775,53.975,971724
2007-10-12,52.925,53.675,52.5,52.525,626632
2007-10-15,53.55,53.8,53,53.25,448502
2007-10-16,51.775,53.25,50.95,52.8,1860282
2007-10-17,50.525,51.125,41.85,50.05,1184439
2007-10-18,51.675,53.05,50.05,52,1478423
2007-10-19,52,52.9,49.7,50,918663
2007-10-22,52.2,52.975,50.5,51.25,333979
2007-10-23,54.025,54.35,49.95,49.95,1017363
2007-10-24,54.175,58.5,53.35,55,1569711
2007-10-25,53.775,55.375,53.125,54.55,2490401
2007-10-26,55.725,55.975,53,53,1108805
2007-10-29,54.15,56.45,53.6,56,728015
2007-10-30,54.05,54.95,53.7,54.7,436246
2007-10-31,53.325,55.225,53.05,54.85,393162
2007-11-01,52.775,54.1,52.5,53.525,420114
2007-11-02,52,52.5,51.6,52,366643
2007-11-05,52.275,53,51.8,52.5,329394
2007-11-06,52.175,53.25,51.875,52.55,618730
2007-11-07,52.6,52.9,52,52.625,678195
2007-11-08,53.225,53.75,51.75,52,1191161
2007-11-09,52.6,53.5,50.55,53.225,40293
2007-11-12,52.95,53.425,50.8,52.3,287646
2007-11-13,52.725,53.5,52.35,53.025,468808
2007-11-14,53,53.45,52.5,53.45,3199428
2007-11-15,53.275,53.5,52.575,53.25,303579
2007-11-16,55.175,56.5,52.8,53.85,1042731
2007-11-19,62.825,66.75,56,56.8,6557117
2007-11-20,58.55,64.95,57.5,64,1576045
2007-11-21,55.075,61.8,54,58.05,1166315
2007-11-22,54.55,56,52.6,55.5,1022503
2007-11-23,55.875,57.275,55,55.95,491382
2007-11-26,55.475,57.375,54.75,56.825,295738
2007-11-27,55.3,56.35,54.775,55.925,337182
2007-11-28,55.3,56.25,54.275,55.75,1026724
2007-11-29,54.625,58.95,53.3,55.5,2491232
2007-11-30,55.425,56.45,54.95,54.95,947192
2007-12-03,55.2,56.95,54.8,56.2,1156128
2007-12-04,55.7,57.2,54.925,56.1,757042
2007-12-05,58.125,58.675,56.25,56.6,1398181
2007-12-06,57.75,59.75,57,59,1063177
2007-12-07,60.725,62,57.525,59,2055445
2007-12-10,60.8,62,60,61.5,960190
2007-12-11,59.55,61.75,59.05,61.125,1364636
2007-12-12,60.025,60.975,58.325,59,804583
2007-12-13,59.25,60.975,59,60.5,745339
2007-12-14,59.925,60.75,57.525,57.525,545550
2007-12-17,56.9,60.75,56.2,59.925,755124
2007-12-18,55.525,57.95,55.25,56.025,1944509
2007-12-19,56.025,57.625,55.275,56,741691
2007-12-20,55.675,56.975,55.5,56.5,524480
2007-12-24,56.125,56.45,55.95,56.1,490865
2007-12-26,56.925,57.4,56.3,57,949106
2007-12-27,56.025,59,55.8,56.925,3643886
2007-12-28,56.7,57.25,55.55,56.1,533994
2007-12-31,57.1,57.75,56.45,57,859670
2008-01-01,58.35,59.75,57.2,57.5,845054
2008-01-02,58.2,59.7,57.625,59,1898796
2008-01-03,59.175,59.875,57.5,57.8,3617368
2008-01-04,60.65,62.2,60,60,2383135
2008-01-07,62.3,63.15,59.65,60.65,1895120
2008-01-08,59.675,63.375,58.75,63,1773873
2008-01-09,59.325,60.425,58.125,59.975,783865
2008-01-10,56.875,60.25,56.125,59.85,562141
2008-01-11,56.35,57.775,54.875,57.05,524749
2008-01-14,56.675,57,55.65,57,556799
2008-01-15,57.125,57.6,56.575,57.05,489589
2008-01-16,56.275,57.725,55.3,56,417366
2008-01-17,56.1,57.075,55.575,56.275,461024
2008-01-18,56.75,58.2,55.65,55.65,1348363
2008-01-21,50.9,57.5,46.5,56.75,1363980
2008-01-22,44.275,50,37,47.5,1334742
2008-01-23,50.15,52.45,46,48.5,1335949
2008-01-24,51,53.75,48.25,50.75,1624949
2008-01-25,50.8,52,49.275,49.275,554097
2008-01-28,49.825,50.8,47.5,50.8,579265
2008-01-29,50.375,52.1,50,50.5,495017
2008-01-30,48.975,51.35,48.5,51.25,500084
2008-01-31,46.15,49.45,45.05,49.25,2682233
2008-02-01,48.175,48.45,46.325,47,516389
2008-02-04,50.075,50.375,46.125,46.125,441301
2008-02-05,50.55,50.75,48.275,48.275,427727
2008-02-06,49.675,49.95,47,48.55,253438
2008-02-07,49.45,50.9,49.05,50,515932
2008-02-08,50.125,50.85,49.05,49.25,890889
2008-02-11,47.025,50.45,47,50.125,513488
2008-02-12,47.125,48.375,47,48,580732
2008-02-13,47.075,48,46.75,48,498416
2008-02-14,47.925,48.6,47.3,47.8,831337
2008-02-15,47.475,48.075,47.025,47.925,469690
2008-02-18,47.5,48.25,47.225,47.7,289897
2008-02-19,49.6,49.95,47.625,48.15,1226283
2008-02-20,49.55,50.875,48.575,49.5,554435
2008-02-21,50.05,50.8,48.325,49.55,444150
2008-02-22,51.5,51.8,49.025,49.075,994498
2008-02-25,50.525,52.5,50.125,51.75,457474
2008-02-26,51.25,52.15,50,50,624389
2008-02-27,50.075,52.3,49.75,51.75,387357
2008-02-28,48.675,51.175,47.75,50,1528863
2008-02-29,49.9,50.3,48.3,49,1214092
2008-03-03,49.2,51.5,48.775,49,716766
2008-03-04,49.575,50.225,47.15,49.5,690461
2008-03-05,50.575,50.875,48.75,48.75,660435
2008-03-07,49.625,51.425,48.8,50,623688
2008-03-10,49.55,50,48.525,48.775,344453
2008-03-11,50.05,50.375,49.025,49.5,185236
2008-03-12,50.75,51.025,50.05,50.275,303384
2008-03-13,49.025,50.85,48.025,49.25,692708
2008-03-14,49.175,49.5,48.85,49.025,518380
2008-03-17,47.675,50,46.5,47.5,384809
2008-03-18,48.575,49.925,46.8,46.8,332611
2008-03-19,47.55,50.25,46.75,48.75,838261
2008-03-24,48.6,49,47.55,48,873993
2008-03-25,51.125,52.5,48.075,49.5,1305150
2008-03-26,53.275,54.05,49.75,51.5,940425
2008-03-27,52.55,53.775,50,50.5,1031646
2008-03-28,54.1,54.75,51.5,52.85,409395
2008-03-31,55.4,56.125,52.575,53,952754
2008-04-01,53.325,56.5,51.125,54,341272
2008-04-02,53.025,54.85,52.5,53.55,216130
2008-04-03,52.075,53.975,51.2,52.75,398140
2008-04-04,52.475,53.075,51.125,51.5,204589
2008-04-07,55.075,55.375,51.925,52.5,875308
2008-04-08,55.225,55.5,53.075,54.95,242252
2008-04-09,54.225,55.25,54,54.75,231658
2008-04-10,53.275,54.5,53.05,54.5,129732
2008-04-11,52.925,53.975,52.7,53.45,109156
2008-04-15,53.375,53.7,51.65,52.925,178496
2008-04-16,53.425,54.5,53.25,53.45,199483
2008-04-17,54.775,55.25,53.25,53.95,479640
2008-04-21,56.65,57.75,54.925,54.925,1355757
2008-04-22,54.125,56.75,53.85,55.325,718953
2008-04-23,52.725,54.875,52.25,54.45,1192276
2008-04-24,52.85,53.525,52.075,53,805784
2008-04-25,53.475,53.7,52.275,52.6,741911
2008-04-28,52.625,54.4,52.275,52.275,236815
2008-04-29,53.2,53.9,52.25,52.5,615208
2008-04-30,53.425,54.2,52.4,52.5,1335723
2008-05-02,53.875,54.9,53.075,53.5,997375
2008-05-05,54,54.7,53.15,54,893624
2008-05-06,54.95,55.4,53.525,54,2933054
2008-05-07,53.45,55.475,53.05,55.475,1681487
2008-05-08,52.3,53,51.625,52.35,236357
2008-05-09,50.275,52.3,50,52.3,292057
2008-05-12,50.2,50.75,49.05,49.675,470659
2008-05-13,49.65,51.95,49.5,50.5,745780
2008-05-14,49.825,50.1,49,49,166243
2008-05-15,49.65,50.5,49.4,50,615375
2008-05-16,49.525,50.125,49.4,49.85,600660
2008-05-20,48.8,50,48.7,49,1036784
2008-05-21,48.8,49.475,48.4,49,482303
2008-05-22,48.225,48.9,48.075,48.075,604141
2008-05-23,47.25,48.85,47.1,48.05,423196
2008-05-26,46.025,47.4,45.825,47.3,538512
2008-05-27,46.1,46.95,45.9,46.425,400122
2008-05-28,47.5,47.925,45.925,46.175,989368
2008-05-29,47.525,48.375,47.2,47.95,1003976
2008-05-30,48.525,49.2,47.625,47.925,1531094
2008-06-02,48.275,49.5,47.625,48.95,523361
2008-06-03,47.55,48.5,46.525,48.5,386268
2008-06-04,48.075,48.975,46.575,47.5,596474
2008-06-05,48.15,48.425,47.5,48,235715
2008-06-06,48.025,48.75,47.475,48.375,360254
2008-06-09,48.4,48.9,44.175,48.9,658171
2008-06-10,48.425,48.6,46.675,48,1410165
2008-06-11,49.1,49.4,48.25,48.5,663493
2008-06-12,49.6,50.5,47.75,48.5,651992
2008-06-13,49.575,50,48.55,49.825,240510
2008-06-16,49.675,51,49.05,49.975,285990
2008-06-17,49.7,50.5,49,49,116480
2008-06-18,49.725,50.2,49.375,49.775,136666
2008-06-19,48.55,49.5,48.3,49.5,152110
2008-06-20,47.9,49,46.775,48,740714
2008-06-23,46,47.5,44.1,46.5,504461
2008-06-24,44.3,46.2,44.025,46,363896
2008-06-25,43.9,53.15,42.15,43.5,340245
2008-06-26,43.65,45.5,43.25,44.5,697897
2008-06-27,41.35,43.25,41.15,42.75,1196223
2008-06-30,39.525,41.95,38.75,41.95,1108893
2008-07-01,39.475,41.225,39,41.225,355973
2008-07-02,40.45,40.925,37.5,39,246643
2008-07-03,37.8,40.05,37.125,40.05,265918
2008-07-04,38.875,39.95,37.5,38.125,776506
2008-07-07,40.575,41.75,39.25,39.25,397618
2008-07-08,40.45,40.975,38.575,40,137257
2008-07-09,42.075,42.35,40.875,41,250778
2008-07-10,45.275,45.475,41.525,41.525,658840
2008-07-11,47.325,49.7,45,45.125,1373212
2008-07-14,47.025,47.75,45.65,47.45,521480
2008-07-15,46.675,47.45,45,45,346699
2008-07-16,44.725,47,44.15,45,369263
2008-07-17,44,46.5,42.95,45.1,352042
2008-07-18,44.45,44.95,43.075,44,180210
2008-07-21,44.85,46.4,44.025,44.975,118213
2008-07-22,45.075,46,44.025,44.5,152524
2008-07-23,45.875,47.45,45.5,47,155195
2008-07-24,45.325,46.725,44.825,46,145096
2008-07-25,46.075,46.375,44.3,45,748120
2008-07-28,46.425,47.85,45.775,46.05,800591
2008-07-29,44.625,46.9,44.5,45.5,1145344
2008-07-30,45.425,46,44.05,44.05,281688
2008-07-31,45.2,45.55,44.675,44.675,509995
2008-08-01,45.2,46.9,44.75,44.75,391918
2008-08-04,45.925,46.45,45.25,46.4,181894
2008-08-05,46.025,46.5,45.1,45.1,146532
2008-08-06,45.025,46.725,44.775,46.4,487309
2008-08-07,45.025,47.45,44.775,45.025,210599
2008-08-08,45.025,46,44.5,45.05,294041
2008-08-11,45.725,46.1,45.275,45.55,277348
2008-08-12,45.4,46.2,44.55,46.1,530631
2008-08-13,45.375,45.75,44.75,45.7,324736
2008-08-14,45.5,46.45,44.575,44.825,1523173
2008-08-18,46.775,48.25,44.55,45.25,667941
2008-08-19,44.925,47.8,44.525,47,877489
2008-08-20,45.6,46.5,44.625,44.925,1030594
2008-08-21,44.025,47.35,43.125,46,1361777
2008-08-22,44.7,45.15,43,43.9,433354
2008-08-25,45,46.85,42.625,45.3,434211
2008-08-26,45.475,45.6,44.125,44.65,558284
2008-08-27,45.175,45.5,44.875,45.15,139912
2008-08-28,45.175,45.75,44.75,44.85,532754
2008-08-29,45.725,46.225,45.225,45.225,479747
2008-09-01,46.6,46.9,45.5,45.725,442165
2008-09-02,48.6,49.15,46.65,46.65,996868
2008-09-04,48.225,49.225,47.525,48.5,5180072
2008-09-05,48.3,49.075,47.025,47.425,285236
2008-09-08,48.05,49.25,47.5,49,94861
2008-09-09,47.475,48.175,47.175,47.625,191798
2008-09-10,46.275,47.5,46.025,47,344193
2008-09-11,44.975,46.125,44.3,45.575,1136298
2008-09-12,44.9,45.875,44.5,44.975,204153
2008-09-15,45.075,45.5,43,44.9,391474
2008-09-16,44.35,44.75,43.25,44,93282
2008-09-17,44.725,45.1,43.5,45,990151
2008-09-18,43.5,44,42.5,44,1060362
2008-09-19,44.45,45.4,43.7,44.95,133429
2008-09-22,45.475,45.95,44.075,44.3,235406
2008-09-23,43.675,45.1,43.375,44.3,337123
2008-09-24,44.275,44.6,43.55,44,172407
2008-09-25,43.7,45.275,42.7,44.5,595443
2008-09-26,44.475,44.75,43.325,43.5,473927
2008-09-29,43.95,45.05,43.25,44.5,471707
2008-09-30,45.55,45.75,42.025,42.5,889865
2008-10-01,44.825,45.925,44.5,45.925,760277
2008-10-03,45.025,45.375,44.15,44.55,1152287
2008-10-06,44.1,44.85,43.025,44.5,407057
2008-10-07,43.55,44.75,43.25,43.55,1628379
2008-10-08,43.125,43.7,41.4,42.75,1540608
2008-10-10,39.8,42.425,37.625,41.5,1923687
2008-10-13,39.275,40.95,38.55,40.125,264777
2008-10-14,39.225,40.55,38.5,40.55,528683
2008-10-15,39.125,39.35,37.625,39,642299
2008-10-16,39.95,41.125,36.025,39,377732
2008-10-17,40.5,41,39.05,40.925,234252
2008-10-20,40.1,41.5,39.225,41.25,166149
2008-10-21,39.95,40.5,39.525,40.025,78107
2008-10-22,39.725,40.425,38.9,39.75,130179
2008-10-23,39.925,40.25,37.55,38.125,353749
2008-10-24,35.85,39.475,35,38.75,228031
2008-10-27,33.325,36,30.075,36,177913
2008-10-28,34.8,35.475,34.325,34.4,30765
2008-10-29,33.95,36.225,32.95,35,258508
2008-10-31,40.8,42.475,34.25,34.45,510422
2008-11-03,41.175,41.775,39.05,41,527258
2008-11-04,43.75,44,40,42.25,547780
2008-11-05,44.275,45.45,41.775,44.5,317024
2008-11-06,43.825,44.5,42.275,43,111431
2008-11-07,43.05,43.95,42.5,42.55,1164419
2008-11-10,45.2,45.5,42.05,43.75,520311
2008-11-11,42.65,44.775,42.275,44.5,1966772
2008-11-12,42.825,43.5,42.075,43.5,90993
2008-11-14,42.675,44,41.9,43.05,187843
2008-11-17,41.475,42.85,40.55,42.85,1484586
2008-11-18,39.775,40.875,38.35,40.875,1799924
2008-11-19,39.4,40,38.7,38.7,639226
2008-11-20,37.625,38.725,36.825,38.725,595489
2008-11-21,37.4,37.85,37,37,91272
2008-11-24,37.55,38.75,36.8,37.75,1691160
2008-11-25,40.35,40.7,37.75,38.4,449483
2008-11-26,39.35,40.45,38.725,40.2,1696413
2008-11-28,40.975,41.175,38.5,39.35,165859
2008-12-01,42.475,42.75,40.55,41.475,2013761
2008-12-02,40.825,41.75,39.15,41.75,1555823
2008-12-03,41.225,41.725,39.975,40.6,310770
2008-12-04,41.225,41.5,40.325,41.45,259728
2008-12-05,40.65,41.475,40,41.25,139272
2008-12-08,40,42.4,39.625,42.4,845075
2008-12-10,39.35,40.25,38.9,40.25,719612
2008-12-11,38.325,39.9,37.95,39.75,749700
2008-12-12,39.15,39.5,37.5,37.5,1215734
2008-12-15,39.375,39.925,38.7,39,141796
2008-12-16,40,40.25,38.825,39.875,2145963
2008-12-17,40.925,41.5,39.75,40.5,1165706
2008-12-18,41.675,41.95,40.5,41.25,233056
2008-12-19,41.925,42.475,41.05,41.5,148933
2008-12-22,41.975,42.675,41.275,41.925,334733
2008-12-23,41.75,42.45,40.125,42.45,119649
2008-12-24,40.65,42.4,40.25,42.4,103924
2008-12-26,41.55,41.95,40,40,233393
2008-12-29,41.6,42.2,40.775,42,341722
2008-12-30,41.825,42,41.175,41.5,265754
2008-12-31,42,42.2,41.5,41.5,256743
2009-01-01,41.975,42.5,41.75,42.5,26575
2009-01-02,42.475,42.775,41.625,42,412013
2009-01-05,42.375,43.15,42.125,42.55,67574
2009-01-06,43.1,43.8,42.325,42.375,423336
2009-01-07,43.8,44.4,42.925,43.95,476601
2009-01-09,44.075,45,42.1,44.1,472804
2009-01-12,45.2,47.125,44.675,44.875,625832
2009-01-13,45,46.15,43.25,46.15,488395
2009-01-14,45.525,45.75,44.25,45.475,704129
2009-01-15,45.525,45.75,43.25,43.575,402591
2009-01-16,45,45.75,44.75,45,29214
2009-01-19,45.175,46.25,44.525,46.25,34641
2009-01-20,45.675,45.8,44.1,44.1,87986
2009-01-21,43.55,45.5,43.125,44.55,613665
2009-01-22,44.475,44.9,43.5,44.9,352854
2009-01-23,44.575,45,43.325,43.5,115577
2009-01-27,43.975,44.7,43.65,44.525,644275
2009-01-28,43.475,44.65,42.9,44.4,925232
2009-01-29,42.825,44,42.2,43.925,496749
2009-01-30,43.975,44.95,42.85,42.85,2117764
2009-02-02,43.525,44.4,42.775,43.15,931597
2009-02-03,44,44.375,43.125,43.125,603135
2009-02-04,44.25,44.5,43,44.2,1320288
2009-02-05,45.4,45.625,43.5,44.05,746173
2009-02-06,45.675,46.475,45.25,45.6,335280
2009-02-09,45.575,46.2,45,46.2,297929
2009-02-10,45.7,46.125,45.5,45.75,349903
2009-02-11,45.925,46.5,44.125,46.5,178919
2009-02-12,45.9,46,45.2,46,247189
2009-02-13,46.25,46.35,45.65,45.9,236767
2009-02-16,45.75,47.25,45.2,47.25,34847
2009-02-17,45.875,47.725,45,45.25,719925
2009-02-18,45.8,46.3,45,45,113676
2009-02-19,45.3,46.5,45.05,46.5,263342
2009-02-20,45.475,46.4,45.075,45.9,273798
2009-02-24,45.075,45.5,43.2,45,329707
2009-02-25,45,45.4,45,45.4,537102
2009-02-26,45.675,46,44.125,45,267110
2009-02-27,45.575,47.5,45,47.5,68962
2009-03-02,45.1,45.7,44.275,45,398848
2009-03-03,44.65,45.55,44,45.05,255995
2009-03-04,43.75,44.65,43.675,44.6,656404
2009-03-05,44.15,44.45,43.25,43.25,369882
2009-03-06,44.45,44.625,43.3,43.525,81483
2009-03-09,44.75,45.575,43.275,43.725,1228973
2009-03-12,44.925,45.35,44.25,44.825,519423
2009-03-13,45.875,46.05,44.975,45.9,188141
2009-03-16,47.2,47.25,45.05,45.05,483716
2009-03-17,47.15,47.5,46.425,47.5,578742
2009-03-18,47.4,47.875,46.75,47.5,305882
2009-03-19,47.325,47.7,46.525,46.75,180319
2009-03-20,46.5,46.75,45.65,46.575,366070
2009-03-23,46.525,47,46.425,47,390494
2009-03-24,47.125,47.5,46.625,47.2,194630
2009-03-25,46.45,47.35,46.05,46.625,147722
2009-03-26,47.425,48.5,45.675,46.25,672730
2009-03-27,46.85,47.5,46.3,47.4,81607
2009-03-30,47.475,48,46.5,46.85,182920
2009-03-31,49.6,50,46.9,47.5,338008
2009-04-01,48.75,50,48.05,48.55,70746
2009-04-02,47.8,49.4,47.55,48.5,125998
2009-04-06,47.625,49,47.4,48,118434
2009-04-08,46.825,47.75,46.5,47.75,244000
2009-04-09,47.625,47.975,46.775,46.775,201846
2009-04-13,48.325,48.675,47.5,48,130876
2009-04-15,49.05,49.375,47.6,47.75,240590
2009-04-16,48.775,50.5,48.1,49.2,522380
2009-04-17,49.825,50.2,49,49.5,447021
2009-04-20,49.5,50.425,49.175,50,1316413
2009-04-21,52.075,53.475,49.175,49.175,2358737
2009-04-22,51.675,53.25,49.8,53.25,1179053
2009-04-23,53.075,54.15,51.125,52,1192291
2009-04-24,53.85,54.3,51.525,52.5,1128724
2009-04-27,51.525,54.4,50.575,53.55,1613566
2009-04-28,50.75,52.25,50.225,51.25,476334
2009-04-29,51.85,52.8,50.775,51,1101083
2009-05-04,52.5,54,52.05,52.5,462176
2009-05-05,52.5,53.45,52.1,52.5,240821
2009-05-06,52.5,52.975,51.55,52.5,397241
2009-05-07,54.775,55,52.5,52.5,1744925
2009-05-08,55.4,56.375,54.025,54.95,698924
2009-05-11,56.125,56.35,55,55.5,3388204
2009-05-12,54.725,57.175,54.275,56,686421
2009-05-13,54.675,55.125,54.075,55,324797
2009-05-14,53.725,54.5,53.15,54,666324
2009-05-15,53.175,54.7,52.9,54.225,433780
2009-05-18,57.5,61.5,55,56.35,680
2009-05-19,56.85,57.975,52.5,52.55,1634184
2009-05-20,56.775,58.45,56,57,843468
2009-05-21,56,57.85,55.05,57.5,505517
2009-05-22,55.475,56.9,55,55.55,154319
2009-05-25,57.375,60,55,55,2285266
2009-05-26,56.35,59.975,55.775,59.375,3007289
2009-05-27,56.95,58.1,56.025,57.675,1810608
2009-05-28,55.325,57.25,55,56.125,529677
2009-05-29,55.225,56.45,55,55.5,392859
2009-06-01,54.45,56.25,54.1,56.25,2693166
2009-06-02,54.825,55.925,52.9,54.75,1292550
2009-06-03,56.45,56.95,54.825,55.45,2051325
2009-06-04,56.875,58.4,56.125,56.7,1720600
2009-06-05,56.875,58,56.25,58,791450
2009-06-08,55.45,58.425,54.65,56.45,679060
2009-06-09,56.2,56.425,52.55,53.575,492434
2009-06-10,57.025,57.95,55.9,56.5,3077916
2009-06-11,56.975,58.825,56.05,56.25,1062158
2009-06-12,57.575,58.4,56.275,57.5,1136850
2009-06-15,57.35,58.4,56.25,57,750314
2009-06-16,57.375,57.75,56.05,56.05,395707
2009-06-17,56.4,58.2,55.65,57.5,468058
2009-06-18,56.625,57.45,56,56,730849
2009-06-19,57.55,57.8,56.625,57.5,546310
2009-06-22,58.55,59.625,56.8,56.8,959170
2009-06-23,58.75,59,57.075,58,570226
2009-06-24,59.25,59.9,58.5,58.5,454136
2009-06-25,60.625,61.45,59,59.25,1620642
2009-06-26,60.75,61.15,59.65,60,1575055
2009-06-29,61.35,62,60,60.6,565153
2009-06-30,62.85,63.75,60.75,61.85,480924
2009-07-01,62.05,64.35,61.525,64,506099
2009-07-02,65,65.5,61.275,63.1,956788
2009-07-03,65.2,66,64.025,64.45,325102
2009-07-06,64.3,66.475,63.075,65.45,384540
2009-07-07,65.075,65.95,63.55,64.75,851318
2009-07-08,63.4,66,62.025,65.925,616375
2009-07-09,64.575,65.5,62.025,63.5,962807
2009-07-10,65.6,66,64.55,64.575,1069726
2009-07-13,65.825,66.275,64.55,65.75,626180
2009-07-14,65.025,66.75,64.75,66.125,857419
2009-07-15,64.825,65.775,64.15,65.75,1290237
2009-07-16,66.025,67.5,65.5,67,584388
2009-07-17,66,66.95,65.7,66.95,244057
2009-07-20,67.45,69.5,65.75,66.5,675843
2009-07-21,65.325,67.975,64.9,67.7,293852
2009-07-22,66.5,67.4,65,65,493537
2009-07-23,66.625,68,66,67,216644
2009-07-24,64.875,67.4,64.325,66.175,582207
2009-07-27,66.75,67.4,65.75,65.9,1508382
2009-07-28,68.05,68.875,67.25,67.5,945911
2009-07-29,68.125,68.725,66.75,67.9,526265
2009-07-30,68.4,69.725,68,68.5,372315
2009-07-31,68.825,69.475,68.275,69,303841
2009-08-03,69.475,69.95,68.925,69,446304
2009-08-04,69.9,70.7,69,70,1013543
2009-08-05,70,70.9,69.175,70.5,2329481
2009-08-06,67.725,70.975,66,69.5,1229944
2009-08-07,66.35,68.75,66.025,67.5,248007
2009-08-10,65.35,67.95,63.225,66,489623
2009-08-11,64.025,66.35,63.575,64,308996
2009-08-12,62.7,64,61.55,63.875,147296
2009-08-13,63.475,64.45,63.1,63.25,529440
2009-08-14,63.675,64.525,63.05,63.825,323251
2009-08-17,61.125,64.2,53.95,63.675,408780
2009-08-18,61.475,62.1,60,62.1,1127146
2009-08-19,59.85,61.95,59.5,61.95,428660
2009-08-20,60.65,61.95,60.1,60.725,319993
2009-08-21,61.1,61.875,59.8,61.25,494444
2009-08-24,61.625,62.5,61.075,61.75,296043
2009-08-25,62.775,63.175,60.625,62,872834
2009-08-26,63.025,63.9,62.8,63,744453
2009-08-27,61.45,63,60.775,63,456442
2009-08-28,62.35,62.65,61.525,62,308636
2009-08-31,62.425,63,60.75,62,237009
2009-09-01,64.65,65,62.625,62.9,631372
2009-09-02,67.125,67.5,64.125,64.125,840688
2009-09-03,69.5,69.65,67.75,68,1279130
2009-09-04,68.825,70.55,67.55,70.25,696532
2009-09-07,68.3,69.825,67.775,69.825,308226
2009-09-08,66.075,69.325,65.25,69.25,565128
2009-09-09,64.45,66.775,64,66.775,545706
2009-09-10,65.05,65.7,64.05,65.05,411059
2009-09-11,63.425,65.7,62.7,65.7,627123
2009-09-14,63.65,64.4,63.25,63.5,331809
2009-09-15,63.85,65.1,63.625,64.175,700482
2009-09-16,65.775,67.025,64.15,64.15,1499548
2009-09-17,66.475,66.925,64.875,66.125,626771
2009-09-18,67.3,67.9,66.125,66.75,858798
2009-09-22,68.225,69.95,67,68.5,824788
2009-09-23,69.175,69.75,65.75,67.15,786127
2009-09-24,68.525,69.5,67.625,69.45,1321120
2009-09-25,71.05,72.2,66.625,68.95,501328
2009-09-29,72.5,73.2,70.075,72.5,1370738
2009-09-30,71.2,73.7,70.025,72.975,925300
2009-10-01,71.825,72.3,69.25,71.425,407819
2009-10-05,71.125,71.95,70.2,71,114243
2009-10-06,70.325,71.9,69.25,71.025,328170
2009-10-07,69.475,71.3,68.825,70.325,207308
2009-10-08,69.6,71.275,68.65,70.15,202008
2009-10-09,68.55,70.975,67.5,70.5,1179966
2009-10-12,72.15,72.6,68.575,69,781844
2009-10-14,73.625,74.75,72.5,73.1,988122
2009-10-15,73.575,75.5,71.775,74.5,883923
2009-10-16,72.35,74.1,71.775,73.75,430175
2009-10-20,74.925,75.3,73.5,73.5,377121
2009-10-21,72.2,75.225,71.5,75.225,388286
2009-10-22,71.475,73.65,71.05,72.7,251475
2009-10-23,75.5,76.225,72,72,692255
2009-10-26,76.975,77.95,74.6,76.125,1454078
2009-10-27,76.2,78.9,75.75,77.5,950462
2009-10-28,75.5,77,74.6,76.5,715972
2009-10-29,77,78.25,72.775,74.5,675223
2009-10-30,76.05,79.4,75.55,77,593055
2009-11-03,75.425,76.425,73.375,76.425,531909
2009-11-04,75.65,76.9,74.65,76.175,279341
2009-11-05,75.775,76.875,74.8,76,522704
2009-11-06,76.65,80.4,75.8,76.5,870868
2009-11-09,78.975,80.15,77,77,1469377
2009-11-10,81.475,82.45,79.75,80,1614633
2009-11-11,82.45,83.2,80.1,81.7,738579
2009-11-12,81.95,84.075,81.425,82.525,1758433
2009-11-13,81.575,82.5,80.775,81.95,1170828
2009-11-16,83.025,83.65,82.025,82.25,1657397
2009-11-17,82.475,84.875,82.075,83.5,1340649
2009-11-18,81.175,83.025,80.6,82.875,715726
2009-11-19,78.025,81.95,75.55,81.2,544480
2009-11-20,78.975,79.95,77.025,77.5,554813
2009-11-23,83,83.875,79.15,80.25,1026707
2009-11-24,82.75,84.8,82.125,83.4,636072
2009-11-25,82.275,83.45,81.75,82.75,318645
2009-11-26,81.75,82.45,79.675,81.5,686378
2009-11-27,81.275,81.75,79.525,81,277207
2009-11-30,78.875,82.5,78.175,82,888118
2009-12-01,83.4,85.5,78.5,78.5,1168403
2009-12-02,82.1,83.875,81.275,83.625,558614
2009-12-03,82.7,83.475,82.25,82.5,443815
2009-12-04,82.5,83.5,81.675,82.5,375390
2009-12-07,82.975,83.35,80.05,81.55,319206
2009-12-08,82.925,83.5,82.15,82.75,201223
2009-12-09,84.475,85.4,82.7,82.75,1030414
2009-12-10,82.725,86,81.05,85.4,634974
2009-12-11,82.65,83.725,81.7,82.875,337878
2009-12-14,82.55,83.125,82.025,82.025,151010
2009-12-15,81.425,83.425,80.775,83.275,182471
2009-12-16,81.6,83.45,80.75,81.825,190545
2009-12-17,81.875,82.25,81.05,82,270237
2009-12-18,81.425,82.5,81,82.5,296001
2009-12-21,81.95,83.45,81.125,82.125,527501
2009-12-22,81.725,83.15,81.55,82.5,367274
2009-12-23,81.575,82.55,81,81,201110
2009-12-24,81.475,82.7,81.2,82.5,209147
2009-12-29,81.275,82.175,81.1,81.475,286559
2009-12-30,79.9,81.475,79.15,81.275,625139
2009-12-31,79.4,81.25,79,80.875,493491
2010-01-04,80.7,81.1,79.625,80,252519
2010-01-05,82.65,83.7,80.7,81.675,472718
2010-01-06,84,84.25,81.125,81.925,1134459
2010-01-07,82,84.5,81.775,84.5,1075405
2010-01-08,82.575,83.9,82.025,82.075,399171
2010-01-11,83.4,84.075,82.025,83.4,901309
2010-01-12,81.125,83.425,80.875,83.425,245052
2010-01-13,81.05,81.7,80.5,81.4,331616
2010-01-14,81.225,81.9,81,81.5,134624
2010-01-15,80.425,82.4,80.1,82.4,408665
2010-01-18,80.975,81.375,80,80.25,241128
2010-01-19,79.475,81.25,79.05,81.025,350835
2010-01-20,80.5,80.95,78.775,80.5,594962
2010-01-21,79.275,80.225,78.8,80.225,163724
2010-01-22,78.675,78.95,76.75,78.1,727999
2010-01-25,79,79.35,77.5,77.5,495407
2010-01-27,77.6,80.25,73.225,79,1313685
2010-01-28,79.3,80.5,77.275,78.8,675884
2010-01-29,80.4,81.25,78.75,81.25,781705
2010-02-01,82.85,83.45,80.4,80.9,928704
2010-02-02,82.125,84,81.675,83.5,445834
2010-02-03,84.175,84.9,81.55,82.85,663026
2010-02-04,84.775,85.75,83.525,83.525,586016
2010-02-05,85,85.6,82.1,82.5,825036
2010-02-08,87.95,88.5,84.275,84.55,746674
2010-02-09,88.55,89.475,87.275,88.5,2283966
2010-02-10,87.725,89.45,87.275,89,674826
2010-02-11,86.4,87.975,86.075,87.775,248203
2010-02-15,85.35,86.775,84.675,86.775,606120
2010-02-16,85.3,86.2,84.75,85.075,300709
2010-02-17,84.3,86.025,83.75,85.95,1064824
2010-02-18,84.425,85.4,83.85,84,144044
2010-02-19,85.125,85.95,83.85,84.3,837692
2010-02-22,83.325,85.9,83,85.9,862224
2010-02-23,82.575,84.25,82.475,83.2,222403
2010-02-24,83.2,83.825,82.125,82.5,282514
2010-02-25,84.55,86,82.35,83.5,1324525
2010-02-26,84.625,85.85,84.275,85.25,215535
2010-03-02,84.2,86,82.875,85.5,437352
2010-03-03,84.425,84.95,83.775,84.3,235042
2010-03-04,85.175,85.55,83.55,85.45,286248
2010-03-05,84.975,87.475,84.3,85.7,693745
2010-03-08,86,86.875,84.75,86.5,728344
2010-03-09,86.5,87.5,86.1,86.55,557182
2010-03-10,86.3,87.2,85.275,87,219093
2010-03-11,85.025,86.675,82.05,82.05,397021
2010-03-12,83.725,85.675,83.55,85.5,149663
2010-03-15,83.325,84.225,82.25,84.225,244691
2010-03-16,82.325,83.1,81.55,82.575,284779
2010-03-17,82.45,83.15,82.25,82.825,115897
2010-03-18,82.375,83.2,82.125,83.2,612768
2010-03-19,82.05,82.925,81.775,82.55,296999
2010-03-22,79.925,81.5,79.55,81.25,427931
2010-03-23,79.95,81,79.7,80.1,452555
2010-03-25,80.125,80.75,79.05,80.725,430888
2010-03-26,82.6,83,80.025,80.75,445019
2010-03-29,80.05,83.925,79.725,83.25,435332
2010-03-30,80.5,81.1,79.75,80,245347
2010-03-31,79.4,81,78.775,80.5,868195
2010-04-01,79.375,80.375,78.825,79.65,477321
2010-04-05,81.85,82.975,79,79.5,508078
2010-04-06,83.95,84.825,80.25,80.5,1141360
2010-04-07,83.325,84.55,82.275,83.95,322483
2010-04-08,85,85.575,82.575,83.5,588005
2010-04-09,88.4,88.95,85.5,85.5,1101017
2010-04-12,89.025,89.75,88.075,89.5,2136300
2010-04-13,88.4,89.05,87.7,89,220017
2010-04-15,89.25,90,87.65,88.875,354243
2010-04-16,89.45,90,87.55,89.5,228401
2010-04-19,87.525,91.35,87.3,88.575,546195
2010-04-20,87.675,88.25,86.5,87.525,329913
2010-04-21,87.875,88.775,87.5,88,159635
2010-04-22,88.3,89.2,87.125,87.5,1048488
2010-04-23,88.65,90,88,89,208815
2010-04-26,88.775,89.25,88.5,89,365324
2010-04-27,88.925,89.875,88.45,88.75,250561
2010-04-28,90.175,90.8,87.125,88.55,703888
2010-04-29,90.675,92.875,90.05,91.375,631504
2010-04-30,90.15,91.75,89.4,91.5,152185
2010-05-03,90.95,93.4,88.675,90.5,380231
2010-05-04,91.175,92.2,90.5,90.95,498136
2010-05-05,92.9,93.5,90,90.5,2862127
2010-05-06,94.325,95,92.075,93,1118862
2010-05-07,90.025,95.425,89.75,92.5,615762
2010-05-10,90.4,91.95,89.55,91.55,563655
2010-05-11,89,91.5,88.45,91.5,658785
2010-05-12,88.575,89.45,88.175,89,270768
2010-05-13,88.925,91.45,88.5,90.6,297502
2010-05-14,91.4,91.9,87.7,89.8,378993
2010-05-17,93.75,94.125,90.05,91.025,288433
2010-05-18,94.3,95.2,93.5,94.525,355040
2010-05-19,90.65,94.425,90.275,93.5,106811
2010-05-20,92.975,93.825,90.025,91.5,224450
2010-05-21,91.65,92.8,90.65,91.1,221736
2010-05-24,91.275,94,90.55,92.95,227349
2010-05-25,88.75,90.75,88.5,90.75,135065
2010-05-26,90.25,91.4,88.3,88.75,136932
2010-05-27,90.05,90.925,87.675,90.25,362907
2010-05-28,92.675,92.9,90,90.6,187050
2010-05-31,92.7,93.7,91.775,93.25,156596
2010-06-01,92.05,93,91.65,93,54383
2010-06-02,92.55,93.525,91.35,92,274708
2010-06-03,93.45,94.25,92.275,93.45,278647
2010-06-04,96.2,96.675,93.45,94.1,658938
2010-06-07,96.725,97.75,94.675,94.675,664698
2010-06-08,98.325,99,96.85,97.45,771291
2010-06-09,95.925,100,95.25,98.75,676663
2010-06-10,95.975,97.225,95.325,95.925,285069
2010-06-11,95.425,98.5,94.675,97.5,215378
2010-06-14,96.05,96.65,95.425,96.35,190561
2010-06-15,95.1,96.3,94.45,95.5,103246
2010-06-16,94.075,96.05,93.6,95.25,182860
2010-06-17,94.775,96,94.025,95.475,236555
2010-06-18,93.075,95.325,88.4,94.1,407390
2010-06-21,95.575,95.975,93.325,95,451460
2010-06-22,98.875,100.125,94.125,94.175,1076149
2010-06-23,99.15,101.5,98.225,99.75,1089605
2010-06-24,101.075,102.95,97.6,99.15,1272099
2010-06-25,100.45,102.1,100.1,101.075,466826
2010-06-28,100.8,101.375,99.775,100.5,532809
2010-06-29,102.775,103.375,100.825,101.3,439206
2010-06-30,105.3,105.6,102.2,102.2,925110
2010-07-01,103.1,105.7,102.9,105.45,417162
2010-07-02,100.825,104.425,100.55,103.85,387063
2010-07-05,101.075,101.925,100.25,101.275,310605
2010-07-06,102.875,103.6,101.25,102.35,487573
2010-07-07,104,104.45,101.65,101.65,362376
2010-07-08,105.675,106.95,103.1,103.1,550322
2010-07-09,106.25,107.25,105,105,2924586
2010-07-12,105.75,107.9,105.025,106.75,824626
2010-07-13,106.325,107.25,104.65,107.25,2382655
2010-07-14,107.05,107.5,105.65,106.75,412669
2010-07-15,106.2,109.3,105.75,107.475,862328
2010-07-16,106.75,108.2,106,108.2,3685875
2010-07-19,104.45,107.45,103.65,106.5,495901
2010-07-20,102.7,104.725,102.5,104.7,764444
2010-07-21,102.975,104,101.35,103.05,1220751
2010-07-22,104.475,107.7,103.9,107.7,1539901
2010-07-23,105.75,106.65,104.775,105,1757229
2010-07-26,101.775,108.95,101.3,107.25,6404863
2010-07-27,101.45,102.95,101.075,102.775,1093669
2010-07-28,99.925,101.5,99.25,101.5,1086836
2010-07-29,98.225,99.4,96.5,99.4,1431932
2010-07-30,98.825,99.5,98.275,98.275,574831
2010-08-02,98.85,100.5,97.775,99.95,800377
2010-08-03,98.025,99.3,97.6,99.2,623397
2010-08-04,99.35,99.75,97.525,98.025,567818
2010-08-05,100.75,101.8,99.25,99.5,1270727
2010-08-06,101.7,102.675,100.5,101.25,996490
2010-08-09,100.925,102.475,100.55,101.5,498094
2010-08-10,101.175,101.8,100.35,100.925,834118
2010-08-11,100.825,102.375,100.075,101.925,440009
2010-08-12,98.75,100.9,98.15,100.375,717898
2010-08-13,100.075,100.5,98.85,99.15,615271
2010-08-16,100.625,101.5,99.15,100.125,847652
2010-08-17,101.95,102.975,100.125,100.775,1488032
2010-08-18,102.5,103.45,101.775,103,947694
2010-08-19,103.15,103.45,102.375,103.45,790635
2010-08-20,103.175,104.5,100,100,635033
2010-08-23,103.575,104.45,103,104.25,461056
2010-08-24,104.925,105.95,102.55,104,1302587
2010-08-25,103.95,106.7,103.5,105.975,1951348
2010-08-26,104.5,105.975,104.025,105,1734460
2010-08-27,102.75,105.35,101.8,105.35,388054
2010-08-30,102.3,104.35,101.075,103.5,571618
2010-08-31,104.625,105,102.5,103.925,1210318
2010-09-01,105.85,106.25,105.175,105.5,885934
2010-09-02,106.65,107.725,105.8,106.5,991230
2010-09-03,105.55,107.725,105.325,107.45,885658
2010-09-06,105.75,107.2,105.25,106.95,2235346
2010-09-07,107.95,108.45,105.75,106,1484214
2010-09-08,107.4,109.45,106.9,108.3,1499647
2010-09-09,108.5,109.4,107.4,108.8,979508
2010-09-13,108.25,109.7,106.3,109,1274190
2010-09-14,108.55,109.5,107.8,108.2,1030074
2010-09-15,108.05,110.45,107.7,108.5,1096652
2010-09-16,109.45,111.4,107.05,108.5,1361589
2010-09-17,109.55,110.9,108.1,109.5,1990123
2010-09-20,111.3,112.4,109.1,110.7,1325966
2010-09-21,109.35,112.2,108.25,109.35,1308882
2010-09-22,105.8,109.9,105.3,109.15,2193499
2010-09-23,103.95,106.45,103.25,106.1,1722666
2010-09-24,104.7,106.6,103.05,104.7,2521760
2010-09-27,105.25,106.65,104.65,105.9,1226247
2010-09-28,104,105.25,103.5,105.25,1204859
2010-09-29,105.55,106.1,103.4,103.4,2650330
2010-09-30,108,108.65,105.1,106,3043043
2010-10-01,109.05,109.65,108,109,883318
2010-10-04,110.25,110.7,109.1,110.2,1498517
2010-10-05,108.3,110.15,108.05,110.15,576741
2010-10-06,108.1,109.85,105.35,107.2,591720
2010-10-07,108.95,111.4,108.1,108.1,2653590
2010-10-08,107.05,109.5,106.2,108.55,523992
2010-10-11,106.85,109.4,106.3,108,855563
2010-10-12,104.75,108,104.05,108,1975721
2010-10-13,102.95,105.85,99.2,105.2,4398878
2010-10-14,104.25,105.4,102.75,103.7,1404995
2010-10-15,102.45,104.95,102.1,104.35,694523
2010-10-18,101.05,103.4,100.7,103.4,592960
2010-10-19,102.75,103.9,101.3,102,1374104
2010-10-20,102.25,103.25,100.5,103,352410
2010-10-21,103.95,105,102.3,102.6,3051019
2010-10-22,103.5,104.65,103.15,104.5,296993
2010-10-25,103.85,104.5,103.5,103.8,311848
2010-10-26,104.95,106.4,101.5,101.5,1535800
2010-10-27,102.9,105.5,102.3,105.5,1453712
2010-10-28,99.3,104.2,98.4,103.85,4366416
2010-10-29,99.75,101,98.55,100.25,1279100
2010-11-01,99.5,100.95,98.75,100.1,1403389
2010-11-02,99.05,100.5,98.25,99.85,744201
2010-11-03,99.35,100.8,99.1,100.25,422048
2010-11-04,99.6,100.4,98.8,100.4,660201
2010-11-05,100.1,101,99.05,101,150638
2010-11-08,98.95,101.1,98.7,101,958591
2010-11-09,102,103.7,98.4,99,2466477
2010-11-10,101.05,102.3,100.8,101.5,1193576
2010-11-11,97.05,101.35,96.3,101.25,2071058
2010-11-12,96.6,98.5,96.1,97.8,924309
2010-11-15,97,98,96,98,948886
2010-11-16,93.4,99.5,92.1,99.2,2511327
2010-11-18,96.05,97,94.5,95,5716428
2010-11-19,97.55,98.75,96.75,98,3735260
2010-11-22,96.15,99.4,95.15,98,2563072
2010-11-23,93.3,96.25,91.8,96,2234870
2010-11-24,94.35,95.25,92.8,94,1587688
2010-11-25,94,95.65,92.65,95.5,2754828
2010-11-26,94.5,95.4,90.5,94.9,2733736
2010-11-29,92.6,95,92,94.5,1009111
2010-11-30,93.6,95.3,92.45,94.1,3714731
2010-12-01,95.25,95.55,93.7,94.2,2634195
2010-12-02,100.35,100.85,95.1,96,2960109
2010-12-03,98.95,101.5,97.1,101,1781429
2010-12-06,98.35,101.45,97.7,99,992725
2010-12-07,96.35,99.1,95.3,98.5,1335608
2010-12-08,97.25,98.4,95.2,96,2281769
2010-12-09,96.65,99.8,95.15,97.85,1991800
2010-12-10,96.55,97.6,95.1,96.25,1590656
2010-12-13,97.95,98.45,97,97.2,722462
2010-12-14,99.75,100.2,97.1,97.95,2312071
2010-12-15,101.9,102.4,99.6,100,3156928
2010-12-16,100.25,104.95,99.3,102,3576404
2010-12-20,101,102,100,100.8,1047179
2010-12-21,99.75,102.7,99.3,101.1,1543688
2010-12-22,100.25,101.3,99.8,99.8,1587924
2010-12-23,100.25,101.4,99.8,100.3,713200
2010-12-24,100.35,100.75,99,99,967495
2010-12-27,100.45,100.9,98.85,98.85,293669
2010-12-28,99.15,100.7,98.85,100,698864
2010-12-29,98.75,100.9,97.7,99.2,1326424
2010-12-30,99.8,100.2,98.6,98.9,973080
2010-12-31,100.25,101,98.65,100.2,673535
2011-01-03,100.6,101.6,100.3,101.5,392571
2011-01-04,102.95,103.5,100.6,101.1,1611259
2011-01-05,103.15,105.1,102.5,104,1705953
2011-01-06,101.4,104.3,100,103,664242
2011-01-07,100.15,103.9,98.05,98.05,1629095
2011-01-10,101.45,102.5,100,100,2213079
2011-01-11,102.9,104.25,101.65,101.9,3930039
2011-01-12,101.9,103.9,101,103.3,4062717
2011-01-13,100.95,102.9,100.5,102.6,579188
2011-01-14,101.1,102.3,99.95,100.55,1477848
2011-01-17,99.2,102,98.55,101,3400399
2011-01-18,101.45,101.8,99.35,99.35,1571747
2011-01-19,100.15,102.25,99.55,101.45,1417309
2011-01-20,99.5,100.3,99.1,100,1460191
2011-01-21,98.25,100.25,97.9,99.2,1999212
2011-01-24,97.85,99.45,97.4,98.25,3371009
2011-01-25,98.6,98.8,97.75,98.1,5268485
2011-01-27,95.3,99.75,94.95,97,1960065
2011-01-28,90.8,95.5,86.65,95.5,2438923
2011-01-31,93.7,95.45,88.3,89.9,5429075
2011-02-01,93.15,98.9,91.85,98.9,7297780
2011-02-02,93.55,94.65,92.45,94,5524992
2011-02-03,92.95,93.5,92.05,93.5,951678
2011-02-04,92.45,93.2,91.9,92,1764829
2011-02-07,92.85,93.55,91,92.45,1006615
2011-02-08,92.25,93.9,91.5,92.8,586939
2011-02-09,90.75,92.45,89.35,92.45,786524
2011-02-10,90.9,91.45,89.5,90.85,965477
2011-02-11,91.8,92.4,90.15,91.5,1429688
2011-02-14,94.25,96.95,92.1,92.4,1467596
2011-02-15,92.6,95.9,92.3,95,1175423
2011-02-16,96.8,97.8,92.25,92.6,857739
2011-02-17,100.15,100.7,95.25,97.05,1571424
2011-02-18,96,101,94.95,100.2,576659
2011-02-21,96.6,97.7,94.75,97,448201
2011-02-22,96.2,97.2,94.85,96,509562
2011-02-23,98.2,99,95.5,95.9,609798
2011-02-24,98.6,99.85,96.8,98,879566
2011-02-25,98.95,99.8,96,98.6,1541185
2011-02-28,99.75,101,98.15,98.15,571969
2011-03-01,100.75,101.8,99.75,100,329753
2011-03-03,101.1,103.2,100,101.5,404887
2011-03-04,102.9,103.5,99.15,99.55,1215409
2011-03-07,100.3,102.9,99.6,102.9,320899
2011-03-08,98.45,102.4,98.25,101.4,957396
2011-03-09,97.5,99.7,97.05,99.1,582387
2011-03-10,96.7,98,93.45,93.45,239275
2011-03-11,96.75,97.85,95.1,95.1,835049
2011-03-14,97.05,97.9,96.05,97.05,398377
2011-03-15,96.9,97.45,95.05,96.3,200406
2011-03-16,98.1,98.95,95.1,96.5,1057756
2011-03-17,96.05,97.95,95.65,97.45,1050393
2011-03-18,97,97.65,96.1,97,604564
2011-03-21,96,97.45,95.7,96.85,199437
2011-03-22,95.95,96.85,95.7,96.1,190786
2011-03-23,96.65,99.9,95.5,96,1119854
2011-03-24,95.55,97.4,95.35,97,812481
2011-03-25,95.9,96.75,95.6,96.4,487747
2011-03-28,95.5,96.55,95.1,95.9,517090
2011-03-29,94.6,96,94.4,96,703915
2011-03-30,95.75,97,94.5,96,1075503
2011-03-31,96.1,96.6,94.8,95.75,2673225
2011-04-01,96.9,97.65,96,96,5903619
2011-04-04,97.05,97.8,96.45,96.9,1854642
2011-04-05,97.6,98.55,97.15,97.25,873898
2011-04-06,100.1,100.45,97.4,98,1387229
2011-04-07,99.75,100.85,98.75,100.55,3475367
2011-04-08,101.8,103,100,100.7,2893153
2011-04-11,102.6,103.85,101,101,2269622
2011-04-13,103.4,103.8,101.4,102,1617361
2011-04-15,103.2,104.75,102.5,103.6,1153411
2011-04-18,103.75,105.2,103.25,103.5,1168379
2011-04-19,102.25,103.9,101.9,102.85,316146
2011-04-20,102.95,103.5,101.9,102.3,1083910
2011-04-21,103.15,104,102.5,103,803133
2011-04-25,102.95,104,102.25,102.8,313412
2011-04-26,101.85,103.85,101,103.85,600081
2011-04-27,99.55,103.55,98.7,103.5,2905715
2011-04-28,98.5,100.8,98.1,100.8,1259363
2011-04-29,101.15,102.75,97.7,99.75,3354129
2011-05-02,101.2,102.75,100.95,102,1184539
2011-05-03,100.75,101.95,99.5,101.95,1204605
2011-05-04,100.45,101.9,99.7,100.7,1166176
2011-05-05,100.4,101.15,99.2,100.45,393390
2011-05-06,102.1,103.1,100,100,1690060
2011-05-09,102.4,103.4,100.75,102.85,471125
2011-05-10,100.6,103.9,100.2,102.9,1001590
2011-05-11,100.8,101.65,100.4,101.4,561514
2011-05-12,98.85,101.4,98.5,100.2,938762
2011-05-13,99.45,100.6,98.2,98.2,501293
2011-05-16,100.2,101.2,98.8,99.5,920194
2011-05-17,103.65,105.45,100.8,101.5,5762356
2011-05-18,103.7,106.4,103,104.5,2344626
2011-05-19,103.55,104.95,102.6,104.75,1885766
2011-05-20,103.05,104.1,102.65,104,1084137
2011-05-23,104.45,105.3,101.6,103.05,2695546
2011-05-24,105.5,107.7,103.5,104,4754509
2011-05-25,107.7,108.4,105.5,105.65,4802092
2011-05-26,109.5,111.65,107.05,108.5,3873308
2011-05-27,108.4,110.5,107.05,109.5,3482734
2011-05-30,112.95,113.75,108.6,108.9,5675750
2011-05-31,117.6,123.2,111.75,113.5,24118580
2011-06-01,113.85,115.8,112.2,115.8,2816775
2011-06-02,114.45,117,112,112.9,2524775
2011-06-03,115.2,116.7,114.3,115.8,821450
2011-06-06,113.2,115.2,112.7,114.1,861936
2011-06-07,114.8,115.95,113.05,113.2,903772
2011-06-08,113.8,115.4,113.4,114.8,692174
2011-06-09,114.8,116.45,113.2,113.8,986140
2011-06-10,113.95,115.5,113.2,115.2,426334
2011-06-13,113.1,114.8,112.7,113.4,1259296
2011-06-14,113,114.6,112.55,113.3,974496
2011-06-15,116.85,117.95,113,113,3009484
2011-06-16,118.6,120.25,116,117,2022821
2011-06-17,116.35,120.9,115.55,118.65,1322010
2011-06-20,114.3,117.75,112,117,1260284
2011-06-21,113.85,116.95,113.3,114.5,893303
2011-06-22,111.85,114.5,111.05,114.3,943520
2011-06-23,113.45,113.95,110.3,111.85,668315
2011-06-24,113.75,114.95,112.45,114,874933
2011-06-27,113.9,115.8,112.65,112.65,1050533
2011-06-28,113.85,115.15,113,114,732049
2011-06-29,114.6,115.5,113.15,114.2,1715403
2011-06-30,114,115.5,113.5,114.65,4164850
2011-07-01,116.6,118.9,114.2,114.2,3790273
2011-07-04,116.7,118,116.25,117.2,788850
2011-07-05,114,117.35,113.55,117.1,2108434
2011-07-06,111.75,115,111.5,115,1384663
2011-07-07,113.45,113.8,111.2,111.9,925473
2011-07-08,111.65,114.8,111.35,113.65,580077
2011-07-11,110.4,111.9,109.1,111.7,842012
2011-07-12,110.25,112.5,109.1,110.4,793843
2011-07-13,110.9,111.8,110.4,110.5,455378
2011-07-14,112,113,109.5,110,1597897
2011-07-15,111.7,113.25,111.3,112.5,522500
2011-07-18,111.45,113.5,111,113.5,274083
2011-07-19,111.8,112.9,111.5,112.5,241483
2011-07-20,110.75,112.5,110.5,112.5,254046
2011-07-21,110.45,111.8,110,111.1,266111
2011-07-22,111.95,112.5,110.2,110.5,822886
2011-07-25,111.9,113,111,111.6,656659
2011-07-26,110.4,112.7,110,111.8,432565
2011-07-27,110.55,112.45,107.4,111.95,1195739
2011-07-28,106.45,111.1,106,111.1,1947197
2011-07-29,104.05,107.7,103.65,106.05,1106576
2011-08-01,107.45,108.1,104.5,105.1,1099873
2011-08-02,107.85,109,105.8,107.85,925326
2011-08-03,105.25,107.8,104.55,107.8,440781
2011-08-04,103.8,108.45,103.3,106.05,973731
2011-08-05,101.45,102.55,98.3,99,1095641
2011-08-08,102.65,103.9,97.95,101,893222
2011-08-09,103.6,106,95.3,95.3,1267884
2011-08-10,102.75,106.5,102.15,104.2,801860
2011-08-11,101.45,104.95,100.9,102,1337659
2011-08-12,101.2,102.5,100.5,102.5,1010132
2011-08-16,102.1,103.6,101.3,102,765085
2011-08-17,103.95,104.5,101.2,102.5,654934
2011-08-18,105.25,106.8,103.75,103.95,1456502
2011-08-19,103.95,105,102.2,103.9,550688
2011-08-22,107,107.5,102.25,103.2,678090
2011-08-23,105.15,110,104.1,109.9,1002644
2011-08-24,106.5,107.65,104.25,105.5,601696
2011-08-25,107.2,108.25,106,107.85,815702
2011-08-26,108,109,105.85,107.9,1188959
2011-08-29,109.65,110.8,108,110,809669
2011-08-30,110.75,111.45,108.65,110.9,1078485
2011-09-02,112.2,113.95,108,108.25,2639901
2011-09-05,107.8,112,107.2,112,2134543
2011-09-06,106.6,108.8,106.05,108.2,2236702
2011-09-07,107.05,107.6,105.3,107,1780156
2011-09-08,108.45,109.05,106.15,107.05,1826670
2011-09-09,109.5,111,108.5,109.5,863030
2011-09-12,109.25,111,108,109.3,767278
2011-09-13,106.35,109.9,105.75,109.55,1123939
2011-09-14,107.85,108.6,105.75,106.3,1590272
2011-09-15,106.55,109,106.05,108,1049597
2011-09-16,102.85,108.1,101.35,106.3,1721280
2011-09-19,103.75,104.75,102,102.1,1629382
2011-09-20,104.55,105.4,103.55,104,3176420
2011-09-21,107,107.65,104.95,105.7,2708611
2011-09-22,104.1,106.85,103.4,106,536990
2011-09-23,102.7,105.9,101.5,103.95,946696
2011-09-26,101.6,103.95,100.2,102.5,582523
2011-09-27,102.6,103.5,101.75,103,928527
2011-09-28,102.35,104.4,101.7,103.8,1113421
2011-09-29,102.35,104.25,100.15,102.2,2477759
2011-09-30,103,104,97.75,104,1023822
2011-10-03,103.1,103.5,102.2,102.25,783448
2011-10-04,101.65,105,101.35,103,1510413
2011-10-05,100,102.7,99.4,102,1710504
2011-10-07,100.7,101.8,99.5,101.5,1912832
2011-10-10,99.9,101.5,99.15,100.7,1044100
2011-10-11,100.3,101.5,99.4,101.5,1970581
2011-10-12,100.4,101,99.85,100.05,891316
2011-10-13,99.9,101.25,99.6,100.55,879679
2011-10-14,100.15,100.8,99.4,99.7,640562
2011-10-17,99.45,100.95,99.2,100.95,873227
2011-10-18,97.35,99.4,96.9,99.4,979936
2011-10-19,99.3,99.8,97.3,98.3,804169
2011-10-20,98.1,99,97.15,98.5,570763
2011-10-21,98.75,99.5,97.55,98,795510
2011-10-24,97.6,100.2,97.1,98.9,769202
2011-10-25,95.5,99.15,94.75,98.55,2675549
2011-10-26,97.65,97.95,96,97.1,256663
2011-10-28,100.55,100.85,98,98,1234917
2011-10-31,101.3,102,99.75,101,2438478
2011-11-01,99.75,102.45,99.3,102,1050129
2011-11-02,99.95,100.65,99,99.5,586819
2011-11-03,100,100.6,99.3,100,673098
2011-11-04,99.8,100.8,99.4,100,674422
2011-11-08,99.7,100.5,99.5,99.5,337238
2011-11-09,98.8,100,98.45,99.4,567605
2011-11-11,98.75,100.15,98,99,1339614
2011-11-14,99.95,101.4,99.3,99.55,1165858
2011-11-15,97.4,100.4,96.65,100.4,788851
2011-11-16,95.45,97.5,94.2,97.5,1937687
2011-11-17,94.6,97.7,94.1,95.5,2004914
2011-11-18,96.95,97.5,93.65,94.5,665564
2011-11-21,99,99.5,95.75,96.95,900346
2011-11-22,100.85,101.4,99,99,1839680
2011-11-23,97.95,100.85,97.3,98.65,689731
2011-11-24,96.35,99.95,95.3,98.3,1414911
2011-11-25,95.7,96.9,95.4,96.35,823409
2011-11-28,96.05,97.35,95.55,96,1027721
2011-11-29,95.95,97.7,95.7,96.4,1401599
2011-11-30,95.3,96.95,94.35,96.1,2301233
2011-12-01,94.25,97.6,94.1,97,1843110
2011-12-02,95.4,96.05,93.2,95,1606375
2011-12-05,95.75,96.25,95,95.95,357211
2011-12-07,96.4,97.05,95.5,95.75,2102585
2011-12-08,97.55,98.15,96.05,96.5,1219638
2011-12-09,95.5,97.5,94.6,97.5,1069251
2011-12-12,96.25,96.95,95.2,95.65,812367
2011-12-13,96.4,97.2,95.25,96.05,731305
2011-12-14,96.7,97.65,96.05,96.25,984926
2011-12-15,97.9,98.8,95.75,96.5,836938
2011-12-16,95.8,100.4,95.25,98.55,1010321
2011-12-19,96.4,96.8,95.2,96.5,595084
2011-12-20,97.2,98.2,96,96.5,586334
2011-12-21,99.8,100,97.55,98.8,751757
2011-12-22,99,101.6,98.1,99.8,1326826
2011-12-23,100.4,101.5,99.25,99.7,1511862
2011-12-26,100.9,101.95,99.7,100,366819
2011-12-27,102.65,102.95,100,101,649205
2011-12-28,104.6,105.5,102,103,1414185
2011-12-29,101.55,104.6,101,104.6,891418
2011-12-30,99.45,102.75,98.3,102,916163
2012-01-02,100.45,101.4,99.05,99.3,289745
2012-01-03,100.9,101.5,98.45,101,369216
2012-01-04,101.1,102.85,100.6,101.2,354686
2012-01-05,100.05,101.85,99.45,101.2,444672
2012-01-06,98.8,101.2,98.5,101.2,924778
2012-01-09,97.75,99.4,97.6,99,392872
2012-01-10,97.5,98.8,97.3,98.8,899731
2012-01-11,97,98.3,96.75,98.3,740097
2012-01-12,96.55,97,95.5,97,694037
2012-01-13,97,98.3,96.7,96.75,1253931
2012-01-16,95.9,98,95.7,98,1009622
2012-01-17,97,97.4,96.25,96.9,1654094
2012-01-18,96.4,97.8,95.9,97,822879
2012-01-19,96.6,97,96.15,97,1443025
2012-01-20,95.75,97.05,95.1,97,525836
2012-01-23,95.3,96.95,95,96.95,1480926
2012-01-24,94.9,95.95,94.7,95.95,2107665
2012-01-25,94,95.9,93.8,95.6,4865898
2012-01-27,94,94.9,93.6,93.9,2631057
2012-01-30,92.5,95,92,95,3281709
2012-01-31,94.2,95.3,93,93.8,6977266
2012-02-01,96.3,96.7,94.2,94.25,4088888
2012-02-02,97,97.9,95.5,96.5,4315570
2012-02-03,97.9,98.2,96.8,97,2240128
2012-02-06,99.5,101,98.85,101,2549407
2012-02-07,99.5,100.2,98.5,99.5,1525200
2012-02-08,98.75,100.25,97.2,99.55,1643504
2012-02-09,98.3,99.8,97.6,99.8,827360
2012-02-10,103.05,104,98,98.8,2509836
2012-02-13,100.95,104.1,99.9,100,1579152
2012-02-14,103.3,104.4,100.85,101,2395785
2012-02-15,103.15,105,101.7,103.3,697062
2012-02-16,103.35,104.4,101.9,103,1574097
2012-02-17,104.5,105.25,104,104,1492468
2012-02-21,105.05,106.9,96.25,104.5,2104080
2012-02-22,104.9,106.65,103.95,104.9,2096462
2012-02-23,101.95,106,101.5,104.9,1106461
2012-02-24,103.05,103.75,102.2,102.55,332819
2012-02-27,102.6,104.4,102.1,102.1,2755221
2012-02-28,103.35,104.2,102.6,102.7,575346
2012-02-29,104.05,104.6,102.9,103.45,544350
2012-03-01,103.05,104.85,102,102,419946
2012-03-02,105.2,106,103.1,103.5,1490205
2012-03-05,103.9,106.05,103.2,106,322897
2012-03-06,102.95,104,102,103.75,422845
2012-03-07,103.85,104.35,102,102.8,312805
2012-03-09,103,105.5,102.65,104.55,1071377
2012-03-12,102.45,103.9,102.2,103,383351
2012-03-13,102.5,103,102.2,103,267473
2012-03-14,103.2,104.1,102.05,102.55,688848
2012-03-15,103.75,104.45,100.95,100.95,964809
2012-03-16,103.1,104.4,101.25,104,1183535
2012-03-19,104.4,104.7,102.15,103.15,876037
2012-03-20,105.45,105.75,102.65,104,871245
2012-03-21,106,107.5,105.4,105.65,2957757
2012-03-22,105.8,108.3,105,106.35,1473860
2012-03-23,106.4,106.85,104.1,106,360885
2012-03-26,104.85,107,104.5,106,578103
2012-03-27,105.9,106.7,104.55,105,524433
2012-03-28,103.35,106.25,102.6,105.25,588423
2012-03-29,105.2,106,102.05,103.2,929309
2012-03-30,106.6,106.9,104.6,106,714264
2012-04-02,105.95,107.4,105.2,106.5,455765
2012-04-03,106,107,105.5,107,728163
2012-04-04,105.75,106.25,105.25,106.05,186149
2012-04-09,104.6,106,103.1,106,286362
2012-04-10,105.3,106.75,104.6,105.15,309395
2012-04-11,105.6,107,104.6,105.95,355864
2012-04-12,109.7,110.25,105.05,105.95,3681020
2012-04-13,108.95,112,108.25,110,897445
2012-04-16,111.6,113,109,109,1185247
2012-04-17,110.75,112.3,109.55,112.3,1842678
2012-04-18,111.15,112.15,109.75,111.15,881816
2012-04-19,112.9,113.9,110.65,111.9,999466
2012-04-20,112.75,114.1,111.1,111.1,657683
2012-04-23,111.6,114.45,110.9,112.85,412459
2012-04-24,111.35,112.8,110,112.7,502229
2012-04-25,112.25,113.4,110.95,110.95,679747
2012-04-26,110.85,114.25,109.2,112.15,1595113
2012-04-27,109.6,111.95,109,111.55,511577
2012-04-30,111.85,113.45,110.9,111.85,1111441
2012-05-02,109.95,112.95,109.4,112.55,2057507
2012-05-03,105.75,110.05,103.9,110.05,980722
2012-05-04,106.9,108.9,104.75,105.7,7725886
2012-05-07,107.6,108.45,105,105,3148511
2012-05-08,105.65,107.8,105.15,107.6,476627
2012-05-09,106.3,107.65,104.5,106,818658
2012-05-10,105.9,107.2,105.4,106,709752
2012-05-11,104.7,106.25,104.5,105.5,606339
2012-05-14,108,109.35,104.7,105.7,3733001
2012-05-15,105.7,108.95,105.25,108.3,781714
2012-05-16,104.3,106.9,104.05,105.5,1039137
2012-05-17,104.55,105.8,104.1,104.25,464249
2012-05-18,105.85,106.1,103,104,434888
2012-05-21,104.7,106.1,104.35,106.1,434131
2012-05-22,104.9,106.1,104.75,105.05,506312
2012-05-23,104.5,105.55,104,105.55,327819
2012-05-24,104.7,105,103.95,105,149158
2012-05-25,103.95,105,103.8,105,534298
2012-05-28,104.95,105.15,104.2,105.05,420318
2012-05-29,104.55,105.4,104.05,105,384350
2012-05-30,103.95,104.95,103.2,104.55,254972
2012-05-31,104.3,104.9,101.25,103,1743606
2012-06-01,103.2,104.45,103,104.3,343591
2012-06-04,102.6,104,102.4,103.2,1587152
2012-06-05,102.15,103.4,102,102.8,583390
2012-06-06,107.05,108.1,100.6,101.55,4497032
2012-06-07,105.65,107.85,105.05,107.8,580063
2012-06-08,103.5,105.7,102.9,105.7,1218001
2012-06-11,104.85,106.7,103.65,103.65,6234487
2012-06-12,106.15,107.45,104.15,105.1,4724402
2012-06-13,109.75,110.7,106.8,106.9,1389038
2012-06-14,109.85,111.65,109.35,109.95,1190615
2012-06-15,110.85,112.2,110.3,110.7,1264489
2012-06-18,108.05,111.9,107.45,111.85,430879
2012-06-19,108.95,109.8,107.2,108.05,527866
2012-06-20,110.1,110.45,107,109,414246
2012-06-21,112.85,114.95,109,110,2411642
2012-06-22,111.9,113.45,111.2,112.75,441561
2012-06-25,111.4,112.8,110.85,111.1,318360
2012-06-26,113.3,113.5,110.8,111.9,1143993
2012-06-27,113.05,114.4,112.1,113.65,781321
2012-06-28,113.9,115,112.05,114,650015
2012-06-29,114.55,116,113.05,114,1120733
2012-07-02,113.75,114.95,113.25,114.5,394596
2012-07-03,112.95,114.75,112.7,114.75,696608
2012-07-04,114.1,114.65,113.3,113.75,627414
2012-07-05,115.05,115.45,113.25,113.95,1280516
2012-07-06,115.1,115.25,114.45,115,296600
2012-07-09,115,115.8,114.4,115,800125
2012-07-10,114.8,117,114.55,115.8,582136
2012-07-11,115.4,116.4,114.7,115,319139
2012-07-12,115.05,116.35,114.5,114.85,1065099
2012-07-13,114.55,116,114.15,116,782262
2012-07-16,113.35,115.25,112.65,114.6,1062993
2012-07-17,115.45,115.95,114,114,715296
2012-07-18,115.6,116.45,114.65,115,565309
2012-07-19,115.35,116.2,114.8,115.1,364869
2012-07-20,118.35,119,115,115.7,1202200
2012-07-23,117.85,120,117.2,119.4,2057018
2012-07-24,118.3,119.15,115.75,118.75,1043547
2012-07-25,115.7,118.05,115,115,847013
2012-07-26,117,117.7,115.65,115.75,1338029
2012-07-27,118.7,119.5,117.7,118.5,1875776
2012-07-30,120.6,121,117.95,118.7,1259604
2012-07-31,119.3,121.25,118.55,120.95,2196131
2012-08-01,120.8,121.8,118.6,119.55,1529644
2012-08-02,120.35,122,119.85,120.95,928273
2012-08-03,121.5,121.85,119.3,120.4,1125694
2012-08-06,119.15,121.8,118.6,121.8,758720
2012-08-07,120.35,121.35,119.25,120.35,2344439
2012-08-08,119.75,121.75,119.2,120.35,667703
2012-08-09,120.25,121,119.75,120.5,448397
2012-08-10,120,120.9,119.2,120.25,860895
2012-08-13,123.4,124.8,119.4,121.15,1448691
2012-08-14,122.4,124.7,121.6,123.55,1114151
2012-08-16,118.05,122.7,117.3,122.45,573430
2012-08-17,119.25,120,117.3,118.7,948389
2012-08-21,119.25,119.75,117.8,119.25,364860
2012-08-22,119.35,120.5,118.7,119.2,879765
2012-08-23,119.5,120.45,118.9,119.6,522781
2012-08-24,123.05,123.45,118.75,119.15,827927
2012-08-27,122.9,125,122.15,122.3,675611
2012-08-28,121.7,123.8,121.1,122.85,630933
2012-08-29,124.85,125.65,120,120,3036263
2012-08-30,123.85,126.65,123.55,125.45,1021122
2012-08-31,122.55,125.5,121.6,122.3,1348359
2012-09-03,125,126,123.5,124.55,1382005
2012-09-04,127.95,129.2,125.55,125.55,3591640
2012-09-05,127.55,129,127.05,127.45,1281887
2012-09-06,127.6,128.8,127,127.95,1377724
2012-09-07,128.5,129.8,127.6,128.6,962428
2012-09-10,129.35,132.5,128.65,129.8,1329480
2012-09-11,130.85,131.7,128.4,131.7,995547
2012-09-12,128.65,131.5,128.2,131.45,887906
2012-09-13,127.05,133.05,126.3,133.05,970844
2012-09-14,127.25,129.45,126.4,127,2221022
2012-09-17,124.35,128.45,123.3,128.35,2996221
2012-09-18,124.75,125.5,122.5,124.3,1087788
2012-09-20,124.1,125.65,122.5,124.5,1291257
2012-09-21,125.5,126.55,123.55,126.4,1990083
2012-09-24,124.85,126.2,124.55,125.05,1757275
2012-09-25,124.5,125.1,123.75,125.1,1672438
2012-09-26,124.25,124.7,122.9,124.7,1224535
2012-09-27,124.1,126,123.25,126,759116
2012-09-28,128,132,124.25,124.25,1628440
2012-10-01,128,129.15,126.4,129.15,798367
2012-10-03,128.85,130.55,127.75,127.75,2056772
2012-10-04,128.95,130.2,128.5,129,1047071
2012-10-05,132.9,133.8,127.6,129,1461404
2012-10-08,132.05,136.5,131.5,134.85,906747
2012-10-09,131.25,133,130.8,132.5,449163
2012-10-10,129.65,132.55,129.15,131.45,348958
2012-10-11,130.55,131.75,128.25,129.8,707025
2012-10-12,135.3,136,131,131.5,1218094
2012-10-15,134.55,137.45,134.1,136,988962
2012-10-16,134.6,138.9,133.75,135,1231716
2012-10-17,132.1,136.15,131.6,135.25,820562
2012-10-18,131.8,132.65,130.75,132.3,1518351
2012-10-19,130.2,133.8,129.4,131.95,1457991
2012-10-22,130.45,131.7,129.8,130,1309233
2012-10-23,133,133.95,130.5,130.5,1806670
2012-10-25,132.8,134.8,132.15,133,1554483
2012-10-26,129.85,135.8,127.3,133,2522795
2012-10-29,125.3,130.65,123.3,130,2126807
2012-10-30,124.6,126.5,123.55,126.5,925333
2012-10-31,124.35,126.1,123.65,124.6,564439
2012-11-01,124.5,125.35,124.05,124.65,657795
2012-11-02,124.95,125.8,124.5,125,730297
2012-11-05,127.3,127.75,125,125,1422545
2012-11-06,127.45,128.65,126.85,127.5,701648
2012-11-07,128.45,128.9,127.05,127.95,892056
2012-11-08,128.8,129.5,127.05,129.3,576950
2012-11-09,128,129.75,124.6,128.8,763024
2012-11-12,125.3,128.9,124.8,128,502236
2012-11-13,126.25,126.7,125.5,125.5,80466
2012-11-15,129.15,129.45,125.25,126.2,1080448
2012-11-16,125.6,130,124.8,130,453983
2012-11-19,124.95,126.6,123.75,126,188573
2012-11-20,123.85,126,123,123,605031
2012-11-21,124.5,124.75,122.6,124.4,254875
2012-11-22,122.85,125.8,121.55,124.55,875665
2012-11-23,122.15,123.15,121,123.15,1562674
2012-11-26,124.15,124.5,121.4,123.5,606188
2012-11-27,124.35,125.9,123.1,124.5,1272407
2012-11-29,125.9,126.45,124.15,124.9,1200918
2012-11-30,128.05,128.8,126.05,126.95,2332532
2012-12-03,129.05,130.5,128.1,128.1,846527
2012-12-04,129.25,131.3,126.5,129.8,1132330
2012-12-05,129.95,130.5,128.55,128.8,841434
2012-12-06,129.9,130.8,127.5,129.15,604796
2012-12-07,130.05,131.95,128.9,129.8,935088
2012-12-10,131,131.5,128.5,130.55,736388
2012-12-11,131.05,131.95,129.35,131,924576
2012-12-12,129.55,132,127.1,131.35,1220769
2012-12-13,130.1,131,128,130,1012501
2012-12-14,129.9,131.1,128.7,130.05,1475654
2012-12-17,129.1,129.95,127.3,129.4,1315163
2012-12-18,129.9,130.35,128.35,129.6,571412
2012-12-19,128.4,130.8,127.65,130.6,780702
2012-12-20,128.95,129.35,127.1,128.85,817383
2012-12-21,128.25,129.2,127,128.95,970516
2012-12-24,129.05,129.5,127.5,128.55,434370
2012-12-26,129.8,130.3,127.75,127.75,543351
2012-12-27,127.55,131.35,126.6,130.2,961452
2012-12-28,129.1,130.4,127.85,128.35,669699
2012-12-31,128.9,130.35,128.5,130.35,297939
2013-01-01,129.4,130.5,129,129.1,315282
2013-01-02,129.7,131.2,129.1,130.15,619966
2013-01-03,128.75,130.35,127.65,128.2,578126
2013-01-04,128,133,127.6,133,637322
2013-01-07,127.9,128.8,127.6,128.7,396702
2013-01-08,128.95,133,127.05,133,846500
2013-01-09,127.75,129.25,127.3,128.15,1410758
2013-01-10,128.05,128.45,126.6,126.6,416408
2013-01-11,126.05,128.8,125.2,127.8,1992348
2013-01-14,128.75,129.2,124.4,126.3,676529
2013-01-15,128.7,129.4,127.25,128.95,333994
2013-01-16,129,129.9,127.8,129.15,1077300
2013-01-17,129.15,129.95,128.15,129.95,243714
2013-01-18,128.95,129.5,127.65,128.05,657512
2013-01-21,128.05,129.6,127.35,129,640732
2013-01-22,129.75,130.1,127.4,127.75,708836
2013-01-23,128.8,130.4,127.5,129.15,747400
2013-01-24,127.5,129,127,129,851448
2013-01-25,129.15,129.45,127.1,128.25,818289
2013-01-28,131.4,132.3,128.8,129.45,1288422
2013-01-29,130.55,137.65,127.5,135.65,2999084
2013-01-30,129.9,131.45,128,130.55,1215937
2013-01-31,132.7,133.9,128.5,130.4,2536711
2013-02-01,133.65,135.8,131.55,135.8,880048
2013-02-04,133.8,134.8,132.75,133.95,871271
2013-02-05,133.85,134.45,130.8,133.95,1601556
2013-02-06,133,134.85,132.55,134.1,1872133
2013-02-07,131.75,134,131.3,133.5,2950774
2013-02-08,131.1,132.35,130.25,132.35,1063096
2013-02-11,130.8,131.9,130.1,131.9,957050
2013-02-12,133.75,133.9,130.85,130.85,950791
2013-02-13,133.45,134.9,132.15,132.15,1139131
2013-02-14,133.65,134.35,132.7,133.5,713489
2013-02-15,133.15,133.9,132.5,133,227437
2013-02-18,131.8,133.1,131.5,132.95,270711
2013-02-19,131.95,132.5,130.75,132.1,224715
2013-02-20,131.95,133.05,131.7,132.2,447117
2013-02-21,130.85,132.45,130.15,131.95,458985
2013-02-22,131.55,132.85,129.3,131.4,633754
2013-02-25,128.65,131.55,128.05,131.55,240796
2013-02-26,128.8,130.65,126.75,128.7,747702
2013-02-27,129.05,129.85,128,129.05,897187
2013-02-28,126.4,129.85,124.45,129.2,987979
2013-03-01,129.5,129.9,125.15,126.85,822139
2013-03-04,128.65,130.45,123.2,123.2,601610
2013-03-05,134.05,134.9,129.25,130.95,1586562
2013-03-06,132.9,135.55,132.5,134.7,538933
2013-03-07,133,133.75,130.35,130.5,506797
2013-03-08,135.15,135.9,133,133,1037730
2013-03-11,134,136.2,133.5,135.5,642857
2013-03-12,133.3,134.15,132.45,134,538370
2013-03-13,134.4,134.75,133.3,134,898979
2013-03-14,133.5,135.1,132.2,134.65,496795
2013-03-15,137.25,138,133,133.5,1100994
2013-03-18,137.85,139.7,136.6,137,985900
2013-03-19,135.95,138.9,135.1,138.85,570595
2013-03-20,135.9,138,134.7,138,882325
2013-03-21,133.7,136.9,133.3,136.05,522613
2013-03-22,133.75,138.15,132.55,134.95,822226
2013-03-25,130.85,138,129.9,138,972035
2013-03-26,134.2,134.5,129.8,131,584395
2013-03-28,136.95,138.85,132.8,134.25,1477936
2013-04-01,141.85,142.75,136.95,137,651587
2013-04-02,141.3,144.9,140.65,143,1295336
2013-04-03,144.2,144.75,140.75,141.7,2446305
2013-04-04,140.5,144.1,139.7,143.85,696689
2013-04-05,143.25,144.15,138.7,139.8,4058046
2013-04-08,141.75,145.75,141.1,142.2,888356
2013-04-09,138.95,143.9,137.85,142.6,1381580
2013-04-10,137.5,140.5,136.95,140,987414
2013-04-11,137.9,139.5,136.8,136.8,550867
2013-04-12,138.95,140.8,136.8,136.8,845708
2013-04-15,138.3,140,137.8,138.15,1175545
2013-04-16,139.4,139.95,136.6,136.6,503464
2013-04-17,139.35,140.25,137.3,137.3,893127
2013-04-18,141.55,143.8,139.5,139.7,2475581
2013-04-22,144.4,144.9,141.15,141.85,677634
2013-04-23,142.6,144.8,142,144.5,267555
2013-04-25,145.85,147,142.95,142.95,1074079
2013-04-26,146.5,148.5,146,146,1296255
2013-04-29,146.6,147.8,144.65,145,614369
2013-04-30,147.8,155.9,144.75,149.8,5465017
2013-05-02,151,153,148,148,2132018
2013-05-03,161.05,163.45,151.15,151.2,4533824
2013-05-06,157.85,160.45,157.1,158.35,1674023
2013-05-07,161.95,163,158,158,2253969
2013-05-08,161.8,164.7,161.3,161.95,1151847
2013-05-09,158.25,162.7,157.55,162,607400
2013-05-10,161,162,156.65,158.1,645674
2013-05-13,163.95,165.65,161.1,161.1,1877357
2013-05-14,161.8,165.25,161.3,163.95,1486058
2013-05-15,161.2,164.2,159.7,162.3,1553423
2013-05-16,158.45,162.75,157.8,160.4,1445124
2013-05-17,157.1,160.2,155.35,158.15,1448229
2013-05-20,155.95,158.25,155.2,155.6,765779
2013-05-21,155.05,156.8,154.35,156.05,630149
2013-05-22,157.45,158.65,154.9,154.9,804923
2013-05-23,155.4,157.3,154.25,154.25,653191
2013-05-24,158.15,158.9,154.8,155.05,646876
2013-05-27,158.4,159.9,157.6,158.5,561890
2013-05-28,156.2,159.35,155.45,158.1,1444882
2013-05-29,157.05,157.75,155.95,155.95,842250
2013-05-30,156.9,158.4,155.75,158.4,1566780
2013-05-31,156.35,160.85,155.8,156.75,1195900
2013-06-03,158.05,159.3,155.6,155.6,693978
2013-06-04,158.9,160.35,158.5,158.65,710252
2013-06-05,158.1,159.7,157.55,159.05,558087
2013-06-06,157.65,159.4,156.6,156.6,571580
2013-06-07,157.15,158.95,156.35,158.95,385995
2013-06-10,151.55,158.6,149.7,157.55,1722926
2013-06-11,152.1,153.3,147.4,149.65,1254046
2013-06-12,153.45,154.35,150.15,152.95,679476
2013-06-13,150.35,153.7,149,150.7,1592418
2013-06-14,152.65,154.5,144.65,150.5,3700878
2013-06-17,155.25,156,152,153.9,427529
2013-06-18,155.2,156,152.8,155,480676
2013-06-19,156,158.3,153.55,153.55,1697389
2013-06-20,151.45,155.2,150.3,154.45,3476163
2013-06-21,154.05,155.3,149,150.55,1388372
2013-06-24,154.4,155.45,151.6,154.2,1050238
2013-06-25,152.4,154.45,151.55,154.3,1634054
2013-06-26,152.2,153.9,149.35,152.05,1555778
2013-06-27,153.85,154.9,151.1,154.2,1685418
2013-06-28,155.4,156.85,151.75,153.05,1341577
2013-07-01,155.3,159.5,153.35,156.25,1257492
2013-07-02,155.2,156.5,153.5,155.15,1339211
2013-07-03,156.6,157.4,153.9,155.2,540894
2013-07-04,158.9,159.7,157.05,158.9,806678
2013-07-05,157,160.85,156.25,159.2,576754
2013-07-08,157.45,159,155.55,156.05,690169
2013-07-09,156.45,159.25,155.75,158.05,800855
2013-07-10,154.4,157.35,154.1,155.8,530182
2013-07-11,155.05,156.25,154.5,155,783089
2013-07-12,158.55,159.05,154.2,155,734716
2013-07-15,156.95,159,156.8,157.55,418754
2013-07-16,159,159.9,156.3,156.8,600624
2013-07-17,165.65,167.9,160,160,3470917
2013-07-18,171.05,172.8,166.7,166.8,3844548
2013-07-19,167.65,172.15,166.8,171.75,1189888
2013-07-22,170.95,173.65,165.25,165.25,3179608
2013-07-23,170.5,174.5,168.6,174.5,4432629
2013-07-24,174.85,176.5,166.45,170.5,4395306
2013-07-25,170.5,177.4,169.2,176.5,2355738
2013-07-26,171.75,175.25,169.05,171.5,2843977
2013-07-29,169.3,174.25,168.55,172.05,1622078
2013-07-30,164.85,170.35,162.4,168.05,1162266
2013-07-31,161.4,165,160.1,163,2030610
2013-08-01,159.8,166.45,159.05,161.05,3111343
2013-08-02,160,161,158,159,1011588
2013-08-05,164.25,165,158.3,158.3,1076932
2013-08-06,160.3,164,158.5,162,1022456
2013-08-07,157.35,161.95,156.3,161,819946
2013-08-08,161.35,162,156.6,157.2,484048
2013-08-12,166.8,167.7,160.45,160.45,2125690
2013-08-13,172.25,175,165.1,165.1,2437170
2013-08-14,171.1,172.2,169.55,170.2,507342
2013-08-16,170.1,172.7,165.8,169.25,2775141
2013-08-19,162.5,170.15,161.5,169.7,1660881
2013-08-20,156.75,161.2,155,158.25,2735504
2013-08-21,149.5,158.75,145.65,157.15,4701346
2013-08-22,145.95,148,142.7,148,4210349
2013-08-23,149.5,150.7,145.25,146.1,2946693
2013-08-26,156.65,158.5,150.4,150.4,2575832
2013-08-27,157.05,157.9,154,156.9,1902371
2013-08-28,156.35,159.5,150.7,156.5,3380401
2013-08-29,159.95,160.75,156.15,157,857258
2013-08-30,163.1,165.05,158.55,159.95,3346289
2013-09-02,168.6,169.65,163.5,165.4,1038231
2013-09-03,163.85,169.75,162.5,169.35,1822910
2013-09-04,169.85,171.5,162.5,162.6,3977414
2013-09-05,163.5,172.9,162.95,171.15,2195548
2013-09-06,163.15,167.1,162.35,163.35,728182
2013-09-10,170.65,171.8,163.5,163.5,1248342
2013-09-11,169.95,171.65,166.2,170.05,1852238
2013-09-12,169.75,171,168.25,170.1,959828
2013-09-13,169.05,171.75,166.9,169.7,808210
2013-09-16,169.2,171,166.85,171,1270922
2013-09-17,167.85,170,166.35,167.25,635201
2013-09-18,168.85,170,167.1,167.1,377014
2013-09-19,169.8,172.9,167.3,170,1045294
2013-09-20,168.85,171.4,168,168,1132208
2013-09-23,167.1,169.65,164.75,167.5,765575
2013-09-24,168.35,169.45,165,165,1003508
2013-09-25,167.3,170.3,166.5,169,1290675
2013-09-26,167.4,169.3,166.25,167.3,857188
2013-09-27,170,171.45,167.45,167.95,1287844
2013-09-30,169.5,173.2,168.2,169.9,1606161
2013-10-01,168.05,170.45,166.8,170,592414
2013-10-03,169.7,170.75,167,167,1105675
2013-10-04,171,172.5,169.7,170,940974
2013-10-07,170.5,171.6,168.75,171,353738
2013-10-08,171.7,173,169.1,169.1,664267
2013-10-09,170.4,172.35,169.55,170.1,1650273
2013-10-10,170.1,171.95,169.6,170.5,1365834
2013-10-11,169.55,171.55,169.15,170.1,374699
2013-10-14,169.25,171.65,168.75,171.65,877945
2013-10-15,168.45,170,167,169.8,1090200
2013-10-17,166.45,170.7,165.65,169.95,959275
2013-10-18,169.15,169.8,167,168,781911
2013-10-21,170.5,171.3,168.2,168.2,1194381
2013-10-22,178.7,179.8,170.05,170.05,1756257
2013-10-23,176.4,180.2,173.85,180,2306166
2013-10-24,176.65,178.5,174.5,175.1,1018553
2013-10-25,182.6,183.45,177.4,178.3,2628016
2013-10-28,175.75,184.45,174.15,184.25,3771011
2013-10-29,177.9,178.7,174.75,176.8,1570817
2013-10-30,179.3,181.25,176.65,178.5,1858864
2013-10-31,178.65,179.5,175.65,178.5,1199522
2013-11-01,176.8,179,175.95,176.7,1271061
2013-11-05,172.5,177.85,171.65,177.45,1721774
2013-11-06,170,174.3,169.15,171,679937
2013-11-07,167.6,171.5,167.25,170,1044295
2013-11-08,163.35,168.95,162.9,168.95,2310992
2013-11-11,160.65,164.2,160.1,163.4,1159018
2013-11-12,163.25,164.1,160,161.45,1256945
2013-11-13,161.75,165.3,160.6,162.55,1007138
2013-11-14,164.25,165,162.05,163,843884
2013-11-18,162.05,165.6,161.2,164.4,948944
2013-11-19,159.9,163.75,159.6,162.45,993415
2013-11-20,157.35,160.4,156.6,159,3662311
2013-11-21,160.95,162.25,156.5,157.55,3284906
2013-11-22,161.05,163.6,159.2,162.45,2427955
2013-11-25,167.4,168.3,162.5,163,3232399
2013-11-26,165.15,171.35,163.7,168,13921896
2013-11-27,165.25,168.65,164.25,167,924186
2013-11-28,163.05,165.9,161,165.1,1831643
2013-11-29,165.65,166.55,163.3,163.3,939859
2013-12-02,166.65,167.35,164.95,165.1,697567
2013-12-03,164.85,167.4,162.55,167.4,1419862
2013-12-04,163,166,162.55,164,869901
2013-12-05,163.2,165.1,161.6,163.35,1924436
2013-12-06,164.4,165.4,162.9,163.5,1441396
2013-12-09,164.75,166.65,163.15,166,882070
2013-12-10,164.9,165.4,163.35,165,909202
2013-12-11,169.15,169.5,164.45,164.95,1984831
2013-12-12,167.85,170,165.9,170,968326
2013-12-13,165.75,167.55,164.6,167,1592334
2013-12-16,166.15,166.85,163.5,165.8,789627
2013-12-17,165.7,167.35,164.8,166.5,1449762
2013-12-18,164.3,166.35,163.75,165.1,1857808
2013-12-19,167.25,168,164.6,164.6,1665189
2013-12-20,167,168.65,165.6,168.05,1935408
2013-12-23,167.45,168.4,166.6,167.5,1214649
2013-12-24,171.4,171.8,166.6,167.75,1196474
2013-12-26,172.95,174.3,171.4,172,1068836
2013-12-27,172.4,173.45,172,173.45,448814
2013-12-30,171.15,172.9,169.65,172.5,520385
2013-12-31,170.35,172.9,169.8,172.2,554069
2014-01-01,172,172.65,170.25,170.65,503043
2014-01-02,166.9,174.2,165.55,172.95,671473
2014-01-03,167.05,167.8,164,167.15,739116
2014-01-06,169.7,170.45,166.35,168,416722
2014-01-07,172.6,173.8,170,171,1285644
2014-01-08,174,174.9,171.7,173.5,847108
2014-01-09,173.05,174.9,171,174.9,642334
2014-01-10,173.95,175,172,174,828019
2014-01-13,169.95,175,169.25,174.55,790626
2014-01-14,171.8,172.45,169.9,170.25,569718
2014-01-15,170.6,172.1,169.1,171.6,993608
2014-01-16,168,170.9,166.55,169.5,1735939
2014-01-17,167.2,170.25,166.7,168.05,1309620
2014-01-20,169.75,170,166.5,166.6,1605943
2014-01-21,167.7,170.95,166.8,169.75,1835296
2014-01-22,160.8,167.95,159.5,167.1,6394763
2014-01-23,161.75,162.7,159.5,160.95,7129044
2014-01-24,163.95,164.8,161.35,162.25,3099421
2014-01-27,163,163.9,162.1,162.7,2227640
2014-01-28,168.3,169.6,163.35,163.35,3259379
2014-01-29,171,171.4,167.15,169.2,1651918
2014-01-30,170,171,167,169.8,1035514
2014-01-31,172,172.5,167.95,170,1050474
2014-02-03,168.4,172.9,167.9,172,981623
2014-02-04,170.05,170.45,166,168,798266
2014-02-05,173.1,173.5,168,169.9,1311098
2014-02-06,173.25,174,170,173.65,1318288
2014-02-07,174.8,175.35,171.5,173,1063263
2014-02-10,174.65,175,171.65,174.5,841466
2014-02-11,176.3,177.3,174.1,176,1072156
2014-02-12,177.75,178.15,175,177,2161753
2014-02-13,172,177.5,171.4,177.5,743756
2014-02-14,173.65,174.15,170.65,172.45,574507
2014-02-17,172.65,175.3,171.6,173.65,437810
2014-02-18,170.8,174.2,170.45,174.2,607311
2014-02-19,170.55,172.8,169.55,172.8,613992
2014-02-20,170.15,171.8,168.7,169.05,641104
2014-02-21,173.2,173.85,170.2,172,800116
2014-02-24,172.65,173.7,171.5,173,586313
2014-02-25,172.05,173.5,171.1,172.25,437027
2014-02-26,172.1,173.5,171.2,171.2,1330846
2014-02-28,173.45,175.4,172.1,172.1,774081
2014-03-03,172.3,173.15,170.5,172.55,525786
2014-03-04,174.05,174.75,170.35,172.25,1043201
2014-03-05,171.7,177.05,171.2,174.1,1298495
2014-03-06,172.85,173.3,170.8,172.8,1274906
2014-03-07,171.55,174,171.2,174,477872
2014-03-10,172.9,173.15,171,171.2,1259513
2014-03-11,174.7,175,171.85,173,752182
2014-03-12,173.2,177.4,172.2,174.7,1895804
2014-03-13,171.8,176,171,176,838177
2014-03-14,173.95,174.3,171.05,172,1071159
2014-03-18,177.05,177.25,173,173.1,1267363
2014-03-19,177.9,179.8,175.8,177.9,1458065
2014-03-20,179.05,179.5,176.8,177.5,636364
2014-03-21,179.95,181.8,179.05,179.05,1337111
2014-03-24,179.45,181,178.05,178.6,931333
2014-03-25,176,180.5,174.1,180,2196893
2014-03-26,177.15,179,175.8,176,1089569
2014-03-27,177.9,179.45,176.95,177.25,1235221
2014-03-28,179.1,180.95,178.05,178.1,1309993
2014-03-31,179.65,181,177.85,179,558194
2014-04-01,188.35,189.35,178.7,181,2052941
2014-04-02,182.35,189.95,182.05,189.95,1165376
2014-04-03,184,185.25,182.3,183,634893
2014-04-04,179.95,185,179.65,185,776792
2014-04-07,183.5,184.2,179.15,180,779222
2014-04-09,182.75,183.4,180.8,183.1,563299
2014-04-10,181.15,183.4,180.65,182.1,594536
2014-04-11,179.15,183.3,178.7,181.2,1003952
2014-04-15,178.8,179.85,177.05,179.2,522375
2014-04-16,178.9,180.9,178.1,178.1,1473922
2014-04-17,179.05,179.9,178,179.1,812604
2014-04-21,178.15,180.55,177.5,179,677877
2014-04-22,179.8,180.2,177.1,177.1,1683550
2014-04-23,178.35,180.85,177.15,180.1,1285621
2014-04-25,178.8,180.25,177.1,177.6,1039852
2014-04-28,180.1,182.35,178,178,1071098
2014-04-29,177.8,182.3,176.6,181.9,2354552
2014-04-30,179.25,181.4,177.8,179.65,2000023
2014-05-02,180.25,182,179.5,180,865428
2014-05-05,179.5,182.1,178,181.45,730677
2014-05-06,179.2,180.95,178.75,179.65,367428
2014-05-07,178,179.65,177.3,178.5,795337
2014-05-08,179.7,180.5,178.3,178.5,1563120
2014-05-09,179.85,180.7,179,179.5,1146921
2014-05-12,182.1,182.75,179.15,179.15,820434
2014-05-13,188.85,191.35,182.6,182.6,2299852
2014-05-14,189.7,191.4,186.5,191,1427766
2014-05-15,187.85,191,186.15,189,1217072
2014-05-16,181.5,191.95,180.6,189,2079289
2014-05-19,180,183,177.45,183,2616191
2014-05-20,182.95,183.75,179,179.65,2862062
2014-05-21,184.05,184.9,180.9,183,680501
2014-05-22,185.05,185.85,184.15,185,1127905
2014-05-23,183.15,186.95,182.7,186,1539868
2014-05-26,178.8,186.7,178,186.7,3044376
2014-05-27,179.55,181.5,177.4,179.4,772072
2014-05-28,180.85,181.3,179.1,179.2,784252
2014-05-29,178.6,180.9,178,180.05,1159851
2014-05-30,188.45,192,178.6,178.6,7751533
2014-06-02,184.25,187.7,183,187,707384
2014-06-03,185.3,186.35,183.5,184.55,756604
2014-06-04,184.4,186.3,184,185.5,780096
2014-06-05,188.85,189.45,183.75,185,1065738
2014-06-06,190.85,192,188,191,2834445
2014-06-09,189.45,193.4,188.6,193.4,1824714
2014-06-10,191.9,193.7,186.5,190,1467347
2014-06-11,189.55,193,188.3,193,574316
2014-06-12,192.5,193.45,188.8,191.5,1167626
2014-06-13,189.05,195.95,187.65,192.5,1769039
2014-06-16,187.2,190,185.2,189.2,1098489
2014-06-17,188.45,189.45,186.35,187.55,566582
2014-06-18,189,192.5,187.6,187.6,851831
2014-06-19,190.6,191,188.65,188.65,519824
2014-06-20,188.85,191.35,187.8,190.9,585533
2014-06-23,187.75,190,187,189,675032
2014-06-24,185.8,188.5,184.4,187.75,1227539
2014-06-25,185.9,187.6,185.15,186.25,692152
2014-06-26,184.75,187.75,184,185.9,1455237
2014-06-27,186.05,187.45,185,185,522321
2014-06-30,187.5,188.25,185.75,185.75,653149
2014-07-01,187,188.2,186.25,187.9,398880
2014-07-02,186.45,188,186.1,188,378860
2014-07-03,192,192.7,184.5,184.5,1738431
2014-07-04,191.4,192.75,190.05,192.15,871419
2014-07-07,193.3,193.8,190.3,192,1024039
2014-07-08,192.5,197.2,191.4,193,1989028
2014-07-09,194.8,195.65,191.55,193.5,870430
2014-07-10,194,195.75,191.1,195,851410
2014-07-11,194,197.9,192.85,193.05,1199010
2014-07-14,190.25,194.3,189.3,194,1120496
2014-07-15,194.6,195.2,191,191,2286799
2014-07-16,194.45,196.6,193.9,194,509654
2014-07-17,194.05,196.35,193.5,195.1,1220098
2014-07-18,194.05,195.4,193.05,193.55,1364644
2014-07-21,194,195.8,193.65,195.8,905362
2014-07-22,192.95,194.4,191.6,193.2,1197768
2014-07-23,194.1,194.7,192.45,193.4,705350
2014-07-24,194.95,195.55,193.1,194.9,859108
2014-07-25,199.6,200.3,194.5,195,1326094
2014-07-28,197.95,201,192.85,200,1665654
2014-07-30,200.15,202.65,196.9,198.4,1755451
2014-07-31,207.25,208.8,200,200.4,3461133
2014-08-01,202.35,207.25,202,204.15,1021825
2014-08-04,204.2,204.95,202.5,202.7,687937
2014-08-05,202.85,204.9,202.1,204,706491
2014-08-06,205.3,209.85,201.5,201.5,1256099
2014-08-07,202.75,207.05,202.1,205.55,470500
2014-08-08,205.6,206.55,201.55,201.7,910967
2014-08-11,202.75,207.5,201.65,206.1,837869
2014-08-12,206.1,206.95,203.05,204.95,531380
2014-08-13,211.15,213.5,205,205.1,1331510
2014-08-14,217.9,220.9,214,214,4258292
2014-08-18,223.5,224.2,216.95,219,2590372
2014-08-19,225.75,229.7,224,225,2696691
2014-08-20,219.9,230,219.1,230,1688939
2014-08-21,224.55,225,220.65,221,975891
2014-08-22,222.35,225.9,221,225,1636354
2014-08-25,223.15,226.85,220.1,221.6,1880577
2014-08-26,227.15,229,223.5,225.6,3448143
2014-08-27,232.25,235.55,227.25,229.9,4395674
2014-08-28,232.6,235.25,227.5,234.2,20796048
2014-09-01,227.5,234.5,226.9,232.4,2159952
2014-09-02,227,229.95,225.8,228,1831050
2014-09-03,227.5,229.95,226.4,227.05,1744337
2014-09-04,225.75,229.7,224.7,227.85,2848618
2014-09-05,226,227.5,224.7,225,2005780
2014-09-08,226.9,229.3,225.9,226.3,1610332
2014-09-09,228.25,231.25,227,227.3,1999282
2014-09-10,225.85,230,225.4,228.25,1541079
2014-09-11,225.95,228,223.65,226,1924479
2014-09-12,223.7,226.85,223.05,225.4,1748182
2014-09-15,224.8,229.95,223.3,229.95,1370760
2014-09-16,221.05,226.45,220.05,226,1225510
2014-09-17,222,225.75,221.2,222.9,1362696
2014-09-18,223,225,221.25,221.85,782865
2014-09-19,223.4,227.55,222.6,222.95,3553915
2014-09-22,224.25,225.6,222.35,223,1273534
2014-09-23,220.5,226.4,219.5,225.7,1197250
2014-09-24,224.9,225.6,220.2,220.95,813713
2014-09-25,225.6,228,223.15,227.2,2304559
2014-09-26,223.75,229.3,222.95,225.5,1494885
2014-09-29,220.3,225.35,215.8,222.7,1034061
2014-09-30,222.15,225.85,220.25,220.25,1633386
2014-10-01,221.1,224.3,220.45,223.05,869561
2014-10-07,215.75,222.9,214.8,222.05,1291157
2014-10-08,216.75,219.45,215.3,216,847174
2014-10-09,216.95,218.65,216.35,216.35,450841
2014-10-10,215.1,216.35,214.9,215.3,467128
2014-10-13,210.9,215.35,209.25,215.1,797557
2014-10-14,210,214.75,209.55,211.5,873465
2014-10-16,207.95,213.85,207,209.5,1471902
2014-10-17,205.85,209,205.2,208.2,957790
2014-10-20,205.95,209.25,205.55,207.85,512415
2014-10-21,209.45,210.7,206.25,208.5,1131259
2014-10-22,214.85,217.15,210.3,211,1100608
2014-10-23,215.85,217,215.05,217,81658
2014-10-27,209.4,219.5,196.55,218,9997427
2014-10-28,213.45,214.55,205.65,205.65,2353883
2014-10-29,217.95,218.5,212,212,2025504
2014-10-30,220.2,223.5,215.2,215.95,2289875
2014-10-31,226.5,229,218.6,221.55,1386452
2014-11-03,230.35,232.75,221.7,228.25,3803830
2014-11-05,226,228.75,223.75,227.15,2248286
2014-11-07,227.85,230.5,225.25,225.25,740240
2014-11-10,226.55,230.95,225.95,228,407307
2014-11-11,229.15,229.7,225.45,226.1,440509
2014-11-12,234.15,235.9,228.15,228.9,1148592
2014-11-13,232.1,236.35,229.35,233.25,798558
2014-11-14,231.35,233.2,230.15,232.1,468791
2014-11-17,235.75,236,226.75,227,871309
2014-11-18,232.1,237.5,230.8,236,553970
2014-11-19,232.05,239,230.6,230.6,915004
2014-11-20,235.45,235.9,227.75,232.05,725099
2014-11-21,230.65,235.7,229.85,234,959507
2014-11-24,236.65,237.5,230.7,231.05,474018
2014-11-25,242.9,244.9,237.85,238.7,3420018
2014-11-26,240.7,242.95,239.1,242.85,982818
2014-11-27,243.5,249.15,240,240,4583912
2014-11-28,240.9,248.75,240.15,246.5,1844702
2014-12-01,245.7,249,240.35,241.45,893323
2014-12-02,243.05,247.05,241.2,246.3,2163789
2014-12-03,244.6,246.85,243,243.75,689303
2014-12-04,244.95,247.4,243.05,245.95,887930
2014-12-05,243.4,247,243,245,503279
2014-12-08,240.15,243.75,239.3,243.4,417299
2014-12-09,239.25,241.75,237.9,240.8,496130
2014-12-10,238.75,242.25,237.7,242,541864
2014-12-11,235.65,239.45,234.55,236.85,539402
2014-12-12,234.7,240,233.55,234,636961
2014-12-15,230.4,237.7,229.65,233.05,688891
2014-12-16,223.3,232.7,221.5,229.5,615862
2014-12-17,219.7,225.9,217.8,223,643391
2014-12-18,231.65,238.25,222.1,224,1300806
2014-12-19,227.8,236,226.1,235,754973
2014-12-22,231.05,233.5,226.8,227.75,606271
2014-12-23,232.8,236.75,231.05,231.2,1043321
2014-12-24,228.4,234.9,225.95,232,3198456
2014-12-26,229.95,232,225.65,228.4,203167
2014-12-29,228.45,231.95,228,228,373345
2014-12-30,232.3,234.75,229,229,809407
2014-12-31,233.75,235.25,230.25,232.8,370972
2015-01-01,232.4,235.6,231.65,233.3,196868
2015-01-02,234.7,235.9,231.8,233.95,529083
2015-01-05,231.45,236.95,231.1,235.95,446506
2015-01-06,224.35,230.9,222.5,230,1014678
2015-01-07,227.75,234,224.35,225.95,994200
2015-01-08,230,232,228.05,229.1,481222
2015-01-09,229.45,232,227.6,231.15,491481
2015-01-12,234.75,235.75,228.65,229.8,788529
2015-01-13,235.75,240,234.35,235.95,767947
2015-01-14,251.05,255,236,236,3159750
2015-01-15,249.9,257.9,245.25,255,2159249
2015-01-16,251.4,253.35,247.7,252.55,1310592
2015-01-19,257.8,262.3,251.7,252.05,1523471
2015-01-20,254.15,257.95,248.4,257.65,1163764
2015-01-21,250.2,256.7,249.05,256.7,1098590
2015-01-22,250.2,254,248.55,252.9,1351354
2015-01-23,249.6,253.15,246.35,251.55,1352803
2015-01-27,248.75,251.35,247.8,250.5,1761657
2015-01-28,251.75,253.25,247.3,247.3,972156
2015-01-29,258.4,259.9,250.3,251.25,2990179
2015-01-30,256.25,262.5,251,259.45,2151258
2015-02-02,261.65,263.6,255.7,257.1,1392155
2015-02-03,265.85,267.6,261.85,263,2296886
2015-02-04,267.65,270,262.1,267,1171222
2015-02-05,267.9,271,264.8,267.95,1907513
2015-02-06,273.45,275,266.15,267,1281980
2015-02-09,261.05,273,259,270.05,1508962
2015-02-10,270.5,273.25,258.25,260.1,1260943
2015-02-11,272,276.9,267.1,271.7,1796398
2015-02-12,267.15,273.55,263.4,271.8,1152534
2015-02-13,272.25,273.35,265.3,268.85,866174
2015-02-16,266.85,272.5,264.6,270.25,907037
2015-02-18,268.8,269.9,264.85,266,690544
2015-02-19,266.95,268.25,265,265,860826
2015-02-20,265.45,267.9,264.2,267.9,559541
2015-02-23,265.7,267.2,262.2,266.05,752319
2015-02-24,268.15,270.2,264.5,266.8,853844
2015-02-25,264.35,271.5,263.35,270,1097455
2015-02-26,263.45,266.9,259.95,264.8,1681355
2015-02-27,265.15,266,260.1,261.9,1535042
2015-03-02,262.6,265.2,260.1,264.4,1233871
2015-03-03,264.05,267.9,262.05,263.55,680214
2015-03-04,264.15,269.4,262.25,265.35,1965940
2015-03-05,266.7,271.75,263.25,263.55,2185705
2015-03-09,274.35,276.95,266,266,2571153
2015-03-10,265.8,278.5,264.9,277.4,1742218
2015-03-11,267.5,271,260,265.8,2494857
2015-03-12,271.2,273.4,268.65,269.45,1102968
2015-03-13,272.45,276.15,270,270,1111320
2015-03-16,271.25,274.45,269.6,273,518940
2015-03-17,283.3,284,272,272,2206776
2015-03-18,284.1,287,280.6,285.9,2059236
2015-03-19,275.4,287,273.2,286.9,1142423
2015-03-20,266,275.35,264.7,275.35,1261421
2015-03-23,269.1,272.4,266.3,266.3,516056
2015-03-24,266.5,271.95,265.25,269.1,792812
2015-03-25,268.2,269.4,266,266,727019
2015-03-26,262.75,268.5,261.35,267,980013
2015-03-27,264.8,276,262.85,276,535684
2015-03-30,266.05,270.7,265.3,267.8,763718
2015-03-31,265.55,269.45,264.45,266.9,664099
2015-04-01,266.55,268.5,264.65,266.5,642177
2015-04-06,272.95,273.9,267,267,966604
2015-04-07,274.3,275.6,271.1,274.1,799464
2015-04-08,284.35,286.5,274.8,275.65,1270528
2015-04-09,279.9,285.75,278.1,285,768529
2015-04-10,280.3,283.5,277.1,280,759749
2015-04-13,283.6,286.95,280.9,283,789775
2015-04-15,275.35,286,274.25,286,1225694
2015-04-16,276.15,278.2,272.05,275,964375
2015-04-17,272.95,276.9,270.5,275.4,721933
2015-04-20,268.9,274,266.05,273.55,999987
2015-04-21,268.55,271.55,266.5,269.05,837487
2015-04-22,265.25,274,260.15,271,989682
2015-04-23,271.05,272.25,264.95,265.75,973607
2015-04-24,270.1,275.2,267.9,272.1,1047375
2015-04-27,263.45,272.9,262.1,270.1,1036665
2015-04-28,259.1,263.85,254,262.15,1454703
2015-04-29,255.3,260,252.35,260,1525998
2015-04-30,251.9,261.15,250.5,255.3,1894843
2015-05-04,261.45,263.1,252.25,252.25,869369
2015-05-05,264.6,267,261.55,263.85,1529164
2015-05-06,263.1,271.4,261.2,270,2211439
2015-05-07,257.2,263.2,251,262.95,1294036
2015-05-08,260.85,263.3,258.2,261,1176148
2015-05-11,257.2,262.45,255.85,261.1,743636
2015-05-12,260.65,262.65,253.55,258.4,1377638
2015-05-13,261.4,263.85,255.25,260.25,973860
2015-05-14,263.85,266.2,260.55,261.8,901956
2015-05-15,264.85,267,263.1,264.9,654285
2015-05-18,265.7,266.5,262.5,265.8,611396
2015-05-19,264.7,265.8,263.2,265.8,388069
2015-05-20,264.1,267.1,263.45,265,327602
2015-05-21,259.05,264.5,258.1,263.6,1200444
2015-05-22,265.25,265.9,257.65,260,1209831
2015-05-25,268.4,269.6,264,266.25,769674
2015-05-26,270.65,272.75,265.25,270.5,2286721
2015-05-27,269.35,270.9,265.6,266.3,1071111
2015-05-28,271.7,273.1,266.1,270.5,1156685
2015-05-29,269.85,275.25,268.55,272,2726402
2015-06-01,272.7,274.45,267.25,270,830901
2015-06-02,266.75,273.55,265.65,272.7,783535
2015-06-03,261.5,268.25,257.1,268.25,528323
2015-06-04,255.75,262,253,260.3,670834
2015-06-05,257.8,260.4,253.1,257.9,777601
2015-06-08,251.5,259.7,250,258.9,651661
2015-06-09,253.75,254.95,248.85,251,626390
2015-06-10,253.4,255.9,251.25,255.45,880066
2015-06-11,251.4,257.5,250.8,254.8,856895
2015-06-12,252,253.75,250,252.2,516031
2015-06-15,256.3,258.55,251.85,253.45,543540
2015-06-16,256.55,257.9,252.85,256,507671
2015-06-17,265.45,275.95,257,257.05,3092463
2015-06-18,267.7,268.5,263.25,266.05,1735985
2015-06-19,269.3,272.2,266.75,268.15,1046888
2015-06-22,270.2,273.6,269.35,271,901263
2015-06-23,269.75,272.1,268.65,271,380642
2015-06-24,273.5,275.55,268.3,269.7,1726985
2015-06-25,276.75,280.75,273.3,274,2277126
2015-06-26,275.7,279.2,272,276.75,1399841
2015-06-29,275.9,278.3,268.5,273.3,1527665
2015-06-30,280.1,281.55,275.1,278.3,2917308
2015-07-01,282.5,284.4,281.5,281.7,1617534
2015-07-02,278.25,283.15,277.15,283.05,1481635
2015-07-03,285.55,287.4,278.65,279.65,1458887
2015-07-06,286.4,288.35,260,282.9,704734
2015-07-07,288.4,291.45,286,287,761051
2015-07-08,286.6,292.8,284.5,287,970113
2015-07-09,287.1,291.45,283.65,286.6,885522
2015-07-10,282.25,286.45,281.1,285.45,1096786
2015-07-13,286.45,287.15,280.65,281.6,724763
2015-07-14,296.15,297.1,288,288.1,1508597
2015-07-15,292.2,299.5,291,299.45,736368
2015-07-16,291.2,294.6,289.4,292.85,661066
2015-07-17,292.05,294.3,289.55,292.45,545409
2015-07-20,299.2,300,291.5,293.4,893701
2015-07-21,302.25,304.5,299,300,1376048
2015-07-22,298.6,301,295.35,299.9,785059
2015-07-23,298.45,303.7,296.4,300.9,431071
2015-07-24,296.55,302.3,296,299.8,452880
2015-07-27,296.35,300.3,293.45,295,889816
2015-07-28,294.45,301.4,292.6,296.6,985921
2015-07-29,290.6,301.1,289.2,296.75,2824890
2015-07-30,292.2,295.9,291.2,294.7,1446644
2015-07-31,293.3,295.45,289.6,292.85,988467
2015-08-03,290.9,294.95,288.5,294.95,1001944
2015-08-04,292.2,294.25,290.3,291.6,1208518
2015-08-05,306.65,308.85,292.9,294.5,1556315
2015-08-06,308.85,316.4,306.1,309.4,1922508
2015-08-07,309.1,312.8,302.8,307.8,836126
2015-08-10,305.35,313.9,304.5,310.8,446877
2015-08-11,299.9,307.75,299.5,307.75,813838
2015-08-12,298.4,302.7,295.5,300,924412
2015-08-13,292,301.25,290.5,299,1239094
2015-08-14,294.7,297.9,291,293.8,380032
2015-08-17,302.9,304.5,293.5,297.4,806063
2015-08-18,303.1,308.9,301.45,307.45,699944
2015-08-19,297.45,306.95,296.7,303,1308815
2015-08-20,297.65,304.2,295.05,299.9,742592
2015-08-21,298.65,301.2,293.45,295,1240658
2015-08-24,273.45,293.6,269.55,290,2071080
2015-08-25,273.4,281.2,256.7,278.4,3664616
2015-08-26,275.05,280,272.1,273.5,2052224
2015-08-27,284.5,287.75,278.5,281.4,2427487
2015-08-28,280.3,287.95,276,285,2725408
2015-08-31,273.05,282.7,271.2,280.5,1898280
2015-09-01,270.1,275.65,268.25,273.5,2407723
2015-09-02,280.15,284.05,272.4,272.9,2279831
2015-09-03,285.1,285.9,278.35,284,1573375
2015-09-04,286.25,289.25,280.05,281.2,2082650
2015-09-07,277,286.5,276,285,1669030
2015-09-08,274.5,280,272.1,276.55,1201253
2015-09-09,275.2,278.85,273.6,275.7,1113157
2015-09-10,279.9,281.45,268.75,273,1373008
2015-09-11,281.8,284.3,280.5,283,690493
2015-09-14,281.7,284.05,280.15,283,419284
2015-09-15,282.3,285,280.25,280.85,553832
2015-09-16,273.9,284.95,272.5,284,2462779
2015-09-18,275.25,278.5,269.65,275.45,3991475
2015-09-21,279.05,280.35,273.6,276,2478500
2015-09-22,277.95,280.95,273.6,280.1,2699724
2015-09-23,275.85,278.35,273.05,273.05,1033941
2015-09-24,274.85,277.05,273.4,276.5,2438025
2015-09-28,274.55,276.7,273.25,276.7,682398
2015-09-29,274.75,275.25,271.95,273.6,1076987
2015-09-30,276,278,274.8,278,2843891
2015-10-01,278.7,279.7,275.25,277.5,1383806
2015-10-05,275.1,286.75,274.65,281.45,2503267
2015-10-06,276.9,278.8,275,276.5,2333198
2015-10-07,279.6,282.3,274.1,277.3,2288521
2015-10-08,277.8,280,275.8,280,700744
2015-10-09,279.85,281.6,277.2,278.2,1003106
2015-10-12,279,283.6,278.1,280.1,886526
2015-10-13,271,279.7,270.5,279.7,2078106
2015-10-14,272.8,274.2,270.85,271.75,602902
2015-10-15,271.8,274.55,271,273,623919
2015-10-16,272.65,273.1,271.1,272,450580
2015-10-19,272.45,275.3,271.55,275,652060
2015-10-20,271.05,273,269.65,273,805956
2015-10-21,270.25,271.85,268.8,271.85,648268
2015-10-23,262.9,272.7,262,271.3,1925488
2015-10-26,266.7,269,264,264,990157
2015-10-27,271,271.3,265.1,266.9,2279056
2015-10-28,271.95,273.3,268.75,272.7,3333211
2015-10-29,272.45,274.7,271,273.3,1596428
2015-10-30,269.75,273.35,268.35,272.5,1920432
2015-11-02,270.85,271.2,265.15,269.75,1524569
2015-11-03,270.2,272.65,269,272.65,657613
2015-11-04,270.05,271.1,268.1,270,707656
2015-11-05,266.25,270.85,264.3,269.6,2012396
2015-11-06,267.65,268.45,263.55,263.55,894416
2015-11-09,266.65,269.25,260.05,260.05,2257719
2015-11-10,264.65,267.75,262.5,267.75,756444
2015-11-11,266.75,269.25,265.05,265.05,111103
2015-11-13,267.55,268.55,262.5,266.6,1156537
2015-11-16,260.9,268,260.1,267.95,2004956
2015-11-17,264.05,266,260.65,261.65,2120115
2015-11-18,269.05,270,264.2,264.35,978997
2015-11-19,274,274.5,270.2,270.2,1217423
2015-11-20,275.9,278,274.35,275,1678426
2015-11-23,274.8,278.9,273.55,274.25,646537
2015-11-24,275.2,277.95,274.05,274.95,568036
2015-11-26,279.8,280.75,274.9,275.9,646172
2015-11-27,275.7,281.35,274.9,281,811983
2015-11-30,272.55,277.45,271.6,276.3,2118028
2015-12-01,278.5,279.65,274.15,275.05,872615
2015-12-02,283.9,284.5,276.95,279.9,800977
2015-12-03,276.85,283.85,276.2,283.75,884186
2015-12-04,271.7,273.3,268.25,269.85,1506058
2015-12-07,276.25,278.85,271,273.95,855569
2015-12-08,275.1,278.5,272.05,275.3,1208271
2015-12-09,269.9,275.8,268.8,274.8,992370
2015-12-10,269.45,272.8,266.05,272.2,1073991
2015-12-11,268,271.5,266.5,271.5,839877
2015-12-14,265.9,267.95,261.9,265,1235627
2015-12-15,272.55,273.4,265.3,265.75,616027
2015-12-16,269.7,273.35,265.5,273.35,1058453
2015-12-17,275.5,276,267.75,271,889839
2015-12-18,274,278.4,272.75,275,1234650
2015-12-21,277.45,279,272.5,275.5,965806
2015-12-22,278.1,279.25,275.3,278.5,717391
2015-12-23,279.45,280,276.2,278.9,761905
2015-12-24,276.7,279,275.5,279,263389
2015-12-28,277.2,278.5,275.7,277.8,608324
2015-12-29,277.3,278.4,276.5,277.9,275161
2015-12-30,275,277.6,274.1,276,367883
2015-12-31,276.95,277.5,273.3,273.3,717614
2016-01-01,276.4,278.9,275.75,276.45,124367
2016-01-04,276.9,281,275.5,276.25,554107
2016-01-05,275.95,279.5,273.9,276.9,629235
2016-01-06,275.9,280.9,274.3,276.3,750275
2016-01-07,267.7,275,265.95,275,910959
2016-01-08,269.05,271.9,268,268.75,579211
2016-01-11,263.1,267.55,261.65,267,1259036
2016-01-12,254.9,264,253.2,264,1520863
2016-01-13,256.85,257.9,249,255.85,1266564
2016-01-14,259.8,261.8,252.2,255.8,1136944
2016-01-15,250.3,261.3,249.5,258.6,390418
2016-01-18,247.3,252,245,249.5,813644
2016-01-19,249.55,254,246.5,247.3,852044
2016-01-20,249.25,251.9,247.4,248,948030
2016-01-21,240.4,251.5,238.95,249.5,1598807
2016-01-22,240.95,245.1,239,241.3,1104880
2016-01-25,237.25,242.45,236.35,242,1288751
2016-01-27,236.85,237.7,231.5,236,2994537
2016-01-28,243.5,245,236,236,2276163
2016-01-29,250.65,252.65,243.15,245.8,1975624
2016-02-01,251.05,252.5,248.05,250.9,1161891
2016-02-02,241.15,252.4,239.5,250.95,1141536
2016-02-03,243.45,247.75,238.45,240.35,1841938
2016-02-04,247.25,248.4,244.9,245.5,933205
2016-02-05,251.3,252,246.1,246.2,570371
2016-02-08,250.95,253.25,249.35,250.2,1355234
2016-02-09,249.25,251.45,247.7,250,562650
2016-02-10,242.9,249.5,240.6,249,2019507
2016-02-11,239.15,245.9,237,243.5,814826
2016-02-12,247.8,249.35,238,241.3,1768414
2016-02-15,248.9,251.7,241.1,247.8,587206
2016-02-16,245.1,252.4,242.05,247.15,903440
2016-02-17,241.45,243.9,239,243.35,708900
2016-02-18,243.75,245.45,242.2,243.9,625392
2016-02-19,244.4,245.2,240.8,243.95,641453
2016-02-22,248.6,249.7,243.05,244.4,704507
2016-02-23,238.9,250.9,237.1,250,938836
2016-02-24,236.35,240.8,234.25,239.95,793064
2016-02-25,238.6,241.7,233.5,237.45,1273986
2016-02-26,241.3,242.7,238,241.15,649723
2016-02-29,237.15,242.8,235,242.8,1241678
2016-03-01,241.95,243.4,237,237.15,1854784
2016-03-02,243.55,246.8,242.1,243,2676742
2016-03-03,245.1,246.65,241.1,244.75,2382139
2016-03-04,249.55,253,242.55,242.55,863628
2016-03-08,248.6,251.3,245.95,248,814441
2016-03-09,245.85,247,241.4,246.8,1948003
2016-03-10,245.95,247.9,244.1,246,823429
2016-03-11,249.85,251,244.1,246,781595
2016-03-14,251.05,254.5,249.5,252.3,1255475
2016-03-15,247.4,253.7,245.85,253.7,1913003
2016-03-16,247.25,249.8,244.15,245.8,2569912
2016-03-17,247.95,250,246.3,247.8,1021608
2016-03-18,249.6,250.9,245.6,249,1033786
2016-03-21,253.1,253.9,250,251,612911
2016-03-22,249.65,255.8,247.65,252.2,1496853
2016-03-23,248.95,250.55,247.2,247.2,519794
2016-03-28,243.55,249.95,242,249.95,1264277
2016-03-29,245.1,245.8,242.75,243.55,614581
2016-03-30,246.75,249.55,245.8,245.85,2079588
2016-03-31,249.9,251.8,246.4,247.05,2028211
2016-04-01,250.5,251.35,247.3,248.05,682598
2016-04-04,249.55,252.75,247.5,250.5,343178
2016-04-05,246,250.05,244.95,249,628025
2016-04-06,247.8,248.5,245.1,245.6,1394691
2016-04-07,247.7,249.4,246,248,847869
2016-04-08,250.05,251.9,246.45,247.55,652307
2016-04-11,253.4,254.4,248.15,250,468793
2016-04-12,262.8,263.6,254.75,254.85,1150416
2016-04-13,267.55,268.7,262.65,265,1458830
2016-04-18,273.65,275,267.75,267.95,1500549
2016-04-20,267.25,273,264.8,272.4,815581
2016-04-21,267.2,269.2,262.8,268,737895
2016-04-22,264.9,274.8,263.7,267.6,1363045
2016-04-25,266.8,269.25,262.55,266.55,970885
2016-04-26,266.55,269.05,264.45,266.8,734065
2016-04-27,272.5,274.5,264.25,266,1220728
2016-04-28,269.65,275,262.8,275,4787975
2016-04-29,275.8,279.4,271.15,273.05,3459534
2016-05-02,296.15,299.95,274.4,275.5,4131650
2016-05-03,290.4,296.6,287.2,296.15,1696503
2016-05-04,281.25,289.9,279.45,288.05,1793703
2016-05-05,282.6,289,280.1,283.55,1146631
2016-05-06,290.2,293,283,283,2197171
2016-05-09,287.75,295,285.9,291.4,1338639
2016-05-10,290.15,292.5,288.1,288.1,1651270
2016-05-11,293.1,293.7,287.1,290,1119130
2016-05-12,291.4,295.4,289.25,293.55,836974
2016-05-13,289.5,293.7,283.7,289.5,1261256
2016-05-16,284.95,289.85,282.6,289,947331
2016-05-17,281.2,286.9,280.35,285.9,1094466
2016-05-18,286.35,287.5,278.2,278.2,873557
2016-05-19,281.55,290.25,279.8,288.8,1332297
2016-05-20,277.1,285.1,276.2,282.95,926117
2016-05-23,285.6,286.3,275.5,279.85,1445721
2016-05-24,283.1,289.8,281.05,287.3,1028754
2016-05-25,288.7,289.45,282.75,284.35,724723
2016-05-26,294.4,295,289.5,289.55,1385045
2016-05-27,295.8,300.9,292.5,295.7,1332795
2016-05-30,298.3,299.9,292,295.55,794145
2016-05-31,289.7,298,288.25,298,2638695
2016-06-01,290.1,293,288.55,289.9,887968
2016-06-02,299.3,300,289.05,290,1923473
2016-06-03,305.9,306.85,297.8,300,2262884
2016-06-06,303.25,311.9,302.15,307,2192877
2016-06-07,307.6,309,303.2,305.4,1058429
2016-06-08,307.65,309.9,305.6,307.9,671346
2016-06-09,303.35,309,302.25,307.65,558781
2016-06-10,301.55,305.95,300.4,305,1645203
2016-06-13,303.45,305,297.15,298,1650657
2016-06-14,307.9,308.4,302.45,303,1015292
2016-06-15,312.25,313.2,307.25,308,1098536
2016-06-16,314.1,315.25,311,312.2,829794
2016-06-17,315.15,316.7,311.75,315.2,1060702
2016-06-20,313.25,316,311.8,313.55,1061429
2016-06-21,309.8,314.45,307.9,312.9,1068768
2016-06-22,309.8,313.75,308.6,309.05,685077
2016-06-23,306.7,310.8,304.95,309,1101184
2016-06-24,310.85,312.2,298.05,303.55,1123598
2016-06-27,318.9,319.5,311,312,1204741
2016-06-28,313,320,311.8,319.8,1685023
2016-06-29,304.4,316.2,301.45,312.9,3337475
2016-06-30,308.65,310.25,304.6,308,1919520
2016-07-01,310.8,314,308.65,308.65,1160042
2016-07-04,307.95,312.2,306.1,310.8,901043
2016-07-05,308,311,307.2,309,676083
2016-07-07,314.6,315.45,307.55,308,2030792
2016-07-08,312.8,316.35,312.15,316.35,1339030
2016-07-11,315.1,317.75,313.15,313.15,1281791
2016-07-12,313.9,316.4,310.4,315.25,777966
2016-07-13,317.2,318.5,313.15,314.2,1953564
2016-07-14,313.75,320,312.5,319.85,1073681
2016-07-15,312,319.95,310.9,313.05,754491
2016-07-18,313.75,316,311.25,313.25,535607
2016-07-19,310.75,316,303.4,315,1630541
2016-07-20,304,311.5,302.05,309.95,1739069
2016-07-21,305.1,307.45,300.7,306.95,882019
2016-07-22,307.6,308.85,302.9,303.2,1330341
2016-07-25,306.85,310.75,304.5,307.7,1147060
2016-07-26,303,307.55,302.5,307,679290
2016-07-27,307.65,310.5,296.15,303.95,4599198
2016-07-28,307.6,309.9,303.2,305.6,3387847
2016-07-29,303.6,307.95,303.05,307.95,1342080
2016-08-01,302,305.9,300.6,304.5,969976
2016-08-02,301.1,305,300,302.5,1068103
2016-08-03,296.95,303.1,296.1,302.1,756779
2016-08-04,295.65,300.35,292.75,299,955705
2016-08-05,295.75,298,294.1,296.5,772772
2016-08-08,292.5,296.85,291.45,296,1178796
2016-08-09,289.25,293.9,288,292.6,1711858
2016-08-10,286.05,293.9,285,290,1470743
2016-08-11,294.55,295.85,282.05,286.7,2372031
2016-08-12,295.8,297.9,293.75,296.95,1579108
2016-08-16,298.75,301.7,292.8,298.9,5568173
2016-08-17,303.45,303.95,298.65,299.8,1295400
2016-08-18,302.2,305.95,301.55,303,1705797
2016-08-19,299.75,304.95,299,302.8,2111128
2016-08-22,295.75,302.7,294.3,300,1341084
2016-08-23,290.8,296.05,289.7,295.75,1952280
2016-08-24,293.9,294.6,290,291,753677
2016-08-25,292.55,295.5,291.1,294.5,2767571
2016-08-26,288.45,293.95,287.1,292.95,1321190
2016-08-29,288.15,288.95,285.85,288.5,1092494
2016-08-30,293.8,294.9,288,288,1031991
2016-08-31,290.6,297.5,288.75,293,1994781
2016-09-01,293.75,294.8,290.6,290.6,688683
2016-09-02,297,297.45,290.6,293.9,1474040
2016-09-06,299.65,300.45,296.8,297.5,886657
2016-09-07,297.15,301,296.5,298,990152
2016-09-08,298.85,299.5,295,297.05,844056
2016-09-09,292.8,299,292,298,730794
2016-09-12,290.5,292,285,290,1241032
2016-09-14,293.25,294.95,290.25,290.25,1552329
2016-09-15,293.9,295.5,290.05,293.65,879097
2016-09-16,292.8,297.5,291.6,294.95,787652
2016-09-19,294.4,295.5,291.5,293.7,554995
2016-09-20,291.25,294.65,290.65,294.15,829871
2016-09-21,289.65,292.8,288.5,292.8,754702
2016-09-22,285.35,292.35,284.5,291.5,1749893
2016-09-23,282.25,285.4,281.5,283.3,1229928
2016-09-26,281.65,283.6,280.1,281,670064
2016-09-27,282.2,283.8,279.2,281.75,514394
2016-09-28,277.3,284.55,276.25,282.6,1505510
2016-09-29,270.6,279.9,269.3,279.9,1464634
2016-09-30,271.2,272,266.4,269.55,2636152
2016-10-03,276.5,278.7,271.2,272.1,3794016
2016-10-04,280.05,281.15,278,279.4,1676565
2016-10-05,283.05,283.9,279.2,280.6,4777111
2016-10-06,286.55,288.3,284,284.3,2764487
2016-10-07,284.65,286.55,283.55,286.55,1622298
2016-10-10,286.35,287.4,284.75,285.05,609807
2016-10-13,283.7,286.4,282.85,286,1855177
2016-10-14,279.9,285,279.25,283.8,1110150
2016-10-17,271.9,280.45,271,279,1415928
2016-10-18,275,276.4,271.15,271.15,1155764
2016-10-19,277.2,280.35,275.05,275.05,864550
2016-10-20,281,282.95,276.85,277.6,1067395
2016-10-21,285.15,285.8,280.25,281.4,1128598
2016-10-24,284.05,285.8,282.15,285.5,430543
2016-10-25,285.1,285.9,282.55,283.85,617238
2016-10-26,296.7,300.5,280,285.5,8561547
2016-10-27,290.5,294.5,289,294,6347929
2016-10-28,291.55,292.6,287.45,289.9,2385836
2016-11-01,291.25,294,290.6,292,3185803
2016-11-02,294.95,298.8,288.35,292.5,2247140
2016-11-03,293.15,298.5,290.7,295,2018310
2016-11-04,298.5,301.2,292.9,293.65,2166149
2016-11-07,297.2,303,296.05,300.6,2768060
2016-11-08,297.75,299.8,296,299.6,1398512
2016-11-09,298.45,299.4,272.45,285,2575414
2016-11-10,297.5,305,296.4,300,1356394
2016-11-11,280.45,296.95,277.5,296,1628731
2016-11-15,270.75,283.45,269.5,283.4,2138839
2016-11-16,275.05,280.2,272.3,272.3,1380725
2016-11-17,276.5,280.4,275.05,275.05,927865
2016-11-18,278.45,280.15,274.4,276.5,731690
2016-11-21,276.05,280.65,274.55,278.45,831994
2016-11-22,275.95,280,274.25,277.3,935629
2016-11-23,281.5,284.45,275.15,278.4,1358410
2016-11-24,276.25,281.9,275.1,281.9,1863802
2016-11-25,275.4,278.95,274.8,278.95,329605
2016-11-28,277.9,279.3,274.75,275,622317
2016-11-29,277.95,279.9,275.7,277.85,887651
2016-11-30,283.55,286,276.2,278.65,2231471
2016-12-01,286.1,288.3,283.6,285.05,1049834
2016-12-02,283.95,285.65,282,282.55,798369
2016-12-05,286.45,288.15,284.25,284.3,706207
2016-12-06,280.45,285,279.05,285,1718011
2016-12-07,279.55,281,277.2,278.4,601798
2016-12-08,279,282.15,277.35,280.75,918254
2016-12-09,279.45,281.6,277.7,280,610133
2016-12-12,276.25,280.05,275.75,279.65,244981
2016-12-13,280.85,282.2,274,276.85,2967017
2016-12-14,275.4,282.4,275,281.25,573242
2016-12-15,271.35,274.8,270.85,274,671616
2016-12-16,271.15,272.25,269.8,271.35,645359
2016-12-19,268.95,272.35,268.2,272.35,764992
2016-12-20,274.65,276.05,268.35,270,821349
2016-12-21,271.45,276.35,270.9,276,643909
2016-12-22,265.5,272.2,265,271.9,834987
2016-12-23,262.05,266.2,261.5,265,752585
2016-12-26,259.95,264.1,259.15,260.75,434029
2016-12-27,270.5,271,260.3,260.3,482175
2016-12-28,274.1,275.6,269.9,271,887133
2016-12-29,274.4,275.9,272.55,274,1210890
2016-12-30,278.15,279.7,273.55,274,469730
2017-01-02,277.15,278.4,274.4,278,265516
2017-01-03,275.5,278,274.4,277.5,450185
2017-01-04,276.55,278.2,272.9,275.1,2110365
2017-01-05,278.85,279.95,276.95,278.15,508994
2017-01-06,276.6,280.5,275.5,279.25,782100
2017-01-09,273.6,278.4,273,276.3,739964
2017-01-10,277.65,278.7,274,274,1585599
2017-01-11,278.5,280,277,278.8,1122729
2017-01-12,278.85,284,278,278.5,1149906
2017-01-13,281.65,282.6,279.2,279.2,477422
2017-01-16,277.5,282.1,277.05,281.1,406335
2017-01-17,277.9,282.95,274.95,279.2,816845
2017-01-18,278.6,282,277.95,278.95,679046
2017-01-19,276.9,280.1,275.6,279,1091009
2017-01-20,275.9,278,274,276.9,773746
2017-01-23,276.85,277.3,274.2,275.25,552232
2017-01-24,277.3,278.4,275.25,277,1147148
2017-01-25,281.25,284,275.6,277.55,1898277
2017-01-27,277.1,284,276.1,283,998644
2017-01-30,280.2,281,275.1,277,436981
2017-01-31,276,281,273.6,280.2,1578474
2017-02-01,277.35,278,274.3,277.75,1822865
2017-02-02,273.85,278.7,271.5,278.7,1527342
2017-02-03,268.2,275.7,267.75,275.4,2088875
2017-02-06,270.05,271.75,268.2,269.9,883622
2017-02-07,266.9,270.2,266.2,270,1053891
2017-02-08,265.95,267.9,264.4,267,975065
2017-02-09,265.75,267.6,264.1,267,732608
2017-02-10,264.6,267,263.6,266.5,868861
2017-02-13,269.2,270.55,263.65,265.05,1004160
2017-02-14,269.35,271.4,268.1,270,1046002
2017-02-15,265.1,269.8,264.2,269,1179696
2017-02-16,266,266.45,264.1,265.1,613746
2017-02-17,265.85,267.4,264.1,266.25,477713
2017-02-20,264.55,266.25,264.1,266,538890
2017-02-21,273,273.75,265,265.05,1902449
2017-02-22,270.7,274.8,269.4,273.75,1362670
2017-02-23,269.55,272.7,268.75,270.5,2750467
2017-02-27,272.7,275.6,270,270,2053179
2017-02-28,276.9,277.25,273.4,274.8,1541960
2017-03-01,276.15,278.75,274.35,277.9,1500921
2017-03-02,276.55,278.95,274.65,276.15,1160456
2017-03-03,277.25,278.85,273.3,276.05,1767926
2017-03-06,277.85,279.3,275,277.5,902398
2017-03-07,276.05,279.25,275.15,278.2,1057609
2017-03-08,274.95,277,274.1,277,1164236
2017-03-09,274.95,276.15,272.8,274.95,1053350
2017-03-10,273.4,276.95,272.8,275.35,1229415
2017-03-14,273.6,277.9,271.85,275.4,2533256
2017-03-15,273.85,277.2,271.25,274.5,2610270
2017-03-16,274.9,275.6,271.2,274.2,3142771
2017-03-17,278.1,281,274.2,275.3,4253850
2017-03-20,278.9,283,277.8,280,2854375
2017-03-21,282.15,283,279.55,280.85,1177149
2017-03-22,284.05,285.5,279.75,279.9,1796532
2017-03-23,281.35,286.4,280.6,285.1,1601624
2017-03-24,281.3,284,280.3,282.85,699668
2017-03-27,274.5,281,273.1,280.95,2587482
2017-03-28,274.7,277.2,273.35,275.4,1216915
2017-03-29,275.7,276.25,272.55,275,1108681
2017-03-30,274.15,276.9,272.75,276.35,2802111
2017-03-31,277.35,278.25,272.3,274,1190847
2017-04-03,280.3,281.2,277.2,277.55,1301171
2017-04-05,283.9,284.8,280.35,280.7,1729357
2017-04-06,284.8,285.4,282.25,283.7,960662
2017-04-07,282.4,284.7,281.45,283.1,904847
2017-04-10,286.9,290.55,283.4,285.1,2212827
2017-04-11,289.45,290.1,285.75,286.6,1108245
2017-04-12,288.95,291,285.1,288.8,1334651
2017-04-13,287.75,290.4,287,288.95,1048663
2017-04-17,292.9,293.9,285.4,288,1051332
2017-04-18,289.65,295.8,287.25,293.8,1324260
2017-04-19,290.3,293.4,288.25,289.5,628336
2017-04-20,290.7,292.65,290,290.2,514989
2017-04-21,291.25,292.35,288.65,291.25,597313
2017-04-24,293.35,293.95,291.2,292,540748
2017-04-25,293.9,295.95,292.6,293.35,910464
2017-04-26,294.05,295.9,289.5,294.2,712393
2017-04-27,289.25,295,288.4,295,873930
2017-04-28,286.75,290.8,285.55,289,1646088
2017-05-02,284.9,288.5,282.45,285,1042683
2017-05-03,275.75,286.85,275.1,284,1758933
2017-05-04,276.1,277.5,272.4,275.75,2284242
2017-05-05,272.6,277,270,277,4118180
2017-05-08,273.7,275.4,270.8,273,3834244
2017-05-09,273.45,275,272.3,274,636912
2017-05-10,283.1,283.8,273.45,273.45,2318587
2017-05-11,278.25,284.8,276.55,284,2333019
2017-05-12,279.85,281.65,277.7,279,1055832
2017-05-15,275.45,280.9,273.8,279.85,3454627
2017-05-16,273.25,276.3,271.3,276,7058314
2017-05-17,276,277.25,273.05,274.95,9205086
2017-05-18,272.1,279,271.45,277,1998128
2017-05-19,275.25,278.75,274.25,275.5,2007022
2017-05-22,276.95,278.9,275.4,278.8,894556
2017-05-23,273.7,277.5,272.5,277.5,5277115
2017-05-24,268.75,274.95,266.6,274.25,1147455
2017-05-25,269,270,265,268,3109795
2017-05-26,269.75,271.45,267.2,270.05,1155482
2017-05-29,278.6,279.45,269.8,270,1962811
2017-05-30,278.35,282.8,275.1,278.6,3856802
2017-05-31,279.95,281.5,276.15,280.25,2360285
2017-06-01,285.35,287,278,279.85,5290798
2017-06-02,284.6,288.45,283.5,287.05,1243841
2017-06-05,285.8,287.15,284.05,285.1,501522
2017-06-06,282.75,286.2,281.25,286.15,531341
2017-06-07,283.8,285.15,283.05,283.5,671709
2017-06-08,282.1,285.85,281.55,285.85,687104
2017-06-09,282.15,283.2,277.5,281.5,1157597
2017-06-12,285.4,287,278.75,281.4,879416
2017-06-13,291.75,293,284.9,286.3,4149957
2017-06-14,289.8,295,288.15,294,2433597
2017-06-15,288.6,290.05,287.1,289,622494
2017-06-16,288.9,292,287.1,288,1160400
2017-06-19,287.8,290.45,286.75,288.95,1041616
2017-06-20,287.05,290.9,285.95,288.25,734718
2017-06-21,287.8,289,285,287.95,960501
2017-06-22,289,289.95,286.65,287.8,1083714
2017-06-23,289.8,290.8,284.7,289,1711427
2017-06-27,290,291,282.5,289.5,2410594
2017-06-28,289.9,291.95,286.8,289.75,3270135
2017-06-29,289.85,292,287.9,290.3,1561905
2017-06-30,292.1,293.45,287.1,289.05,805214
2017-07-03,295,296.3,291.4,291.9,1459354
2017-07-04,295.5,299.8,293.5,297.4,2258539
2017-07-05,297.85,298.45,292.65,292.8,1073397
2017-07-06,300.7,302.6,296.25,297.8,2674872
2017-07-07,301.85,303.3,298.9,301.5,1867619
2017-07-10,303.85,304.65,300,303.7,89139
2017-07-11,305.1,307.4,302.1,302.1,2494011
2017-07-12,304.7,308.85,303.3,306.8,1478749
2017-07-13,303.5,306.95,302.1,303.05,1116275
2017-07-14,304.1,306.4,301.1,306,1204568
2017-07-17,302.15,305.95,296.6,304.1,1668173
2017-07-18,299.9,302,297.6,300.2,1336542
2017-07-19,306.15,306.8,300,301.1,1116957
2017-07-20,301.05,307.4,300,306.7,1051959
2017-07-21,302.6,303.55,299.7,301.1,823840
2017-07-24,305.8,306.7,300.8,302.2,652759
2017-07-25,306.9,308.95,305.75,305.9,968736
2017-07-26,306.25,308.4,304.15,308.4,696766
2017-07-27,311.9,313.6,306,307,2491847
2017-07-28,310.5,312.45,305.5,310.9,1050326
2017-07-31,310,312.7,308.25,310,745445
2017-08-01,301.7,310.25,301.2,309.95,1760770
2017-08-02,300.7,304.6,298.5,302,748776
2017-08-03,305.1,307.3,297.2,300,1518665
2017-08-04,307.3,309.35,301.15,307.6,3312729
2017-08-07,319.45,320,309.1,311,2371502
2017-08-08,314.95,323,313.2,320,1102440
2017-08-09,310.5,315.9,309.8,315.9,643371
2017-08-10,306.55,310.9,305.7,307.25,566291
2017-08-11,303.4,307.6,300.25,300.25,649998
2017-08-14,307.1,311.5,303.5,304.15,554059
2017-08-16,309.05,311.85,307.2,309,920951
2017-08-17,307.95,311.25,306.25,310.05,741281
2017-08-18,310.05,311.45,305.45,305.95,585195
2017-08-21,304.25,313.75,302.8,311,575264
2017-08-22,301.1,307,300.5,304.9,856971
2017-08-23,298.85,302.5,296.5,302,1160867
2017-08-24,300.05,302.9,298.15,300.95,767155
2017-08-28,312.7,313.65,300.95,300.95,1644473
2017-08-29,309.25,313,305.5,313,879513
2017-08-30,314.35,315.5,309.85,310,790493
2017-08-31,315.1,316.7,312.5,314.9,1793314
2017-09-01,313.45,316.4,312.05,316.1,566713
2017-09-04,310.75,314.5,308.6,313.7,419178
2017-09-05,313.7,314.5,310.35,312,1166163
2017-09-06,309.45,313.4,308.75,313.4,658591
2017-09-07,309.8,311.9,307.9,311.75,692275
2017-09-08,306.85,311.7,305.4,309.8,1050240
2017-09-11,309.45,310.6,307.2,309.3,457082
2017-09-12,306.9,309.95,305.6,309.95,982043
2017-09-13,308.3,312.8,306,306.3,1219806
2017-09-14,307.6,309.9,306.05,308.45,705764
2017-09-15,310.25,311.8,305.35,307,1090461
2017-09-18,308.45,311,306.55,310.5,589016
2017-09-19,314.55,316.65,307.6,308,1574712
2017-09-20,314.7,318.5,313.5,316.8,928207
2017-09-21,310.25,316.45,308,315,674189
2017-09-22,304.7,312.45,303.5,310.05,1004721
2017-09-25,312.25,316,298.7,304.5,1491187
2017-09-26,308.05,316,305.4,314.9,1680991
2017-09-27,305.8,314.75,303.25,314.75,1442109
2017-09-28,310.8,313.2,306.15,307.05,1485354
2017-09-29,305,314.2,303.9,313,1487559
2017-10-03,311.3,313.2,306,310.5,932669
2017-10-04,315.25,319.35,312,312.2,1432297
2017-10-05,316.35,320.7,315.65,318,785261
2017-10-06,316.05,318.45,315.15,316.75,522193
2017-10-09,317.65,319.65,315.1,315.7,521923
2017-10-10,317.3,321.8,312.2,316.75,577431
2017-10-11,317.75,322.45,315.15,317.5,1246803
2017-10-12,325.7,328.1,316.55,316.55,2236883
2017-10-13,321.95,328.3,321,327.35,1254721
2017-10-16,321.95,324.9,320.2,324.9,709813
2017-10-17,319.95,323.4,318.2,323.4,659502
2017-10-18,319.05,320.4,315,320.4,606827
2017-10-19,318.55,320.85,317.05,319.05,123621
2017-10-23,316.8,320,316.1,317.75,699567
2017-10-24,318.55,320.9,314,318.8,612851
2017-10-25,323.1,324.8,318.15,318.55,1404053
2017-10-26,322.8,326.7,321.2,325.8,1474933
2017-10-27,322.95,325,319.5,323.25,510117
2017-10-30,322.25,325,318,323,500658
2017-10-31,332.85,334.6,322.8,325.9,3629462
2017-11-01,349.55,360.85,338.25,338.9,6791796
2017-11-02,342.65,349.2,340.25,345.85,1340030
2017-11-03,340.4,346.6,337.2,343,1051083
2017-11-06,342.55,345.9,339.25,341,875130
2017-11-07,340.15,347.15,336.05,346,994486
2017-11-08,338.25,343.15,337,341,408429
2017-11-09,348.45,349.8,336.5,342,1129910
2017-11-10,342.1,350,341,349.45,1000630
2017-11-13,337.45,344,336.6,344,587578
2017-11-14,337.95,340.2,336.3,336.3,705306
2017-11-15,334.9,337.85,329.7,337,1701301
2017-11-16,339.1,340,331.8,335.2,669913
2017-11-17,336.5,341.5,335.5,341,849992
2017-11-20,337.55,339.65,334.7,336,622658
2017-11-21,339.8,340.75,338,338,766870
2017-11-22,339.35,341.95,336.65,341,842038
2017-11-23,340.05,342,336.55,342,897818
2017-11-24,344.5,349.2,340.35,342.7,1121583
2017-11-27,342.4,345.65,338.2,344.65,838506
2017-11-28,344.9,345.85,338,342.4,697992
2017-11-29,339.9,345.85,338.15,345.85,814738
2017-11-30,344.3,350.9,336.4,340,4490135
2017-12-01,340.75,346.75,338.6,344.05,894675
2017-12-04,341.45,344.8,338.9,344.4,565552
2017-12-05,344.05,346,340,340.7,793096
2017-12-06,342.55,347.95,340.3,344.8,1088413
2017-12-07,345.45,346.4,340.1,342.7,494152
2017-12-08,351.15,352.8,347,348,1075013
2017-12-11,349.55,352.75,346.6,352.5,804547
2017-12-12,348.15,350.5,344.25,349.4,724281
2017-12-13,345.75,350.9,344,347.3,492970
2017-12-14,344.2,347.95,340.05,347.95,562831
2017-12-15,342.25,346.5,340.6,344.2,1375982
2017-12-18,347.65,349,325,340.95,523286
2017-12-19,350.05,354.25,347.5,347.5,1493359
2017-12-20,350.8,352.9,345.55,349.8,942790
2017-12-21,349.65,352,348.4,350.8,527045
2017-12-22,353.55,356.25,349.1,350.95,1465697
2017-12-26,353.5,356,352.1,354.95,711575
2017-12-27,352.95,357.7,351.3,357.7,705119
2017-12-28,344.8,353,343.4,353,2812009
2017-12-29,349.7,350.1,345,345,851154
2018-01-01,349,351.85,347.7,351,272884
2018-01-02,349.05,352,346.45,351,595436
2018-01-03,354.65,360.9,349.25,350,1819175
2018-01-04,355,356,353.65,354.15,1107800
2018-01-05,358.2,360,352.1,356,1200209
2018-01-08,361.35,362.25,358,358.2,1129672
2018-01-09,359.35,361.05,354.65,361,758032
2018-01-10,357.8,362.35,356.1,359.95,894740
2018-01-11,359.9,361.25,356,357.45,557697
2018-01-12,358.15,360.9,356.65,359.8,843519
2018-01-15,361.25,363.85,359,360.3,1334475
2018-01-16,358.4,363,355.2,363,919047
2018-01-17,358.9,361.95,352,355.55,1599096
2018-01-18,364.65,368.6,361.35,365,1240349
2018-01-19,363.8,367.35,358.7,362.3,565302
2018-01-22,363.1,368.45,361.3,365.15,939881
2018-01-23,364,367.25,360.35,364.4,1287281
2018-01-24,359.2,365.8,358.5,363.8,1374753
2018-01-25,353.75,364.5,352,359.1,991272
2018-01-29,359.7,361,354.35,354.35,1118359
2018-01-30,358.6,362,356.6,359.5,774775
2018-01-31,355.6,360.8,346.65,359.35,4361853
2018-02-01,349.7,358.85,348.5,357.35,2438075
2018-02-02,344.45,353.85,340.2,348,1350425
2018-02-05,339.1,349,337.1,348.2,1270434
2018-02-06,339.25,341.65,326,330.6,1948962
2018-02-07,338.35,347,337.05,342.15,835895
2018-02-08,340.3,342.5,337.2,339.5,1463375
2018-02-09,340.55,343.45,336,337.5,744243
2018-02-12,344.75,346.5,340.9,344.85,919718
2018-02-14,340.75,347.6,339.55,344.5,825559
2018-02-15,339.6,344.65,339,342.55,366437
2018-02-16,342.75,344.75,341.4,343.4,871481
2018-02-19,339.35,344,338.6,342.9,515046
2018-02-20,340.7,345,339.25,339.25,890534
2018-02-21,334.5,343.1,333.3,341.7,1312888
2018-02-22,327.1,335.8,326.3,335.75,2278159
2018-02-23,330.6,334.4,324.6,329.8,2071180
2018-02-26,331.75,337.4,331.15,335,778390
2018-02-27,328.1,334.2,326.35,332.05,698699
2018-02-28,325.05,328.05,323.65,328.05,2526442
2018-03-01,325.2,327.55,323.75,326.4,818541
2018-03-05,325,327.2,322.1,326,5281481
2018-03-06,322.7,329.6,321,326.35,678537
2018-03-07,323.4,326.8,321.1,321.2,2118798
2018-03-08,325.05,328.9,318.9,325.3,10405395
2018-03-09,327.25,334.9,325.05,328.6,1796651
2018-03-12,327.75,333.6,327.15,330.05,1508106
2018-03-13,325.15,333.05,324.35,327.75,2618470
2018-03-14,325,326.9,323,325,2212159
2018-03-15,325.05,327.65,324.5,325.1,2053015
2018-03-16,321.25,326.45,320.45,325.05,2715500
2018-03-19,319.7,325.8,318.05,321.55,1008579
2018-03-20,319.35,321.85,314.65,319,2312806
2018-03-21,322.45,326.4,317.7,320,1446774
2018-03-22,316.95,324,315.25,320.8,2546884
2018-03-23,318.2,320.85,311.95,312.85,2284582
2018-03-26,315.55,321.1,314.8,319.8,2439303
2018-03-27,324.85,327.5,317.1,317.1,2876080
2018-03-28,328.4,334.6,322.7,323.7,6429642
2018-04-02,335.9,337.8,326.2,329,1249566
2018-04-03,337.7,339.15,333.65,333.95,856565
2018-04-04,335.5,341.5,334,338,1407850
2018-04-05,336.9,339.15,335.45,337.25,560831
2018-04-06,342.85,344,336.4,338,1278796
2018-04-09,342.2,345.9,340.65,345,1204038
2018-04-10,337.05,344.75,335.5,344.75,768086
2018-04-11,344.4,345.4,336.25,337.05,1244627
2018-04-12,345,347,342.5,344.95,763270
2018-04-13,340.45,346.9,339.45,345.2,701414
2018-04-16,343.5,344.45,339.7,340.7,669176
2018-04-17,343.75,347.65,341.6,345,806533
2018-04-18,355.85,357.35,347.5,347.55,2552706
2018-04-19,358.35,362,356.1,359,2551633
2018-04-20,355.15,359.5,353.05,356.5,550428
2018-04-23,357.6,363.35,353.75,354.8,993987
2018-04-24,356.9,362.8,355.65,359.65,740202
2018-04-25,358.9,360.7,356.1,358,613774
2018-04-26,357.1,364,355,361,1573999
2018-04-27,366.45,368.9,358.5,360,1367950
2018-04-30,369.4,371.95,367,368.9,917470
2018-05-02,371.8,383,367.55,378.7,4642509
2018-05-03,369.9,374.3,368.55,370.5,875515
2018-05-04,370.35,373.55,367,370,1086906
2018-05-07,369.35,374.75,366.8,370.35,1158622
2018-05-08,369.7,372,368.6,370.3,1266845
2018-05-09,368.55,369.4,365.25,369.4,729600
2018-05-10,367.85,371.95,367.05,368.55,1061262
2018-05-11,366.45,369.9,364.6,368.5,919285
2018-05-14,370.5,372.1,365.85,368.6,784431
2018-05-15,370.65,377.5,368.4,371.55,1782317
2018-05-16,373.85,379.35,367.05,369,1962889
2018-05-17,371.35,377.35,369.6,376.5,1228856
2018-05-18,374.55,383.5,367.1,371.6,893157
2018-05-21,373.15,377.5,370.1,376.85,1435221
2018-05-22,374.7,375.25,366,373.5,1474387
2018-05-23,368.2,377.65,366.6,374,1568630
2018-05-24,369.5,373.85,366.8,370.5,1137318
2018-05-25,378.3,379.75,370.5,371,1559715
2018-05-28,377.8,382,375.6,380,1349683
2018-05-29,385.55,387,375.25,378.8,1483955
2018-05-30,381.9,389.25,380.1,386.6,2348568
2018-05-31,383.3,387,380.75,383.05,3223114
2018-06-01,386.75,392.3,382.95,385,1733390
2018-06-04,384.95,389.3,384.15,388,926051
2018-06-05,380.9,386.95,380,386.7,790381
2018-06-06,378.6,385.8,375.3,382,1852078
2018-06-07,383.95,385,378.5,379.95,2017889
2018-06-08,382.35,384.5,380.5,384,1416758
2018-06-11,386.2,389,383.35,383.4,2111468
2018-06-12,387,389.15,385.3,387.7,890594
2018-06-13,388.15,390.05,385.45,387,1387211
2018-06-14,386.9,388.9,382,388.9,655966
2018-06-15,383.85,387.85,381,387.85,1370715
2018-06-18,386.4,389.8,382.4,383.65,1639574
2018-06-19,379.85,388,377.3,388,1043988
2018-06-20,379.8,384.5,378.15,378.15,1215628
2018-06-21,385.6,386.1,379.8,381.2,1033023
2018-06-22,385.15,386.7,381.1,385.6,569600
2018-06-25,384.45,387.5,382.4,385,645746
2018-06-26,386.5,388,383.6,386.3,804351
2018-06-27,393.5,396.4,385.35,387.75,2173065
2018-06-28,387.45,395.5,385.3,395,2014384
2018-06-29,391.45,392.9,386.5,389.35,1551244
2018-07-02,383.7,391.45,382.3,391.45,2244408
2018-07-03,384.75,387.5,381.35,384.5,1893774
2018-07-04,379.75,383.95,377.7,382,2452019
2018-07-05,376.8,381.7,375.95,380.9,2379568
2018-07-06,370,380.05,369.4,376.75,2777742
2018-07-09,375.15,379.35,371.2,371.2,1796707
2018-07-10,376.25,380.5,375,377.15,2008710
2018-07-11,378.7,382.45,376.25,376.75,4187393
2018-07-12,378.1,382.75,375.95,380.7,2464624
2018-07-13,376.1,380.75,375.05,379.7,1577536
2018-07-16,367.3,376.9,365.55,375,906673
2018-07-17,377.85,379.4,368.1,369.3,3469146
2018-07-18,374.25,381.9,372.05,378.95,3554218
2018-07-19,375.3,379.5,372.5,374.25,2130414
2018-07-20,373,377.25,370.3,373.6,1534917
2018-07-23,373.9,377,371.85,375.3,1648451
2018-07-24,373.7,375.45,372.1,374.65,1142955
2018-07-25,371.6,377.15,370.15,373.65,2028167
2018-07-26,373.3,375.4,370.5,370.5,2236860
2018-07-27,386,387.8,374.4,374.4,2835864
2018-07-30,393.45,395.9,384.2,391,2998129
2018-07-31,421.55,428.45,384.65,396,18573320
2018-08-01,432.25,439.05,423.7,423.8,9757456
2018-08-02,428.9,436.5,426.05,431,3356054
2018-08-03,436.9,441.35,422,422,5007266
2018-08-06,436,442.85,434.1,437.1,2403824
2018-08-07,443.2,444.85,436.45,436.45,3264114
2018-08-08,445.15,446.75,441.55,445.15,2903147
2018-08-09,445.9,446.75,441.1,443.25,3303838
2018-08-10,442.6,444.6,440,443.85,1682527
2018-08-13,441.2,444.45,438.4,439.95,1636383
2018-08-14,453,454,440.5,440.5,2732923
2018-08-16,444.9,455.85,443.7,451.35,2271009
2018-08-17,456.2,459,444,447,3213894
2018-08-20,453.3,457.8,448.3,456.9,3313045
2018-08-21,458.8,461.7,451.8,454.25,3651453
2018-08-23,483.95,489.35,462.1,465,11287480
2018-08-24,475.1,483.85,473.65,483,2451638
2018-08-27,481.95,490.65,475.2,475.2,4340143
2018-08-28,485.75,488.95,483,483,2612757
2018-08-29,477.8,488.2,476.65,486.6,2647406
2018-08-30,479.9,484.35,475.4,477.8,3133686
2018-08-31,478.75,482.65,475.05,482.65,2509851
2018-09-03,466.35,481.05,465,481.05,2667557
2018-09-04,448.6,467.75,443.7,465,6220706
2018-09-05,456.9,460.9,445.8,445.8,3769921
2018-09-06,454.1,465.45,448.5,457.2,2407025
2018-09-07,468.3,469.45,451,456.65,2225030
2018-09-10,449.9,468.2,448.05,468.2,1861480
2018-09-11,443.75,454.35,441.7,449.9,3437600
2018-09-12,454.2,461,439.4,445.95,5951399
2018-09-14,468.25,469.9,456.65,458,4145878
2018-09-17,461.85,468,454.05,468,2108447
2018-09-18,470.4,475.15,461.85,462.85,2843314
2018-09-19,466.85,474,462.5,470.7,4251592
2018-09-21,455.7,466.7,430.15,465,3634800
2018-09-24,432.4,457.5,429,452.9,2851579
2018-09-25,437.5,441.45,422,430.15,3324143
2018-09-26,436.45,442.35,432.05,440.95,2052494
2018-09-27,437.3,440,426.4,438,2875616
2018-09-28,426.9,441.5,416.55,441,3675960
2018-10-01,439.25,441,423.05,425,1829837
2018-10-03,425.3,442.5,421.6,440,2273144
2018-10-04,415.45,425,410.1,419.05,2016129
2018-10-05,420.05,425,403.95,412.55,3797505
2018-10-08,409.7,423.3,404.85,421,2069981
2018-10-09,392.4,410.7,383.8,409,5737986
2018-10-10,405.25,411.6,391.55,394.65,3567594
2018-10-11,393.35,396.65,385,391.5,4493264
2018-10-12,407.85,411.4,397.3,397.3,3680197
2018-10-15,396.35,411,393.05,411,2730907
2018-10-16,406.65,408.3,397.95,398.8,1943053
2018-10-17,403.05,423,400.75,409,3809686
2018-10-19,404.45,414,398,404.35,2437432
2018-10-22,404.7,414,402.8,408,2276552
2018-10-23,400.6,409.65,397,399.5,2552727
2018-10-24,405.15,408.6,400.6,404,1262996
2018-10-25,398.55,405.6,396,403.95,3241540
2018-10-26,398.25,405,394,395.05,1294180
2018-10-29,409.4,416.7,400,400.7,5964529
2018-10-30,396.35,407.45,388.2,405.25,4806534
2018-10-31,384.75,401.75,379.5,398,7847341
2018-11-01,370.65,387.15,369.4,384.75,6914459
2018-11-02,369.45,374.9,365.45,373.7,6169192
2018-11-05,366.85,373.25,362.6,369,4362441
2018-11-06,365.95,368.55,364,368,3681999
2018-11-07,369.3,370.3,367.2,368.5,361716
2018-11-09,377.2,379.9,367,372,3518530
2018-11-12,376.3,383.45,374.5,378,3151205
2018-11-13,369.55,375,366.2,375,3678684
2018-11-14,378.85,381.1,369,372,3170677
2018-11-15,388.85,389.85,375.3,382.5,3649804
2018-11-16,395.65,397,388.3,392.85,3658867
2018-11-19,408.5,409.9,393.25,396.1,3624536
2018-11-20,394.1,406.45,393.1,406,1734543
2018-11-21,400.5,403.45,394.15,394.15,1189054
2018-11-22,400.8,406.25,395.2,395.2,3013407
2018-11-26,419.05,420.05,399.25,401.5,5599857
2018-11-27,420.85,422.25,413.35,420,3658792
2018-11-28,414.8,426.55,413.25,421,2591499
2018-11-29,414.95,421.05,411.4,416.75,2462246
2018-11-30,409.1,418.4,406.55,415.15,4471587
2018-12-03,412.95,417.8,407.65,412.8,1489299
2018-12-04,409,416,405,413.2,2328913
2018-12-05,409.55,412.7,401.8,408.4,2710255
2018-12-06,400.6,407.85,395,407.85,2984610
2018-12-07,411.45,414.2,401.6,403.5,2219884
2018-12-10,405.6,410.8,402.2,407.8,1450549
2018-12-11,412.45,416.3,396,396.25,2266498
2018-12-12,430.55,432.95,413.7,414.15,4236256
2018-12-13,434.7,441,430.25,434,3906222
2018-12-14,444.05,446.3,426,426,3600390
2018-12-17,442.4,448.75,438.8,444.05,3996750
2018-12-18,442.9,444.95,438,440.8,2109797
2018-12-19,456.8,458.8,445.3,445.95,4720385
2018-12-20,444.05,454,440.1,452.75,2723047
2018-12-21,437.75,448.5,434.2,445,2130122
2018-12-24,425.85,441.95,424.25,439,3263009
2018-12-26,422.6,429.8,414.2,424.9,7349664
2018-12-27,429.95,432,422.35,428,3386941
2018-12-28,433.25,437.25,428.5,431.85,1925920
2018-12-31,430.65,439.9,428.95,433.65,2076007
2019-01-01,421.85,433.95,421.1,431.75,1617567
2019-01-02,416.4,425.35,411,421.95,2550167
2019-01-03,422,426,413.5,416.4,3271824
2019-01-04,419.25,425.45,416.9,423,1831799
2019-01-07,420.45,425.75,418.4,421.55,1394010
2019-01-08,416.4,422.5,414,422.35,1412597
2019-01-09,421.5,426.8,417,419.75,2975792
2019-01-10,421.15,423.9,418.55,422.5,1089796
2019-01-11,421.65,422.75,418.65,422.45,929656
2019-01-14,433.5,435.3,420.8,422.35,3145076
2019-01-15,426.1,438,424,434.9,4594571
2019-01-16,423.85,427.4,419.35,425.15,1621386
2019-01-17,420.3,426.75,417.65,425.85,2118185
2019-01-18,424.1,427,418.55,422.95,2301927
2019-01-21,428.15,433.75,424.15,425.1,2235926
2019-01-22,433.35,434.35,423.2,428.2,1553097
2019-01-23,430.65,436.05,428.65,433.35,1537391
2019-01-24,430.4,433.8,427.4,429.4,1179389
2019-01-25,430,438.45,428.2,432.15,1819072
2019-01-28,427.4,432,422.5,430.75,1613234
2019-01-29,423.15,426.15,417.6,425,1910592
2019-01-30,431.15,432.45,424.35,425.55,1919495
2019-01-31,443.65,448.2,427.2,434.45,10969400
2019-02-01,451.85,456,441.35,450,6034606
2019-02-04,447.45,458,443.6,452,2210541
2019-02-05,449.05,453,444.2,447.9,1499771
2019-02-06,453.7,455,447.1,451,1491252
2019-02-07,459.8,462,453,453.5,2064428
2019-02-08,451.95,464.2,449.55,459.9,1970613
2019-02-11,448.95,452.5,441.8,451,1208431
2019-02-12,446.25,452.9,444,450.9,1103428
2019-02-13,439.5,448,437.5,446.3,1191003
2019-02-14,440.2,444.4,437,438.5,1107732
2019-02-15,434.3,443.45,430.1,440,1882950
2019-02-18,422.35,434.5,417.5,431.35,3075577
2019-02-19,420.8,427.4,417.7,420,1806783
2019-02-20,424.7,426,421.3,422.25,912999
2019-02-21,426.55,428.75,423.1,426,892660
2019-02-22,435.4,436.2,425.4,426.15,1427270
2019-02-25,431.9,439.85,429.75,438.5,1630382
2019-02-26,428.85,433.55,424,426.75,1333714
2019-02-27,434.6,441,429.5,431,3023613
2019-02-28,438.05,440,433,437.95,2950017
2019-03-01,445.3,446.05,439.7,439.7,2704142
2019-03-05,442.8,445.85,440.05,445.5,3043292
2019-03-06,436.75,445,435.25,443.05,1699096
2019-03-07,433.1,441.8,432.1,438.75,1361590
2019-03-08,432.2,435.55,430.8,431.5,832863
2019-03-11,442.3,444,432.7,434.3,1940292
2019-03-12,447.3,454.7,444.7,448,2683161
2019-03-13,440.3,448,439.15,447.3,1630557
2019-03-14,438.9,440.8,435.15,440,1205591
2019-03-15,425.45,439.15,423.5,438,2771756
2019-03-18,428.4,429.8,422.2,426.75,1967141
2019-03-19,427.05,429.9,425.4,429.9,1463935
2019-03-20,426.05,427.95,423.55,427.2,2261001
2019-03-22,425.05,428,424.1,426.5,2909755
2019-03-25,419.95,423.9,416.2,420.55,3136076
2019-03-26,425.1,431.7,420.3,422,2340305
2019-03-27,411.25,427.05,409.45,425.2,5120542
2019-03-28,410.95,417.3,407.45,410,6247333
2019-03-29,408.8,414.5,407,414.3,5749812
2019-04-01,400.95,411.35,399.1,410.05,5907663
2019-04-02,402,408,399.6,402.1,4074190
2019-04-03,403.45,408.85,402.15,406.9,3689189
2019-04-04,405.05,406.8,403.25,405.6,2366959
2019-04-05,400.35,407.15,399.65,405.5,2956038
2019-04-08,401.1,405,400.4,401.05,1381349
2019-04-09,403.65,404.55,400,402,1468121
2019-04-10,403.3,408.75,401.25,406.75,2861296
2019-04-11,403.7,406.2,399.3,403.5,1319979
2019-04-12,407.3,409.35,403,404.6,3346428
2019-04-15,405.75,411,404.85,409,1289166
2019-04-16,409,410,406.35,406.65,1586331
2019-04-18,404.95,412,403.55,409.9,1435665
2019-04-22,403.55,405.85,401.5,405.7,838599
2019-04-23,403.05,406.7,402,404.1,1045407
2019-04-24,398.65,404.3,397,403.85,1863429
2019-04-25,395.1,401.7,393.8,398.65,1937889
2019-04-26,397.95,400.6,394.5,395.25,1400795
2019-04-30,398.1,403.1,397,398.55,2073958
2019-05-02,382.15,399.7,376.9,398.1,13091778
2019-05-03,380.2,385.9,377.3,382.15,5523649
2019-05-06,377.75,380.95,375.1,380,1785915
2019-05-07,375.5,384.35,374.45,378.55,3510917
2019-05-08,367.25,375.75,365,375.5,5290060
2019-05-09,367.3,368.5,364.4,367,1718130
2019-05-10,369.8,371.45,367.45,368.2,3122309
2019-05-13,363.15,372.25,362.05,368,2096407
2019-05-14,368.6,370.75,360.55,363.65,2082247
2019-05-15,363.55,370.85,362.5,369,1360428
2019-05-16,361.05,365.1,357.55,365.1,1864739
2019-05-17,370.05,377.3,361,361,6586973
2019-05-20,382.4,384.55,374.25,377.6,4140456
2019-05-21,382.95,389.95,381.65,389.95,2949046
2019-05-22,385.65,386.95,378.85,383,1811235
2019-05-23,385.45,393.65,384.3,390.3,2477785
2019-05-24,399.05,405.95,388,390,5822005
2019-05-27,400.1,408.4,397.4,400.2,3052919
2019-05-28,398.1,405.9,396.05,402,3755326
2019-05-29,399,400.75,391,396.7,1312259
2019-05-30,396.35,402,394.2,399.95,1171056
2019-05-31,395.95,403.2,394.85,396.95,3194649
2019-06-03,408.8,409.5,398.05,400,3171471
2019-06-04,405.55,410.3,404.2,408.7,1662840
2019-06-06,402.95,408.7,401.5,406,1621809
2019-06-07,404.15,408.3,400.85,403.1,1097730
2019-06-10,409.3,414.35,406.9,408,2216371
2019-06-11,409.75,413.95,407,411,1644164
2019-06-12,409,410.45,406.15,409.7,930133
2019-06-13,409.05,411,406.2,410.85,1347458
2019-06-14,400.55,408.9,400,408,1247599
2019-06-17,400.85,404.6,398.35,398.35,1561211
2019-06-18,387.7,399.25,382.3,398,4943967
2019-06-19,381.95,387,379.1,387,2457109
2019-06-20,387.8,389.8,376.85,380,1635129
2019-06-21,392.6,393.95,385.9,388,2511877
2019-06-24,392.35,396.4,388.05,392.6,1284017
2019-06-25,394.3,395.4,388.2,389.6,1284969
2019-06-26,394.25,397.25,392.6,394,1161718
2019-06-27,401.1,402.9,395.05,396.6,1810323
2019-06-28,400.5,403.1,394.3,403,1385118
2019-07-01,401.75,405.35,399.3,400.8,1475814
2019-07-02,402.65,404.15,397.8,403,705067
2019-07-03,407.65,410,402.6,403.6,2134582
2019-07-04,402.95,407.65,400.8,407.65,1981032
2019-07-05,407.3,411.5,403.6,403.6,3490386
2019-07-08,401.35,408.95,399.75,405.2,1995705
2019-07-09,406.25,407.25,397.3,401.65,1626488
2019-07-10,409.75,410.9,404,404,1681840
2019-07-11,409.25,411.8,405.25,411,1473109
2019-07-12,407.7,413,406,410.05,1868831
2019-07-15,410.7,411.7,406.15,407,1439581
2019-07-16,425,426.95,407.25,408.6,3403659
2019-07-17,431.15,433.25,424.5,425,3953381
2019-07-18,428.9,435.25,426.65,429.9,3432159
2019-07-19,420.2,435.4,415.85,431.05,12364368
2019-07-22,421.4,428.9,417.8,423.6,3104361
2019-07-23,423.75,427.45,418.3,422.9,2420287
2019-07-24,420.95,423.75,413.55,423.75,2726560
2019-07-25,422.85,426.35,419.05,420.8,2074309
2019-07-26,428.15,429.5,421.55,423.2,1517097
2019-07-29,427.9,433.85,425,429,1868355
2019-07-30,422.95,429.25,420.55,428,1587114
2019-07-31,426.45,429.6,415.7,422.95,1776047
2019-08-01,425.4,428,421.85,424.45,1848165
2019-08-02,426.5,428.95,422.6,424,2240395
2019-08-05,429.6,432,421,424.3,1525725
2019-08-06,433.5,439,425.6,428.15,2116448
2019-08-07,430.65,438,429.2,433,1457292
2019-08-08,435.4,437.9,431.5,432.65,1319364
2019-08-09,439.05,440.85,431.35,436.35,2005066
2019-08-13,429.25,438.5,427,438,1357430
2019-08-14,431.75,433.85,426,430.35,1117663
2019-08-16,428.05,431.6,427.1,430.95,1115520
2019-08-19,432.1,436,428.1,428.1,1127677
2019-08-20,431.75,433.25,428.2,432.1,1064051
2019-08-21,427.05,431.7,421.6,431.7,1151788
2019-08-22,427.5,431.85,424.8,425,1582956
2019-08-23,424.4,429.65,422.85,426,1681100
2019-08-26,435.85,437,419.25,426,1464917
2019-08-27,440.15,446.9,436,436,3122216
2019-08-28,434.8,442.15,433.15,441,1583233
2019-08-29,442.85,445,432,434.75,1652654
2019-08-30,448.8,450.35,444,444.7,3191823
2019-09-03,443.05,452.3,439.4,447.95,2282758
2019-09-04,442.2,446.8,433.95,443.55,2053458
2019-09-05,438.95,445.65,437.1,444.45,887639
2019-09-06,441.3,442.65,437.15,440.45,500428
2019-09-09,444.25,447.2,438,441,1327946
2019-09-11,449.1,450,441.7,445,3044215
2019-09-12,450.2,451.7,446.55,449.1,1327793
2019-09-13,452.2,454.65,446.55,451.7,2368150
2019-09-16,454.75,457.3,449,449.9,2261361
2019-09-17,451.7,456.85,450.25,455,1991114
2019-09-18,460,462,451.95,453.95,2286519
2019-09-19,458.55,462.85,456.4,462.85,1914739
2019-09-20,445.7,469.2,441.1,458.5,5241569
2019-09-23,440.8,451.75,432.7,443,3523419
2019-09-24,451.9,453.55,436,441,3051265
2019-09-25,445.55,453.3,441.95,452,1691954
2019-09-26,447.2,449.8,443,445.55,1913386
2019-09-27,447.1,448.9,442,446.2,1470958
2019-09-30,447.25,449.25,442.05,446,1130716
2019-10-01,439.65,451.5,438,446,1043636
2019-10-03,433.65,438.95,431.65,436.1,1637904
2019-10-04,425.7,436.05,424.25,434.75,2334293
2019-10-07,432.55,433.95,421.5,425.15,1546043
2019-10-09,443.8,445.75,431.25,432.8,1488325
2019-10-10,439.4,443.45,436.45,443.4,571364
2019-10-11,445.6,447,440,441.4,846266
2019-10-14,455,456.85,444,446.85,2030424
2019-10-15,450,459.05,447.4,458.6,2746832
2019-10-16,456.1,458,450,452,927864
2019-10-17,462.4,463.6,454.4,455.95,1122519
2019-10-18,466.5,467.7,461,462.5,918558
2019-10-22,472.6,480,465.7,466,1981127
2019-10-23,471.75,478.1,468.35,474,1432436
2019-10-24,469.8,479,464.3,472.05,1429210
2019-10-25,465.55,472.8,463,472.15,649773
2019-10-28,469.3,470.8,467,468.65,153353
2019-10-29,465.85,469.9,458.7,469.3,1134661
2019-10-30,460.35,467.8,456.95,465.85,1796647
2019-10-31,461.95,465,458.15,462,1885493
2019-11-01,463.85,471.95,461,462.5,1818491
2019-11-04,460.4,467.95,458,464.2,1679706
2019-11-05,481.35,483.4,455.2,459.05,8858287
2019-11-06,476.55,487.7,473.5,484.5,3883468
2019-11-07,477.7,480.8,472,478.55,1456741
2019-11-08,473.65,484.3,471.6,477.7,1561299
2019-11-11,477.45,480.6,472.1,474.4,1100336
2019-11-13,463.9,480.65,462.45,479,1734670
2019-11-14,462.55,468.75,455,465.5,1593020
2019-11-15,461.7,466.6,460.05,464.5,594085
2019-11-18,455.1,462.85,452.2,461.7,1318573
2019-11-19,453.7,456.65,448.6,455.9,1811882
2019-11-20,468.8,470.9,455.5,458,2389925
2019-11-21,464.25,473.9,462.4,470,2168444
2019-11-22,463.8,464.9,457.05,464.1,1117561
2019-11-25,469.6,470.7,463.65,463.7,1229982
2019-11-26,462.75,476.95,459,470.3,6724984
2019-11-27,469.3,470.45,462.85,465.1,1173971
2019-11-28,466.25,471.75,464.3,467,893025
2019-11-29,459.1,466.9,457.3,466.75,3751777
2019-12-02,453.75,459.1,449.25,458.9,3468701
2019-12-03,451.05,454.8,449.7,453.6,2600811
2019-12-04,457.8,458.75,446.15,452.9,3264668
2019-12-05,466.1,466.85,455.6,456.1,2047971
2019-12-06,463.8,471.85,460.9,468.75,1614204
2019-12-09,465.35,468.5,461.5,463.85,1721369
2019-12-10,456.9,464.9,455,463.65,1963909
2019-12-11,451.4,459.15,448.4,458.5,2047964
2019-12-12,457.7,460.35,451.7,453.1,974325
2019-12-13,460,462.8,457.65,460,855397
2019-12-16,459.5,462,456,461,903982
2019-12-17,460.6,462.4,456.4,459,1011059
2019-12-18,462.8,464.2,457.2,458.5,1178799
2019-12-19,460,466,458.5,463.6,1348905
2019-12-20,459.8,461.95,457.7,459.9,1603344
2019-12-23,461,462.9,456.95,458,1339055
2019-12-24,457.7,461,454.65,459.5,748881
2019-12-26,457.6,461.2,456.7,457.7,744378
2019-12-27,459.8,460.9,455.9,459.9,1081584
2019-12-30,462.6,465.65,458.35,459.5,1349981
2019-12-31,458.4,466.8,457.5,462.6,1167751
2020-01-01,459.8,460.8,457.55,459.7,495678
2020-01-02,459.95,462.2,458,459.8,502422
2020-01-03,455.6,460.7,453.55,459,1376230
2020-01-06,448,456.45,445.7,454,1415568
2020-01-07,453.5,456,449.15,450.3,966767
2020-01-08,456.65,457.95,446.6,449.8,1291151
2020-01-09,460.7,464,457.75,459.15,1811623
2020-01-10,466.85,469,459.9,463,1037751
2020-01-13,478.7,479.45,469.5,469.75,2755979
2020-01-14,482.65,483.65,477.55,480.95,1804874
2020-01-15,490.55,492.1,480.25,481.95,1346372
2020-01-16,487.6,494.4,485.35,491.75,2012701
2020-01-17,489.65,491.95,486.7,488,1015739
2020-01-20,486.05,492.7,484.55,489.65,1406615
2020-01-21,487,488.35,480.45,485.4,788507
2020-01-22,486.8,494,486.25,489.2,1140015
2020-01-23,489.8,492,482.75,486.7,798731
2020-01-24,500.5,501.9,490,490.05,2564212
2020-01-27,493.2,505.85,491.65,500.4,1640739
2020-01-28,488.4,499.2,486.75,493.25,1372031
2020-01-29,491.6,495.5,488.7,490.9,830287
2020-01-30,478.75,496.2,472.15,492,7747030
2020-01-31,495.75,503.45,480.05,483.95,7462427
2020-02-03,497,500.9,483.9,484.9,3688146
2020-02-04,503.35,513,498.1,498.2,3128490
2020-02-05,511.15,513,503.5,505,1728547
2020-02-06,509.65,518,505.3,514.4,1730852
2020-02-07,513.65,517.7,506.4,512.8,1439486
2020-02-10,512.85,517.5,508.55,513.6,1094750
2020-02-11,508.9,517,507.8,514.85,1212549
2020-02-12,519.9,523.25,511.3,511.3,2805428
2020-02-13,512.7,518.8,510.65,518.8,1632953
2020-02-14,506.1,516.95,503.45,515,1260687
2020-02-17,500.95,510,500.25,506.45,1336491
2020-02-18,504.55,507.2,496,499,2041114
2020-02-19,508.05,510.5,488.85,499,3634077
2020-02-20,506.15,517,503.05,509,2543540
2020-02-24,501,513.4,498.5,503.55,3415189
2020-02-25,500.25,509.5,499.1,503.5,2111814
2020-02-26,501.95,507,497.25,501,2775398
2020-02-27,506.35,508.2,501.4,502.8,3265481
2020-02-28,496.1,504.95,492,501,4192788
2020-03-02,499.25,513.7,493.7,503.8,3441005
2020-03-03,506.6,513,500.3,503,3579242
2020-03-04,514.4,516.9,506.6,511,3354621
2020-03-05,517.95,525,514.55,520,3594544
2020-03-06,500.55,513.25,496.2,511,2903801
2020-03-09,483.15,494.95,478.1,492,2176031
2020-03-11,488,494.35,476.45,479.8,2848964
2020-03-12,455.25,478,451.7,477.5,2856386
2020-03-13,450.6,472.75,401.7,425,4078608
2020-03-16,431.5,454.95,426.4,439.4,3101283
2020-03-17,430.4,450.9,424.4,431.5,2506836
2020-03-18,414.55,437.25,412.1,435,2896377
2020-03-19,418.85,428.45,390.5,400.45,3097172
2020-03-20,444.35,452.7,415,419,4011074
2020-03-23,396.05,428,386.05,408,2662372
2020-03-24,401.2,419.6,391,392.15,4912101
2020-03-25,405.2,412.05,391.05,403.65,4409305
2020-03-26,425.95,433.95,400.55,415,5838692
2020-03-27,423,445.6,418,441.5,3674758
2020-03-30,427.55,434.9,404.1,415,3175357
2020-03-31,450.05,455.55,430.45,435.9,3302641
2020-04-01,434.85,454.8,430.3,450.9,2154766
2020-04-03,427.8,454.25,424.05,444.5,4235837
2020-04-07,477.55,489,434.4,446.85,4522154
2020-04-08,488.3,517.4,470,474.3,5642445
2020-04-09,485.35,514,479.25,501,5378102
2020-04-13,479.8,492.95,472.75,485.9,2769955
2020-04-15,502.85,506,480,480,4343315
2020-04-16,503.5,509,492.15,497.75,3438673
2020-04-17,490.1,515,487.2,515,3429733
2020-04-20,492.85,499.95,482.5,492.4,3234062
2020-04-21,498.2,503,484,486.5,4519020
2020-04-22,502.7,504.8,495.55,498.5,2801955
2020-04-23,499,516.15,497.05,506.1,4322555
2020-04-24,499.05,503.75,494.5,499,2376828
2020-04-27,491.75,504.65,487.25,502,4482202
2020-04-28,487.55,494.4,482.4,494,2010669
2020-04-29,478.25,490.65,475.45,490,2503273
2020-04-30,489.3,495.35,478.25,485,4295419
2020-05-04,468.75,482.8,465.7,480,3267524
2020-05-05,452.5,475.55,450,471,3676081
2020-05-06,455.7,458.35,443.1,454.95,4087839
2020-05-07,441.9,456.5,440,456.5,3356815
2020-05-08,446.8,452,441.65,447,3238326
2020-05-11,446.55,454.7,443.5,450,2890780
2020-05-12,443.15,451.75,439.2,447,2465976
2020-05-13,444.05,458.6,442.45,458,2202274
2020-05-14,458.6,461,445,445.5,3710985
2020-05-15,443.9,463.65,441.35,463,4050139
2020-05-18,436.1,446,430.1,446,3056877
2020-05-19,437.1,447.15,433.5,440.45,3631047
2020-05-20,439.65,444.95,435.25,437.8,2544159
2020-05-21,440.15,449.4,439.1,440,2934541
2020-05-22,431.7,443.95,429.9,439.6,3327014
2020-05-26,433.1,436.2,427.4,431.7,3334582
2020-05-27,428.95,434.85,424.1,432,5829559
2020-05-28,448.4,451.25,421.2,429.95,10807949
2020-05-29,466.45,470,440.3,443.75,7711614
2020-06-01,469.25,473.95,462,470,6224534
2020-06-02,460.85,476.9,459.05,469.25,3195325
2020-06-03,463.35,470.6,457.1,464.1,3870392
2020-06-04,462.55,469.45,458,465,2631672
2020-06-05,462.85,466.5,457.5,464,2549236
2020-06-08,458.1,469.5,456.95,469.5,2555232
2020-06-09,466.55,475.85,458.7,460.3,5028363
2020-06-10,461.9,473.9,458.9,468,3752089
2020-06-11,450.1,465,448,461.9,3476465
2020-06-12,455.65,457,431,431.35,2789834
2020-06-15,453.65,460.45,451.9,456,1990221
2020-06-16,448.5,458,445.8,455.6,3353929
2020-06-17,440.5,457.4,438,446.5,4824066
2020-06-18,440,443.55,436.5,440,3947082
2020-06-19,443.05,449.5,441.5,442.9,4482129
2020-06-22,443.5,449,441.05,445,3082797
2020-06-23,458.6,460,441.5,441.5,5596516
2020-06-24,455.05,464.85,450.8,460.95,3473535
2020-06-25,459.15,465.75,452.75,454.6,3846216
2020-06-26,460.35,464.95,455.05,462.1,3102744
2020-06-29,463.75,469,458.1,460,5083780
2020-06-30,465.95,472.7,462.5,468.5,4999118
2020-07-01,466.6,471,465.55,470.9,2383843
2020-07-02,465.05,471.5,463.9,469.5,2370799
2020-07-03,467.05,470.75,464.7,467.1,2323284
2020-07-06,465.95,470.1,464,470,1892745
2020-07-07,478.55,481.9,465.05,466,5373500
2020-07-08,473.25,483.9,471.05,483.9,2670810
2020-07-09,473.05,477,466,466,1944233
2020-07-10,474.15,478.4,472.1,473.4,2126443
2020-07-13,484.5,486,474.6,474.95,3108357
2020-07-14,479.45,487.4,475.85,486,3209773
2020-07-15,479.65,486.85,477.35,484.9,2305139
2020-07-16,487.65,489,474.5,481,3164943
2020-07-17,490.75,495.35,483.5,489.95,5791104
2020-07-20,500.95,503,487.3,494,3529550
2020-07-21,491.65,502.7,490.45,499.1,3328043
2020-07-22,481.05,495.2,478.4,493,3073110
2020-07-23,479.45,486.85,476.65,482.95,2331308
2020-07-24,471.5,482.8,470.15,479,2141721
2020-07-27,466.4,474.2,462.95,473,3751567
2020-07-28,475.1,477,466,466.4,3183537
2020-07-29,489.6,491.65,476.55,476.75,6554414
2020-07-30,491.9,497.75,480.75,493.9,8628663
2020-07-31,513.55,515,494.05,496,8509912
2020-08-03,510.45,518.65,507.3,514.85,4310502
2020-08-04,506.95,516.2,505.55,515,2173947
2020-08-05,503.05,511.15,501,508.05,2597667
2020-08-06,506.8,509.6,501.3,503.95,2350027
2020-08-07,512.3,513.7,506.05,507.9,2754143
2020-08-10,508.55,528,506.35,515,5418102
2020-08-11,513.15,524.6,510,510,5206548
2020-08-12,503.6,519.5,502,513.9,4289689
2020-08-13,497.85,509.3,495.75,508.9,3607640
2020-08-14,497.1,501.6,488.75,499.5,4703261
2020-08-17,495.55,503.55,491,503.55,2880081
2020-08-18,497,499.1,492.75,494,3279523
2020-08-19,494.2,504.9,493,497,3390446
2020-08-20,492.6,496.85,490.35,492.8,1638348
2020-08-21,491.95,498.5,491,496.5,1911511
2020-08-24,490.5,495.45,486.55,492.3,2692624
2020-08-25,491.95,494,486.3,492.95,2055913
2020-08-26,495.95,502,492.15,496,4093153
2020-08-27,493.15,499.35,491,498.75,1859971
2020-08-28,489.1,495.65,488,495.2,1854758
2020-08-31,474.6,495.4,470.9,491.4,4785824
2020-09-01,487.6,491,473.65,478.4,3914565
2020-09-02,489.5,494.8,487.6,488.8,2111745
2020-09-03,494.7,497.3,484.75,491.7,2149283
2020-09-04,483.8,496,481.3,493,2578717
2020-09-07,487.9,490.95,478.4,486.9,2631682
2020-09-08,486.4,490.4,481.5,484.2,2088168
2020-09-09,492.35,494,482.05,485,2157285
2020-09-10,495.5,497.5,489.6,497.4,2500434
2020-09-11,508.25,511.7,491.7,491.7,5351472
2020-09-14,504.2,514.7,498.25,511,4233224
2020-09-15,505.75,508,499.55,503.9,2657482
2020-09-16,509.6,513,504.3,507,2763452
2020-09-17,502.55,510.95,501.15,509.7,2087642
2020-09-18,508.45,509.9,498.75,503.9,3067745
2020-09-21,490.7,511.95,487.25,510,2405043
2020-09-22,492.1,494.6,480,492.2,1843708
2020-09-23,485.75,495.95,484.35,495.05,2096287
2020-09-24,486.3,490.75,478.8,484,2732039
2020-09-25,492.6,496,488.25,491.4,2817378
2020-09-28,503.25,504.65,492.05,494.95,2319668
2020-09-29,497.2,510.3,496.25,503.05,2520678
2020-09-30,510.55,514,496.3,497.25,4019167
2020-10-01,513.8,517.4,510.4,515.75,3703690
2020-10-05,520,521.65,510.65,515.35,2820658
2020-10-06,526.8,535,522,524.25,8742283
2020-10-07,524.05,531.3,521.5,527,2420638
2020-10-08,522.05,527,516.45,526.65,2229387
2020-10-09,519.1,524.6,516,524.6,1705009
2020-10-12,515.5,521.4,512.75,520,1945987
2020-10-13,514.25,524.5,512.8,515.9,3197256
2020-10-14,516.95,518.5,506.25,513.85,3519447
2020-10-15,517.6,525.65,515.25,518.2,3824212
2020-10-16,511.7,524.35,510.8,520.8,2531777
2020-10-19,519.3,522,510.2,514.9,2434568
2020-10-20,528.05,529.95,518.75,521.2,5066348
2020-10-21,515.85,533,508.1,530.4,5603276
2020-10-22,507.15,516,505.1,515.85,4991379
2020-10-23,519.15,520.9,509.8,512,4276157
2020-10-26,513.5,521.8,509.7,519.95,2134751
2020-10-27,523.2,526.4,512.25,515,3284285
2020-10-28,517.15,526,515.4,523.15,1863446
2020-10-29,519.75,522.45,509.2,515.5,2966915
2020-10-30,511.45,524,508.05,520.5,3022547
2020-11-02,506.25,516.8,504.05,515,3217501
2020-11-03,515.4,523.5,509.55,510.45,9690523
2020-11-04,518.45,530,517.35,524,7074924
2020-11-05,519.55,525.65,516,521,3293074
2020-11-06,527.2,528.9,518.7,520.9,4929181
2020-11-09,527.55,535.95,524.15,530,5212222
2020-11-10,515,529.9,511.8,527.7,4847614
2020-11-11,510,519.25,505.6,516.8,4915653
2020-11-12,517.9,521.95,510.55,512.5,5297239
2020-11-13,515.4,522,512.6,520,3104681
2020-11-16,517.15,522,515.5,520,438259
2020-11-17,511.65,522.2,509.5,522.2,3016364
2020-11-18,505.4,514.15,504.45,513,3492271
2020-11-19,507.3,510,500.05,505,5496008
2020-11-20,508.4,513.8,505.95,511.05,4801287
2020-11-23,509.1,511.4,505.1,508,3182272
2020-11-24,507.9,511.25,506.5,510,2495047
2020-11-25,501.3,510.5,500.05,508.8,3897557
2020-11-26,504.1,505,494.05,501.8,4957778
2020-11-27,499.8,507.1,496.65,507,7150001
2020-12-01,506,507,500.6,503.05,2177754
2020-12-02,502.5,509.5,497.25,507.5,3467739
2020-12-03,501.5,506.95,500.5,500.5,3471978
2020-12-04,502.3,506.8,501.6,502.9,3038914
2020-12-07,502.05,505.5,499,502.6,3544985
2020-12-08,502.6,506.8,499.05,503,4020487
2020-12-09,502.15,510,501,510,4619524
2020-12-10,514.4,517,502,502,9250804
2020-12-11,513.8,519.5,508.8,517.35,4988627
2020-12-14,513.6,518.95,512.4,517,3013023
2020-12-15,513.85,517.2,511.2,513.95,3113626
2020-12-16,513.65,519.55,512.3,515.4,3925836
2020-12-17,511.5,517.4,510.5,515.2,2926337
2020-12-18,509.35,513.4,503.05,513.15,3666563
2020-12-21,503.6,514.95,494.2,509,5009242
2020-12-22,504.25,508.9,492.55,504.9,4879416
2020-12-23,510.15,512.5,502.3,505,3046867
2020-12-24,514.55,515.75,508.3,515,2894330
2020-12-28,525.05,526.9,514,514.55,5556022
2020-12-29,528.95,533.8,524.55,527.5,6040679
2020-12-30,539.55,540.5,524.35,530,6666770
2020-12-31,534,539.8,532.15,539.7,3337284
2021-01-01,534.2,538.45,532.3,534,2285766
2021-01-04,543.35,544,532.4,537,3026253
2021-01-05,538.9,542.4,535.5,542,2126666
2021-01-06,534.1,541.7,529.6,539,4825471
2021-01-07,535.2,539.3,533.4,537.4,1850927
2021-01-08,540.1,542.45,534,537,3665938
2021-01-11,546.5,549,540,543,2812154
2021-01-12,541,550.95,538.25,549,3857637
2021-01-13,536.1,545.45,533.6,541.15,2933547
2021-01-14,548.95,552.45,535.25,536.5,6273001
2021-01-15,540.75,552.55,539.05,548.5,2546799
2021-01-18,537.5,544.8,533.2,541.2,2572902
2021-01-19,541.4,547.45,539,539.05,2174161
2021-01-20,537.65,544.85,536.6,544,1606896
2021-01-21,537.05,546,535.4,540,2903743
2021-01-22,532.95,540.5,531.3,537,2153095
2021-01-25,532.6,541.3,525,538,3036463
2021-01-27,527.5,537.5,525.65,533.9,1786873
2021-01-28,527.9,535,521.05,526.8,2380469
2021-01-29,514.55,532,511.35,530,6467932
2021-02-01,525.2,536,515.15,515.15,5219141
2021-02-02,526.4,535.6,524.4,530,2246578
2021-02-03,524.75,529.15,523,527.45,2680479
2021-02-04,526.1,529.9,524.05,524.75,2515981
2021-02-05,521.75,528.55,517.8,527,2592937
2021-02-08,518.4,526.5,517.3,522.8,2667420
2021-02-09,525.15,532.05,519,523.05,4281247
2021-02-10,524.65,528.85,522.4,527.4,1871619
2021-02-11,535.8,537.5,523.95,524.7,4491181
2021-02-12,534,544.45,532.05,539.3,4218265
2021-02-15,527.3,540.85,526.3,537.5,2574672
2021-02-16,522.6,532.75,520.4,530,3119109
2021-02-17,520.05,526,519,523.2,2436843
2021-02-18,520.05,528,517.9,522,3416920
2021-02-19,513.45,515,507.85,515,13849233
2021-02-22,500.35,517.3,497.05,514.75,3810112
2021-02-23,500.05,505.5,498.75,502,3011786
2021-02-24,503.65,506.25,498.05,502.5,1464678
2021-02-25,509.05,510.55,505.05,508,4492656
2021-02-26,503.1,513.65,501,508.5,5709953
2021-03-01,505.85,507.85,502.8,504,1751572
2021-03-02,511.25,512.5,504.8,507.4,1420334
2021-03-03,518.1,520,512.05,514.2,3130922
2021-03-04,524.2,527.5,515.15,515.15,4314919
2021-03-05,524.4,528.9,522.65,525.45,3785627
2021-03-08,528.65,530.95,521.75,525,1684546
2021-03-09,525.75,531.15,519,531,1424487
2021-03-10,531.15,534.4,525.15,526.3,2158157
2021-03-12,523.45,534.35,522.2,533.9,1757943
2021-03-15,526.1,530,521.3,523.1,3007089
2021-03-16,529.1,530.75,525.15,526.1,1684209
2021-03-17,527.55,533.5,525.25,527.5,2054354
2021-03-18,521.9,529.95,519.6,528.85,1333801
2021-03-19,524.8,526.75,516,516,1899152
2021-03-22,533.5,534.7,523.7,525.1,1720620
2021-03-23,533.25,536.95,531.25,533.8,1557222
2021-03-24,529.05,535.8,527.75,531.8,1431667
2021-03-25,517.35,529.3,515,528,1569877
2021-03-26,529.8,531,517.6,517.6,1757265
2021-03-30,538,541.2,532,532.5,2643994
2021-03-31,540.5,542.8,536.65,538,1560926
2021-04-01,538.65,543.95,536.8,540.45,823482
2021-04-05,537,541.1,534.1,538.2,1359678
2021-04-06,546.95,547.75,534.35,537,1825976
2021-04-07,553.2,557.5,547.35,548,3109165
2021-04-08,559.15,561.7,548.25,553.45,2009731
2021-04-09,560.5,566.35,557.2,560,2203711
2021-04-12,554.75,561.45,549.5,556,2061407
2021-04-13,560.25,565.7,554.3,555.2,3181848
2021-04-15,572.05,577,560.75,565,5336354
2021-04-16,575,581.9,571,581.9,3675431
2021-04-19,569.2,574,562.65,565,1876054
2021-04-20,569,575.95,565.8,574,2321346
2021-04-22,566.15,573.25,564.05,572.65,2545878
2021-04-23,559.95,566.95,556.1,566.15,2408395
2021-04-26,541.3,562.6,539.55,560.9,3121274
2021-04-27,538.6,544.25,534.65,544.25,2463374
2021-04-28,541.25,545.7,536.15,542,2614846
2021-04-29,541.9,547.05,540.2,544.45,1796174
2021-04-30,538.05,545.25,535.7,539.8,1960727
2021-05-03,542.4,548.4,538.6,538.75,1725231
2021-05-04,537.55,545.7,535.35,545,1772835
2021-05-05,540.95,542.45,537.05,538.8,1136917
2021-05-06,545.25,547.35,539,542.85,2142388
2021-05-07,534.6,548,532.3,548,8776663
2021-05-10,522.75,535.75,519.3,535,6409447
2021-05-11,525.45,526.8,520.4,522.75,2458535
2021-05-12,529.2,532.6,525,527,3997812
2021-05-14,535,538.45,529.65,532,3274059
2021-05-17,534.35,539.25,532.2,537.1,2002740
2021-05-18,531.1,539,529.45,537,2056620
2021-05-19,538.05,539.15,528.05,530,2402429
2021-05-20,535.8,541,533.6,537,2586717
2021-05-21,536.75,540,535.45,538,1582534
2021-05-24,533.25,538.15,532,538,2142262
2021-05-25,530.55,536.75,529.3,535.4,2341520
2021-05-26,532.2,532.95,528.75,532.95,1533553
2021-05-27,527.2,533.8,524.4,533,7104429
2021-05-28,530.4,532.9,528.05,530,1322812
2021-05-31,540.45,544.3,529.55,532.3,2775615
2021-06-01,537.05,545,535,544.7,1855968
2021-06-02,532.25,540.25,529.75,538.35,4073182
2021-06-03,540.8,541.8,534,534.8,2070792
2021-06-04,544.05,545,539.35,542,1964169
2021-06-07,548.5,550,542.4,545.15,2061081
2021-06-08,556.35,560.75,551.85,551.85,3966396
2021-06-09,558.6,561.5,554.25,559,2452001
2021-06-10,559.95,563.85,556.05,560.5,2602822
2021-06-11,565.2,566.2,559.7,560.75,1036563
2021-06-14,568.45,571.4,560.25,564.95,1628291
2021-06-15,574.8,576,569.05,569.05,1774944
2021-06-16,580.6,582.7,575.3,576,2232810
2021-06-17,573.2,581,570.2,577.7,1512920
2021-06-18,577.1,581.9,571.6,574.75,3901362
2021-06-21,571.75,579.65,570,576,2238942
2021-06-22,566.65,578,565.05,574.25,2681016
2021-06-23,566.45,570,560.25,567.2,1172122
2021-06-24,575.2,576.75,561.35,566.45,1362412
2021-06-25,564.45,575.5,562.95,575.25,1190963
2021-06-28,567.05,568.6,564.3,568.45,794690
2021-06-29,567.35,570.5,561.55,565.1,1761569
2021-06-30,568.75,573.5,563.5,568.55,1346860
2021-07-01,589.75,591.45,569.9,572.4,5398923
2021-07-02,590.45,592,583.85,591.55,2477693
2021-07-05,587.7,593.65,586.5,593.4,1196198
2021-07-06,591.8,595.45,588,588.65,1428646
2021-07-07,594.4,596,588.1,590.8,1255033
2021-07-08,596.1,599,591,594.2,1845925
2021-07-09,595.6,605,592.35,596,2686530
2021-07-12,593.15,600.15,591.7,597,1038327
2021-07-13,589.15,595.35,585.6,594.2,934799
2021-07-14,585.3,588.5,581.5,588.5,1290445
2021-07-15,584.45,589.45,582.05,585.3,1233095
2021-07-16,580.3,588.85,578.7,584.85,2229326
2021-07-19,588.8,590,576,578.8,1953706
2021-07-20,588.2,592.45,583,591,1877572
2021-07-22,588.45,595.4,584.55,590.7,1191908
2021-07-23,590.15,594.1,585.65,590.9,666936
2021-07-26,595.35,599,590.15,593,1527942
2021-07-27,588.7,598.8,587.75,597.35,1585300
2021-07-28,590.1,603.45,586.15,586.15,2559515
2021-07-29,584.6,593.45,582.2,588.4,2365089
2021-07-30,600.7,603.65,584.15,587.2,3145307
2021-08-02,599.05,609,594.05,605.9,5788412
2021-08-03,614.25,619.8,597.9,602.7,13194079
2021-08-04,588.1,615.9,586.75,615,5849144
2021-08-05,589.55,596.45,585.85,593.45,3160815
2021-08-06,585.2,596.55,584.1,590,2452586
2021-08-09,581.75,594,579.25,590.95,2261395
2021-08-10,579.8,585.65,573.6,584.65,2070287
2021-08-11,575.1,582.4,570.65,582,2320928
2021-08-12,575.4,584.8,574.05,576,2474432
2021-08-13,588.3,591.5,576.85,579.7,5318962
2021-08-16,588.35,592.65,583,588.2,1315500
2021-08-17,596.6,597.8,588.35,589,4557665
2021-08-18,597.4,600.75,594.15,598.35,1992466
2021-08-20,611.7,616,590.3,594.65,4420438
2021-08-23,609.9,621.95,605.85,614.75,3188046
2021-08-24,592.85,610.5,589.2,608,2295973
2021-08-25,600.1,601.8,592.15,593,1533202
2021-08-26,605.5,609.2,598.95,599.95,1793401
2021-08-27,608.75,612.6,605.05,608,1477611
2021-08-30,616.75,617.55,610,610,1299450
2021-08-31,621.5,623.85,610,616,3026655
2021-09-01,626.25,627.7,615.65,622,2467985
2021-09-02,640.85,643.9,624.45,626.5,3017389
2021-09-03,641.25,644,634,643.2,1676263
2021-09-06,634.8,645.4,633.75,641.25,1420648
2021-09-07,638,651.35,635.4,637,2457494
2021-09-08,640.65,642.55,634,639,1262769
2021-09-09,638.3,639.15,627.2,635,2195875
2021-09-13,640.2,649.25,637,642.4,2328010
2021-09-14,639.2,640.95,634.75,640.2,1422838
2021-09-15,637.2,644,636.3,640.4,1157146
2021-09-16,640.4,645.65,638.05,642.2,1115690
2021-09-17,653.95,655.9,640.35,641,2959141
2021-09-20,645.65,658.4,643,654.85,2804783
2021-09-21,651.3,652.15,645,647.95,785138
2021-09-22,648.4,654,647.55,654,877503
2021-09-23,647.65,651,642.65,650.1,1480529
2021-09-24,651.9,658.95,649,649,2416462
2021-09-27,633.2,654.25,632,654,1468310
2021-09-28,626.35,634.35,621,634,1906140
2021-09-29,623.15,628.3,620.25,627,1827330
2021-09-30,617.05,626.8,616.1,624,1705501
2021-10-01,617.95,620.2,609,617,1563570
2021-10-04,624.2,625.45,613.3,619.9,2158448
2021-10-05,616.2,626.4,614,626.4,3156201
2021-10-06,614.95,623.7,614,616.8,2026192
2021-10-07,615.15,619.4,614.4,617.55,1228502
2021-10-08,607,620.9,606,616.05,3407806
2021-10-11,608.65,611,607,610,1426583
2021-10-12,616.8,621.6,610,611,2801156
2021-10-13,623.8,625,616.1,621.45,1499629
2021-10-14,615.2,627.9,612.45,626,2722324
2021-10-18,614.15,632,612.6,632,1464144
2021-10-19,605.25,620.3,604.1,615,1524974
2021-10-20,592.65,607.85,591.05,607,2784702
2021-10-21,587.4,599,585.25,598.5,1925145
2021-10-22,590.75,597,585,591.9,1407275
2021-10-25,581.3,593.25,576.55,592,1462238
2021-10-26,581.35,583.95,574.45,582,1949684
2021-10-27,591.65,597.95,583.35,584,3252371
2021-10-28,589.7,594.35,586.45,594,1105554
2021-10-29,585.85,593.8,582.45,589.9,1980982
2021-11-01,597.05,600.8,587,588,3104045
2021-11-02,598.05,604.9,588.75,599.85,6908391
2021-11-03,610.55,612.3,600.75,608,7257690
2021-11-04,612.55,616.15,611.75,616,276957
2021-11-08,606.8,625,604.5,625,2428555
2021-11-09,603.2,609.4,600.15,606,876256
2021-11-10,605.25,606.9,598,601.2,1801639
2021-11-11,599,604.7,595,604.7,2031771
2021-11-12,602.45,604.3,598.6,602,2304135
2021-11-15,604,607,598.1,604,1665604
2021-11-16,610,611.9,604.55,605.8,1793708
2021-11-17,608,611.8,606.05,608,1022417
2021-11-18,608.75,610,601.45,608,841689
2021-11-22,606.8,616.6,603.55,611,3998703
2021-11-23,611.55,613.5,599.2,607.45,1508700
2021-11-24,602.95,611.55,602,610.05,1845329
2021-11-25,606.4,606.95,594.05,603.3,1518710
2021-11-26,602,612.4,599.8,603,1952921
2021-11-29,598,602,589.25,600,1125420
2021-11-30,594.95,602.5,592.05,595,5219689
2021-12-01,576.1,598.2,574.3,595.1,3306382
2021-12-02,578.55,583,575.1,577,1931467
2021-12-03,581.35,584.05,578.05,580,1202147
2021-12-06,567.3,583,566,583,1525444
2021-12-07,572.4,574.65,567.2,569.95,889360
2021-12-08,574.05,576.85,572.45,575.4,1406874
2021-12-09,579.75,580.95,571.5,575.5,1444157
2021-12-10,577.8,583.65,575.5,582,1258379
2021-12-13,578.9,583.15,574.05,582.95,1626598
2021-12-14,579.4,580.4,573.15,578,1167762
2021-12-15,573.3,578.05,571.8,577.55,929113
2021-12-16,570.25,575.9,569,574.25,884563
2021-12-17,564.75,572,561.55,570.5,1884521
2021-12-20,558.2,563.65,550.4,562,1332911
2021-12-21,559.1,564.8,557,559,641150
2021-12-22,564.05,565.25,558,560.1,912026
2021-12-23,569.45,571,562.7,566,926683
2021-12-24,563.7,573.9,562.15,573.9,418659
2021-12-27,561.45,564.4,558.25,564,571197
2021-12-28,562.45,565.25,560.7,561.95,394545
2021-12-29,566.6,570.3,561,563.45,1354842
2021-12-30,571.55,572.55,561.75,566.6,917276
2021-12-31,580.05,581.25,571.8,573,1024258
2022-01-03,581.15,584.9,578.55,580,1161811
2022-01-04,574.05,583,570.5,583,3062561
2022-01-05,582.5,583.5,573.65,575,1001768
2022-01-06,582.55,583.45,574.4,582.5,1246823
2022-01-07,587.5,590.85,582.55,583.05,1492507
2022-01-10,589.1,591.25,586.05,589,813368
2022-01-11,587.55,590.8,584,590.4,815198
2022-01-12,582.5,590.4,580.6,590.1,1287352
2022-01-13,580.7,584.85,577.55,582.5,1421440
2022-01-14,575.8,584.2,571.05,576.6,2009075
2022-01-17,569.6,578.45,568.9,575.8,1486008
2022-01-18,563.9,571.3,562.6,569.6,1185072
2022-01-19,568.55,569.6,560,563.9,1103105
2022-01-20,559.85,569,556.25,568.95,1007594
2022-01-21,551.55,558.75,547.9,555.2,2389963
2022-01-24,546.1,554.35,541,552,2431761
2022-01-25,542.8,546.15,536.65,544.1,1847960
2022-01-27,529.05,542,527.05,541,2183776
2022-01-28,533.95,542.5,531.1,533.25,1426419
2022-01-31,536.75,541.5,535.3,538.1,1749168
2022-02-01,546.45,550.35,538,541.15,1500268
2022-02-02,557.45,562.75,545,550.5,1157446
2022-02-03,556.45,559.2,548.65,549.95,1798123
2022-02-04,569,570.25,556,560,2712529
2022-02-07,566.7,570.75,559.6,570,2481096
2022-02-08,562.25,569.9,561.25,566.7,820398
2022-02-09,570.5,574.45,562,564.4,1381438
2022-02-10,564.6,571.15,560.35,570.5,2044201
2022-02-11,560.85,563.75,555.55,562,1053326
2022-02-14,553.1,559.9,546.25,551.1,1256655
2022-02-15,562.45,563.9,550.9,552.5,1349136
2022-02-16,561.85,566.7,556,562.45,1053001
2022-02-17,554.4,565.1,553.15,562.1,1222505
2022-02-18,547.8,554.7,545.5,551,1383430
2022-02-21,553.6,554.9,541.7,545.45,1157096
2022-02-22,550.05,551.85,542.2,542.9,1465489
2022-02-23,543.25,551,540.6,550.05,940986
2022-02-24,533.7,539.55,526.4,532,3036292
2022-02-25,544.85,546.9,533.45,536,1284779
2022-02-28,563.35,570.1,526.95,542.8,7992990
2022-03-02,565.25,570,558.7,562.95,1871881
2022-03-03,562.9,570.75,560,566.3,2166986
2022-03-04,539.05,561.2,537,557,2103625
2022-03-07,505.95,527,502,520,3178030
2022-03-08,521.55,522.8,505,506,2161459
2022-03-09,528.1,533.05,516.5,520,2952144
2022-03-10,545.7,547,531.55,538.95,1658773
2022-03-11,547.55,549.55,540.85,545.5,1238386
2022-03-14,540.6,548.4,532.25,546.4,3049209
2022-03-15,556.65,558.75,539.8,539.85,2726150
2022-03-16,564.7,566,559.4,563.5,1685983
2022-03-17,560.25,570.7,555.65,566.2,1988370
2022-03-21,549.55,560.95,547.1,554.5,1119604
2022-03-22,534,549,531.3,549,2369464
2022-03-23,522.85,538.5,522.1,538.5,3708515
2022-03-24,523.75,530.8,519.65,520.9,2528645
2022-03-25,519.8,527.15,517.7,526,1185395
2022-03-28,515.15,524.15,512.2,522.15,2529886
2022-03-29,515.8,523,513.65,516,2072288
2022-03-30,527.7,529.6,518.25,518.3,3274773
2022-03-31,536.2,539,527.7,530.9,2884367
2022-04-01,542.45,545,536.25,539,1488872
2022-04-04,544.65,546,534.6,542.9,2818537
2022-04-05,548.95,553,546.3,548,2471895
2022-04-06,541.45,548.95,538.6,548.95,1813477
2022-04-07,550.55,556,540.5,540.5,2078365
2022-04-08,556.95,558,550.2,550.55,974621
2022-04-11,552.4,558.55,549.25,558.55,1472046
2022-04-12,553.75,556.9,548.1,552,1373926
2022-04-13,555.9,557.7,551,553.8,1405005
2022-04-18,562.7,563.85,549.15,550,1332556
2022-04-19,549,569.7,546,567.45,3225494
2022-04-20,550.3,556.3,542.35,550,1341149
2022-04-21,561.85,563,550.8,552.45,1293680
2022-04-22,559.85,564.7,554.05,557.95,1804787
2022-04-25,551.3,559.9,545.55,555.55,1262104
2022-04-26,559.9,561.5,554,554.2,1950606
2022-04-27,559.85,561.25,549.7,555.2,1704589
2022-04-28,572.25,576.85,560.05,564,2316486
2022-04-29,556.7,575.1,554.1,575,3244210
2022-05-02,557.2,559.45,549.25,552,1089778
2022-05-04,538.05,565,532.3,557.8,3409715
2022-05-05,529.05,543.45,523.6,540.5,3769187
2022-05-06,510.8,526.9,508.35,518.2,3569229
2022-05-09,504.55,513.4,502.05,510.8,1443702
2022-05-10,502.55,508.7,499.35,505.8,2305275
2022-05-11,507.1,509.95,494.2,502.55,1809222
2022-05-12,498.35,507.1,495.5,507,2176908
2022-05-13,500.8,512.45,498.35,502,2733902
2022-05-16,496.8,505.95,495.4,504.6,895516
2022-05-17,501.85,503.65,494.3,499.45,2052078
2022-05-18,509.8,515.25,502,504.25,3035188
2022-05-19,492.1,502.85,489.35,499.05,2053355
2022-05-20,503.35,507.35,496.85,497.7,2149292
2022-05-23,506.3,513.15,504,505,1572782
2022-05-24,502.15,508.6,498.2,508.6,2089081
2022-05-25,494.45,505,493.45,504.85,1054477
2022-05-26,497.85,501.5,488.3,497.3,2070365
2022-05-27,497.7,501.35,495.7,501.2,1089096
2022-05-30,510.1,510.5,500,501.4,1594338
2022-05-31,519,526.25,504.1,509.8,5516299
2022-06-01,517.55,527,515.4,519.35,1596876
2022-06-02,521.7,524.95,512.05,517.55,1883760
2022-06-03,513.95,522.95,512.65,521.5,2117973
2022-06-06,508.6,513.15,505.35,509,3537326
2022-06-07,501.25,507.9,496.7,507.9,1213684
2022-06-08,494.8,501.05,491.55,498,1415492
2022-06-09,497.65,498.5,488.7,495,1191289
2022-06-10,502.25,504.75,491,496.5,1775867
2022-06-13,497.8,506.8,494.4,500.75,2658015
2022-06-14,495.65,503.6,492.05,499.4,1325521
2022-06-15,496.3,501,493.25,498.5,1213910
2022-06-16,497,501.85,492.7,498.3,1778349
2022-06-17,484.6,494.95,482.25,493,4334329
2022-06-20,500.8,503.1,484.6,486.5,3139895
2022-06-21,505.9,510.45,497.9,501.65,1819682
2022-06-22,498.95,512.4,495.15,505.5,1766236
2022-06-23,505.15,509,499.05,500,1065402
2022-06-24,509.75,514.7,506.35,507,1581131
2022-06-27,515.7,519,512.25,517.5,664059
2022-06-28,512.1,515.7,507.45,515.7,1358007
2022-06-29,501.2,512.9,498.1,507,1698999
2022-06-30,495.95,502.9,495,497.7,1706703
2022-07-01,511.25,512.7,492.05,492.05,1704654
2022-07-04,525,526.9,511.25,511.95,2119912
2022-07-05,530.7,532.8,526,528,1891633
2022-07-06,542.95,544.75,521.1,530.6,2355807
2022-07-07,543.55,552.3,538.1,542.1,1624706
2022-07-08,543.9,548.45,540.6,545,759628
2022-07-11,545.4,547,539.1,539.1,767902
2022-07-12,543.45,545,539.05,539.05,383407
2022-07-13,545.3,548.15,540.05,542,1655868
2022-07-14,549.25,552,544.05,545.9,1608306
2022-07-15,548.35,555,543.4,550.25,848018
2022-07-18,550.1,553.6,542.15,550,1156564
2022-07-19,549.45,553.4,545.1,551.65,986838
2022-07-20,558.25,560,550.2,552,2544134
2022-07-21,571.95,574.6,558,558.2,3414847
2022-07-22,576.3,577.9,567.6,574.75,2036934
2022-07-25,567.9,575.8,564.15,570,1440874
2022-07-26,558.25,568.1,556.25,565.6,1549359
2022-07-27,567.75,569.25,555.9,555.9,1151735
2022-07-28,572.7,577.9,568.05,568.5,1914336
2022-07-29,584.1,585.25,571.05,573.2,2161611
2022-08-01,580.8,585.55,576.5,584.1,993023
2022-08-02,578.25,590.5,575,580.8,1291098
2022-08-03,569.8,579.35,565.6,578,1793491
2022-08-04,573.9,576,566.2,572,2687696
2022-08-05,579.15,582.55,573,573.9,1455945
2022-08-08,586.5,587.5,577.55,580,1395495
2022-08-10,584.95,591.45,580.95,588.95,1222405
2022-08-11,582.7,590,581,588,1222897
2022-08-12,581.6,586.55,573.25,582,1418557
2022-08-16,579.6,587.9,577.6,582.25,1076292
2022-08-17,584.95,586,576.2,580,1524111
2022-08-18,594.6,596.05,583.65,585.75,1777307
2022-08-19,587.2,602,586.05,597.8,2461951
2022-08-22,584.2,591.9,581.35,584.5,1333644
2022-08-23,588.1,591.95,579,579.2,1186601
2022-08-24,587.1,588.5,579.2,585,1383496
2022-08-25,579.7,589.55,578,588.5,1563845
2022-08-26,572,582.55,567.8,581.05,2359504
2022-08-29,573.05,580.8,563.85,564.95,2612374
2022-08-30,583.6,586,575.05,575.05,1784269
2022-09-01,569.6,574.55,565.05,565.05,3042496
2022-09-02,570.7,572.5,566.5,571.25,1659835
2022-09-05,570.1,574.05,568.05,572.15,686752
2022-09-06,571,573,568.4,571.55,562408
2022-09-07,572.35,574.7,569.05,569.95,485140
2022-09-08,570.4,573.9,567.25,573.85,853719
2022-09-09,574.9,577.85,569.5,577.85,965576
2022-09-12,570.4,578.6,568.55,574.9,835551
2022-09-13,571,573.9,569.8,572.95,827907
2022-09-14,567,571,565,567.4,867842
2022-09-15,563.45,569.85,560.2,569.85,1225198
2022-09-16,546.4,562.85,544,560.25,1946975
2022-09-19,548.15,550.8,540.3,549.15,685828
2022-09-20,556.8,560.55,548.45,550.8,812820
2022-09-21,561.5,568.7,554.7,556.8,1660482
2022-09-22,575.65,580,558.9,561.9,2626545
2022-09-23,568.55,576.85,567.55,575.7,1156625
2022-09-26,556.2,566.8,555.1,564.55,1442609
2022-09-27,560.5,565.45,557.05,559,1734629
2022-09-28,564.05,568.5,555.95,558.05,1551538
2022-09-29,575.75,578.15,563.9,566.9,2309452
2022-09-30,572.95,575.75,568.1,575.75,1598546
2022-10-03,557.15,577.85,555,571.6,1606325
2022-10-04,553.8,568.2,552.2,568.2,2948474
2022-10-06,546.4,557.5,544.5,557.5,2675443
2022-10-07,540.15,544.5,534.25,537.9,3803118
2022-10-10,529.1,537.8,526.55,534,3601832
2022-10-11,518.95,531.75,517,531.75,6628877
2022-10-12,533.6,538.85,518.95,518.95,3197008
2022-10-13,530,538.55,529.25,535,2075101
2022-10-14,531.35,535,527,535,1518166
2022-10-17,529.95,534.5,527,531.35,757924
2022-10-18,531.35,533.5,528.7,531.55,1247608
2022-10-19,526.1,536,525.05,532.55,2677154
2022-10-20,535.95,537.5,522,525,2273116
2022-10-21,537.95,540,532.45,536,1238126
2022-10-24,536.85,541,534.5,540.35,164839
2022-10-25,532.15,538,530.75,536,1231137
2022-10-27,549.05,551.3,536,541.5,5098267
2022-10-28,551.05,554.25,546.25,552.5,2012341
2022-10-31,554.7,558.5,550.2,553.35,1517302
2022-11-01,563.8,565,554.85,556.9,1354247
2022-11-02,562.25,566.4,558.5,565.95,936356
2022-11-03,555.9,562.6,554.5,562.25,807402
2022-11-04,557.5,560.4,554.15,557.4,620438
2022-11-07,553.6,563.25,547.65,557.5,1295002
2022-11-09,554.15,560.35,549,555,883098
2022-11-10,553.9,555.85,548,551,927378
2022-11-11,553.1,559.5,550.2,556.7,1331351
2022-11-14,553.2,568,550.3,555.45,2173335
2022-11-15,550.75,556,542,555.2,1939642
2022-11-16,550.05,551,544.2,549.05,2344384
2022-11-17,551.9,553.8,545.65,548.25,2201076
2022-11-18,548.5,551.95,543,551.9,1143913
2022-11-21,550.8,551.95,544.2,547.45,1022010
2022-11-22,546.45,548.9,540.55,548.45,1710541
2022-11-23,551.4,552.5,544,546.1,1450395
2022-11-24,553.6,557,550.5,553,1285517
2022-11-25,556.55,557.5,547.7,555,815285
2022-11-28,558.6,562.9,555.6,556.55,1384789
2022-11-29,593.1,598.3,558.1,559.85,11072058
2022-11-30,588.35,598.9,585.7,595.45,6800183
2022-12-01,586.8,591.6,586.1,589.5,2181957
2022-12-02,591.15,592.95,576.5,584.9,3556471
2022-12-05,587.1,592.5,582.85,591,3137533
2022-12-06,592.6,594.05,582.15,585.9,1040850
2022-12-07,602.25,610.75,598.35,601,6182504
2022-12-08,604.4,607,598.8,605.5,1825451
2022-12-09,598.75,609.55,594,606.8,1253564
2022-12-12,602.45,603.8,590.3,600,1989220
2022-12-13,594.2,604.85,593,603.2,1713097
2022-12-14,587.1,598.15,585.35,596,1470878
2022-12-15,586.9,590,582.3,585.65,993549
2022-12-16,579.75,587.95,579,585,1749583
2022-12-19,589.05,589.8,574.05,578,2060993
2022-12-20,579.5,582.4,569.55,576.1,8300358
2022-12-21,577.25,586.6,574.65,582.35,2308329
2022-12-22,577.75,583.1,574.45,577.4,818353
2022-12-23,565.85,575.5,562.95,572.3,1890316
2022-12-26,566.1,567.55,557.25,560.25,2149944
2022-12-27,573.5,577.3,566.15,568,756651
2022-12-28,569.15,575,568,575,1041815
2022-12-29,560.95,569.95,559.75,568.5,1761390
2022-12-30,561.45,568.25,560.1,563.5,699061
2023-01-02,561.55,563.45,558.1,561.45,564453
2023-01-03,560.85,568.35,557.25,564.3,904153
2023-01-04,559.85,564.5,557.8,562.5,1223101
2023-01-05,572.75,574.15,561,561.1,2641778
2023-01-06,552.85,573.95,548.5,573.15,2789534
2023-01-09,549.55,556,545.7,556,3024289
2023-01-10,554.6,555.2,547.5,550.2,1156889
2023-01-11,548.35,555.2,545.1,554.6,1862522
2023-01-12,544.95,549.3,541.9,547.8,1973109
2023-01-13,543.7,549.9,538.55,545.5,3143762
2023-01-16,553.05,553.8,543.05,545.2,1120373
2023-01-17,556.55,559.25,550.05,553.05,1228285
2023-01-18,557.6,559.95,554,556.45,676706
2023-01-19,554.95,560.8,551.8,556.5,1182667
2023-01-20,566,568.5,551.1,554.05,2511076
2023-01-23,564.4,568,560.6,568,704349
2023-01-24,566.95,569.5,561.25,565.65,611251
2023-01-25,563.3,567.45,560.65,565.65,854326
2023-01-27,562.05,567.5,556.25,564.35,1373950
2023-01-30,558.05,563.7,551.65,563,2094290
2023-01-31,557.75,559.7,553.45,559.4,2302382
2023-02-01,561.95,568.75,553.6,560,2239694
2023-02-02,554.45,560.95,546.5,557.5,1698846
2023-02-03,533.7,562.05,528.25,562,4206140
2023-02-06,544.7,546.45,530.25,533.7,2259398
2023-02-07,535.65,545.9,533,544.45,2293797
2023-02-08,533.95,537,529.2,535.65,1629050
2023-02-09,533.25,536.65,530.65,533.95,1095213
2023-02-10,532.4,533.95,530.3,533.25,913857
2023-02-13,534.45,535.5,529,532,1379183
2023-02-14,530,538.35,529.55,535,1728878
2023-02-15,534.85,536.5,524,529.8,1530576
2023-02-16,535.6,538.95,533,535.85,1400865
2023-02-17,534.5,536.65,530.5,533.9,1510520
2023-02-20,535,536.25,529.65,534.95,1462577
2023-02-21,535.15,537.9,532.65,536.3,2460231
2023-02-22,533.2,535.5,529.6,535.5,922754
2023-02-23,539.75,543.1,530.05,531,2803998
2023-02-24,534.9,541.25,534,540.9,1375098
2023-02-27,526.2,534.05,523.3,534,1746670
2023-02-28,532.6,535,522.25,526.5,2330523
2023-03-01,527.25,536.45,526,535.8,1767693
2023-03-02,530.1,530.8,525.45,528.9,1215381
2023-03-03,534.8,536.75,529.9,531.55,970153
2023-03-06,537,539.1,533.1,536.1,1070128
2023-03-08,531.85,537.45,530.25,537.45,1455390
2023-03-09,526.65,533.15,526,531,1585845
2023-03-10,529.95,531,524.05,525,909401
2023-03-13,523.55,529.85,520,527.5,1409053
2023-03-14,526.5,528.55,522.1,522.65,838398
2023-03-15,521.85,529.1,518.6,526.25,3297110
2023-03-16,534.5,537.75,520.5,520.5,2094724
2023-03-17,536.15,539.25,532.35,536.1,1400977
2023-03-20,537.1,537.9,529,532,870716
2023-03-21,532.3,539.85,531.15,537.95,1645563
2023-03-22,540.15,542,531.2,532.15,784791
2023-03-23,539.4,544.45,536.6,540.95,1927951
2023-03-24,536.4,540,535,536.2,639799
2023-03-27,541.45,546,534.2,534.2,1319154
2023-03-28,533.8,542.75,532,539,1173081
2023-03-29,535.65,537.5,529.2,533,1804819
2023-03-31,544.9,548,536.95,536.95,1361128
2023-04-03,547.6,549.95,543.05,547.5,2436530
2023-04-05,548.05,555.05,541.85,555,1737173
2023-04-06,525.9,548.05,525,547.8,3766812
2023-04-10,523.2,528,521.2,527.9,1618940
2023-04-11,521.85,526.65,519.7,523.7,3509174
2023-04-12,517.65,522,515.45,522,2122535
2023-04-13,527.15,527.8,514.2,519,8617033
2023-04-17,524.1,529.95,521.55,529.95,1555572
2023-04-18,520.9,524.85,519.25,524.65,2893384
2023-04-19,520.05,520.7,517.45,520,1138035
2023-04-20,525.3,526.25,518.8,520.05,2688238
2023-04-21,525.15,528.35,523.7,525.4,1242615
2023-04-24,524.85,527.5,520.75,526.4,2399145
2023-04-25,526.4,528.7,520.2,522.5,965836
2023-04-26,533.65,534.95,526,526.2,2552760
2023-04-27,530.4,534.85,528.05,534.65,1298338
2023-04-28,532.9,534.75,528.75,531,2032847
2023-05-02,536.45,537.15,532.05,535,1099379
2023-05-03,537.95,541.5,535.95,538.9,2882258
2023-05-04,530.4,540.85,528.2,539.4,4124229
2023-05-05,505,527,503.65,517.5,6512813
2023-05-08,513.9,515,506.05,508,2707182
2023-05-09,517.9,518.65,514.55,515.85,1447224
2023-05-10,514.3,518.95,509.1,518.95,2751302
2023-05-11,520.2,521,512.45,514.6,1959951
2023-05-12,518.35,522.4,517.15,520.9,1542764
2023-05-15,533.05,533.95,513.65,518,3666778
2023-05-16,530.75,535.85,530,535,1530503
2023-05-17,523.95,530.4,519.6,530,2511945
2023-05-18,523.45,527.45,522,527.45,1579098
2023-05-19,519.1,525.9,517,525.85,1402249
2023-05-22,522.25,525.2,515.4,518.9,1305271
2023-05-23,525.75,526.5,520,523,1500934
2023-05-24,526.7,528.5,522.25,526.8,2304274
2023-05-25,530.15,533.55,525.55,526.7,2297300
2023-05-26,542.1,543.7,528.5,529.55,2184804
2023-05-29,548.35,550,542.4,545.95,2215580
2023-05-30,549.9,552.9,546.7,550,2023557
2023-05-31,555.4,558,546.05,548.5,4905059
2023-06-01,556.9,563.9,553.25,555.45,1385234
2023-06-02,557.2,560,555.85,557.5,1166828
2023-06-05,552.25,563,551.55,558.55,1570130
2023-06-06,547.5,554.35,541.55,553.55,2685928
2023-06-07,556.5,558.2,546.2,548.95,2718117
2023-06-08,552.1,560,551.3,559,1650679
2023-06-09,549.95,556.5,546.6,555.65,2146305
2023-06-12,553.6,555.7,546.65,549,1007065
2023-06-13,560.45,562.9,551.3,553.6,2644392
2023-06-14,562.35,563.5,557.75,561,1577846
2023-06-15,569.05,570.5,561.55,562.35,2246105
2023-06-16,570.9,573,565.25,573,2022971
2023-06-19,569.15,573,566.65,571.1,1114637
2023-06-20,572.1,572.9,563.1,567.35,1068183
2023-06-21,567.1,575.5,564.8,572,1632121
2023-06-22,562.65,569.05,560.05,567.1,1815315
2023-06-23,563.35,565.75,556,560,1536193
2023-06-26,569.55,570,560.15,560.15,825926
2023-06-27,570.6,571.7,564.05,569,1900084
2023-06-28,574.1,575.9,568.7,571,2195767
2023-06-30,572.95,578,569.3,573,1993618
2023-07-03,582.25,583.85,573.1,574.95,1375594
2023-07-04,579.65,586.1,577.4,584,730709
2023-07-05,592.45,595.85,576.6,579.2,1607408
2023-07-06,591.95,597.1,586.8,592.45,1116191
2023-07-07,572.2,596.25,570.65,596,3008774
2023-07-10,572.7,576.15,566,572.25,1999303
2023-07-11,581.65,582.4,573,575.75,1212325
2023-07-12,583.4,585.85,578.85,583.95,1388783
2023-07-13,577.7,585.7,576.5,584,793507
2023-07-14,586.5,588,576.8,577.65,1133717
2023-07-17,582.25,594.75,580.9,588.65,1721733
2023-07-18,577,582.2,573.05,582.2,1492660
2023-07-19,574.55,581.05,573.65,577,607767
2023-07-20,578.5,580,570.05,574.55,1538931
2023-07-21,565.2,577.25,564.05,572,3010552
2023-07-24,565.3,571.95,559.25,565.2,2410138
2023-07-25,568.35,569.6,563.1,566.95,594176
2023-07-26,575,576.05,568.2,570.45,1273253
2023-07-27,573.8,578.95,572,576.8,2005022
2023-07-28,581.7,582.85,570,572.25,1812535
2023-07-31,575.6,579.95,572.6,575,1156926
2023-08-01,568.75,578.3,567.5,575.8,1334010
2023-08-02,565.65,568.9,561.75,568.1,1868482
2023-08-03,555.05,562,545.65,556.75,5441318
2023-08-04,569.7,593.75,563.8,564,7508691
2023-08-07,565.3,567.8,558.1,566.05,1988682
2023-08-08,562.4,567.1,558.55,564.9,1956590
2023-08-09,572.15,572.95,561,562.3,1130663
2023-08-10,571.55,579.45,569,572.45,1310628
2023-08-11,563.15,571.75,562,571.5,1198557
2023-08-14,564.85,567.75,556,563,1300882
2023-08-16,565.35,566.35,559.5,562.1,641032
2023-08-17,561.2,565.35,556.4,563.75,2172788
2023-08-18,565.5,567.95,558.3,560.9,1108955
2023-08-21,567.75,568.55,562.05,563.5,1138890
2023-08-22,574.75,577.95,565.25,566,1750504
2023-08-23,567.3,575.8,565.75,575.65,1933561
2023-08-24,564.9,570.95,564.05,570.95,740364
2023-08-25,558.05,568.65,557.05,561.25,2083408
2023-08-28,554.15,559.85,551.7,558.15,1481763
2023-08-29,550.15,553.9,546.1,553.55,2642866
2023-08-30,554.9,555.85,552,553.95,845829
2023-08-31,553.1,557.45,546.5,554.9,4736298
2023-09-01,553.35,555.95,550.4,551.5,924117
2023-09-04,557.9,560,551.05,554.15,944485
2023-09-05,559.85,562.9,558,560,992447
2023-09-06,561.55,563,558.7,559.75,635877
2023-09-07,566,568.75,561.55,561.55,1352944
2023-09-08,567.1,568.9,563.55,566,695069
2023-09-11,569.7,571.25,566.95,567.25,690033
2023-09-12,565.7,572.95,561.65,571,1086960
2023-09-13,565.5,566.7,560.2,563.6,1206619
2023-09-14,567.45,569.4,563.15,564.1,998731
2023-09-15,565.5,569.2,560.5,568.05,2463912
2023-09-18,565.65,576.6,563.25,571,1469701
2023-09-20,561.15,565.4,554.25,565,2487342
2023-09-21,560.15,561.4,553.55,559.75,2150267
2023-09-22,561.3,564.9,557.55,559.45,956641
2023-09-25,554.3,563,552.8,561.3,1426546
2023-09-26,555.45,557.95,553.05,554.25,1290222
2023-09-27,561,562.05,553.7,555.05,1375349
2023-09-28,547.25,561.85,545.55,561,2182058
2023-09-29,551.6,552.9,546.75,548.9,838408
2023-10-03,553.6,555.5,546.1,555.2,1924677
2023-10-04,555.35,557.2,550.6,552,1096308
2023-10-05,550.75,558,547.45,555.35,1509964
2023-10-06,547.15,551.9,545.8,551,1061490
2023-10-09,541.75,545.2,540.1,543.15,1076708
2023-10-10,543.85,545.4,541.75,544.95,814992
2023-10-11,543.75,546.7,543.1,544.45,1039964
2023-10-12,541,546.2,538.8,545.45,903301
2023-10-13,538.85,542.45,536.5,541.9,1607850
2023-10-16,536.95,538.95,534.55,538,1807237
2023-10-17,540.25,543,536,537.1,2040439
2023-10-18,534,540.8,533.35,538.15,1251181
2023-10-19,525.65,528.35,520.5,525,4093512
2023-10-20,524.8,526.25,516,523,7600488
2023-10-23,521.35,526,518.65,524.8,1535943
2023-10-25,517.9,525,516.3,517.3,2014418
2023-10-26,508.45,517.9,504.1,517.9,2400780
2023-10-27,524.55,525.85,509.05,510.9,2125985
2023-10-30,523.45,524.7,521.7,524.5,1711768
2023-10-31,528.9,531.05,522.25,524.6,1687120
2023-11-01,517.1,532,516.2,530.5,2712123
2023-11-02,530.4,533.5,517.35,519.75,1919439
2023-11-03,535.5,537.85,531.4,534.1,1337219
2023-11-06,537.95,539.55,533.35,536.9,478913
2023-11-07,536.1,539.9,532.85,539,823342
2023-11-08,539.25,539.8,533.4,538.7,776461
2023-11-09,534.85,540,533,540,1366713
2023-11-10,533.35,535,526.7,532.65,1361649
2023-11-13,530.1,535.8,525.95,535.5,979880
2023-11-15,526,527.5,516.7,523.05,3398705
2023-11-16,534.9,535.4,526.2,532.25,1612231
2023-11-17,540.7,542.6,531.65,535.8,1512369
2023-11-20,543.2,545.45,537.2,540.7,1910044
2023-11-21,540.85,545.65,539.25,545.65,1379849
2023-11-22,541,541.95,537.55,540.7,680568
2023-11-23,540.35,542,535.25,541,800753
2023-11-24,537.35,542.1,536,542,440877
2023-11-28,533.8,537.35,531.05,536.5,2251292
2023-11-29,534.6,536.05,532,533.8,1815670
2023-11-30,538.05,540.4,533,534.6,3167951
2023-12-01,541.15,544.4,537.7,540,1584387
2023-12-04,547,548.9,541.7,544.9,2125643
2023-12-05,552,552.5,546.8,548.95,1748869
2023-12-06,550.05,554.9,549.3,554.75,1028497
2023-12-07,545.8,550.95,537.45,550.05,1150700
2023-12-08,547.5,556.25,545.8,548.9,2453675
2023-12-11,550.5,551.35,545.05,548,1278433
2023-12-12,549,553.6,546.7,550.5,1418773
2023-12-13,547.55,549.35,543.1,547.55,1628806
2023-12-14,547.45,549.7,544.6,548.7,2078199
2023-12-15,539.7,548,537.25,547.95,2655593
2023-12-18,540.5,543.05,537.3,539.7,2700975
2023-12-19,548.2,551.5,539.7,541.45,2155547
2023-12-20,534.95,551.4,532.3,550,3685894
2023-12-21,530.25,534,527.05,533.25,6150231
2023-12-22,529.3,532.65,526.5,531.95,3869597
2023-12-26,530.6,534.8,529,530,1655240
2023-12-27,534.35,536.05,530.05,531,3308899
2023-12-28,543.1,545.75,534.35,534.55,3512802
2023-12-29,557.2,560,543.65,544.75,4120332
2024-01-01,557.45,563,555,560,1417550
2024-01-02,556.85,562.35,551.35,559.45,1201767
2024-01-03,551.1,562.7,546.6,557,2733401
2024-01-04,566.25,567.3,550.9,554.65,3064476
2024-01-05,569.05,571.65,564.5,571,2834989
2024-01-08,553.25,572.5,551,572.5,2152367
2024-01-09,547.85,556,546.2,555,2107464
2024-01-10,547.35,551.4,542.3,548.85,1758621
2024-01-11,552,556,548.45,549.6,2089001
2024-01-12,549.7,552.95,548,552,1029614
2024-01-15,554.15,557.5,548.25,551,1524201
2024-01-16,558.8,561.9,552.95,556.15,2027207
2024-01-17,549.45,557.85,546.1,557.85,2075918
2024-01-18,539.45,549.95,535.35,546.2,1520695
2024-01-19,542.3,543.95,539.55,543.25,1965102
2024-01-22,538.4,545.25,535.65,543,458895
2024-01-23,524.8,544.4,522.6,544.4,2256565
2024-01-24,536.6,537.4,522.2,525.75,914551
2024-01-25,531.6,537.55,529.05,536.6,924085
2024-01-29,534.25,535.95,515,515,1316110
2024-01-30,535.95,537.7,533.25,534.25,1603876
2024-01-31,539.6,545.6,534,535.95,3475918
2024-02-01,554.4,575.5,547,547,11117689
2024-02-02,544.65,559,539.75,554.5,3318354
2024-02-05,533.65,544.8,532.3,543,1417520
2024-02-06,532.7,537.4,531.25,534.25,1247440
2024-02-07,537.4,538.45,530.65,533.15,1784199
2024-02-08,533.95,541,532,539.7,1488521
2024-02-09,539.2,540,528.65,534.9,1786915
2024-02-12,536.55,543.75,535.4,539.2,1454041
2024-02-13,538.75,539.9,531.15,536.35,725665
2024-02-14,544.3,545.25,533.25,533.55,828939
2024-02-15,544.2,547.35,540.9,545.95,1006711
2024-02-16,544.5,547.85,541,545.1,839405
2024-02-19,547.65,550.2,540.25,545,1353397
2024-02-20,547.55,551.2,543,551.2,1057848
2024-02-21,546.3,549.85,544.35,547.6,1636393
2024-02-22,541.6,546.5,538.65,546.5,1264327
2024-02-23,535.3,544.55,534.25,542.1,1160683
2024-02-26,529.25,537.1,526.85,534.15,1180365
2024-02-27,535.6,538.2,526,527.9,2954271
2024-02-28,536.25,541.45,531.9,535.35,2697005
2024-02-29,538.15,539.35,532.3,536.3,2453976
2024-03-01,541.1,544.95,538.15,538.15,762406
2024-03-04,537.3,539.7,531.8,538,2030164
2024-03-05,534.75,536.8,533.05,535.15,1464768
2024-03-06,531.5,536,528.25,534.8,1082367
2024-03-07,535.25,537.75,530.5,531.5,894981
2024-03-11,533.4,538.4,531.6,535.25,984138
2024-03-12,529,532.3,525.85,530.55,1011782
2024-03-13,519.95,531.4,515.8,529.55,2666699
2024-03-14,529.65,530.8,516.15,517,2047715
2024-03-15,526.55,530.35,524.25,528.95,1710825
2024-03-18,523.6,526.55,521.1,526.55,1247334
2024-03-19,518.35,530,516.55,523.25,2071489
2024-03-20,520.2,521.2,512,518.35,925067
2024-03-21,523.95,525.65,518.5,522.25,973386
2024-03-22,520.8,527.35,519,524,1072318
2024-03-26,521.1,522.25,512.6,512.6,1961179
2024-03-27,521.65,524.4,519.1,524,2638465
2024-03-28,523.15,526,517.75,522,2312982
2024-04-01,529.15,530.6,523.5,523.5,847682
2024-04-02,531.6,532.55,527.65,529.15,1175093
2024-04-03,531,532.4,528.6,530.9,1176084
2024-04-04,506.05,531.95,502.3,531,10445923
2024-04-05,507.9,510,504,510,7615006
2024-04-08,503.05,509.85,502.2,508.05,3602540
2024-04-09,503.15,508.5,502.5,506.5,2217268
2024-04-10,506.25,506.95,502.25,505,1978008
2024-04-12,500.6,507.65,499.1,507,4166549
2024-04-15,495.2,497,489.2,495.9,3600795
2024-04-16,503.9,505.6,492.35,495.2,2928056
2024-04-18,503.85,507.95,501,505.75,2604037
2024-04-19,504.2,505.8,496.05,501.6,2183936
2024-04-22,506.15,508,503.3,507.4,1208372
2024-04-23,507.15,510.45,505.2,507.1,1904186
2024-04-24,509.45,510.3,507.65,509.9,1855798
2024-04-25,506.45,510.25,504.15,509.5,1022931
2024-04-26,509,511.55,505.3,507.35,1372205
2024-04-29,506.7,512.8,506,512.4,1373441
2024-04-30,507.75,512.4,505.15,509,2092290
2024-05-02,525.3,536.05,508,508,7092006
2024-05-03,531.75,538,524,536.25,7008370
2024-05-06,530.8,535.5,524.25,535,3172072
2024-05-07,558.45,566.9,531.3,533.55,14721222
2024-05-08,556.6,561.95,554.1,558.45,4085815
2024-05-09,552.8,564.95,550.45,556.6,5305923
2024-05-10,550.8,551.95,540.35,550.95,2521438
2024-05-13,550.25,553.2,543.7,550.8,3067643
2024-05-14,554.55,562.7,550.25,550.25,2872594
2024-05-15,545.85,555,543,554.55,2436198
2024-05-16,542.05,549.4,534.7,547.65,3864351
2024-05-17,535.8,544,535,543.2,1642503
2024-05-20,540,545.2,535,539.45,140424
2024-05-21,539.35,541,533.6,538.1,1388390
2024-05-22,554,555.9,538.8,543,4319988
2024-05-23,559.95,562,551.65,556,2924910
2024-05-24,558.1,564.9,554.05,559,2805803
2024-05-27,567.4,571,559.8,559.85,3169943
2024-05-28,570.8,578.9,564.55,570,4429603
2024-05-29,555.45,570.8,553.05,570.8,2620387
2024-05-30,551.15,557.4,549.35,555.45,1591522
2024-05-31,545.1,554.5,540.55,552.05,11192196
2024-06-03,544.8,561.2,543,560,2836670
2024-06-04,578.2,584.45,536.75,548.45,17458506
2024-06-05,600.25,633.4,584.5,585,21568184
2024-06-06,597.2,605.3,582.05,600.25,7598586
2024-06-07,613.1,614.8,598.15,599.45,5429725
2024-06-10,619.85,627.45,604.2,604.2,5180578
2024-06-11,613.45,622.95,608,619.85,3728825
2024-06-12,619.5,623,611.75,614.15,4528718
2024-06-13,609.65,614.55,588.15,612,7963596
2024-06-14,608.65,618.8,606,610.95,1975440
2024-06-18,600.2,613.75,598,608.1,4304663
2024-06-19,598.55,603.1,594,602,1703051
2024-06-20,600.75,604.9,595,598.5,2886298
2024-06-21,589.95,603.9,588.55,601,3868601
2024-06-24,599.75,602.45,588.85,590.75,1774168
2024-06-25,593.35,603.95,592.5,603.8,1791877
2024-06-26,601.8,603,590.3,591.4,2230523
2024-06-27,599.3,606,595.05,602,2405121
2024-06-28,600.7,609.65,597.65,601.8,1710529
2024-07-01,610.95,613.25,600.7,600.7,2469588
2024-07-02,602.8,616.8,602,616.8,3919339
2024-07-03,609.7,613.3,605,607,1786017
2024-07-04,605.95,613.6,605.05,609.8,2277423
2024-07-05,606.45,607.95,603.25,604,879215
2024-07-08,623.45,633,610.4,610.4,7279634
2024-07-09,630.2,633.4,618.05,622.05,2665679
2024-07-10,631.7,637.25,619.55,630,2882570
2024-07-11,629.35,635.8,623.8,635.8,1588742
2024-07-12,630,633.9,626,633.9,1630043
2024-07-15,632.4,638.95,630.15,632.9,1091279
2024-07-16,640.95,648.7,630,634,2960104
2024-07-18,644.85,651,639.25,640.95,3161993
2024-07-19,632.9,647.2,631.65,645,2176993
2024-07-22,636.65,639.85,627.2,628.25,1365836
2024-07-23,652.3,662.35,632.1,639.9,7195533
2024-07-24,634.15,650,618.05,650,8340915
2024-07-25,631.2,636.45,625,625.5,1831371
2024-07-26,632.45,635.25,625.1,631.2,1469979
2024-07-29,641.1,643.15,631.05,635.85,2240896
2024-07-30,633.9,648.85,632.5,641.05,3020230
2024-07-31,635.7,640.75,630,636.95,2769613
2024-08-01,643.5,655.85,636.75,638.9,6852547
2024-08-02,627.55,650,625,643.5,4123973
2024-08-05,634,640,614.05,615,4771981
2024-08-06,629.15,643,627,638,1854542
2024-08-07,639.25,641.3,631.2,631.2,1788865
2024-08-08,637.45,641.8,634.65,639,1528269
2024-08-09,623.95,642.2,622.1,641.6,2679620
2024-08-12,620.35,627.25,615.75,626.9,1139283
2024-08-13,605.85,624.25,602.7,620.6,2691122
2024-08-14,604.4,609.9,598.6,609.9,2012408
2024-08-16,617.6,618.5,604.4,606.35,1259712
2024-08-19,621.3,624.9,614.85,618,2332398
2024-08-20,623.1,625.45,617.05,625.4,1340039
2024-08-21,634.35,635.95,617.95,624.9,2105395
2024-08-22,646.15,647.7,632.1,637,3452342
2024-08-23,643.25,651.2,640.85,647.9,3461642
2024-08-26,654.55,655.4,640.9,646,2940223
2024-08-27,643.4,655,641.65,655,1428673
2024-08-28,644.4,649.5,638,645.95,1149783
2024-08-29,644.15,647.9,638.6,644,1071747
2024-08-30,637.15,645.55,636.1,644,3304453
2024-09-02,636.65,644.65,634.45,637.8,745420
2024-09-03,638.2,648.5,635.25,636.65,1775357
2024-09-04,650.05,651.55,634.2,638.05,3104663
2024-09-05,644.8,655,642.65,655,2131132
2024-09-06,644.4,653.7,643.35,644,1910995
2024-09-09,662.35,664.9,644.05,645,6213572
2024-09-10,665.25,669.9,662.35,669.35,4126339
2024-09-11,663.9,671.5,662,668,3134456
2024-09-12,664.75,669.5,663,663.95,2222824
2024-09-13,660.9,667.7,651.25,665.65,2559794
2024-09-16,661.35,667.85,658.25,660,806885
2024-09-17,660.15,672,656.4,661.35,1793296
2024-09-18,654.4,662.3,650.55,660,1465661
2024-09-19,664.7,666.8,654.4,655,1768324
2024-09-20,667.55,669.95,662.1,668.95,1798471
2024-09-23,661.05,671.5,656.3,668,1684518
2024-09-24,655.85,666,652.4,660,1881683
2024-09-25,627,653.95,622.15,651,7092888
2024-09-26,625.75,628.4,620.6,627.05,2581456
2024-09-27,633,634.8,622,628,4628215
2024-09-30,625.2,635.8,623.35,633,2475507
2024-10-01,619,629.75,614,626,1095384
2024-10-03,580.2,595.8,571,580.35,18729276
2024-10-04,572.45,585,571.05,584.75,4745480
2024-10-07,569.4,581.15,562,575,4723935
2024-10-08,567.35,572.65,564.7,571.5,3261216
2024-10-09,565.05,571.95,563.2,567.75,3580212
2024-10-10,571.7,576.4,564.2,567,2379978
2024-10-11,570.85,574.95,569.2,574.5,1276108
2024-10-14,567.3,575.15,566,570.85,1902352
2024-10-15,571,572.9,567.3,568,1687923
2024-10-16,578.3,579.35,570.5,572.9,2647660
2024-10-17,572.55,579.1,572,578,1838328
2024-10-18,571.4,572.1,564.95,571.5,2159572
2024-10-21,568.2,575,566.1,571,1511359
2024-10-22,559.1,571.75,556,565.6,1510177
2024-10-23,558.7,562.9,556.05,558,1233395
2024-10-24,541,558,535.25,555.8,3076408
2024-10-25,538.7,545.3,536.35,545.3,1506493
2024-10-28,553.7,558.5,537.1,540,1750115
2024-10-29,535.85,554,532.85,553.7,5088807
2024-10-30,546.65,551.9,536,539,5828617
2024-10-31,540,548.95,533,538.05,3001455
2024-11-01,542.55,545.15,540.35,541.7,159703
2024-11-04,534.95,545.4,531.65,545.05,2308784
2024-11-05,534.85,536.85,528.7,535.05,2117262
2024-11-06,539.6,543.4,535.35,536,2368331
2024-11-07,534.5,544.15,532.3,541.35,1695158
2024-11-08,531.5,535,528.6,532.35,1458407
2024-11-11,522.75,531.4,520.35,530,1589666
2024-11-12,510.5,524.15,509.5,522.8,4775306
2024-11-13,510.85,514.2,507.3,511.35,2253481
2024-11-14,508.1,513.95,502.65,510.85,2083472
2024-11-18,508.5,509.6,499,509.1,3329177
2024-11-19,508.2,514.5,506.15,511,2126926
2024-11-21,505.75,509.4,502.4,508.5,1771693
2024-11-22,513,515.1,504.4,506.65,1050913
2024-11-25,521.5,528.15,515.2,516.35,4146364
2024-11-26,525.35,529.9,519.4,524,894410
2024-11-27,527.5,529.2,519.45,519.95,1722809
2024-11-28,526,534.35,524,529.85,1554564
2024-11-29,527.15,529.65,518.25,518.25,2225080
2024-12-02,523.9,528,520.7,522.5,1510906
2024-12-03,522.55,529.05,521,523.9,3691025
2024-12-04,522.8,527.25,520,524,2515588
2024-12-05,523.15,527.3,516.65,525,2760858
2024-12-06,523.8,525.85,520.25,525,1663402
2024-12-09,506.85,520.75,503.2,519,6086175
2024-12-10,506.95,511.7,504.35,507.95,3425754
2024-12-11,508.35,511.25,505.1,507,3602452
2024-12-12,506.65,512,505.75,510,3491848
2024-12-13,512.8,514.3,499.5,506.65,2205228
2024-12-16,509.95,516,509.05,514.05,1041908
2024-12-17,505.4,510.3,504.1,509,2821249
2024-12-18,505.4,508.95,502.45,507.95,2300294
2024-12-19,503.95,505.4,499.5,503,1583630
2024-12-20,502.55,508.3,500,504,3228278
2024-12-23,509.5,511,500.9,502.7,1777848
2024-12-24,509.95,515.95,507.75,512,3207041
2024-12-26,505.6,511.5,504.05,510.45,2088931
2024-12-27,507.15,509.7,504.05,506.5,1299653
2024-12-30,505.25,509.8,503.1,507,4298784
2024-12-31,507,509,502.3,505.3,812765
2025-01-01,510.95,512.5,506.5,506.9,1065540
2025-01-02,513.35,515.5,507.75,510.95,1720007
2025-01-03,524.9,529,514.05,515,3814344
2025-01-06,504.85,522.5,501.1,522.3,5026479
2025-01-07,508.85,512.75,503.1,508,2248836
2025-01-08,513.75,514.85,505.3,509.8,1666424
2025-01-09,521.15,530.9,511.55,514,4084746
2025-01-10,517.9,522.95,514.05,519,2316135
2025-01-13,510.75,519.55,509.5,515.95,2857732
2025-01-14,512.5,520.85,510.15,512.2,2539143
2025-01-15,515.5,516.45,510.2,513,1959656
2025-01-16,522.4,523.7,514.85,518,2718298
2025-01-17,526.05,531.85,516,521.5,2943339
2025-01-20,521.6,529,520.95,528.65,1536752
2025-01-21,521.25,528.9,519.5,522.05,2258554
2025-01-22,520.5,524.6,517.7,521.25,1532395
2025-01-23,524.6,526.7,515.15,518.1,698448
2025-01-24,521.65,527,518.6,524.65,1031251
2025-01-27,523.85,532.95,517.1,517.1,3023866
2025-01-28,525.35,528.3,522.7,525,2683319
2025-01-29,518.1,527.5,515.5,525,2201858
2025-01-30,533.7,540,519,521.25,3384404
2025-01-31,529.85,542.8,523,538,4302619
2025-02-03,534.55,546.4,530.3,540.4,3792769
2025-02-04,541.05,542.75,534.65,536.55,3275638
2025-02-05,531.5,543,530.65,542,2811816
2025-02-06,526.2,536.7,524.65,531.5,1225984
2025-02-07,527.1,529.85,520.15,529.65,2097013
2025-02-10,528.1,535.45,523.65,527.1,1678247
2025-02-11,517.7,532.2,515.7,529.9,1177152
2025-02-12,525.75,527.35,515.65,518.3,2113562
2025-02-13,519.85,528.8,517.3,525.55,1484585
2025-02-14,519.9,524.85,517.3,520.55,1191521
2025-02-17,520.55,522.3,514.75,518.1,974964
2025-02-18,515.15,520.4,514,520,1603493
2025-02-19,504.45,515,503.7,515,2715980
2025-02-20,510.35,510.95,500.15,505,2052520
2025-02-21,508.65,511.6,503.5,510.95,2057493
2025-02-24,505.7,507,502.6,503.6,736767
2025-02-25,510.95,512.4,504.15,505.15,1483864
2025-02-27,503.25,515,501.5,510.15,1181893
2025-02-28,493.3,504.45,490.85,500.3,5530947
2025-03-03,491.75,496.55,485,493,2166131
2025-03-04,483.7,489.25,480,486,2477085
2025-03-05,487.7,491,482.6,483,1767699
2025-03-06,495,497.75,488.7,489.9,1219415
2025-03-07,495.8,499.1,491.8,495,1913893
2025-03-10,493.35,501.4,492,495,2526521
2025-03-11,497.55,500.5,489.55,490,1830398
2025-03-12,499.95,500.9,491.75,496.2,1450825
2025-03-13,500.95,504,498.9,500.5,1288721
2025-03-17,494.75,502.5,490.1,498.4,1646821
2025-03-18,498.75,501.5,495.05,496,2464037
2025-03-19,495.45,502.25,492.85,501.6,2652053
2025-03-20,499,499.75,493,497,3651974
2025-03-21,506.8,507.9,497.9,500,2013377
2025-03-24,507.2,509.05,502.2,507.45,2299229
2025-03-25,509.25,512,505.05,507.2,2782397
2025-03-26,508.85,510.95,505.05,509,2517374
2025-03-27,512.85,514.95,503.85,507.6,1649107
2025-03-28,506.5,519.45,503.8,513,1759182
2025-04-01,497.5,512.55,496.55,505.85,1974802
2025-04-02,495.75,497.6,484.45,496.15,2835760
2025-04-03,465.4,483.75,458.2,473.95,12356973
2025-04-04,461.75,467.25,458.5,466.9,3850303
2025-04-07,451.4,454.15,433.3,435,4571485
2025-04-08,459,464.05,453,454.9,1640063
2025-04-09,465.25,468.45,458.05,459.8,2429984
2025-04-11,461.3,465.2,455.9,463,2170343
2025-04-15,473.75,474.45,462.6,467.65,2374405
2025-04-16,481.35,481.7,473.8,474.8,1382224
2025-04-17,479.3,480.55,476.2,480.45,844403
2025-04-21,475.55,481.85,474.8,481.3,2586539
2025-04-22,484.4,485.75,475.5,476,1525955
2025-04-23,486.2,487.35,482.05,486,1107728
2025-04-24,491.7,494.5,484.45,486.2,3251494
2025-04-25,484.6,493.05,480,489,1369564
2025-04-28,482.2,487.85,480.2,483,1312796
2025-04-29,483.65,486.95,481.3,482.25,1470658
2025-04-30,487.75,490.45,482.35,483.6,2195362
2025-05-02,480.5,487.75,476.6,485.3,2100627
2025-05-05,481.85,485.4,479.25,481,3248925
2025-05-06,480.6,486.25,479.4,482,702529
2025-05-07,482.1,485.75,473.3,473.3,1520898
2025-05-08,468.7,478.6,461.1,469.95,7843512
2025-05-09,462.75,467.3,458.6,466.35,2037837
2025-05-12,475.05,476.55,467,468.05,2902701
2025-05-13,473.75,479.2,471.7,474.95,2449180
2025-05-14,468.95,474.55,467,473.75,3541267
2025-05-15,469,472.5,467.1,469.4,2739793
2025-05-16,476.65,477.4,467.3,471.2,2431240
2025-05-19,483.45,484.5,475.1,477.6,1640651
2025-05-20,475.65,486.4,475,484.85,1843098
2025-05-21,481.75,484.9,477.3,477.8,1927887
2025-05-22,477.05,483.1,475,482,1958254
2025-05-23,481.95,484.45,477.95,477.95,1495455
2025-05-26,480.3,485.55,479.75,482,2584471
2025-05-27,484.1,485.6,480.4,481.3,1713846
2025-05-28,484.7,486.8,482.55,484,1568432
2025-05-29,482.1,484.85,479.95,484.7,1599536
2025-05-30,482.95,486.15,478.7,482,6304976
2025-06-02,484.45,490.2,481.55,484.45,1851827
2025-06-03,485.65,486.8,482.55,484.45,1460542
2025-06-04,491.85,493.4,484.4,487,2318406
2025-06-05,488.7,494.35,487,494.3,1792668
2025-06-06,481.25,487.65,480.55,487.4,3468649
2025-06-09,485.6,486,481.35,483.65,1389266
2025-06-10,489.55,491.4,484.5,486.15,1496169
2025-06-11,486.5,493.7,485.35,490,2168242
2025-06-12,472.95,487.8,471.45,487.1,3727720
2025-06-13,466.5,470.05,464.25,468,3850751
2025-06-16,471.7,473.95,465.3,467.6,1942798
2025-06-17,472.05,474.35,469.15,471.7,1521179
2025-06-18,470.2,474.15,468.05,472,2812394
2025-06-19,465.1,470.7,464,469,1349010
2025-06-20,466.9,468.6,463.9,465.1,2804520
2025-06-23,467.5,468.35,463.1,465.65,1567027
2025-06-24,475.1,475.5,468,468,2587207
2025-06-25,480.25,481.5,475.35,476,2954897
2025-06-26,481.55,483.3,478.8,482,1414934
2025-06-27,486.35,488.3,481.6,482.7,2780971
2025-06-30,485.25,487.75,479.4,487.4,3254231
2025-07-01,482.4,489.2,480.7,487,1617894
2025-07-02,487.55,488.4,479.4,484.8,2358163
2025-07-03,491.6,492.95,487.5,489.5,2976302
2025-07-04,495.1,497.4,491.6,493,2857925
2025-07-07,512.75,517.7,496.05,501.9,10017201
2025-07-08,513.1,514.4,510.5,512.5,1995221
2025-07-09,522.15,523.45,511,511,3433335
2025-07-10,522.4,524.4,517.85,523.7,2272923
2025-07-11,530.85,535.9,518.6,521.5,4512466
2025-07-14,526.2,536.5,524.55,533.5,1428794
2025-07-15,527,528.9,523.15,526.5,1243559
2025-07-16,527.95,530.35,525.1,527,2301562
2025-07-17,528.7,531.7,526.55,530,1537940
2025-07-18,522.6,523.4,518.35,522.45,1616139
2025-07-21,514.55,522.15,513.4,520.1,1172175
2025-07-22,515.05,516.5,511,515.45,1471884
2025-07-23,513.85,518.5,510.85,517.75,1898497
2025-07-24,512.55,516.9,511,516.9,3715595
2025-07-25,511.35,514,508.35,512,2132786
2025-07-28,522,523.95,507,507,2759206
2025-07-29,518.3,525.6,514.65,524.65,2646055
2025-07-30,522,523.25,517.6,519.05,1616247
2025-07-31,529,531.75,517.15,518.3,3024718
2025-08-01,534.35,547.7,531.9,533,8042006
2025-08-04,529.65,538.85,528.2,534.35,2602888
2025-08-05,524.7,529.65,521,529.65,2027038
2025-08-06,514,524.15,512,524.15,931299
2025-08-07,517.2,519.7,512.1,513.75,957305
2025-08-08,507.25,519.8,506,518,510393
2025-08-11,510.05,511.55,499.3,507.7,1123741
2025-08-12,502.9,510.95,501.25,510,839972
2025-08-13,503.5,504.95,498.65,503.4,864573
2025-08-14,500.9,505.5,499.4,504,1202134
2025-08-18,519.1,529.8,512,513.9,4810046
2025-08-19,522.05,522.75,514,519.85,645927
2025-08-20,535,536.4,521.1,522,12345218
2025-08-21,515.7,536.45,514.75,535.95,6041694
2025-08-22,515.95,519.85,514.55,516,1596318
2025-08-25,518.6,520.45,513.45,515.9,1204983
2025-08-26,522.4,526.8,517.1,518.6,3045617
2025-08-28,513.85,526.55,512.25,526.55,2068611
2025-08-29,521.1,528.55,509.7,515.45,3745766
2025-09-01,523.65,524.55,520.05,521.55,4327053
2025-09-02,544.6,547.75,523.65,525,8973936
2025-09-03,543.5,549.25,541.25,545.9,2220814
2025-09-04,552.7,577,551.35,565,8712233
2025-09-05,546.7,555.85,542.35,553.8,1489345
2025-09-08,546.2,551.65,542.7,547.95,782235
2025-09-09,544.25,547.4,539.25,546.25,1937685
2025-09-10,547.5,548.95,543.7,546.9,874891
2025-09-11,544.1,548.4,543,547.25,891836
2025-09-12,538.85,544.1,533.7,544.1,2746427
2025-09-15,540.9,542.6,536.5,536.5,837561
2025-09-16,535.7,542.3,534.5,540.6,1405923
2025-09-17,535.15,539.5,532.2,537.55,822210
2025-09-18,536.3,539,532.4,536,2012300
2025-09-19,535.45,542.8,532.7,536.95,2411369
2025-09-22,522.05,536.75,518,536,2892697
2025-09-23,515,522,512.65,522,3466804
2025-09-24,517.8,520.95,511.4,515,1781081
2025-09-25,506.3,521.85,505.15,517.8,2356326
2025-09-26,499.75,508,493,508,3168298
2025-09-29,492.85,501.7,490.55,497.75,17685374
2025-09-30,491.3,500.15,489.5,495,2645097
2025-10-01,495.05,496,483.65,491.3,2443402
2025-10-03,496.15,497.8,490.75,495.05,3035129
2025-10-06,493.35,497.75,491.8,495.5,2681852
2025-10-07,492.25,502.8,489.9,493.35,4534081
2025-10-08,480.15,493.2,479.15,485,3627391
2025-10-09,485.4,486.5,479.15,480.45,3052079
2025-10-10,489.7,490.85,485.4,485.4,1613675
2025-10-13,487.75,489.6,482.55,488.6,1990140
2025-10-14,487.35,489.75,484.55,487.75,1611549
2025-10-15,493.15,494.4,486.05,486.05,2084672
2025-10-16,500.75,502,493.9,493.9,1236003
2025-10-17,508.35,511.65,499.6,500.6,3436032
2025-10-20,504.55,511.1,503.5,511.1,824259
2025-10-21,506.4,507.85,503.45,506.15,128942
2025-10-23,511.4,515,505.3,507,3693389
2025-10-24,508.45,512.4,498.4,512.4,3786598
2025-10-27,507.05,510.2,504.7,508.5,3258720
2025-10-28,503.4,508.2,501,508.1,2826407
2025-10-29,508.05,508.9,501.8,503.4,1880484
2025-10-30,501.55,511.5,499.6,511.5,1744704
2025-10-31,487.55,502.95,486.7,502.9,4980727
2025-11-03,503.3,504.45,485.6,488.1,4523334
2025-11-04,517.05,519.95,501.95,502.3,5322219
2025-11-06,523.7,524.5,511.05,517.05,3911239
2025-11-07,518.65,522,512.5,522,1754801
2025-11-10,515.45,521,512.8,520,1005698
2025-11-11,519.95,521.65,512.65,515.7,1478112
2025-11-12,522.3,524.9,516.05,519.95,2517903
2025-11-13,522.2,528.6,517,522,1859578
2025-11-14,525,527,517.55,522,1789377
2025-11-17,524.25,529.9,523.35,529,1856462
2025-11-18,520.85,524.25,512.5,524.2,1958068
2025-11-19,517.55,523.55,516.6,520.85,2419687
2025-11-20,525.05,527,516.7,519.05,2956054
2025-11-21,515.65,525.05,514.3,525.05,2659623
2025-11-24,512.4,517.85,511.4,516.95,5926288
2025-11-25,514.4,515.45,509,511.4,2050235
2025-11-26,517.2,520.05,513.85,514.15,914828
2025-11-27,519.15,520.5,514.75,517.25,1262843
2025-11-28,517.4,520.45,513.45,520.45,999605
2025-12-01,515.25,519.35,514.15,517.45,1619957
2025-12-02,507.95,517.85,507,513.1,2434279
2025-12-03,506,509.05,500.8,505.15,1388012
2025-12-04,508.1,510.25,502.55,505.15,1371715
2025-12-05,510.1,510.8,502.35,503.25,1205977
2025-12-08,504.45,510.9,500.75,508.1,1140189
2025-12-09,503.6,505.95,498,500.35,1423785
2025-12-10,502.55,505.95,498.1,505,1311806
2025-12-11,501.75,503.35,496.65,500.1,1116224
2025-12-12,495,503.7,494,502.5,1506050
2025-12-15,497.2,499.9,493.1,493.5,993514
2025-12-16,497.2,504.5,494.6,497,1484940
2025-12-17,494.15,498.6,492.3,497,551891
2025-12-18,492.55,494.05,489.55,494.05,683973
2025-12-19,493.95,495,491.4,493,1241449
2025-12-22,493.7,497.5,493.05,495.4,998215
2025-12-23,493.15,495.5,491.45,494.15,993407
2025-12-24,490.55,495.05,489.05,493.15,850597
2025-12-26,488.2,492.95,487.8,490.7,518698
2025-12-29,489.3,491.25,485.95,488.35,982019
2025-12-30,495.65,497.35,487,489.4,2216264
2025-12-31,503.6,509.9,494.9,495,2391679
2026-01-01,499.95,505.9,497.85,505,698247
2026-01-02,522.6,526.35,499,501.45,5340608
2026-01-05,521.2,534,519.9,524,3290459
2026-01-06,520.35,522.65,501.25,517.4,2899294
2026-01-07,520.9,527,518.75,523.8,2870097
2026-01-08,519.45,526.6,515,520,3203359
2026-01-09,522.4,525.55,516.1,518.7,1522552
2026-01-12,524,525.95,519.5,522.3,1894623
2026-01-13,522.05,529.15,516.75,525,1288670
2026-01-14,513.75,523.7,511.1,518.1,798936
2026-01-16,514.55,520.3,512,513.75,660633
2026-01-19,512.75,517.8,510.2,510.8,581267
2026-01-20,505.1,516.5,503.85,512.75,807821
2026-01-21,516.2,518.4,501.1,501.1,4341920
2026-01-22,525.35,529.55,519.15,521,4249013
2026-01-23,519,533,517.9,525.35,2352107
2026-01-27,513.4,521,512.1,520.5,1475952
2026-01-28,515.75,518,502.2,513.95,2775407
2026-01-29,510.45,517.2,499.35,515.8,1887628
2026-01-30,506.6,519.9,501.35,512.15,2737132
2026-02-02,499,503,493.85,501,2469560
2026-02-03,500.5,510,495.6,509,1860653
2026-02-04,501.2,506.2,496.8,500,1059709
2026-02-05,504.3,507.9,499.35,501.55,1537272
2026-02-06,508.3,509,498.55,502,950728
2026-02-09,514.4,516,507.55,510.5,1265939
2026-02-10,519.7,520.65,510,516,1143420
2026-02-11,522.35,523,517,519.7,1282937
2026-02-12,519.55,522.85,516.1,520.65,911264
2026-02-13,512.45,518.95,510.1,517.25,1746636
2026-02-16,514.25,515.95,508.05,512.9,667469
2026-02-17,516.8,519.05,511.1,511.1,963143
2026-02-18,510.6,525.3,503.5,525,4359136
2026-02-19,501.65,514.3,500.05,510.6,923005
2026-02-20,509.7,511.15,500.4,501.15,1277646
2026-02-23,514.35,515.95,507.3,509,1044529
2026-02-24,518.05,519.75,512.75,514.45,1517098
2026-02-25,518.65,523.75,516.5,521.25,3015805
2026-02-26,524.45,525,517.4,518.65,714000
2026-02-27,518.5,525.5,512,523.05,2414657
2026-03-02,507.6,513.75,500.8,500.8,2107282
2026-03-04,487.4,504.95,486,499,1732747
2026-03-05,487.9,494,482,494,972511
2026-03-06,478.6,486.15,477.5,486,1190560
2026-03-09,466.7,473.05,464.2,472.55,858312
2026-03-10,480.9,483.45,471.2,472.55,1029742
2026-03-11,471.85,485,470,485,861166
2026-03-12,459.35,471.3,456.5,471.3,1756738
2026-03-13,453.5,462.45,452.05,454.8,1711951
2026-03-16,458.85,461.45,449.2,455,2534686
2026-03-17,452.6,460.7,451.9,460.3,1315801
2026-03-18,451.85,455.8,450,452.2,2602680
2026-03-19,430.2,448.7,428.8,448.7,3248941
2026-03-20,430.7,434.8,429,433.7,1933160
2026-03-23,417.35,428.95,416.05,428.95,3382496
2026-03-24,421.4,426.2,417,422.1,2473037
2026-03-25,431,439.15,421.1,425,2329148
2026-03-27,419.6,430,418.5,430,1692776
2026-03-30,410.45,417.5,408,417.5,2504445
2026-04-01,414.95,420.95,412.2,420,979365
2026-04-02,417.25,420,403.35,412.45,1150474
2026-04-06,413.7,423.85,408.35,423.5,2859076
2026-04-07,414.25,416.2,408.5,413.5,2064376
2026-04-08,427.25,430.65,422.9,425,1650777
2026-04-09,429.4,433.4,422.95,427.1,1797506
2026-04-10,435.7,437.8,424.75,425,2166631
2026-04-13,424.75,432.4,422.65,430.05,1187970
2026-04-15,433.25,437.4,428.25,430.2,4079260
2026-04-16,427.55,441.4,426.4,435.5,3639152
2026-04-17,442.85,444.1,424.2,427,4983325
2026-04-20,441.7,447.3,436.55,443.95,1662485
2026-04-21,452,455.45,439.05,441.65,3053842
2026-04-22,460,465,450.75,452,2380888
2026-04-23,460,461.3,452.7,458.9,1370343
2026-04-24,451.1,462.5,448.1,460,1509926
2026-04-27,452,457.4,451,452.45,677273
2026-04-28,450.15,453.1,449,452.15,533943
2026-04-29,456,458.25,449.05,449.05,1078626
2026-04-30,441.5,456,440.35,456,1448773
2026-05-04,445.65,450.9,443,445,1046716
2026-05-05,460.55,462.2,445.85,446.8,2742900
2026-05-06,466.25,468,458.6,465,2906897
2026-05-07,470,474.5,461.1,469.35,2831472
2026-05-08,487.7,490.5,469.1,485,11860370
2026-05-11,473.45,485,471.2,485,2033029
2026-05-12,473.25,476.25,469.55,472.75,2195129
2026-05-13,463.1,480.8,461.6,480.8,2495630
2026-05-14,464.75,469.9,457.85,467,1901251
2026-05-15,467.7,471.5,460.5,465.3,932763
2026-05-18,456.35,466.8,453.9,466.8,1177536
2026-05-19,452.8,462.25,451.5,456.35,1222771
2026-05-20,450.9,453,445.55,449.8,854233
2026-05-21,446.85,454.1,443.6,453,2589322
2026-05-22,451.05,454.65,445.7,448,970954
2026-05-25,447.2,455.75,446.25,453.4,879387
2026-05-26,447.6,449.1,445.2,447.2,1154362
2026-05-27,445.45,447,440.3,440.75,1295057
2026-05-29,443.4,455,440.1,445.45,13072946
2026-06-01,424.6,442,423.5,441,3233902
2026-06-02,425.5,426.85,419.7,421.55,2753289
2026-06-03,417.85,424.8,416,424.8,3353591
2026-06-04,424.65,428.95,414.6,417.5,2919945
2026-06-05,424.15,426.95,420.6,425.2,1864100
2026-06-08,419.75,424.15,418.15,421,647231
2026-06-09,426.15,427,420.35,422,915087
2026-06-10,427.9,438.75,426.7,427,2288936
2026-06-11,421.7,430.4,420,427.75,1689034
2026-06-12,426.4,429.05,420.55,421,2569834
2026-06-15,429.15,437.5,428,432.5,684074
2026-06-16,435.45,437.45,429.65,430,1685284
2026-06-17,429,435.9,427.75,435,1137052
2026-06-18,428.7,431.85,426.7,429.5,1585207
2026-06-19,423.5,427.7,421.4,427.7,1915071
2026-06-22,422.25,426.2,421.5,425.5,1244814
2026-06-23,419.8,425.3,419.25,422.25,1553970
2026-06-24,424.1,425.05,417.45,420.7,2440919
2026-06-25,423.9,431.45,422.8,425.5,1810833
2026-06-29,426.3,430.8,424.25,425.35,1842565
2026-06-30,422.2,426.85,421.6,426.8,1799370
2026-07-01,444.75,447,422.65,422.9,8597999
2026-07-02,447,451,442.6,444.75,3035247
2026-07-03,444.35,450.1,442.15,448.9,2061060
2026-07-06,449.75,450.7,438.3,447.8,3812533
2026-07-07,453.5,456,446.75,451.9,1548269
2026-07-08,436.55,452.8,435.15,452,1952606
2026-07-09,443.15,449.45,437,437.5,1477623
2026-07-10,443.5,447,441.05,444.55,1705250
2026-07-13,438.9,442.75,438.4,442,774683
2026-07-14,434.45,440.45,432.1,437.9,1427118
2026-07-15,431.3,437.6,430.05,434,1001738
2026-07-16,429.45,433.8,428.75,433.6,1622560
2026-07-17,427.2,428.65,422.35,426.5,2117096
2026-07-20,426.5,430.95,424.1,427.2,1048161
2026-07-21,426.1,427.9,422.4,426.5,1008135
2026-07-22,426.5,427.6,421.55,426.9,897737
2026-07-23,423.15,426.7,420.5,425.9,2558937
2026-07-24,423.2,424.8,419.4,420.75,641619
2026-07-27,427.35,429.05,424.5,425.6,853775
2026-07-28,424.6,438,422.5,427.35,4458851
2026-07-29,433.7,435.3,427,427.4,2039461
2026-07-30,426.1,433,415.55,433,5673826
2026-07-31,421.45,429.75,420.25,429,2509913
2026-08-03,425.8,426.2,421.4,423.8,1969475
2026-08-04,409.65,420.8,405.35,420.8,6370534
2026-08-05,414,414.05,406.9,412,3045910
2026-08-06,411.3,415.2,411.05,415,1596570
2026-08-07,410,413.45,408.5,410.95,1749544
2026-08-10,414.2,414.2,409.25,411.45,1346084
2026-08-11,412.65,414,411.05,414,1132096
2026-08-12,411.25,413.1,405.05,412.65,1677000
2026-08-13,410,411.25,406.6,408.9,730919
2026-08-14,405.25,410.45,405.25,408,1462987
2026-08-17,406.8,408,402.45,405.65,1337285
2026-08-18,403.5,406.8,402.1,406.8,1853574
2026-08-19,399.75,403.5,398,403.5,925952
2026-08-20,400,402.1,398.7,402.1,913835
2026-08-21,400.5,400.75,397.65,400.05,672508
2026-08-24,398.45,400.55,395.65,400.5,827894
2026-08-25,395.05,398.1,392.15,397.9,3323557
2026-08-26,392.2,397.5,392.2,395.6,1276848
2026-08-27,386.2,394.8,386.05,393.5,1282102
2026-08-28,386,387.7,383.1,387.7,1925866
2026-08-31,381,387.4,381,385.9,3273736
2026-09-01,384,386.8,381,384,1394674
2026-09-02,379,383.7,377.6,383.7,1597939
2026-09-03,380.7,381.55,377.45,379.9,2062074
2026-09-04,380.9,383.25,377.35,380.45,1702061
