Date,Close,High,Low,Open,Volume
2001-02-12,0.0930857,0.0930857,0.0930857,0.0930857,125
2001-02-13,0.0833143,0.0879428,0.0833143,0.0879428,180
2001-02-14,0.0925714,0.0925714,0.0925714,0.0925714,451
2001-02-15,0.0925714,0.0925714,0.0874285,0.0874285,290
2001-02-16,0.0756,0.0915428,0.072,0.0915428,553
2001-02-19,0.102857,0.102857,0.101314,0.101314,500
2001-02-20,0.0930857,0.0961714,0.0925714,0.0951428,686
2001-02-21,0.0838285,0.0838285,0.0833143,0.0833143,75
2001-02-23,0.0884571,0.09,0.0884571,0.09,150
2001-02-26,0.0865714,0.0865714,0.0865714,0.0865714,125
2001-02-27,0.128571,0.128571,0.128571,0.128571,225
2001-03-05,0.13,0.13,0.13,0.13,200
2001-03-07,0.195714,0.195714,0.144286,0.144286,4847
2001-03-08,0.257143,0.257143,0.134286,0.134286,1011
2001-03-09,0.162857,0.162857,0.162857,0.162857,1
2001-03-12,0.201429,0.201429,0.162857,0.162857,105
2001-03-13,0.2,0.252857,0.2,0.252857,401
2001-03-14,0.242857,0.251429,0.101429,0.101429,1415
2001-03-15,0.182857,0.242857,0.124286,0.201429,6226
2001-03-16,0.242857,0.242857,0.191429,0.191429,900
2001-03-19,0.177143,0.177143,0.162857,0.162857,250
2001-03-20,0.174286,0.262857,0.174286,0.261429,375
2001-03-21,0.144286,0.144286,0.144286,0.144286,100
2001-03-22,0.2,0.2,0.2,0.2,25
2001-03-23,0.2,0.2,0.2,0.2,100
2001-03-26,0.2575,0.2575,0.2575,0.2575,200
2001-03-29,0.2325,0.2325,0.2325,0.2325,120
2001-04-03,0.35,0.35,0.2625,0.2625,152
2001-04-04,0.35,0.35,0.35,0.35,500
2001-04-09,0.355,0.3575,0.3525,0.3575,1400
2001-04-10,0.375,0.375,0.3575,0.3575,300
2001-04-11,0.375,0.375,0.37,0.37,145
2001-04-16,0.375,0.375,0.3275,0.3275,1612
2001-04-17,0.4,0.405,0.3775,0.3775,1037
2001-04-18,0.4,0.4,0.4,0.4,500
2001-04-19,0.375,0.375,0.375,0.375,50
2001-04-20,0.425,0.425,0.23,0.23,201
2001-04-23,0.4,0.4,0.3625,0.3625,351
2001-04-24,0.4025,0.4025,0.4025,0.4025,50
2001-04-25,0.4125,0.4125,0.4,0.4,1700
2001-04-27,0.4125,0.4125,0.4,0.4,530
2001-04-30,0.4,0.4,0.4,0.4,200
2001-05-02,0.3525,0.4225,0.3525,0.4225,805
2001-05-03,0.3875,0.3875,0.37,0.37,100
2001-05-04,0.4225,0.4225,0.38,0.38,750
2001-05-07,0.375,0.375,0.255,0.255,86
2001-05-08,0.4125,0.4125,0.375,0.375,441
2001-05-09,0.405,0.4125,0.3875,0.3875,240
2001-05-10,0.4,0.4,0.4,0.4,80
2001-05-11,0.4025,0.4025,0.4025,0.4025,25
2001-05-14,0.425,0.425,0.405,0.405,880
2001-05-15,0.4,0.4,0.4,0.4,279
2001-05-16,0.42,0.425,0.28,0.28,545
2001-05-17,0.425,0.425,0.4025,0.4025,995
2001-05-18,0.425,0.425,0.425,0.425,223
2001-05-21,0.4875,0.4875,0.425,0.425,496
2001-05-22,0.425,0.45,0.425,0.43,225
2001-05-23,0.425,0.425,0.425,0.425,100
2001-05-24,0.425,0.43,0.425,0.43,490
2001-05-25,0.4275,0.4275,0.4275,0.4275,209
2001-05-28,0.425,0.425,0.4,0.4,339
2001-05-29,0.425,0.425,0.425,0.425,140
2001-05-30,0.425,0.425,0.425,0.425,25
2001-05-31,0.425,0.425,0.425,0.425,12
2001-06-01,0.445,0.445,0.425,0.425,375
2001-06-05,0.4275,0.44,0.425,0.425,365
2001-06-06,0.425,0.425,0.425,0.425,460
2001-06-11,0.45,0.45,0.425,0.425,330
2001-06-12,0.4875,0.4875,0.4875,0.4875,500
2001-06-13,0.4975,0.535,0.475,0.535,215
2001-06-14,0.5,0.525,0.5,0.5,1155
2001-06-15,0.5225,0.525,0.4575,0.4575,911
2001-06-18,0.525,0.525,0.45,0.45,1434
2001-06-19,0.525,0.525,0.5125,0.525,3841
2001-06-20,0.525,0.62,0.525,0.57,220
2001-06-21,0.525,0.525,0.525,0.525,235
2001-06-22,0.525,0.525,0.525,0.525,100
2001-06-25,0.5,0.5,0.5,0.5,120
2001-06-26,0.525,0.525,0.5,0.5,1020
2001-06-27,0.5,0.5,0.5,0.5,470
2001-06-29,0.5,0.5,0.5,0.5,103
2001-07-03,0.55,0.55,0.55,0.55,150
2001-07-04,0.55,0.55,0.55,0.55,1000
2001-07-05,0.5,0.5,0.5,0.5,45
2001-07-06,0.5,0.5475,0.5,0.5475,100
2001-07-10,0.5,0.5,0.5,0.5,25
2001-07-11,0.5,0.5,0.5,0.5,700
2001-07-13,0.5,0.55,0.5,0.55,1743
2001-07-16,0.5,0.5,0.5,0.5,565
2001-07-18,0.525,0.525,0.525,0.525,25
2001-07-19,0.525,0.525,0.525,0.525,100
2001-07-20,0.525,0.525,0.5,0.5,625
2001-07-24,0.405,0.55,0.405,0.55,95
2001-07-27,0.5,0.5,0.5,0.5,1225
2001-07-30,0.505,0.505,0.5,0.5,496
2001-07-31,0.5,0.525,0.5,0.525,150
2001-08-01,0.5,0.5,0.5,0.5,40
2001-08-02,0.5,0.5,0.5,0.5,100
2001-08-03,0.52,0.52,0.52,0.52,150
2001-08-06,0.525,0.525,0.525,0.525,125
2001-08-07,0.5,0.5,0.5,0.5,259
2001-08-08,0.5,0.5,0.5,0.5,185
2001-08-09,0.525,0.525,0.5,0.5,1120
2001-08-10,0.5,0.53,0.5,0.53,200
2001-08-13,0.57,0.57,0.5,0.5,225
2001-08-14,0.5,0.5,0.5,0.5,100
2001-08-16,0.5,0.53,0.5,0.53,143
2001-08-17,0.5,0.5,0.5,0.5,75
2001-08-20,0.5,0.525,0.5,0.5,771
2001-08-21,0.5,0.525,0.5,0.525,110
2001-08-23,0.5225,0.5225,0.45,0.45,720
2001-08-24,0.525,0.525,0.525,0.525,100
2001-08-27,0.52,0.525,0.52,0.525,775
2001-08-28,0.5,0.5,0.5,0.5,160
2001-08-29,0.525,0.525,0.51,0.5175,1250
2001-08-30,0.525,0.525,0.52,0.52,1075
2001-08-31,0.52,0.5475,0.52,0.5225,1665
2001-09-03,0.5,0.5,0.5,0.5,50
2001-09-04,0.51,0.51,0.51,0.51,125
2001-09-05,0.5225,0.5225,0.5225,0.5225,500
2001-09-06,0.52,0.525,0.5,0.5,750
2001-09-07,0.5,0.5225,0.5,0.5175,465
2001-09-10,0.5,0.5225,0.5,0.5225,1700
2001-09-11,0.5,0.5,0.5,0.5,200
2001-09-12,0.5,0.5,0.5,0.5,510
2001-09-13,0.5,0.5225,0.5,0.5225,600
2001-09-14,0.45,0.5,0.45,0.5,940
2001-09-17,0.4,0.4,0.4,0.4,650
2001-09-18,0.45,0.45,0.4025,0.4025,436
2001-09-19,0.4,0.4,0.4,0.4,80
2001-09-20,0.4,0.4,0.4,0.4,36
2001-09-21,0.4,0.4,0.4,0.4,1000
2001-09-24,0.375,0.405,0.375,0.405,2050
2001-09-25,0.4,0.4,0.4,0.4,350
2001-09-26,0.4,0.4,0.4,0.4,2000
2001-09-27,0.4025,0.4025,0.375,0.375,1570
2001-09-28,0.425,0.425,0.3875,0.3875,252
2001-10-01,0.375,0.375,0.375,0.375,50
2001-10-03,0.4,0.4,0.4,0.4,1000
2001-10-05,0.4,0.4,0.4,0.4,40
2001-10-08,0.4425,0.4425,0.4425,0.4425,150
2001-10-09,0.385,0.45,0.375,0.375,1375
2001-10-10,0.3875,0.3875,0.3875,0.3875,25
2001-10-11,0.425,0.445,0.425,0.425,155
2001-10-12,0.425,0.425,0.425,0.425,365
2001-10-15,0.4125,0.4125,0.4125,0.4125,1000
2001-10-16,0.4125,0.4125,0.4125,0.4125,250
2001-10-17,0.43,0.43,0.4125,0.4125,567
2001-10-18,0.4125,0.425,0.4125,0.425,1003
2001-10-19,0.4,0.4,0.4,0.4,4
2001-10-22,0.445,0.445,0.425,0.425,100
2001-10-23,0.4,0.4,0.4,0.4,210
2001-10-24,0.425,0.425,0.425,0.425,120
2001-10-25,0.425,0.45,0.425,0.45,745
2001-10-29,0.425,0.425,0.425,0.425,358
2001-10-31,0.45,0.45,0.45,0.45,25
2001-11-05,0.4125,0.425,0.4125,0.425,380
2001-11-07,0.475,0.475,0.475,0.475,100
2001-11-08,0.425,0.425,0.425,0.425,145
2001-11-09,0.475,0.475,0.475,0.475,1
2001-11-12,0.425,0.43,0.425,0.425,550
2001-11-13,0.425,0.425,0.4125,0.4125,457
2001-11-14,0.475,0.475,0.475,0.475,20
2001-11-15,0.4775,0.4775,0.25,0.25,1050
2001-11-20,0.43,0.43,0.43,0.43,240
2001-11-21,0.435,0.435,0.435,0.435,350
2001-11-23,0.3775,0.425,0.375,0.425,2872
2001-11-26,0.425,0.425,0.425,0.425,85
2001-11-27,0.425,0.425,0.425,0.425,200
2001-11-28,0.49,0.5,0.49,0.5,178
2001-11-29,0.425,0.425,0.425,0.425,170
2001-12-04,0.425,0.425,0.425,0.425,372
2001-12-06,0.425,0.425,0.425,0.425,125
2001-12-07,0.4,0.4,0.365,0.365,2265
2001-12-10,0.425,0.425,0.425,0.425,130
2001-12-11,0.4375,0.4375,0.425,0.425,107
2001-12-12,0.445,0.445,0.4,0.4,880
2001-12-13,0.4125,0.4125,0.4125,0.4125,50
2001-12-14,0.45,0.45,0.45,0.45,5
2001-12-18,0.4,0.45,0.375,0.45,1839
2001-12-19,0.42,0.42,0.4,0.4,535
2001-12-20,0.4175,0.42,0.4175,0.42,131
2001-12-24,0.4,0.4,0.3625,0.3625,305
2001-12-27,0.4,0.4,0.3875,0.3875,560
2001-12-28,0.375,0.375,0.375,0.375,210
2001-12-31,0.39,0.39,0.39,0.39,25
2002-01-01,0.425,0.425,0.425,0.425,12
2002-01-02,0.4075,0.425,0.4,0.4,203
2002-01-03,0.405,0.405,0.405,0.405,20
2002-01-04,0.425,0.425,0.4125,0.4125,520
2002-01-07,0.4,0.4,0.4,0.4,51
2002-01-08,0.4025,0.4025,0.4025,0.4025,40
2002-01-09,0.4,0.4,0.4,0.4,100
2002-01-10,0.39,0.39,0.39,0.39,50
2002-01-11,0.4,0.4,0.375,0.375,180
2002-01-14,0.375,0.375,0.375,0.375,165
2002-01-15,0.38,0.38,0.38,0.38,100
2002-01-16,0.4,0.4,0.375,0.375,350
2002-01-17,0.4,0.4,0.4,0.4,150
2002-01-18,0.4,0.4,0.4,0.4,161
2002-01-21,0.3875,0.3875,0.3875,0.3875,250
2002-01-22,0.38,0.4,0.375,0.375,851
2002-01-23,0.38,0.38,0.35,0.35,75
2002-01-24,0.38,0.4,0.38,0.4,295
2002-01-25,0.375,0.375,0.375,0.375,125
2002-01-28,0.39,0.39,0.39,0.39,1500
2002-01-29,0.375,0.375,0.375,0.375,450
2002-01-31,0.3975,0.3975,0.375,0.375,135
2002-02-01,0.3875,0.3875,0.3875,0.3875,25
2002-02-04,0.3875,0.4,0.3875,0.4,160
2002-02-05,0.39,0.4,0.38,0.4,1694
2002-02-06,0.39,0.39,0.39,0.39,150
2002-02-07,0.4,0.4025,0.4,0.4,265
2002-02-08,0.4,0.4,0.4,0.4,500
2002-02-11,0.4,0.4,0.4,0.4,100
2002-02-12,0.425,0.425,0.4,0.4,177
2002-02-13,0.4025,0.425,0.4025,0.425,275
2002-02-14,0.425,0.425,0.4,0.4,1107
2002-02-15,0.425,0.425,0.4,0.4,37
2002-02-18,0.4075,0.4075,0.4025,0.4025,725
2002-02-19,0.4025,0.4025,0.3975,0.3975,743
2002-02-20,0.4,0.4,0.39,0.39,610
2002-02-21,0.3925,0.4,0.39,0.39,185
2002-02-22,0.3975,0.3975,0.3975,0.3975,265
2002-02-25,0.3925,0.3925,0.39,0.39,410
2002-02-26,0.4025,0.405,0.4025,0.4025,331
2002-02-27,0.405,0.405,0.405,0.405,200
2002-02-28,0.4025,0.4025,0.4025,0.4025,100
2002-03-01,0.3875,0.3875,0.3875,0.3875,20
2002-03-04,0.405,0.405,0.405,0.405,25
2002-03-05,0.4,0.4,0.4,0.4,362
2002-03-06,0.4,0.4,0.4,0.4,450
2002-03-07,0.41,0.41,0.4,0.4,40
2002-03-08,0.4,0.4125,0.4,0.41,1330
2002-03-11,0.3875,0.4,0.375,0.375,355
2002-03-12,0.3925,0.4,0.39,0.39,580
2002-03-13,0.3875,0.4,0.3875,0.4,225
2002-03-14,0.3875,0.3875,0.3875,0.3875,150
2002-03-15,0.3875,0.4,0.3875,0.3875,1935
2002-03-18,0.42,0.42,0.3875,0.3875,240
2002-03-19,0.41,0.4125,0.4075,0.4075,255
2002-03-20,0.4125,0.425,0.3925,0.4,2389
2002-03-21,0.39,0.39,0.39,0.39,242
2002-03-22,0.3925,0.3925,0.3875,0.3875,280
2002-03-26,0.3875,0.3875,0.3875,0.3875,362
2002-03-27,0.3875,0.3875,0.3875,0.3875,650
2002-03-28,0.4175,0.42,0.3875,0.3875,445
2002-04-01,0.3925,0.435,0.39,0.39,1002
2002-04-02,0.4,0.4,0.4,0.4,255
2002-04-03,0.42,0.425,0.4,0.4,340
2002-04-04,0.4,0.405,0.4,0.4,301
2002-04-05,0.41,0.425,0.41,0.425,140
2002-04-08,0.4,0.4025,0.4,0.4025,1388
2002-04-09,0.405,0.4225,0.4025,0.4225,587
2002-04-10,0.405,0.42,0.4,0.4025,1387
2002-04-11,0.405,0.42,0.4,0.4,361
2002-04-12,0.41,0.42,0.4,0.4,609
2002-04-15,0.445,0.4475,0.4225,0.4225,925
2002-04-16,0.425,0.4625,0.425,0.45,1537
2002-04-17,0.4225,0.45,0.4225,0.435,1600
2002-04-18,0.435,0.435,0.4125,0.415,525
2002-04-19,0.4,0.405,0.4,0.4,1200
2002-04-22,0.4225,0.44,0.4,0.4375,1633
2002-04-23,0.425,0.4375,0.4025,0.4375,451
2002-04-24,0.425,0.4375,0.4025,0.4375,362
2002-04-25,0.4025,0.4175,0.3875,0.3875,389
2002-04-26,0.405,0.45,0.405,0.45,1153
2002-04-29,0.4,0.445,0.4,0.445,448
2002-04-30,0.405,0.4375,0.4,0.4,201
2002-05-02,0.405,0.435,0.405,0.435,126
2002-05-03,0.41,0.4325,0.4025,0.4325,327
2002-05-06,0.41,0.45,0.4,0.45,1995
2002-05-07,0.4075,0.45,0.4075,0.45,21
2002-05-08,0.41,0.45,0.41,0.45,1261
2002-05-09,0.4275,0.435,0.4125,0.435,373
2002-05-10,0.41,0.4475,0.405,0.4475,855
2002-05-13,0.425,0.4475,0.41,0.4475,324
2002-05-14,0.425,0.5,0.415,0.5,1244
2002-05-15,0.4425,0.4475,0.4025,0.4025,1322
2002-05-16,0.415,0.425,0.415,0.415,843
2002-05-17,0.43,0.43,0.415,0.42,793
2002-05-20,0.41,0.425,0.4,0.425,420
2002-05-21,0.4125,0.4175,0.4125,0.4175,340
2002-05-22,0.41,0.4125,0.41,0.4125,1100
2002-05-23,0.41,0.425,0.4075,0.4225,480
2002-05-24,0.43,0.45,0.425,0.435,1607
2002-05-27,0.455,0.455,0.4,0.425,995
2002-05-28,0.43,0.4975,0.375,0.375,1113
2002-05-29,0.4175,0.445,0.415,0.425,1176
2002-05-30,0.425,0.4475,0.425,0.4475,950
2002-05-31,0.425,0.4375,0.4025,0.4025,1331
2002-06-03,0.43,0.43,0.425,0.425,470
2002-06-04,0.45,0.45,0.425,0.425,1520
2002-06-05,0.4875,0.49,0.45,0.45,799
2002-06-06,0.4825,0.5225,0.45,0.45,2350
2002-06-07,0.475,0.48,0.45,0.475,1467
2002-06-10,0.47,0.475,0.45,0.45,821
2002-06-11,0.52,0.52,0.4875,0.4875,2760
2002-06-12,0.5,0.5025,0.485,0.5,2770
2002-06-13,0.4775,0.4775,0.475,0.475,587
2002-06-14,0.485,0.485,0.48,0.48,525
2002-06-17,0.4925,0.5175,0.445,0.495,2610
2002-06-18,0.505,0.54,0.495,0.5125,8037
2002-06-19,0.57,0.6075,0.5025,0.55,14807
2002-06-20,0.605,0.63,0.54,0.575,14874
2002-06-21,0.575,0.6125,0.5675,0.6125,7175
2002-06-24,0.58,0.6125,0.505,0.505,20162
2002-06-25,0.5475,0.59,0.5375,0.5625,8460
2002-06-26,0.4775,0.545,0.475,0.5375,6670
2002-06-27,0.4775,0.51,0.4675,0.5,4735
2002-06-28,0.4675,0.4875,0.4625,0.47,4101
2002-07-01,0.525,0.5625,0.48,0.535,15506
2002-07-02,0.5475,0.5575,0.5,0.5425,4394
2002-07-03,0.5275,0.565,0.52,0.5275,4645
2002-07-04,0.525,0.55,0.5125,0.55,7501
2002-07-05,0.5125,0.53,0.5,0.505,4101
2002-07-08,0.535,0.545,0.5,0.535,7294
2002-07-09,0.535,0.545,0.5325,0.54,9389
2002-07-10,0.5025,0.5425,0.5,0.5275,5292
2002-07-11,0.49,0.5,0.48,0.48,630
2002-07-12,0.4975,0.525,0.4975,0.4975,3407
2002-07-15,0.47,0.5225,0.4575,0.4625,1865
2002-07-16,0.4625,0.475,0.3775,0.3775,788
2002-07-17,0.4525,0.4575,0.45,0.4575,698
2002-07-18,0.4525,0.5,0.45,0.5,1709
2002-07-19,0.49,0.49,0.4575,0.4575,1000
2002-07-22,0.455,0.475,0.45,0.45,2295
2002-07-23,0.475,0.475,0.4625,0.4625,1248
2002-07-24,0.4625,0.475,0.46,0.46,1585
2002-07-25,0.4675,0.475,0.4675,0.475,2300
2002-07-26,0.4725,0.4975,0.4725,0.485,8085
2002-07-29,0.49,0.49,0.475,0.475,5301
2002-07-30,0.5025,0.5225,0.49,0.4975,22177
2002-07-31,0.5,0.505,0.4825,0.4875,12597
2002-08-01,0.5,0.5,0.49,0.49,4171
2002-08-02,0.5,0.5,0.495,0.5,3953
2002-08-05,0.5,0.5,0.5,0.5,1040
2002-08-06,0.51,0.51,0.49,0.49,1986
2002-08-07,0.5025,0.525,0.5,0.5025,2630
2002-08-08,0.5,0.505,0.5,0.505,6297
2002-08-09,0.51,0.51,0.5,0.5025,5444
2002-08-12,0.505,0.52,0.505,0.505,295
2002-08-13,0.51,0.51,0.5075,0.5075,277
2002-08-14,0.5,0.515,0.5,0.51,1656
2002-08-16,0.505,0.5125,0.505,0.505,1260
2002-08-19,0.505,0.5175,0.505,0.505,3456
2002-08-20,0.505,0.505,0.5,0.5,265
2002-08-21,0.505,0.5075,0.5,0.505,2720
2002-08-22,0.505,0.505,0.505,0.505,2855
2002-08-23,0.505,0.515,0.5025,0.5025,1625
2002-08-26,0.5075,0.5075,0.5,0.5,3726
2002-08-27,0.505,0.505,0.505,0.505,350
2002-08-28,0.5,0.505,0.5,0.505,3073
2002-08-29,0.505,0.5125,0.505,0.5125,675
2002-08-30,0.505,0.545,0.4975,0.5,1756
2002-09-02,0.505,0.505,0.505,0.505,356
2002-09-03,0.515,0.5225,0.505,0.52,2350
2002-09-04,0.5425,0.545,0.51,0.5175,580
2002-09-05,0.53,0.545,0.525,0.525,3315
2002-09-06,0.535,0.555,0.52,0.53,2055
2002-09-09,0.5325,0.5375,0.52,0.535,2022
2002-09-11,0.53,0.5375,0.525,0.525,1076
2002-09-12,0.55,0.55,0.525,0.525,1104
2002-09-13,0.5375,0.5375,0.5225,0.5225,1050
2002-09-16,0.55,0.55,0.525,0.525,330
2002-09-17,0.53,0.54,0.5025,0.54,2133
2002-09-18,0.535,0.545,0.515,0.545,1515
2002-09-19,0.5325,0.545,0.515,0.515,1551
2002-09-20,0.5125,0.5425,0.5075,0.5125,805
2002-09-23,0.5,0.5375,0.5,0.5375,3626
2002-09-24,0.5225,0.5375,0.51,0.53,575
2002-09-25,0.525,0.5325,0.4975,0.4975,2980
2002-09-26,0.5175,0.5325,0.505,0.505,425
2002-09-27,0.5175,0.535,0.515,0.5225,1603
2002-09-30,0.525,0.535,0.5075,0.5175,745
2002-10-01,0.51,0.5325,0.505,0.515,2950
2002-10-03,0.525,0.535,0.5025,0.53,1747
2002-10-04,0.52,0.535,0.5125,0.535,1179
2002-10-07,0.52,0.535,0.5175,0.525,1160
2002-10-08,0.52,0.5275,0.5125,0.515,1994
2002-10-09,0.535,0.545,0.52,0.52,3148
2002-10-10,0.545,0.545,0.5175,0.5175,1680
2002-10-11,0.5325,0.545,0.5275,0.5275,2250
2002-10-14,0.5275,0.54,0.5275,0.5325,1640
2002-10-16,0.525,0.5375,0.525,0.5375,1000
2002-10-17,0.53,0.5475,0.5275,0.5275,645
2002-10-18,0.525,0.5375,0.52,0.5225,660
2002-10-21,0.5125,0.5325,0.5,0.525,7347
2002-10-22,0.5025,0.515,0.5025,0.51,2101
2002-10-23,0.49,0.5,0.485,0.5,513
2002-10-24,0.475,0.48,0.475,0.48,575
2002-10-25,0.46,0.5,0.45,0.5,422
2002-10-28,0.475,0.535,0.4175,0.535,714
2002-10-29,0.4625,0.4625,0.435,0.46,321
2002-10-30,0.4875,0.51,0.4525,0.4625,1601
2002-10-31,0.47,0.5375,0.4625,0.4625,442
2002-11-01,0.4675,0.555,0.4625,0.555,1632
2002-11-04,0.4625,0.555,0.4625,0.555,61
2002-11-05,0.4575,0.555,0.4325,0.555,330
2002-11-07,0.46,0.5225,0.455,0.5225,548
2002-11-08,0.475,0.55,0.465,0.52,3808
2002-11-11,0.47,0.5,0.4625,0.5,1890
2002-11-12,0.465,0.4975,0.4625,0.4975,325
2002-11-13,0.475,0.49,0.4625,0.49,1025
2002-11-14,0.475,0.5,0.475,0.5,2354
2002-11-15,0.4625,0.4875,0.4625,0.48,3003
2002-11-18,0.465,0.4925,0.465,0.4925,537
2002-11-20,0.445,0.55,0.38,0.465,9003
2002-11-21,0.465,0.5,0.46,0.4675,2552
2002-11-22,0.49,0.495,0.465,0.495,528
2002-11-25,0.48,0.585,0.4525,0.585,1829
2002-11-26,0.4775,0.4825,0.46,0.46,1810
2002-11-27,0.4625,0.47,0.4625,0.4625,260
2002-11-28,0.46,0.4725,0.46,0.47,1087
2002-11-29,0.4725,0.4725,0.4575,0.46,635
2002-12-02,0.475,0.4975,0.4625,0.4975,1067
2002-12-03,0.47,0.57,0.46,0.57,2627
2002-12-04,0.4675,0.56,0.4625,0.56,1938
2002-12-05,0.475,0.54,0.47,0.54,2052
2002-12-06,0.47,0.4925,0.46,0.46,1925
2002-12-09,0.455,0.495,0.4525,0.47,3014
2002-12-10,0.4725,0.4825,0.45,0.4825,2368
2002-12-11,0.4625,0.485,0.46,0.48,2045
2002-12-12,0.4775,0.4875,0.475,0.485,1982
2002-12-13,0.4875,0.4975,0.4825,0.4825,2962
2002-12-16,0.4875,0.5,0.475,0.4925,3700
2002-12-17,0.49,0.49,0.46,0.46,2210
2002-12-18,0.465,0.475,0.465,0.4675,450
2002-12-19,0.4775,0.4775,0.465,0.4675,782
2002-12-20,0.485,0.4875,0.465,0.485,800
2002-12-23,0.4575,0.5,0.455,0.4675,2429
2002-12-24,0.455,0.4675,0.45,0.4575,2205
2002-12-26,0.455,0.5425,0.45,0.5425,811
2002-12-27,0.4625,0.4625,0.45,0.4575,2412
2002-12-30,0.445,0.465,0.4425,0.4425,1392
2002-12-31,0.445,0.4575,0.4425,0.4425,1183
2003-01-01,0.4575,0.4875,0.4,0.4,3453
2003-01-02,0.4525,0.48,0.45,0.45,6284
2003-01-03,0.455,0.5,0.455,0.5,775
2003-01-06,0.455,0.475,0.4525,0.465,1935
2003-01-07,0.45,0.48,0.375,0.375,5622
2003-01-08,0.4675,0.47,0.45,0.4525,1930
2003-01-09,0.45,0.455,0.4475,0.455,820
2003-01-10,0.45,0.45,0.445,0.45,910
2003-01-13,0.4325,0.485,0.4325,0.4475,6308
2003-01-14,0.4725,0.475,0.45,0.45,2100
2003-01-15,0.4575,0.4875,0.4525,0.4875,2648
2003-01-16,0.4775,0.495,0.455,0.46,9056
2003-01-17,0.4775,0.4975,0.4625,0.49,3522
2003-01-20,0.48,0.4975,0.46,0.46,4602
2003-01-21,0.465,0.47,0.4625,0.4625,445
2003-01-22,0.4675,0.475,0.4525,0.4525,740
2003-01-23,0.4575,0.4875,0.4525,0.475,4570
2003-01-24,0.475,0.4875,0.455,0.465,5656
2003-01-27,0.475,0.4925,0.425,0.4925,9147
2003-01-28,0.485,0.49,0.4575,0.4875,4010
2003-01-29,0.4725,0.5,0.4525,0.485,11033
2003-01-30,0.48,0.4975,0.455,0.455,4590
2003-01-31,0.4975,0.5,0.4675,0.4925,5512
2003-02-03,0.48,0.5,0.4725,0.4725,2145
2003-02-04,0.4975,0.5,0.4775,0.4775,1835
2003-02-05,0.4975,0.5,0.47,0.47,3690
2003-02-06,0.5025,0.505,0.4775,0.49,2349
2003-02-07,0.48,0.5,0.4775,0.48,1565
2003-02-10,0.48,0.4925,0.465,0.475,2647
2003-02-11,0.495,0.5,0.4625,0.4625,6085
2003-02-12,0.5075,0.51,0.465,0.465,9452
2003-02-14,0.485,0.5,0.4625,0.4625,3928
2003-02-17,0.49,0.5,0.465,0.4925,4083
2003-02-18,0.4925,0.5075,0.48,0.49,4658
2003-02-19,0.51,0.5225,0.475,0.475,7020
2003-02-20,0.515,0.535,0.4675,0.4675,7264
2003-02-21,0.5125,0.545,0.4775,0.4775,6950
2003-02-24,0.53,0.5375,0.4675,0.4675,4206
2003-02-25,0.5325,0.5375,0.5025,0.505,6097
2003-02-26,0.5,0.53,0.495,0.495,800
2003-02-27,0.5375,0.5375,0.4975,0.5,2900
2003-02-28,0.5,0.535,0.4925,0.4925,2356
2003-03-03,0.505,0.5375,0.4725,0.4725,5814
2003-03-04,0.51,0.525,0.5,0.5,1799
2003-03-05,0.525,0.5375,0.505,0.5225,3682
2003-03-06,0.52,0.535,0.515,0.5325,3257
2003-03-07,0.4975,0.525,0.495,0.5,1254
2003-03-10,0.51,0.5275,0.485,0.485,5360
2003-03-11,0.505,0.525,0.5,0.525,6129
2003-03-12,0.51,0.55,0.5075,0.52,5795
2003-03-13,0.515,0.535,0.5075,0.5075,2169
2003-03-17,0.5025,0.5375,0.495,0.5125,3150
2003-03-19,0.49,0.5175,0.4825,0.4825,3048
2003-03-20,0.485,0.49,0.4675,0.4775,3434
2003-03-21,0.47,0.485,0.47,0.4725,441
2003-03-24,0.465,0.4975,0.4575,0.48,1720
2003-03-25,0.46,0.47,0.46,0.46,375
2003-03-26,0.4575,0.46,0.4575,0.4575,960
2003-03-27,0.47,0.485,0.44,0.45,3021
2003-03-28,0.475,0.475,0.43,0.43,5830
2003-03-31,0.475,0.495,0.45,0.495,1928
2003-04-01,0.475,0.485,0.45,0.455,1500
2003-04-02,0.475,0.475,0.4725,0.4725,233
2003-04-03,0.465,0.5,0.4625,0.5,720
2003-04-04,0.4875,0.49,0.46,0.465,1165
2003-04-07,0.495,0.495,0.4775,0.49,2465
2003-04-08,0.495,0.495,0.4675,0.4675,1827
2003-04-09,0.4975,0.505,0.495,0.5,1470
2003-04-10,0.5,0.51,0.5,0.5,1671
2003-04-11,0.465,0.4925,0.45,0.475,9506
2003-04-15,0.525,0.525,0.4925,0.51,3937
2003-04-16,0.53,0.53,0.5125,0.5125,2085
2003-04-17,0.5475,0.5475,0.51,0.51,5903
2003-04-21,0.5625,0.5625,0.5225,0.5225,3469
2003-04-22,0.5525,0.5525,0.545,0.545,728
2003-04-23,0.56,0.575,0.55,0.55,3340
2003-04-24,0.595,0.595,0.555,0.59,3905
2003-04-25,0.5875,0.6,0.57,0.585,5137
2003-04-28,0.5975,0.6,0.575,0.5775,1754
2003-04-29,0.605,0.6075,0.565,0.565,2979
2003-04-30,0.595,0.6,0.595,0.6,1076
2003-05-02,0.6,0.6075,0.5825,0.6,4861
2003-05-05,0.6275,0.6375,0.585,0.585,1158
2003-05-06,0.6375,0.66,0.625,0.625,2710
2003-05-07,0.665,0.685,0.65,0.65,1881
2003-05-08,0.6575,0.725,0.655,0.685,7138
2003-05-09,0.6675,0.67,0.6425,0.6425,7476
2003-05-12,0.665,0.665,0.6425,0.65,5082
2003-05-13,0.67,0.68,0.6625,0.6625,2325
2003-05-14,0.655,0.675,0.655,0.655,930
2003-05-15,0.685,0.7,0.6775,0.7,4752
2003-05-16,0.6625,0.675,0.65,0.6575,3148
2003-05-19,0.6625,0.7,0.6525,0.7,4786
2003-05-20,0.6625,0.6825,0.66,0.6625,3810
2003-05-21,0.66,0.6775,0.655,0.6575,1997
2003-05-22,0.67,0.6825,0.66,0.66,4036
2003-05-23,0.665,0.68,0.6625,0.68,4101
2003-05-26,0.7,0.7,0.6575,0.6575,4999
2003-05-27,0.6775,0.6925,0.6575,0.6575,2953
2003-05-28,0.68,0.695,0.66,0.66,7100
2003-05-29,0.695,0.7125,0.6725,0.675,5636
2003-05-30,0.705,0.7225,0.69,0.71,5981
2003-06-02,0.715,0.725,0.7075,0.7125,3514
2003-06-03,0.7125,0.7425,0.7125,0.7125,7564
2003-06-04,0.735,0.74,0.7075,0.7075,7396
2003-06-05,0.725,0.7375,0.725,0.735,7840
2003-06-06,0.7225,0.735,0.715,0.715,3255
2003-06-09,0.725,0.7275,0.725,0.725,1966
2003-06-10,0.73,0.7375,0.71,0.71,4180
2003-06-11,0.7275,0.735,0.725,0.725,3450
2003-06-12,0.725,0.725,0.725,0.725,4414
2003-06-13,0.725,0.745,0.725,0.745,1996
2003-06-16,0.7325,0.7375,0.725,0.725,5667
2003-06-17,0.735,0.745,0.725,0.725,3106
2003-06-18,0.745,0.75,0.725,0.725,5019
2003-06-19,0.7275,0.7475,0.725,0.7275,5280
2003-06-20,0.725,0.735,0.725,0.725,3328
2003-06-23,0.72,0.73,0.715,0.72,5666
2003-06-24,0.715,0.73,0.715,0.725,4317
2003-06-25,0.7225,0.75,0.7175,0.75,2707
2003-06-26,0.725,0.7375,0.725,0.725,5250
2003-06-27,0.73,0.7425,0.715,0.715,4815
2003-06-30,0.69,0.7275,0.69,0.725,7047
2003-07-01,0.7225,0.7325,0.72,0.725,8099
2003-07-02,0.7375,0.75,0.72,0.735,6061
2003-07-03,0.7275,0.875,0.725,0.7475,7254
2003-07-04,0.7525,0.775,0.725,0.75,12119
2003-07-07,0.75,0.7725,0.7375,0.7725,5669
2003-07-08,0.77,0.8,0.75,0.75,8305
2003-07-09,0.7575,0.7775,0.7525,0.7625,3500
2003-07-10,0.7775,0.795,0.75,0.7525,7301
2003-07-11,0.925,0.935,0.775,0.775,30570
2003-07-14,1.005,1.085,0.9775,0.985,97366
2003-07-15,0.91,1.045,0.905,1.025,39576
2003-07-16,0.9375,0.9725,0.91,0.95,13691
2003-07-17,0.8775,0.965,0.85,0.965,14265
2003-07-18,0.8475,0.8725,0.8,0.85,20040
2003-07-21,0.88,0.9025,0.8425,0.8425,13000
2003-07-22,0.8575,0.865,0.84,0.8525,8828
2003-07-23,0.8625,0.8725,0.85,0.85,5899
2003-07-24,0.8625,0.885,0.8575,0.8625,7939
2003-07-25,0.9175,0.945,0.8775,0.8775,14506
2003-07-28,0.925,0.9375,0.9,0.9375,22463
2003-07-29,0.915,0.9375,0.9125,0.925,5020
2003-07-30,0.9125,0.94,0.9,0.9,3737
2003-07-31,0.91,0.95,0.9075,0.95,11889
2003-08-01,0.91,0.9375,0.905,0.9125,5319
2003-08-04,0.91,0.925,0.9,0.92,8218
2003-08-05,0.8875,0.9125,0.8775,0.9,6451
2003-08-06,0.8975,0.915,0.85,0.85,2056
2003-08-07,0.89,0.8975,0.875,0.8875,4862
2003-08-08,0.855,0.905,0.85,0.875,6544
2003-08-11,0.89,0.915,0.875,0.89,11575
2003-08-12,0.9,0.91,0.8875,0.91,4464
2003-08-13,0.9125,0.9225,0.8775,0.8775,8407
2003-08-14,0.945,1,0.8775,0.8775,21789
2003-08-18,0.9575,1.04,0.8875,1.04,13851
2003-08-19,0.9325,0.9875,0.895,0.895,11424
2003-08-20,0.93,1.0275,0.9225,1.0275,9553
2003-08-21,0.925,0.985,0.925,0.925,11137
2003-08-22,0.925,0.99,0.925,0.925,15701
2003-08-25,0.925,0.95,0.92,0.925,13912
2003-08-26,0.9625,0.975,0.9125,0.9125,6290
2003-08-27,0.93,0.96,0.9,0.9,6764
2003-08-28,0.925,0.95,0.9125,0.9125,7195
2003-08-29,0.94,0.97,0.925,0.925,12822
2003-09-01,0.95,0.9575,0.93,0.93,4391
2003-09-02,0.925,0.995,0.925,0.925,12691
2003-09-03,0.915,0.9475,0.875,0.875,21819
2003-09-04,0.9125,0.925,0.9,0.9,8422
2003-09-05,0.915,0.9625,0.9,0.9025,7851
2003-09-08,0.9475,0.95,0.905,0.9275,18252
2003-09-09,0.9375,0.95,0.9175,0.9225,6973
2003-09-10,0.9575,0.9575,0.8925,0.8925,13544
2003-09-11,0.945,0.9625,0.9325,0.95,5927
2003-09-12,0.9575,0.9725,0.915,0.915,7963
2003-09-15,0.9475,1,0.93,1,8127
2003-09-16,0.955,0.955,0.93,0.93,5832
2003-09-17,0.95,0.96,0.94,0.95,9373
2003-09-18,0.9525,0.9625,0.9325,0.94,5706
2003-09-19,0.9425,0.975,0.94,0.9425,5731
2003-09-22,0.9375,0.9525,0.9375,0.9425,15810
2003-09-23,0.9475,0.9625,0.935,0.95,4919
2003-09-24,0.9475,0.96,0.9425,0.95,6110
2003-09-25,0.95,1.0425,0.9375,0.9375,3457
2003-09-26,0.9525,0.975,0.9425,0.95,4251
2003-09-29,0.975,0.9975,0.93,0.9975,6194
2003-09-30,0.96,1.05,0.9325,0.9325,4250
2003-10-01,0.955,0.975,0.95,0.95,4181
2003-10-03,0.9525,0.96,0.925,0.945,4823
2003-10-06,0.9775,0.98,0.95,0.95,4660
2003-10-07,0.9575,0.975,0.945,0.955,3822
2003-10-08,0.9675,0.9975,0.9,0.9975,6891
2003-10-09,0.9825,0.9875,0.94,0.94,9056
2003-10-10,0.975,0.9925,0.95,0.95,6133
2003-10-13,0.975,0.9925,0.9625,0.975,7222
2003-10-14,0.9675,0.985,0.9525,0.955,5643
2003-10-15,0.97,1,0.8975,0.95,7116
2003-10-16,0.975,0.9875,0.9675,0.9675,2762
2003-10-17,0.9675,0.98,0.95,0.95,5787
2003-10-20,0.9675,0.975,0.9675,0.975,3308
2003-10-21,0.9675,0.975,0.9675,0.975,3945
2003-10-22,0.965,0.975,0.95,0.95,3825
2003-10-23,0.9725,0.975,0.9625,0.965,4484
2003-10-24,0.97,0.985,0.955,0.955,2955
2003-10-27,1,1.0025,0.975,0.975,3855
2003-10-28,0.97,0.98,0.96,0.98,1997
2003-10-29,0.97,0.975,0.965,0.97,2864
2003-10-30,0.9725,0.9825,0.965,0.975,2870
2003-10-31,0.9875,0.9925,0.9675,0.9675,4907
2003-11-03,0.975,0.9975,0.97,0.995,6398
2003-11-04,0.9725,0.9775,0.95,0.95,9466
2003-11-05,0.9625,0.9825,0.925,0.975,4258
2003-11-06,1,1.0125,0.97,0.98,7802
2003-11-07,1.035,1.1,0.9625,1.1,15433
2003-11-10,1.115,1.135,1.0375,1.055,7376
2003-11-11,1.2225,1.225,1.1575,1.175,24620
2003-11-12,1.2675,1.3175,1.205,1.205,23876
2003-11-13,1.1475,1.39,1.1425,1.39,13110
2003-11-14,1.105,1.1475,1.065,1.1475,7229
2003-11-17,1.1225,1.1475,1.105,1.115,4135
2003-11-18,1.1175,1.125,1.0875,1.0875,3335
2003-11-19,1.08,1.1175,1.075,1.1,2385
2003-11-20,1.05,1.0875,1.035,1.035,8395
2003-11-21,1.0475,1.0625,1.015,1.045,3670
2003-11-24,1.055,1.06,1.0125,1.06,8999
2003-11-25,1.09,1.1,1.065,1.0775,3845
2003-11-27,1.0775,1.15,1.075,1.1475,6985
2003-11-28,1.1425,1.155,1.0925,1.0925,13119
2003-12-01,1.1975,1.25,1.17,1.17,10061
2003-12-02,1.175,1.2,1.1325,1.1525,14839
2003-12-03,1.2475,1.285,1.12,1.155,36305
2003-12-04,1.2025,1.2725,1.155,1.155,12914
2003-12-05,1.145,1.2,1.125,1.175,12199
2003-12-08,1.16,1.1875,1.1275,1.175,8479
2003-12-09,1.215,1.225,1.1525,1.225,8355
2003-12-10,1.2075,1.2625,1.2025,1.25,9914
2003-12-11,1.2,1.245,1.19,1.2075,10791
2003-12-12,1.32,1.32,1.2025,1.21,67412
2003-12-15,1.3475,1.4475,1.285,1.4475,48561
2003-12-16,1.3675,1.3875,1.31,1.34,37163
2003-12-17,1.2875,1.375,1.275,1.345,15815
2003-12-18,1.295,1.35,1.2875,1.345,41582
2003-12-19,1.28,1.3325,1.27,1.27,20010
2003-12-22,1.2775,1.325,1.255,1.285,15755
2003-12-23,1.24,1.275,1.2125,1.2625,22272
2003-12-24,1.255,1.3,1.2125,1.2125,23791
2003-12-26,1.3625,1.3825,1.3,1.3,47651
2003-12-29,1.3925,1.4975,1.37,1.42,70884
2003-12-30,1.37,1.45,1.345,1.4475,38069
2003-12-31,1.305,1.35,1.2775,1.2775,22874
2004-01-01,1.3025,1.3425,1.2875,1.315,8689
2004-01-02,1.3475,1.3725,1.3,1.35,35632
2004-01-05,1.2825,1.4,1.2625,1.4,24323
2004-01-06,1.2725,1.3025,1.245,1.255,23035
2004-01-07,1.2,1.2625,1.1775,1.2175,11895
2004-01-08,1.245,1.285,1.2,1.285,26750
2004-01-09,1.2025,1.335,1.1925,1.335,20182
2004-01-12,1.175,1.2,1.15,1.2,14259
2004-01-13,1.21,1.225,1.1525,1.155,14292
2004-01-14,1.245,1.275,1.2,1.2,28767
2004-01-15,1.2075,1.25,1.18,1.25,13422
2004-01-16,1.17,1.225,1.155,1.1725,16682
2004-01-19,1.1925,1.2125,1.105,1.1625,15069
2004-01-20,1.165,1.285,1.1525,1.285,7643
2004-01-21,1.135,1.195,1.125,1.195,17821
2004-01-22,1.075,1.125,1.055,1.125,15463
2004-01-23,1.1125,1.14,1.0675,1.0675,9535
2004-01-27,1.155,1.165,1.0775,1.1025,11879
2004-01-28,1.1525,1.165,1.0675,1.0675,6405
2004-01-29,1.1575,1.1625,1.135,1.1375,6442
2004-01-30,1.1175,1.145,1.11,1.13,14602
2004-02-03,1.14,1.195,1.1,1.1,28380
2004-02-04,1.1575,1.1625,1.1275,1.15,18170
2004-02-05,1.21,1.215,1.16,1.165,12116
2004-02-06,1.1975,1.215,1.185,1.215,7795
2004-02-09,1.2,1.225,1.1825,1.225,2076
2004-02-10,1.2,1.22,1.19,1.22,6052
2004-02-11,1.165,1.25,1.1625,1.225,11309
2004-02-12,1.1775,1.2,1.1625,1.1625,12322
2004-02-13,1.2,1.2125,1.175,1.175,16673
2004-02-16,1.24,1.2725,1.205,1.225,15321
2004-02-17,1.2625,1.28,1.24,1.26,20463
2004-02-18,1.245,1.28,1.2375,1.28,8385
2004-02-19,1.215,1.2575,1.215,1.2425,25440
2004-02-20,1.3275,1.3375,1.2,1.225,61846
2004-02-23,1.355,1.425,1.335,1.38,72702
2004-02-24,1.3525,1.3625,1.275,1.32,38448
2004-02-25,1.3475,1.3625,1.3125,1.35,33622
2004-02-26,1.3275,1.375,1.325,1.35,27002
2004-02-27,1.31,1.34,1.275,1.325,18009
2004-03-01,1.3275,1.33,1.3,1.3,14018
2004-03-03,1.3225,1.3275,1.305,1.305,29557
2004-03-04,1.3525,1.3675,1.31,1.35,22451
2004-03-05,1.3775,1.3875,1.33,1.36,19086
2004-03-08,1.3925,1.395,1.3375,1.34,10028
2004-03-09,1.39,1.395,1.35,1.355,12577
2004-03-10,1.4125,1.425,1.36,1.36,14311
2004-03-11,1.395,1.44,1.385,1.4225,14945
2004-03-12,1.385,1.3875,1.3525,1.375,10157
2004-03-15,1.4,1.425,1.3625,1.425,10908
2004-03-16,1.4125,1.43,1.38,1.395,20165
2004-03-17,1.4025,1.425,1.37,1.4075,12075
2004-03-18,1.4,1.4125,1.3875,1.4,18064
2004-03-19,1.405,1.41,1.3825,1.4,8535
2004-03-22,1.41,1.4125,1.3875,1.39,11110
2004-03-23,1.41,1.4125,1.3925,1.395,19262
2004-03-24,1.415,1.425,1.4,1.42,7777
2004-03-25,1.4125,1.4225,1.4025,1.415,6380
2004-03-26,1.4175,1.425,1.41,1.41,6099
2004-03-29,1.4125,1.425,1.41,1.415,7690
2004-03-30,1.4175,1.425,1.4125,1.4125,2325
2004-03-31,1.4325,1.44,1.4125,1.4125,8528
2004-04-01,1.3725,1.41,1.3175,1.4,8628
2004-04-02,1.4225,1.4225,1.35,1.35,10609
2004-04-05,1.425,1.475,1.415,1.475,7525
2004-04-06,1.4225,1.445,1.41,1.425,12896
2004-04-07,1.4375,1.4375,1.4,1.4,2590
2004-04-08,1.49,1.53,1.425,1.425,26306
2004-04-12,1.5175,1.625,1.5,1.5,12995
2004-04-13,1.525,1.55,1.5,1.5,8882
2004-04-15,1.5525,1.5575,1.5025,1.53,10828
2004-04-16,1.555,1.5625,1.5275,1.5275,10997
2004-04-19,1.575,1.5825,1.5525,1.57,10771
2004-04-20,1.575,1.5875,1.56,1.565,12872
2004-04-21,1.6,1.6125,1.5775,1.6,10365
2004-04-22,1.6025,1.65,1.6,1.6,10812
2004-04-23,1.6375,1.7,1.615,1.6375,21445
2004-04-27,1.7275,1.7825,1.6375,1.6375,41688
2004-04-28,1.825,1.875,1.725,1.725,32630
2004-04-29,1.9475,1.97,1.845,1.845,62106
2004-04-30,1.9275,2.05,1.8525,2,69664
2004-05-03,1.7625,1.955,1.735,1.955,29982
2004-05-04,1.935,1.94,1.8,1.8,25162
2004-05-05,1.9275,2,1.9075,1.97,21366
2004-05-06,1.95,1.9575,1.9025,1.95,12953
2004-05-07,1.9425,1.985,1.905,1.9425,13943
2004-05-10,1.93,1.9375,1.8875,1.915,9192
2004-05-11,1.9075,2,1.83,2,13107
2004-05-12,1.9175,1.925,1.8875,1.9,8409
2004-05-13,1.95,1.985,1.825,1.85,12719
2004-05-14,1.8525,1.99,1.805,1.99,17275
2004-05-17,1.6675,1.825,1.6675,1.81,4001
2004-05-18,1.62,1.6925,1.615,1.615,3567
2004-05-19,1.7425,1.7475,1.6325,1.725,2902
2004-05-20,1.75,1.7975,1.7125,1.7125,4240
2004-05-21,1.75,1.775,1.7,1.7,3035
2004-05-24,1.79,1.83,1.735,1.82,2747
2004-05-25,1.785,1.785,1.75,1.7525,2277
2004-05-26,1.7875,1.8075,1.7375,1.775,3804
2004-05-27,1.775,1.785,1.7375,1.7375,3051
2004-05-28,1.73,1.775,1.7275,1.775,11732
2004-05-31,1.69,1.7,1.6,1.6,7281
2004-06-01,1.755,1.7625,1.695,1.695,14645
2004-06-02,1.775,1.775,1.7325,1.775,10410
2004-06-03,1.74,1.795,1.74,1.77,6030
2004-06-04,1.7,1.7225,1.6575,1.66,3659
2004-06-07,1.6575,1.75,1.65,1.7025,2595
2004-06-08,1.66,1.6725,1.65,1.655,3200
2004-06-09,1.67,1.6725,1.65,1.665,4993
2004-06-10,1.6775,1.6775,1.66,1.6725,1051
2004-06-11,1.67,1.68,1.6625,1.665,4324
2004-06-14,1.65,1.6675,1.645,1.65,3182
2004-06-15,1.6925,1.6975,1.645,1.65,7691
2004-06-16,1.6775,1.6875,1.6725,1.675,2368
2004-06-17,1.675,1.7,1.55,1.7,4515
2004-06-18,1.675,1.795,1.65,1.795,5800
2004-06-21,1.6725,1.685,1.66,1.675,5385
2004-06-22,1.68,1.6875,1.6675,1.6675,4275
2004-06-23,1.68,1.685,1.6625,1.6625,5665
2004-06-24,1.6775,1.68,1.655,1.655,2045
2004-06-25,1.7,1.7,1.6825,1.695,3471
2004-06-28,1.68,1.6925,1.675,1.6825,2420
2004-06-29,1.6875,1.7,1.675,1.675,2450
2004-06-30,1.7125,1.7125,1.6825,1.6825,2444
2004-07-01,1.7275,1.7475,1.7175,1.725,2670
2004-07-02,1.75,1.7575,1.725,1.725,4500
2004-07-05,1.7525,1.775,1.73,1.775,4564
2004-07-06,1.7825,1.7875,1.75,1.75,3727
2004-07-07,1.8,1.8175,1.7875,1.7875,6719
2004-07-08,1.7925,1.825,1.775,1.825,9972
2004-07-09,1.815,1.85,1.725,1.725,4770
2004-07-12,1.8475,1.85,1.775,1.775,4854
2004-07-13,1.875,1.9,1.83,1.9,3374
2004-07-14,1.87,1.8875,1.8,1.8,4465
2004-07-15,1.8725,1.8875,1.8175,1.8175,6101
2004-07-16,1.8675,1.895,1.8525,1.8775,6854
2004-07-19,1.9,1.925,1.8575,1.925,11667
2004-07-20,1.9,1.91,1.865,1.865,5931
2004-07-21,1.8875,1.9075,1.865,1.9075,2597
2004-07-22,1.875,1.975,1.7625,1.9,10792
2004-07-23,1.8925,1.9,1.8275,1.83,19173
2004-07-26,1.8925,1.905,1.8,1.8,12636
2004-07-27,1.8625,1.9,1.8575,1.8875,23780
2004-07-28,1.9,1.905,1.875,1.89,8541
2004-07-29,1.8925,1.925,1.8625,1.925,16974
2004-07-30,1.9025,1.905,1.875,1.875,15723
2004-08-02,1.875,2.05,1.865,1.995,28056
2004-08-03,1.8875,1.9,1.8675,1.8775,17590
2004-08-04,1.7925,1.8725,1.7775,1.8225,53919
2004-08-05,1.7425,1.925,1.7325,1.9225,3832
2004-08-06,1.6875,1.825,1.6875,1.825,7290
2004-08-09,1.6575,1.6875,1.64,1.6575,6381
2004-08-10,1.675,1.7,1.65,1.7,4263
2004-08-11,1.65,1.7,1.63,1.7,3000
2004-08-12,1.625,1.6625,1.6025,1.6275,6568
2004-08-13,1.615,1.625,1.565,1.6,3080
2004-08-16,1.595,1.605,1.555,1.565,8143
2004-08-17,1.62,1.6425,1.58,1.58,6542
2004-08-18,1.61,1.6625,1.605,1.64,7442
2004-08-19,1.605,1.65,1.6025,1.6025,3191
2004-08-20,1.6475,1.6575,1.6125,1.615,5115
2004-08-23,1.6,1.63,1.58,1.63,6645
2004-08-24,1.5525,1.5875,1.55,1.5775,3413
2004-08-25,1.535,1.65,1.52,1.65,3195
2004-08-26,1.5525,1.685,1.5,1.685,4390
2004-08-27,1.5375,1.5975,1.525,1.5975,5412
2004-08-30,1.6725,1.685,1.5725,1.6,14553
2004-08-31,1.71,1.77,1.67,1.7125,13464
2004-09-01,1.765,1.82,1.75,1.78,18213
2004-09-02,1.77,1.87,1.7625,1.7975,7125
2004-09-03,1.75,1.7625,1.725,1.725,4930
2004-09-06,1.76,1.765,1.7,1.75,9852
2004-09-07,1.76,1.77,1.7125,1.7125,8650
2004-09-08,1.7525,1.825,1.735,1.75,13571
2004-09-09,1.78,1.8,1.76,1.765,10483
2004-09-10,1.7975,1.9,1.785,1.9,10541
2004-09-13,1.8475,1.96,1.8,1.8,15277
2004-09-14,1.8525,1.9,1.85,1.85,6645
2004-09-15,1.845,1.865,1.825,1.825,6973
2004-09-16,1.8575,1.8675,1.8125,1.8125,5345
2004-09-17,1.8675,1.9,1.83,1.89,12706
2004-09-20,1.845,1.875,1.7,1.85,10550
2004-09-21,1.835,1.85,1.6625,1.815,9226
2004-09-22,1.8225,1.85,1.8,1.8,10197
2004-09-23,1.82,1.845,1.7875,1.82,9642
2004-09-24,1.8025,1.8125,1.765,1.765,7573
2004-09-27,1.8625,1.865,1.7775,1.8,8327
2004-09-28,1.845,1.875,1.825,1.875,10292
2004-09-29,1.8675,1.8875,1.805,1.805,9123
2004-09-30,1.8575,1.8925,1.8125,1.825,10045
2004-10-01,1.8725,1.88,1.825,1.85,7178
2004-10-04,1.8775,1.8875,1.8375,1.85,11257
2004-10-05,1.89,1.9,1.8375,1.8375,14160
2004-10-06,1.925,2,1.9025,1.925,13902
2004-10-07,1.92,1.9375,1.85,1.85,6350
2004-10-08,1.9025,1.935,1.88,1.8925,19680
2004-10-11,1.9,1.95,1.9,1.9275,6750
2004-10-12,1.865,1.8875,1.8575,1.8875,5571
2004-10-14,1.86,1.9,1.85,1.85,4700
2004-10-15,1.855,1.9,1.8525,1.8525,5095
2004-10-18,1.83,1.8625,1.8,1.855,6165
2004-10-19,1.845,1.85,1.825,1.825,4095
2004-10-20,1.8175,1.845,1.8,1.8125,5270
2004-10-21,1.8175,1.825,1.8075,1.81,5700
2004-10-25,1.805,1.825,1.8,1.825,7532
2004-10-26,1.78,1.825,1.77,1.7725,6950
2004-10-27,1.7625,1.7675,1.66,1.66,2772
2004-10-28,1.75,1.7725,1.7425,1.7425,2490
2004-10-29,1.8125,1.825,1.7125,1.7125,12098
2004-11-01,1.7525,1.78,1.75,1.775,6679
2004-11-02,1.76,1.925,1.75,1.925,5368
2004-11-03,1.7625,1.85,1.7625,1.85,7047
2004-11-04,1.77,1.795,1.7625,1.7625,7197
2004-11-05,1.725,1.785,1.705,1.785,5494
2004-11-08,1.75,1.775,1.725,1.775,6066
2004-11-09,1.7125,1.7475,1.7025,1.7475,3896
2004-11-10,1.705,1.725,1.6975,1.7,4955
2004-11-11,1.72,1.75,1.7,1.71,7730
2004-11-12,1.755,1.7725,1.7075,1.7075,2875
2004-11-16,1.7525,1.81,1.7275,1.81,5029
2004-11-17,1.93,1.93,1.795,1.795,53088
2004-11-18,1.9675,2.05,1.95,1.995,43295
2004-11-19,1.89,2.0425,1.855,2,22255
2004-11-22,1.9225,1.945,1.76,1.76,11674
2004-11-23,1.95,1.99,1.935,1.99,20860
2004-11-24,1.915,1.985,1.9,1.95,14822
2004-11-25,2.105,2.1075,1.935,1.95,81212
2004-11-29,2.3175,2.3175,2.195,2.25,112675
2004-11-30,2.15,2.435,2.1125,2.435,72236
2004-12-01,2.14,2.365,2.0775,2.365,61225
2004-12-02,2.0725,2.1825,2.0075,2.0075,18604
2004-12-03,2.0125,2.14,1.995,2.105,24262
2004-12-06,1.9925,2.15,1.9775,2,17135
2004-12-07,1.97,2.1,1.95,2.1,18208
2004-12-08,1.9725,2.035,1.9575,1.98,13143
2004-12-09,2.0125,2.035,1.9625,2.0225,12658
2004-12-10,2.05,2.0875,2,2,23748
2004-12-13,2.035,2.075,1.99,2.035,9602
2004-12-14,2.0575,2.13,2.0125,2.0125,23762
2004-12-15,2.0575,2.15,2.055,2.125,22504
2004-12-16,2.0025,2.05,1.9925,2.005,13021
2004-12-17,1.9775,2.025,1.975,2.0225,12164
2004-12-20,1.94,1.9925,1.925,1.94,17607
2004-12-21,1.99,2.005,1.9675,2.005,13583
2004-12-22,1.975,2.0175,1.96,1.96,16483
2004-12-23,2.085,2.1725,1.9625,2,59646
2004-12-24,2.01,2.115,1.98,2.1075,33228
2004-12-27,2.04,2.1375,1.95,2.115,27230
2004-12-28,2.0725,2.125,2.05,2.095,33537
2004-12-29,2.1,2.175,2.08,2.135,48824
2004-12-30,2.0525,2.15,2.025,2.15,20000
2004-12-31,2.0425,2.1,2.01,2.01,18577
2005-01-03,2.085,2.1125,2.0325,2.0325,32170
2005-01-04,2.0275,2.0975,2,2.0625,23083
2005-01-05,1.9225,2.09,1.8775,2.09,23765
2005-01-06,1.9325,1.995,1.85,1.9,22004
2005-01-07,1.9975,2.0125,1.9,1.915,16589
2005-01-10,1.99,2.05,1.9625,2.0275,12728
2005-01-11,1.9025,2.0175,1.8925,2,19128
2005-01-12,1.88,1.95,1.865,1.95,10891
2005-01-13,1.9625,1.975,1.8075,1.81,12213
2005-01-14,1.9275,1.98,1.9225,1.9275,10465
2005-01-17,1.8525,1.9225,1.8425,1.875,5803
2005-01-18,1.9,1.925,1.86,1.875,3787
2005-01-19,1.8725,1.95,1.865,1.925,7131
2005-01-20,1.8325,1.875,1.8225,1.875,4542
2005-01-24,1.79,1.8625,1.76,1.8375,6030
2005-01-25,1.79,1.845,1.7775,1.82,12015
2005-01-27,1.78,1.8125,1.7,1.805,17165
2005-01-28,1.75,1.795,1.7375,1.755,10184
2005-01-31,1.83,1.875,1.7375,1.75,16553
2005-02-01,1.775,1.825,1.7725,1.8,4466
2005-02-02,1.79,1.85,1.77,1.85,7505
2005-02-03,1.82,1.9,1.75,1.9,13574
2005-02-04,1.87,1.885,1.7625,1.8,37071
2005-02-07,1.9,1.925,1.88,1.9,20025
2005-02-08,1.8925,1.95,1.885,1.9,17159
2005-02-09,1.91,1.9475,1.8825,1.9,16417
2005-02-10,1.8925,1.925,1.88,1.89,14267
2005-02-11,1.88,1.9275,1.86,1.925,20441
2005-02-14,1.8825,1.9,1.8675,1.8675,40359
2005-02-15,1.8525,1.89,1.835,1.89,11301
2005-02-16,1.7975,1.9,1.7625,1.9,17630
2005-02-17,1.815,1.8375,1.79,1.8,8472
2005-02-18,1.7975,1.84,1.7875,1.7875,9302
2005-02-21,1.7575,1.815,1.75,1.79,10871
2005-02-22,1.725,1.7875,1.725,1.775,4970
2005-02-23,1.7475,1.7975,1.7375,1.7375,8217
2005-02-24,1.73,1.75,1.7175,1.7325,10523
2005-02-25,1.73,1.765,1.7,1.7375,9730
2005-02-28,1.7375,1.795,1.73,1.75,8337
2005-03-01,1.765,1.825,1.7125,1.7475,32040
2005-03-02,1.795,1.825,1.74,1.75,15706
2005-03-03,1.8575,1.92,1.7675,1.7975,43747
2005-03-04,1.8475,1.875,1.83,1.85,25780
2005-03-07,1.85,1.8975,1.825,1.8325,12295
2005-03-08,1.835,1.85,1.81,1.825,19639
2005-03-09,1.7675,1.87,1.75,1.8075,21237
2005-03-10,1.765,1.81,1.75,1.775,7073
2005-03-11,1.7525,1.79,1.7325,1.755,6776
2005-03-14,1.73,1.8,1.7,1.725,12784
2005-03-15,1.7125,1.75,1.705,1.75,4534
2005-03-16,1.735,1.745,1.695,1.715,7166
2005-03-17,1.7025,1.735,1.7,1.735,5083
2005-03-18,1.6725,1.7025,1.6175,1.7,8882
2005-03-21,1.645,1.7075,1.6075,1.675,5723
2005-03-22,1.5975,1.645,1.5875,1.6275,4745
2005-03-23,1.5925,1.625,1.575,1.625,7515
2005-03-24,1.5225,1.62,1.5025,1.6125,12327
2005-03-28,1.5325,1.6,1.485,1.6,5008
2005-03-29,1.465,1.5375,1.455,1.5325,13101
2005-03-30,1.48,1.6,1.415,1.45,12640
2005-03-31,1.5875,1.64,1.4675,1.475,12026
2005-04-01,1.69,1.7975,1.56,1.6,16374
2005-04-04,1.6725,1.76,1.645,1.7125,24464
2005-04-05,1.69,1.725,1.6775,1.725,11946
2005-04-06,1.7925,1.82,1.71,1.71,25802
2005-04-07,1.815,1.92,1.8,1.8,33255
2005-04-08,1.7875,1.8775,1.7625,1.825,19017
2005-04-11,1.7975,1.8175,1.75,1.75,6053
2005-04-12,1.8025,1.84,1.8,1.835,9572
2005-04-13,1.785,1.835,1.7525,1.7525,7272
2005-04-15,1.7075,1.78,1.68,1.78,8400
2005-04-18,1.705,1.75,1.6875,1.7,10278
2005-04-19,1.735,1.795,1.72,1.795,8249
2005-04-20,1.65,1.735,1.63,1.7,6441
2005-04-21,1.675,1.7,1.6675,1.6725,4075
2005-04-22,1.72,1.7325,1.6,1.65,7180
2005-04-25,1.7375,1.895,1.7075,1.895,7078
2005-04-26,1.7,1.75,1.7,1.75,4278
2005-04-27,1.67,1.7125,1.66,1.675,3566
2005-04-28,1.65,1.715,1.65,1.715,3398
2005-04-29,1.61,1.6475,1.6,1.6025,4770
2005-05-02,1.75,1.805,1.6025,1.645,9284
2005-05-03,1.8225,1.8875,1.75,1.78,69861
2005-05-04,1.845,1.9475,1.805,1.87,92240
2005-05-05,1.7975,1.915,1.79,1.915,31299
2005-05-06,1.7825,1.825,1.71,1.71,9150
2005-05-09,1.8275,1.8475,1.7775,1.8,8942
2005-05-10,1.8225,1.85,1.805,1.825,12679
2005-05-11,1.865,1.885,1.705,1.705,25713
2005-05-12,1.87,1.9,1.8125,1.8775,16359
2005-05-13,1.855,1.99,1.8,1.99,25377
2005-05-16,1.8825,1.92,1.8575,1.9,13967
2005-05-17,1.87,1.92,1.8575,1.9,19962
2005-05-18,1.8825,1.915,1.8025,1.83,14463
2005-05-19,1.91,1.95,1.8,1.935,43650
2005-05-20,1.965,2.005,1.9075,1.9125,50403
2005-05-23,2.2275,2.3225,2.015,2.015,174491
2005-05-24,2.135,2.4975,2.11,2.4975,93040
2005-05-25,2.1575,2.2225,2.135,2.17,52213
2005-05-26,2.1225,2.17,2.075,2.115,36711
2005-05-27,2.1125,2.22,2.07,2.19,52630
2005-05-30,2.1525,2.175,2.0625,2.1,37361
2005-05-31,2.1625,2.175,2.1125,2.1125,23316
2005-06-01,2.1225,2.2125,2.1,2.2125,34050
2005-06-02,2.345,2.4325,2.105,2.125,166076
2005-06-03,2.395,2.495,2.3675,2.42,474307
2005-06-06,2.7475,2.8325,2.6675,2.6675,463798
2005-06-07,2.7,2.7725,2.655,2.7725,203297
2005-06-08,2.7225,2.8175,2.705,2.7375,212298
2005-06-09,2.6925,2.785,2.6775,2.725,111666
2005-06-10,2.59,2.7325,2.5575,2.705,109508
2005-06-13,2.505,2.6225,2.4,2.62,70378
2005-06-14,2.5125,2.545,2.475,2.5125,33259
2005-06-15,2.615,2.7275,2.45,2.5125,148652
2005-06-16,2.51,2.69,2.5,2.69,42716
2005-06-17,2.4075,2.59,2.375,2.5,48149
2005-06-20,2.3925,2.6175,2.37,2.4725,53785
2005-06-21,2.34,2.3925,2.2275,2.3325,34626
2005-06-22,2.365,2.485,2.3175,2.3175,52367
2005-06-23,2.325,2.4175,2.3125,2.4175,22326
2005-06-24,2.34,2.39,2.3,2.3125,45392
2005-06-27,2.495,2.535,2.3125,2.35,105448
2005-06-28,2.565,2.67,2.525,2.525,203641
2005-06-29,2.55,2.6,2.525,2.5875,44674
2005-06-30,2.4625,2.5825,2.4025,2.4025,58390
2005-07-01,2.4475,2.5875,2.4,2.5875,19129
2005-07-04,2.45,2.5875,2.425,2.5875,36923
2005-07-05,2.445,2.5,2.355,2.355,23718
2005-07-06,2.4575,2.4925,2.45,2.45,18062
2005-07-07,2.4225,2.4975,2.4,2.4975,33525
2005-07-08,2.4425,2.5,2.4,2.4975,19406
2005-07-11,2.49,2.5,2.42,2.475,25784
2005-07-12,2.495,2.595,2.475,2.475,42179
2005-07-13,2.46,2.5225,2.45,2.485,29928
2005-07-14,2.45,2.58,2.435,2.58,21842
2005-07-15,2.4525,2.4875,2.43,2.445,22186
2005-07-18,2.5575,2.645,2.45,2.5,97257
2005-07-19,2.55,2.685,2.5275,2.6,42125
2005-07-20,2.545,2.67,2.5,2.67,35521
2005-07-21,2.5125,2.595,2.49,2.5,47343
2005-07-22,2.5175,2.545,2.5,2.525,25130
2005-07-25,2.6175,2.7,2.525,2.525,84112
2005-07-26,2.565,2.6225,2.525,2.6,40279
2005-07-27,2.6,2.6125,2.525,2.58,27248
2005-07-29,2.63,2.6675,2.575,2.575,46735
2005-08-01,2.585,2.6875,2.55,2.6625,19447
2005-08-02,2.6725,2.69,2.5825,2.6,53310
2005-08-03,2.6825,2.73,2.5675,2.73,48535
2005-08-04,2.735,2.76,2.6025,2.6025,43501
2005-08-05,2.8275,2.8625,2.7375,2.7375,83710
2005-08-08,2.8325,2.99,2.77,2.99,41730
2005-08-09,2.9375,3.0175,2.775,2.775,138757
2005-08-10,3.0225,3.45,2.9725,3.045,59947
2005-08-11,3.61,3.6275,3,3.0475,745625
2005-08-12,3.385,3.715,3.35,3.625,314145
2005-08-16,3.4225,3.545,3.33,3.4425,94397
2005-08-17,3.315,3.49,3.275,3.4225,58052
2005-08-18,3.195,3.3625,3.15,3.35,60542
2005-08-19,3.1925,3.2425,3.1125,3.2,27206
2005-08-22,3.19,3.35,3.16,3.235,40052
2005-08-23,3.2175,3.295,3.175,3.2,40102
2005-08-24,3.1675,3.2375,3.1,3.14,27658
2005-08-25,3.1975,3.235,3.175,3.1975,11277
2005-08-26,3.245,3.295,3.2,3.2,16288
2005-08-29,3.255,3.3,3.2025,3.25,23308
2005-08-30,3.2625,3.3725,3.2025,3.205,44735
2005-08-31,3.3275,3.365,3.275,3.34,28064
2005-09-01,3.38,3.74,3.2775,3.74,54896
2005-09-02,3.5175,3.625,3.45,3.475,116855
2005-09-05,3.58,3.7,3.55,3.55,85003
2005-09-06,3.53,3.645,3.505,3.6075,37913
2005-09-08,3.7375,3.8,3.51,3.645,95974
2005-09-09,3.73,3.835,3.575,3.725,127150
2005-09-12,3.9275,4.0725,3.675,3.675,327821
2005-09-13,4.715,4.715,3.895,4.03,459016
2005-09-14,5.5925,5.5925,4.825,4.95,726491
2005-09-15,5.54,5.9725,5.3575,5.9725,1092075
2005-09-16,5.28,5.6,5.2125,5.6,230504
2005-09-19,5.29,5.4725,5.16,5.35,194821
2005-09-20,5.0625,5.335,5.0025,5.27,129663
2005-09-21,5.32,5.4975,4.75,5.1975,276612
2005-09-22,4.8,5.45,4.79,5.25,142007
2005-09-23,4.55,5,4.375,4.7575,92546
2005-09-26,5.005,5.005,4.5925,4.5925,214107
2005-09-27,4.9,5.225,4.85,5.225,85900
2005-09-28,4.8325,4.9925,4.8,4.9925,30920
2005-09-29,5.015,5.3175,4.85,4.85,122778
2005-09-30,4.775,5.12,4.61,5.05,83419
2005-10-03,4.7525,4.87,4.705,4.87,33235
2005-10-04,4.8175,5.05,4.7625,4.7775,83513
2005-10-05,4.995,5.125,4.675,4.8175,171162
2005-10-06,4.69,4.995,4.6325,4.95,45561
2005-10-07,4.565,4.8475,4.53,4.775,71028
2005-10-10,4.55,4.79,4.54,4.79,20883
2005-10-11,4.505,4.58,4.4775,4.575,19500
2005-10-13,4.8,4.9575,4.55,4.55,154955
2005-10-14,4.66,4.8825,4.6275,4.82,52472
2005-10-17,4.5025,4.65,4.4,4.65,46725
2005-10-18,4.505,4.7725,4.45,4.45,55200
2005-10-19,4.3575,4.545,4.0725,4.5,38806
2005-10-20,4.3075,4.6225,4.1,4.575,35967
2005-10-21,4.305,4.45,4.1,4.45,36983
2005-10-24,4.51,4.6825,4.4,4.465,74069
2005-10-25,4.535,4.645,4.4525,4.565,23899
2005-10-26,4.52,4.6,4.4825,4.58,20138
2005-10-27,4.45,4.54,4.4025,4.51,11801
2005-10-28,4.42,4.495,4.1625,4.45,19445
2005-10-31,4.44,4.48,4.355,4.4,9512
2005-11-01,4.4925,4.55,4.355,4.4,6149
2005-11-02,4.5525,4.575,4.4975,4.5,5055
2005-11-07,4.56,4.65,4.525,4.6,13020
2005-11-08,4.6375,4.77,4.525,4.605,51304
2005-11-09,4.5525,4.735,4.525,4.6475,18967
2005-11-10,4.2525,4.6,4.23,4.55,106100
2005-11-11,4.2625,4.39,4.22,4.2825,54663
2005-11-14,4.165,4.375,4.15,4.37,32877
2005-11-16,4.255,4.34,4.0625,4.18,70435
2005-11-17,4.255,4.35,4.25,4.275,97326
2005-11-18,4.2625,4.31,4.25,4.265,51384
2005-11-21,4.275,4.3,4.2375,4.255,16166
2005-11-22,4.25,4.3,4.25,4.25,12838
2005-11-23,4.26,4.2875,4.22,4.22,16995
2005-11-24,4.25,4.55,4.225,4.55,12796
2005-11-25,4.275,4.295,4.2125,4.295,12032
2005-11-28,4.2775,4.4,4.25,4.35,17279
2005-11-29,4.255,4.295,4.11,4.2,10744
2005-11-30,4.25,4.3,4.205,4.205,16345
2005-12-01,4.3075,4.5,4.25,4.26,23148
2005-12-02,4.3425,4.45,4.285,4.345,16789
2005-12-05,4.245,4.375,4.21,4.37,6353
2005-12-06,4.25,4.275,4.13,4.2,5662
2005-12-07,4.25,4.3,4.205,4.25,45806
2005-12-08,4.2425,4.31,4.2,4.31,13618
2005-12-09,4.2625,4.3375,4.2,4.325,60894
2005-12-12,4.2525,4.315,4.25,4.27,6932
2005-12-13,4.235,4.275,4.21,4.235,7751
2005-12-14,4.25,4.3,4.15,4.15,6491
2005-12-15,4.24,4.285,4.2,4.25,90204
2005-12-16,4.185,4.285,4.125,4.27,33097
2005-12-19,4.1325,4.225,4.105,4.22,24036
2005-12-20,4.13,4.2375,4.0575,4.2375,51334
2005-12-21,4.1625,4.265,4.1,4.215,14864
2005-12-22,4.135,4.21,4.1,4.2,10980
2005-12-23,4.1425,4.22,4.1125,4.1125,22805
2005-12-26,4.085,4.155,4.055,4.155,14127
2005-12-27,4.1225,4.15,4.05,4.05,12863
2005-12-28,4.13,4.2,4.1,4.1,9111
2005-12-29,4.25,4.3,4.115,4.245,24166
2005-12-30,4.3975,4.475,4.325,4.4,62722
2006-01-02,4.8375,4.8375,4.5,4.5,289298
2006-01-03,4.735,4.9,4.55,4.9,95540
2006-01-04,5.08,5.185,4.7,4.88,210466
2006-01-05,5,5.335,4.88,5.055,375614
2006-01-06,5.0875,5.175,4.9625,5.175,538829
2006-01-09,5.1125,5.15,5.075,5.1375,150358
2006-01-10,4.875,5.125,4.8625,5.125,246962
2006-01-12,4.65,4.9,4.6375,4.9,181124
2006-01-13,4.45,4.7375,4.425,4.7,281877
2006-01-16,4.2625,4.65,4.2375,4.375,264094
2006-01-17,4.475,4.475,4.35,4.4,121215
2006-01-18,4.5125,4.5625,4.375,4.5625,95935
2006-01-19,4.7375,4.7375,4.525,4.525,216815
2006-01-20,4.825,4.95,4.7375,4.7375,205380
2006-01-23,4.925,4.9625,4.625,4.825,168364
2006-01-24,4.925,5.125,4.875,5.125,131940
2006-01-25,4.775,4.9625,4.7125,4.9625,78763
2006-01-27,4.75,4.9,4.625,4.75,80061
2006-01-30,4.675,4.8125,4.6375,4.8125,61896
2006-01-31,4.675,4.75,4.6125,4.75,47275
2006-02-01,4.5625,4.75,4.5625,4.7375,69695
2006-02-02,4.4875,4.65,4.4,4.65,46528
2006-02-03,4.4375,4.5375,4.275,4.4,45274
2006-02-06,4.525,4.65,4.4625,4.5875,104097
2006-02-07,4.5875,4.7375,4.55,4.625,79802
2006-02-08,4.5125,4.6,4.475,4.5625,63173
2006-02-10,4.5375,4.625,4.475,4.625,34413
2006-02-13,4.5,4.5625,4.5,4.5,29817
2006-02-14,4.9625,5.275,4.4,4.5,461234
2006-02-15,4.975,5.125,4.9375,5,206015
2006-02-16,4.975,5.075,4.9125,5.025,74148
2006-02-17,4.8875,5.0875,4.85,5.05,106252
2006-02-20,4.7625,4.9,4.5375,4.9,67139
2006-02-21,4.6375,4.85,4.5,4.85,88652
2006-02-22,4.7,4.7625,4.525,4.525,34337
2006-02-23,4.6625,4.7375,4.5875,4.7,58905
2006-02-24,4.6375,4.7125,4.575,4.625,43808
2006-02-27,4.6625,4.75,4.55,4.55,40791
2006-02-28,4.6625,5.475,4.5375,4.75,97195
2006-03-01,4.75,4.8125,4.575,4.7125,56187
2006-03-02,4.7875,4.925,4.6875,4.8125,136782
2006-03-03,4.7125,4.775,4.6375,4.7625,67571
2006-03-06,4.7375,4.7625,4.65,4.7125,61031
2006-03-07,4.75,4.8125,4.5625,4.75,86948
2006-03-08,4.975,5.0125,4.6625,4.825,229901
2006-03-09,4.925,5,4.65,5,89451
2006-03-10,4.9375,5,4.9,4.9,154127
2006-03-13,4.9,5,4.875,4.8875,95333
2006-03-14,4.85,4.95,4.8,4.95,67204
2006-03-16,4.75,4.8625,4.675,4.7625,29414
2006-03-17,4.7375,4.8125,4.6875,4.7375,45588
2006-03-20,4.75,4.8,4.625,4.8,54317
2006-03-21,4.6875,4.75,4.6375,4.6625,39676
2006-03-22,4.6125,4.725,4.525,4.6875,59666
2006-03-23,4.625,4.6625,4.55,4.55,70113
2006-03-24,4.5625,4.6625,4.525,4.6,42182
2006-03-27,4.6375,4.7,4.5625,4.5875,55876
2006-03-28,4.625,4.7,4.55,4.625,29359
2006-03-29,4.5625,4.6125,4.5375,4.575,23019
2006-03-30,4.5625,4.65,4.5125,4.5625,32140
2006-03-31,4.725,4.875,4.55,4.575,58570
2006-04-03,4.7,4.85,4.675,4.775,32134
2006-04-04,4.325,4.65,4.2625,4.55,206702
2006-04-05,5.2,5.2,4.3125,4.45,672055
2006-04-07,6.2125,6.25,5.75,6.2,2382018
2006-04-10,7.4625,7.4625,6.425,6.5625,2219926
2006-04-12,7.1,8.125,6.975,7.7375,1570652
2006-04-13,6.8,7.35,6.65,7.1,773596
2006-04-17,6.825,7.2125,6.75,6.9375,354403
2006-04-18,6.475,7.025,6.375,6.95,300687
2006-04-19,6.675,7.125,6.3,6.6125,698551
2006-04-20,6.8125,6.9125,6.5125,6.7625,228907
2006-04-21,6.7375,7,6.5625,6.8625,272541
2006-04-24,6.4625,7.1,6.25,6.25,519906
2006-04-25,6.2125,6.475,6.125,6.475,329334
2006-04-26,6.0875,6.3625,6.0625,6.2125,171550
2006-04-27,6.65,6.7,6.0625,6.1875,694880
2006-04-28,6.325,6.5,6.125,6.25,266890
2006-05-02,6.5375,6.875,6.5,6.8625,233061
2006-05-03,6.4375,6.625,6.3125,6.625,124796
2006-05-04,6.4125,6.5875,6.3125,6.4,112353
2006-05-05,6.2625,6.5,6.25,6.5,136854
2006-05-08,6.275,6.4125,6.2625,6.4125,91593
2006-05-09,6.275,6.3875,6.1375,6.3875,102089
2006-05-10,6.175,6.3625,6.075,6.2875,140091
2006-05-11,5.9875,6.225,5.85,6.125,78452
2006-05-12,5.9,6.125,5.825,6.125,79521
2006-05-15,5.6,5.9625,5.525,5.75,98693
2006-05-16,5.3,5.625,5.0625,5.625,146273
2006-05-17,5.8375,5.8375,5.5125,5.5625,45431
2006-05-18,5.5625,6.375,5.375,6.125,276746
2006-05-19,5.35,5.9,5.125,5.75,138782
2006-05-22,4.975,5.35,4.825,5.3,141997
2006-05-23,5.1875,5.3125,4.65,5.1375,92505
2006-05-24,5.125,5.425,5.025,5.2125,63734
2006-05-25,5.3,5.3625,4.825,5.1375,51902
2006-05-26,5.3125,5.5,5.075,5.35,84087
2006-05-29,5.25,5.45,5.1875,5.375,53141
2006-05-30,5.2,5.7125,5.075,5.1875,122000
2006-05-31,5.0375,5.125,4.75,5.125,72599
2006-06-01,4.9125,5.225,4.8875,5.125,31711
2006-06-02,4.85,5.0125,4.6375,4.825,106791
2006-06-05,4.6,5.075,4.4375,5.075,64662
2006-06-06,4.3625,4.625,4.15,4.625,63506
2006-06-07,4.0125,4.325,3.925,4.325,113489
2006-06-08,3.8125,4,3.8125,4,75271
2006-06-09,3.775,3.875,3.625,3.775,96194
2006-06-12,3.8,3.9625,3.7625,3.7625,40170
2006-06-13,3.75,3.8125,3.6125,3.65,83993
2006-06-14,3.75,3.875,3.6625,3.775,78341
2006-06-15,3.9375,3.9375,3.65,3.65,94211
2006-06-16,4.1375,4.1375,4,4.1125,27669
2006-06-19,4.35,4.35,4.1375,4.1375,32870
2006-06-20,4.5625,4.575,4.1875,4.1875,57904
2006-06-21,4.8,4.8,4.625,4.725,33241
2006-06-22,5.05,5.05,4.975,4.975,38975
2006-06-23,5.0125,5.1875,4.95,5,56349
2006-06-26,4.7875,5.125,4.7625,5.0875,68265
2006-06-27,4.725,4.7875,4.65,4.775,56005
2006-06-28,4.6125,4.7375,4.5625,4.5625,21066
2006-06-29,4.6875,4.75,4.65,4.65,20442
2006-06-30,4.9125,4.925,4.5875,4.8375,78945
2006-07-03,4.95,5,4.9125,4.925,26685
2006-07-04,4.9375,5.1625,4.7625,4.875,54139
2006-07-05,4.9125,4.95,4.8125,4.875,39617
2006-07-06,4.8875,4.9625,4.75,4.75,28090
2006-07-07,4.8375,4.95,4.75,4.775,28921
2006-07-10,4.75,4.8375,4.6625,4.75,29901
2006-07-11,4.7625,4.8,4.7,4.75,22342
2006-07-12,4.7125,4.75,4.6,4.6,23978
2006-07-13,4.7,4.8625,4.675,4.8625,16758
2006-07-14,4.7,4.75,4.525,4.525,4904
2006-07-17,4.625,4.7125,4.5875,4.625,17626
2006-07-18,4.5,4.6,4.475,4.6,29903
2006-07-19,4.45,4.625,4.35,4.35,26251
2006-07-20,4.5,4.625,4.3,4.5625,48231
2006-07-21,4.4,4.5625,4.275,4.3,24026
2006-07-24,4.4,4.625,4.375,4.625,13331
2006-07-25,4.475,4.5,4.2625,4.3375,25965
2006-07-26,4.4875,4.5625,4.4,4.5,11131
2006-07-27,4.5,4.5625,4.325,4.325,21858
2006-07-28,4.4875,4.6,4.425,4.45,8175
2006-07-31,4.5125,4.575,4.5,4.5,13578
2006-08-01,4.525,4.5625,4.3125,4.5,24084
2006-08-02,4.5875,4.6375,4.3875,4.5,34439
2006-08-03,4.625,4.725,4.5,4.5,22180
2006-08-04,4.6375,4.6625,4.525,4.525,13039
2006-08-07,4.625,4.6875,4.5125,4.675,12658
2006-08-08,4.6375,4.6875,4.5125,4.5125,12390
2006-08-09,4.725,4.7875,4.575,4.675,23362
2006-08-10,4.7625,4.85,4.5,4.725,25994
2006-08-11,5.2,5.25,4.6375,4.6375,178675
2006-08-14,5.3375,5.65,5.2125,5.3875,127139
2006-08-16,5.475,5.825,5.45,5.5,141645
2006-08-17,5.375,5.5625,5.25,5.5,59425
2006-08-18,5.2,5.3375,5.15,5.2,32893
2006-08-21,5.2,5.4375,5.125,5.25,61357
2006-08-22,5.125,5.25,5.0875,5.1875,25428
2006-08-23,5.075,5.25,5.0625,5.25,29409
2006-08-24,5.0125,5.0625,4.925,5.025,23199
2006-08-25,4.9625,5.225,4.9125,5.225,19996
2006-08-28,4.9875,5.05,4.875,4.875,18990
2006-08-29,4.9625,5.175,4.9375,4.95,31221
2006-08-30,4.875,5,4.825,4.95,32962
2006-08-31,5.3625,5.3625,5.1125,5.1125,939231
2006-09-01,5.7,5.8,5.5,5.5875,990707
2006-09-04,5.7125,5.9,5.6625,5.7875,499827
2006-09-05,5.6,5.8,5.5125,5.75,235567
2006-09-06,5.55,5.725,5.525,5.625,189968
2006-09-07,5.4125,5.675,5.125,5.6,157415
2006-09-08,5.475,5.625,5.4,5.475,151776
2006-09-11,5.675,6.025,5.5,5.625,688077
2006-09-12,5.7875,5.8375,5.525,5.6625,255090
2006-09-13,5.8625,6.0125,5.825,6,261612
2006-09-14,5.7625,6,5.7125,6,97336
2006-09-15,5.7,5.75,5.5875,5.75,124372
2006-09-18,5.675,5.975,5.6375,5.975,96027
2006-09-19,5.5,5.7375,5.475,5.6875,103994
2006-09-20,5.5375,5.625,5.4375,5.5,61677
2006-09-21,5.625,5.95,5.5875,5.7375,150434
2006-09-22,5.55,5.6625,5.5,5.6625,61684
2006-09-25,5.5125,5.6375,5.325,5.55,50051
2006-09-26,5.525,5.75,5.4125,5.75,91399
2006-09-27,5.525,5.65,5.5,5.6,121748
2006-09-28,5.525,5.575,5.425,5.5,62218
2006-09-29,5.575,5.7375,5.5375,5.625,217690
2006-10-03,5.6375,5.75,5.6,5.6,41367
2006-10-04,5.575,5.6875,5.4375,5.4375,95470
2006-10-05,5.5875,5.6875,5.5625,5.6875,44763
2006-10-06,5.5875,5.7,5.575,5.6125,54517
2006-10-09,5.725,5.75,5.6,5.6,86995
2006-10-10,5.9125,6.0875,5.775,5.775,283034
2006-10-11,5.9625,6.1375,5.925,5.975,258313
2006-10-12,6.1125,6.2125,5.8625,6.025,202486
2006-10-13,6.0625,6.3,6,6.225,128343
2006-10-16,6.425,6.7,6.1875,6.1875,749909
2006-10-17,6.425,6.675,6.275,6.5875,370478
2006-10-18,6.4125,6.525,6.3125,6.525,173967
2006-10-19,6.3375,6.5,6.3125,6.35,120000
2006-10-20,6.5,6.525,6.2875,6.475,185619
2006-10-23,6.35,6.55,6.2875,6.4875,105852
2006-10-26,6.3125,6.4,6.275,6.35,125348
2006-10-27,6.2875,6.475,6.2625,6.475,68314
2006-10-30,6.2625,6.4,6.25,6.275,75057
2006-10-31,6.25,6.3,6.1625,6.2875,88006
2006-11-01,6.25,6.3,6.125,6.275,55850
2006-11-02,6.525,6.7,6.1875,6.25,134107
2006-11-03,6.55,6.85,6.4125,6.85,130901
2006-11-06,6.5,6.6,6.4125,6.6,98786
2006-11-07,6.6875,6.875,6.4875,6.5,236237
2006-11-08,6.625,6.8125,6.4625,6.75,112474
2006-11-09,6.6,6.75,6.5625,6.7375,90811
2006-11-10,6.6375,6.75,6.525,6.625,69863
2006-11-13,6.75,6.95,6.6375,6.8875,210838
2006-11-14,6.9,7,6.825,6.875,265999
2006-11-15,6.8625,7.1125,6.7875,7.1,146077
2006-11-16,6.8625,7,6.775,6.925,162063
2006-11-17,6.6625,6.875,6.575,6.875,109542
2006-11-20,6.65,6.85,6.2625,6.6625,90926
2006-11-21,6.7625,6.95,6.675,6.95,59479
2006-11-22,6.6875,6.9125,6.55,6.9125,71490
2006-11-23,6.75,6.9875,6.7,6.8625,78767
2006-11-24,6.725,6.9625,6.65,6.9625,50815
2006-11-27,6.7625,6.925,6.7,6.925,44400
2006-11-28,6.7,6.75,6.625,6.75,37622
2006-11-29,6.6875,6.9125,6.625,6.875,65597
2006-11-30,6.725,6.875,6.6375,6.8625,43146
2006-12-01,7.1,7.4875,6.5,6.8625,328749
2006-12-04,7,7.35,6.75,7.3125,98766
2006-12-05,6.9625,7.2125,6.875,7.175,78394
2006-12-06,6.9625,7.1625,6.75,7.1625,63335
2006-12-07,6.85,7.05,6.775,7.05,60993
2006-12-08,6.7125,6.925,6.4375,6.8125,79155
2006-12-11,6.35,6.675,6.3,6.675,84104
2006-12-12,6.0375,6.5625,5.8875,6.35,118243
2006-12-13,6.2,6.2875,5.5625,6.0375,46661
2006-12-14,7,7.4375,6.3625,6.3625,64651
2006-12-15,7,7.4875,6.8,7.4375,189516
2006-12-18,6.85,7,6.7375,7,78931
2006-12-19,6.8375,7.2375,6.725,6.7625,218977
2006-12-20,6.85,7,6.7875,6.975,110591
2006-12-21,6.8125,7.0625,6.625,6.9875,106438
2006-12-22,6.75,6.925,6.7,6.8,52708
2006-12-26,6.9625,7.25,6.75,6.8125,227707
2006-12-27,6.9125,7.2375,6.875,7.2,70736
2006-12-28,6.8875,7.125,6.85,7,82177
2006-12-29,6.8875,7.1,6.8125,7.1,92898
2007-01-02,6.8875,7.0875,6.8,7.0875,75668
2007-01-03,6.9375,7.1,6.8125,7.1,90444
2007-01-04,6.9,7.0625,6.85,7.0625,33651
2007-01-05,6.9375,7.0375,6.875,7.0375,42988
2007-01-08,7.5875,8.25,7.1125,7.225,653399
2007-01-09,7.35,7.8125,7.3125,7.75,237515
2007-01-10,7.2,7.45,7.125,7.45,102309
2007-01-11,7.1875,7.3,7.075,7.125,108106
2007-01-12,7.55,7.65,7.125,7.3375,501914
2007-01-15,7.8375,8,7.55,7.55,282514
2007-01-16,8.1125,8.225,7.85,8,490662
2007-01-17,8.5,8.6,8.25,8.55,1338958
2007-01-18,9.1375,9.275,8.525,8.525,1309282
2007-01-19,9.3125,9.375,9.2,9.35,534171
2007-01-22,8.5,9.425,8.375,9.3125,227478
2007-01-23,8.275,8.625,8.25,8.5,95389
2007-01-24,8.3625,8.475,8.2625,8.2625,64715
2007-01-25,8.3875,8.5125,8.25,8.275,84786
2007-01-29,8.45,8.625,8.3875,8.3875,53953
2007-01-31,8.3875,8.7125,8.3625,8.625,87771
2007-02-01,8.325,8.5,8.25,8.325,96566
2007-02-02,8.0875,8.375,8.0625,8.325,80274
2007-02-05,8.05,8.375,8,8.375,53604
2007-02-06,8.2125,8.4375,8.1,8.35,87192
2007-02-07,8.15,8.6375,8.0375,8.0625,203301
2007-02-08,7.9875,8.325,7.95,8.325,31197
2007-02-09,7.725,8.225,7.6,8.225,42817
2007-02-12,7.35,7.775,7,7.775,62137
2007-02-13,7.25,7.5375,6.65,7.25,41278
2007-02-14,7.325,7.3625,7,7.125,36394
2007-02-15,7.4625,7.55,7.3125,7.3125,34745
2007-02-19,7.4875,7.6625,7.35,7.6625,45288
2007-02-20,7.5375,7.625,7.275,7.375,63851
2007-02-21,7.65,7.75,7.5,7.7125,44036
2007-02-22,7.5,7.75,7.475,7.75,29560
2007-02-23,7.175,7.5125,7.0125,7.5,29358
2007-02-26,7.1125,7.475,7,7.475,36365
2007-02-27,7.2,7.3625,7.025,7.15,35720
2007-02-28,6.9625,7.325,6.3,7,46813
2007-03-01,6.9,7.25,6.7875,7.1375,30707
2007-03-02,6.8625,7.075,6.8125,6.95,27072
2007-03-05,6.2625,6.9375,5.525,6.775,52860
2007-03-06,6.3375,6.75,6.0125,6.3,35818
2007-03-07,6.125,6.5,6.0875,6.4875,39185
2007-03-08,6.85,6.8625,6.125,6.125,205474
2007-03-09,6.9,7.35,6.875,6.975,117516
2007-03-12,7.05,7.2125,6.9375,7.075,67742
2007-03-13,6.9375,7.1,6.8875,7.0875,39368
2007-03-14,6.7625,6.9125,6.5125,6.875,30875
2007-03-15,6.6,6.975,6.5375,6.8875,54059
2007-03-16,6.7375,6.875,6.625,6.75,35427
2007-03-19,6.725,6.85,6.6,6.6,19237
2007-03-20,6.65,6.9,6.625,6.7625,25115
2007-03-21,6.6875,6.7375,6.65,6.6625,14461
2007-03-22,6.6375,6.7375,6.625,6.7375,23730
2007-03-23,6.5875,6.7375,6.525,6.625,25488
2007-03-26,6.4625,6.625,6.4375,6.575,17727
2007-03-28,6.3625,6.5375,6.2875,6.375,22263
2007-03-29,6.3375,6.375,6.25,6.2625,20825
2007-03-30,6.5,6.625,6.2625,6.2625,24399
2007-04-02,6.275,6.675,6.025,6.5,34492
2007-04-03,6.425,6.5625,6.225,6.25,31284
2007-04-04,6.5375,6.625,6.2875,6.325,26634
2007-04-05,7.55,7.85,7.3875,7.85,1035499
2007-04-09,7.9125,8.25,7.625,7.975,1092764
2007-04-10,7.675,8.075,7.6,8,267210
2007-04-11,7.5625,7.825,7.525,7.8,102459
2007-04-12,7.3625,7.6375,7.3125,7.6375,97933
2007-04-13,7.425,7.6125,7.3125,7.4875,147585
2007-04-16,7.5375,7.7,7.5,7.675,225143
2007-04-17,7.5,7.875,7.4375,7.725,186510
2007-04-18,7.4125,7.625,7.375,7.5625,90335
2007-04-19,7.3,7.4875,7.175,7.2625,64962
2007-04-20,7.475,7.75,7.4375,7.475,110998
2007-04-23,7.25,7.5625,7.225,7.475,73721
2007-04-24,7.2,7.275,7.15,7.1625,63802
2007-04-25,7.1,7.25,7.0625,7.1,60299
2007-04-26,7.125,7.5,7.1,7.2375,39307
2007-04-27,7.075,7.2,6.4625,6.4625,46116
2007-04-30,7.1375,7.175,6.9875,7.075,37901
2007-05-03,7.0625,7.175,7.025,7.0375,35795
2007-05-04,6.975,7.075,6.9125,7.075,30323
2007-05-07,6.9125,7.2375,6.875,7.2375,41595
2007-05-08,6.85,7,6.8,7,21432
2007-05-09,6.775,6.9375,6.7,6.7875,48290
2007-05-10,6.8125,6.875,6.75,6.875,42175
2007-05-11,6.775,6.8625,6.65,6.75,24993
2007-05-14,6.8875,6.9875,6.8,6.8,42840
2007-05-15,6.9,6.9875,6.8375,6.875,32298
2007-05-16,6.8875,6.9875,6.825,6.825,43734
2007-05-17,6.85,6.9875,6.7875,6.95,69029
2007-05-18,6.9125,6.9875,6.7625,6.9875,40830
2007-05-21,6.825,6.9625,6.8,6.8875,26531
2007-05-22,6.9625,7.5,6.5,6.8125,84369
2007-05-23,6.9125,6.9375,6.7875,6.7875,29450
2007-05-24,6.8375,6.9875,6.8,6.9875,33686
2007-05-25,6.875,6.9375,6.75,6.75,17747
2007-05-28,6.875,6.95,6.8125,6.9375,18341
2007-05-29,6.875,7,6.875,6.875,17824
2007-05-30,6.8625,6.9875,6.65,6.65,36356
2007-05-31,6.8375,6.9125,6.8125,6.8125,26541
2007-06-01,8.2125,8.2125,7.0125,7.2375,642728
2007-06-04,7.9125,9.2125,7.8125,9.2125,775059
2007-06-05,7.7,7.9875,7.5,7.9875,113472
2007-06-06,7.5125,7.775,7.4375,7.5375,89963
2007-06-07,7.3125,7.625,7.15,7.625,67326
2007-06-08,7.35,7.5,7.175,7.175,85901
2007-06-11,7.2375,7.4875,7.15,7.35,44690
2007-06-12,7.2,7.35,7.1375,7.25,86987
2007-06-13,7.125,7.3875,6.975,7,41203
2007-06-14,7.6125,8.0875,7.1,7.1,247073
2007-06-15,7.7625,7.95,7.625,7.7375,194486
2007-06-18,7.75,8.225,7.6875,8.225,66579
2007-06-19,7.7625,7.8625,7.6125,7.8625,43955
2007-06-20,7.75,7.7875,7.725,7.75,67897
2007-06-21,7.8125,7.9375,7.75,7.75,94034
2007-06-22,7.8375,8.7875,7.75,8.7875,47328
2007-06-25,7.8125,7.9375,7.75,7.75,43812
2007-06-26,7.8125,7.9375,7.75,7.75,33726
2007-06-27,7.85,7.975,7.725,7.725,59989
2007-06-28,7.875,8,7.7625,7.7625,51009
2007-06-29,7.875,8,7.85,7.85,67422
2007-07-02,7.875,7.975,7.75,7.75,65429
2007-07-03,7.9375,7.975,7.8,7.825,61786
2007-07-04,7.85,7.9375,7.7625,7.875,55687
2007-07-05,7.875,7.9375,7.7625,7.7625,64162
2007-07-06,7.8875,7.9375,7.825,7.85,41435
2007-07-09,8.0125,8.025,7.8375,7.8375,93504
2007-07-10,8.2125,8.3125,7.875,8.0625,149707
2007-07-11,8.275,8.325,8,8,105901
2007-07-12,8.25,8.375,8.1875,8.375,52017
2007-07-13,8.1875,8.4375,8.1125,8.4375,65056
2007-07-16,8.2875,8.325,8.1375,8.25,60297
2007-07-17,8.25,8.3,8.225,8.25,80487
2007-07-18,8.2625,8.3125,8.1875,8.25,73307
2007-07-19,8.3625,8.3875,8.175,8.25,231268
2007-07-20,8.375,8.5,8.25,8.475,91930
2007-07-23,8.3875,8.425,8.25,8.375,39961
2007-07-24,8.375,8.4,8.325,8.4,253879
2007-07-25,8.1125,8.35,7.875,8.3,50857
2007-07-26,8.1375,8.2375,8.125,8.1375,31982
2007-07-27,8.1375,8.225,8.025,8.1375,44419
2007-07-30,8.3875,8.5875,7.525,7.525,172167
2007-07-31,8.0875,8.4625,8.025,8.4625,47656
2007-08-01,7.8875,8.1,7.775,8.1,47754
2007-08-02,7.8125,7.9875,7.75,7.9,32709
2007-08-03,7.7875,7.975,7.6875,7.8125,32054
2007-08-06,7.8125,7.975,7.6875,7.75,15105
2007-08-07,7.975,8.1125,7.875,8.0625,20370
2007-08-08,8,8.1375,7.8875,8.1375,26059
2007-08-09,7.8875,8.1375,7.75,8.1375,29694
2007-08-10,7.625,7.9,7.35,7.35,25958
2007-08-13,7.6625,7.8375,7.625,7.625,16059
2007-08-14,7.6875,7.825,7.6375,7.825,13374
2007-08-16,7.5,7.75,7.35,7.75,28820
2007-08-17,7.3875,7.65,7.125,7.5,34918
2007-08-20,7.4875,7.675,7.4125,7.5125,18731
2007-08-21,7.2625,7.6,7.25,7.5375,31151
2007-08-22,7.175,7.375,7.025,7.375,23743
2007-08-23,7.325,7.5,7.2,7.2,35342
2007-08-24,7.25,7.55,7.25,7.55,12795
2007-08-27,7.45,7.525,7.25,7.525,21596
2007-08-28,7.5125,7.55,7.3125,7.55,16005
2007-08-29,7.4625,7.55,7.1,7.1,10418
2007-08-30,7.5125,7.6625,7.5,7.6375,11118
2007-08-31,7.575,7.7375,7.5,7.7375,20958
2007-09-03,7.7625,7.925,7.525,7.725,22156
2007-09-04,7.6875,7.95,7.625,7.85,25001
2007-09-05,7.7375,7.8125,7.6125,7.75,26386
2007-09-06,7.7,8.125,7.3375,7.7625,50655
2007-09-07,7.7625,8.4875,7.5,7.8,28757
2007-09-10,7.7875,7.875,7.5625,7.875,16564
2007-09-11,7.7875,7.925,7.775,7.925,21596
2007-09-12,7.8,8,7.75,7.925,57093
2007-09-13,7.7625,7.95,7.75,7.95,22999
2007-09-14,7.7125,7.9375,7.625,7.9375,52355
2007-09-17,7.6875,7.8625,7.5625,7.775,17603
2007-09-18,7.85,7.95,7.5875,7.7,39093
2007-09-19,7.825,8,7.75,8,32916
2007-09-20,7.8625,7.975,7.575,7.9375,47775
2007-09-21,7.7625,7.8875,7.65,7.8875,35071
2007-09-24,7.975,8.1,7.375,7.875,82845
2007-09-25,7.9875,8.15,7.85,8.075,47248
2007-09-26,8.125,8.25,7.4125,8,100751
2007-09-27,8.2625,8.375,8,8.375,111356
2007-09-28,8.65,8.75,8.2,8.3875,191624
2007-10-01,9.3125,9.925,8,8,449134
2007-10-03,8.95,9.85,8.75,9.85,224675
2007-10-04,8.7375,9.7125,8,9.7125,65319
2007-10-05,8.775,9.0625,8.4125,8.875,107317
2007-10-08,8.5,8.875,8.4,8.875,80811
2007-10-09,9.1375,9.475,8,8,95953
2007-10-10,9.1,9.725,9,9.5,185232
2007-10-11,9.2875,9.5125,9,9.375,98402
2007-10-12,9.125,9.4375,8.9375,9.4375,56506
2007-10-15,9.2375,9.3625,9,9.25,81076
2007-10-16,9.125,9.175,8.7375,8.75,74660
2007-10-17,8.875,9,8.375,8.9875,68907
2007-10-18,9.125,9.425,9.0125,9.1875,79463
2007-10-19,8.6625,8.9875,8.5,8.75,36311
2007-10-22,9.0875,9.125,8.65,8.75,45625
2007-10-23,9.125,9.25,9,9.125,28413
2007-10-24,9.275,9.4375,9.1375,9.25,60856
2007-10-25,9.8625,9.9375,9.25,9.375,228463
2007-10-26,10.025,10.15,9.675,10.125,157392
2007-10-29,10.125,10.375,9.75,10.025,159345
2007-10-30,9.9875,10.2375,9.65,9.85,86238
2007-10-31,10,10.225,9.575,10.225,86137
2007-11-01,9.925,10.125,9.8125,10.025,44439
2007-11-02,10.225,10.375,9.6375,9.925,90407
2007-11-05,10.2,10.2375,9.8,10.1125,48911
2007-11-06,10.0625,10.2375,9.8875,10.2375,46689
2007-11-07,10.125,10.225,9.75,10.0625,32030
2007-11-08,10.125,10.1625,9.375,9.375,35530
2007-11-09,10.1375,10.375,9.625,10.1875,8285
2007-11-12,10.075,10.2375,9.9375,9.9875,28643
2007-11-13,10.1625,10.2,10.0125,10.15,33288
2007-11-14,10.5375,10.9625,10,10.275,86660
2007-11-15,11.95,12.5,10.5,10.75,194667
2007-11-16,13.2,13.5,12.125,12.5,175370
2007-11-19,14.2875,15,13.625,15,177680
2007-11-20,14.0125,14.9625,13.75,14.2875,89224
2007-11-21,14.7375,15,14,14.3125,149530
2007-11-22,14.6625,15.75,14.25,14.7375,134170
2007-11-23,14.4875,15.025,14.25,15.025,40794
2007-11-26,14.2625,14.7,14.25,14.3,118861
2007-11-27,14.95,15,13.9,14.75,60913
2007-11-28,16.1625,16.45,15.575,16,700632
2007-11-29,16.925,17.25,16.1,16.75,226862
2007-11-30,17.9125,18.1,17,17.1375,275080
2007-12-03,17.5875,18.5,17.3875,18.5,100454
2007-12-04,17.8875,19.0625,16.25,17.75,296575
2007-12-05,18.425,18.95,17.975,17.975,133978
2007-12-06,17.875,19.5,17.6125,18.5375,93470
2007-12-07,17.375,18.225,17.275,18,61979
2007-12-10,17.5375,17.925,17.375,17.925,35123
2007-12-11,17.4125,18.375,17.3625,18,46780
2007-12-12,17.3125,17.875,17.2,17.25,44517
2007-12-13,16.625,18.05,16.125,17.6875,111555
2007-12-14,17.2375,17.55,16.375,17.5,53930
2007-12-17,16.7,17.625,16.575,17.2375,43384
2007-12-18,16.6875,17.5,15.375,17,53343
2007-12-19,16.85,17.4625,16.25,16.25,26078
2007-12-20,16.7625,17.125,16.125,17,30728
2007-12-24,17.2375,17.5,16.8625,16.9875,35605
2007-12-26,18.6,18.95,17,17.5,238223
2007-12-27,20.4625,20.4625,18.4375,18.85,243429
2007-12-28,22.5125,22.5125,20.1375,20.1375,219168
2007-12-31,23.6375,23.6375,23.6375,23.6375,11774
2008-01-01,24.825,24.825,24.825,24.825,25382
2008-01-02,24.9875,26.075,23.5875,26.075,460519
2008-01-03,24.5875,26.125,24.3125,25.225,209520
2008-01-04,24.025,25.25,23.8125,25.225,77699
2008-01-07,23.575,24.75,23.475,24.25,81210
2008-01-08,24.2375,24.7625,23.5,24.625,116842
2008-01-09,23.3,25.25,23.125,25.25,43628
2008-01-10,22.325,24.1,22.1375,23.125,59642
2008-01-11,21.2625,22.5,21.2125,22.5,36357
2008-01-14,20.2625,21.5,20.2,21.5,52222
2008-01-15,21.0375,21.275,19.625,20.2625,35385
2008-01-16,20.125,21.0625,20,21.0625,41806
2008-01-17,21.1375,21.1375,20.25,20.975,22377
2008-01-18,20.6125,22.175,20.3125,20.375,39712
2008-01-21,19.5875,20.5,19.5875,20.5,28921
2008-01-22,18.6125,19.45,18.6125,19.45,3177
2008-01-23,19.3375,19.55,17.6875,18.475,43751
2008-01-24,18.375,20,18.375,19.5125,23236
2008-01-25,19.3,19.3,17.4625,18.75,34027
2008-01-28,18.5,19.3,18.25,19.3,18698
2008-01-29,18.5125,19.4,18.25,18.675,17168
2008-01-30,17.5875,18.975,17.5875,17.875,11901
2008-01-31,16.7125,17.75,16.7125,17.125,9597
2008-02-01,16.825,17.5375,15.8875,16.55,19686
2008-02-04,17.4625,17.675,17.25,17.2625,15890
2008-02-05,17.5,18,17.375,17.875,13604
2008-02-06,17.0375,17.375,16.7,17.375,13921
2008-02-07,16.7125,17.5,16.525,17.3875,10880
2008-02-08,15.8875,17,15.8875,16.8375,8465
2008-02-11,15.1,16,15.1,16,4103
2008-02-12,14.35,14.975,14.35,14.975,9324
2008-02-13,14.6125,15.0625,13.6375,13.75,23032
2008-02-14,15,15.35,14,15.35,9877
2008-02-15,15.75,15.75,14.625,15,10023
2008-02-18,16.4875,16.5375,16,16.0875,12374
2008-02-19,16.575,17.3,16.3125,16.6625,9669
2008-02-20,16.025,16.6375,15.925,16.525,4549
2008-02-21,16.0875,16.25,15.8625,15.8625,7831
2008-02-22,15.325,16.125,15.2875,15.5,11502
2008-02-25,14.75,15.25,14.5625,15.075,30476
2008-02-26,14.8875,15.375,14.7625,14.875,10767
2008-02-27,15.1125,15.5875,15,15,9314
2008-02-28,14.925,15.125,14.6125,15.125,5251
2008-02-29,14.7375,15.3,14.625,15.0375,6962
2008-03-03,14.3,15,14.1375,14.7375,25141
2008-03-04,13.6,13.95,13.5875,13.95,19602
2008-03-05,13.225,13.75,13.125,13.15,9707
2008-03-07,12.575,13.0875,12.575,13.0875,7113
2008-03-10,12.525,14.25,10.125,12.2,81192
2008-03-11,13.65,13.775,12,12.875,18126
2008-03-12,13.2125,14.5,13,14.5,12222
2008-03-13,12,12.875,12,12.5125,9483
2008-03-14,11.525,11.925,9.625,11.875,11970
2008-03-17,10.4875,11.6875,10.25,11.225,28347
2008-03-18,11.1375,12.5,10.9,11.325,49327
2008-03-19,9.4125,12.525,9,12,93788
2008-03-24,8.3375,9.5,8.1625,9.4125,30540
2008-03-25,9.475,10.0125,8.625,9.5625,46193
2008-03-26,9.6125,9.925,9.275,9.75,28383
2008-03-27,9.825,9.95,8.25,9.55,34462
2008-03-28,11.7125,11.8,9.625,9.95,84071
2008-03-31,10.9875,11.8,10.1625,11.775,36471
2008-04-01,11.2625,11.5,11,11.4375,23940
2008-04-02,11.4625,11.875,11.3625,11.75,25355
2008-04-03,11.25,11.75,11.175,11.5,16336
2008-04-04,10.95,11.4875,10.1625,11.1,8671
2008-04-07,11.0875,11.625,9.5875,10.95,8888
2008-04-08,11.7,11.75,10.8875,11.35,13573
2008-04-09,11.775,12,11.3875,11.625,12413
2008-04-10,11.5375,11.9875,11.5,11.975,4460
2008-04-11,11.35,11.875,11.05,11.6375,12153
2008-04-15,11.4625,11.575,11.3375,11.55,10642
2008-04-16,11.5875,11.7375,11.375,11.425,8564
2008-04-17,11.8125,13.65,11.65,11.9,25684
2008-04-21,12.1375,12.6,11.875,11.95,18661
2008-04-22,12.6875,13,12.025,12.25,27562
2008-04-23,12.8875,13.25,12.5375,12.975,20918
2008-04-24,12.925,13.125,12.75,13,10478
2008-04-25,12.525,13.6,12.25,13.6,8508
2008-04-28,11.4875,13.0625,11.0625,13.0625,50545
2008-04-29,12.1,12.75,11.55,11.55,49664
2008-04-30,12.775,13.3375,12.125,12.275,130058
2008-05-02,12.9,13.6125,12.8,13.1125,49407
2008-05-05,12.85,13.3625,12.775,13,43409
2008-05-06,12.4625,13.0375,12.375,13.0375,16628
2008-05-07,12.05,12.475,12.025,12.45,10592
2008-05-08,13.6375,14.4625,12,12,162919
2008-05-09,12.85,13.8875,12.8125,13.65,47941
2008-05-12,12.475,12.75,12.25,12.7375,23333
2008-05-13,12.475,13.25,12.4,12.75,31074
2008-05-14,12.475,12.75,12.4,12.5375,12914
2008-05-15,12.475,12.875,12.275,12.45,21193
2008-05-16,13.1,13.25,12.625,12.625,47677
2008-05-20,12.7875,12.9625,12.5375,12.5375,6222
2008-05-21,12.3625,12.7,12.2875,12.55,36807
2008-05-22,12.0875,12.4125,11.5,11.5,10779
2008-05-23,11.8125,12.425,11.625,12.15,22517
2008-05-26,11.525,12.425,11.5,12.425,14111
2008-05-27,11.4375,11.75,11.375,11.5625,7542
2008-05-28,11.4875,11.8125,11.2625,11.4375,8597
2008-05-29,11.3375,11.875,11.275,11.75,21499
2008-05-30,10.6625,11.75,10.5375,11.75,23147
2008-06-02,10.8875,11.225,10.6625,10.675,21287
2008-06-03,11.1,11.125,10.375,10.3875,16787
2008-06-04,11.075,11.3125,10.925,11.125,34383
2008-06-05,11.2375,11.4875,10.725,10.875,20040
2008-06-06,11.2625,11.625,11.25,11.625,9017
2008-06-09,10.2,11.0125,10.15,11.0125,16336
2008-06-10,9.95,10.6,9.6875,9.6875,9882
2008-06-11,10.2,10.3,10,10,5900
2008-06-12,9.725,10.45,9.5,10.2,16955
2008-06-13,9.7375,10.0375,9.6875,9.9125,9212
2008-06-16,10.8375,11.25,9.7625,10,51894
2008-06-17,11.35,11.475,10.875,11,57745
2008-06-18,11,11.7,10.8875,11.25,12877
2008-06-19,11.15,11.3625,10.5,10.5,22694
2008-06-20,11.125,11.3125,10.625,11.0625,38810
2008-06-23,10.65,11.125,10.4375,10.625,70251
2008-06-24,10.45,10.65,10.25,10.65,11140
2008-06-25,11.3,11.5625,10.025,10.25,34486
2008-06-26,10.875,11.675,10.75,11.3,22024
2008-06-27,10.5375,10.85,10.25,10.825,4696
2008-06-30,10.125,10.8625,10,10.5125,16927
2008-07-01,9.6625,10.2,9.3875,10.1375,22587
2008-07-02,9.975,10.15,9.475,9.975,37996
2008-07-03,9.6625,10.1125,9.5,10.0625,15543
2008-07-04,9.65,9.95,9.525,9.7125,19142
2008-07-07,9.5375,10.5,9.45,9.65,45567
2008-07-08,9.6125,9.7625,9.6,9.7625,60056
2008-07-09,9.8125,10.1,9.7,9.8,74137
2008-07-10,9.725,9.975,9.6625,9.975,4134
2008-07-11,9.7,9.9875,9.65,9.9875,9751
2008-07-14,9.7,9.975,9.5625,9.975,1826
2008-07-15,9.6125,9.75,9.5625,9.675,8662
2008-07-16,9.4625,9.625,9.375,9.4,5624
2008-07-17,9.5125,9.5875,9.35,9.55,3016
2008-07-18,9.5,9.725,9.4375,9.4375,5050
2008-07-21,9.475,9.775,9.325,9.5,6011
2008-07-22,9.35,9.6875,9.3125,9.6875,21319
2008-07-23,9.75,11.0625,9.5,9.7375,13463
2008-07-24,9.625,10,9.525,10,8716
2008-07-25,9.3875,9.625,9.2625,9.625,15151
2008-07-28,9.3375,9.9625,9.25,9.9625,5460
2008-07-29,9.375,9.5875,9.375,9.5875,10136
2008-07-30,9.5875,9.8,9.25,9.25,12903
2008-07-31,10.375,11.1625,9.65,9.65,99989
2008-08-01,10.4125,10.7,10.2,10.5,20618
2008-08-04,10.375,10.6125,9.75,10.525,19234
2008-08-05,10.2375,10.5625,10.075,10.5625,8599
2008-08-06,10.2,10.5,10.125,10.4625,12297
2008-08-07,10.1625,10.375,10.1,10.2625,16579
2008-08-08,10.225,10.325,10.0625,10.1375,6343
2008-08-11,10.4,10.6,10.3125,10.4875,13969
2008-08-12,10.4625,10.75,10.25,10.525,24143
2008-08-13,10.175,10.625,10,10.55,4630
2008-08-14,9.6625,10.375,9.5,10.05,14616
2008-08-18,9.725,9.9375,9.325,9.9375,6284
2008-08-19,10.5625,11.125,9.625,9.625,67568
2008-08-20,10.6625,11,10.425,10.75,38628
2008-08-21,10.1125,10.8,9.875,10.6875,14877
2008-08-22,10.0625,10.25,10.0125,10.125,3477
2008-08-25,10.1125,10.9875,10,10.1375,17277
2008-08-26,9.7,10.1875,9.6375,10.1875,8292
2008-08-27,9.7875,10,9.75,9.8125,7033
2008-08-28,9.7,10,9.65,9.75,3692
2008-08-29,9.6375,9.875,9.625,9.75,9479
2008-09-01,9.85,10.25,9.25,9.95,21563
2008-09-02,9.675,9.85,9.55,9.85,11756
2008-09-04,9.6375,9.7625,9.525,9.7625,5664
2008-09-05,9.5625,9.9125,9.5,9.8125,4394
2008-09-08,9.55,9.95,9.5125,9.6125,6138
2008-09-09,9.65,9.75,9.55,9.75,1878
2008-09-10,9.5125,9.75,9.4125,9.65,7286
2008-09-11,9.5625,9.6125,9.3625,9.4375,5617
2008-09-12,9.4125,9.5625,9.3125,9.5625,4090
2008-09-15,8.8375,9.3125,7.6,9.1875,8219
2008-09-16,8.7,8.8125,8.275,8.5,7491
2008-09-17,8.9375,9.1625,8.425,8.7,10902
2008-09-18,9.2,9.375,8.25,8.7125,14031
2008-09-19,9.4875,9.5625,8.925,9.4625,8398
2008-09-22,8.9625,9.4375,8.925,9.425,4053
2008-09-23,8.925,9.425,8.5375,8.8125,9435
2008-09-24,8.675,9.1875,8.4375,8.9375,5286
2008-09-25,9.025,9.1125,8.375,8.5,5039
2008-09-26,9,9.0625,8.3125,9,11143
2008-09-29,8.325,9,7.7625,8.875,11211
2008-09-30,8.65,8.85,7.875,8.0125,9490
2008-10-01,9,9.125,8.25,8.875,21492
2008-10-03,8.5625,9.25,8.4625,9.25,5723
2008-10-06,7.625,8.4625,7.525,8.25,14082
2008-10-07,7.125,7.95,6.9,7.95,14360
2008-10-08,6.9125,7.625,5.7,6.8375,32678
2008-10-10,6.3875,7.125,6.125,7.125,8891
2008-10-13,7.0375,7.375,6.25,6.3875,20521
2008-10-14,7.125,7.5,7,7.5,5278
2008-10-15,6.7375,7.05,6.225,7,11052
2008-10-16,6.9375,7.0875,6.05,6.45,6246
2008-10-17,6.5625,7.25,6.2625,7.225,24119
2008-10-20,6.5,6.75,6.25,6.5,37384
2008-10-21,6.775,6.975,6.25,6.5,17370
2008-10-22,6.725,6.8625,6.3125,6.6875,9125
2008-10-23,6.4875,6.6875,6.2375,6.6875,14887
2008-10-24,6.4625,6.6875,5.775,6.4,19920
2008-10-27,6.125,6.625,5.375,6.625,23632
2008-10-28,6.3375,6.5625,6.125,6.25,3046
2008-10-29,6.375,6.6,6.1875,6.275,11200
2008-10-31,6.5625,6.925,6.25,6.6875,25436
2008-11-03,6.325,6.6875,6.275,6.6875,20267
2008-11-04,6.575,6.7,6.125,6.375,18784
2008-11-05,6.3625,6.575,6.225,6.3875,15000
2008-11-06,6.0375,6.5,5.8375,6.0625,5921
2008-11-07,6.4,6.5625,5.775,6.0375,17701
2008-11-10,6.4875,6.6,6.1625,6.1875,16353
2008-11-11,6.3375,6.4125,6,6.3,14352
2008-11-12,6.1375,6.25,6.1,6.1,1230
2008-11-14,6.075,6.1375,5.825,6.075,4105
2008-11-17,6.075,6.2,5.9,6,1803
2008-11-18,5.5625,6.075,5.15,6.075,18354
2008-11-19,5.3625,5.625,5,5.525,9849
2008-11-20,5.15,5.3625,4.575,5.0625,18765
2008-11-21,5.075,5.8125,5,5.125,5798
2008-11-24,5.075,5.3125,4.8875,5.05,6007
2008-11-25,4.7625,5.1875,4.75,5.125,4885
2008-11-26,4.75,4.9875,4.625,4.8125,3603
2008-11-28,4.7,5,4.5625,4.75,4953
2008-12-01,4.525,4.875,4.375,4.875,5022
2008-12-02,4.7,4.7875,4.4,4.65,3039
2008-12-03,4.85,4.9125,4.5125,4.7125,8274
2008-12-04,4.9125,4.925,4.65,4.775,2879
2008-12-05,4.7375,4.9875,4.525,4.7625,11038
2008-12-08,4.8,5,4.775,4.875,3088
2008-12-10,4.6375,4.85,4.575,4.8,4789
2008-12-11,4.775,4.9875,4.525,4.575,3082
2008-12-12,4.9375,4.975,4.575,4.575,2200
2008-12-15,5.075,5.3125,4.8,4.9625,7432
2008-12-16,5.075,5.1875,4.875,4.95,4964
2008-12-17,5.025,5.475,4.9375,5.1125,14691
2008-12-18,5.0125,5.2,4.9375,5.1875,3142
2008-12-19,5.5125,5.75,5,5.075,9936
2008-12-22,5.5125,5.75,5.4875,5.7375,7689
2008-12-23,5.8125,6.0625,5.5125,5.5125,23839
2008-12-24,5.425,5.8125,5.2875,5.8125,14164
2008-12-26,5.4375,5.675,5.4375,5.625,3021
2008-12-29,5.1875,5.475,5.0625,5.275,4499
2008-12-30,5.375,5.4375,5.15,5.15,5775
2008-12-31,5.2875,5.5,5.2625,5.375,9090
2009-01-01,5.4625,5.55,5.1875,5.25,15813
2009-01-02,5.4875,5.6875,5.2125,5.5,11361
2009-01-05,5.6,5.675,5.4875,5.4875,6594
2009-01-06,5.575,5.875,5.55,5.625,7662
2009-01-07,5.1125,5.75,5.0625,5.75,6765
2009-01-09,4.825,5,4.65,5,4932
2009-01-12,4.7375,5,4.525,5,4924
2009-01-13,4.6625,4.9625,4.55,4.55,2372
2009-01-14,4.8125,5.5625,4.6375,4.875,5420
2009-01-15,4.525,4.9125,4.3125,4.875,22732
2009-01-16,4.475,4.9375,4.45,4.5,8779
2009-01-19,4.525,4.625,4.475,4.525,5964
2009-01-20,4.5375,4.725,4.475,4.5,7909
2009-01-21,4.45,4.5625,4.4,4.4875,11362
2009-01-22,4.4625,4.7125,4.45,4.7125,5821
2009-01-23,4.35,4.5,4.2625,4.5,9776
2009-01-27,4.2625,4.375,4.25,4.375,17163
2009-01-28,4.225,4.25,4.1,4.15,35230
2009-01-29,4.25,4.2875,4.125,4.25,13542
2009-01-30,4.2,4.3125,4.1375,4.1375,5535
2009-02-02,4.125,4.2375,4.0125,4.0125,8852
2009-02-03,4.05,4.2375,3.9,4.1375,24235
2009-02-04,3.9375,4.125,3.8875,4.0625,13714
2009-02-05,3.9375,4,3.85,3.9125,3498
2009-02-06,3.95,4.1,3.7625,3.9625,5153
2009-02-09,3.9625,4.0125,3.8875,3.975,5090
2009-02-10,4,4.225,3.9375,4.175,13306
2009-02-11,3.975,4.1875,3.825,3.8875,3708
2009-02-12,4,4.1875,3.9125,3.9125,3144
2009-02-13,4.0375,4.125,4.025,4.025,5024
2009-02-16,4.0375,4.1,3.95,4,5228
2009-02-17,3.9375,4.0375,3.9125,4.0375,3855
2009-02-18,3.8625,4,3.75,3.8875,6304
2009-02-19,3.925,4,3.75,3.875,2609
2009-02-20,3.8125,3.925,3.75,3.925,2185
2009-02-24,3.65,3.75,3.625,3.75,1891
2009-02-25,3.625,3.8875,3.625,3.8875,4444
2009-02-26,3.625,3.725,3.6,3.625,896
2009-02-27,3.6875,3.8375,3.625,3.8375,2709
2009-03-02,3.7125,3.9,3.6375,3.9,2598
2009-03-03,3.6875,3.925,3.6,3.6,2252
2009-03-04,3.5625,3.9125,3.5,3.5875,3045
2009-03-05,3.6625,3.7125,3.625,3.625,629
2009-03-06,3.6,3.7125,3.5625,3.65,21138
2009-03-09,3.575,3.625,3.5,3.5125,13883
2009-03-12,3.3375,3.5,3.2875,3.5,2284
2009-03-13,3.3875,3.5,3.1875,3.1875,4373
2009-03-16,3.7125,3.8125,3.525,3.525,2095
2009-03-17,3.7125,3.8125,3.5,3.5,1920
2009-03-18,3.6875,3.7375,3.55,3.7375,4071
2009-03-19,3.5875,3.675,3.525,3.6375,4803
2009-03-20,3.625,3.6875,3.525,3.6875,1923
2009-03-23,3.7375,3.825,3.6625,3.7625,4556
2009-03-24,3.75,3.9,3.375,3.7625,8166
2009-03-25,3.5625,3.8875,3.55,3.6375,3968
2009-03-26,3.5375,3.725,3.45,3.45,4324
2009-03-27,3.8,4,3.5125,3.5125,4783
2009-03-30,3.6375,3.7875,3.575,3.7875,1536
2009-03-31,3.7125,3.8,3.625,3.8,1152
2009-04-01,3.7375,3.8,3.55,3.55,6000
2009-04-02,3.6875,3.875,3.65,3.6875,8729
2009-04-06,3.95,4.175,3.7625,3.7625,10210
2009-04-08,4.375,4.75,3.975,3.975,30350
2009-04-09,4.3625,4.55,4.25,4.375,21509
2009-04-13,4.55,4.725,4.5,4.5,14145
2009-04-15,5.05,5.4625,4.55,4.55,39096
2009-04-16,4.6875,5.25,4.575,5.2,20032
2009-04-17,4.7625,4.9875,4.6625,4.6625,5670
2009-04-20,4.6875,4.9375,4.5375,4.7,6811
2009-04-21,4.4125,4.7375,4.325,4.5125,11001
2009-04-22,4.6,4.75,4.4125,4.525,12448
2009-04-23,4.6,4.8,4.375,4.6,2704
2009-04-24,4.575,4.7375,4.4125,4.5,6059
2009-04-27,4.6875,4.8,4.525,4.7,5853
2009-04-28,4.55,4.875,4.375,4.75,11400
2009-04-29,4.5375,4.8,4.375,4.8,12375
2009-05-04,4.4625,4.75,4.35,4.75,10066
2009-05-05,4.5875,4.95,4.4375,4.925,5995
2009-05-06,4.6375,4.8375,4.5,4.8375,8402
2009-05-07,4.6625,4.7,4.525,4.6,6863
2009-05-08,4.525,4.6875,4.3625,4.625,16675
2009-05-11,4.325,4.85,4.275,4.5,13895
2009-05-12,4.4875,4.6,4.375,4.525,6564
2009-05-13,4.35,4.7,4.3,4.5375,8173
2009-05-14,4.3625,4.45,4.2,4.25,2889
2009-05-15,4.4125,4.85,4.375,4.375,22325
2009-05-19,4.9125,5.075,4.375,4.375,40424
2009-05-20,5.65,5.775,4.675,4.675,43197
2009-05-21,5.9375,6.575,5.375,5.375,60853
2009-05-22,6.4125,6.5,6,6,45469
2009-05-25,6.925,6.975,6.25,6.25,25780
2009-05-26,6.6375,7.3125,6.525,6.925,36956
2009-05-27,6.6625,6.9625,6.45,6.5,15952
2009-05-28,6.6125,6.975,6.5,6.625,19356
2009-05-29,6.5125,6.9375,6.5,6.9375,21385
2009-06-01,7.175,7.175,6.625,6.7,40627
2009-06-02,7.45,7.85,6.9875,7.25,54913
2009-06-03,7.9125,8.125,7.4375,7.625,35984
2009-06-04,8.2375,8.425,8.075,8.2125,37392
2009-06-05,8.675,9.0625,8.3,8.6375,74472
2009-06-08,8.25,9.05,8.25,8.75,21865
2009-06-09,7.8375,7.875,7.8375,7.875,4287
2009-06-10,7.4875,8.2375,7.45,7.75,17763
2009-06-11,7.1875,7.45,7.1125,7.45,8419
2009-06-12,6.925,7.4875,6.8375,7.075,26850
2009-06-15,6.7,7,6.5875,6.8375,10339
2009-06-16,6.5125,6.525,6.4,6.525,23243
2009-06-17,6.2375,6.5,6.2,6.3,14224
2009-06-18,5.925,6.075,5.925,6.075,25267
2009-06-19,5.6375,6,5.6375,6,25917
2009-06-22,5.425,5.75,5.3625,5.625,30599
2009-06-23,5.2375,5.425,5.1625,5.375,11446
2009-06-24,5.2375,5.4875,5.1125,5.475,22372
2009-06-25,5.0625,5.275,4.9875,5.25,38475
2009-06-26,5,5.25,4.9,5.25,24597
2009-06-29,4.9875,5.25,4.925,5.125,57440
2009-06-30,4.925,5.225,4.875,5.225,31210
2009-07-01,4.8625,5,4.775,4.875,7585
2009-07-02,4.9625,5,4.8625,5,18926
2009-07-03,4.75,5,4.725,5,29985
2009-07-06,4.7875,4.9875,4.775,4.875,50209
2009-07-07,4.8625,4.875,4.75,4.7875,9966
2009-07-08,4.625,4.925,4.625,4.925,12667
2009-07-09,4.4375,4.625,4.4,4.525,33428
2009-07-10,4.4625,4.625,4.375,4.525,14886
2009-07-13,4.25,4.3875,4.25,4.275,11320
2009-07-14,4.325,4.375,4.25,4.375,7932
2009-07-15,4.55,4.55,4.25,4.375,13051
2009-07-16,4.5125,4.7875,4.3875,4.75,26244
2009-07-17,4.5,4.7125,4.45,4.7125,57341
2009-07-20,4.475,4.675,4.3125,4.55,57787
2009-07-21,4.6125,4.7,4.4375,4.5125,19927
2009-07-22,4.8375,4.85,4.5,4.5,27081
2009-07-23,5.0875,5.0875,4.9125,5.05,28926
2009-07-24,4.9375,5.225,4.8625,5.15,53754
2009-07-27,5.1875,5.1875,4.9375,4.9375,35507
2009-07-28,5.375,5.425,5.1875,5.1875,37274
2009-07-29,5.5375,5.6,5.25,5.25,42552
2009-07-30,5.275,5.7375,5.2625,5.5625,25297
2009-07-31,5.3,5.5375,5.275,5.4875,17634
2009-08-03,5.3,5.475,5.15,5.475,16790
2009-08-04,5.3375,5.4625,5.2,5.275,27430
2009-08-05,5.3,5.525,5.2125,5.5,19914
2009-08-06,5.1375,5.35,5.075,5.225,25498
2009-08-07,4.9625,5.175,4.9125,5.0125,16754
2009-08-10,4.925,5.125,4.825,5,12850
2009-08-11,4.775,5.0625,4.725,5.0625,14675
2009-08-12,4.8875,5,4.6375,4.6375,10643
2009-08-13,5.1375,5.1375,4.9,4.9875,19489
2009-08-14,5.4,5.4,5.2,5.3625,20616
2009-08-17,5.3625,5.6625,5.25,5.25,29790
2009-08-18,5.3,5.3625,5.175,5.3625,10048
2009-08-19,5.2125,5.425,5.2,5.3,15030
2009-08-20,5.2625,5.4125,5.2,5.3625,13776
2009-08-21,5.25,5.3875,5,5.3875,18454
2009-08-24,5.3625,5.5,5.25,5.25,23635
2009-08-25,5.4125,5.4875,5.25,5.375,17998
2009-08-26,5.4,5.5,5.3125,5.5,46934
2009-08-27,5.675,5.675,5.2,5.375,57921
2009-08-28,5.9625,5.9625,5.675,5.675,85452
2009-08-31,5.9625,6.25,5.8875,6.2125,123187
2009-09-01,6.0625,6.2625,6.0125,6.1125,95097
2009-09-02,6,6.1125,5.875,5.875,28501
2009-09-03,5.9375,6.125,5.9375,5.9375,9169
2009-09-04,5.9375,6,5.8875,5.9,13667
2009-09-07,6.0875,6.1875,5.9625,6.1875,15697
2009-09-08,6.0375,6.1875,6,6.05,28805
2009-09-09,5.925,6.2125,5.925,6.175,18020
2009-09-10,5.8,6.1125,5.75,6.0375,24442
2009-09-11,5.7125,5.875,5.625,5.75,11519
2009-09-14,5.6125,5.7375,5.525,5.725,15512
2009-09-15,5.5625,5.7375,5.5,5.7375,14387
2009-09-16,5.55,5.7,5.5,5.7,15375
2009-09-17,5.675,5.7375,5.575,5.5875,28213
2009-09-18,5.8,5.85,5.625,5.7625,19418
2009-09-22,5.8625,6.0375,5.8125,6.0375,21361
2009-09-23,5.7375,5.9375,5.6,5.9375,25542
2009-09-24,5.65,5.8375,5.6,5.8375,7305
2009-09-25,5.6375,5.8375,5.6,5.625,22536
2009-09-29,5.7625,5.825,5.675,5.7125,15311
2009-09-30,5.725,5.8625,5.625,5.8125,19469
2009-10-01,5.6375,5.975,5.5375,5.9625,33324
2009-10-05,5.625,5.7,5.5375,5.6625,10994
2009-10-06,5.525,5.625,5.4375,5.625,14622
2009-10-07,5.5875,5.7,5.525,5.5625,19748
2009-10-08,5.5,5.6,5.4,5.4,10665
2009-10-09,5.7625,5.775,5.4125,5.4125,28050
2009-10-12,5.9,6.0375,5.725,5.8125,32312
2009-10-14,5.775,5.95,5.7125,5.75,29756
2009-10-15,5.7375,5.875,5.625,5.875,14963
2009-10-16,5.7125,5.85,5.6625,5.6625,15324
2009-10-20,5.7875,6.05,5.75,6.05,39443
2009-10-21,5.8625,6,5.625,5.625,22352
2009-10-22,5.9,6,5.7,5.7,35412
2009-10-23,5.7625,5.95,5.75,5.9375,18555
2009-10-26,5.825,6,5.5875,5.9375,30725
2009-10-27,5.55,5.7375,5.5375,5.6,19068
2009-10-28,5.75,5.8,5.325,5.4,16101
2009-10-29,5.5125,5.6875,5.4625,5.5375,13038
2009-10-30,5.3,5.7125,5.25,5.625,18423
2009-11-03,5.125,5.3625,5.1125,5.1375,8479
2009-11-04,5.2,5.3125,4.95,5.125,6980
2009-11-05,5.375,5.425,5.025,5.175,9885
2009-11-06,5.4,5.5875,5.3,5.475,12524
2009-11-09,5.45,5.575,5.35,5.35,4254
2009-11-10,5.475,5.525,5.4125,5.5,9816
2009-11-11,5.4,5.575,5.375,5.3875,13138
2009-11-12,5.4125,5.4875,5.2625,5.3875,9791
2009-11-13,5.275,5.5,5.2625,5.5,14584
2009-11-16,5.4875,5.575,5.1625,5.1875,17356
2009-11-17,5.6125,5.7375,5.425,5.6,32909
2009-11-18,5.925,6.025,5.55,5.725,65169
2009-11-19,5.8875,6.2,5.8,6.0875,80661
2009-11-20,5.85,5.9625,5.5625,5.8875,40495
2009-11-23,5.85,5.9,5.75,5.8,24613
2009-11-24,5.8375,5.9375,5.6875,5.8125,23180
2009-11-25,5.7125,5.9875,5.7,5.875,24390
2009-11-26,5.675,5.8375,5.575,5.75,9889
2009-11-27,5.4125,5.6,5.275,5.4125,14371
2009-11-30,5.375,5.6,5.0125,5.075,21919
2009-12-01,5.6,5.65,5.5,5.5625,13288
2009-12-02,5.5,5.75,5.4375,5.4625,29369
2009-12-03,5.6375,5.725,5.4875,5.4875,19579
2009-12-04,5.9,6,5.525,5.525,76754
2009-12-07,5.85,6,5.625,5.9,32607
2009-12-08,5.725,5.8875,5.7,5.875,12358
2009-12-09,5.8,5.875,5.7,5.775,28598
2009-12-10,5.775,5.9,5.65,5.8,24596
2009-12-11,5.7125,5.875,5.675,5.8625,41698
2009-12-14,5.75,5.8625,5.5,5.75,32150
2009-12-15,5.625,5.9625,5.5,5.8,16438
2009-12-16,5.7,5.7,5.5875,5.6,8293
2009-12-17,5.8125,5.925,5.7,5.8375,44549
2009-12-18,5.625,5.875,5.55,5.875,19489
2009-12-21,5.6625,5.775,5.6,5.6,9419
2009-12-22,5.775,5.8,5.575,5.75,46084
2009-12-23,5.75,5.8125,5.6125,5.7375,22203
2009-12-24,5.7375,5.8625,5.675,5.675,12297
2009-12-29,5.775,5.9375,5.7,5.7375,25788
2009-12-30,5.8375,5.9125,5.65,5.9125,17779
2009-12-31,5.975,6.15,5.85,5.85,46974
2010-01-04,6.2375,6.275,5.925,5.975,85534
2010-01-05,6.175,6.6125,5.9375,6.6125,58225
2010-01-06,6.3125,6.6,6.0125,6.05,126943
2010-01-07,6.4,6.475,6.2625,6.375,73637
2010-01-08,6.45,6.65,6.3875,6.5125,105897
2010-01-11,6.7875,6.9375,6.5625,6.6,145425
2010-01-12,6.7875,7.225,6.75,6.875,161331
2010-01-13,6.775,7,6.625,6.625,50824
2010-01-14,7.4625,8.1,6.75,6.975,1000022
2010-01-15,7.1125,7.7375,7.025,7.2375,250127
2010-01-18,7.0125,7.3625,6.6625,7.175,113456
2010-01-19,6.9,7.25,6.775,7.0625,97077
2010-01-20,6.6625,6.9375,6.5625,6.925,133301
2010-01-21,6.1125,6.675,6.0625,6.6125,137964
2010-01-22,5.9375,6.1875,5.775,5.775,79475
2010-01-25,5.7875,6.075,5.725,6,91243
2010-01-27,5.3875,5.8625,5.3,5.725,64058
2010-01-28,5.3625,5.5875,5.25,5.425,73847
2010-01-29,5.15,5.3625,5.0625,5.3625,116684
2010-02-01,5.2375,5.35,5.2,5.2125,207842
2010-02-02,5.1625,5.425,5.125,5.425,172552
2010-02-03,5,5.25,4.975,5.15,148110
2010-02-04,5.1,5.3125,5.025,5.125,100909
2010-02-05,4.775,5,4.725,5,168152
2010-02-08,4.9125,5.0375,4.8125,4.9375,112372
2010-02-09,4.75,4.9,4.7,4.9,77783
2010-02-10,4.8125,4.875,4.775,4.85,34162
2010-02-11,5.025,5.075,4.825,4.8875,115532
2010-02-15,4.7875,5.025,4.725,5,81522
2010-02-16,4.875,4.925,4.75,4.8625,28614
2010-02-17,4.825,4.975,4.8,4.975,29279
2010-02-18,4.75,4.925,4.725,4.9,66303
2010-02-19,4.575,4.7875,4.55,4.7,88129
2010-02-22,4.5625,4.6875,4.525,4.6875,37548
2010-02-23,4.6125,4.7,4.525,4.525,41721
2010-02-24,4.4125,4.5875,4.375,4.5875,85579
2010-02-25,4.2375,4.4125,4.2375,4.4125,116294
2010-02-26,4.25,4.35,4.2,4.35,254183
2010-03-02,4.25,4.4375,4.2125,4.3625,161190
2010-03-03,4.25,4.3875,4.2375,4.25,309294
2010-03-04,4.25,4.3125,4.225,4.225,123023
2010-03-05,4.65,4.8875,4.4625,4.5,720223
2010-03-08,4.5625,4.775,4.5375,4.75,352443
2010-03-09,4.3875,4.5625,4.3625,4.55,148295
2010-03-10,4.3875,4.45,4.375,4.4,71668
2010-03-11,4.3375,4.4375,4.3125,4.325,43609
2010-03-12,4.25,4.3625,4.225,4.3375,95403
2010-03-15,4.2375,4.3125,4.2125,4.3125,87401
2010-03-16,4.25,4.3125,4.225,4.2375,86093
2010-03-17,4.25,4.375,4.225,4.3,80686
2010-03-18,4.2625,4.35,4.2375,4.25,74640
2010-03-19,4.275,4.325,4.25,4.25,48319
2010-03-22,4.25,4.375,4.225,4.25,72830
2010-03-23,4.15,4.3,4.125,4.25,129372
2010-03-25,4.1375,4.2375,4.1125,4.1375,95243
2010-03-26,4.1375,4.1875,4.1125,4.125,111398
2010-03-29,4.15,4.25,4.1125,4.1875,54442
2010-03-30,4.2875,4.3,4.125,4.125,61598
2010-03-31,4.3125,4.45,4.275,4.45,42964
2010-04-01,4.4125,4.425,4.3375,4.375,69771
2010-04-05,4.475,4.575,4.375,4.375,410605
2010-04-06,4.475,4.55,4.45,4.5,160411
2010-04-07,4.4375,4.55,4.4,4.5,116312
2010-04-08,4.425,4.525,4.375,4.5,133043
2010-04-09,4.3875,4.4875,4.35,4.4375,143271
2010-04-12,4.375,4.525,4.35,4.4625,132987
2010-04-13,4.375,4.5,4.25,4.35,92155
2010-04-15,4.3375,4.4875,4.3125,4.45,137450
2010-04-16,4.25,4.375,4.225,4.3375,127402
2010-04-19,4.1,4.225,4.0375,4.2125,227916
2010-04-20,4.45,4.5,4.1375,4.1625,220780
2010-04-21,4.7,4.7375,4.15,4.15,452680
2010-04-22,5.6125,5.65,4.675,4.75,1779996
2010-04-23,6.725,6.7375,5.5375,5.6,4447461
2010-04-26,6.0625,6.975,6.0625,6.975,620037
2010-04-27,5.5375,6.075,5.4625,5.925,2613238
2010-04-28,5.9,5.9625,5.125,5.25,1349071
2010-04-29,6.0625,6.15,5.875,6.0125,544558
2010-04-30,5.9375,6.325,5.8375,6.1375,378346
2010-05-03,5.9375,6.1,5.85,6,129226
2010-05-04,5.675,6.1125,5.625,6.1125,123302
2010-05-05,5.575,5.625,5.2875,5.5,171261
2010-05-06,5.5625,5.7,5.5,5.5,94467
2010-05-07,5.8,6.075,5.25,5.375,311119
2010-05-10,5.7625,6.0875,5.6875,5.95,150410
2010-05-11,5.7125,5.9,5.675,5.875,81074
2010-05-12,5.6875,5.8125,5.625,5.75,51461
2010-05-13,5.775,5.925,5.675,5.75,93263
2010-05-14,5.6125,5.85,5.525,5.675,76912
2010-05-17,5.5375,5.6375,5.4,5.6375,63440
2010-05-18,6,6.0875,5.5,5.5125,170312
2010-05-19,5.675,6,5.4,5.8,242522
2010-05-20,5.6,5.8875,5.5125,5.625,92672
2010-05-21,5.625,5.775,5.375,5.5125,165490
2010-05-24,5.525,5.7875,5.5,5.7875,70381
2010-05-25,5.2625,5.575,5.2,5.5,63550
2010-05-26,5.3375,5.525,5.25,5.375,64052
2010-05-27,5.4375,5.5875,5.225,5.4875,84447
2010-05-28,5.5,5.575,5.425,5.5,59494
2010-05-31,5.525,5.625,5.4125,5.45,28325
2010-06-01,5.5,5.6125,5.3375,5.3375,61444
2010-06-02,5.625,5.675,5.4125,5.5625,149210
2010-06-03,5.8375,6,5.775,5.975,160909
2010-06-04,5.8125,5.9125,5.7125,5.8625,45875
2010-06-07,5.6375,5.8,5.5,5.8,31933
2010-06-08,5.575,5.7,5.525,5.7,33763
2010-06-09,5.55,5.6875,5.5125,5.6875,27088
2010-06-10,5.6125,5.65,5.55,5.65,23030
2010-06-11,5.5375,5.6875,5.5125,5.6875,29428
2010-06-14,5.5625,5.6375,5.5,5.6375,40079
2010-06-15,5.6625,5.7,5.4875,5.5,28018
2010-06-16,5.7375,5.8625,5.575,5.6625,66363
2010-06-17,5.725,5.8125,5.7,5.8125,21685
2010-06-18,5.775,5.85,5.7,5.7,37278
2010-06-21,6,6.0375,5.7875,5.9125,126118
2010-06-22,5.8875,6.0875,5.875,6.0625,47159
2010-06-23,6.0625,6.125,5.8125,5.85,61906
2010-06-24,6.0625,6.1625,6,6,80225
2010-06-25,5.9625,6.2,5.9375,6.125,67383
2010-06-28,5.9875,6.0875,5.875,5.9625,57311
2010-06-29,6,6.2,5.9875,6.05,97911
2010-06-30,6.15,6.2,5.875,5.95,102466
2010-07-01,6.125,6.175,6.0625,6.125,42865
2010-07-02,6.2875,6.5,6.1375,6.1375,201566
2010-07-05,6.2375,6.475,6.1875,6.475,28474
2010-07-06,6.225,6.3625,6.1625,6.3625,21010
2010-07-07,6.1125,6.325,6.05,6.05,28875
2010-07-08,6.2625,6.3125,6.0125,6.3125,84910
2010-07-09,6.6625,6.85,6.325,6.375,405548
2010-07-12,7.0375,7.3,6.725,6.725,691872
2010-07-13,7.125,7.3125,7.025,7.075,260364
2010-07-14,7.0125,7.2625,6.8625,7.1875,143392
2010-07-15,6.975,7.05,6.45,7,133533
2010-07-16,7.2,7.35,6.9,6.9875,123227
2010-07-19,7.175,7.2875,7.125,7.2875,98539
2010-07-20,7.0625,7.25,7,7.25,73354
2010-07-21,7.0875,7.25,6.975,7,66075
2010-07-22,7.175,7.2125,7.075,7.075,58416
2010-07-23,7.2625,7.55,7.1625,7.225,244918
2010-07-26,7.625,7.75,7.35,7.3625,325166
2010-07-27,7.3875,7.875,7.3,7.75,199121
2010-07-28,7.575,7.7875,7.275,7.375,318634
2010-07-29,6.975,7.55,6.9,7.55,287842
2010-07-30,7.1375,7.3,6.7,7.025,186545
2010-08-02,7.2125,7.625,7.1625,7.4625,239448
2010-08-03,7.1625,7.35,7.15,7.1875,62371
2010-08-04,7.125,7.275,7.05,7.2125,90180
2010-08-05,7.2125,7.475,7.15,7.2,180294
2010-08-06,7.6375,7.975,7.25,7.25,694293
2010-08-09,7.4625,7.8125,7.375,7.65,139225
2010-08-10,7.4375,7.725,7.3,7.65,285235
2010-08-11,7.325,7.5875,7.25,7.4375,74038
2010-08-12,7.2,7.325,7.1875,7.2875,96963
2010-08-13,7.375,7.4625,7.15,7.25,64871
2010-08-16,7.15,7.4125,7.05,7.25,88474
2010-08-17,7.0625,7.375,7.025,7.3375,40978
2010-08-18,7.0625,7.25,7,7.0375,49347
2010-08-19,7.125,7.25,7.05,7.05,59882
2010-08-20,7.025,7.4,6.95,7.1125,323384
2010-08-23,7.1125,7.2875,6.9,7,145765
2010-08-24,6.8875,7.1875,6.825,7.0375,91416
2010-08-25,6.775,7.0125,6.7,6.8125,94790
2010-08-26,6.6375,6.875,6.575,6.8625,67040
2010-08-27,6.4375,6.8,6.275,6.4,76005
2010-08-30,6.325,6.6125,6.3,6.4375,63270
2010-08-31,6.375,6.75,6.3,6.45,215911
2010-09-01,6.4875,6.625,6.3375,6.3375,166465
2010-09-02,6.4875,6.65,6.45,6.525,80404
2010-09-03,7.0875,7.1625,6.3875,6.45,412474
2010-09-06,7.1125,7.3,7.0125,7.125,132937
2010-09-07,7.475,7.975,7.1,7.15,933536
2010-09-08,7.65,7.75,7.45,7.5125,397588
2010-09-09,7.5,7.85,7.475,7.65,117399
2010-09-13,7.3375,7.65,7.275,7.6,92122
2010-09-14,7.0375,7.3375,6.9,7.2625,111820
2010-09-15,6.975,7.3375,6.95,7.1125,86096
2010-09-16,6.8625,7.175,6.7875,7.1125,68373
2010-09-17,7.3875,7.6125,6.85,7.05,361876
2010-09-20,7.4875,7.85,7.3125,7.55,503444
2010-09-21,7.25,7.6125,7.15,7.6125,116407
2010-09-22,7.3,7.4125,7.1375,7.35,101288
2010-09-23,7.4375,7.625,7.1625,7.3875,238277
2010-09-24,8.7625,8.925,7.375,7.375,4175140
2010-09-27,8.025,8.825,7.9625,8.8,1043430
2010-09-28,7.9,8.35,7.725,8.25,466739
2010-09-29,8.1,8.325,7.875,8.0375,312260
2010-09-30,7.9,8.0875,7.8,8.0875,126592
2010-10-01,8.05,8.225,7.85,8.075,109541
2010-10-04,7.8875,8.3,7.8125,8.1375,197079
2010-10-05,8.225,8.3125,7.9125,7.9125,282322
2010-10-06,8.35,8.5625,8.1,8.325,331514
2010-10-07,8.45,8.875,8.375,8.4625,961087
2010-10-08,8.5,8.9,8.45,8.575,395330
2010-10-11,8.6375,8.8,8.55,8.6,129356
2010-10-12,8.375,8.7375,8.35,8.7,105881
2010-10-13,8.75,9.325,8.425,8.5,1332667
2010-10-14,8.9375,9.275,8.7125,8.775,532485
2010-10-15,8.9,9.2,8.75,9.025,347845
2010-10-18,8.6,8.9625,8.4875,8.9,207596
2010-10-19,8.7875,8.9625,8.675,8.725,207193
2010-10-20,8.5375,8.875,8.525,8.675,118047
2010-10-21,8.575,8.75,8.5,8.5125,144681
2010-10-22,8.65,8.75,8.4125,8.7125,287576
2010-10-25,10.1375,10.375,9,9.1,3852993
2010-10-26,11.025,11.325,9.9375,10.3125,3349167
2010-10-27,10.7875,11.25,10.1875,11.125,1196546
2010-10-28,11.125,11.45,10.875,11.2,651578
2010-10-29,10.675,11.25,10.3125,10.8,355594
2010-11-01,10.675,11.125,10.575,10.7625,219175
2010-11-02,10.8875,11.0625,10.5,10.65,229502
2010-11-03,11.2,11.3,10.85,10.85,228726
2010-11-04,11.3125,11.4375,9.6625,11.0125,222338
2010-11-05,11.325,11.4875,11.15,11.375,57376
2010-11-08,12.2,12.5875,11.0375,11.4375,1079867
2010-11-09,12.1625,12.45,11.7,12.35,343767
2010-11-10,12.1,12.375,11.8,12.15,217253
2010-11-11,12.5125,12.875,12.0375,12.225,508950
2010-11-12,11.4875,12.7,11.25,12.625,406175
2010-11-15,11.4,11.975,11.15,11.75,202276
2010-11-16,10.6,11.4125,10.5,11.2,167420
2010-11-18,11.2375,11.475,10.2625,10.3,347389
2010-11-19,10.675,11.4875,10.55,11.225,114576
2010-11-22,11.1,11.3,10.6,10.75,193977
2010-11-23,10.375,10.95,9.9375,10.75,237374
2010-11-24,10.975,11.25,10.375,10.375,161558
2010-11-25,10.3625,11.075,10.125,10.8125,108586
2010-11-26,9.975,12.4375,9.25,12.4375,179327
2010-11-29,9.8625,10.2375,9.6375,10,145194
2010-11-30,9.975,10.0375,9.5125,9.8625,91576
2010-12-01,10.3,10.6,10,10,70501
2010-12-02,11.3375,11.5,10.4125,10.4125,384465
2010-12-03,10.675,11.45,10.55,11.25,96070
2010-12-06,10.2625,10.8125,10.2,10.55,104733
2010-12-07,10.1875,10.7,10.1375,10.45,112564
2010-12-08,9.35,10.325,8.25,10.325,436805
2010-12-09,8.2,9.375,8.025,9.375,290911
2010-12-10,8.8125,9.3625,7.875,8.2,313685
2010-12-13,9.05,9.35,8.875,8.8875,81711
2010-12-14,9.325,9.4375,9,9.15,111881
2010-12-15,8.9125,9.3625,8.8125,9.225,135631
2010-12-16,8.925,9.0625,8.8125,9,51898
2010-12-20,8.9625,9.2,8.8,8.8,73262
2010-12-21,9.3875,9.6,8.95,8.95,119398
2010-12-22,9.6625,9.8375,9.5,9.5,99972
2010-12-23,9.825,9.9,9.5,9.6875,80772
2010-12-24,9.6,9.775,9.5375,9.5375,37588
2010-12-27,9.45,9.8625,9.2875,9.7,51907
2010-12-28,9.125,9.5125,8.975,9.5125,85745
2010-12-29,8.925,9.175,8.525,9.0125,791034
2010-12-30,9.0125,9.125,8.8,8.8,80092
2010-12-31,9.15,9.275,8.8125,8.8125,86363
2011-01-03,9.4375,9.8,9.2625,9.2875,173058
2011-01-04,9.6875,9.825,9.5125,9.825,161377
2011-01-05,9.475,9.75,9.375,9.525,66357
2011-01-06,9.3375,9.625,9.25,9.5625,51701
2011-01-07,8.8625,9.45,8.75,9.2625,121820
2011-01-10,8.55,8.9625,8.4,8.875,58763
2011-01-11,8.6875,8.975,8.4375,8.975,52494
2011-01-12,9.0625,9.1125,8.625,8.725,40190
2011-01-13,8.9875,9.25,8.875,8.9,64292
2011-01-14,8.725,9.125,8.65,9,37213
2011-01-17,8.6,8.75,8.55,8.625,18138
2011-01-18,8.6625,8.95,8.5625,8.95,25797
2011-01-19,8.65,8.95,8.575,8.925,48649
2011-01-20,9.125,9.35,8.525,8.7125,156966
2011-01-21,9.325,9.475,9.125,9.125,95287
2011-01-24,9.35,9.625,9.2625,9.3625,57812
2011-01-25,9.275,9.475,9.25,9.4,46953
2011-01-27,9.2875,9.55,9.1625,9.375,58216
2011-01-28,8.8375,9.2375,8.75,9.2375,114569
2011-01-31,8.9375,9.1625,8.5,8.625,109131
2011-02-01,8.9375,9.125,8.875,8.95,37239
2011-02-02,9.125,9.625,8.875,9.25,290273
2011-02-03,9.0625,9.4625,9.025,9.275,66626
2011-02-04,9.0125,9.3125,8.9,9.0625,59720
2011-02-07,8.9,9.25,8.8375,9.15,38904
2011-02-08,8.8125,8.9875,8.8,8.875,39336
2011-02-09,8.35,8.825,8.1625,8.5875,77265
2011-02-10,8.3,8.55,7.9,8.2,51098
2011-02-11,8.5125,8.725,7.575,8.5,107385
2011-02-14,8.9875,9.0375,8.5,8.5,53106
2011-02-15,8.975,9.35,8.65,9.2,35227
2011-02-16,8.7125,9.0625,8.6375,8.825,39965
2011-02-17,8.7875,8.85,8.65,8.725,19505
2011-02-18,8.6875,8.975,8.6125,8.75,60271
2011-02-21,8.55,8.9,8,8.875,17267
2011-02-22,8.4125,8.675,8.325,8.325,16673
2011-02-23,8.25,8.5,8.2,8.425,25724
2011-02-24,7.975,8.275,7.9375,8.225,44019
2011-02-25,7.95,8.075,7.825,7.9875,35085
2011-02-28,7.8375,8.1625,7.775,7.875,25916
2011-03-01,8.2625,8.3875,7.8,7.825,48404
2011-03-03,8.125,8.475,8.05,8.125,20177
2011-03-04,8.025,8.45,8,8.45,30784
2011-03-07,7.975,8.0875,7.825,7.825,25678
2011-03-08,7.975,8.2,7.875,7.875,67174
2011-03-09,7.9875,8.25,7.925,7.9375,46021
2011-03-10,7.9875,8.05,7.925,8,15332
2011-03-11,7.725,8.05,7.6,7.9625,37213
2011-03-14,7.6875,7.875,7.625,7.7625,30939
2011-03-15,7.4875,7.725,7.45,7.5375,46980
2011-03-16,7.5125,7.775,7.4375,7.4375,63767
2011-03-17,7.5,7.5875,7.4375,7.575,53331
2011-03-18,7.4625,7.725,7.4375,7.725,24664
2011-03-21,7.2375,7.7,6.55,7.7,40489
2011-03-22,7.825,7.9,7.175,7.375,169074
2011-03-23,7.55,7.7875,7.45,7.625,18598
2011-03-24,7.625,7.925,7.425,7.4375,30934
2011-03-25,7.825,7.9125,7.7,7.825,25550
2011-03-28,7.775,7.9375,7.6375,7.8875,20406
2011-03-29,7.45,7.9,7.2875,7.6625,61270
2011-03-30,7.75,7.9,7.475,7.475,34894
2011-03-31,7.625,7.9,7.5375,7.75,28059
2011-04-01,7.925,8.0375,7.65,7.65,50242
2011-04-04,8.3,8.375,8.0125,8.25,50282
2011-04-05,8.2375,8.4625,8.05,8.4625,40567
2011-04-06,8.25,8.45,8.2125,8.4,39903
2011-04-07,8.5875,8.8375,8.2125,8.2125,86726
2011-04-08,8.375,8.7,8.3125,8.675,38667
2011-04-11,8.2,8.375,8.025,8.25,13277
2011-04-13,8.4625,8.725,8.05,8.05,54703
2011-04-15,8.3375,8.675,8.3,8.375,49455
2011-04-18,8.3125,8.6375,8.25,8.4625,28575
2011-04-19,8.35,8.425,8.175,8.25,17808
2011-04-20,9.2375,9.4125,8.4,8.4125,398958
2011-04-21,8.8875,9.425,8.7875,9.375,59551
2011-04-25,8.9375,9.15,8.75,8.8875,37046
2011-04-26,8.825,8.9875,8.725,8.95,32714
2011-04-27,8.875,9.125,8.85,8.975,24432
2011-04-28,8.95,9.175,8.7375,8.8,57136
2011-04-29,8.4625,8.9375,8.325,8.8625,56715
2011-05-02,8.25,8.5375,8.175,8.5,41703
2011-05-03,7.9625,8.35,7.925,8.125,39561
2011-05-04,7.8625,8,7.75,7.8875,11723
2011-05-05,7.9625,8.225,7.8,8.0125,24672
2011-05-06,8.1375,8.1875,7.875,8.1,26697
2011-05-09,7.95,8.2125,7.9,8.15,14918
2011-05-10,7.9875,8.125,7.775,7.875,14611
2011-05-11,7.925,8.15,7.875,8,7500
2011-05-12,7.7,7.8875,7.65,7.775,25756
2011-05-13,7.7,7.875,7.35,7.575,42697
2011-05-16,7.6875,7.8125,7.625,7.625,9016
2011-05-17,7.7,7.8625,7.6,7.6,11412
2011-05-18,7.425,7.7875,7.4,7.725,35314
2011-05-19,7.4375,7.5125,7.2375,7.275,55187
2011-05-20,7.6125,7.725,7.5,7.6,30297
2011-05-23,7.4125,7.8,7.35,7.8,25765
2011-05-24,7.45,7.5625,7.325,7.325,12744
2011-05-25,7.3625,7.5,7.2625,7.35,19324
2011-05-26,7.5875,7.5875,7.25,7.25,31208
2011-05-27,7.6375,7.8625,7.5625,7.7375,38678
2011-05-30,7.6125,8.0125,7.3875,7.65,43986
2011-05-31,7.7,7.75,7.475,7.75,8379
2011-06-01,7.675,7.875,7.575,7.725,34934
2011-06-02,7.5375,7.725,7.4625,7.725,14110
2011-06-03,7.4,7.6625,7.35,7.625,22823
2011-06-06,7.2625,7.5,7.25,7.35,35114
2011-06-07,7.15,7.3375,7.0125,7.275,34234
2011-06-08,7.2375,7.3,7.075,7.175,41834
2011-06-09,7.55,7.7375,7.3125,7.7,183461
2011-06-10,7.55,7.775,7.45,7.625,82472
2011-06-13,7.5,7.55,7.4625,7.475,22748
2011-06-14,7.6,7.65,7.4625,7.5,33003
2011-06-15,7.4875,7.575,7.4375,7.55,9435
2011-06-16,7.45,7.625,7.275,7.2875,19505
2011-06-17,7.3375,7.4875,7.25,7.4375,29809
2011-06-20,6.9625,7.4875,6.875,7.4875,27982
2011-06-21,6.9125,7.15,6.775,6.975,28704
2011-06-22,6.75,7.0375,6.6875,6.9,11200
2011-06-23,6.6125,6.75,6.5,6.6375,18168
2011-06-24,7.05,7.6,6.6,7.6,49584
2011-06-27,6.9875,7.0875,6.825,6.975,18749
2011-06-28,7,7.125,6.9,7.0125,17362
2011-06-29,7.0125,7.15,6.925,6.9375,14470
2011-06-30,7.075,7.15,6.925,6.925,14065
2011-07-01,7.0125,7.1,6.8125,6.8125,12988
2011-07-04,7.1375,7.1875,6.9625,7,14211
2011-07-05,7.15,7.2375,7.05,7.175,13315
2011-07-06,7.175,7.3125,7.05,7.125,28625
2011-07-07,7.275,7.5625,7.175,7.175,44503
2011-07-08,7.35,7.55,7.3,7.3125,33701
2011-07-11,7.2,7.3875,7.1875,7.3,15678
2011-07-12,6.9875,7.2125,6.95,7.2,35597
2011-07-13,7.1625,7.1875,6.9125,7.15,20439
2011-07-14,7.0625,7.175,6.9,6.9375,35862
2011-07-15,7.0875,7.325,7,7.15,13636
2011-07-18,7.075,7.175,6.975,7.175,10500
2011-07-19,7.025,7.1375,6.95,7.025,16260
2011-07-20,7,7.325,6.9625,7.325,29254
2011-07-21,6.95,7.05,6.825,6.825,21023
2011-07-22,7.3,7.5,6.875,6.875,156015
2011-07-25,7.2875,7.45,7.2375,7.375,34589
2011-07-26,7.1375,7.3,7.0875,7.2375,26948
2011-07-27,7.0125,7.2,6.975,7.075,25036
2011-07-28,6.9125,7,6.8875,6.9125,26146
2011-07-29,6.9125,7.025,6.85,6.875,19759
2011-08-01,6.7625,6.9875,6.75,6.9375,23241
2011-08-02,6.4875,6.8,6.4,6.7625,78031
2011-08-03,6.525,6.5875,6.25,6.375,24541
2011-08-04,6.5,6.6125,6.4,6.4875,23856
2011-08-05,6.425,6.4625,5.775,6.4375,34545
2011-08-08,6.15,6.25,5.8375,6.025,60465
2011-08-09,6.05,6.125,5.75,6,41386
2011-08-10,6.175,6.3875,6.125,6.1375,20665
2011-08-11,6.225,6.375,6,6,19736
2011-08-12,6.1,6.375,6.0375,6.25,10824
2011-08-16,5.8375,6.2,5.7625,6.125,13517
2011-08-17,5.6875,5.875,5.6625,5.825,28323
2011-08-18,5.4,5.6625,5.3125,5.6625,52275
2011-08-19,5.3625,5.55,5.3125,5.55,54838
2011-08-22,5.4375,5.5,5.3,5.5,12563
2011-08-23,5.7125,5.775,5.4875,5.5,22091
2011-08-24,5.825,5.925,5.725,5.75,12184
2011-08-25,5.6625,5.825,5.625,5.825,8053
2011-08-26,5.75,5.8375,5.625,5.625,12983
2011-08-29,6.0125,6.25,5.525,6,7410
2011-08-30,5.85,6.175,5.775,5.9625,24060
2011-09-02,5.975,6.125,5.8875,6.125,7320
2011-09-05,6.1125,6.25,5.8875,5.975,16745
2011-09-06,6.275,6.3125,5.8875,5.8875,8395
2011-09-07,6.25,6.35,5.925,6.125,31135
2011-09-08,6.25,6.3875,6.0625,6.075,20714
2011-09-09,6.1625,6.35,6.0875,6.1125,16854
2011-09-12,5.9875,6.175,5.95,6.175,5821
2011-09-13,6.025,6.125,5.875,5.875,11351
2011-09-14,6.0375,6.125,5.95,6,8317
2011-09-15,5.9625,6.0375,5.875,6.0375,6375
2011-09-16,5.9125,6.125,5.8875,6,16235
2011-09-19,5.825,6.0125,5.75,5.875,11316
2011-09-20,5.975,6.025,5.825,5.875,7446
2011-09-21,5.875,6.025,5.8375,6,20107
2011-09-22,5.9125,6,5.675,5.8,35181
2011-09-23,5.9,5.9875,5.75,5.9125,13618
2011-09-26,5.6625,6.075,5.65,5.9875,16716
2011-09-27,5.6625,5.825,5.625,5.7375,34862
2011-09-28,5.6125,5.7625,5.5875,5.6375,31749
2011-09-29,5.6625,5.7125,5.55,5.55,5650
2011-09-30,5.575,6.05,5.55,6.05,20215
2011-10-03,5.5,6.1125,5.25,6.1125,11408
2011-10-04,5.8,6.1125,5.3375,5.375,26552
2011-10-05,5.7125,6,5.675,6,6811
2011-10-07,6.0625,6.2875,5.6375,5.775,30588
2011-10-10,5.975,6.125,5.8375,6.0625,11903
2011-10-11,5.8,6.125,5.7625,6.125,18660
2011-10-12,5.8125,5.9625,5.75,5.775,6658
2011-10-13,5.8,6.0375,5.7875,5.7875,23381
2011-10-14,5.8375,5.925,5.75,5.825,6722
2011-10-17,5.7625,5.9375,5.75,5.775,7869
2011-10-18,5.7875,5.825,5.75,5.75,6137
2011-10-19,5.7375,5.85,5.725,5.85,13039
2011-10-20,5.7375,5.875,5.65,5.875,9242
2011-10-21,5.7,5.7625,5.675,5.75,6640
2011-10-24,5.6875,5.875,5.5625,5.5625,22541
2011-10-25,5.7,5.75,5.5875,5.5875,4580
2011-10-26,5.8625,5.875,5.625,5.875,4499
2011-10-28,5.8875,5.9375,5.7625,5.7625,12452
2011-10-31,5.7875,6.05,5.675,5.775,23578
2011-11-01,5.7,5.875,5.5375,5.5375,9838
2011-11-02,5.85,5.9875,5.7375,5.8,9481
2011-11-03,5.725,5.9125,5.6875,5.9125,30041
2011-11-04,5.85,5.9,5.7125,5.75,9298
2011-11-08,5.7125,5.875,5.7,5.85,17299
2011-11-09,5.675,5.7875,5.625,5.7,18305
2011-11-11,5.575,5.75,5.575,5.75,6809
2011-11-14,5.425,5.7,5.375,5.55,33383
2011-11-15,5.1625,5.4625,4.9375,5.35,49615
2011-11-16,5.05,5.1625,4.75,5.1625,48735
2011-11-17,4.975,5.125,4.95,5.125,7711
2011-11-18,4.8,4.9875,4.675,4.8125,54325
2011-11-21,4.9875,5.225,4.7125,4.75,7858
2011-11-22,4.8,4.95,4.75,4.875,12135
2011-11-23,4.875,4.9875,4.6875,4.75,18998
2011-11-24,5.025,5.075,4.775,4.7875,6454
2011-11-25,5.125,5.1875,4.875,5.1125,5067
2011-11-28,5.0125,5.1,5,5.0125,13321
2011-11-29,5,5.15,5,5.15,5130
2011-11-30,5.0625,5.0875,4.95,4.95,5831
2011-12-01,5.0875,5.9625,5.0125,5.15,19543
2011-12-02,5.1125,5.125,5,5,3747
2011-12-05,5.0875,5.1875,5.0125,5.0125,2379
2011-12-07,5.075,5.225,5.075,5.225,4863
2011-12-08,5.375,5.5625,4.975,5.025,40696
2011-12-09,5.15,5.3625,5.15,5.175,4959
2011-12-12,5.9,6.075,5.1,5.175,99728
2011-12-13,5.525,5.95,5.4625,5.95,36589
2011-12-14,5.4875,5.7375,5.4,5.45,3613
2011-12-15,5.3375,5.4875,5.3125,5.325,6055
2011-12-16,5.1625,5.7375,4.75,5.7375,25672
2011-12-19,4.925,5.275,4.875,5.0125,16684
2011-12-20,4.7625,5,4.675,4.9,12584
2011-12-21,4.7625,5,4.7375,4.775,22212
2011-12-22,4.725,4.9875,4.5125,4.9875,8270
2011-12-23,4.8375,4.9125,4.6,4.6,3902
2011-12-26,4.9375,4.975,4.775,4.775,3575
2011-12-27,4.7875,5.175,4.775,5.175,4998
2011-12-28,4.7625,4.825,4.2625,4.75,19110
2011-12-29,4.6625,4.925,4.625,4.75,5413
2011-12-30,4.6125,4.875,4.55,4.55,5137
2012-01-02,4.7375,4.975,4.575,4.975,2601
2012-01-03,4.775,4.925,4.725,4.925,11068
2012-01-04,4.75,4.9375,4.65,4.7625,20397
2012-01-05,4.7,4.95,4.675,4.8625,10970
2012-01-06,4.8125,4.9875,4.7,4.7125,31173
2012-01-09,4.8625,5,4.6625,5,2923
2012-01-10,5.3125,5.4,4.825,4.825,28283
2012-01-11,5.55,5.6,5.15,5.15,39349
2012-01-12,5.275,5.5875,5.1,5.5,15466
2012-01-13,5.175,5.3875,5.125,5.3875,19700
2012-01-16,5.1875,5.3375,5.05,5.05,4182
2012-01-17,5.225,5.25,5.125,5.2,10913
2012-01-18,5.2875,5.325,5.1375,5.2375,6778
2012-01-19,5.225,5.3375,5.075,5.075,25234
2012-01-20,5.15,5.325,5.15,5.25,6497
2012-01-23,5.2125,5.325,4.9625,5.05,19065
2012-01-24,5.6125,5.775,5.2,5.2875,62896
2012-01-25,5.5875,5.8375,5.5125,5.8375,12454
2012-01-27,5.6375,6.675,5.4625,5.95,30718
2012-01-30,5.6375,5.75,5.5125,5.75,19213
2012-01-31,5.5625,5.6375,5.5,5.625,29158
2012-02-01,5.7,5.7875,5.55,5.7125,43943
2012-02-02,5.6375,5.8375,5.5625,5.75,14856
2012-02-03,5.7125,6,5.55,5.6125,44360
2012-02-06,5.8375,6.2375,5.75,5.875,37327
2012-02-07,5.6875,5.925,5.525,5.75,40605
2012-02-08,6.075,6.225,5.8,5.95,106445
2012-02-09,6.3625,6.575,6.225,6.225,179016
2012-02-10,6.2375,6.525,6.025,6.4875,53528
2012-02-13,6.075,6.2625,6.0375,6.25,19533
2012-02-14,6.1,6.2375,6.0125,6.2375,26853
2012-02-15,6.1125,6.1875,6.025,6.025,30575
2012-02-16,6.1375,6.225,5.975,6.0125,30011
2012-02-17,6.0625,6.2875,6.025,6.225,15194
2012-02-21,6.15,6.4875,6.05,6.05,43140
2012-02-22,5.75,6.475,5.7,6.475,31031
2012-02-23,5.675,5.7875,5.575,5.7625,17232
2012-02-24,5.9375,6.125,5.6375,5.6375,45589
2012-02-27,5.4625,6.3125,5.15,6.175,97328
2012-02-28,5.4625,5.8,5.375,5.7375,62551
2012-02-29,5.3125,5.7375,5.1875,5.7375,50947
2012-03-01,5.5125,5.725,5.2875,5.3,20043
2012-03-02,5.4125,5.6125,5.3375,5.45,13135
2012-03-05,5.5,5.625,5.2875,5.325,29810
2012-03-06,5.625,5.725,5.4625,5.4625,30356
2012-03-07,5.4375,5.6625,5.425,5.5,11778
2012-03-09,5.5375,5.7125,5.3,5.425,9556
2012-03-12,5.6875,6.2375,5.6375,5.7,101635
2012-03-13,5.75,5.9625,5.625,5.8,29263
2012-03-14,5.6375,5.9125,5.5875,5.9125,19333
2012-03-15,5.775,5.9875,5.4875,5.5125,40473
2012-03-16,5.6,5.8,5.525,5.6375,42629
2012-03-19,5.475,5.725,5.4,5.725,6515
2012-03-20,5.375,5.6,5.25,5.25,48164
2012-03-21,5.5375,5.5875,5.25,5.55,45969
2012-03-22,5.3875,5.5125,5.375,5.475,9811
2012-03-23,5.4125,5.5,5.325,5.3875,9900
2012-03-26,5.35,5.5,5.275,5.5,50219
2012-03-27,5.125,5.4875,5.0875,5.0875,16778
2012-03-28,5.1625,5.3625,5.1125,5.1125,26264
2012-03-29,5.4625,5.6125,5.1,5.1375,35437
2012-03-30,5.7,5.925,5.25,5.2875,62305
2012-04-02,5.625,5.7,5.35,5.6,25020
2012-04-03,5.6375,5.7,5.5375,5.625,9784
2012-04-04,5.6,5.7,5.5625,5.5875,7593
2012-04-09,5.8625,5.95,5.425,5.5875,41464
2012-04-10,5.675,6.0625,5.6375,6.05,42701
2012-04-11,5.6,5.975,5.5625,5.975,8465
2012-04-12,5.625,5.6875,5.5375,5.5375,9648
2012-04-13,5.5625,5.75,5.525,5.575,10742
2012-04-16,5.475,5.6125,5.4375,5.5,17943
2012-04-17,5.425,5.5625,5.3875,5.4,15338
2012-04-18,5.475,5.525,5.425,5.45,11482
2012-04-19,5.4125,5.525,5.375,5.5,12846
2012-04-20,5.3375,5.475,5.325,5.325,18020
2012-04-23,5.275,5.325,5.275,5.3125,23380
2012-04-24,5.1875,5.3125,5.1375,5.3,28655
2012-04-25,5.075,5.25,5.025,5.25,22525
2012-04-26,5.1625,5.1875,5.0125,5.0875,7827
2012-04-27,5.2,5.5,5.0625,5.15,29779
2012-04-30,5.55,5.6125,5.15,5.35,20840
2012-05-02,5.475,5.7625,5.375,5.7375,91867
2012-05-03,5.3625,5.5,5.275,5.5,8804
2012-05-04,5.2625,5.5375,5.1875,5.25,9388
2012-05-07,5.15,5.375,5,5.375,18671
2012-05-08,5.075,5.3125,5.0625,5.075,13961
2012-05-09,4.9875,5.075,4.9,5.025,12088
2012-05-10,4.925,5.0375,4.9,4.9125,5817
2012-05-11,4.825,4.95,4.8,4.9,10123
2012-05-14,4.725,4.9,4.575,4.825,8796
2012-05-15,4.75,4.8,4.65,4.725,21285
2012-05-16,4.7125,4.8,4.5875,4.625,5981
2012-05-17,4.625,4.85,4.6,4.65,17585
2012-05-18,4.5875,4.7,4.5125,4.6,9077
2012-05-21,4.775,4.875,4.5375,4.5375,10196
2012-05-22,4.775,4.825,4.6625,4.6625,48228
2012-05-23,4.7625,4.8,4.575,4.8,7871
2012-05-24,4.825,4.85,4.675,4.7125,19510
2012-05-25,4.6875,4.8375,4.65,4.8125,6236
2012-05-28,4.8,4.8125,4.625,4.7,29232
2012-05-29,4.8,4.825,4.8,4.8,7589
2012-05-30,4.65,4.7875,4.625,4.725,9928
2012-05-31,4.6125,4.75,4.575,4.7375,9001
2012-06-01,4.525,4.7375,4.5,4.65,3718
2012-06-04,4.625,4.6875,4.5,4.5,4673
2012-06-05,4.6875,4.725,4.5875,4.6,9424
2012-06-06,4.7625,4.8,4.65,4.75,6305
2012-06-07,4.7125,4.8125,4.625,4.8125,14422
2012-06-08,4.6375,4.7375,4.6,4.6875,5286
2012-06-11,4.7625,4.9,4.7,4.775,31069
2012-06-12,4.8,4.9,4.75,4.75,13376
2012-06-13,4.7375,4.8125,4.7125,4.7125,8073
2012-06-14,4.675,4.875,4.675,4.75,6013
2012-06-15,4.75,4.8625,4.7125,4.7125,7912
2012-06-18,4.6125,5.025,3.825,5.0125,52262
2012-06-19,4.5875,4.625,4.5,4.6,11727
2012-06-20,4.575,4.65,4.5375,4.5375,5266
2012-06-21,4.625,4.7125,4.525,4.5375,12764
2012-06-22,4.5875,4.7,4.55,4.625,2462
2012-06-25,4.7125,4.7875,4.575,4.6875,14900
2012-06-26,4.9375,5.0375,4.8,4.8,18525
2012-06-27,5.2375,5.325,4.8625,5,37513
2012-06-28,5.1125,5.1625,5.0125,5.1625,36585
2012-06-29,4.9625,5.3125,4.775,5.125,28250
2012-07-02,5,5.2375,4.9375,5,26970
2012-07-03,4.8875,5.1,4.8625,5,47759
2012-07-04,4.7,5.075,4.625,5.075,65708
2012-07-05,5.4125,5.5625,4.6875,4.825,1823724
2012-07-06,5.0875,5.3875,5.05,5.375,292899
2012-07-09,5.1375,5.3625,4.9,5.075,185186
2012-07-10,5.2125,5.4625,5.175,5.25,143251
2012-07-11,5.2375,5.3125,5.1625,5.175,94490
2012-07-12,5.075,5.25,5.0375,5.175,35719
2012-07-13,5.0125,5.15,4.95,5.15,38463
2012-07-16,5.375,5.45,5.0625,5.0875,106036
2012-07-17,5.3,5.7625,5.1875,5.7625,60242
2012-07-18,5.225,5.3125,5.175,5.3,21917
2012-07-19,5.2,5.325,5.175,5.175,26294
2012-07-20,5.1,5.2375,4.9,5.2375,70208
2012-07-23,5.3625,5.625,5.0875,5.625,161725
2012-07-24,5.675,5.8625,5.3625,5.3625,410185
2012-07-25,5.775,5.8375,5.55,5.8125,108544
2012-07-26,5.35,5.7,5.25,5.7,85043
2012-07-27,5.2375,5.5,5.175,5.4125,32859
2012-07-30,5.25,5.4875,4.85,5.4875,69889
2012-07-31,5.2375,5.375,5.175,5.3625,35698
2012-08-01,5.6125,5.65,5.275,5.275,88773
2012-08-02,5.4,5.625,5.35,5.5,17433
2012-08-03,5.4,5.5,5.3125,5.5,61751
2012-08-06,5.4375,5.55,5.4,5.4,31986
2012-08-07,5.4,5.5,5.275,5.3875,31309
2012-08-08,5.425,5.4875,5.375,5.375,29385
2012-08-09,5.3625,5.55,5.2875,5.5,60004
2012-08-10,5.35,5.425,5.25,5.3625,18920
2012-08-13,5.3,5.4375,5.2625,5.425,18855
2012-08-14,5.7875,5.85,5.25,5.3125,145499
2012-08-16,5.975,6.075,5.85,5.925,1112626
2012-08-17,5.75,5.8875,5.65,5.8875,99032
2012-08-21,5.7625,5.9,5.625,5.625,22322
2012-08-22,5.6375,5.8625,5.5875,5.8625,26163
2012-08-23,5.525,5.6375,5.5125,5.5875,17547
2012-08-24,5.425,5.5,5.375,5.5,35133
2012-08-27,5.3625,5.425,5.35,5.3875,27657
2012-08-28,5.3,5.375,5.25,5.275,15644
2012-08-29,5.1375,5.375,5.125,5.225,37944
2012-08-30,5.0875,5.15,5,5.1375,21755
2012-08-31,5.1,5.15,4.9875,5.025,57990
2012-09-03,5.0875,5.175,5.0375,5.175,10398
2012-09-04,5.3875,5.475,5.125,5.125,65614
2012-09-05,5.425,5.5,5.25,5.25,29402
2012-09-06,5.4375,5.5,5.35,5.425,20511
2012-09-07,5.425,5.6,5.375,5.6,13820
2012-09-10,5.375,5.4375,5.275,5.3375,10832
2012-09-11,5.35,5.4375,5.1875,5.375,26619
2012-09-12,5.575,5.675,5.2625,5.2625,46190
2012-09-13,5.4125,5.625,5.325,5.625,28092
2012-09-14,5.4875,5.775,5.3875,5.6125,74097
2012-09-17,5.425,5.6125,5.35,5.55,28619
2012-09-18,5.4625,5.6,5.3875,5.6,15871
2012-09-20,5.375,5.4875,5.35,5.3875,8356
2012-09-21,5.45,5.5,5.375,5.375,22198
2012-09-24,5.4875,5.6,5.425,5.5,67550
2012-09-25,5.4375,5.575,5.4,5.425,21754
2012-09-26,5.4375,5.5,5.2875,5.3875,21105
2012-09-27,5.5375,5.625,5.4,5.4,35288
2012-09-28,5.5,5.625,5.475,5.525,32659
2012-10-01,5.9375,6.1875,5.5,5.5,172758
2012-10-03,5.8125,6,5.775,5.9375,60172
2012-10-04,5.75,5.975,5.625,5.8625,41916
2012-10-05,5.775,6,5.525,5.9375,39269
2012-10-08,5.625,5.85,5.575,5.75,14359
2012-10-09,5.6625,5.725,5.55,5.5875,13252
2012-10-10,5.55,5.6625,5.525,5.55,22768
2012-10-11,5.55,5.725,5.525,5.725,23491
2012-10-12,5.5375,5.7375,5.5125,5.5625,24040
2012-10-15,5.6125,5.675,5.5,5.55,14342
2012-10-16,5.625,5.6875,5.55,5.575,18439
2012-10-17,5.5875,5.6875,5.575,5.6875,11148
2012-10-18,5.7125,5.775,5.5625,5.65,43154
2012-10-19,5.9625,6.275,5.6,5.675,202137
2012-10-22,5.8375,5.925,5.8,5.925,23709
2012-10-23,5.7625,5.9125,5.7375,5.8125,20962
2012-10-25,5.7,5.825,5.65,5.7625,20494
2012-10-26,5.6375,5.825,5.6125,5.625,10935
2012-10-29,5.625,5.7,5.5625,5.6,11175
2012-10-30,5.5625,5.6625,5.525,5.625,12830
2012-10-31,5.55,5.6125,5.5375,5.5375,13882
2012-11-01,5.625,5.675,5.525,5.65,21298
2012-11-02,5.5875,5.8625,5.5625,5.8625,32298
2012-11-05,6.0375,6.125,5.875,5.875,271888
2012-11-06,6.1875,6.3,5.975,6.1375,181687
2012-11-07,6.1125,6.475,6.05,6.4,190274
2012-11-08,6.25,6.4875,6.125,6.2,88349
2012-11-09,6.125,6.25,6.1125,6.25,27063
2012-11-12,6.2125,6.35,6.05,6.25,22954
2012-11-13,6.275,6.4875,6.225,6.375,11374
2012-11-15,6.2875,6.35,6.15,6.2625,28393
2012-11-16,6.1625,6.4125,6.125,6.1875,27160
2012-11-19,6.1625,6.275,6.025,6.125,42444
2012-11-20,6.0625,6.2,6.0375,6.125,15786
2012-11-21,6.05,6.15,6,6,18444
2012-11-22,6.075,6.1875,6,6.05,11468
2012-11-23,5.9875,6.15,5.8125,6,27887
2012-11-26,5.975,6.125,5.8875,5.95,14156
2012-11-27,6.2875,6.3875,5.8875,6.025,88127
2012-11-29,6.6375,7.075,6.45,6.6,512868
2012-11-30,6.4875,6.7375,6.4125,6.625,101606
2012-12-03,6.3625,6.45,6.3125,6.45,33322
2012-12-04,6.2625,6.3875,6.25,6.3375,74250
2012-12-05,6.3,6.3875,6.2,6.35,17174
2012-12-06,6.3625,6.4375,6.275,6.2875,20195
2012-12-07,6.7,7.1625,6.375,6.375,978560
2012-12-10,6.6375,6.875,6.5,6.75,91222
2012-12-11,6.7,6.8375,6.1625,6.5125,105510
2012-12-12,6.625,6.8375,6.5625,6.625,33850
2012-12-13,6.5125,6.6875,6.475,6.5875,62608
2012-12-14,6.4375,6.6,6.4,6.45,18975
2012-12-17,6.375,6.5,6.325,6.375,20821
2012-12-18,6.4125,6.55,6.3125,6.3125,19828
2012-12-19,6.45,6.525,6.325,6.375,35326
2012-12-20,6.425,6.55,6.35,6.55,12231
2012-12-21,6.375,6.55,6.35,6.4,46250
2012-12-24,6.325,6.5,6.3,6.375,20341
2012-12-26,6.4125,6.475,6.25,6.375,12911
2012-12-27,6.475,6.6375,6.45,6.45,27066
2012-12-28,6.4375,6.55,6.3875,6.4875,24947
2012-12-31,6.45,6.55,6.3875,6.5,8456
2013-01-01,6.475,6.5875,6.4,6.4375,19354
2013-01-02,6.65,6.8375,6.625,6.625,145134
2013-01-03,6.65,6.7125,6.55,6.65,31127
2013-01-04,6.75,6.925,6.725,6.75,96574
2013-01-07,6.875,7,6.725,6.8,72375
2013-01-08,6.8625,6.9375,6.75,6.8,54699
2013-01-09,6.825,6.875,6.775,6.8625,33483
2013-01-10,6.6875,6.825,6.65,6.825,30452
2013-01-11,6.5,6.7375,6.3875,6.6875,28791
2013-01-14,6.6125,6.6875,6.4125,6.5,11517
2013-01-15,6.675,6.7,6.5625,6.5625,22767
2013-01-16,6.625,6.6875,6.5375,6.6,21495
2013-01-17,6.7875,7,6.5,6.6,322329
2013-01-18,6.7125,6.85,6.575,6.75,37095
2013-01-21,7.1125,7.475,6.75,7.1125,266510
2013-01-22,7.2625,7.4625,7.0375,7.4625,145287
2013-01-23,7.45,7.625,7.3,7.375,297671
2013-01-24,7.15,7.6125,7.075,7.6,82245
2013-01-25,7.3375,7.475,7.0375,7.15,86413
2013-01-28,7.2125,7.55,7.05,7.3,59814
2013-01-29,7.25,7.4625,7.075,7.4625,43515
2013-01-30,7.0875,7.45,7.075,7.45,28761
2013-01-31,7.125,7.3625,6.975,7.3625,78159
2013-02-01,7.15,7.275,7.1,7.275,82131
2013-02-04,7.5125,7.775,7.125,7.275,349042
2013-02-05,7.3375,7.6625,7.2875,7.5625,67099
2013-02-06,7.3625,7.7375,7.2875,7.4875,60985
2013-02-07,7.125,7.5,7.0375,7.3,53267
2013-02-08,7.1625,7.325,7.1,7.25,56592
2013-02-11,6.975,7.25,6.95,7.25,34326
2013-02-12,6.85,7.2,6.8,6.9625,23053
2013-02-13,7.0625,7.075,6.6375,6.75,60229
2013-02-14,6.9125,7.4875,6.8125,7.45,173418
2013-02-15,6.7875,6.85,6.55,6.775,52380
2013-02-18,6.7375,6.8625,6.65,6.8625,20973
2013-02-19,6.8125,6.85,6.6875,6.7,12013
2013-02-20,6.725,6.8625,6.6875,6.8625,20419
2013-02-21,6.5375,6.7,6.525,6.7,24366
2013-02-22,6.55,6.625,6.525,6.5875,12291
2013-02-25,6.3625,6.6,6.3,6.55,34577
2013-02-26,5.9625,6.25,5.7,6.25,90047
2013-02-27,6.1625,6.2125,6.025,6.2125,26815
2013-02-28,6.175,6.25,6.0875,6.25,32687
2013-03-01,6.1,6.3,5.925,6.0375,17967
2013-03-04,5.8625,6.225,5.775,6.125,43021
2013-03-05,6.15,6.2,5.75,5.75,32497
2013-03-06,6.0125,6.3375,5.9875,6.125,26021
2013-03-07,6.1375,6.25,6,6,26117
2013-03-08,6.35,6.5,6.1375,6.15,36902
2013-03-11,6.3125,6.45,6.2625,6.3625,6993
2013-03-12,6.275,6.3875,6.15,6.2875,25987
2013-03-13,6.0625,6.25,6.0375,6.25,12546
2013-03-14,6.1375,6.2,5.925,6.0125,11748
2013-03-15,5.9875,6.225,5.9125,6.1375,9697
2013-03-18,5.9625,6.0125,5.825,5.95,13137
2013-03-19,5.775,6.1375,5.725,6,38300
2013-03-20,5.675,5.825,5.6375,5.7375,13847
2013-03-21,5.7125,5.85,5.625,5.625,11204
2013-03-22,5.4875,5.85,5.375,5.85,21237
2013-03-25,5.6875,5.75,5.5375,5.75,17742
2013-03-26,5.5,5.625,5.45,5.5125,26887
2013-03-28,5.7125,5.75,5.5,5.5,19796
2013-04-01,5.9125,6.15,5.575,5.575,27815
2013-04-02,6.025,6.0625,5.775,5.9125,17930
2013-04-03,5.9875,6.075,5.9375,6.0625,7763
2013-04-04,5.975,6.0375,5.7875,5.8875,7254
2013-04-05,5.9625,6.025,5.825,5.8375,30859
2013-04-08,5.8875,6.125,5.7,5.9625,19963
2013-04-09,5.8125,6,5.775,5.825,13657
2013-04-10,5.775,5.8625,5.6625,5.75,7060
2013-04-11,6,6.05,5.7625,5.7625,20990
2013-04-12,6.0125,6.0625,5.825,5.9375,11283
2013-04-15,6,6.05,5.875,6.05,13883
2013-04-16,6.025,6.125,5.8875,5.8875,5953
2013-04-17,6.775,6.8625,5.75,5.75,128630
2013-04-18,6.6375,7.1125,6.575,7,497692
2013-04-22,6.3625,6.625,6.275,6.625,27126
2013-04-23,6.325,6.375,6.25,6.375,18209
2013-04-25,6.2625,6.375,6.05,6.25,24618
2013-04-26,6.2125,6.3125,6.1875,6.3125,11839
2013-04-29,6.125,6.2,6.05,6.1875,16003
2013-04-30,6.15,6.175,6.0875,6.1375,13010
2013-05-02,6.125,6.1875,6.0875,6.0875,10580
2013-05-03,6.25,6.3125,6.1125,6.125,12749
2013-05-06,6.3875,6.45,6.25,6.325,25332
2013-05-07,6.275,6.375,6.2125,6.3125,9820
2013-05-08,6.3125,6.4625,6.25,6.4625,10124
2013-05-09,6.375,6.5,6.2625,6.275,27181
2013-05-10,6.3375,6.4875,6.3125,6.375,16910
2013-05-13,6.3,6.425,6.225,6.325,27265
2013-05-14,6.325,6.5,6.25,6.4,16291
2013-05-15,6.3875,6.4875,6.3,6.3125,18641
2013-05-16,6.4,6.55,6.3,6.3,29777
2013-05-17,6.3625,6.4,6.25,6.25,26112
2013-05-20,6.6,7,6.3875,6.75,115504
2013-05-21,6.6125,6.75,6.5,6.625,14362
2013-05-22,6.6375,6.925,6.5,6.75,44525
2013-05-23,6.3625,6.6625,6.3,6.5,52284
2013-05-24,6.35,6.6625,6.3,6.3875,77122
2013-05-27,6.05,6.45,5.875,6.45,97721
2013-05-28,6.1375,6.3375,6.0625,6.225,40145
2013-05-29,5.9875,6.225,5.95,6.225,10691
2013-05-30,5.9625,5.9875,5.9125,5.95,9041
2013-05-31,5.875,6.125,5.8,6.075,40935
2013-06-03,5.725,5.9625,5.6875,5.875,22258
2013-06-04,5.625,5.775,5.6,5.725,26106
2013-06-05,5.65,5.7,5.5,5.575,10823
2013-06-06,5.6125,5.7125,5.5125,5.55,5129
2013-06-07,5.6375,5.85,5.6,5.6,14163
2013-06-10,5.7,5.9875,5.65,5.9875,7208
2013-06-11,5.725,5.9875,5.6,5.75,78103
2013-06-12,5.6625,5.8,5.525,5.75,17584
2013-06-13,5.5875,5.6625,5.5,5.5,9245
2013-06-14,5.6375,5.7125,5.55,5.5625,28790
2013-06-17,6.0375,6.1375,5.6375,5.65,37755
2013-06-18,5.7625,5.95,5.75,5.95,12976
2013-06-19,5.9125,5.975,5.775,5.8125,13228
2013-06-20,5.675,5.85,5.625,5.8,29760
2013-06-21,5.6375,5.7375,5.6375,5.65,16672
2013-06-24,5.6,5.7375,5.5625,5.5625,19015
2013-06-25,5.5875,5.625,5.5375,5.625,14514
2013-06-26,5.425,5.6875,5,5.6875,48702
2013-06-27,5.375,5.5,5.3,5.45,15642
2013-06-28,5.4125,5.55,5.3375,5.55,20360
2013-07-01,5.5,5.6375,5.4125,5.4125,12335
2013-07-02,5.4875,5.6375,5.4125,5.6375,5830
2013-07-03,5.3375,5.475,5.325,5.4375,12176
2013-07-04,5.525,5.9,5.3,5.65,40113
2013-07-05,5.3625,5.575,5.35,5.575,11777
2013-07-08,5.3625,5.5,5.3,5.3,3361
2013-07-09,5.3375,5.6875,5.325,5.325,22955
2013-07-10,5.325,5.4125,5.325,5.375,9723
2013-07-11,5.3125,5.425,5.2875,5.375,33013
2013-07-12,5.3625,5.45,5.3,5.45,25440
2013-07-15,5.375,5.4375,5.3375,5.3875,13327
2013-07-16,5.3875,5.4875,5.35,5.35,5021
2013-07-17,5.3375,5.5,5.325,5.3375,8507
2013-07-18,5.35,5.475,5.325,5.3375,10816
2013-07-19,5.35,5.4125,5.3125,5.35,10692
2013-07-22,5.45,5.45,5.3125,5.3125,32584
2013-07-23,5.375,5.4625,5.3375,5.425,5464
2013-07-24,5.525,5.625,5.2625,5.2625,28622
2013-07-25,5.575,5.7,5.5375,5.5375,18740
2013-07-26,5.6625,5.7375,5.5625,5.7375,20014
2013-07-29,5.5125,5.7375,5.4,5.6625,15725
2013-07-30,5.375,5.5,5.375,5.5,16567
2013-07-31,5.2875,5.4125,5.1875,5.25,53015
2013-08-01,4.8,5.2625,4.775,5.2625,103901
2013-08-02,4.75,4.9625,4.725,4.7625,19539
2013-08-05,4.6375,4.9875,4.575,4.725,63772
2013-08-06,4.625,4.6875,4.4375,4.5875,33422
2013-08-07,4.7125,4.925,4.6,4.6,35234
2013-08-08,4.775,4.8875,4.7,4.8875,82450
2013-08-12,4.7875,4.95,4.725,4.95,18654
2013-08-13,4.9375,4.975,4.8125,4.8875,4339
2013-08-14,4.8625,4.95,4.775,4.9125,8315
2013-08-16,4.9375,4.975,4.8,4.95,21185
2013-08-19,5.15,5.175,4.9,4.9,30291
2013-08-20,5.0875,5.325,4.825,4.825,14784
2013-08-21,5.175,5.2375,5.075,5.175,13177
2013-08-22,5.2375,5.25,5.0125,5.0125,18086
2013-08-23,5.225,5.275,5.1,5.1875,15085
2013-08-26,5.2625,5.3,5.1625,5.3,3960
2013-08-27,5.2,5.4625,5.0875,5.1875,18147
2013-08-28,4.975,5.4,4.8125,5.175,14595
2013-08-29,5,5.1875,4.875,4.975,15234
2013-08-30,5.025,5.0875,4,4.9625,68402
2013-09-02,5.2375,5.25,4.875,5.0125,79875
2013-09-03,5.85,6.125,5.025,5.0375,598864
2013-09-04,6,6.2625,5.5625,5.5625,107156
2013-09-05,5.9875,6.125,5.7625,6.125,39883
2013-09-06,5.8875,6,5.85,5.95,13701
2013-09-10,5.625,6,5.575,6,29859
2013-09-11,5.7375,5.8125,5.5125,5.575,13503
2013-09-12,6,6.0625,5.65,5.675,45160
2013-09-13,5.875,5.9875,5.775,5.925,12261
2013-09-16,5.8875,5.9125,5.75,5.875,29061
2013-09-17,5.825,5.95,5.775,5.825,3933
2013-09-18,5.825,5.9375,5.625,5.875,12807
2013-09-19,6.1,6.125,5.625,5.75,45244
2013-09-20,6.125,6.2375,5.95,6,41032
2013-09-23,6,6.2125,5.875,6,14231
2013-09-24,6.0125,6.125,5.9,6.1,13895
2013-09-25,6,6.125,5.9625,6.125,6073
2013-09-26,6,6.1125,5.9,6.0125,4790
2013-09-27,6.1375,6.2875,5.875,5.875,103271
2013-09-30,6.3625,6.475,6.0375,6.125,361773
2013-10-01,6.4875,6.625,6.2875,6.625,30080
2013-10-03,6.35,6.55,6.2875,6.45,23275
2013-10-04,6.275,6.4,6.25,6.4,11069
2013-10-07,6.275,6.375,6.125,6.25,20370
2013-10-08,6.475,6.5625,6.275,6.275,27139
2013-10-09,6.2625,6.7,6.25,6.625,95898
2013-10-10,6.525,6.575,6.275,6.4625,30703
2013-10-11,6.525,6.575,6.375,6.575,15759
2013-10-14,6.6375,6.65,6.5,6.5375,75160
2013-10-15,6.35,6.625,6.3375,6.575,11645
2013-10-17,6.325,6.6,6.275,6.575,14672
2013-10-18,6.3625,6.45,6.2875,6.375,18398
2013-10-21,6.3625,6.5625,6.325,6.3375,9933
2013-10-22,6.4875,6.525,6.275,6.275,27338
2013-10-23,6.4375,6.4875,6.3125,6.4875,12398
2013-10-24,6.45,6.4875,6.275,6.4,24236
2013-10-25,6.3375,6.5,5.175,6.4,106536
2013-10-28,6.0375,6.275,5.9875,6.275,63870
2013-10-29,6.7625,6.975,5.9875,6,197857
2013-10-30,6.75,6.8625,6.5375,6.7375,158712
2013-10-31,6.75,6.7875,6.525,6.625,56366
2013-11-01,6.6875,6.75,6.625,6.75,15764
2013-11-05,6.7125,6.8125,6.5625,6.5625,7871
2013-11-06,6.675,6.875,6.5375,6.675,12908
2013-11-07,6.675,7.25,6.675,6.925,44826
2013-11-08,6.625,6.85,6.575,6.85,29470
2013-11-11,6.6875,6.7375,6.575,6.575,22894
2013-11-12,6.85,6.95,6.5375,6.725,42627
2013-11-13,6.7875,6.975,6.6375,6.8,12835
2013-11-14,6.8125,6.8625,6.775,6.775,13635
2013-11-18,6.775,6.85,6.6375,6.7375,17931
2013-11-19,6.725,6.8125,6.6375,6.725,13926
2013-11-20,6.7375,6.75,6.675,6.6875,14257
2013-11-21,6.8375,6.85,6.5875,6.75,55936
2013-11-22,6.7125,6.75,6.6625,6.75,29901
2013-11-25,6.8,6.85,6.525,6.525,37944
2013-11-26,6.725,6.8125,6.7,6.8125,10828
2013-11-27,6.7875,6.8,6.5625,6.675,5675
2013-11-28,6.7625,6.8,6.675,6.75,18852
2013-11-29,6.7625,6.85,6.55,6.725,31602
2013-12-02,6.8,6.8125,6.5625,6.7375,17260
2013-12-03,6.85,6.875,6.7375,6.8125,38798
2013-12-04,6.95,7.0125,6.7,6.7,57949
2013-12-05,7.0125,7.125,6.85,7.075,31605
2013-12-06,7.125,7.1625,6.9375,7.0125,23231
2013-12-09,7.125,7.325,7.025,7.2125,19861
2013-12-10,7.075,7.2875,6.975,7.2875,6552
2013-12-11,7.025,7.1625,6.925,7,15245
2013-12-12,7.025,7.125,7,7,18697
2013-12-13,7.1125,7.475,6.9625,7,67749
2013-12-16,7.2375,7.325,7.125,7.125,18654
2013-12-17,6.9125,7.2375,6.8875,7.2375,20642
2013-12-18,6.8875,7.125,6.8875,6.9,8559
2013-12-19,6.95,7.1,6.8875,6.8875,5236
2013-12-20,6.875,7.1,6.875,6.9,10470
2013-12-23,6.9,6.9375,6.85,6.875,8599
2013-12-24,6.825,7.05,6.8,7.05,8220
2013-12-26,6.7625,7.0125,6.75,6.8625,12381
2013-12-27,6.7875,6.8625,6.75,6.775,6788
2013-12-30,6.8,6.825,6.75,6.75,8086
2013-12-31,6.7625,6.8625,6.65,6.775,15241
2014-01-01,6.8375,6.9875,6.775,6.7875,21962
2014-01-02,6.85,7.05,6.8125,6.95,23537
2014-01-03,6.85,6.8875,6.8,6.85,6805
2014-01-06,6.9125,7.0875,6.9,6.925,13588
2014-01-07,7.15,7.4375,6.9,6.9375,91507
2014-01-08,7.45,7.65,7,7.1375,201653
2014-01-09,7.5125,7.875,7.3375,7.425,200834
2014-01-10,7.0625,7.725,7.025,7.725,54879
2014-01-13,6.875,7.125,6.8125,7.125,16228
2014-01-14,6.8375,6.975,6.775,6.875,9870
2014-01-15,6.8625,7.2375,6.8,7.2375,7774
2014-01-16,6.725,6.9875,6.625,6.9875,10174
2014-01-17,6.45,6.75,6.4,6.75,19168
2014-01-20,6.675,6.8125,6.5,6.8125,5845
2014-01-21,6.6875,7.1125,6.6625,7.1125,5797
2014-01-22,6.5875,6.85,6.5,6.675,20207
2014-01-23,6.6,6.725,6.5375,6.55,4780
2014-01-24,6.6,6.7,6.5,6.575,16398
2014-01-27,6.65,7.0875,6.575,6.8625,57356
2014-01-28,6.6,7,6.4875,7,64293
2014-01-29,6.7,6.7875,6.625,6.75,11053
2014-01-30,6.6,6.95,6.55,6.95,14985
2014-01-31,6.675,6.7375,6.5375,6.5625,7833
2014-02-03,6.575,6.9,6.525,6.9,9932
2014-02-04,6.625,6.7,6.5125,6.525,9780
2014-02-05,6.6125,6.675,6.5125,6.5875,3905
2014-02-06,6.5375,6.6375,6.45,6.6125,20747
2014-02-07,6.7,6.8625,6.5125,6.725,29283
2014-02-10,6.625,6.85,6.575,6.85,10288
2014-02-11,6.6625,6.9125,6.5625,6.825,46728
2014-02-12,6.6875,6.825,6.55,6.6,26437
2014-02-13,6.7125,6.9875,6.5625,6.9875,23514
2014-02-14,6.7625,6.975,6.6625,6.975,13260
2014-02-17,6.6125,6.975,6.55,6.975,20336
2014-02-18,6.675,6.825,6.5875,6.625,11711
2014-02-19,6.7875,6.975,6.5625,6.975,3678
2014-02-20,6.7375,6.975,6.625,6.975,6574
2014-02-21,6.7875,7,6.7,7,13466
2014-02-24,7.2,7.35,6.65,6.7,67839
2014-02-25,7.3125,7.6,7.1875,7.375,103985
2014-02-26,7.625,7.85,7.0375,7.0375,291030
2014-02-28,7.375,7.7,7.275,7.575,55059
2014-03-03,7.25,7.6,7.2,7.425,18399
2014-03-04,7.2875,7.475,7.275,7.475,18086
2014-03-05,7.25,7.45,7.1375,7.3,10983
2014-03-06,7.2,7.4,7.1625,7.3,16511
2014-03-07,7,7.275,6.9375,7.2,21833
2014-03-10,6.95,7.3875,6.9,7.3875,23556
2014-03-11,7.05,7.2,6.9625,6.9625,8307
2014-03-12,6.9375,7.075,6.9125,7.0125,13746
2014-03-13,6.9375,7,6.875,6.9375,16878
2014-03-14,6.925,6.975,6.8125,6.9125,10789
2014-03-18,6.9625,7.0625,6.9,7.0625,9295
2014-03-19,6.85,6.95,6.7625,6.9375,6071
2014-03-20,6.775,6.9,6.75,6.8125,7441
2014-03-21,7.175,7.225,6.75,6.8,30709
2014-03-24,7.5375,7.975,7.3,7.5,96572
2014-03-25,7.4875,7.6875,7.325,7.5625,33273
2014-03-26,7.325,7.75,7.25,7.5,15887
2014-03-27,7.5125,7.6875,7.15,7.3125,23103
2014-03-28,7.4,7.55,7.1875,7.4625,55894
2014-03-31,7.3875,7.625,7.375,7.4,10978
2014-04-01,7.45,7.5625,7.125,7.35,18293
2014-04-02,7.3125,7.4875,7.275,7.4,21604
2014-04-03,7.2875,7.45,7.225,7.25,13828
2014-04-04,7.2375,7.4875,7.05,7.4875,18640
2014-04-07,7.125,7.425,7.1,7.25,23304
2014-04-09,7.8,7.9,7.0625,7.1625,98393
2014-04-10,8.1875,8.5625,7.5375,7.8,245350
2014-04-11,8.5125,8.625,7.8,8.125,250166
2014-04-15,8.3625,8.875,8.275,8.5,64164
2014-04-16,8.05,8.5,7.9375,8.3125,42958
2014-04-17,8.3375,8.5,8.0875,8.225,51113
2014-04-21,8.4,8.625,8.3125,8.3375,30354
2014-04-22,8.425,8.6125,8.275,8.3625,45090
2014-04-23,8.1125,8.5,8.0625,8.375,46824
2014-04-25,8.0125,8.125,7.9125,8,25922
2014-04-28,8.3875,8.55,8.125,8.125,121818
2014-04-29,8.275,8.475,8.2625,8.4625,27757
2014-04-30,8,8.45,7.9125,8.2625,61676
2014-05-02,8.1125,8.375,8.0375,8.2125,19326
2014-05-05,7.925,8.375,7.8875,8.1125,18212
2014-05-06,8.0625,8.2,7.7875,7.9,35281
2014-05-07,8.15,8.475,8.0625,8.0625,43655
2014-05-08,8.125,8.35,8.0875,8.25,29794
2014-05-09,8.1875,8.4,8.0875,8.375,77591
2014-05-12,8.075,8.425,8.05,8.125,48411
2014-05-13,8,8.35,7.95,8.1125,59240
2014-05-14,7.875,8.45,7.75,8.45,52748
2014-05-15,7.8875,8.1125,7.8375,7.8875,62393
2014-05-16,7.9625,8.275,7.8125,8.025,92966
2014-05-19,8.7625,8.925,7.9625,7.9625,246523
2014-05-20,8.625,8.95,8.4875,8.925,112222
2014-05-21,9.1375,9.3625,8.6375,8.725,175716
2014-05-22,9.775,9.975,9.525,9.725,370551
2014-05-23,9.675,9.9625,9.5,9.95,124506
2014-05-26,9.525,10.225,9.4,10.125,245622
2014-05-27,9.1,9.625,9.0125,9.6,105698
2014-05-28,9.7125,9.9,9.1,9.1,111696
2014-05-29,9.2875,9.75,9.225,9.7125,70100
2014-05-30,9.25,9.4625,9.025,9.025,20428
2014-06-02,9.1,9.5,8.9,8.9,64186
2014-06-03,9.525,9.6625,9.175,9.5,88808
2014-06-04,9.675,9.7125,9.4125,9.5875,75364
2014-06-05,10.2625,10.475,9.5,9.525,275242
2014-06-06,10.1375,10.475,10.1,10.225,116742
2014-06-09,10.3625,10.5,10.075,10.5,108647
2014-06-10,10.15,10.5,9.9375,10.4625,71707
2014-06-11,10.0875,10.4625,10,10.4625,68808
2014-06-12,10.05,10.45,9.9,10,63726
2014-06-13,9.75,10.175,9.675,10,78200
2014-06-16,10.225,10.325,9.4375,9.875,223741
2014-06-17,10,10.375,9.875,10.375,78852
2014-06-18,9.7125,10.2375,9.6375,10.2375,39303
2014-06-19,9.7,10,9.575,9.875,36251
2014-06-20,9.45,9.7875,9.375,9.7625,24433
2014-06-23,9.525,9.9625,9.475,9.9625,43647
2014-06-24,9.8,9.9625,9.5875,9.7,48901
2014-06-25,11.05,11.225,9.6375,9.7625,552283
2014-06-26,10.75,11,10.625,10.9375,257128
2014-06-27,10.725,11.1,10.625,10.725,140120
2014-06-30,12.8625,12.8625,10.85,10.85,917805
2014-07-01,13.975,14.5875,13.425,14.225,1485108
2014-07-02,13.2125,14.1875,12.75,14.1875,378666
2014-07-03,13.65,14.525,13.025,13.4625,596836
2014-07-04,13.8375,14.3,13.65,13.675,272036
2014-07-07,13.9625,14.2875,13.275,14,196692
2014-07-08,12.825,14.0625,12.575,13.75,100642
2014-07-09,12.1,12.9375,11.55,12.75,175352
2014-07-10,12.2,12.95,11.2625,12.25,139919
2014-07-11,11.475,12.925,11.3,12.75,86300
2014-07-14,11.6125,12.125,11.4,11.45,59890
2014-07-15,11.8625,12.3,11.525,11.825,45869
2014-07-16,12.1875,12.35,11.625,12,116739
2014-07-17,12.05,12.45,11.9625,12.45,43065
2014-07-18,11.8875,12.35,11.8,12.0375,66802
2014-07-21,12.275,12.625,12.025,12.0375,70804
2014-07-22,12.95,13.05,12.375,12.5625,127959
2014-07-23,12.5125,13.2125,12.35,13.2125,86527
2014-07-24,13.025,13.3375,12.4,12.525,148454
2014-07-25,12.7125,13.45,12.5875,13.325,158454
2014-07-28,12.525,13.175,12.1375,12.7125,85232
2014-07-30,12.3125,12.975,12.05,12.9,77516
2014-07-31,12.2125,12.85,11.95,12.85,102339
2014-08-01,12.1125,12.3625,12,12.15,35911
2014-08-04,12.0875,12.25,11.775,12,81726
2014-08-05,12.4875,12.55,11.8875,11.975,49166
2014-08-06,12.65,13.05,12.375,12.425,58318
2014-08-07,12.725,13.125,12.625,12.625,77753
2014-08-08,12.1625,12.725,12.075,12.725,55595
2014-08-11,12.775,13,12.4,12.4,121744
2014-08-12,13.0875,13.15,12.75,12.95,65419
2014-08-13,12.6625,13.1875,12.5125,13,63440
2014-08-14,12.725,13.125,12.5875,12.6625,34278
2014-08-18,13.55,14.075,12.3375,13.125,301207
2014-08-19,13.05,13.65,13.0125,13.55,76781
2014-08-20,13.9,14.25,13,13.2375,206370
2014-08-21,13.9,14.225,13.5625,13.675,93116
2014-08-22,14.8625,15.35,13.65,13.9,581938
2014-08-25,14.6125,15.425,14.45,15.0375,310177
2014-08-26,14.2875,14.725,14.125,14.7125,113661
2014-08-27,14.85,15.4625,14.2875,14.4875,319241
2014-08-28,14.6125,15.075,14.55,15,60242
2014-09-01,14.7125,15,14.55,14.95,55654
2014-09-02,14.2875,14.875,14.0375,14.8125,59125
2014-09-03,14.225,14.7125,14.125,14.475,54827
2014-09-04,14.0125,14.375,13.8875,14.275,46946
2014-09-05,14.7625,14.9625,14,14,94485
2014-09-08,16.5375,17.25,14.875,15.225,746603
2014-09-09,16.275,16.75,15.8125,16.2875,422044
2014-09-10,15.7375,16.25,15.5625,16.225,70513
2014-09-11,15.775,16.5,15.45,15.9125,116863
2014-09-12,15.95,16.1625,15.55,15.9625,117898
2014-09-15,15.6875,16.475,15.5,16.25,182128
2014-09-16,14.7375,16,14.5625,15.7,121682
2014-09-17,14.5125,15.225,14.2625,15,46623
2014-09-18,15.55,15.625,14.525,14.525,115914
2014-09-19,15.6875,16.125,15.1875,15.5125,109140
2014-09-22,15.4375,15.725,15.125,15.525,61112
2014-09-23,15.1125,15.9625,15,15.9625,48935
2014-09-24,14.7625,15.4625,14.5625,15,62394
2014-09-25,14.35,14.825,14.25,14.775,30692
2014-09-26,14.55,14.725,14.05,14.275,61170
2014-09-29,14.675,15.2,14.525,15,30342
2014-09-30,14.725,14.9875,14.4,14.7,48418
2014-10-01,14.35,14.65,14.275,14.6,18373
2014-10-07,14.55,15.325,13.55,14.225,323596
2014-10-08,15.1625,15.3375,13.5,14.3875,102453
2014-10-09,15.1625,15.775,14.8875,15.75,346275
2014-10-10,14.925,15.475,14.7625,15,97692
2014-10-13,14.675,15.2,14.375,14.75,70058
2014-10-14,14.575,15,14.425,14.8375,35159
2014-10-16,13.6875,14.5375,13.375,14.5,87586
2014-10-17,13.95,14.1,13.5375,13.8875,66293
2014-10-20,13.8375,14.3375,13.4125,14.15,29896
2014-10-21,13.8375,14,13.7375,13.7375,23370
2014-10-22,13.6,14.1875,13.4875,14,58185
2014-10-23,14.0125,14.1125,13.5125,13.5125,18172
2014-10-27,13.7125,14.0625,13.55,14.0625,31900
2014-10-28,14.075,14.475,13.6375,13.75,32971
2014-10-29,14.3125,14.475,13.925,13.925,51236
2014-10-30,14.75,14.875,14.1375,14.25,56724
2014-10-31,15.05,15.6,14.525,14.7,121386
2014-11-03,14.8125,15.375,14.5125,15.125,96956
2014-11-05,14.1875,14.625,13.45,14.6125,276486
2014-11-07,14.0875,14.5,13.85,14.5,100612
2014-11-10,14.2125,14.7875,13.9125,14.25,92793
2014-11-11,14.2125,15.1125,13.9,14.0625,374273
2014-11-12,14.2,14.4375,14.125,14.125,32650
2014-11-13,13.9625,14.3125,13.875,14.225,31424
2014-11-14,14.3875,14.475,13.9,13.925,98096
2014-11-17,14.175,14.55,14.1,14.55,37680
2014-11-18,14.2,14.375,14.1,14.1,36102
2014-11-19,13.9625,14.3375,13.825,14.0875,45414
2014-11-20,13.9375,14.175,13.8875,13.9375,29675
2014-11-21,13.825,14.125,13.7625,13.8,60058
2014-11-24,13.425,13.975,13.4,13.825,76977
2014-11-25,13.125,13.8875,12.85,13.375,86521
2014-11-26,13.225,13.4375,13.0125,13.0125,47611
2014-11-27,13.225,13.3625,13.075,13.1375,27209
2014-11-28,13.2125,13.475,13.075,13.15,34274
2014-12-01,12.95,13.3375,12.825,13.125,29734
2014-12-02,13.2125,13.3875,12.775,12.8625,39999
2014-12-03,12.875,13.25,12.8375,13.125,57047
2014-12-04,12.4875,13.0125,12.35,12.7875,161683
2014-12-05,12.2375,12.9625,12.0625,12.375,125152
2014-12-08,12.4375,12.9875,12.125,12.125,62828
2014-12-09,11.9,12.6375,11.825,12.375,61602
2014-12-10,11.875,12.375,11.825,12.0875,41736
2014-12-11,11.775,11.95,11.575,11.875,65427
2014-12-12,11.825,12.1,11.775,12,34644
2014-12-15,11.575,11.9875,11.5375,11.9875,20287
2014-12-16,10.675,11.5625,10.5125,11.45,51915
2014-12-17,10.4,10.725,10.1625,10.575,48373
2014-12-18,11.275,11.8,10.4,10.4,53263
2014-12-19,11.25,12.4875,10.8,11.7375,37142
2014-12-22,11.05,11.35,10.9625,11.35,12343
2014-12-23,10.8,11.1875,10.7625,11,13090
2014-12-24,10.9875,11.1875,10.75,10.875,16024
2014-12-26,12.025,12.325,11.05,11.15,117847
2014-12-29,11.9375,12.4,11.75,12.25,30972
2014-12-30,11.925,12.0375,11.675,11.9375,17633
2014-12-31,11.975,12.025,11.875,11.875,10375
2015-01-01,11.8875,12.125,11.8,12.125,37310
2015-01-02,12.3125,12.375,11.7,11.9875,67574
2015-01-05,12.7375,12.875,12.3125,12.3875,77839
2015-01-06,11.9625,12.6875,11.8875,12.6875,45124
2015-01-07,12.575,12.825,11.825,12.2625,106741
2015-01-08,12.8,13,12.45,12.525,34825
2015-01-09,12.8125,13.2,12.6875,12.975,45167
2015-01-12,13.325,13.4875,12.425,12.55,54695
2015-01-13,12.925,13.3875,12.8125,13.025,30554
2015-01-14,12.925,13.25,12.575,13.25,16798
2015-01-15,12.775,13.1875,12.7375,13.025,35780
2015-01-16,13,13.125,12.8125,13.025,18941
2015-01-19,12.7875,13.125,12.625,13.125,20184
2015-01-20,12.525,13,12.5,12.8125,38361
2015-01-21,12.775,12.85,12.4,12.475,34082
2015-01-22,12.8,12.95,12.5,12.775,31923
2015-01-23,12.3625,12.9875,12.2625,12.95,60790
2015-01-27,12.3625,12.9625,12.3125,12.9625,8890
2015-01-28,12.2,12.475,12.0375,12.475,14330
2015-01-29,12.225,12.7375,12.0625,12.25,43602
2015-01-30,12.0625,12.3625,11.7,12.25,47471
2015-02-02,11.725,12.3625,11.675,12.0375,66682
2015-02-03,11.7625,12.2375,11.5625,12.2375,30825
2015-02-04,12.1375,12.225,11.65,11.875,35333
2015-02-05,11.8875,12.375,11.7875,12.15,37653
2015-02-06,11.675,12.175,11.6375,12.175,27676
2015-02-09,10.4375,11.225,10.2,11.225,79919
2015-02-10,10.4875,10.975,10.25,10.25,56026
2015-02-11,10.3875,10.6125,10.375,10.475,12636
2015-02-12,10.4,10.75,10.3,10.7375,35049
2015-02-13,10.3875,10.6875,10.275,10.45,27407
2015-02-16,10.1125,10.6375,10.075,10.625,68938
2015-02-18,9.9625,10.425,9.85,10.1125,37673
2015-02-19,10.3375,10.4875,9.875,9.875,46623
2015-02-20,10.625,10.75,10.25,10.35,50461
2015-02-23,10.4625,10.9375,10.375,10.9375,22997
2015-02-24,10.25,10.625,10.2,10.4625,18626
2015-02-25,10.15,10.3625,10,10.3,9823
2015-02-26,10.225,10.4,10.025,10.4,10347
2015-02-27,10.2375,10.375,10.125,10.3625,26294
2015-03-02,10.05,10.425,9.825,9.975,16484
2015-03-03,9.9375,10.25,9.55,10.05,29721
2015-03-04,9.775,10.1125,9.75,9.9375,29290
2015-03-05,9.5875,10.125,9.5625,10.125,28137
2015-03-09,9.625,9.75,9.525,9.5875,53156
2015-03-10,9.4125,9.6875,9.35,9.55,47962
2015-03-11,9.1125,9.5625,8.75,9.375,99657
2015-03-12,9.275,9.4625,9.1,9.35,30269
2015-03-13,9.1625,9.4875,8.9,9.4875,43723
2015-03-16,8.925,9.2125,8.7625,9.2125,49332
2015-03-17,9.2,9.25,8.7875,9.1,51197
2015-03-18,9.2125,9.325,9,9.125,36000
2015-03-19,9.5125,9.625,9.0375,9.175,48501
2015-03-20,9.5125,9.6125,9.1375,9.5,30886
2015-03-23,9,9.4375,8.8,9.25,26356
2015-03-24,8.8625,9.0875,8.75,8.8,67993
2015-03-25,8.8625,8.9625,8.625,8.65,42156
2015-03-26,8.725,8.8,8.5875,8.75,32982
2015-03-27,8.6,8.9625,8.5,8.6,71107
2015-03-30,8.8125,9,8.5,8.5,19228
2015-03-31,8.7125,8.875,8.65,8.875,12494
2015-04-01,9.4875,9.5625,8.8,8.8,55892
2015-04-06,9.8625,9.9875,9.425,9.5,37153
2015-04-07,9.9375,10.1125,9.6,9.9,45086
2015-04-08,9.975,10.1,9.8875,10,28806
2015-04-09,10.2625,10.425,9.975,9.975,71556
2015-04-10,10.7125,10.825,10.225,10.225,43189
2015-04-13,11.125,11.1875,10.5125,10.775,64068
2015-04-15,11.6625,12.125,11.15,11.2125,124330
2015-04-16,11.1375,11.875,10.8875,11.375,68348
2015-04-17,11,11.4375,10.95,11.25,47874
2015-04-20,10.875,11.0125,10.7875,11.0125,21735
2015-04-21,10.6375,11,10.525,10.75,56589
2015-04-22,10.4125,10.975,10.325,10.975,42603
2015-04-23,10.5,10.725,10.375,10.6,76140
2015-04-24,10.2625,10.6625,10.1625,10.6125,48924
2015-04-27,9.8375,10.45,9.7625,10.2625,43342
2015-04-28,9.9,10.1875,9.55,10.0375,32357
2015-04-29,10,10.15,9.6375,10.0375,25004
2015-04-30,9.9625,10.175,9.7625,10.0875,10258
2015-05-04,9.8625,10.175,9.8,10.1375,11586
2015-05-05,9.925,10,9.75,10,12190
2015-05-06,9.825,10.1125,9.5,9.8875,27348
2015-05-07,9.5625,9.925,9.5,9.75,24550
2015-05-08,9.6125,9.975,9.5,9.5,27390
2015-05-11,10.6875,11.0375,9.55,9.55,82207
2015-05-12,10.25,11.35,10,10.6875,245247
2015-05-13,10.55,10.7,10.1375,10.2875,47676
2015-05-14,10.5,10.675,10.375,10.45,40879
2015-05-15,10.425,10.75,10.35,10.35,14533
2015-05-18,10.4875,10.75,10.375,10.375,24385
2015-05-19,10.725,10.85,10.175,10.5,39265
2015-05-20,10.375,10.7625,10.3125,10.4125,25113
2015-05-21,10.0125,10.675,9.8625,10.25,35935
2015-05-22,10.0875,10.175,9.775,10.125,35045
2015-05-25,9.575,10,9.3125,10,53222
2015-05-26,9.1875,9.625,9.0125,9.6,71468
2015-05-27,9.1125,9.4875,8.9875,9.3375,56161
2015-05-28,9.0625,9.3375,8.9125,9.0875,29590
2015-05-29,9.175,9.2375,9.0125,9.0125,15152
2015-06-01,8.925,9.35,8.8375,9.1,45491
2015-06-02,8.825,9.0875,8.8,8.95,20859
2015-06-03,8.55,8.975,8.3125,8.9625,58575
2015-06-04,8.9375,8.975,8.5375,8.55,20552
2015-06-05,8.7625,9.1875,8.6875,8.9375,16480
2015-06-08,8.4375,9.1375,8.3125,8.7,22993
2015-06-09,8.4875,8.625,8.375,8.5875,9269
2015-06-10,8.7,8.8125,8.625,8.8,2295
2015-06-11,8.6125,8.7875,8.4625,8.625,23521
2015-06-12,8.5375,8.725,8.4,8.525,6745
2015-06-15,8.5125,8.55,8.4125,8.5,6773
2015-06-16,8.475,8.525,8.3375,8.45,8560
2015-06-17,8.5375,8.7,8.4,8.5,16716
2015-06-18,8.5875,8.6875,8.5375,8.6875,9392
2015-06-19,8.4375,8.625,8.375,8.5375,11175
2015-06-22,8.5625,8.7375,8.375,8.5625,25887
2015-06-23,8.6,8.725,8.5625,8.5625,11085
2015-06-24,8.725,8.95,8.6125,8.7,24805
2015-06-25,8.5125,8.75,8.4375,8.6375,42168
2015-06-26,8.475,8.55,8.3625,8.5125,9506
2015-06-29,8.325,8.575,7.8,8.3875,12761
2015-06-30,8.6375,8.925,8.275,8.275,21703
2015-07-01,8.75,8.8375,8.525,8.6375,13216
2015-07-02,8.7375,8.8625,8.575,8.7625,9338
2015-07-03,8.85,8.95,8.625,8.875,17502
2015-07-06,8.8125,8.875,8.525,8.8125,15274
2015-07-07,9.1875,9.75,8.7875,8.9125,121528
2015-07-08,9.2875,9.75,9.125,9.125,52670
2015-07-09,9.3125,9.7,9.2625,9.6125,10319
2015-07-10,9.375,9.475,9.325,9.375,14753
2015-07-13,9.0875,9.35,8.975,9.3125,20229
2015-07-14,8.85,9.325,8.7875,9.075,19334
2015-07-15,9.45,9.9125,8.875,8.9,180236
2015-07-16,10.0625,10.2,9.1875,9.1875,248543
2015-07-17,11.0625,11.5875,10.2,10.2,656947
2015-07-20,11.575,11.9,11.1875,11.5375,184455
2015-07-21,10.9375,11.9,10.8,11.7375,108370
2015-07-22,11.325,11.5,10.85,10.85,58587
2015-07-23,11.6125,12.175,11.4375,11.5,143090
2015-07-24,12.075,12.2375,11.625,11.8625,277587
2015-07-27,11.75,12.075,11.6125,11.875,151193
2015-07-28,11.9125,12.5,11.7875,12.2125,100836
2015-07-29,11.7875,12.45,11.675,12,91293
2015-07-30,11.75,12.025,11.675,11.8875,36586
2015-07-31,11.8,12.3625,11.675,11.875,117533
2015-08-03,11.9375,12.3,11.6,11.875,80677
2015-08-04,12.8375,12.975,11.9375,12.125,335997
2015-08-05,13.075,13.7,12.95,13.15,392017
2015-08-06,12.225,13.4375,12.025,13.3,227257
2015-08-07,12.525,12.725,12.125,12.375,87658
2015-08-10,12.3625,12.925,12.25,12.8375,87267
2015-08-11,12.8375,13.175,12.075,12.275,270133
2015-08-12,12.4875,13.1,12.2625,12.575,315686
2015-08-13,12.3875,13.1375,12.075,13.075,615847
2015-08-14,12.85,13,12.1375,12.1375,123663
2015-08-17,12.625,13,12.5625,12.875,71353
2015-08-18,12.7125,12.9375,12.55,12.8375,68843
2015-08-19,12.825,12.9625,12.625,12.7875,74235
2015-08-20,13.3625,14.225,12.875,12.9,480824
2015-08-21,12.925,13.225,12.65,13.225,203041
2015-08-24,11.325,12.6125,11.125,12.25,146734
2015-08-25,11.1375,11.7375,10.075,11.5375,155044
2015-08-26,11.15,11.625,10.75,11.0375,36439
2015-08-27,12.075,12.1625,11.25,11.2625,111364
2015-08-28,11.675,12.7,11.5,11.8875,64348
2015-08-31,11.9625,12.25,11.6875,11.975,37174
2015-09-01,11.6625,11.9875,11.625,11.875,42485
2015-09-02,11.7625,12,11.6125,11.7625,23099
2015-09-03,11.95,12.175,11.75,11.9875,35395
2015-09-04,11.225,12.075,11.05,12.075,50435
2015-09-07,10.575,11.9875,10.4125,11.225,82015
2015-09-08,10.7875,10.875,10.375,10.8375,26291
2015-09-09,10.9875,11.2,10.95,11.05,26754
2015-09-10,11.075,11.125,10.7875,10.875,12056
2015-09-11,11.0125,11.4,10.9125,11.175,23429
2015-09-14,11.0875,11.35,10.9625,11.35,11136
2015-09-15,11.075,11.2,11,11.175,16049
2015-09-16,11.225,11.3625,11.05,11.1,33334
2015-09-18,11.2625,11.7,11.15,11.25,24169
2015-09-21,12.2125,12.45,11.025,11.2,68957
2015-09-22,12.0875,12.6,11.8875,12.2,49662
2015-09-23,11.8625,12.075,11.6625,12.075,48021
2015-09-24,11.85,12.0875,11.75,11.875,23102
2015-09-28,11.45,11.925,11.3,11.875,14068
2015-09-29,12.125,12.325,11.25,11.375,59935
2015-09-30,12.55,13.025,12.2625,12.7625,326035
2015-10-01,12.8375,13.1,12.4,12.75,98486
2015-10-05,13.0375,13.2,12.8,12.975,89360
2015-10-06,12.1375,13.3,12.0875,13.25,166835
2015-10-07,12.925,13.225,12.075,12.125,110683
2015-10-08,13.0625,13.625,12.6,12.95,200202
2015-10-09,13.225,13.55,13.125,13.1875,157907
2015-10-12,13.4625,13.875,13.025,13.375,167033
2015-10-13,13.8625,14.075,13.1625,13.4875,331784
2015-10-14,14.4875,14.85,13.625,13.8625,378691
2015-10-15,14.5,14.9375,14.375,14.6375,311281
2015-10-16,14.2875,14.675,14.175,14.5,77247
2015-10-19,14.125,14.4125,14.025,14.3,66276
2015-10-20,14.175,14.425,14.05,14.25,129673
2015-10-21,15.1375,15.4,14.25,14.25,517340
2015-10-23,15.175,15.725,15.125,15.5,330936
2015-10-26,14.8375,15.5,14.625,15.275,217314
2015-10-27,15,15.125,14.3625,14.85,188777
2015-10-28,14.8125,15.275,14.65,15.025,199043
2015-10-29,14.25,14.9375,13.975,14.9,188595
2015-10-30,12.4,14.6625,11.675,14.25,688920
2015-11-02,12.025,12.125,10.75,11.7,282574
2015-11-03,12.125,12.3875,11.75,12.025,155154
2015-11-04,11.5,12.35,11.4,12.1375,110117
2015-11-05,10.9875,11.6125,10.875,11.2625,137948
2015-11-06,10.8375,11.2125,10.6375,11.1125,56928
2015-11-09,11.275,11.475,10.1,10.7625,98951
2015-11-10,11.3125,11.5375,11.1875,11.3625,43527
2015-11-11,11.6,11.6375,11.3875,11.4375,15767
2015-11-13,11.4875,11.6875,11.375,11.4,29852
2015-11-16,12.4375,12.55,11.3875,11.575,172067
2015-11-17,12.0125,12.7875,11.775,12.75,349079
2015-11-18,11.7875,12.2375,11.6375,12.1,67558
2015-11-19,11.6875,11.925,11.575,11.8625,56922
2015-11-20,11.5875,11.875,11.525,11.7375,49832
2015-11-23,11.55,11.7,11.3375,11.6125,43612
2015-11-24,11.6125,11.8125,11.4125,11.55,60977
2015-11-26,11.775,12.2,11.625,11.725,114165
2015-11-27,11.675,12.1,11.625,11.8125,79038
2015-11-30,11.6875,12.05,11.6,11.75,63470
2015-12-01,11.675,11.8375,11.65,11.775,28926
2015-12-02,11.8875,12.175,11.625,11.75,156551
2015-12-03,11.7125,12.025,11.625,11.975,47229
2015-12-04,11.95,12.4125,11.6125,11.75,252837
2015-12-07,11.4875,12,11.4375,11.825,98666
2015-12-08,11.2,11.8,11.1,11.4375,114950
2015-12-09,10.625,11.3125,10.5625,11.2125,107463
2015-12-10,10.9625,11.0625,10.5375,10.65,64800
2015-12-11,11.3875,11.5875,10.875,10.975,77080
2015-12-14,11.75,11.8875,11.3,11.3125,85271
2015-12-15,11.6125,12.2,11.4,12,337395
2015-12-16,11.475,11.75,11.4,11.75,52787
2015-12-17,11.5625,11.825,11.3,11.5625,121094
2015-12-18,11.45,11.6375,11.3375,11.575,51798
2015-12-21,11.5125,11.5875,11.225,11.45,32876
2015-12-22,11.375,11.625,11.2875,11.625,64348
2015-12-23,11.275,11.5375,11.2125,11.4125,69801
2015-12-24,11.3,11.5875,11.25,11.275,66854
2015-12-28,11.6,12.225,11.225,11.325,185967
2015-12-29,11.45,11.75,11.3375,11.6375,84688
2015-12-30,11.5625,11.775,11.35,11.45,71662
2015-12-31,11.825,11.875,11.4625,11.6125,71427
2016-01-01,13.175,13.3625,11.75,11.875,748196
2016-01-04,12.525,13.35,12.125,13.1,269885
2016-01-05,13.2,13.4,12.0625,12.5625,327339
2016-01-06,11.9875,13.275,11.8,13.175,458869
2016-01-07,12.025,12.2,11.7125,12,119453
2016-01-08,12.2875,12.4,12,12.15,96228
2016-01-11,12.125,12.35,11.975,12.25,48349
2016-01-12,11.9625,12.725,11.85,12.35,272699
2016-01-13,11.4625,12.2,10.85,12.1875,129344
2016-01-14,11.35,11.4875,11.0125,11.0125,45847
2016-01-15,10.7625,11.6,10.625,11.25,60782
2016-01-18,10.4375,10.85,10.375,10.65,72386
2016-01-19,10.725,11,10.2625,10.2875,32709
2016-01-20,10.65,10.7875,10.2625,10.625,67716
2016-01-21,10.3,10.875,10.175,10.65,62550
2016-01-22,10.6875,10.9625,10.5,10.6125,52225
2016-01-25,10.8625,11,10.6875,10.875,29839
2016-01-27,10.825,10.9375,10.775,10.9375,15980
2016-01-28,10.85,10.975,10.65,10.825,13677
2016-01-29,11.0125,11.125,10.65,10.85,30650
2016-02-01,11.35,11.875,11.25,11.25,96527
2016-02-02,11.05,11.4625,11,11.4625,32477
2016-02-03,10.675,11.05,10.5,11.05,55110
2016-02-04,10.5,10.8875,10.3,10.6875,48702
2016-02-05,10.5625,10.6625,10.375,10.5,22892
2016-02-08,10.5375,10.65,10.45,10.575,35719
2016-02-09,10.3375,10.425,10.0875,10.2625,28572
2016-02-10,10.125,10.3375,10.0125,10.3375,23717
2016-02-11,9.6875,10.1375,9.5,10.0375,37525
2016-02-12,9.55,9.8375,8.8125,9.3875,59677
2016-02-15,9.925,10.1,9.7,9.7,40971
2016-02-16,9.75,10.15,9.725,10.075,19962
2016-02-17,9.4,9.7,9.125,9.625,22306
2016-02-18,9.75,9.85,9.5875,9.5875,16621
2016-02-19,9.6875,9.925,9.5125,9.75,17520
2016-02-22,9.625,9.85,9.55,9.7375,13103
2016-02-23,9.6375,9.875,9.275,9.8125,94849
2016-02-24,9.3625,9.6,9.275,9.5,14811
2016-02-25,9.2,9.725,9.1,9.55,25621
2016-02-26,9.075,9.35,8.8875,9.3,57497
2016-02-29,9.1625,9.35,9.0125,9.2625,25098
2016-03-01,9.5375,9.6,9.125,9.125,43881
2016-03-02,9.9375,10.225,9.625,9.725,45045
2016-03-03,9.875,10.0875,9.825,9.9875,24090
2016-03-04,10.125,10.225,9.8875,9.9125,38540
2016-03-08,10,10.1625,9.825,9.95,23771
2016-03-09,9.925,10,9.7125,10,17557
2016-03-10,9.9125,10.025,9.825,9.925,22671
2016-03-11,9.9,10.1625,9.7625,9.825,18013
2016-03-14,9.5875,10.0375,9.5,9.8625,37251
2016-03-15,9.4875,9.65,9.425,9.5875,33594
2016-03-16,9.375,9.5,9.3,9.5,14420
2016-03-17,9.3875,9.5625,9.375,9.5625,27384
2016-03-18,9.35,9.5,9.3,9.475,28229
2016-03-21,9.4,9.525,9.2625,9.2625,36189
2016-03-22,10.5875,10.975,9.2875,9.4375,492944
2016-03-23,10.15,10.725,10.125,10.725,92957
2016-03-28,9.65,10.325,9.575,10.1,46421
2016-03-29,9.55,9.925,9.3875,9.925,60190
2016-03-30,9.7,9.8125,9.45,9.725,36025
2016-03-31,10.225,10.7125,9.8,9.8,392681
2016-04-01,10.3875,10.5,10.175,10.275,49305
2016-04-04,10.425,10.75,10.2625,10.75,69337
2016-04-05,10.275,10.5,10.0375,10.3,43750
2016-04-06,10.5375,10.65,10.275,10.425,61488
2016-04-07,9.8125,10.55,9.5,10.4625,96514
2016-04-08,10.6,10.65,9.85,10.1,72939
2016-04-11,10.8875,11.075,10.5,10.5,108649
2016-04-12,11.3375,11.6875,10.75,10.875,205694
2016-04-13,11.6625,11.925,11.275,11.5,82507
2016-04-18,12.5,12.675,11.65,11.65,168562
2016-04-20,11.9875,12.9375,11.875,12.825,320306
2016-04-21,12.575,12.875,12.375,12.8625,277873
2016-04-22,12.8375,13.1,12.25,12.575,222911
2016-04-25,12.8625,12.9875,12.5,12.975,76586
2016-04-26,13.475,13.7,13.275,13.275,567582
2016-04-27,14.225,14.425,13.025,13.325,476605
2016-04-28,13.2125,14,12.6,14,797084
2016-04-29,13.4625,13.6125,13.15,13.175,193868
2016-05-02,13.4125,13.725,13.0125,13.625,349226
2016-05-03,13.0375,13.5625,13,13.4625,93259
2016-05-04,12.6,13.0375,12.525,13.0375,55356
2016-05-05,12.6625,12.975,12.0875,12.725,124825
2016-05-06,12.55,12.75,12.325,12.5,38824
2016-05-09,13.0875,13.475,12.4125,12.9875,163269
2016-05-10,13.6125,13.7625,13.0375,13.1,265279
2016-05-11,13.575,13.9125,13.1625,13.1625,153079
2016-05-12,13.7875,14.05,13.4625,13.725,148767
2016-05-13,13.575,13.825,13.525,13.775,63322
2016-05-16,13.9625,14.1,13.575,13.5875,98230
2016-05-17,13.825,14.1,13.75,13.8125,69771
2016-05-18,13.8125,14,13.575,13.7625,70640
2016-05-19,13.5125,14.1375,13.35,13.925,124353
2016-05-20,13.925,14.4375,13.3125,13.5375,148679
2016-05-23,13.925,14.55,13.875,14.25,143484
2016-05-24,13.2625,14.25,13.15,14.25,124359
2016-05-25,13.3,13.55,13.275,13.3875,48060
2016-05-26,13.2,13.4625,12.825,13.4625,61244
2016-05-27,13.325,13.475,13.1625,13.375,29502
2016-05-30,13.525,13.8,13.275,13.4125,51855
2016-05-31,13.4,13.75,13.35,13.5625,32903
2016-06-01,13.1625,13.625,13.025,13.4625,42855
2016-06-02,13.25,13.475,12.85,13.2,52331
2016-06-03,12.975,13.4625,12.8875,13.35,38331
2016-06-06,13.4,13.475,13.075,13.075,41336
2016-06-07,13.2875,13.7375,13.1625,13.65,47421
2016-06-08,13.35,13.725,13.25,13.4875,49193
2016-06-09,13.45,14,13.3875,13.5,136386
2016-06-10,13.3125,13.675,13.1375,13.3875,80573
2016-06-13,13.1875,13.5,13,13.3125,57162
2016-06-14,13.2625,13.45,13.175,13.4125,15561
2016-06-15,13.9375,14.375,13.25,13.45,265613
2016-06-16,15.0375,15.175,13.5,14.1,545144
2016-06-17,14.6125,15.4625,14.4,15.225,427924
2016-06-20,15.15,15.375,14.35,14.5,263097
2016-06-21,16.4,16.5,14.9375,15.425,1282709
2016-06-22,15.7625,16.8625,15.625,16.55,680142
2016-06-23,15.4875,15.95,15.05,15.85,248171
2016-06-24,15.2375,15.45,14.0625,14.15,319923
2016-06-27,15.2,15.7875,14.75,15.25,176017
2016-06-28,15.725,15.875,15.2625,15.2875,231610
2016-06-29,16.0875,16.25,15.65,15.85,232969
2016-06-30,15.3,16.375,15.1625,16,343530
2016-07-01,15.75,16.225,15.4,15.525,255920
2016-07-04,15.825,16.125,15.7,15.85,210759
2016-07-05,15.3875,16,15.3125,15.975,180310
2016-07-07,15.3125,15.825,15.0875,15.825,100097
2016-07-08,15.8875,16,15.325,15.6125,251716
2016-07-11,15.9125,16.675,15.85,16.1375,260374
2016-07-12,16.025,16.35,15.875,15.9875,180545
2016-07-13,16.2125,16.425,15.875,15.9125,111861
2016-07-14,16.4375,16.5,15.9875,16.225,180553
2016-07-15,16.8625,17.2625,16.375,16.4375,467969
2016-07-18,17.6875,18.45,16.9375,16.9625,1054181
2016-07-19,17.1625,17.875,16.95,17.85,156989
2016-07-20,17.5,18.0625,17.275,17.2875,234864
2016-07-21,17.5625,17.975,17.475,17.525,194548
2016-07-22,17.3125,17.725,17.225,17.725,142403
2016-07-25,17.725,18.1,17.25,17.575,121620
2016-07-26,17.3,17.95,17.15,17.95,127568
2016-07-27,18.5875,18.8625,17.0375,17.0375,586214
2016-07-28,19.0125,19.75,18.475,18.8,780530
2016-07-29,18.4875,19.2,18.4,19.125,152772
2016-08-01,19.7875,21.175,19.275,20.75,1173563
2016-08-02,19.475,20.3375,19.275,20.25,238258
2016-08-03,19.775,20.0375,18.975,19.3875,341669
2016-08-04,20.075,20.3,19.075,19.95,295429
2016-08-05,19.625,20.225,19.475,20.1875,180440
2016-08-08,19.9875,20.15,19.325,19.75,258769
2016-08-09,19.725,20.45,19.325,20.45,331787
2016-08-10,18.9375,19.75,18.8125,19.75,112911
2016-08-11,18.1875,19.0375,18.05,19.0375,132607
2016-08-12,18.4,18.725,18.0625,18.5,86485
2016-08-16,17.85,18.4875,17.75,18.45,72340
2016-08-17,17.7875,18.1875,17.625,17.6625,49395
2016-08-18,19.5875,20.1875,17.875,18.0375,638893
2016-08-19,19.7125,20.375,19.55,19.7125,270180
2016-08-22,19.9125,20.35,19.5,19.75,178252
2016-08-23,21.0125,21.475,19.625,20.075,459247
2016-08-24,21.5375,21.975,20.775,21.1,440162
2016-08-25,22.3875,22.675,21.6375,21.6875,661602
2016-08-26,22.15,23.375,22,22.675,512931
2016-08-29,22.075,22.225,21.0375,22.225,298314
2016-08-30,22.4625,22.975,21.875,22.425,710464
2016-08-31,22.05,22.5625,21.8125,22.25,212296
2016-09-01,22.0625,22.35,21.725,22.25,128377
2016-09-02,21.6875,22.125,21.5875,22.1125,155759
2016-09-06,20.6625,21.85,20.4375,21.75,267805
2016-09-07,21.475,21.75,20.3625,20.925,284575
2016-09-08,21.3875,21.875,21.25,21.3,104342
2016-09-09,21.2875,21.7,21.175,21.575,97387
2016-09-12,20.35,21.25,20.1375,20.7625,163535
2016-09-14,20.675,20.9,20.25,20.65,87951
2016-09-15,20.2375,21.1,19.9125,20.7125,266009
2016-09-16,20.375,20.75,20.25,20.3625,76020
2016-09-19,20.1625,20.6,19.875,20.475,108706
2016-09-20,21.3375,21.925,20.25,20.325,592096
2016-09-21,21.6625,21.95,21.425,21.5,188167
2016-09-22,21.1625,21.95,20.9625,21.925,141659
2016-09-23,20.9,21.25,20.7,21.25,65616
2016-09-26,20.625,20.9,20.5,20.75,60305
2016-09-27,20.5375,21.475,20.325,20.575,82731
2016-09-28,20.45,20.925,20.3625,20.5625,57642
2016-09-29,19.4375,20.85,17.375,20.85,185540
2016-09-30,19.775,20.2,18.475,18.5,137210
2016-10-03,20.3125,20.575,19.8,19.8,87321
2016-10-04,20.4375,20.675,20.225,20.475,45495
2016-10-05,20.7875,21,20.475,20.4875,107655
2016-10-06,23.1125,23.8375,20.8,21.0875,1363977
2016-10-07,22.725,23.4,22.6125,23.3,283482
2016-10-10,23,23.35,22.775,22.9625,128913
2016-10-13,22.1625,23.0125,21.875,23.0125,265182
2016-10-14,22.25,22.925,21.6875,22.3375,144345
2016-10-17,21.9375,22.475,21.8,22.475,89537
2016-10-18,22.4125,22.575,22.0125,22.0125,79845
2016-10-19,23.625,23.925,22.25,22.45,381718
2016-10-20,23.5,24.275,23.325,23.875,234398
2016-10-21,23.2,23.725,23.0125,23.725,104712
2016-10-24,23.5625,23.75,23.25,23.6625,97096
2016-10-25,23.5375,23.975,23.375,23.975,65667
2016-10-26,23.2875,23.7125,23.0375,23.4875,61497
2016-10-27,22.725,23.3,22.6375,23.3,56369
2016-10-28,23.1125,23.375,22.75,22.75,68771
2016-11-01,25.15,25.825,23.5,23.775,582098
2016-11-02,24.0375,24.75,23.9,24.75,131846
2016-11-03,23.325,24.825,23.2,24.125,237573
2016-11-04,23.15,23.75,21.5125,23.5875,183209
2016-11-07,23.5375,23.975,23.225,23.375,64974
2016-11-08,24.0375,24.5,23.325,23.975,141074
2016-11-09,24.575,25.2,20.75,21.525,505132
2016-11-10,24.9625,25.8,24.525,25.2375,244629
2016-11-11,24.4125,25.5,23.75,24.625,135702
2016-11-15,21.6875,23.375,20.7375,23.1,228364
2016-11-16,21.1,22.45,21,22.45,157447
2016-11-17,20.1125,21.1125,19.9375,20.9,123090
2016-11-18,20.65,21.1,19.2875,20.1375,86051
2016-11-21,20.075,21.4375,19.45,20.9875,165212
2016-11-22,19.825,20.5,19.625,20.0375,69836
2016-11-23,20.15,20.475,19.675,20,65471
2016-11-24,21.1125,21.25,18.95,20.425,117235
2016-11-25,21.1625,21.625,21.0125,21.4,56707
2016-11-28,21.225,21.8375,21.05,21.25,64061
2016-11-29,21.3,21.7,21.25,21.3,34453
2016-11-30,21.425,21.625,21.275,21.5,39437
2016-12-01,21.4875,21.9125,21.1625,21.5,31280
2016-12-02,21.075,21.45,20.85,21.175,22665
2016-12-05,21.25,21.4125,20.6625,21.025,18401
2016-12-06,21.5875,22.375,21.15,21.7375,66737
2016-12-07,21.1625,22.125,20.45,22.125,68609
2016-12-08,22.4,23.1,21.7125,22.525,452984
2016-12-09,22.3375,22.8,22.0375,22.625,111435
2016-12-12,22.775,22.925,22.15,22.4625,128984
2016-12-13,22.85,24.125,22.375,22.5375,537015
2016-12-14,22.4125,23.125,22.25,23,484282
2016-12-15,22.45,22.675,21.9125,21.9125,123272
2016-12-16,22.5,22.675,22.275,22.275,81829
2016-12-19,22.6,22.625,22.2375,22.3875,162410
2016-12-20,22.2375,22.6125,22.125,22.525,57415
2016-12-21,22.3625,22.575,22.2,22.3125,81093
2016-12-22,22.225,22.4625,22.1375,22.225,32227
2016-12-23,22.2375,22.35,22.0125,22.35,33778
2016-12-26,22.0625,22.2125,21.875,22.0375,65250
2016-12-27,22.225,22.425,21.85,21.85,49826
2016-12-28,22.1625,22.6375,22.025,22.0625,27180
2016-12-29,22.25,22.475,21.9875,22.2375,54658
2016-12-30,22.3,22.4625,22.2,22.2875,39574
2017-01-02,22.4875,22.7,22.2375,22.3,36486
2017-01-03,23.1125,23.675,22.75,23.0625,277516
2017-01-04,22.9625,23.325,22.8125,23.1,47238
2017-01-05,23.5125,23.6875,22.75,23.05,453565
2017-01-06,22.7875,23.625,22.55,23.625,473544
2017-01-09,23.2,23.5,22.75,22.9,125192
2017-01-10,22.925,23.4125,22.775,23.4,66622
2017-01-11,23.2125,23.4,22.7875,23.1,112002
2017-01-12,23.025,23.2375,22.9375,23.2125,45725
2017-01-13,22.9375,23.225,22.7625,23.025,89562
2017-01-16,23.3,23.4625,22.875,23.0875,91829
2017-01-17,23.2625,23.45,23.05,23.1875,59958
2017-01-18,23.5125,23.6,23.1375,23.15,415416
2017-01-19,23.1875,23.6125,23.05,23.5125,53399
2017-01-20,22.9875,23.3375,22.9,23.3375,55768
2017-01-23,22.9875,23.05,22.075,22.075,126699
2017-01-24,22.8875,23,22.7625,22.875,54927
2017-01-25,22.9375,23.2,22.925,22.9375,49945
2017-01-27,23.025,23.1125,22.775,22.8,43542
2017-01-30,23.7625,24.175,23.3625,23.5,481473
2017-01-31,23.6625,23.775,23.5,23.75,63867
2017-02-01,23.525,23.7125,23.175,23.5125,50807
2017-02-02,23.7875,23.875,23.3875,23.7,109565
2017-02-03,23.775,24,23.5875,23.5875,77351
2017-02-06,26.3375,26.85,24.3375,24.3375,1146568
2017-02-07,26.3,27.2,26.0375,26.325,335555
2017-02-08,28.4,28.75,26.325,26.4,918424
2017-02-09,27.7375,28.6625,26.975,28.5375,255936
2017-02-10,28.1,28.7625,27.7,27.725,223832
2017-02-13,28.525,29.375,28.2,28.425,221498
2017-02-14,29.05,29.925,28.5125,28.7375,508982
2017-02-15,28.5625,29.725,28.375,29,276356
2017-02-16,28.575,28.975,27.7,28.8625,72145
2017-02-17,28.0125,28.85,27.875,28.65,81317
2017-02-20,28.9375,29.5,27.75,28.15,152422
2017-02-21,29.05,29.5,28.7625,29.2,102844
2017-02-22,28.6375,29.25,28.2875,29.2375,72354
2017-02-23,28.3,28.975,28.1,28.725,86700
2017-02-27,27.5625,28.375,27.2375,28.375,84928
2017-02-28,26.525,27.725,25.95,27.5,138616
2017-03-01,28.5,28.7125,26.025,26.525,211548
2017-03-02,26.825,28.75,26.2875,28.5,136925
2017-03-03,26.925,27,26.3125,26.5,61020
2017-03-06,25.575,27.0625,24.875,26.6375,207859
2017-03-07,25.5,25.9,25,25.225,138988
2017-03-08,25.725,25.95,25.0125,25.5625,120042
2017-03-09,25.7375,25.9625,25.5625,25.7375,52009
2017-03-10,25.2375,26.05,25.0375,25.975,67856
2017-03-14,25.5625,26.65,25.4875,25.4875,149308
2017-03-15,26.3875,26.5,25.55,25.55,82795
2017-03-16,27.65,28.175,26.3,26.3,209331
2017-03-17,27.25,28,27.0375,27.725,108714
2017-03-20,27.65,28.1,27.125,28.1,77263
2017-03-21,27.0125,27.85,26.7625,27.65,65408
2017-03-22,28.125,28.475,26.3125,26.7625,270060
2017-03-23,28.2,28.75,27.525,28.6375,94243
2017-03-24,28.575,29.0375,28.05,28.275,129423
2017-03-27,28.3,29,28.25,28.75,136187
2017-03-28,29.7375,30.475,28.4875,28.4875,289817
2017-03-29,29.5125,30.35,29.25,29.975,96543
2017-03-30,29.85,30.05,28.75,29.35,71027
2017-03-31,29.7,30.175,29.25,30,91518
2017-04-03,30.2,30.75,29.7625,30,125009
2017-04-05,30.1375,30.8125,29.75,30.475,127422
2017-04-06,30.025,30.7375,29.875,30.1375,86143
2017-04-07,29.125,31.475,28.5,30.05,290111
2017-04-10,30.575,31.25,29.3875,29.5125,177046
2017-04-11,32.525,32.975,30.025,30.0375,687003
2017-04-12,31.875,32.7375,30.625,32.575,218619
2017-04-13,32.2625,33.125,31.75,32,158407
2017-04-17,32.9125,33.1875,31.8,32.25,159104
2017-04-18,33.4,34.75,32.9625,32.9625,350283
2017-04-19,33.3,34.625,32.75,33.975,182128
2017-04-20,33.825,34.125,32.3,33.4625,123299
2017-04-21,33.2125,34.1125,33.125,33.7625,87882
2017-04-24,34.175,34.375,32.75,33.725,136336
2017-04-25,33.8625,34.5,33.675,34.4875,81898
2017-04-26,33.575,34.9,33.375,34.4125,137080
2017-04-27,33.55,34.075,33,33.6375,70604
2017-04-28,32.725,33.75,32.0625,33.5125,89518
2017-05-02,33.2625,33.4375,32.45,32.5625,104654
2017-05-03,33.5125,33.9875,32.825,32.825,65132
2017-05-04,33.25,34.05,33.05,33.5625,72109
2017-05-05,35.2375,38.25,34.025,34.025,418597
2017-05-08,36.1,36.5,35.4875,35.4875,197242
2017-05-09,35.425,36.175,34.675,36,113831
2017-05-10,34.775,35.8,34.1,35.7,66729
2017-05-11,34.7625,35.5,34.5125,34.775,53342
2017-05-12,34.25,35.1,33.925,35,60452
2017-05-15,35.025,35.675,34.25,34.4875,178659
2017-05-16,34.0625,35.575,33.95,35.175,133526
2017-05-17,33.6625,34.5625,33.425,34.0125,78907
2017-05-18,33.8875,34.625,32.5,33.4625,98629
2017-05-19,33.0125,34.5,32.8,34.25,50712
2017-05-22,32.125,33.675,31.925,33.45,81731
2017-05-23,31,32.3375,30.025,32.0875,108048
2017-05-24,31.725,32.5,30.75,30.75,75696
2017-05-25,32.775,33.6375,31.4625,31.95,73897
2017-05-26,33.5375,33.7,32.75,33.3625,55301
2017-05-29,33.7375,34.1,33.25,33.725,62881
2017-05-30,33.4,34.125,33.05,34.0625,43087
2017-05-31,33.3875,33.75,32.95,33.5,32510
2017-06-01,32.175,33.6875,31.5,33.3625,52273
2017-06-02,32.625,33.5375,32.25,32.475,48993
2017-06-05,31.875,33.2125,31.7,32.275,46104
2017-06-06,32.3875,32.5,31.8375,31.8375,25096
2017-06-07,31.9625,33.25,31.7125,32.375,51121
2017-06-08,31.75,32.6,31.1625,32.25,97682
2017-06-09,33.475,33.6,31.525,31.8375,132722
2017-06-12,33.825,34.725,33.25,34.15,130625
2017-06-13,33.3,34.725,33.25,34.0875,49303
2017-06-14,34.0625,34.25,33.5375,33.95,60595
2017-06-15,33.9125,34.35,33.5125,34.35,34028
2017-06-16,33.7875,34.2,32.95,34.2,43085
2017-06-19,33.2375,34.125,33.0625,33.9625,23665
2017-06-20,33.25,33.8625,33.0125,33.8625,26124
2017-06-21,32.375,33.3625,32.0125,33.3625,44727
2017-06-22,32.425,32.85,32.25,32.85,34923
2017-06-23,31.6375,32.65,30.7,32.5875,62600
2017-06-27,31.3,32.3875,30.7625,31.625,38329
2017-06-28,30.675,31.45,30.5,31.0125,46191
2017-06-29,30.7625,31.4875,30.5375,30.7875,42292
2017-06-30,30.5875,31.125,30.2375,30.7375,42478
2017-07-03,32.3375,32.5,30.6,30.8625,72048
2017-07-04,32.35,33.2375,32.05,32.5625,64425
2017-07-05,31.4875,32.3,31.3125,31.9125,47246
2017-07-06,31.9875,32.3625,31.375,31.375,61907
2017-07-07,32.6125,32.7375,31.7,32.25,62612
2017-07-10,34.5125,36.45,32.0125,32.9625,53221
2017-07-11,33.975,35.3125,33.75,35,127209
2017-07-12,34.575,34.8,33.4125,33.8625,82453
2017-07-13,34.75,34.9875,34.125,34.475,56915
2017-07-14,34.225,35.125,34.0375,34.4625,45317
2017-07-17,34.65,35.65,34.275,35.25,113236
2017-07-18,33.7125,34.7125,33.4125,34.5125,58978
2017-07-19,34.475,34.7,33.6625,33.7375,65779
2017-07-20,33.2875,34.9,33.0625,34.475,118600
2017-07-21,33.3125,34,32.775,34,120111
2017-07-24,33.6,33.7375,33.2,33.35,60567
2017-07-25,33.3125,33.625,33.125,33.2625,24753
2017-07-26,33.2625,33.6,32.9,33.6,112230
2017-07-27,33.1125,33.625,32.9,33.25,46266
2017-07-28,32.9625,33.5,32.7625,32.825,28020
2017-07-31,29.9125,30.9625,27.5875,30.5,739351
2017-08-01,29.0875,29.9375,28.75,29.75,109984
2017-08-02,28.7,29.25,28.375,28.8,52005
2017-08-03,27.7625,28.875,27.525,28.85,65540
2017-08-04,27.55,28.5125,27.3125,27.3125,122988
2017-08-07,26.7875,27.7,26.5,27.575,127215
2017-08-08,27.6875,28.4625,26.55,27.2,127472
2017-08-09,28.075,28.4,27.25,28,83673
2017-08-10,27.15,27.5,26.275,27.5,76446
2017-08-11,26.0375,27.0125,25.0125,27.0125,151624
2017-08-14,26.6125,27.3,26.0125,26.7375,72122
2017-08-16,29.05,29.675,26.625,26.7375,148106
2017-08-17,30.5875,31.1125,28.7875,29.125,161428
2017-08-18,29.475,30.35,29.0125,30.35,73867
2017-08-21,28.775,29.975,28.4125,29.725,33609
2017-08-22,28.0125,28.975,27.5375,28.7375,46513
2017-08-23,27.8375,28.35,27.5,28.025,30771
2017-08-24,28.7875,29.475,27.9875,27.9875,84570
2017-08-28,28.8875,29.6,28.7625,29.0375,47281
2017-08-29,28.925,29.5,28.55,28.9,37100
2017-08-30,29.9875,30.125,28.575,28.575,123538
2017-08-31,31.8125,33.05,29.1,29.6,251748
2017-09-01,32.3,33,31.375,31.7875,104667
2017-09-04,31.25,32.5875,31,32.5875,53011
2017-09-05,31.3,34.375,30.2,31.4875,61368
2017-09-06,31.15,32.325,30.75,32.325,111383
2017-09-07,31.2625,31.75,30.75,30.75,40636
2017-09-08,31.7,32.4875,31.1875,31.5,172298
2017-09-11,35.5875,36.225,33.75,33.75,911165
2017-09-12,35.3,35.9375,33.5375,35.9375,410290
2017-09-13,35.6125,36.175,34.575,35.575,269661
2017-09-14,35.5125,35.9625,35.025,35.9625,66400
2017-09-15,35.7125,36,34.2,35.5,173548
2017-09-18,38.25,39.55,35.525,36,527191
2017-09-19,40.2375,42,37.5,38.9,511346
2017-09-20,40.025,41.125,39.25,40.4875,133871
2017-09-21,38.7625,40.25,37.5125,40.25,134942
2017-09-22,37.3875,38.6125,36.7,38.3,169256
2017-09-25,36.8875,38.2125,35.075,38.2125,126056
2017-09-26,36.9,37.8875,36.25,37.475,54248
2017-09-27,35.275,37.2625,35.05,37.2375,105078
2017-09-28,35.7,36.5375,34.625,35.475,56833
2017-09-29,35.4375,36.375,35.25,36.05,59524
2017-10-03,35.525,36.1125,34.875,36.1125,70108
2017-10-04,39.9375,41.1,35.175,35.9875,216298
2017-10-05,40.725,43.1125,40.5,41.9875,378878
2017-10-06,41.6625,42.25,40.55,41.45,144790
2017-10-09,40.15,42.325,39,42.325,152315
2017-10-10,40.675,41.425,40.125,40.4875,105541
2017-10-11,41.725,44.725,41,41.125,471805
2017-10-12,41.3125,42.175,41,42.0375,89063
2017-10-13,40.4875,41.75,40.25,40.8125,61051
2017-10-16,39.6875,42.0625,39.1625,40.9875,160930
2017-10-17,39.8625,40.775,39.0875,39.9875,82350
2017-10-18,40.6625,41.175,39.5,39.975,46235
2017-10-19,41.075,41.6125,39.825,40.75,46748
2017-10-23,40.4125,42.25,39.8875,41.275,165907
2017-10-24,40,40.7375,39.75,40.625,49492
2017-10-25,42.35,42.5,39.5125,40.025,244866
2017-10-26,44.725,45.2125,41.2875,42.25,328920
2017-10-27,43,46.1125,42.525,44.975,138144
2017-10-30,43.025,44.3375,42.65,43.5,73189
2017-10-31,43.0875,44.4625,42.5,43.05,68683
2017-11-01,42.375,44.0625,41.5625,43.4875,79855
2017-11-02,43.2,43.75,41.875,41.875,64239
2017-11-03,43.2625,44,42.8125,43.75,48234
2017-11-06,42.3375,43.35,42,42.875,44144
2017-11-07,40.325,42.975,39.5,42.4875,109394
2017-11-08,40.925,43.5,40,40.4125,136385
2017-11-09,39.325,40.7625,38.5,40.75,124754
2017-11-10,37.4625,39.175,37.125,39.175,76315
2017-11-13,37.725,38.2375,36.5,37.45,51452
2017-11-14,38.025,40.5,37.75,38.5,112385
2017-11-15,37,38.7375,36.625,38.125,57616
2017-11-16,38.225,38.625,37.5,37.9875,48493
2017-11-17,38.6125,39.6,38.15,38.725,59531
2017-11-20,39.125,39.6125,38.2625,39.4375,50937
2017-11-21,39.3625,39.975,38.8,38.825,59850
2017-11-22,39.7375,40.575,39.25,40.5,52531
2017-11-23,40.35,40.75,39.5375,39.75,40154
2017-11-24,43.775,44.5,40.025,40.1,237967
2017-11-27,44.2375,45.4,43.425,44.725,271296
2017-11-28,42.425,44.1625,42.025,43.75,66351
2017-11-29,41.025,43,40.8,42,52138
2017-11-30,40.4375,41.575,39.5625,41.25,77716
2017-12-01,40.5375,41.5,40.25,41.0125,40089
2017-12-04,40.2625,41.55,39.5375,40.8,47920
2017-12-05,40.4375,41.5,40.025,41.2,75726
2017-12-06,41.0625,43.75,40.55,43.75,294408
2017-12-07,42.8875,44.3375,40.3625,41.65,265081
2017-12-08,48.2125,48.95,42.0875,43.175,1146836
2017-12-11,45.875,48.6,45.1375,48.25,233854
2017-12-12,45.1,46.5875,44.7875,46.0125,77381
2017-12-13,44.7875,47.225,44.5,45.05,87935
2017-12-14,44.5875,45.95,44.0125,44.875,73750
2017-12-15,45.9125,46.9875,45,45.75,161661
2017-12-18,45.9125,47.975,43.5,45,284543
2017-12-19,46.8875,47.25,45.5875,45.8,74729
2017-12-20,50.25,51.5,46.125,47.425,877209
2017-12-21,49.9625,51.8,49.3125,50.75,245236
2017-12-22,49.225,51.1125,48.9125,50.5,93840
2017-12-26,48.0375,49.55,47.7625,49.4875,135073
2017-12-27,50.3,51.25,47.125,48.4375,380501
2017-12-28,49.5875,51.175,49,51.175,125243
2017-12-29,48.8125,50.5125,48.75,49.8625,127641
2018-01-01,48.15,49.95,47.525,49.15,127748
2018-01-02,48.8125,50.8375,48.1625,48.475,178213
2018-01-03,50.875,51.3875,49.1375,49.3375,242851
2018-01-04,53.5625,54.9125,50.15,51.25,642668
2018-01-05,53.3,54.475,52.5625,53.975,180798
2018-01-08,58.7125,59.4,54.25,54.25,732135
2018-01-09,57.625,59.975,56.875,59.4375,234218
2018-01-10,58.925,62.625,56.875,56.875,531710
2018-01-11,68.55,70,59.5,59.525,1624596
2018-01-12,67.25,69.9375,65.25,69.075,485647
2018-01-15,68.2,69.975,66.275,67.8875,346348
2018-01-16,65.3,68.625,64.75,68.575,130926
2018-01-17,64.8,66.9875,62.6375,65.5,206656
2018-01-18,64.95,69.5,63.825,65.15,451041
2018-01-19,64.4,66.05,63.025,64.75,124279
2018-01-22,66.15,67.5,65,65,127491
2018-01-23,64.8125,67.1125,64.0125,66.5,125129
2018-01-24,60.925,65.2,60.5375,64.5625,205531
2018-01-25,60.875,62.25,60,61.075,128199
2018-01-29,59.9875,61.7,59.5,61.2125,95673
2018-01-30,56.1375,59.25,55.5,59.25,132315
2018-01-31,60.3375,61.25,55.025,55.3375,434224
2018-02-01,60.2875,63.7375,59.3875,60.85,365878
2018-02-02,59.0125,62.5,56.2375,58.75,284107
2018-02-05,58.9375,61.25,56.5,57.7,283641
2018-02-06,56.275,57,52.5125,52.5125,148985
2018-02-07,59.9625,60.45,57.6625,57.6625,147050
2018-02-08,60.325,61.9625,60,60,127739
2018-02-09,60.575,61.2375,55.7375,55.7375,74151
2018-02-12,64.075,64.825,61,61.25,187883
2018-02-14,65.025,66.5125,63.0375,65.475,256549
2018-02-15,62.7,65.7125,61.5125,65.225,183680
2018-02-16,60.575,64,60,62.7,148978
2018-02-19,58.6375,61.75,58,60.875,71949
2018-02-20,58.5875,59.2125,57.8875,58.775,36089
2018-02-21,58.4375,59.5,57.9125,58.875,70872
2018-02-22,58.0625,58.55,57.2,57.7,45755
2018-02-23,60.8875,61.475,57.625,58.0625,91721
2018-02-26,63.7375,64.625,60.5125,60.5125,341755
2018-02-27,67.075,67.5875,63.75,63.75,313262
2018-02-28,68.0375,71.225,65.2875,65.775,451674
2018-03-01,68.0875,68.9375,67.625,68.225,136526
2018-03-05,67.9875,68.75,66.0625,67.925,385041
2018-03-06,65.7875,69.475,64.2625,68.15,113757
2018-03-07,62.4625,66.25,62,65.675,178070
2018-03-08,62.1375,64.2625,61.45,63.25,102466
2018-03-09,62.575,63.75,60.8125,62.9125,135661
2018-03-12,63.725,64.2375,62.0625,63.25,109529
2018-03-13,63.45,64.975,62.5625,63.6,79440
2018-03-14,63.45,64.1625,62.9875,63,31003
2018-03-15,67.4375,69.975,63,63,323521
2018-03-16,65.05,67.7,63.5,67,117584
2018-03-19,63.025,66,62.6375,65,60554
2018-03-20,62.875,63.4875,61.55,62.45,67524
2018-03-21,65.3625,66.475,62.775,63.525,249381
2018-03-22,63.2,65.725,62.775,65.5125,103533
2018-03-23,60.5125,62.375,60.05,60.5,109211
2018-03-26,58.4625,61.175,58.025,60.325,284004
2018-03-27,57.975,60.75,57.6375,59.05,175852
2018-03-28,57.6875,59.3625,57.0375,57.4375,100575
2018-04-02,60.2375,60.825,57.6875,57.6875,92952
2018-04-03,64.35,64.625,59.6875,59.6875,150934
2018-04-04,63.8375,66.1,63.2125,64.6625,130341
2018-04-05,64.8375,66.0375,64.2875,64.5,73297
2018-04-06,64.8875,65.25,63.5625,64.6125,68915
2018-04-09,64.35,65.75,63.8375,64.8875,55420
2018-04-10,64.5,65.5,64.2625,64.325,43149
2018-04-11,64.325,65.5,64.125,64.55,58164
2018-04-12,63.7125,65.3875,62.925,64.6875,66590
2018-04-13,65.8,66.3,62.8375,63.9875,178647
2018-04-16,70.4875,72.8375,66,66.25,629681
2018-04-17,70.625,71.825,69.2625,71.2375,248955
2018-04-18,69.8625,73.175,69.2625,71.125,278296
2018-04-19,69.75,71.2125,68.1375,70,104241
2018-04-20,69.0625,70.4125,68.7625,68.8625,56065
2018-04-23,74.2625,75.975,69,69,841387
2018-04-24,74.5375,76.85,74.0125,74.975,353271
2018-04-25,74.4875,77.425,72.5,74.3375,197495
2018-04-26,72.975,75.25,72.55,74.25,75964
2018-04-27,70.6,74.4,70.1375,73.15,123274
2018-04-30,72.3625,74.2,70.6625,70.85,94878
2018-05-02,70.3,73.6625,69.525,72.15,101422
2018-05-03,68.4,71.2125,67.5,70.35,113544
2018-05-04,69.9375,71.0875,67.925,68.3625,84461
2018-05-07,68.9,70.875,68.5375,70.5,46732
2018-05-08,67.875,70.0125,67.2,69.25,49993
2018-05-09,67.1,69.975,66.3125,67.875,272569
2018-05-10,65.2875,68.5625,64.625,67.975,172517
2018-05-11,66.125,67.375,64.5,65.45,122884
2018-05-14,65.1125,67,64.375,65.875,558873
2018-05-15,60.8625,66,60.0625,64.475,265164
2018-05-16,61.8125,63.25,59.15,59.15,116832
2018-05-17,63.2,64.5,61.75,61.75,105129
2018-05-18,63.7125,64.475,62.8875,62.8875,74679
2018-05-21,59.9875,64.975,58.9,64.875,212350
2018-05-22,61.975,69.4,59.4375,59.4375,158542
2018-05-23,59.0875,61.9125,58.55,61.9125,128990
2018-05-24,58.125,60.8,57.575,59.55,92866
2018-05-25,56.8,59.25,56.5,58.1,106737
2018-05-28,58.6625,59.675,57.2875,57.35,121008
2018-05-29,57.9375,59.45,57.6375,58.7375,49904
2018-05-30,56.6625,58.2625,55.675,57.625,67374
2018-05-31,54.9875,57.65,53.7625,57.125,141820
2018-06-01,55.0125,57.25,54,54.4875,110471
2018-06-04,51.5875,55.25,50.875,53.5625,175949
2018-06-05,48.4625,51.5875,46.25,51.375,489623
2018-06-06,50.3625,52.725,46.4,47.5,353083
2018-06-07,52.25,53.7,50.5125,50.5125,103295
2018-06-08,52.3875,53.25,52,52,57891
2018-06-11,53.375,53.7375,52,52.3875,46975
2018-06-12,53.85,54.2625,52.75,53.25,63325
2018-06-13,54.3625,56.175,54.125,54.125,48718
2018-06-14,53.6375,54.0625,53.0875,54.0625,50881
2018-06-15,53.425,54.875,53.05,53.5375,57700
2018-06-18,56.1875,57.2,52.75,53.475,224592
2018-06-19,54.95,57.2,51.275,55.475,165773
2018-06-20,54.625,56.25,54.025,55.0375,38977
2018-06-21,53.7375,55.4875,53.25,54.6875,26204
2018-06-22,52.7875,54.1375,52.075,53.45,40814
2018-06-25,52.85,53.7375,51.525,52.5,31323
2018-06-26,51.8375,52.6875,51.3125,52.0875,98804
2018-06-27,49.4625,51.9875,48.75,51.9875,114059
2018-06-28,50.4875,50.75,48.2375,49.25,59355
2018-06-29,53.0625,53.625,50.375,50.375,83753
2018-07-02,51.3625,53.1,50.4875,52.6,28301
2018-07-03,51.7875,52.45,50.3875,52.1125,36622
2018-07-04,52.2125,52.7375,51.225,51.75,21342
2018-07-05,50.775,52.25,50.75,52.25,28617
2018-07-06,49.725,50.75,49.025,50.75,53628
2018-07-09,50.225,51.7375,49.75,49.75,37633
2018-07-10,51.8,51.9875,50.3125,50.3125,40876
2018-07-11,51.0375,52.5,49.775,51.5,76533
2018-07-12,51.275,51.95,50.4,51.625,33017
2018-07-13,50.2375,52,50,51.85,25471
2018-07-16,47.75,50.7375,46.5375,50.025,46917
2018-07-17,47.8375,48.5,47.25,48.45,28732
2018-07-18,48.6875,50.3625,47.75,48.35,36309
2018-07-19,47.0875,49.125,46.5,49.125,28826
2018-07-20,47.95,48.25,46.25,47.9375,46296
2018-07-23,48.8375,49,46.5,48.025,19639
2018-07-24,52.8875,53.7375,48.95,49.575,84761
2018-07-25,50.8875,53.075,50.3,52.5,32547
2018-07-26,52.025,52.75,50.4,51.2375,44288
2018-07-27,53.7875,54.15,51.775,52.6,54547
2018-07-30,54.7375,58.425,54,55.925,244926
2018-07-31,54.4,55.2375,53.8375,55.1,24467
2018-08-01,54.9625,55.25,54,54.6125,43697
2018-08-02,53.225,55.1875,52.8625,54.6125,35136
2018-08-03,55.6875,56.575,53.75,53.75,125735
2018-08-06,55.0125,55.95,54.5,55.75,33654
2018-08-07,52.2625,52.95,52.2625,52.95,33466
2018-08-08,52.5125,53.6,49.65,49.6875,95479
2018-08-09,53.425,54.5,52.2875,52.2875,43015
2018-08-10,53.625,54.15,52.5,52.775,23050
2018-08-13,54.525,54.75,50.95,52.5,57988
2018-08-14,55.0375,56.125,54.55,56.125,52765
2018-08-16,53.3875,55.4375,53.325,55.25,34405
2018-08-17,53.3375,54.5,52.675,53.3875,24688
2018-08-20,54.9625,55.5,53.5,53.5,59061
2018-08-21,53.4,55.25,53.175,54.375,26678
2018-08-23,51.675,53.65,51.25,53.375,31406
2018-08-24,51.1875,52.0125,50.6,51.675,22717
2018-08-27,53.7375,53.7375,51.15,51.375,45989
2018-08-28,54.5,55.975,53.75,55,42065
2018-08-29,53.5625,55.5,53.15,54.2875,36296
2018-08-30,53.1375,54.725,52.625,53.5125,21978
2018-08-31,53.375,54.5,53,54.3625,20993
2018-09-03,53.775,54.25,51.025,53.25,36349
2018-09-04,53.7,54.225,52.8875,54,82985
2018-09-05,53.9125,54.7,52.7375,54.7,155641
2018-09-06,54.0625,54.3875,53,53,119042
2018-09-07,53.975,54.725,53.4,54.725,58373
2018-09-10,53,53.975,52.5125,53.975,145316
2018-09-11,54.3,54.725,53.0375,53.0375,27954
2018-09-12,54.1125,54.725,52.8,54.25,26348
2018-09-14,53.6,55.1125,53.1375,55.1125,15236
2018-09-17,53.2125,53.5375,52.525,53.35,20563
2018-09-18,53.7375,54.375,53,53,24284
2018-09-19,56.0375,56.4125,53.7375,55.0875,111170
2018-09-21,53.9625,58.25,53.2375,56.375,98211
2018-09-24,51.325,56.25,51.275,56.25,82260
2018-09-25,48.7625,51.2375,48.7625,50.75,112535
2018-09-26,49.1625,49.7375,47.5125,48.75,45780
2018-09-27,47.5625,49.9875,46.7125,48.8375,34659
2018-09-28,45.5375,48.9,45.1875,47.5,75753
2018-10-01,44.3125,46.75,43.2625,45.75,88546
2018-10-03,45.325,46.25,44.25,44.3125,32009
2018-10-04,47.5875,47.5875,44.9125,45.625,30505
2018-10-05,47.725,49.9625,47.5,48.575,40869
2018-10-08,47.8875,50.0625,47.55,47.725,82302
2018-10-09,50.275,50.275,48.2375,49.8625,56613
2018-10-10,52.7875,52.7875,50.45,50.9875,42656
2018-10-11,55.425,55.425,50.25,55.425,79646
2018-10-12,58.1875,58.1875,57.1,57.125,13559
2018-10-15,60.025,61.0875,55.4875,61.0875,92871
2018-10-16,60.9625,62,57.55,62,87546
2018-10-17,59.75,61.65,58.025,60.475,92159
2018-10-19,59.4,60.125,56.7625,58.65,58954
2018-10-22,58.625,60.3125,57.275,60,55912
2018-10-23,57.5125,60.5,56.775,58.1375,50026
2018-10-24,55.9125,59.125,55.3875,57.75,27356
2018-10-25,58.2875,58.7,55.0125,55.3875,47962
2018-10-26,58.975,60.0625,57.2375,58.5125,43136
2018-10-29,59.8,60.5125,56.4625,60.3375,131655
2018-10-30,60.2125,60.625,59.525,60,58781
2018-10-31,60.8,61.25,59.875,60.75,39810
2018-11-01,60.3125,61.0875,59.925,60.4875,21849
2018-11-02,62.3,65.35,60.5875,61.25,147083
2018-11-05,60.95,63.725,60.5,62.375,30392
2018-11-06,60.3625,61.6125,59.875,61.0375,19423
2018-11-07,61.95,62.5,60.5,61,9230
2018-11-09,60.65,61.9875,60.25,61.9875,17734
2018-11-12,59.875,62.125,59.25,60.65,32302
2018-11-13,60.125,60.5875,58.25,59.975,20285
2018-11-14,64.8375,66.1375,59.6375,60.5,276514
2018-11-15,61.225,64.75,60.9,64.75,65815
2018-11-16,61.4125,63,60.325,60.575,39610
2018-11-19,61.6125,62.7125,60.7375,61.2625,29174
2018-11-20,58.925,61.3625,57.675,60.6375,43372
2018-11-21,58.775,59.375,58.5,58.75,15377
2018-11-22,59.275,60.55,58.8875,60.3,29513
2018-11-26,59.7,61.2,59.0625,60.75,27811
2018-11-27,59.75,60.4625,59.0875,59.5,20636
2018-11-28,58.4625,60.525,58.25,59.325,25502
2018-11-29,57.7625,59.125,57.525,58.25,13227
2018-11-30,58.75,58.875,57.875,57.9375,25729
2018-12-03,58.6875,60.4875,57.7625,60.4875,28962
2018-12-04,58.8,59.625,58.1625,59.4125,16614
2018-12-05,59.575,60.25,58.75,59.7375,36239
2018-12-06,58.8125,61,58.5,60.5,41931
2018-12-07,57.6125,59.65,57.3875,58.9875,23328
2018-12-10,54.0875,57.7375,53.75,57.7375,41115
2018-12-11,56.2375,56.9875,53.4875,54.0875,27758
2018-12-12,59.9125,60.5,56.2375,56.2375,40932
2018-12-13,59.1,60.675,58.7375,59.875,30161
2018-12-14,59.875,60,58.7625,58.775,16977
2018-12-17,63.45,64.5,59.9,60.75,118682
2018-12-18,64.1875,64.45,62.025,63.9125,64184
2018-12-19,62.575,64.2625,62.2625,64.2625,26801
2018-12-20,61.225,62.9875,60.5875,62.625,28023
2018-12-21,62.8625,63.25,61.2125,61.2125,45331
2018-12-24,60.3,62.9875,60,61.5375,23920
2018-12-26,60.6875,61.375,59.875,60.9875,16503
2018-12-27,60.2875,61.3375,60.05,60.95,14230
2018-12-28,59.6375,60.6625,59.4625,59.75,21382
2018-12-31,60.0875,60.75,59.575,60.4875,27183
2019-01-01,60.1625,60.5,59.5625,60.05,8180
2019-01-02,62.025,62.4875,60.7375,61.275,65520
2019-01-03,60.7875,62.2,60.5,62.1,21745
2019-01-04,59.45,61.15,59.05,61.0375,28875
2019-01-07,59.1375,60.4625,58.775,59.75,33720
2019-01-08,58.95,59.6875,58.25,59.375,43062
2019-01-09,58.1875,59.35,57.5,59.0875,30294
2019-01-10,57.125,58.1875,56.65,58.1875,37628
2019-01-11,55.325,58.975,51.0875,58.75,357574
2019-01-14,54.5875,55.6375,54.1625,55.225,28115
2019-01-15,54.8625,55.625,54.4875,54.5,15371
2019-01-16,54.475,55.8375,53.8375,55.275,44089
2019-01-17,55.675,56,53.75,54.75,44935
2019-01-18,54.4,56,54.0125,55.9875,24193
2019-01-21,54.95,55.2375,53.7125,54,26200
2019-01-22,54.0375,54.7875,53.775,54.7625,14942
2019-01-23,53.075,54.525,52.5375,54.375,27539
2019-01-24,53.85,54.25,52.325,52.325,23459
2019-01-25,52.175,54.5,51.375,53.85,27432
2019-01-28,50.075,52,49.25,52,49683
2019-01-29,49.15,50.2875,48.9625,49.55,18284
2019-01-30,51.2125,52.2,48.7125,49.7375,26455
2019-01-31,52.15,52.3875,50.75,51.9625,53814
2019-02-01,53.375,53.9875,51.5375,52.4875,32503
2019-02-04,57.5625,58.725,53.9,54,184298
2019-02-05,58.5,58.75,55.75,57.45,75832
2019-02-06,59.775,61.75,57.4875,59.225,74681
2019-02-07,58.1875,61.125,57.75,60.45,39173
2019-02-08,57.7375,58.4875,56.375,57.125,33436
2019-02-11,56.2125,59.175,56,57.875,28661
2019-02-12,54.7,56.975,54.6125,56.3875,15042
2019-02-13,54.1125,55.4,53.7,54.7,26067
2019-02-14,52.3875,54.925,51.5875,53.925,29949
2019-02-15,52.025,53.2875,51.375,52.3875,23575
2019-02-18,50.45,52.5375,50.0375,52.2125,12393
2019-02-19,51.5,53.05,50.25,51.125,36482
2019-02-20,52.95,53.25,51.3875,52.7375,24236
2019-02-21,53.6,54,52.75,52.95,19782
2019-02-22,54.1125,54.525,53.5,53.6375,18803
2019-02-25,53.7375,55.5,53.25,54.25,34348
2019-02-26,53.7875,55,52.5,53.275,27130
2019-02-27,54.1125,56.0875,53.05,55,50919
2019-02-28,53.95,54.6,53.4,54.45,26041
2019-03-01,55.95,56.2375,53.75,54.5375,51808
2019-03-05,58.2,58.9625,55.75,55.75,58775
2019-03-06,56.8875,61.25,56.3,60.2125,113307
2019-03-07,55.3375,57.2625,55,56,37897
2019-03-08,54.9375,55.5,54,55.25,24933
2019-03-11,55.975,57.25,54.8375,54.9875,36787
2019-03-12,57.6125,57.925,56.6875,57.25,73858
2019-03-13,57.275,58.025,56.25,57.5,43950
2019-03-14,56.625,57.25,55.9625,57.0125,22620
2019-03-15,55.7875,56.75,55.7,56.75,34632
2019-03-18,56.1125,56.6125,55.25,55.8625,148232
2019-03-19,56.125,56.3625,55.5875,56.2375,95635
2019-03-20,55.0375,56.125,54.8875,56.125,77147
2019-03-22,54.2875,55.5,53.8625,55.4625,115200
2019-03-25,54.0375,54.575,53.55,54.2875,28667
2019-03-26,54.4875,55.1625,53.9,55,27991
2019-03-27,55,55.25,54.5,54.8625,180995
2019-03-28,54.4125,56.45,54.25,55.225,65598
2019-03-29,54.925,55.1875,54.2875,54.4125,27536
2019-04-01,55.3,55.5,55,55.225,14492
2019-04-02,55.1375,56,54.475,55.475,49650
2019-04-03,55.05,56.15,55,56.15,49444
2019-04-04,55.2875,56.0875,54.3125,56.0875,26151
2019-04-05,55.0375,55.5875,55,55.4625,14156
2019-04-08,55.2,55.325,54.5125,55.025,12864
2019-04-09,54.5,55.625,53.8375,55.0625,45589
2019-04-10,53.825,54.375,53.5,54.35,25968
2019-04-11,54.15,54.6875,53.825,54.65,12238
2019-04-12,54.0375,54.75,53.5,54.75,16140
2019-04-15,54.1625,54.75,53.9,54.75,19985
2019-04-16,54.825,55.25,53.7625,54.2375,61601
2019-04-18,53.8625,55.425,53.75,55.25,25955
2019-04-22,53.3625,54.425,52.325,54.425,23001
2019-04-23,53,53.875,52.75,53.675,6847
2019-04-24,52.5875,53.4625,52.3125,52.5125,52437
2019-04-25,53.125,54.5,52.575,53.0125,19999
2019-04-26,53.7875,54.25,52.75,54.125,25624
2019-04-30,52.55,54,52.25,53.7875,24868
2019-05-02,52.025,53.25,51.5,53.25,27569
2019-05-03,52.5125,53.3375,51.5,51.5125,26257
2019-05-06,50.8625,53,49.25,53,31686
2019-05-07,50.3375,51.5,50.025,51.25,13254
2019-05-08,48.5875,50.4625,48.5,50.075,27686
2019-05-09,45.4625,49.4625,45.3,49.4625,90402
2019-05-10,47.6875,48,45.4,45.4125,53758
2019-05-13,47.5125,49,47,48.125,58237
2019-05-14,46.65,49.675,46.4125,48.225,38721
2019-05-15,47.4625,48,46.325,47,17571
2019-05-16,47.5,48.25,46.825,47.6625,8468
2019-05-17,49,49.225,46.0875,47.5125,55303
2019-05-20,50.625,51.1375,49.5,50.125,26118
2019-05-21,49.35,50.85,49,50.6375,16449
2019-05-22,49.6,50.0875,49,49.8375,21633
2019-05-23,49.8125,50.7625,48.6,50.625,57768
2019-05-24,51.9125,52.875,49.25,49.975,35109
2019-05-27,49.0875,51.25,48.95,50.75,84098
2019-05-28,50.6625,50.75,49.3,49.7,35791
2019-05-29,50.05,50.6875,49.8125,50.4375,19410
2019-05-30,50.025,50.475,49.0125,50.4625,68895
2019-05-31,50.525,50.875,49,50.5625,37005
2019-06-03,50.125,50.75,49.25,50.75,47980
2019-06-04,50,50.4375,49.5375,49.825,75167
2019-06-06,50.175,50.3125,49.525,50,23446
2019-06-07,49.45,50.175,49.0375,50.175,15528
2019-06-10,49.55,49.9625,48.9125,49.95,24056
2019-06-11,48.775,50.25,48.575,49.2625,16194
2019-06-12,48.8625,49.275,48.625,48.875,9564
2019-06-13,48.15,48.7,47.55,48.625,14493
2019-06-14,46.3625,48.75,46.3,48.75,27737
2019-06-17,45.0125,47.25,44.9875,47.25,23682
2019-06-18,44.7625,46.75,43.8875,45.75,41349
2019-06-19,43.65,46.1,43.3125,45.5,39837
2019-06-20,43.475,44.25,43.275,43.5,24715
2019-06-21,41.4125,43.7375,41.0625,43.7375,36836
2019-06-24,41.275,43.5,41.125,41.375,33636
2019-06-25,41.8375,42.475,40.55,41.875,26083
2019-06-26,41.8125,42.425,41.2625,41.925,14528
2019-06-27,42.175,42.5,41.775,42.5,8543
2019-06-28,41.9875,43.35,41.725,43.35,12637
2019-07-01,41.175,42.875,40.9625,42.875,17334
2019-07-02,40.825,41.6375,40.5,41.175,18016
2019-07-03,40.775,41.675,40.625,41.35,25491
2019-07-04,40.2125,41.625,39.7,41.625,44510
2019-07-05,39.775,41,39.5,40.8625,28068
2019-07-08,37.8875,39.975,37.2,39.975,36451
2019-07-09,35.275,38.5375,34.75,37.8625,104140
2019-07-10,34.0375,35.35,32.775,35.35,220367
2019-07-11,34.5875,36.725,33.4125,34.5,101438
2019-07-12,34.35,36.025,34.0375,34.85,51077
2019-07-15,33.925,35.325,33.3875,34.9375,114519
2019-07-16,34.25,35.5,33.675,34.375,34113
2019-07-17,34.5625,34.825,33.9125,34.1625,22814
2019-07-18,34.7875,35.1,34.025,34.5625,19304
2019-07-19,34.6625,35,34.25,35,24482
2019-07-22,34.65,34.975,33.75,34.4875,27098
2019-07-23,34.5125,35.375,34.125,35.375,20012
2019-07-24,34.4375,34.75,33.175,34.25,18833
2019-07-25,35.175,35.975,33.85,34.875,65165
2019-07-26,34.725,36,34.5,36,16496
2019-07-29,34.075,35.85,33.75,35.85,32393
2019-07-30,32.975,34.8375,32.525,34.25,36139
2019-07-31,33.3125,33.6625,32.1375,32.9,28582
2019-08-01,32.4,33.75,31.525,33.75,20176
2019-08-02,32.275,33.7,30.875,32.75,43749
2019-08-05,29.575,31.3375,28.9,30.375,104693
2019-08-06,31.65,32,28.375,29.2375,49900
2019-08-07,30.6625,32,30.1,31.3375,23290
2019-08-08,31.8625,32,30.025,30.6125,12697
2019-08-09,32.025,32.75,31.5,31.8625,45786
2019-08-13,31.5125,32.9375,30.75,31.975,29054
2019-08-14,32.125,32.5,31.3875,31.875,15238
2019-08-16,32.75,33.5,31.25,31.25,26000
2019-08-19,32.4,33.2375,32.225,32.425,6656
2019-08-20,31.9375,33.5,31.775,33.5,25581
2019-08-21,32.5,32.7875,31.6375,32.125,54997
2019-08-22,33.3125,33.7375,31.25,32.25,63728
2019-08-23,33.3875,33.5,30.575,32,31396
2019-08-26,34.7375,35.4875,32.425,33.2375,23387
2019-08-27,36.5875,37,34.4,35.125,26477
2019-08-28,35.525,36.5,34.9875,36.5,50899
2019-08-29,35.725,36.5,35.025,35.6125,15757
2019-08-30,35.9125,36.2375,35.0875,35.775,10502
2019-09-03,34.0875,35.65,33.8875,35.65,17740
2019-09-04,36.1,37.4875,33.875,33.875,12441
2019-09-05,38.1125,39.975,35.5125,35.5125,35776
2019-09-06,40.7625,41.5,38.25,38.25,45286
2019-09-09,41.575,43.1875,40,40.7625,37656
2019-09-11,42.5125,43.525,40.5,40.5,38081
2019-09-12,41.0625,43.25,40.6,42.4875,22380
2019-09-13,41.6875,42.95,38.7875,41.25,43010
2019-09-16,41.225,42.425,40.0375,42.425,33004
2019-09-17,40,41.8,39.525,41.475,22871
2019-09-18,39,40.9875,38.7625,40,13905
2019-09-19,38.7375,40.1125,38.225,39.025,21033
2019-09-20,39.85,40.5125,37.5875,39.0125,58470
2019-09-23,41.4875,42.5,39.85,39.85,69406
2019-09-24,41.5625,42.95,40.1375,41.25,35940
2019-09-25,41,42.5,40.075,42.25,29491
2019-09-26,41.0625,42.175,40.325,40.775,35192
2019-09-27,40.4375,41.1125,40.25,40.5125,18079
2019-09-30,40.925,41.95,40,41.95,24661
2019-10-01,40.0125,41.25,39.25,40.95,20981
2019-10-03,39.05,39.8125,38.75,39.0375,15856
2019-10-04,38.9375,39.4875,38.6625,39.15,20215
2019-10-07,37.4625,38.7875,37,38.775,24566
2019-10-09,34.3125,38.125,34.0125,38.125,59174
2019-10-10,33.8,35.5,32.9,34.5,35290
2019-10-11,32.5625,34,32,33.9875,58056
2019-10-14,32.2875,34.525,32.025,32.9875,134887
2019-10-15,34,34.7125,32,32.75,43585
2019-10-16,33.7125,34.525,33.25,34.5,14852
2019-10-17,35.8625,36.875,33.475,33.6625,40054
2019-10-18,36.3,37.25,35.5125,37.25,60146
2019-10-22,35.375,37.5,34.6125,35.55,39215
2019-10-23,35,35.4875,34.125,35.4875,29614
2019-10-24,35.7625,36.2375,34.5375,35.0125,63173
2019-10-25,34.675,36.25,32.625,36.25,113486
2019-10-28,34.4625,36.2375,33.8875,36.2375,8953
2019-10-29,34.975,35.4875,33.375,33.5,50898
2019-10-30,34.475,35.4625,34,35.4625,91114
2019-10-31,35.3,36.125,34,34.975,22454
2019-11-01,33.8875,35.5125,33.5125,35.5125,37304
2019-11-04,34.375,34.725,33.5,33.6625,22737
2019-11-05,33.975,34.4875,33.375,34.475,18519
2019-11-06,33.175,35,32.75,34.1125,27810
2019-11-07,33.2125,33.7375,32.3875,33.25,26051
2019-11-08,32.5875,33.4875,32.475,33.25,41053
2019-11-11,32.3875,33.15,31.5875,32,37948
2019-11-13,32.3,33.0875,32,32.25,29418
2019-11-14,32.1375,32.9125,32,32.3625,21340
2019-11-15,32.9,33.3,32,32.1625,56321
2019-11-18,35.1875,35.6,32.9375,32.9375,71374
2019-11-19,36.55,38.25,35.625,35.75,119378
2019-11-20,37.725,38.5625,36.3125,36.85,56231
2019-11-21,39.9625,40.4125,37.1,38.15,76154
2019-11-22,39.05,41.075,38.75,40.3875,39828
2019-11-25,37.95,39.925,37.525,39.025,32648
2019-11-26,39.075,40,37.775,38.2875,34682
2019-11-27,38.4,39.75,37.9125,39.75,24935
2019-11-28,37.7125,38.275,37.35,38.275,12953
2019-11-29,37.6375,38.25,37.0375,37.725,28811
2019-12-02,37.5375,37.8875,35.95,37.2625,22955
2019-12-03,36.8375,37.325,36.7375,37.2625,10929
2019-12-04,36,36.8875,35.5875,36.775,27259
2019-12-05,35.3375,36.125,35.0875,36.125,53738
2019-12-06,33.7375,36.2375,33.4125,35.7375,51930
2019-12-09,35.3,36.5,32.7375,34.875,32931
2019-12-10,33.05,35.95,32.75,35.875,54815
2019-12-11,31.9625,33.3875,31.75,32.75,67698
2019-12-12,32.0875,33.625,32,32.25,58798
2019-12-13,32.3,32.9375,31.95,32.425,70964
2019-12-16,33.7125,33.9125,32.075,32.5,39680
2019-12-17,33.4625,34.375,33.25,33.875,28959
2019-12-18,33.325,33.9125,33.25,33.9125,17133
2019-12-19,33.375,33.85,33,33.25,10311
2019-12-20,33.075,33.4875,33,33.2625,6672
2019-12-23,32.5375,33,32.5,32.7625,25783
2019-12-24,33.0875,33.475,32.5375,32.7625,13657
2019-12-26,34.25,35.125,32.625,33.475,23040
2019-12-27,33.8375,35,33.75,34.375,10296
2019-12-30,33.375,34.5,32.8,34,24210
2019-12-31,33.2625,34.95,33,34.25,43598
2020-01-01,32.875,34.0875,32.5,33.7375,43154
2020-01-02,34.55,35.2375,32.75,33.225,108185
2020-01-03,34.8125,35.975,34.2625,34.2625,68311
2020-01-06,33.5125,34.75,33.375,34.75,28047
2020-01-07,33.5375,34.2,33.2125,34.2,17909
2020-01-08,33.55,33.8,32.5,32.5,26426
2020-01-09,35.0375,35.6375,33.775,34.6,63205
2020-01-10,35.1,35.9125,35,35.25,26436
2020-01-13,35.3,35.975,34.95,35.1625,23493
2020-01-14,35.325,36.225,34.1375,35.425,48253
2020-01-15,37.15,37.75,34.2875,35.35,106342
2020-01-16,39.1,40.5875,37.475,37.5,122212
2020-01-17,38.275,40.2,37.875,39.4,43873
2020-01-20,38.4125,39.375,37.9875,38.275,31335
2020-01-21,37.25,38.975,37,38.625,27577
2020-01-22,40.5125,41.25,39,41.2375,352138
2020-01-23,41.5625,42.1125,39.0375,40.625,82041
2020-01-24,41.2125,42.2,40.75,41.275,32522
2020-01-27,40.125,41,39.7625,40.75,26356
2020-01-28,39.175,41.9875,38.6625,40.375,64559
2020-01-29,36.65,40.1875,35.6375,39.2375,83164
2020-01-30,36.925,37.4375,35.3125,36.8875,74613
2020-01-31,38.5375,39.95,37.675,38.5,127090
2020-02-03,36.3125,38.725,35.75,37.4875,54673
2020-02-04,36.8,38,36.4875,36.4875,33606
2020-02-05,36.5,37.2,35.75,37.2,40319
2020-02-06,37.7375,38.5,36.2875,36.3,36655
2020-02-07,37.7125,38.125,37.0625,37.0625,18025
2020-02-10,36.8,37.975,36.7,37.975,26646
2020-02-11,36.925,38.125,35.8375,36.5875,37454
2020-02-12,37.775,38.3,36.0625,36.8125,34345
2020-02-13,38.2125,39.9875,37.775,39.0375,72064
2020-02-14,37.9125,38.2125,37.325,37.65,25440
2020-02-17,37.175,38,36.7875,37.7,21161
2020-02-18,36.8375,37.25,36.25,37,17190
2020-02-19,39.1125,39.3625,36.75,36.8375,76813
2020-02-20,40.85,41.225,38.45,39.2375,102551
2020-02-24,40.1125,41.8,39.5125,39.5125,44973
2020-02-25,41.575,47.4375,39.775,40.025,734765
2020-02-26,43.325,44.75,40.325,40.9375,184563
2020-02-27,43.1375,44.25,41.75,43.4125,85011
2020-02-28,38.9875,42.325,37.8125,41.25,125911
2020-03-02,39.8875,41.25,39.3875,40,50368
2020-03-03,39.7375,40.225,37.9375,40.0125,56997
2020-03-04,38.65,40.65,37.5,40.65,55193
2020-03-05,36.8875,38.7875,36.5125,38.7375,55561
2020-03-06,36.9,37.25,35,35,42988
2020-03-09,32.9875,36.2,31.2375,36.2,83116
2020-03-11,33.25,34.3875,33.0625,34.2125,24179
2020-03-12,27.725,32.425,27.45,29.7375,89371
2020-03-13,30.4625,31.4875,22.25,26.75,191828
2020-03-16,27.875,29.9625,26.25,27.625,91223
2020-03-17,25.675,28.3375,24.775,27.75,66340
2020-03-18,23.9125,26.5,23,25.25,100764
2020-03-19,24.025,27.25,23,23.9,76758
2020-03-20,25.675,28.7,23.7375,24.0625,127478
2020-03-23,22.0625,28.75,21.2375,21.25,93042
2020-03-24,21.8375,23.95,21.3,23.8625,73732
2020-03-25,23.05,23.4875,22.1125,22.7375,24343
2020-03-26,26.2,26.525,23.1375,23.625,68500
2020-03-27,26.3625,28,25.325,28,33506
2020-03-30,25.4625,27,24,26.2375,43388
2020-03-31,26.1875,26.8,24.75,26.8,44971
2020-04-01,26.0125,27.475,25.775,26.475,24010
2020-04-03,25.5125,26,25.025,25.9125,21727
2020-04-07,27.15,30.525,25.575,25.575,36467
2020-04-08,27.8625,29.4625,27.5125,28.25,22955
2020-04-09,29.025,30.25,28.75,30.25,16480
2020-04-13,28.5625,29.5,27.0625,29.5,42611
2020-04-15,27.2375,29.7,26.75,29.475,32798
2020-04-16,28.9625,29.225,27.15,27.375,24550
2020-04-17,29.75,29.875,29.2625,29.4875,33439
2020-04-20,31.0875,32.25,29.125,29.125,50284
2020-04-21,31.875,34.75,31.2125,31.975,169100
2020-04-22,30.25,32.475,29.7875,32.375,57974
2020-04-23,30.3875,31.6125,30.1,31,32738
2020-04-24,28.625,30.425,28.375,30,48372
2020-04-27,30.275,30.7625,27.8875,28.65,62622
2020-04-28,31.2625,31.575,30.1125,30.475,57366
2020-04-29,31.025,31.6375,30.55,31.5,24565
2020-04-30,30.3625,32,30.125,31.125,22334
2020-05-04,29.5125,29.8625,28.2375,29.2375,53216
2020-05-05,29.7,32,29.0875,30.75,139499
2020-05-06,29.2,30.2375,28.75,29.7,40772
2020-05-07,28.8375,29.2625,28.55,29,25813
2020-05-08,28.475,29.6625,28.2125,29.425,30841
2020-05-11,28.1625,28.9875,28.0125,28.8,21515
2020-05-12,28.225,28.3375,27.3375,28.0125,38529
2020-05-13,28.6375,29.25,28.275,28.5,49997
2020-05-14,28.125,28.6375,27.8125,28.6375,11012
2020-05-15,29.4,29.6,27.3875,27.9125,55476
2020-05-18,26.6125,29.5,26.0875,29.25,127409
2020-05-19,27.1375,27.75,26.6375,27.2,29639
2020-05-20,27.475,27.75,27.075,27.1375,12776
2020-05-21,27.8875,28.2375,27.275,27.4625,31178
2020-05-22,28.2875,28.75,27.975,28.7125,68495
2020-05-26,29.125,29.85,28.4125,28.75,97775
2020-05-27,28.9125,29.375,28.2625,29.25,33843
2020-05-28,28.85,29.625,28.375,29.625,25092
2020-05-29,28.6625,29.125,28.425,29.1125,42719
2020-06-01,28.825,29.3625,28.75,29,49359
2020-06-02,28.9375,29.3625,28.5125,29.3625,51851
2020-06-03,30.025,30.525,28.9875,29.1125,124109
2020-06-04,29.3375,30.375,29.25,30.2,30600
2020-06-05,30.4375,31.2375,29.6,29.725,87962
2020-06-08,31.125,31.5,30.45,31.2375,67922
2020-06-09,30.9375,32.25,30.75,31.5,72175
2020-06-10,31.55,31.7375,30.45,31.075,58354
2020-06-11,32.225,33.5,31.05,31.55,131594
2020-06-12,32.95,33.2375,30.9,31.4875,68484
2020-06-15,33.15,33.75,32.5,33.25,39560
2020-06-16,32.4625,33.9875,31.85,33.4875,63722
2020-06-17,32.3125,33.25,31.9625,32.5,32201
2020-06-18,33.225,33.75,31.825,32.0875,47545
2020-06-19,33.05,33.75,32.9875,33.3625,48884
2020-06-22,33.8375,35.9625,33.5,33.625,114654
2020-06-23,34.125,34.975,33.4875,34,52853
2020-06-24,33.5,34.875,32.9,34.0125,95890
2020-06-25,33.5,33.9375,32.9625,33.5,28474
2020-06-26,33.8,35,33.25,33.9875,157156
2020-06-29,34.3125,35.25,33.0125,34.5,243673
2020-06-30,35.4,36.225,34.25,34.325,151147
2020-07-01,34.7875,35.8125,34.75,35.8125,46252
2020-07-02,35.5,35.75,34.95,35.225,50753
2020-07-03,35.1375,35.7375,35.0125,35.55,32254
2020-07-06,35.2125,35.7375,35.075,35.2,39803
2020-07-07,33.925,36.25,33.5625,35.9,154842
2020-07-08,34.55,35.25,33.275,34.25,51894
2020-07-09,34.325,35.3375,34.0375,34.0375,23469
2020-07-10,37.8,39.75,35.1875,35.25,392345
2020-07-13,36.975,38.325,36.5625,38.325,98692
2020-07-14,35.3625,36.95,35.025,36.95,63595
2020-07-15,36.9625,38.225,35.5,35.625,142096
2020-07-16,36.725,37.7375,36.5,37.4375,44657
2020-07-17,36.9,37.4875,36.425,37.1125,38539
2020-07-20,37.675,38.75,37.275,37.5,106552
2020-07-21,37.4875,38.4625,37.2375,37.575,45534
2020-07-22,36.8125,37.875,36.75,37.625,41427
2020-07-23,38,38.25,37,37,66096
2020-07-24,39.7375,42.325,37.2875,37.2875,305765
2020-07-27,43.9375,46.0375,40,42.125,748072
2020-07-28,43.15,46.625,42.6375,44.9625,274381
2020-07-29,42,43.7125,41.5875,42.5,108269
2020-07-30,42.1375,43.6125,41.7625,42.4625,58129
2020-07-31,41.7,43.425,40.875,42.4875,103768
2020-08-03,41.8,42.775,41.3875,42.1375,47517
2020-08-04,46.65,47.225,42,42,450424
2020-08-05,44.8875,47.675,44.5,47.125,180499
2020-08-06,43.9875,46.0125,43.75,45.475,70990
2020-08-07,45.975,46.25,44,44.375,204114
2020-08-10,45.7875,47,45.1,45.2625,148350
2020-08-11,45.375,47.225,44.875,47.225,124916
2020-08-12,46.2625,46.875,44.275,44.9375,80794
2020-08-13,47.0875,48.725,46.5,47.45,155970
2020-08-14,45.7625,47.625,45.0375,47.15,82869
2020-08-17,46.625,47.775,45.275,47.5,116571
2020-08-18,45.7875,47.3625,45.6125,47.225,71768
2020-08-19,46.8625,48,45.575,45.775,648933
2020-08-20,47.775,48,46.225,46.9875,141923
2020-08-21,47.425,48.25,47.1125,48.0875,82766
2020-08-24,49.325,51.6125,47.5,47.5,726169
2020-08-25,48.95,51.05,48.25,49.725,134385
2020-08-26,49.65,50.925,48.5125,49,139861
2020-08-27,48.7,49.975,48.625,49.8625,55218
2020-08-28,47.525,49.1125,46.275,48.725,100827
2020-08-31,46.175,49.575,45.6375,48.0125,299395
2020-09-01,47.375,47.75,45.75,46.75,58677
2020-09-02,47.95,48.9125,47,47.6125,60348
2020-09-03,48.2625,48.7,47.975,48.1875,31400
2020-09-04,48.175,49,47.0125,47.5,74857
2020-09-07,49.85,51.4875,46.75,47.25,143818
2020-09-08,48.925,51.2875,48.55,51.2375,143178
2020-09-09,49.375,50.75,47.1375,48.725,112771
2020-09-10,50.725,51.15,49.95,50.475,213402
2020-09-11,49.8875,51.0125,49.5,49.9,185383
2020-09-14,52.7875,53.75,50.575,51.25,334731
2020-09-15,54.15,54.75,52.8875,53.5,187449
2020-09-16,53.8,55.5,53.4,54.4125,98306
2020-09-17,54.2625,54.8375,53.4375,53.5,41178
2020-09-18,52.85,55.1,52.4875,55.1,56216
2020-09-21,51.1125,54.25,49.5,53.75,116485
2020-09-22,51.6625,52,47.525,51,128649
2020-09-23,52.725,53.975,51.925,51.925,139677
2020-09-24,50.7625,52.4625,50.1375,52.4625,70764
2020-09-25,54.3375,55.425,50.875,51,256358
2020-09-28,54.225,54.8875,53.7875,54.7375,94811
2020-09-29,55.9875,56.5,54.2625,54.5875,249191
2020-09-30,54.4125,56.55,53.8375,56.2375,136177
2020-10-01,60.675,64,54.1,54.75,537618
2020-10-05,60.4,61.8,58.825,60.475,183690
2020-10-06,60.3,64.5,59.5,60.45,476072
2020-10-07,57.175,60,56.525,59.525,188614
2020-10-08,57.5,58.5,55.5,57.325,223943
2020-10-09,57.225,59.4,56.725,57.5,151687
2020-10-12,57.5,58.9,56.175,57.8,121687
2020-10-13,58.975,59.9,56.875,56.875,172990
2020-10-14,59.7,60,58,60,160103
2020-10-15,57.45,60.5,57.025,59.5,184291
2020-10-16,59.125,59.5,57.65,57.65,117704
2020-10-19,61.25,63.9,59.15,60,339899
2020-10-20,63,65.4,61.325,61.5,1682950
2020-10-21,61.075,64,60,63.6,543718
2020-10-22,60.575,62,60.15,60.95,172183
2020-10-23,60.925,62.4,60.625,60.675,154323
2020-10-26,58.025,61.85,57.55,61.85,192146
2020-10-27,56.725,58.5,55.75,58.25,165568
2020-10-28,56.225,58.5,55.75,57.9,153943
2020-10-29,58.025,59.45,54.55,56.05,152923
2020-10-30,57.675,58.75,57.025,58,89988
2020-11-02,56.6,57.875,55.825,57.675,53335
2020-11-03,57.225,57.7,56.325,56.9,73395
2020-11-04,56.075,57.525,55.55,57.525,51503
2020-11-05,57.875,58.4,56.5,56.5,122779
2020-11-06,56.725,57.975,56.525,57.875,55421
2020-11-09,56.475,58.275,56.125,57.15,123013
2020-11-10,55.075,57.75,54.675,56.575,160398
2020-11-11,55.45,56.85,54.6,55.075,128847
2020-11-12,55.975,56.625,54.225,55.75,168389
2020-11-13,56.225,56.725,55.25,55.95,203921
2020-11-16,56.85,57.15,56.5,56.725,102645
2020-11-17,56.85,58,56.5,57.4,316737
2020-11-18,60.4,60.975,56.675,56.975,457100
2020-11-19,60.1,64.75,59.5,60.5,1359727
2020-11-20,60.65,61.25,59.65,60.45,156250
2020-11-23,61.375,63.75,61.25,62.5,251182
2020-11-24,60.975,61.85,59.55,61.65,155181
2020-11-25,59.35,62.5,59.225,62.25,210434
2020-11-26,59.775,60.35,59.15,60,92309
2020-11-27,60.475,62.05,59.5,59.5,123775
2020-12-01,59.85,61.45,59.475,60,124911
2020-12-02,58.75,60.15,58.525,59.75,99578
2020-12-03,60.575,61,59.575,59.95,251176
2020-12-04,60.125,61.45,59.775,61.3,116525
2020-12-07,59.175,60.75,58.9,60.75,132427
2020-12-08,58.275,60.075,57.975,59.075,126105
2020-12-09,58.775,59.8,58.55,58.975,104711
2020-12-10,58.675,59.4,57.625,59,127461
2020-12-11,60.525,62.2,57.725,59.45,890454
2020-12-14,62.125,62.625,61.15,61.85,450858
2020-12-15,61.525,62.6,61,62.425,198350
2020-12-16,61.35,62.25,60.325,61.15,140624
2020-12-17,60.475,61.75,60.125,61.75,121568
2020-12-18,59.85,60.975,59.075,60.25,108370
2020-12-21,54.375,60.925,51.8,59.85,286445
2020-12-22,55.275,56.2,52.3,52.75,213726
2020-12-23,57.75,58.05,55.5,56.95,138389
2020-12-24,57.1,58.85,56.725,57.75,103231
2020-12-28,58.325,59.475,57.25,58,125382
2020-12-29,58.075,59.75,57.075,58.5,131967
2020-12-30,58.375,59.25,57.425,58.25,92178
2020-12-31,58.975,59.9,58,58.275,179325
2021-01-01,60.525,61.25,59,59,234542
2021-01-04,63.625,64.8,61,62.025,753735
2021-01-05,66.375,67.4,62.5,63.475,1479109
2021-01-06,69.175,70.025,65.85,66.25,1550048
2021-01-07,69.95,72,69.55,71.25,578105
2021-01-08,68.025,71,67.4,71,362098
2021-01-11,67.15,69.75,66.5,69,255800
2021-01-12,68.95,70.6,67.125,67.15,375200
2021-01-13,66.85,69.5,64.75,69.45,347317
2021-01-14,70.35,71.5,66.95,67.2,837264
2021-01-15,72.45,73.5,69.825,70.75,1376946
2021-01-18,68.925,73.375,66,73.025,668554
2021-01-19,70.675,71.9,70.075,70.1,329803
2021-01-20,70.55,71.925,70.25,70.675,215715
2021-01-21,71.925,73.825,70.6,71.05,732165
2021-01-22,66.55,74.5,65.75,72.725,1371639
2021-01-25,69.225,75.5,64.125,68.525,2747460
2021-01-27,72.425,74.5,69,71,1196942
2021-01-28,72.225,73.25,71,71.725,296922
2021-01-29,71,72.95,69.05,72.55,276907
2021-02-01,70.775,72.225,68.825,71.475,326434
2021-02-02,70.525,72.575,69.925,72.25,238573
2021-02-03,69.825,72,69.4,72,221451
2021-02-04,68.85,70.75,68.525,69.825,210523
2021-02-05,66.875,69.55,65,69.3,299219
2021-02-08,68.275,68.8,67,68.05,213387
2021-02-09,66.125,68.975,64.75,68.5,323158
2021-02-10,65.6,67.125,64.75,66.2,204237
2021-02-11,65.9,66.475,63.2,65.8,191913
2021-02-12,65.1,66.95,64.9,66.2,127755
2021-02-15,63.15,66.2,62.775,65.1,254028
2021-02-16,63.8,64.9,63.15,63.15,168593
2021-02-17,66.55,67.45,64.05,64.125,436916
2021-02-18,67.375,69,66.3,66.7,710809
2021-02-19,67.025,69,66.375,67.2,356009
2021-02-22,64.125,67.85,63.75,67.5,231076
2021-02-23,62.7,65,61.65,63.55,184512
2021-02-24,63.025,64.5,57.5,62.5,146134
2021-02-25,62.725,64.2,62.4,63.2,211881
2021-02-26,62.425,64.45,61.725,62.7,465285
2021-03-01,65.925,67.35,62.65,63.35,555761
2021-03-02,67.275,68.35,64,66.45,443107
2021-03-03,69.725,70.95,66.6,67.65,1184760
2021-03-04,73.2,77.5,71.5,72,4791413
2021-03-05,71.85,76.4,69.05,74.4,1286865
2021-03-08,70.775,73.375,69.6,72.425,466353
2021-03-09,69,72.5,68.4,70.825,332552
2021-03-10,67.8,70.7,67.5,70.2,229336
2021-03-12,68.55,70.2,68,68.25,360377
2021-03-15,68.35,69.3,67.75,68.9,276674
2021-03-16,69,70.175,67.475,68.375,178211
2021-03-17,68.725,71.675,67.6,69.475,562707
2021-03-18,65.9,70.125,65.05,69.025,320389
2021-03-19,66.125,67.4,63,65,365716
2021-03-22,68.125,69.125,65.675,66.125,273043
2021-03-23,68.625,69.5,67.225,68.75,188461
2021-03-24,66.625,68.475,66.25,67.95,206636
2021-03-25,64,67.4,63.25,67.4,140174
2021-03-26,63.775,66,62.675,66,207600
2021-03-30,64.15,65.725,63.775,64.275,145693
2021-03-31,63.925,66,63.4,64.475,170931
2021-04-01,67.6,68.95,64.2,64.2,407247
2021-04-05,64.575,68.1,61.025,67.7,681441
2021-04-06,64.725,66.1,64.25,64.9,148679
2021-04-07,65.8,66.4,64.825,65.05,180374
2021-04-08,67.375,67.75,65.7,66.15,319783
2021-04-09,69.575,71.95,69.25,71.75,1782315
2021-04-12,65.875,69.025,65,69,336600
2021-04-13,68.125,69,65.5,65.5,330497
2021-04-15,66.475,67.975,66.05,67,137681
2021-04-16,66.725,69.1,66.1,68.05,341884
2021-04-19,63.625,65.625,62.5,65.625,234766
2021-04-20,63.8,68.5,63.3,64,203257
2021-04-22,64.425,64.925,63.65,64.5,159535
2021-04-23,64.525,65.4,64.125,64.5,139381
2021-04-26,66.075,67.25,64.85,64.85,227794
2021-04-27,66.45,66.975,65.95,66.65,101087
2021-04-28,72.075,76.95,65.75,66.55,2234254
2021-04-29,71.95,74.85,70.575,72.6,960959
2021-04-30,75.125,76.75,71.2,71.2,1902929
2021-05-03,84.725,86.35,74.3,75.15,6420220
2021-05-04,79.2,86.775,78.5,86.475,1915391
2021-05-05,82.35,83,79.05,80.45,601742
2021-05-06,80.7,83.525,79.375,83,339132
2021-05-07,81.825,83.85,80.625,81.5,351251
2021-05-10,82.975,85.95,82,83.775,712162
2021-05-11,87.975,89.1,83.375,84.025,1586452
2021-05-12,86.925,89.825,86.025,88.675,689294
2021-05-14,84,88,82.5,87.625,702160
2021-05-17,86.375,87,83.75,85.025,467550
2021-05-18,87.2,88.35,86.5,87.225,449573
2021-05-19,89.8,92,88.525,89,1214250
2021-05-20,89.475,92.5,88.5,90.525,719767
2021-05-21,90.95,93.275,89.25,91,1019070
2021-05-24,86.375,93.4,85.025,92.5,3672141
2021-05-25,86.45,88.4,85,87.325,777155
2021-05-26,87.7,89.325,86.3,86.6,813515
2021-05-27,86.9,88.725,85.5,88.5,488135
2021-05-28,82.95,87.575,82.55,86.475,832518
2021-05-31,83.85,85.375,82.95,82.95,332411
2021-06-01,81.4,84.95,81.1,83.85,276423
2021-06-02,82.725,83.125,81.75,82.05,309624
2021-06-03,82,84.5,81.55,83.275,417015
2021-06-04,81.5,82.575,81,82.35,317638
2021-06-07,84.65,86.85,80.225,80.5,2455749
2021-06-08,85.5,86.75,83.5,85.225,687152
2021-06-09,83.65,88.25,83.025,86.15,1440625
2021-06-10,84.775,85.5,82.675,84.325,486160
2021-06-11,83.925,86.2,83.15,85.5,439112
2021-06-14,82.525,84.05,81,83.85,357993
2021-06-15,85.25,86,83,83.175,581742
2021-06-16,83.7,86.35,83.5,85.75,303804
2021-06-17,83.85,85.05,82.35,83.25,349669
2021-06-18,82.825,85.225,79.35,85,457101
2021-06-21,83.075,83.475,80.25,81,243434
2021-06-22,83.2,84.375,83.025,83.725,177408
2021-06-23,84.85,86.2,82.725,83.5,578111
2021-06-24,88.6,90.2,85.025,85.425,3294759
2021-06-25,88.975,91.175,88.5,89.5,825491
2021-06-28,87.85,89.625,87.025,89.625,550275
2021-06-29,85.425,88,84.8,87.85,328609
2021-06-30,86.8,88.85,85.825,86.4,635798
2021-07-01,91.025,93.7,85.725,87.35,3154537
2021-07-02,89.775,92.4,89.5,91.6,764258
2021-07-05,89.8,91.4,88.775,89.875,475439
2021-07-06,90.95,93.175,89,90.45,1643771
2021-07-07,92.4,95.75,90.75,91.25,3700453
2021-07-08,93.375,97.5,92.6,93.7,2464778
2021-07-09,92.425,94.575,91.5,93.825,644359
2021-07-12,92.3,94.85,91.775,93.2,435645
2021-07-13,94.1,95.55,92.15,92.975,842332
2021-07-14,95.3,96.75,94.1,94.25,809557
2021-07-15,93.775,96.75,93.275,95.7,482975
2021-07-16,93.175,94.8,92.55,94.25,295949
2021-07-19,91.65,94.4,90.55,92.5,414123
2021-07-20,89.325,93.025,86.6,92.975,477412
2021-07-22,92.425,93.2,90.5,90.925,426713
2021-07-23,92.6,93.45,90.75,92.3,319472
2021-07-26,93.675,96.5,92.7,92.75,893549
2021-07-27,94.675,95.975,93.2,94.425,542085
2021-07-28,92.325,96.35,91.025,95.4,995928
2021-07-29,95.775,97.225,92.5,93,1226680
2021-07-30,97.05,98.55,95.775,96.45,1999882
2021-08-02,94.7,100.8,93.05,99.25,1866259
2021-08-03,95.125,96.7,93.25,94.9,795221
2021-08-04,96.45,100.5,95.2,95.85,2183865
2021-08-05,95.375,98.175,94.625,97.6,651989
2021-08-06,95.125,96.825,95.05,95.375,251071
2021-08-09,95.125,97.75,94.65,96.925,399501
2021-08-10,88.625,97,87.3,95.775,668910
2021-08-11,87.4,90.125,84.5,89.125,703523
2021-08-12,92.575,94,87.8,88.125,531648
2021-08-13,91.15,94.35,90.425,92.65,356742
2021-08-16,88.725,91.6,88.1,91.6,306372
2021-08-17,87.25,89.65,87,89.425,206363
2021-08-18,86.1,88.5,85.375,87.95,252336
2021-08-20,83.925,87.7,82.55,83.5,472222
2021-08-23,79.525,84.75,77.625,83.925,910259
2021-08-24,80.975,81.4,78,79.5,550590
2021-08-25,81.875,83.45,81.475,81.5,288533
2021-08-26,83.225,84.4,81.2,82.375,388339
2021-08-27,82.375,83.5,81.5,83.5,149238
2021-08-30,85.2,86.5,82.5,82.75,384619
2021-08-31,91.425,93.9,84.15,85.025,1611904
2021-09-01,88.5,92.7,88.05,91.525,393007
2021-09-02,92.4,93.4,88.05,88.05,541572
2021-09-03,90.025,93.05,89.65,92.4,309832
2021-09-06,86.8,91.475,86,90.975,514022
2021-09-07,86.925,89,86.35,87.35,252988
2021-09-08,87.1,88.95,86.625,86.925,200722
2021-09-09,88.4,89.65,86.35,87.5,304162
2021-09-13,88.325,90.075,88.05,88.45,315338
2021-09-14,88.8,89.85,88.525,89.35,160489
2021-09-15,88.6,89.8,88.25,89.8,149040
2021-09-16,87.725,89.575,85.5,89,307426
2021-09-17,90.775,92.45,86,88.375,631410
2021-09-20,87.675,90.5,86.55,86.55,444581
2021-09-21,86.575,87.975,85.575,87.675,215477
2021-09-22,86.875,87.9,86.225,86.625,189498
2021-09-23,86.975,88.425,86.75,88.275,157632
2021-09-24,86.2,88.175,86,87.7,207756
2021-09-27,86.35,87.475,85,87.475,194899
2021-09-28,86.8,87.45,86,86.85,149072
2021-09-29,87.125,88.375,85.5,85.5,197811
2021-09-30,86.625,88.7,86.05,88.1,214238
2021-10-01,85.075,87,84.45,87,340246
2021-10-04,85.15,87.075,84.4,87,388228
2021-10-05,85.425,86.5,85.075,85.45,289798
2021-10-06,84.45,86.775,84.25,86.3,355310
2021-10-07,84.5,85.35,83.7,85.35,278774
2021-10-08,84.725,87.325,84.425,84.525,331543
2021-10-11,85.925,86.7,85,85.5,301806
2021-10-12,86.85,87.3,85.75,86.225,286729
2021-10-13,89.775,90.975,87.275,87.5,965052
2021-10-14,88.725,91.35,88.25,91,374248
2021-10-18,89.425,91.525,88.825,89.5,504213
2021-10-19,87.15,90.9,86.175,89.925,362510
2021-10-20,84.65,87.5,84,86.975,278014
2021-10-21,84.475,85.9,82.8,84.975,312143
2021-10-22,84.9,85.7,84,85.15,197681
2021-10-25,84.05,85.225,82.55,85.225,186220
2021-10-26,84.15,85.3,83,84.5,203296
2021-10-27,87.075,88.475,83.65,84.3,463943
2021-10-28,83.35,87.1,83.05,87.1,317297
2021-10-29,82.175,84.375,81.75,84,336032
2021-11-01,85.5,86.4,81.5,82.175,643999
2021-11-02,84.775,87.4,84.325,86.15,368125
2021-11-03,84,86.05,83.525,85.425,198012
2021-11-04,85.775,86,84.4,84.65,76128
2021-11-08,84.225,86.175,83.6,86.125,168594
2021-11-09,85.5,86.175,84.425,84.95,267021
2021-11-10,86.35,87.225,85.2,85.9,462646
2021-11-11,88.4,89.95,86.325,86.35,628458
2021-11-12,88.7,89.9,87.9,88.4,293318
2021-11-15,87.65,89.8,86.825,89.325,242609
2021-11-16,87.225,89.2,86.45,87.925,183082
2021-11-17,88.575,88.975,86.5,86.975,223094
2021-11-18,84.85,89,83.9,89,300714
2021-11-22,82.575,85.975,81.9,85,303981
2021-11-23,84.025,84.475,81.6,82.5,146414
2021-11-24,85.675,86.55,83.975,84.375,214518
2021-11-25,85,86.7,84.55,86.25,93154
2021-11-26,81.55,85.275,81.1,83.975,188040
2021-11-29,79,81.6,77.5,81.55,167093
2021-11-30,79.25,81.35,78.6,79.3,120075
2021-12-01,78.675,80.475,77.925,79.65,123150
2021-12-02,79.725,80.25,78.6,79.025,96094
2021-12-03,80.5,81.375,79.5,80.125,122814
2021-12-06,79.05,81.7,78.75,80.55,78321
2021-12-07,81.5,85,79.075,79.35,107310
2021-12-08,81.55,84.45,80.575,83.475,185108
2021-12-09,80.75,83.7,80.35,83.5,221150
2021-12-10,82.425,82.8,80.75,81.175,205256
2021-12-13,82.5,84,81.8,83.05,164592
2021-12-14,81.275,82.825,81.025,82.475,105907
2021-12-15,81.125,82.75,80.275,81.15,126926
2021-12-16,81.375,83.75,81,82.3,193857
2021-12-17,79.875,81.7,79.6,81.45,95323
2021-12-20,75.825,79,75.025,79,216303
2021-12-21,78,78.775,76.4,76.4,120557
2021-12-22,79.8,80.475,78.375,78.4,88943
2021-12-23,80.6,81.5,80.25,80.25,88933
2021-12-24,80.425,81.575,79.5,81.25,65894
2021-12-27,82.5,83.375,78.35,80.475,239204
2021-12-28,82.425,84.925,81.4,83.15,224620
2021-12-29,81.95,83.45,81.5,82.475,83529
2021-12-30,81.65,82.7,81.5,81.95,74820
2021-12-31,84.675,87.4,81.9,82.075,420347
2022-01-03,83.3,85.45,82.975,85.35,150139
2022-01-04,82.575,84.15,82,83.975,121237
2022-01-05,84.15,85.725,81.525,83,337780
2022-01-06,83.5,84.55,83.15,83.7,134912
2022-01-07,84.6,86.15,83.325,83.5,517989
2022-01-10,87.225,88,85,85.275,543810
2022-01-11,86.65,88.75,86.1,87.875,280166
2022-01-12,86.45,88.9,85.9,87.1,217530
2022-01-13,85.375,87.125,85,87.125,203761
2022-01-14,85.225,87,84.575,85.225,242985
2022-01-17,91.45,91.75,85.15,85.5,2080294
2022-01-18,95.075,97.2,90.075,92.5,3116709
2022-01-19,97.975,99.95,95.625,96,2786684
2022-01-20,95.35,99.35,95,98.6,593018
2022-01-21,92.65,95.55,90.55,94.975,644430
2022-01-24,90.15,95.25,87.075,93.425,824126
2022-01-25,94.65,95.05,87.775,89.5,639579
2022-01-27,108.325,110.4,93.55,94.9,5580208
2022-01-28,104.325,113.5,102.85,110.5,3886016
2022-01-31,107.2,112.5,106,107.35,3144511
2022-02-01,105.675,108.65,102.5,108.25,804465
2022-02-02,98.95,102,97.7,100,1751718
2022-02-03,101.7,103.5,100.1,100.1,906294
2022-02-04,101.25,103.9,100.4,101.7,497922
2022-02-07,97.275,102.25,96.5,101.45,465702
2022-02-08,98.3,99.25,93.575,98.05,513165
2022-02-09,96,99.325,95.075,99.1,295074
2022-02-10,95.025,97.8,94.5,96,415863
2022-02-11,93,96.025,92,93.55,306330
2022-02-14,89.025,93.175,88.475,90.9,461936
2022-02-15,94.8,96.5,88.575,89,517749
2022-02-16,93.625,97,92.975,96.5,332360
2022-02-17,92.85,94.95,92.275,94.1,154017
2022-02-18,93.1,95.975,92,92,270152
2022-02-21,90.45,93.725,89.5,93.575,238407
2022-02-22,87.2,91.15,85.325,87.5,522955
2022-02-23,94.225,97,88.175,88.5,1559752
2022-02-24,88.675,92.6,87.25,89.05,648335
2022-02-25,93.05,94.75,90.1,90.1,388010
2022-02-28,96.85,97.875,91.225,93.05,733864
2022-03-02,101.65,104.5,95.325,95.5,1453733
2022-03-03,98.15,104.5,96.175,103.5,602677
2022-03-04,98.075,102.8,96.025,97,596398
2022-03-07,97.2,99.975,93.6,97.5,627848
2022-03-08,108.925,110.45,97.5,97.5,5913327
2022-03-09,108.65,111.925,105.5,111,2648755
2022-03-10,109.95,113,107.05,109.9,1660414
2022-03-11,119.225,122.15,108.6,109.2,5408767
2022-03-14,118.3,121.95,117.075,120,2268108
2022-03-15,115.625,121.25,112.7,118.5,1332131
2022-03-16,130.375,132.675,116.575,119.7,6952017
2022-03-17,125.825,132.325,125,131.55,2496464
2022-03-21,121.675,127,121,127,490179
2022-03-22,125.925,129.75,122,122,1194083
2022-03-23,123.125,127.7,122.475,126.25,370856
2022-03-24,125.675,127.5,121,121,344661
2022-03-25,124.7,126.825,122.8,126.825,251625
2022-03-28,133.825,134.7,123.1,125.5,972972
2022-03-29,132.875,137.75,131.1,135,942105
2022-03-30,129.75,137.4,128,134,489870
2022-03-31,130.1,132.35,129,129.475,195589
2022-04-01,132.025,134.45,129.55,130.475,305564
2022-04-04,133.5,139.5,131.575,131.75,955540
2022-04-05,131.45,134.875,130.025,133.95,400212
2022-04-06,130.575,132.8,129.5,131.25,287639
2022-04-07,128.2,134.9,124.125,131,382009
2022-04-08,130.7,132,128,128,182574
2022-04-11,146.225,149.825,132.5,132.5,3517560
2022-04-12,148.575,152.5,143.75,147.5,1920106
2022-04-13,158.425,164.825,149.225,149.9,2348265
2022-04-18,166.925,169.45,155.5,158.75,2468042
2022-04-19,176.25,197.075,170.5,170.5,7514919
2022-04-20,177.9,193.35,168.025,185,5179780
2022-04-21,174.3,184.725,172.1,181,1627110
2022-04-22,180.85,187.95,168.675,172.75,2908916
2022-04-25,180.55,187.425,176.575,180.75,1589184
2022-04-26,175.85,185.85,174.25,183.5,993315
2022-04-27,165.8,175.85,165,175.85,850335
2022-04-28,160.025,172.5,157,169.475,1368903
2022-04-29,165.725,167.8,152.925,160.7,1516646
2022-05-02,159.4,165.7,158,165,458031
2022-05-04,164.275,172,159.9,160.875,1295653
2022-05-05,160.225,168.4,159.025,167.675,345445
2022-05-06,155.6,159.95,152.375,155.3,363912
2022-05-09,142.575,154.475,140.2,154,463563
2022-05-10,136.2,147.35,135,142,892625
2022-05-11,145.275,147.5,132.5,135,883929
2022-05-12,141.35,146.5,139.125,146,437652
2022-05-13,153.525,159,142.5,144,1108346
2022-05-16,159.4,161.9,149,151.025,872058
2022-05-17,162.575,163.675,157.025,160.675,471665
2022-05-18,161.7,170,160.05,164,687209
2022-05-19,156.675,162.5,155.025,157.5,509509
2022-05-20,167.4,168.85,159.625,160.25,534942
2022-05-23,164.45,171.3,163,168.5,426887
2022-05-24,164.525,169,161.475,165,291862
2022-05-25,145.4,170,142.675,165.575,872378
2022-05-26,152.175,153.5,140.025,146.5,657760
2022-05-27,151.1,154.95,148.55,154.15,269492
2022-05-30,169.9,172.5,154.05,162.375,2013471
2022-05-31,168.25,174.9,164,166.2,2242305
2022-06-01,163.025,169.9,160.825,167.875,472138
2022-06-02,167.5,169.5,160.175,162.45,445437
2022-06-03,161.275,177,159.35,170.5,1020796
2022-06-06,161.225,165,157.925,162.5,364680
2022-06-07,154.625,161.125,151,161.125,480682
2022-06-08,154.175,158.9,153.4,155.5,227412
2022-06-09,152.9,156,152,152.5,178786
2022-06-10,152.9,154,148.1,149,232656
2022-06-13,144.925,149.925,143,148.1,267806
2022-06-14,147.325,150.425,142.5,142.5,229659
2022-06-15,143.2,150.05,140.675,148.75,199071
2022-06-16,133.825,147.2,132.5,143.75,465852
2022-06-17,125.7,132.325,122.5,132,631024
2022-06-20,113.975,123.5,107.7,122.75,1149625
2022-06-21,119.875,121.475,117.45,118.5,423922
2022-06-22,121.075,122.825,117.5,121,352116
2022-06-23,118.125,122.5,116.55,121.25,236419
2022-06-24,128.125,136.825,120.45,120.45,2045918
2022-06-27,138.725,143.35,126.7,129.3,1961611
2022-06-28,141.8,143,135,138,800108
2022-06-29,138.875,142.2,137.525,140,389583
2022-06-30,141.35,142.675,136.725,137.6,388841
2022-07-01,137.575,141.3,134.025,140,245672
2022-07-04,141.1,144.9,137.975,137.975,493746
2022-07-05,142.975,147,141.675,141.675,414896
2022-07-06,142.25,145.5,140.675,144.05,213598
2022-07-07,152.875,154.875,142.825,143.325,1081254
2022-07-08,150.775,157,148,154,545037
2022-07-11,156.125,157.25,150.5,150.775,371132
2022-07-12,155.9,159.25,154.175,156.475,303263
2022-07-13,152,158.725,150.2,156,227582
2022-07-14,155.425,156.975,152.3,152.5,262797
2022-07-15,154.975,158.25,154.025,155.425,179027
2022-07-18,159.875,163.5,155.95,156,566375
2022-07-19,156.9,159.8,155.75,159.75,240630
2022-07-20,154.425,159.95,152.2,158.5,245455
2022-07-21,153.2,156.575,152.25,154.425,191685
2022-07-22,154.425,156,152.1,154.65,166418
2022-07-25,150.6,154.65,149.175,154.425,191951
2022-07-26,148.925,151.875,145.5,151.15,223327
2022-07-27,146.8,149.375,144.65,147,235253
2022-07-28,149.3,155.475,147.975,147.975,364613
2022-07-29,151.375,152.825,149.675,150.5,153721
2022-08-01,153.925,156,151.4,151.4,308584
2022-08-02,151.95,155.925,151.25,153.925,197755
2022-08-03,148.575,151.95,147,151.5,170473
2022-08-04,148.2,152.25,147.05,149.5,210392
2022-08-05,148.075,150.55,147.25,148.85,160053
2022-08-08,149.575,155,148.5,148.5,541769
2022-08-10,153.575,155,148.575,150.95,401935
2022-08-11,154.85,158.5,152.65,154.45,415917
2022-08-12,146.475,149,145,149,679191
2022-08-16,144.425,149.5,142,149.5,423412
2022-08-17,146.65,147.4,145.5,146.5,226835
2022-08-18,145.25,147.5,144.55,147.5,172692
2022-08-19,143.825,147.1,142.65,146.5,172740
2022-08-22,141.95,145,141.125,144.3,195965
2022-08-23,146.575,150,142.475,143.5,991710
2022-08-24,147.6,148.475,145.5,145.875,182315
2022-08-25,145.4,148.875,144.625,148.775,228725
2022-08-26,147.65,152.4,144.775,145.475,456060
2022-08-29,140.3,146,139,142.25,561561
2022-08-30,137.5,142.4,136.875,141.95,737403
2022-09-01,135.475,140.25,134.775,137.5,548174
2022-09-02,135.5,136.5,133.75,135,299634
2022-09-05,134.65,138.25,134.2,136,433911
2022-09-06,135.575,136.2,133.2,135,302480
2022-09-07,139.225,140.8,134.5,134.8,450804
2022-09-08,140.1,141,138.7,140.5,187995
2022-09-09,138.275,143.5,136.65,141.225,544413
2022-09-12,142.625,143.5,138,140.75,703378
2022-09-13,143.075,145.4,142.3,143.55,415754
2022-09-14,142.9,144.375,139.525,140.5,224635
2022-09-15,143.225,145.3,142.65,144.475,249134
2022-09-16,140.625,143.5,140,143.225,294534
2022-09-19,137.9,143.25,137.5,142.125,334865
2022-09-20,146.85,152,140.4,141.5,2526938
2022-09-21,149.2,153.25,146.55,148,1396290
2022-09-22,153.575,155.5,144,149.2,1061135
2022-09-23,155.15,159.35,151.55,157.75,1615225
2022-09-26,145.15,154.1,142.95,154,783550
2022-09-27,145.025,148.95,143.625,145.25,409601
2022-09-28,137.65,143.35,136.875,142.45,633908
2022-09-29,141,142,136.5,139.05,514914
2022-09-30,140.1,142.675,138.625,141,277413
2022-10-03,134.225,141,132.5,139.6,413444
2022-10-04,135.825,137.5,135,136.725,283109
2022-10-06,138.525,140.15,136.525,136.525,262434
2022-10-07,139.625,140.625,137.775,137.775,192046
2022-10-10,135.275,140.175,134.725,138.5,321586
2022-10-11,131.525,136,131.25,135.725,361846
2022-10-12,133.5,133.95,131.55,131.75,214774
2022-10-13,132.075,134.975,131.55,133.4,140425
2022-10-14,132.575,134.95,132,134.4,207420
2022-10-17,128.175,132.675,127.525,132.5,288668
2022-10-18,132.275,133.475,129,129.5,277534
2022-10-19,129.975,133.4,129.525,132.3,164057
2022-10-20,128.4,129.95,128,129.375,124210
2022-10-21,128.5,129.825,127.525,129.05,109610
2022-10-24,128.9,130.275,128,129.75,39428
2022-10-25,125.475,128.9,125,128.9,227055
2022-10-27,123.825,127,123.1,127,205447
2022-10-28,121.625,124.2,117.7,124.2,373288
2022-10-31,126.4,129.25,121.35,122.025,733734
2022-11-01,127.075,128.225,124.55,127.225,241148
2022-11-02,125.725,128.4,125.5,127.725,154729
2022-11-03,123.825,126.8,123,125.5,248415
2022-11-04,125.6,126.5,122.775,124.45,200076
2022-11-07,123.575,126.9,123.25,126.25,151418
2022-11-09,121.925,125.425,121.525,125.425,208836
2022-11-10,120.775,123,120.1,121,224369
2022-11-11,121.95,123,120.55,121.4,148186
2022-11-14,116.4,120.725,111.175,118.625,536655
2022-11-15,119.55,119.975,115.4,117,247394
2022-11-16,116.6,120.35,116.025,119.55,143710
2022-11-17,114.975,116.95,114.5,116.6,119781
2022-11-18,114.2,116.5,113.25,116.5,234575
2022-11-21,116.1,116.95,112.05,113.75,235675
2022-11-22,113.925,117.3,113.5,116.7,208363
2022-11-23,113.7,115.075,112.55,113.925,163197
2022-11-24,113.7,116.4,113.3,113.7,162808
2022-11-25,115.025,115.925,112.75,112.75,137345
2022-11-28,115.8,116.45,115,115.4,115246
2022-11-29,114.875,117.325,114.075,116,150231
2022-11-30,114.4,115.95,112.975,115.425,195348
2022-12-01,119.325,124.35,114.95,114.975,1687164
2022-12-02,120.075,120.975,118.8,119.925,248575
2022-12-05,118.55,121.025,118.025,120.7,204332
2022-12-06,116.825,120,116.05,118.75,171803
2022-12-07,127.275,128.925,116.925,117.425,4811228
2022-12-08,131.3,133.85,126.4,127.925,1843285
2022-12-09,126.25,132.925,124.875,132.5,756466
2022-12-12,125.525,127,123.2,127,322292
2022-12-13,128.225,131.25,126,126.175,599695
2022-12-14,129.425,132.175,127.5,128.85,299877
2022-12-15,126.3,129.625,125.85,129.425,169955
2022-12-16,124.35,127.5,122,126,230816
2022-12-19,124.625,125.75,122.775,124.95,149282
2022-12-20,127.5,129.8,122.775,124.625,292493
2022-12-21,123.525,128,122.625,128,184055
2022-12-22,118.975,124.15,117.125,124.15,303533
2022-12-23,116.65,119.65,112.2,118.95,403499
2022-12-26,122.925,124.775,116.05,117.25,261422
2022-12-27,123.6,126.775,123,123.5,164285
2022-12-28,125.15,126.35,121.725,123.625,223635
2022-12-29,126.2,127.375,123.9,125.15,187648
2022-12-30,127.875,129.85,124.5,127.475,522953
2023-01-02,128.15,129.8,127.5,127.875,172738
2023-01-03,126.7,129.6,126.5,128.15,178008
2023-01-04,124.825,127.525,123.75,127,136589
2023-01-05,122.55,125.75,121.55,125.35,132316
2023-01-06,120.875,123.9,120.5,122.1,195230
2023-01-09,121.55,123.95,120.3,123.95,187465
2023-01-10,120.5,121.85,119,121.7,158835
2023-01-11,120.875,124.8,119.95,121.125,285209
2023-01-12,118.125,122.15,117.5,121.5,210588
2023-01-13,120.25,120.85,118.275,118.9,142262
2023-01-16,120.625,121.875,120,120.95,113223
2023-01-17,118.55,121.525,118,120.925,142028
2023-01-18,121.35,121.975,118.475,119.125,157933
2023-01-19,123.75,123.975,120.05,121.35,171514
2023-01-20,125.575,128.125,122.5,124.95,356093
2023-01-23,124.075,127,123.575,127,87513
2023-01-24,121.1,124.525,120.85,123.5,122148
2023-01-25,118.975,121.7,117.625,121.55,136454
2023-01-27,116.2,119.825,115.5,119.475,166600
2023-01-30,114.5,120.8,113,113,345184
2023-01-31,128.95,131.5,112.75,114.65,1158189
2023-02-01,117.625,128,116.3,127.375,612545
2023-02-02,118.75,122.45,117.65,118.5,304539
2023-02-03,118.875,121.725,116.725,119.45,209225
2023-02-06,117.075,119.475,116.725,118.875,130633
2023-02-07,115.45,118.5,114.35,118.5,185323
2023-02-08,117.4,118.3,115.125,115.55,139717
2023-02-09,116.525,119.475,115.75,119.25,85954
2023-02-10,115.825,117.4,115.45,116.025,73083
2023-02-13,115.125,116.75,114.7,116.425,94906
2023-02-14,112.775,115.75,112.25,115.45,137726
2023-02-15,113.175,115.125,112.775,113.35,181937
2023-02-16,115.525,116.475,113.5,114,206198
2023-02-17,115.25,117,114.3,115.525,154253
2023-02-20,119.125,122.9,115.25,115.25,607019
2023-02-21,121.375,123.325,119.2,120,444728
2023-02-22,118.375,121.15,116.85,120.375,158007
2023-02-23,115.925,118.5,115.125,118.375,101564
2023-02-24,115.775,117.875,114.675,116.225,112135
2023-02-27,114.65,116.35,113.5,116.35,177758
2023-02-28,114.125,115.325,113.125,114.65,181099
2023-03-01,115.625,117.45,113.85,114.7,155835
2023-03-02,115.55,117.05,114.55,115.5,157015
2023-03-03,116.125,117.5,114.6,116.95,182260
2023-03-06,118,120.85,115.075,116.5,399659
2023-03-08,122.4,122.9,116.5,116.5,401277
2023-03-09,125.375,126.4,120.85,123,454206
2023-03-10,125.075,126,122.05,123.975,342160
2023-03-13,123.675,126.1,121.125,125.975,221666
2023-03-14,124.925,125.55,119.55,123.9,243816
2023-03-15,124.875,127.15,123.25,125.75,226218
2023-03-16,124.175,126.05,120.65,124.75,221817
2023-03-17,124.1,126.5,122.5,124.8,220919
2023-03-20,121.55,124.975,119.05,124.375,321520
2023-03-21,126.025,126.6,121.55,122.75,268260
2023-03-22,127.4,131.75,126.5,126.625,672439
2023-03-23,122.3,127.55,121.525,127.5,433860
2023-03-24,119.15,123.8,118.05,122.5,247320
2023-03-27,115.825,119.125,114.55,119.125,307325
2023-03-28,115,118.25,114.025,115.475,255288
2023-03-29,117.925,118.575,114.625,115.35,250846
2023-03-31,116.175,120.475,115.3,119.4,278833
2023-04-03,117.125,117.5,115.5,117.25,175314
2023-04-05,124.475,125.5,117.375,117.75,595166
2023-04-06,123.075,125.45,121.675,125.45,202400
2023-04-10,125.375,127.2,122.575,123.6,261865
2023-04-11,122.825,125.65,122.325,125.65,143013
2023-04-12,123.325,124.85,121.15,123.725,276421
2023-04-13,132.775,136.7,123.1,124.55,4189123
2023-04-17,140.35,141.7,133.95,134,2842990
2023-04-18,139.775,143.675,138.05,141.25,950947
2023-04-19,136.2,141.25,135.15,139,385601
2023-04-20,138.65,142,134.25,136.5,429643
2023-04-21,134.525,141,131.5,141,709072
2023-04-24,133.625,136.325,132.5,135.525,320081
2023-04-25,135.8,139.45,133.1,134.35,772747
2023-04-26,137.675,138.95,135.8,137,452646
2023-04-27,138.95,141.45,136.25,137.75,566448
2023-04-28,145.575,149.35,139,139.975,1574287
2023-05-02,146.275,149.65,145,147.2,811912
2023-05-03,142.225,146,141.675,145.775,379511
2023-05-04,142.3,145.15,141.625,142.375,282216
2023-05-05,143.625,145.9,142,143.275,345963
2023-05-08,129.875,137.5,126.85,134.5,1507287
2023-05-09,126.875,131.35,126.5,129.75,598722
2023-05-10,127.85,131.75,127.45,127.5,469265
2023-05-11,125.65,129.15,125,128.475,383032
2023-05-12,123.55,126.325,122.85,125.7,411113
2023-05-15,121.675,124.475,121.175,123.4,346935
2023-05-16,118.35,122.7,118,121.75,570958
2023-05-17,117.2,120.3,116.75,118.925,440402
2023-05-18,119,120.675,117.05,117.775,532196
2023-05-19,117.325,119.95,116.15,119.95,354684
2023-05-22,117.125,118.25,116.125,117.5,236714
2023-05-23,122.525,123.9,117.125,117.125,888112
2023-05-24,121.1,123.4,120.95,123.4,229282
2023-05-25,122.425,123.35,120.025,120.3,188584
2023-05-26,122.575,123.15,122.125,123.125,180751
2023-05-29,121,123.775,120.325,123.475,182670
2023-05-30,119.875,121.425,119.575,120.925,192698
2023-05-31,121.025,124.35,118,119.275,598521
2023-06-01,126.125,126.95,121.3,121.5,970674
2023-06-02,127.55,129.65,126.55,128.5,747208
2023-06-05,124.925,128.575,124.55,128.5,309403
2023-06-06,125.7,127.1,123.35,124.925,202004
2023-06-07,124.8,128.75,124.35,127.5,409477
2023-06-08,122.75,125.7,122.5,125.7,224326
2023-06-09,122.15,124.7,121.675,123.05,212031
2023-06-12,121.375,122.875,120.8,122.5,219577
2023-06-13,123.95,125.375,121.175,121.85,370724
2023-06-14,124.05,125.825,123.625,124.5,224200
2023-06-15,125.225,127,123.6,124.5,259874
2023-06-16,125.25,127.45,125,125.275,216455
2023-06-19,124.975,125.9,124.5,125.5,155694
2023-06-20,125.9,126.9,123.5,125.125,240131
2023-06-21,124.425,127.35,123.8,125.975,284781
2023-06-22,123.725,126.45,123.1,124.1,256496
2023-06-23,121.75,123.825,120.25,123.125,217180
2023-06-26,121.3,122.6,120.45,121.275,183608
2023-06-27,121.075,122.25,120.75,121.75,142849
2023-06-28,120,122.375,119.75,121.4,207714
2023-06-30,119.3,120.55,118.55,120.075,235265
2023-07-03,121.25,123.125,119.5,119.975,277131
2023-07-04,121.525,122.45,120.325,122.35,187543
2023-07-05,120.925,122,120.4,121.5,142130
2023-07-06,121.8,122.75,120.425,120.925,196173
2023-07-07,120.5,121.95,120.125,121.95,207107
2023-07-10,119.325,120.975,119.125,120.975,155958
2023-07-11,118.5,120.4,118.275,119.975,266187
2023-07-12,119.35,119.975,117.85,119.875,221594
2023-07-13,119.4,120.375,118.275,119.425,177715
2023-07-14,125.75,126.925,119.4,119.4,1185336
2023-07-17,125.4,127.6,124.35,126.5,470826
2023-07-18,126.05,127.85,125.075,127.5,374165
2023-07-19,124.425,126.65,123.95,126.5,210640
2023-07-20,130.4,131.175,124.4,124.425,1633488
2023-07-21,129.15,132.925,128.6,130,961581
2023-07-24,129.9,133.075,129.05,129.3,570892
2023-07-25,129.8,131,128.325,130.7,294701
2023-07-26,129.85,131.5,128.8,130.35,243876
2023-07-27,128.55,130.7,128.225,130.7,211411
2023-07-28,129.275,130.9,128.325,129,189744
2023-07-31,130.825,132.3,128.8,129.7,354385
2023-08-01,131.675,133.5,130.5,131.25,376798
2023-08-02,129.25,132.375,127.575,132,290836
2023-08-03,126.15,129.7,125.05,129.25,256346
2023-08-04,128.025,130.5,126.275,126.5,283141
2023-08-07,119.325,124.975,118.525,124.65,1263749
2023-08-08,120.325,121.625,119.3,119.325,291645
2023-08-09,121.8,125,120.175,120.95,309582
2023-08-10,121.425,122.225,120.75,122.225,148606
2023-08-11,121.575,123.4,121,122.325,180175
2023-08-14,119.175,122.5,118.525,122.5,286004
2023-08-16,119.525,120.5,118.5,119,142027
2023-08-17,119.775,120.375,118.775,119.525,139747
2023-08-18,119.625,121.225,119,119,147648
2023-08-21,122.4,124.15,119.5,120.4,293626
2023-08-22,122.6,123.6,121.675,122.7,153826
2023-08-23,122.675,123.6,122.05,123.325,120106
2023-08-24,128.65,132.15,122.5,123.175,2848587
2023-08-25,126.375,129.375,125.775,127.85,436119
2023-08-28,129,132.4,125.525,126.9,606239
2023-08-29,133.575,135.4,128.2,128.675,1437461
2023-08-30,132.075,134.85,131.35,134.5,526505
2023-08-31,131.45,133.45,130.525,132.35,285669
2023-09-01,130.325,132.825,129.75,132.15,297693
2023-09-04,142.3,144.5,131.025,131.05,3550781
2023-09-05,140.725,144.975,139.525,144.4,801347
2023-09-06,144.475,147.45,139,141,1499289
2023-09-07,142.65,145.975,141.975,144.875,401312
2023-09-08,142.8,146.4,140.025,143.325,542493
2023-09-11,146.175,149.7,143,144.4,747785
2023-09-12,137.875,147.95,134.425,147.125,812759
2023-09-13,139.15,140.825,135.55,136.475,384149
2023-09-14,139.925,143.75,138.525,139.95,350581
2023-09-15,145.175,152.975,139.75,140.925,3463989
2023-09-18,142.725,146.6,142,145.15,363780
2023-09-20,138.35,142.35,136.975,141.95,407761
2023-09-21,148.4,149.85,137.6,137.725,2689430
2023-09-22,157.475,163.225,150.8,152.5,11832783
2023-09-25,169.2,172.5,154.1,158.35,4343622
2023-09-26,169.625,172,165.275,166.85,2679829
2023-09-27,177.75,178.9,168.25,170.95,2800761
2023-09-28,179.35,181.725,174.6,177.4,2107735
2023-09-29,174.1,179.975,171.5,178.5,620822
2023-10-03,175.575,177.5,162.5,174.85,601187
2023-10-04,171.5,175.575,166.05,175,523942
2023-10-05,175.55,177.35,170.875,172.075,325183
2023-10-06,171.35,175.475,170.275,173.8,211830
2023-10-09,172.7,173.85,162.975,169.75,430978
2023-10-10,183.35,185.55,172,172.475,1712939
2023-10-11,184.975,186.5,182,182.975,657741
2023-10-12,182.975,186.65,182,185.95,318435
2023-10-13,183.2,186,178.6,182.875,321160
2023-10-16,190.05,194,180.9,180.9,1285166
2023-10-17,184.725,191,183.5,191,299453
2023-10-18,181.325,187.225,177.675,185.725,381015
2023-10-19,179.8,183.5,178,180,224090
2023-10-20,175.275,181.175,173.95,180.75,220504
2023-10-23,158.5,178.575,152.775,175.125,784828
2023-10-25,157.9,171.5,155.1,158.85,1238712
2023-10-26,165.7,168.2,154.3,157.85,1423788
2023-10-27,166.5,171,165.1,165.55,530861
2023-10-30,165.15,168.95,164.05,168.15,216204
2023-10-31,162.55,175.1,160.575,165.275,919397
2023-11-01,156.075,165,155.025,164.5,831379
2023-11-02,163.025,164.45,154.55,158.025,1575296
2023-11-03,164.75,169.625,161.025,162.75,581621
2023-11-06,170.075,172,164.55,164.8,572276
2023-11-07,166.3,171.225,165.125,169.325,278881
2023-11-08,171.8,173.25,167.025,167.95,401595
2023-11-09,169.725,172.9,168.375,172.9,292644
2023-11-10,169.85,173.225,167.75,169.425,242990
2023-11-13,174.225,177,169.9,169.9,878952
2023-11-15,180.025,181.475,174.5,177.5,804112
2023-11-16,180.325,184.3,179.5,181,454006
2023-11-17,180.725,183.25,179,180.5,700314
2023-11-20,180.3,183.5,178.975,180.7,301397
2023-11-21,182.75,188.675,181.075,181.7,783823
2023-11-22,180.35,184.25,178.175,184.15,327503
2023-11-23,181.05,183.5,180,180.825,221432
2023-11-24,180.175,183.4,178.175,181.3,186122
2023-11-28,181.875,183.5,176.5,176.5,375951
2023-11-29,182.075,189.5,180.25,182,990698
2023-11-30,185.85,187.5,181.675,183,560594
2023-12-01,181.25,188.475,180,187.825,374392
2023-12-04,181.8,184.5,181.05,184,268151
2023-12-05,183.85,184.875,180.15,182.5,344978
2023-12-06,190.225,198,185.05,185.3,2546642
2023-12-07,189.825,196,186.975,191.225,1026731
2023-12-08,184.8,193.7,182.55,190.7,585305
2023-12-11,190.975,192.75,185.5,185.6,825003
2023-12-12,192.775,195,190,192.45,456874
2023-12-13,190.475,196.175,190,193.225,464691
2023-12-14,194.85,198,190,192,654733
2023-12-15,201.375,202.75,194.4,197,1874908
2023-12-18,196.475,205.15,193.975,203.225,793207
2023-12-19,190.15,196.1,189.55,196,683496
2023-12-20,177.575,192.45,175.025,190.975,717560
2023-12-21,190.325,192,170.5,173.275,2450023
2023-12-22,183.575,191.475,182.15,190.9,811072
2023-12-26,184.125,186.25,182.525,186.25,393568
2023-12-27,183.875,186,182.85,184.3,212266
2023-12-28,180.375,187.725,179.525,184.8,365129
2023-12-29,183.525,185,179.525,181.65,281952
2024-01-01,181.075,184.85,179.875,184.45,268142
2024-01-02,181.65,184.475,179.025,181.075,353577
2024-01-03,179.225,183.25,178.65,183.1,280363
2024-01-04,180.4,182.925,179.9,179.9,181047
2024-01-05,181.85,183.9,180.075,181.95,341396
2024-01-08,178.3,182.2,178,181.85,315209
2024-01-09,174.55,182,172.775,179.5,391851
2024-01-10,178.25,180.35,174.625,175.1,507413
2024-01-11,176.6,179.6,176,178.25,250811
2024-01-12,177.475,178.6,175.85,177.5,235146
2024-01-15,175.65,178.45,174.5,177.475,213969
2024-01-16,172.8,177.25,170.775,177.25,419469
2024-01-17,169.125,174.45,168.625,172.5,268913
2024-01-18,167.725,171.825,165.325,169.725,283477
2024-01-19,167.35,171,166.5,168.225,270675
2024-01-22,166.025,167.3,165,166.55,159475
2024-01-23,162.825,170.075,160.175,167.35,453252
2024-01-24,167.475,178.5,163.375,163.4,2258651
2024-01-25,183.95,196,168.6,168.95,1930427
2024-01-29,190.4,196.35,187.55,194.35,1763471
2024-01-30,190.5,195.5,188.55,190.5,831209
2024-01-31,194.55,196.5,190.325,190.85,1081796
2024-02-01,199.15,202.2,192.4,197,1653646
2024-02-02,198.925,210.6,194,202.5,4337025
2024-02-05,194.75,203.7,192.375,203.35,1643776
2024-02-06,194,198,192.975,196.5,738005
2024-02-07,192.9,197,192,195,421973
2024-02-08,189.825,195,189.45,193.325,459831
2024-02-09,184.85,193,183.175,190,633889
2024-02-12,179.95,190,177.975,190,506200
2024-02-13,179.925,183.325,176.075,180.925,344629
2024-02-14,184.625,185.475,177.475,178.975,345788
2024-02-15,182.525,189.675,181.65,186.5,967593
2024-02-16,182.425,185,179.4,183.425,513708
2024-02-19,182.05,185.475,181.475,182.4,295178
2024-02-20,193.05,198.975,181.45,182.75,4192138
2024-02-21,201.75,206,193.45,194.5,3940689
2024-02-22,202.45,206.425,198.35,203.475,1485919
2024-02-23,204.475,207.975,202.65,204.075,1079801
2024-02-26,205.9,207.45,202.675,205.45,566290
2024-02-27,204.6,208.95,202.875,207.5,505912
2024-02-28,195.875,206.5,195,206,560334
2024-02-29,196.3,198.35,190.725,196.9,578705
2024-03-01,200.1,202.7,197.5,197.95,321417
2024-03-04,202.325,209.3,201.275,206.5,590305
2024-03-05,202.525,203.7,199,203.45,318557
2024-03-06,195.375,202.2,191.675,201.275,557046
2024-03-07,195.15,197.625,193.3,195.375,161765
2024-03-11,199.5,208.5,195.15,197.5,2019251
2024-03-12,193.925,207.475,193,200.5,1622178
2024-03-13,180.775,197.475,177.525,196,1063377
2024-03-14,183.425,184.4,177.05,181.85,738393
2024-03-15,179.9,187.05,178.1,184.9,1432388
2024-03-18,179.25,186.45,177.6,182,995775
2024-03-19,169.6,180.3,168.8,179.9,1009898
2024-03-20,165.5,171.7,165,171.2,691666
2024-03-21,165.1,168.1,164.15,166.9,463983
2024-03-22,160.05,167.9,156.95,165.3,1541631
2024-03-26,155.5,163.45,155,160.05,1584145
2024-03-27,158.2,159.9,153.85,156.9,1711464
2024-03-28,159.85,163.75,157.8,160,1215355
2024-04-01,165.5,166.3,159.65,159.95,755833
2024-04-02,164.1,166.9,162.6,166.3,557514
2024-04-03,168.6,170.7,164.1,164.1,985081
2024-04-04,180.45,187.1,171.05,171.05,8578911
2024-04-05,179.45,182,177.2,180.5,845842
2024-04-08,174.85,181,173.7,180.1,639194
2024-04-09,170.4,175.4,167.85,175,662920
2024-04-10,171.95,173.85,168.6,170.55,632475
2024-04-12,168.3,172.7,167.9,172.7,353652
2024-04-15,164.55,166.45,161.1,166,447189
2024-04-16,165.2,167.5,162.05,162.25,380413
2024-04-18,163.75,167.7,162.5,166.25,410137
2024-04-19,161.7,163.3,160.85,162,334294
2024-04-22,164.85,166.2,161.9,161.9,332457
2024-04-23,171.15,171.8,164.95,165.95,943431
2024-04-24,169.2,171.9,168.55,171.9,386915
2024-04-25,168.65,170.3,168.05,169.85,217879
2024-04-26,171.45,174,166.6,169.3,699485
2024-04-29,169.05,172.35,168.1,171.45,393865
2024-04-30,168.7,171.5,167.4,169.25,287426
2024-05-02,167.25,169.5,166.5,168.95,287532
2024-05-03,163.2,168.75,162.1,167.5,560416
2024-05-06,159.85,165.25,157.15,164.5,779637
2024-05-07,156.25,163.2,155.25,159.8,592522
2024-05-08,157.2,159.85,155.95,156.7,430730
2024-05-09,149.3,158.5,148.05,157.7,943010
2024-05-10,149.95,153.5,148.5,151.75,628268
2024-05-13,150.4,151.4,146.7,150.7,300332
2024-05-14,152.2,154,150.5,150.5,303585
2024-05-15,154.55,156.6,152.6,153,444223
2024-05-16,153.4,157,152.5,155.5,327909
2024-05-17,154.5,155.7,152.75,153.4,342370
2024-05-20,156.55,159.5,154.5,155.65,139602
2024-05-21,152.4,154.5,149.65,154.5,558933
2024-05-22,151.9,153.85,150.85,152.9,311709
2024-05-23,150.75,153.3,150.45,151.8,321630
2024-05-24,150.5,152.05,150,150.75,304178
2024-05-27,148.45,150.6,148,150.6,395018
2024-05-28,146.1,148.7,145.25,148.2,486881
2024-05-29,143.4,146.05,142.7,146,401790
2024-05-30,142.4,145.9,140.5,144.45,449056
2024-05-31,143.35,145.35,141.6,142.4,294184
2024-06-03,140.25,148.85,138.85,148.85,1033284
2024-06-04,135.35,142.6,125,142.15,878556
2024-06-05,136.85,138.55,131.6,135.35,434191
2024-06-06,140.6,143.5,136.9,138,1004212
2024-06-07,152.7,154.95,140.7,140.75,3773353
2024-06-10,153.37,154.7,150.05,153.25,818635
2024-06-11,152.95,156.75,152.05,155.02,894725
2024-06-12,150.06,153.45,149.45,153.45,743994
2024-06-13,150.39,151.7,149.5,150.96,543076
2024-06-14,148.35,151.28,148,151,617027
2024-06-18,141.81,149.65,140.5,148.9,4032633
2024-06-19,140.7,144.1,140,144,1307433
2024-06-20,143.56,144.99,139.55,141.5,3910241
2024-06-21,141.21,145.79,139.77,145.79,2147857
2024-06-24,140.36,142.25,138.55,142.25,761151
2024-06-25,139.39,142,139,141.5,839376
2024-06-26,136.23,139.98,135.6,139.39,1562591
2024-06-27,136.02,138,134.77,136.2,856422
2024-06-28,136.25,137.84,135.52,136.1,753111
2024-07-01,136.55,137.8,134.8,137.75,898859
2024-07-02,136.29,138.09,135.5,137,734821
2024-07-03,136.64,137.81,135.38,137,843470
2024-07-04,139.82,140.25,136.2,137,4142314
2024-07-05,140.61,141.5,139.64,141.15,1797527
2024-07-08,137.95,141.79,136.7,140.95,1199576
2024-07-09,138.09,140.5,136.5,139.15,864150
2024-07-10,135.3,139.54,132.15,139.53,1149723
2024-07-11,136.03,137.5,135.02,136.5,579814
2024-07-12,135.48,136.51,135.2,136.25,607192
2024-07-15,134.88,137.03,132.9,135.2,975953
2024-07-16,137.18,139.01,133.75,136,2197359
2024-07-18,137.97,139.49,136.6,139,1101454
2024-07-19,134.68,139.27,134.35,138.99,815512
2024-07-22,134.22,135.18,131.25,131.25,595837
2024-07-23,133.99,136.45,131.1,134.22,804439
2024-07-24,137.69,138.8,133,133,1026347
2024-07-25,139.23,140.87,136.25,137.61,1247443
2024-07-26,141.77,143,138.5,141.98,2527971
2024-07-29,139.76,142.99,138.84,142.99,1033228
2024-07-30,140.42,141.2,139.55,140.7,553849
2024-07-31,139.7,141.7,139.3,141,546540
2024-08-01,137.33,140.7,136.31,140.6,630565
2024-08-02,137.6,138,134.54,136,456793
2024-08-05,130.49,135,129.82,135,1113479
2024-08-06,128.18,134,127.83,133.28,895621
2024-08-07,130.14,131.25,128.4,129.5,768209
2024-08-08,129.14,131.1,128.95,130.14,511362
2024-08-09,129.47,131.45,128.99,131.1,415985
2024-08-12,129.42,130.34,128.06,129.99,422750
2024-08-13,129.1,133.1,128.3,130,769248
2024-08-14,127.61,129.85,126.32,129.8,538601
2024-08-16,129.36,129.74,127.44,128.35,314595
2024-08-19,131.24,132.6,130,130.05,458695
2024-08-20,135.29,138.76,131.29,131.4,1957262
2024-08-21,138.74,141.96,136,136,2784248
2024-08-22,138.22,140.25,137.05,139.5,722823
2024-08-23,136.69,137.8,136.02,137.8,423177
2024-08-26,135.18,137.93,134.86,137.3,387472
2024-08-27,145.91,148.4,135.2,135.85,16003269
2024-08-28,142.35,149.7,141.2,147.2,5905915
2024-08-29,142.71,145.99,140.69,142.52,2022613
2024-08-30,143.05,144.82,141.3,143.9,883523
2024-09-02,147.16,151.91,143.05,144,9054882
2024-09-03,145.89,148.6,145.6,147.9,1181144
2024-09-04,144.94,146.92,143,143.8,1047564
2024-09-05,145.32,148.03,144,145.15,1095722
2024-09-06,142.99,147.7,141.4,145.8,1948154
2024-09-09,140.41,143.6,139.02,142.99,916568
2024-09-10,141.77,144.23,140.41,142.13,961219
2024-09-11,139.98,144.9,139.04,142.5,973154
2024-09-12,139.81,142.6,138,140.16,928562
2024-09-13,138.46,141.9,138.05,141.26,1561002
2024-09-16,138.18,141.05,137.1,139.85,1842734
2024-09-17,134.02,138.44,133.01,138.18,1669792
2024-09-18,130.15,135.37,129,134.5,1771844
2024-09-19,128.45,138.8,126.25,136.39,7515716
2024-09-20,124.9,129.99,123.5,129.9,2573758
2024-09-23,126.5,128.82,123.3,127,6084604
2024-09-24,127.01,128.49,126.05,127,1678699
2024-09-25,125.23,127.2,124.58,127.2,1314305
2024-09-26,127.82,130.8,125.29,126,2991411
2024-09-27,127.28,129.49,126.93,128.8,948322
2024-09-30,127.6,128.99,125.11,127.49,875655
2024-10-01,126.27,128.59,125.92,127.8,907768
2024-10-03,128,131.57,125,125.5,4236462
2024-10-04,126.82,129.11,124.5,127.95,1442291
2024-10-07,121.29,127.6,120.03,127.6,1682203
2024-10-08,130.56,131.2,120.15,120.5,3410015
2024-10-09,142.71,144,129.5,130,15218774
2024-10-10,140.07,144.1,138.76,141.5,4218976
2024-10-11,140.36,146.95,139.8,141.2,5449689
2024-10-14,139.52,141.85,138.4,141.15,1624299
2024-10-15,137.11,140.3,136.2,140.1,948210
2024-10-16,142.14,144.39,136.01,136.8,2113938
2024-10-17,137.97,142.14,137.06,142.1,1402375
2024-10-18,136.7,138.19,134.51,136.8,782820
2024-10-21,131.4,138.11,131,137.45,833525
2024-10-22,125.45,131.99,124.8,131.75,1247902
2024-10-23,128.57,131.88,122.71,125.45,1323101
2024-10-24,126.8,130.35,126.15,128.85,756425
2024-10-25,123.54,127.19,122,126.8,876066
2024-10-28,124.93,128.52,122.15,124.99,1224018
2024-10-29,126.68,127.5,123.51,124.93,744441
2024-10-30,132.59,136,126.35,126.68,2384510
2024-10-31,133.35,135.1,131.6,133.05,1153729
2024-11-01,134.39,135.95,133,134,223556
2024-11-04,129.82,134.05,128.3,134.01,718598
2024-11-05,130.6,132.09,128.87,130.05,546965
2024-11-06,134.15,135.43,130.6,130.6,786526
2024-11-07,133.75,135.5,132.47,134.15,507554
2024-11-08,129.98,135.55,129.51,134.81,452900
2024-11-11,130.85,133.95,127.55,130.05,1227588
2024-11-12,127.19,132.01,126.7,131.19,460832
2024-11-13,121.9,127.55,121.39,127.2,874932
2024-11-14,121.47,124.94,121,124.41,858065
2024-11-18,120.38,122.6,118.89,121.5,533774
2024-11-19,120.79,123.03,120.05,120.8,862726
2024-11-21,119.9,120.89,117.77,120.79,385897
2024-11-22,121.06,123,119.1,120.4,547232
2024-11-25,121.43,123.99,119.54,122.5,781801
2024-11-26,123.45,123.84,121,121.43,505689
2024-11-27,123.94,124.5,122.81,123.89,310870
2024-11-28,123.64,126.65,123.2,123.6,816842
2024-11-29,124.22,125.33,123.07,124,352791
2024-12-02,125.29,126.05,122.68,124.22,561953
2024-12-03,126.69,128.17,125,125.55,648496
2024-12-04,130.04,134.82,127.35,127.35,2169439
2024-12-05,129.56,130.95,128.6,130.7,523214
2024-12-06,130.63,131.67,129.2,130.25,534010
2024-12-09,139.83,142.79,129.96,130.6,10221807
2024-12-10,138.01,144.73,137.1,140.55,3684916
2024-12-11,139.27,139.79,137.32,138,978463
2024-12-12,135.31,139.7,134.5,139.7,823965
2024-12-13,132.63,135.08,130,135.01,1145124
2024-12-16,133.55,136.5,132.81,132.81,1060784
2024-12-17,129.23,133.97,128.26,133.97,1315170
2024-12-18,127.53,130.8,127.01,127.55,603453
2024-12-19,127.24,128,124.85,125.88,497481
2024-12-20,124.18,128.3,123.48,127.51,613585
2024-12-23,123.47,125.65,122.4,125,663403
2024-12-24,124.93,125.55,123.47,123.55,437134
2024-12-26,128.49,130.49,123.5,125.1,1155859
2024-12-27,124.48,129.5,122.9,128.49,920721
2024-12-30,122.42,125.89,121.85,125.04,687786
2024-12-31,124.5,125.9,121.21,121.8,484063
2025-01-01,125.4,126.05,124.25,124.6,255379
2025-01-02,125.13,127.5,124.7,125.4,734236
2025-01-03,127.02,130.39,124.58,125.5,1353055
2025-01-06,123.08,127.26,121.8,127.02,601942
2025-01-07,123.12,125.04,122.82,123.49,517045
2025-01-08,121.93,124,120.32,123.5,1111088
2025-01-09,119.26,122.6,118.76,122.2,598407
2025-01-10,117.34,119.52,115.53,119,636848
2025-01-13,109.72,116.65,109.2,115.95,1426851
2025-01-14,113.7,114.9,110.5,110.5,643808
2025-01-15,112.68,115.98,111.38,114.49,669143
2025-01-16,115.78,116.15,113.3,113.3,349656
2025-01-17,115.95,116.9,113.9,116,411168
2025-01-20,125.72,127.23,116.21,116.5,4459569
2025-01-21,120.76,125.72,119.94,125.11,1150164
2025-01-22,115.59,121.39,114.77,120.79,939943
2025-01-23,115.99,117.81,115.02,115.5,425646
2025-01-24,113.66,116.82,112.84,116.25,504754
2025-01-27,116.29,125,113.99,113.99,14509576
2025-01-28,117.8,118.99,110.1,115,2214796
2025-01-29,119.19,120,115.2,116.05,827693
2025-01-30,114.68,119.9,113.96,118.95,1268479
2025-01-31,113.76,116.68,112.62,115.49,1691592
2025-02-03,114.58,116.69,113.2,114,508651
2025-02-04,114.36,117.32,113.01,115.53,633437
2025-02-05,115.43,116.49,114.55,114.55,444804
2025-02-06,116.27,116.85,114.5,116,500448
2025-02-07,115.68,116.54,113.21,116.27,652950
2025-02-10,116.31,116.77,113.06,116,484453
2025-02-11,115.93,116.75,112.7,114.58,1066536
2025-02-12,114.28,115.93,110.5,115.93,774477
2025-02-13,113.38,115.2,112.7,114,514421
2025-02-14,106.2,113.95,105.16,113.45,1003304
2025-02-17,107.06,108.44,103.9,106.19,829534
2025-02-18,103.84,107.85,101.99,107.55,517303
2025-02-19,106.41,107.41,103.1,104,415810
2025-02-20,108.21,109,105.08,106,335934
2025-02-21,108.08,110.56,106.3,107.9,464469
2025-02-24,107.67,108.8,105.16,107.61,332277
2025-02-25,105.24,108.93,105,108.2,370448
2025-02-27,103.81,105.45,102.45,105.2,370428
2025-02-28,103.79,105.99,99,103,1524722
2025-03-03,101.18,104.54,98.72,103.1,1267018
2025-03-04,102.12,103.51,99.58,100.19,606930
2025-03-05,105.02,105.55,101.79,102.2,511121
2025-03-06,109,109.48,105.23,106,972816
2025-03-07,108.68,111.3,107.96,109.85,665376
2025-03-10,107.08,109.8,106.55,108.68,511957
2025-03-11,105.28,106.05,104.03,106,585053
2025-03-12,103.14,106.39,103,105.28,536550
2025-03-13,101.7,104.82,100.8,104.29,738881
2025-03-17,102.74,102.99,100.5,101.5,661918
2025-03-18,103.44,104.98,101.86,102.75,1386322
2025-03-19,104.8,106.31,103.5,103.5,938053
2025-03-20,105.16,105.99,103.66,105.33,1691815
2025-03-21,107.55,108.85,104.72,105.16,1139234
2025-03-24,107.23,109.5,106.4,108,1148313
2025-03-25,103.28,108.75,102.11,107.8,979366
2025-03-26,103.11,104.94,102.1,103.32,1481873
2025-03-27,106.62,109.1,102.15,103.9,3404210
2025-03-28,102.12,108.82,101,107.2,1493341
2025-04-01,107.43,108.7,102.1,102.11,1160897
2025-04-02,107.63,108,104.61,107.2,639667
2025-04-03,110.68,110.89,105.63,107.63,1044358
2025-04-04,116.55,118.29,108.25,110.68,7753621
2025-04-07,115.82,116.55,107,107.63,2016585
2025-04-08,120.69,122.41,115.51,116.1,2959533
2025-04-09,109.79,120.06,109.1,119.5,2325832
2025-04-11,115.81,116.5,110.05,112.99,2321783
2025-04-15,120.2,120.69,115.4,118,1495458
2025-04-16,124.98,128.06,120.53,121.27,2881874
2025-04-17,126.5,129.39,124.99,125.04,1656566
2025-04-21,126.45,129.4,124.57,126.3,890425
2025-04-22,126.6,128.65,125.5,127.55,801103
2025-04-23,126.89,128.82,124.4,127,928153
2025-04-24,128.41,130.75,126.4,126.55,914585
2025-04-25,122.98,129,121.34,128.4,743692
2025-04-28,122.93,124.99,121.2,121.2,609519
2025-04-29,121.82,125.19,121.27,123.5,473990
2025-04-30,118.34,123.39,117.1,122.4,701496
2025-05-02,118.87,120.3,116.72,117.3,756045
2025-05-05,114.58,119.26,114,118,873233
2025-05-06,106.88,115.4,106.36,114.5,1926009
2025-05-07,108.88,109.7,106.01,107.44,802205
2025-05-08,109.84,115.65,108.82,109.01,1435576
2025-05-09,110.63,111.45,106.06,106.06,634020
2025-05-12,117.17,119.25,114,114,991693
2025-05-13,120.98,124,117.28,118,1639844
2025-05-14,121.54,123.61,120,121.59,549858
2025-05-15,122.94,123.87,121.25,122,671748
2025-05-16,124.78,125.46,122.05,123.8,825872
2025-05-19,115.79,118,113.66,115,3533678
2025-05-20,114.88,117.71,113.54,117,924238
2025-05-21,116.73,116.95,113.53,114.7,611931
2025-05-22,116.06,117.5,115.03,116.73,521075
2025-05-23,115.85,116.79,115,116.2,414212
2025-05-26,114.74,116.72,114.41,115.68,411050
2025-05-27,114.1,114.96,113.2,114.69,382079
2025-05-28,115.2,116,114.1,114.68,498363
2025-05-29,114.35,116.38,114.01,115.3,308158
2025-05-30,116.4,117.48,113.77,114.92,894662
2025-06-02,114.49,117.89,113.8,117.25,724714
2025-06-03,115.04,116,114.49,114.51,410636
2025-06-04,115.01,116.5,113.96,115.44,496523
2025-06-05,119.79,120.4,115.05,115.05,1448870
2025-06-06,117.82,120.4,117.42,119.79,505668
2025-06-09,119.3,120,117.3,117.82,455954
2025-06-10,118.1,120.2,117.11,119.8,541680
2025-06-11,120.11,122.81,118.3,118.97,1547806
2025-06-12,116.6,121.5,116.11,121.25,558918
2025-06-13,115.99,117.19,113.71,114.4,420484
2025-06-16,115.96,117.12,114.07,116.1,375878
2025-06-17,115.5,117.09,114.48,116,351709
2025-06-18,113.85,115.32,113.42,114.84,287160
2025-06-19,112.56,115.75,111.02,115.75,472652
2025-06-20,111.87,113,111.3,111.3,327680
2025-06-23,111.65,112.51,110.8,111.35,331158
2025-06-24,112.52,113.8,111.82,112.09,375175
2025-06-25,114.59,116.03,113.08,113.74,441601
2025-06-26,112.22,115.65,112.05,115,682851
2025-06-27,111.38,114.25,111.1,113.45,1446752
2025-06-30,111.58,112.98,111.2,111.6,409271
2025-07-01,110.66,112.44,110.01,111.75,559404
2025-07-02,110.39,112,109.1,110.99,455059
2025-07-03,111.3,111.68,109.93,110.5,369493
2025-07-04,111.45,112.5,111,111.06,309964
2025-07-07,111.32,112.44,110.15,111.9,395264
2025-07-08,111.66,112.5,110.9,111.7,300633
2025-07-09,111.18,112.97,110.4,110.4,444351
2025-07-10,111.68,112.72,111.06,112.19,363235
2025-07-11,110.52,113.57,110,112.05,482418
2025-07-14,110.43,111,109.77,111,258728
2025-07-15,111.54,111.92,110.47,110.5,264331
2025-07-16,112.07,112.45,110.5,111.65,377176
2025-07-17,113.46,115.5,111.56,111.87,839150
2025-07-18,111.81,113.99,111.45,113.8,288887
2025-07-21,110.02,111.82,109.75,111.81,479762
2025-07-22,110.14,111.2,109.7,110.49,314249
2025-07-23,111.26,111.5,110.19,110.19,243867
2025-07-24,110.91,111.7,110.05,111.07,373410
2025-07-25,105.49,111.5,105.01,111,795986
2025-07-28,105.9,107.95,105.11,106.05,389741
2025-07-29,106.42,106.84,104.54,105.1,257284
2025-07-30,109.74,112.3,106.23,106.9,954796
2025-07-31,110.26,110.75,107.28,108.99,487458
2025-08-01,110.29,112,109.11,110.26,456435
2025-08-04,107.63,111.5,106.75,111.1,387804
2025-08-05,105.48,108.49,103.4,107.5,774683
2025-08-06,105.16,107.28,104.05,105,467377
2025-08-07,104.77,105.62,102.15,104.75,354162
2025-08-08,102.8,105.5,102.6,104.8,289300
2025-08-11,103.97,104.5,102.25,102.8,329440
2025-08-12,103.55,104.69,103.11,103.97,208597
2025-08-13,104.3,104.97,102.55,103.8,228439
2025-08-14,102.26,104.6,102.2,104.3,234628
2025-08-18,103.69,104.58,102.74,103,270198
2025-08-19,104.31,104.82,103,103.2,250134
2025-08-20,105.5,109.49,104.41,104.5,605719
2025-08-21,105.06,106.97,104.45,105.5,299157
2025-08-22,103.54,105.4,103.1,105.1,260594
2025-08-25,104.65,105.63,103.88,104.1,210402
2025-08-26,102.4,104.59,102.26,103.8,238642
2025-08-28,102.45,103.8,102.24,102.4,307616
2025-08-29,103.36,103.58,102.45,102.85,184235
2025-09-01,103.04,103.8,102.2,103.79,196348
2025-09-02,105.19,106.3,102.8,103.19,408420
2025-09-03,105.84,106.74,105.07,105.2,299587
2025-09-04,106.43,107.06,105.5,107,313847
2025-09-05,105.71,106.9,104.88,106.71,214568
2025-09-08,107.39,108,104.45,105.9,306918
2025-09-09,105.63,107.95,105,107.4,352262
2025-09-10,107.92,108.5,105.27,106.19,661135
2025-09-11,112.65,115,107.08,107.7,2370961
2025-09-12,110.97,113.26,110.51,112.54,417515
2025-09-15,109.43,111.6,108.85,110.8,297426
2025-09-16,109.64,111.29,109.25,109.6,169578
2025-09-17,110.15,112.2,109.64,110.2,338628
2025-09-18,110.38,111.51,109.23,110.5,336422
2025-09-19,110.1,110.9,109.81,110.86,195118
2025-09-22,109.98,110.74,109.3,110.3,179338
2025-09-23,109.15,110.8,108.25,109.51,260028
2025-09-24,108.02,109.69,107.8,109.69,181239
2025-09-25,107.12,108.58,106.6,107.4,246391
2025-09-26,105.35,107.1,105.08,107.1,215571
2025-09-29,105.13,106.89,105.08,105.35,201593
2025-09-30,105.86,107,104.99,105.3,325439
2025-10-01,106.63,107.1,105.49,105.8,247695
2025-10-03,106.8,107.12,105.35,106.62,206612
2025-10-06,105.56,108.2,105.2,108.01,267376
2025-10-07,105.53,106,105,105.91,270756
2025-10-08,105.07,106,104.27,105.5,178828
2025-10-09,104.02,105.35,103.36,105,227698
2025-10-10,104.6,105.96,103.5,104.02,229386
2025-10-13,102.95,105.69,102.29,105,317173
2025-10-14,101.74,104.1,101.2,103.1,346238
2025-10-15,102.61,103.1,101.4,101.8,233945
2025-10-16,106.87,110.5,103,103,2229376
2025-10-17,108.68,110,106.16,106.16,732446
2025-10-20,103.64,108.68,103.01,108.06,722585
2025-10-21,107.34,108.8,103.64,103.95,288328
2025-10-23,105.66,110.04,105.2,106.71,596754
2025-10-24,104.6,105.78,104.4,105.66,240015
2025-10-27,105.82,106.1,104.6,104.8,200913
2025-10-28,106.02,106.6,104.79,105.82,234131
2025-10-29,106.98,107.5,105.31,105.31,295934
2025-10-30,106.38,107.51,105.71,106.55,285051
2025-10-31,105.71,106.8,105.32,105.65,174225
2025-11-03,107.58,108,105.9,106.01,239683
2025-11-04,108.15,108.99,106.41,107.28,334985
2025-11-06,108.65,110,106.14,106.55,519091
2025-11-07,110.43,111.17,106.36,108.1,595285
2025-11-10,111.64,112.9,105.1,106.42,1587584
2025-11-11,106.59,111.6,105.51,111.6,1002940
2025-11-12,107.07,108,105.63,106.89,432902
2025-11-13,105.64,108.2,105.11,107.1,337962
2025-11-14,103.32,105.62,102.2,104.95,1064995
2025-11-17,103.36,103.93,102.05,103,535133
2025-11-18,108.23,112.2,102.87,103.3,4860404
2025-11-19,111.68,112.2,107.83,108.23,1109903
2025-11-20,115.09,117.9,110.97,111.13,3640796
2025-11-21,109.82,114.61,109.42,114.44,800607
2025-11-24,107.86,110.75,106.2,109.38,3494101
2025-11-25,109.07,110.48,107.6,107.9,572026
2025-11-26,108.44,109.16,106.5,108.99,358275
2025-11-27,107.07,109.01,106.5,108.44,433061
2025-11-28,110.57,111.2,105.7,107.13,768088
2025-12-01,113.25,113.99,110.85,111.2,762943
2025-12-02,113.35,114.19,111.6,113.99,448931
2025-12-03,116.27,118.4,112.72,113.18,1502081
2025-12-04,119.44,120.25,115.46,116.7,1786148
2025-12-05,115.32,119,114.7,119,533232
2025-12-08,118.21,119,111.91,115.3,1039180
2025-12-09,118.06,118.88,114.83,117.62,1059126
2025-12-10,117.5,120,116.1,118.25,777924
2025-12-11,117.31,118,114.88,117.43,539312
2025-12-12,117.52,118.64,116.49,117.3,231935
2025-12-15,118.51,119.6,116.67,117,437151
2025-12-16,115.54,118.78,114.27,118.51,473112
2025-12-17,116.12,116.45,114.73,115,299714
2025-12-18,116.48,117,114.12,115.8,348442
2025-12-19,123.85,125,116,116.12,2452262
2025-12-22,122.31,124.95,120.76,124.95,787794
2025-12-23,122.98,124.1,120.05,122.32,545482
2025-12-24,125.27,126.25,122.98,123,868369
2025-12-26,125.74,127.77,125.25,126.5,1084307
2025-12-29,129.61,130.95,125.71,125.99,2088689
2025-12-30,133.07,136.95,129.06,129.95,4149270
2025-12-31,137.81,139,132.01,132.46,2887300
2026-01-01,134.29,138.32,133.5,137.99,983664
2026-01-02,137.71,137.99,133.18,134.1,943809
2026-01-05,137.37,140.8,133.75,138.03,1542507
2026-01-06,137.78,138.97,136.3,137.37,708915
2026-01-07,135.16,137.5,134.46,137.1,653879
2026-01-08,130.65,135.13,128.5,134.2,1195236
2026-01-09,131.39,133.33,127.26,130,1078758
2026-01-12,140.07,140.98,127.87,131.04,2979412
2026-01-13,138.07,142.7,137.2,140.07,1485647
2026-01-14,140.19,141.98,135.95,138.5,1214858
2026-01-16,140.13,143.25,139.05,140.19,1109600
2026-01-19,139.46,143.25,137.75,140,849541
2026-01-20,137.6,140.79,134.7,139.18,1202682
2026-01-21,135.28,137.55,133,135.5,1156897
2026-01-22,139.93,140.8,134.8,135,708492
2026-01-23,135.93,141.1,132.39,139.93,885850
2026-01-27,137.18,139,134.37,135.55,791740
2026-01-28,138.15,140,136.59,138,470864
2026-01-29,142.59,143.53,137,138.15,1314825
2026-01-30,141.01,142.4,139.1,142.4,942786
2026-02-02,132.44,137.53,126.36,136,1695707
2026-02-03,132.55,141.03,130.1,137,1179524
2026-02-04,133.09,134.3,132.04,133.94,655356
2026-02-05,128.42,134.28,127.49,133.2,875380
2026-02-06,128.07,128.69,124.72,128.28,883057
2026-02-09,135.87,137.28,127.5,129,1263082
2026-02-10,135.96,137.4,134.85,135.75,582185
2026-02-11,134.76,137.99,133.29,136,532914
2026-02-12,138.32,140.2,134.56,134.76,1166674
2026-02-13,138.54,139.9,134.78,136.8,609254
2026-02-16,139.43,141.14,136.68,138.54,715460
2026-02-17,138.46,141.47,137.51,139.43,570115
2026-02-18,139.21,139.87,136.51,138.41,387814
2026-02-19,141.63,143,137.11,139.5,1787055
2026-02-20,147.11,148.15,138.9,141.5,2084741
2026-02-23,146.22,149.11,144.5,147.9,1704622
2026-02-24,144.28,146.25,140.9,145.59,970260
2026-02-25,144.35,145.56,143,144.28,533605
2026-02-26,144.53,146.29,140.5,144,727788
2026-02-27,140.94,144.24,139.3,144.24,450790
2026-03-02,139.13,141.18,133.4,133.71,822177
2026-03-04,136.03,137.79,133.2,137,827773
2026-03-05,138.99,140.11,136,136.03,393939
2026-03-06,135.75,139.51,134.33,138.28,355634
2026-03-09,130.5,134.57,128.8,131.1,663750
2026-03-10,131.96,133.7,130.9,132.01,265357
2026-03-11,132.42,133.99,131.35,133.99,388550
2026-03-12,130.37,132.4,127.46,129.67,532811
2026-03-13,130.2,132.21,128.22,129.4,703058
2026-03-16,126.86,129.53,122.21,129.3,1501443
2026-03-17,130.1,131,125.66,126.4,418797
2026-03-18,136.55,138,129.95,130.47,659685
2026-03-19,133.01,135.09,131,133,526796
2026-03-20,134.51,136.32,132.69,133.8,586965
2026-03-23,127.98,133.99,127.58,131.56,446158
2026-03-24,128.71,133,127.16,129.1,514778
2026-03-25,131.73,134.01,129.1,129.1,333903
2026-03-27,134.03,135,130.51,132.99,913818
2026-03-30,135.89,136.99,130,132,1339219
2026-04-01,139.37,141.4,136.59,137,761729
2026-04-02,140.35,141.63,134.22,134.89,662859
2026-04-06,146.53,148.2,140.35,141.95,1495488
2026-04-07,143.78,148,142.56,146.01,574707
2026-04-08,148.04,149,144.78,148,905069
2026-04-09,152.79,154.77,145.51,148,2223259
2026-04-10,151.83,154.8,151.1,154.79,870377
2026-04-13,154.89,156.8,148.49,149,1138613
2026-04-15,154.77,156.5,152.8,156,814215
2026-04-16,152.42,156.27,151.08,155.25,664859
2026-04-17,148.22,154.8,148,153,1011615
2026-04-20,146.73,149.2,145.5,148.1,744830
2026-04-21,156.18,157.61,147.32,147.8,2370147
2026-04-22,154.95,159.57,154.6,156.9,1300369
2026-04-23,154.96,160,154,154.5,1114795
2026-04-24,151.37,156.32,149.5,156.18,641493
2026-04-27,152.81,154.07,147.21,150.78,786850
2026-04-28,149.54,153.94,149.2,152.8,352796
2026-04-29,151.4,153,149.66,151.03,414868
2026-04-30,155.75,158.5,149.91,151,1708960
2026-05-04,154.96,161,153.41,156.55,967781
2026-05-05,157.86,160,154.51,154.96,856336
2026-05-06,156.63,159.35,155.02,159.23,620171
2026-05-07,163.08,165.17,154.89,156.63,2472179
2026-05-08,166.46,168.95,162.62,163.95,2368945
2026-05-11,167.1,177.92,166.1,174.39,5253927
2026-05-12,166.42,167.99,159.71,166,1632581
2026-05-13,164.95,169.57,161.5,166.49,1054640
2026-05-14,161.78,165.28,159.8,165.19,669269
2026-05-15,162.79,167.85,161.2,162.9,1156593
2026-05-18,161.98,162.5,157.05,162,749443
2026-05-19,161.12,163.98,160.44,161.6,867570
2026-05-20,164.98,165.92,158.8,161.1,831642
2026-05-21,165.32,168.15,162.8,167,1165824
2026-05-22,163.44,165.32,162.5,165.32,517476
2026-05-25,162.97,165.7,161,164.8,949138
2026-05-26,162.44,163.75,160.46,162.1,619139
2026-05-27,160.47,162.8,160,162.25,504942
2026-05-29,154.89,161.51,152,160.47,1287580
2026-06-01,152.81,157.6,151.59,155.93,919631
2026-06-02,155.62,156.3,151,151,375653
2026-06-03,153,157,151.55,157,297411
2026-06-04,154.97,156.09,152.19,152.8,429426
2026-06-05,155.86,157.92,154.5,155.27,513248
2026-06-08,158.55,162.38,154.5,155.28,1455840
2026-06-09,160.27,161.2,157.04,159.55,712399
2026-06-10,156.94,161.8,155.1,161.3,534519
2026-06-11,155.34,157.01,154.26,157,530064
2026-06-12,157.83,159.9,155.81,156.8,496144
2026-06-15,157.05,162.3,156.71,158,477603
2026-06-16,158.19,159.22,156,159.22,424859
2026-06-17,155.49,158.4,155,157.7,801890
2026-06-18,158.78,159.9,155.01,155.5,557526
2026-06-19,159.98,160.5,156.75,158.78,546603
2026-06-22,161.21,161.85,158.43,160.01,529731
2026-06-23,161.34,164.3,159.5,161.5,859946
2026-06-24,161.56,163.2,159.98,161.25,723793
2026-06-25,158.27,164.4,157.35,163.56,909635
2026-06-29,161.87,167.7,157.6,157.72,2138766
2026-06-30,165.33,167.4,160.07,161.45,1066861
2026-07-01,162.5,167.4,162.1,165.33,639346
2026-07-02,165.35,166.5,163,165,593223
2026-07-03,164.52,167.4,163.1,166.5,606758
2026-07-06,162.9,164.6,160.5,164.51,802665
2026-07-07,161.32,162.9,160.5,162,604087
2026-07-08,159.3,164.2,158.2,160.5,731468
2026-07-09,158.41,161.85,155.6,160.71,1309602
2026-07-10,154.29,159,153.3,157.4,986701
2026-07-13,149.09,154.7,146.49,153.5,2127998
2026-07-14,150.36,152.84,146.05,149.99,908611
2026-07-15,149.4,152.08,148.55,150.73,547358
2026-07-16,148.23,150.65,147.5,149,807383
2026-07-17,145.9,149.49,145.2,148.39,588598
2026-07-20,143.88,147.18,143.2,145,414816
2026-07-21,142.61,145.29,142.32,143.5,341288
2026-07-22,144.73,145.43,141.41,142.63,715309
2026-07-23,139.14,144.51,138.33,144.51,828280
2026-07-24,151.64,152.89,137.7,138.95,9152593
2026-07-27,157.31,158.98,150.2,153.69,3107123
2026-07-28,156.46,157.68,154.71,157,1016858
2026-07-29,164.31,167.8,156.31,157,3688190
2026-07-30,172.59,173.77,162.72,164,4585596
2026-07-31,172.11,177.13,170,172,3375847
2026-08-03,180.68,182,171.52,178,8639340
2026-08-04,176.21,184.03,174,180.42,2216383
2026-08-05,174.83,179.79,171.1,176,1247058
2026-08-06,177.72,180,172.95,173,1888741
2026-08-07,169.22,176.9,167.15,176.9,1955074
2026-08-10,172.85,174,167.2,168.4,898152
2026-08-11,168.87,173.78,167.91,171.35,969399
2026-08-12,165.36,169.7,165,169,583895
2026-08-13,170.18,170.9,165.01,165.01,564418
2026-08-14,172.81,174.95,168.1,170.02,1307554
2026-08-17,172.75,174.15,169.6,173.35,528609
2026-08-18,177.76,178.8,171.7,172,1907053
2026-08-19,173.83,177.76,173,177.76,701515
2026-08-20,183.36,184.67,172.56,174,2211274
2026-08-21,177.46,184.99,176.2,184.5,1521348
2026-08-24,180.6,184.54,173.96,177.8,2174153
2026-08-25,177.53,182,176.45,180.5,1065445
2026-08-26,173.19,178.79,172.21,177.53,1267377
2026-08-27,168.5,175.48,168,174.3,1084161
2026-08-28,166.98,170.57,165.56,169,913733
2026-08-31,176.92,178,167.37,167.99,2235760
2026-09-01,172.03,176.45,169.61,174.1,829190
2026-09-02,170.8,173.67,169.15,171.8,483798
2026-09-03,170.88,172,167.7,170.8,830501
2026-09-04,167.81,171.2,167.2,170.88,466226
