Date,Close,High,Low,Open,Volume
1995-01-05,11.875,11.875,11.875,11.875,50
1995-01-09,11.875,11.875,11.875,11.875,50
1995-01-20,11.75,11.75,11.75,11.75,200
1995-01-23,12.5,12.5,12.5,12.5,500
1995-01-24,11.25,11.25,11.25,11.25,100
1995-01-25,12.5,12.5,12.5,12.5,1000
1995-02-01,13.125,13.125,13.125,13.125,100
1995-02-02,13.75,13.75,13.125,13.125,550
1995-02-03,13.75,13.75,13.75,13.75,550
1995-02-06,14.6875,14.6875,13.5625,13.5625,1050
1995-02-07,14.375,14.375,13.9375,13.9375,650
1995-02-08,14,14,14,14,50
1995-02-09,13.5,13.5,13.5,13.5,50
1995-02-10,13.5,13.5,13.375,13.375,450
1995-02-14,12.5,12.5,12.5,12.5,150
1995-02-16,12.5,12.5,12.5,12.5,50
1995-02-17,11.875,11.875,11.875,11.875,50
1995-02-20,11.5,11.5,11.5,11.5,50
1995-03-01,11.25,11.25,11.25,11.25,300
1995-03-02,11.25,11.25,11.25,11.25,700
1995-03-03,11.375,11.375,11.375,11.375,150
1995-03-06,11.3125,11.3125,11.25,11.25,400
1995-03-07,11,11,11,11,50
1995-03-09,11.75,11.75,11.5,11.5,4600
1995-03-10,11.375,11.375,11.375,11.375,1000
1995-03-13,11.125,11.125,11.125,11.125,100
1995-03-14,11.875,11.875,11.875,11.875,100
1995-03-15,11.625,11.625,11.625,11.625,100
1995-03-16,11.5,11.5,11.5,11.5,100
1995-03-20,11.5,11.5,11.5,11.5,50
1995-03-21,11.5,11.5,11.5,11.5,100
1995-03-24,11.25,11.25,11.25,11.25,50
1995-03-28,11.875,11.875,11.875,11.875,50
1995-03-29,11.625,11.625,11.625,11.625,250
1995-05-18,9.5,9.5,9.5,9.5,250
1995-05-19,9.625,9.625,9.5625,9.5625,150
1995-05-22,9.625,9.625,9.375,9.375,500
1995-05-26,10,10,10,10,150
1995-05-30,11.125,11.125,10,10,500
1995-05-31,13.125,13.125,11.875,11.875,200
1995-06-01,16.25,16.875,13.4375,13.4375,400
1995-06-02,16.25,16.25,16.25,16.25,250
1995-06-05,16.25,16.25,16.25,16.25,800
1995-06-06,13.75,14.625,13.75,14.625,250
1995-06-07,14.375,14.375,14.125,14.125,1100
1995-06-08,13.9062,14.0625,13.125,13.125,400
1995-06-09,13.9062,13.9062,13.5,13.5,200
1995-06-12,12.9812,13.7563,12.5,13.7563,1600
1995-06-13,13.25,13.625,13.125,13.25,500
1995-06-14,13.1313,13.1313,13,13,200
1995-06-15,13.6125,13.6125,13.6125,13.6125,100
1995-06-19,13.75,13.75,13.75,13.75,300
1995-06-20,13.125,13.75,13.125,13.75,500
1995-06-21,13.375,13.5,13.25,13.375,400
1995-06-22,13.25,13.25,13.25,13.25,100
1995-06-28,12.875,12.875,12.8687,12.8687,1100
1995-06-29,12.6875,12.8188,12.6875,12.8188,650
1995-07-03,12.5,12.5,12.5,12.5,1100
1995-07-04,12.5,12.5,12.5,12.5,150
1995-07-05,12.125,12.125,11.875,11.875,150
1995-07-06,12.5,12.75,12.1313,12.1313,300
1995-07-07,12.5,12.5,12.25,12.25,2500
1995-07-10,11.875,11.8813,11.875,11.8813,100
1995-07-13,12.75,12.75,12.75,12.75,1000
1995-07-14,12.625,12.625,12.1562,12.625,550
1995-07-17,12.75,12.75,12.75,12.75,250
1995-07-18,13.0875,13.125,12.75,12.875,850
1995-07-19,13,13,13,13,300
1995-07-24,13.75,13.75,13.75,13.75,100
1995-07-25,13.5,13.5,13.375,13.375,200
1995-07-26,13.75,13.75,13.5,13.5,250
1995-07-27,13.375,13.375,13.125,13.125,1100
1995-07-28,13.5,13.5,12.875,12.875,400
1995-07-31,13,13,12.875,12.875,450
1995-08-01,13.25,13.375,13.0063,13.0063,250
1995-08-02,13,13.125,13,13.125,300
1995-08-03,13.0625,13.0625,13.0625,13.0625,50
1995-08-04,13,13,13,13,50
1995-08-07,13.125,13.125,13.125,13.125,100
1995-08-08,13.375,13.375,13.125,13.25,900
1995-08-11,12.5,12.8125,12.5,12.8125,200
1995-08-14,13.375,13.375,13.125,13.125,300
1995-08-16,13.375,13.375,13.375,13.375,200
1995-08-17,13.425,13.4375,13.375,13.4375,300
1995-08-21,13.5,13.5,13.125,13.125,300
1995-08-22,13.65,13.925,13.375,13.925,200
1995-08-23,13.125,13.75,13.125,13.75,250
1995-08-24,12.9438,12.9438,12.9438,12.9438,100
1995-08-25,12.875,13.25,12.875,13.25,200
1995-08-28,12.625,12.75,12.625,12.75,500
1995-09-11,12.4,12.4,12.4,12.4,300
1995-09-12,11.8,11.8,11.8,11.8,100
1995-09-13,11.79,11.79,11.6,11.6,250
1995-09-14,11,11,11,11,100
1995-09-15,11.6,11.6,11.6,11.6,50
1995-09-18,11.8,11.8,11.8,11.8,50
1995-09-19,10.8,10.8,10.8,10.8,100
1995-09-20,10.8,10.8,10.8,10.8,400
1995-09-22,12.9,12.9,11.85,11.85,150
1995-10-10,11.6,11.6,11.6,11.6,100
1995-10-13,11.2,11.2,11.2,11.2,100
1995-10-17,10.5,10.5,10.5,10.5,100
1995-10-18,10.2,10.2,10.2,10.2,100
1995-10-27,10.6,10.6,10.2,10.2,300
1995-10-30,10.38,10.4,10.36,10.4,200
1995-10-31,10.4,10.4,10,10.4,200
1995-11-01,10.8,11,10.8,10.4,150
1995-11-03,10.4,10.4,10.4,10.4,150
1995-11-07,10.01,10.01,10.01,10.01,100
1995-11-08,9.4,9.4,9.1,9.1,400
1995-11-09,9.7,9.7,9.7,9.7,200
1995-11-10,9.41,9.8,9.3,9.8,650
1995-11-13,9.5,9.6,9.3,9.5,2300
1995-11-14,9.3,9.4,9,9.4,500
1995-11-15,9.6,9.6,9.4,9.4,150
1995-11-16,9.7,9.7,9.4,9.4,100
1995-11-17,10.2,10.6,10.2,10.6,650
1995-11-20,10.4,10.4,9.8,9.8,350
1995-11-21,10,10.2,10,10.2,550
1995-11-22,10,10,10,10,50
1995-11-23,9.8,10,9.8,10,1300
1995-11-29,10.3,10.5,10.2,10.2,750
1995-11-30,10.49,10.6,10.38,10.3,5200
1995-12-01,10.6,10.6,10.6,10.6,1000
1995-12-05,9.64,10.4,9.64,10.4,200
1995-12-07,10.4,10.4,10,10,300
1995-12-08,11,11,10.4,10.4,300
1995-12-12,10.8,10.96,10.59,10.59,850
1995-12-14,10.99,10.99,10.99,10.99,50
1995-12-15,11,11,10.99,10.99,800
1995-12-18,10.02,10.2,10.02,10.2,200
1995-12-19,10.25,10.26,10.1,10.1,250
1995-12-20,10.2,10.6,10.2,10.25,200
1995-12-21,10.22,10.4,10.2,10.2,200
1995-12-26,10.75,10.75,10.65,10.65,100
1995-12-27,10.99,10.99,10.59,10.6,1300
1995-12-28,10.6,10.6,10.6,10.6,100
1996-01-02,9.65,10.4,9.6,10.4,1100
1996-01-05,10.58,10.58,9.99,9.99,300
1996-01-08,10.35,10.35,10.35,10.35,50
1996-01-09,9.9,9.9,9.8,9.8,2300
1996-01-12,9.2,10.59,9.2,10.59,650
1996-01-16,9.9,9.9,9.4,9.4,2050
1996-01-17,10.06,10.06,10.06,10.06,50
1996-01-19,9.66,9.79,9.66,9.78,400
1996-01-22,10.4,10.4,9.6,9.6,300
1996-01-23,9.6,9.6,9.6,9.6,500
1996-01-24,9.4,9.4,9.4,9.4,100
1996-01-25,9.4,9.4,9.4,9.4,100
1996-01-29,9.21,9.21,9.2,9.2,250
1996-01-30,9.12,9.3,9.12,9.3,350
1996-02-01,9.45,9.45,9.12,9.12,200
1996-02-02,8.8,9.45,8.8,9.45,400
1996-02-05,9.4,9.6,9.4,9.6,400
1996-02-06,9.4,9.4,9.4,9.4,400
1996-02-07,9.6,9.6,9.45,9.45,100
1996-02-08,9.6,9.6,9.6,9.6,300
1996-02-09,9.4,9.41,9.4,9.41,900
1996-02-12,9.7,10,9.6,9.4,300
1996-02-13,9.7,9.7,9.6,9.6,550
1996-02-14,10.5,10.5,10,9.7,250
1996-02-15,10.21,10.6,10.21,10.5,750
1996-02-16,10.2,10.7,10.2,10.21,300
1996-02-19,10.3,10.6,10.3,10.2,250
1996-02-20,10.6,10.6,10.2,10.3,300
1996-02-22,10.61,11,10.6,10.6,750
1996-02-23,10.81,11.19,10.8,10.61,500
1996-02-26,10.65,10.8,10.65,10.81,650
1996-02-27,10.8,10.8,10.55,10.8,550
1996-02-28,11.3,11.4,10.4,10.8,350
1996-02-29,10.35,11.39,10.3,11,1250
1996-03-01,10.4,10.4,10.2,10.2,350
1996-03-04,10.69,10.69,9.5,9.5,550
1996-03-06,10.2,10.2,10.2,10.2,100
1996-03-07,10.02,10.78,9.9,10.2,550
1996-03-08,10,10.1,10,10.1,150
1996-03-11,10,10,10,10,200
1996-03-12,9.22,9.22,9.03,9.03,200
1996-03-13,9.41,9.79,9.1,9.1,300
1996-03-14,9.6,9.6,9.6,9.41,50
1996-03-15,9.65,9.8,9.6,9.6,1050
1996-03-18,9.8,9.8,9.8,9.65,100
1996-03-19,9.12,9.2,9,9,600
1996-03-21,9.6,9.6,9.3,9.12,400
1996-03-25,9.59,9.59,9.4,9.4,200
1996-03-26,9.01,9.11,9,9.11,500
1996-03-27,8.8,8.8,8.8,9.01,150
1996-03-28,9,9,8,8,250
1996-03-29,9.38,9.38,9.38,9.38,150
1996-04-01,9.03,9.1,9.03,9.38,500
1996-04-02,9.33,9.33,9,9.03,400
1996-04-03,9.8,9.8,9.4,9.4,400
1996-04-04,9.38,9.38,9.38,9.8,100
1996-04-08,9.4,9.4,9.4,9.4,50
1996-04-09,9.01,9.5,8.81,9.5,1400
1996-04-10,9.03,9.05,9,9.01,1200
1996-04-11,9,9,9,9,300
1996-04-12,9.2,9.5,9.15,9,1150
1996-04-15,9.27,9.4,9.26,9.2,750
1996-04-16,9.11,9.4,9.05,9.27,1000
1996-04-17,9.4,9.4,9.2,9.2,700
1996-04-18,9.78,9.78,9.4,9.4,500
1996-04-19,9.87,9.96,9.31,9.78,750
1996-04-22,9.64,9.8,9.64,9.87,300
1996-04-23,9.67,9.7,9.42,9.64,850
1996-04-24,9.5,9.5,9.31,9.31,800
1996-04-25,9.6,9.6,9.5,9.5,1000
1996-04-26,9.6,9.6,9.6,9.6,150
1996-04-29,9.4,9.6,9.4,9.6,500
1996-04-30,9.88,9.9,9.45,9.4,3500
1996-05-01,9.8,10.05,9.7,9.8,400
1996-05-02,10.14,10.14,9.66,9.8,1150
1996-05-03,10.39,10.39,10,10.14,400
1996-05-06,10.41,10.41,10.15,10.39,1750
1996-05-07,10.05,10.54,10,10.41,2000
1996-05-08,10.2,10.2,10.2,10.05,200
1996-05-09,10.32,10.4,10.31,10.2,300
1996-05-10,10.4,10.4,9.9,10.32,500
1996-05-13,9.91,10,9.61,10,800
1996-05-14,10.28,10.57,10.2,9.91,2500
1996-05-15,10.47,10.5,10.38,10.38,750
1996-05-16,10.7,10.9,10.59,10.59,1700
1996-05-17,11.09,11.09,10.7,10.7,1150
1996-05-20,10.6,10.6,10.5,11.09,450
1996-05-21,10.4,10.4,10.2,10.6,1650
1996-05-22,10.33,10.4,10.3,10.4,900
1996-05-23,10.4,10.58,10.4,10.33,500
1996-05-24,11.2,11.35,10.17,10.4,4200
1996-05-27,10.35,10.4,10.31,10.4,950
1996-05-28,10.61,10.7,10.2,10.6,2850
1996-05-29,10.8,10.8,10.4,10.61,250
1996-05-30,10.71,11,10.61,10.8,800
1996-05-31,11.72,11.78,11.05,10.71,3950
1996-06-03,11.8,11.9,11.6,11.72,900
1996-06-04,12.82,13.03,12.29,12.29,10400
1996-06-05,13.9,14.11,13.69,13.79,5750
1996-06-06,13.54,13.79,13.2,13.2,2050
1996-06-07,13.49,13.6,13.4,13.4,2050
1996-06-10,13.6,13.6,13.2,13.39,1600
1996-06-11,13.55,13.7,13.52,13.53,1700
1996-06-12,13.6,13.6,13.53,13.55,2350
1996-06-13,13.5,13.6,13.31,13.55,3300
1996-06-14,13.58,14,13.25,13.45,2850
1996-06-17,14.2,14.37,13.97,13.98,3400
1996-06-18,14.34,14.6,14.02,14.59,3000
1996-06-19,14.1,14.2,13.81,14,2800
1996-06-20,13.8,14,13.2,14,2150
1996-06-21,13.62,14.1,13.34,13.34,26650
1996-06-24,13.38,13.4,13.2,13.4,1500
1996-06-25,13.85,14,13,13.4,2900
1996-06-26,14.4,14.4,13.21,13.21,13200
1996-06-27,13.43,13.6,13.32,13.32,2150
1996-06-28,14.25,14.75,13.4,13.4,4150
1996-07-01,14.46,14.5,14,14,7750
1996-07-02,14.53,14.6,14.12,14.38,6300
1996-07-03,14.05,14.2,13.8,14.1,2050
1996-07-04,14,14.1,13.8,13.8,25850
1996-07-05,14.2,14.2,13.91,13.91,3000
1996-07-08,14.58,15.5,14.46,15.5,7750
1996-07-09,14.22,14.6,14,14.6,3150
1996-07-10,14.51,14.79,14.2,14.2,1650
1996-07-11,14.96,15,14.55,14.6,2300
1996-07-12,15.11,15.17,14.6,14.6,4850
1996-07-15,14.65,14.72,14.1,14.72,2950
1996-07-16,14.51,14.95,14.32,14.6,6850
1996-07-17,14.78,14.8,14.56,14.56,7000
1996-07-18,15.05,15.35,14.73,14.73,2000
1996-07-19,15,15.6,15,15.05,2600
1996-07-22,15.3,15.3,14.8,14.8,250
1996-07-23,15.25,16.6,15.21,15.4,1200
1996-07-24,15.2,15.2,14.8,15,650
1996-07-25,15.11,15.4,15.1,15.2,4200
1996-07-26,15.44,16.4,14.9,14.9,6000
1996-07-29,15.9,16,15.65,15.8,1050
1996-07-30,15.21,15.83,15.2,15.75,3850
1996-07-31,15.22,15.3,15.2,15.22,900
1996-08-01,15.25,15.43,15,15,6650
1996-08-02,15.2,15.39,15.1,15.39,750
1996-08-05,14.81,15.2,14.8,15.2,1050
1996-08-06,14.94,15,14.4,14.45,3300
1996-08-07,14.9,15.2,14.8,14.8,1950
1996-08-08,15,15.28,14.99,15.2,1100
1996-08-09,15,15,15,15,1450
1996-08-12,15.16,15.18,14.82,15.04,2800
1996-08-13,14.68,15.1,14.64,14.8,800
1996-08-14,14.7,14.99,14.7,14.92,1250
1996-08-16,14.5,14.6,14.5,14.5,2000
1996-08-19,13.84,14,13.7,13.72,550
1996-08-20,13.69,14,13.4,13.4,2450
1996-08-21,14,14,13.41,13.41,1000
1996-08-22,14,14,13.6,13.6,550
1996-08-23,14.3,14.3,14.2,14.2,150
1996-08-26,14.4,14.4,14.4,14.4,50
1996-08-27,14.67,14.74,14.12,14.12,350
1996-08-28,14.8,14.8,14.6,14.6,300
1996-08-29,15,15,14.8,14.96,550
1996-08-30,14.7,15,14.7,15,600
1996-09-02,14.8,14.8,14.6,14.6,250
1996-09-03,14.41,15,14.2,14.8,1450
1996-09-04,14.2,14.9,14.2,14.6,850
1996-09-05,14.65,14.65,14.18,14.3,1050
1996-09-06,14.4,14.4,14.4,14.4,100
1996-09-09,14.2,14.4,14.2,14.4,350
1996-09-10,14.1,14.39,13.6,14,1350
1996-09-11,14.2,14.2,13.41,13.5,1700
1996-09-12,13.56,14,13.52,14,1100
1996-09-13,13.42,13.8,13.42,13.8,200
1996-09-16,13.3,13.34,13.3,13.34,250
1996-09-17,12.6,13,12.6,13,1100
1996-09-19,13.4,13.4,13.2,13.2,600
1996-09-20,12.8,12.8,12.8,12.8,150
1996-09-23,12.6,13,12.6,12.9,850
1996-09-24,12.51,12.9,12.41,12.6,1200
1996-09-25,12.4,12.4,12.4,12.4,100
1996-09-26,12.21,12.4,12.21,12.4,700
1996-09-27,11.6,11.6,11.4,11.4,250
1996-09-30,11.87,12,11,11.38,3350
1996-10-01,11.2,11.2,11.2,11.2,50
1996-10-03,11.6,11.6,11.2,11.2,250
1996-10-04,11.4,11.6,11.4,11.4,450
1996-10-07,11,11.1,11,11.1,200
1996-10-08,10.53,11.2,10.34,10.99,1200
1996-10-09,10.8,10.8,10.8,10.8,300
1996-10-10,11.2,11.4,11.2,11.3,300
1996-10-11,11.44,11.8,11.3,11.3,450
1996-10-15,11.4,11.4,11.2,11.2,150
1996-10-16,11.3,11.3,11.3,11.3,150
1996-10-17,11.2,11.2,11,11,300
1996-10-18,11.2,11.2,11.06,11.2,1000
1996-10-22,11.42,11.8,11.4,11.4,400
1996-10-23,12.2,12.2,11.8,11.8,1000
1996-10-24,13.05,13.06,13,13,550
1996-10-25,13,13.34,12.8,13.1,1100
1996-10-28,12.42,13,12.2,13,2700
1996-10-29,11.6,12.54,11.6,12.54,1800
1996-10-31,10.8,11.01,10.8,11.01,3100
1996-11-01,11,11.4,10.75,10.75,1200
1996-11-04,10.66,11,10.66,11,500
1996-11-05,10.88,11.19,10.55,10.55,2150
1996-11-07,10.8,10.8,10.7,10.8,350
1996-11-08,10.9,10.9,10.9,10.9,650
1996-11-11,11.4,11.4,11.4,11.4,100
1996-11-13,11.4,11.4,11.4,11.4,550
1996-11-14,11.19,11.8,11,11.8,2100
1996-11-18,10.97,10.98,10.8,10.8,300
1996-11-19,10.8,11.05,10.8,11.05,700
1996-11-20,11,11,10.8,10.8,400
1996-11-21,10.7,10.9,10.7,10.9,400
1996-11-22,10.4,10.65,10.26,10.65,450
1996-11-25,10.09,10.14,10.08,10.1,600
1996-11-26,9.95,10.12,9.95,10.05,8650
1996-11-27,9.8,9.9,9.8,9.86,300
1996-11-28,9.75,10.4,9.75,9.8,10000
1996-11-29,9.82,10,9.82,9.93,1500
1996-12-02,9.75,10,9.64,9.9,450
1996-12-03,9.6,9.75,9.5,9.75,1050
1996-12-04,9.3,9.3,9.3,9.3,200
1996-12-05,9.2,9.21,9.2,9.2,950
1996-12-06,9.2,9.2,9.2,9.2,300
1996-12-10,9.27,9.27,9.1,9.2,1850
1996-12-11,9.54,9.8,9.5,9.79,1250
1996-12-12,9.52,9.65,9.52,9.65,850
1996-12-13,9,9.1,9,9,750
1996-12-16,9.3,9.5,9,9,5650
1996-12-17,9.28,9.4,9.14,9.4,1850
1996-12-18,9.4,9.58,9.3,9.5,1250
1996-12-19,9.4,9.52,9.4,9.4,450
1996-12-20,9.37,9.6,9.37,9.4,900
1996-12-23,9.88,9.88,9.7,9.7,650
1996-12-24,9.99,10.01,9.7,10,1650
1996-12-26,10.55,10.6,10.3,10.3,1500
1996-12-31,9.93,10.43,9.9,10.3,4800
1997-01-01,10.6,10.6,10.3,10.4,3400
1997-01-02,10.82,10.9,10.5,10.5,5650
1997-01-03,10.7,10.8,10.7,10.75,850
1997-01-06,10.74,10.8,10.74,10.8,550
1997-01-07,10.5,10.8,10,10.8,1250
1997-01-08,10.8,11.18,10.65,10.9,3150
1997-01-09,10.8,11.08,10.71,11.08,2300
1997-01-10,10.8,11.17,10.8,11.05,7650
1997-01-13,10.86,11.35,10.86,10.97,22750
1997-01-14,10.9,11.14,10.6,11.14,3800
1997-01-15,11.33,11.35,11.1,11.26,4650
1997-01-16,10.85,11.6,10.82,11.4,4650
1997-01-17,10.6,10.8,10.6,10.75,1500
1997-01-20,10.21,10.4,10.21,10.21,550
1997-01-21,9.91,10.17,9.75,10,2550
1997-01-22,10,10,9.83,9.84,350
1997-01-24,10,10,10,10,150
1997-01-27,10.2,10.2,10.02,10.02,800
1997-01-28,10.08,10.2,10.05,10.2,850
1997-01-29,10.1,10.2,10.1,10.2,950
1997-01-30,9.68,10,9.6,10,6800
1997-01-31,9.78,9.78,9.78,9.78,3000
1997-02-03,9.45,9.7,9.4,9.5,1200
1997-02-04,9.6,9.6,9.45,9.5,1800
1997-02-05,9.75,10,9.75,9.99,800
1997-02-06,9.8,9.8,9.8,9.8,500
1997-02-07,10.1,10.2,9.8,9.8,2450
1997-02-10,10.05,10.05,10,10,650
1997-02-11,10.11,10.29,9.85,9.85,2900
1997-02-12,9.91,10.1,9.91,10.1,100
1997-02-13,10.1,10.1,10,10,400
1997-02-14,9.82,10.1,9.82,10.1,1250
1997-02-18,9.81,9.82,9.81,9.82,400
1997-02-19,9.95,9.95,9.8,9.8,1150
1997-02-20,10,10,9.95,9.95,600
1997-02-21,9.87,10,9.84,9.84,500
1997-02-24,9.64,9.85,9.6,9.6,900
1997-02-25,9.74,9.74,9.51,9.7,300
1997-02-27,10.05,10.1,10,10,1050
1997-02-28,10.4,10.4,10.39,10.39,200
1997-03-03,11.04,11.1,10.8,10.9,2500
1997-03-04,10.79,11,10.5,10.5,1450
1997-03-05,11,11,10.85,10.95,5500
1997-03-06,10.8,11,10.8,11,2150
1997-03-10,10.6,10.61,10.5,10.5,600
1997-03-11,10.1,10.4,9.9,10.4,1800
1997-03-12,10.6,10.6,10,10.05,5400
1997-03-13,10.14,10.3,10.14,10.25,300
1997-03-14,9.95,10.2,9.8,10.2,900
1997-03-17,10.1,10.1,9.8,9.8,100
1997-03-18,9.95,10.15,9.9,10.15,450
1997-03-19,9.61,10,9.61,10,200
1997-03-20,9.6,9.62,9.6,9.62,500
1997-03-21,9.46,9.46,9.46,9.46,100
1997-03-25,9.6,9.6,9.4,9.4,300
1997-03-26,9.65,9.65,9.6,9.6,600
1997-03-27,9.95,9.96,9.65,9.65,600
1997-03-31,9.4,9.45,9.4,9.45,400
1997-04-01,9.4,9.4,8.55,8.55,700
1997-04-03,9.99,10,9.32,9.32,1450
1997-04-04,10,10,9.95,10,650
1997-04-07,10.06,10.24,9.8,9.8,600
1997-04-09,10.4,10.4,10.05,10.05,600
1997-04-10,10.11,10.45,10.1,10.1,300
1997-04-11,10,10,9.95,9.95,600
1997-04-15,9.51,10.1,9.5,10.1,2400
1997-04-17,9.6,9.8,9.6,9.8,850
1997-04-21,9.7,10.2,9.6,10.2,850
1997-04-22,10,10,9.6,9.88,1750
1997-04-23,9.99,9.99,9.98,9.99,350
1997-04-24,10.02,10.1,9.98,9.98,300
1997-04-25,9.77,10.05,9.7,10.05,1000
1997-04-28,9.64,9.64,9.6,9.6,1150
1997-04-29,9.96,10.2,9.7,9.7,800
1997-04-30,9.82,10.1,9.82,10,450
1997-05-02,9.85,9.85,9.8,9.8,200
1997-05-05,9.53,9.7,9.45,9.7,1150
1997-05-06,9.75,9.75,9.25,9.26,500
1997-05-07,10,10.3,10,10,750
1997-05-08,10.05,10.05,10.01,10.01,200
1997-05-09,10.44,10.44,10.1,10.3,500
1997-05-12,10.2,10.2,10.05,10.1,300
1997-05-13,10.3,10.48,10.2,10.48,1850
1997-05-14,10.1,10.2,10.01,10.13,1500
1997-05-15,10,10,10,10,50
1997-05-16,10.1,10.1,9.9,9.9,200
1997-05-19,10.05,10.1,9.8,10.1,750
1997-05-20,9.96,9.96,9.88,9.88,150
1997-05-21,9.8,10,9.8,10,250
1997-05-22,10,10,9.6,9.6,450
1997-05-23,10.05,10.05,10.05,10.05,100
1997-05-26,9.37,9.37,9.37,9.37,50
1997-05-27,9.9,9.9,9,9.45,5050
1997-05-28,9.7,9.72,9.61,9.72,450
1997-05-29,9.95,9.95,9.6,9.6,1300
1997-05-30,9.98,9.98,9.8,9.8,1000
1997-06-02,9.8,9.8,9.8,9.8,100
1997-06-03,9.95,10.1,9.8,9.8,1800
1997-06-04,10.41,10.65,10.11,10.5,2750
1997-06-05,10.16,10.52,10.15,10.5,3700
1997-06-06,9.95,10.8,9.8,10.45,20400
1997-06-09,10.03,10.28,9.9,10,12900
1997-06-10,9.61,10.04,9.55,9.7,20050
1997-06-11,10.29,10.29,10.24,10.25,8250
1997-06-12,10.26,10.69,10.21,10.6,12800
1997-06-13,10.46,10.6,10.37,10.37,3550
1997-06-16,10.39,10.5,10.31,10.5,1750
1997-06-17,10.3,10.3,10.25,10.3,2100
1997-06-18,10.3,10.44,10.3,10.44,1300
1997-06-19,10.2,10.3,10.16,10.3,3200
1997-06-20,10.21,10.21,10.12,10.12,700
1997-06-23,10.26,10.48,10.12,10.48,2350
1997-06-24,10.2,10.2,10.2,10.2,950
1997-06-25,10.32,10.35,10.04,10.35,1800
1997-06-26,10.2,10.2,10.12,10.2,700
1997-06-27,10.21,10.23,10.16,10.16,1400
1997-06-30,10.2,10.2,10.2,10.2,350
1997-07-01,10.2,10.28,10.2,10.23,850
1997-07-02,10.2,10.34,10.18,10.18,2400
1997-07-03,10.22,10.28,10.22,10.25,350
1997-07-04,10.02,10.35,10.02,10.18,950
1997-07-07,10.2,10.35,10,10.2,2750
1997-07-08,10.3,10.34,10.02,10.06,2450
1997-07-09,10.66,10.79,10.3,10.38,4850
1997-07-10,11.01,11.3,10.42,10.94,7800
1997-07-11,11.16,11.3,11,11.05,7800
1997-07-14,10.6,11.2,10.4,11.2,4100
1997-07-15,10.59,10.75,10.4,10.55,8850
1997-07-16,10.63,10.8,10.6,10.78,2450
1997-07-17,11.24,11.24,10.6,10.9,1850
1997-07-21,10.8,10.8,10.6,10.72,900
1997-07-22,11.16,11.18,10.61,10.8,3100
1997-07-23,11.2,11.3,11.1,11.3,3000
1997-07-24,11.95,11.95,11.25,11.25,7500
1997-07-25,12.35,12.6,12,12,3400
1997-07-28,12.2,12.4,12,12.08,1750
1997-07-29,12,12.4,11.85,12.4,1100
1997-07-30,12.44,12.79,12,12,6350
1997-07-31,11.57,12.7,11.57,12.4,5100
1997-08-01,10.8,11.15,10.79,10.82,4150
1997-08-04,10.81,11.19,10.35,10.35,3350
1997-08-05,11.19,11.55,11.1,11.39,3700
1997-08-06,10.65,10.8,10.55,10.8,2200
1997-08-07,10.71,11.39,10.7,11.39,2800
1997-08-08,10.6,10.64,10.2,10.6,1850
1997-08-11,10.69,10.8,10.45,10.58,2650
1997-08-12,10.62,10.7,10.4,10.5,1750
1997-08-13,10.27,10.7,10.27,10.6,650
1997-08-14,10.1,10.27,10.1,10.27,1700
1997-08-18,9.42,10,9.4,10,8500
1997-08-19,9.67,10,9.45,9.5,1500
1997-08-20,9.95,10,9.6,9.95,5350
1997-08-21,9.76,10.1,9.74,10.1,9700
1997-08-22,9.62,9.8,9.62,9.8,1750
1997-08-25,10.17,10.2,9.77,9.77,6800
1997-08-26,9.94,10.08,9.8,10.06,1450
1997-08-27,10.2,10.3,10.06,10.3,650
1997-08-28,9.99,10,9.81,10,1700
1997-08-29,10.02,10.02,9.95,9.95,1200
1997-09-01,10.07,10.08,9.9,10.05,1200
1997-09-02,10,10.02,9.6,9.9,1500
1997-09-03,10,10,9.7,9.7,1600
1997-09-04,9.9,9.95,9.56,9.65,17600
1997-09-05,9.6,9.6,9.34,9.34,550
1997-09-09,9.51,9.6,9.4,9.42,1800
1997-09-10,9.4,9.6,9.4,9.6,1250
1997-09-11,9.33,9.42,9.33,9.42,1200
1997-09-12,9.25,9.4,9.22,9.3,650
1997-09-15,9.32,9.32,9.05,9.29,950
1997-09-16,9.2,9.2,9.1,9.2,750
1997-09-17,8.91,9.02,8.9,9.02,700
1997-09-18,8.8,8.85,8.32,8.8,1600
1997-09-19,8.6,8.72,8.5,8.5,450
1997-09-22,8.56,8.56,8.3,8.4,5950
1997-09-23,8.41,8.45,8.33,8.34,1300
1997-09-24,8.6,8.6,8.41,8.52,650
1997-09-25,8.57,8.75,8.56,8.7,14550
1997-09-26,8.42,8.8,8.4,8.6,1550
1997-09-29,8.3,8.42,8.3,8.42,2300
1997-09-30,8,8.15,8,8.15,700
1997-10-01,7.98,8,7.98,7.98,1100
1997-10-09,8.1,8.1,7.8,7.8,900
1997-10-10,8.07,8.24,8,8,650
1997-10-13,8.14,8.4,8.1,8.4,500
1997-10-14,8.29,8.29,7.81,8.09,1450
1997-10-15,8.46,8.48,8.16,8.39,450
1997-10-16,8.31,8.65,8.31,8.65,150
1997-10-17,8.74,8.78,8.45,8.45,450
1997-10-20,8.4,8.5,8.26,8.4,1200
1997-10-21,8.22,8.35,8.15,8.15,300
1997-10-22,8,8.07,8,8.07,1500
1997-10-24,7.91,8.4,7.9,8.4,550
1997-10-27,7.8,8,7.63,8,600
1997-10-28,7.3,7.7,7.3,7.7,1050
1997-10-29,7.8,7.8,7.6,7.75,800
1997-10-30,8.2,8.2,8.2,8.2,50
1997-11-03,7.95,8.4,7.95,8.28,1200
1997-11-04,7.94,8.1,7.9,8,950
1997-11-05,7.92,7.92,7.7,7.75,800
1997-11-06,7.38,7.4,7.38,7.4,100
1997-11-07,7.35,7.35,6.9,6.91,400
1997-11-10,7.21,7.4,7.01,7.21,800
1997-11-11,6.72,6.93,6.72,6.93,500
1997-11-12,6.62,6.7,6.6,6.7,350
1997-11-13,6.52,6.6,6.52,6.55,500
1997-11-17,6.8,6.8,6.65,6.65,400
1997-11-18,6.6,6.7,6.6,6.65,800
1997-11-19,6.8,6.81,6.8,6.81,100
1997-11-20,6.81,7,6.8,7,1350
1997-11-21,6.8,7,6.8,7,800
1997-11-24,6.6,6.8,6.6,6.8,250
1997-11-25,6.5,6.6,6.5,6.5,200
1997-11-27,6.8,6.8,6.7,6.7,100
1997-11-28,6.55,6.6,6.35,6.6,1100
1997-12-01,6.25,6.3,6.2,6.3,200
1997-12-02,6.45,6.46,6.45,6.45,300
1997-12-03,6.58,6.58,6.31,6.35,250
1997-12-04,6.45,6.7,6.45,6.7,200
1997-12-05,6.28,6.45,6.25,6.45,300
1997-12-08,6.4,6.4,6.25,6.26,150
1997-12-09,6.19,6.32,6.1,6.32,700
1997-12-10,6.12,6.34,6.12,6.34,400
1997-12-11,6,6,6,6,150
1997-12-16,6.2,6.2,6.02,6.2,500
1997-12-17,6.2,6.4,6.2,6.4,250
1997-12-18,6.25,6.58,6.25,6.58,650
1997-12-19,6.52,6.53,6.02,6.02,400
1997-12-22,6.74,6.74,6.3,6.3,100
1997-12-23,6.74,6.8,6.5,6.8,150
1997-12-24,6.55,6.56,6.4,6.41,1800
1997-12-26,6.75,6.8,6.7,6.7,200
1997-12-29,7,7,6.98,6.98,250
1997-12-30,6.9,7.05,6.9,7,200
1997-12-31,6.83,7,6.83,7,250
1998-01-01,6.85,6.85,6.8,6.8,350
1998-01-02,7.33,7.33,7.05,7.19,1550
1998-01-05,7.4,7.4,7.4,7.4,200
1998-01-06,7.2,7.2,7.14,7.15,450
1998-01-07,7.4,7.7,7.4,7.4,850
1998-01-08,7.2,7.25,7.12,7.2,450
1998-01-09,7.15,7.3,7.1,7.3,900
1998-01-12,6.78,7.19,6.7,7.19,900
1998-01-13,6.8,7,6.45,7,1050
1998-01-15,6.99,6.99,6.99,6.99,50
1998-01-19,6.8,6.9,6.8,6.9,200
1998-01-20,6.95,7.1,6.8,6.8,550
1998-01-23,6.61,6.7,6.61,6.7,150
1998-01-27,6.9,6.9,6.9,6.9,200
1998-01-28,6.41,6.6,6.41,6.6,350
1998-01-29,6.45,6.45,6.45,6.45,50
1998-01-30,6.75,6.84,6.6,6.84,250
1998-02-02,6.81,6.81,6.43,6.8,1250
1998-02-03,6.51,6.51,6.5,6.5,200
1998-02-04,6.6,6.6,6.6,6.6,200
1998-02-05,6.4,6.4,6.21,6.3,250
1998-02-06,6.53,6.53,6.53,6.53,100
1998-02-09,6.25,6.25,6.2,6.2,150
1998-02-10,6.2,6.2,6.05,6.15,300
1998-02-11,6.4,6.4,6.14,6.14,200
1998-02-12,6.14,6.2,6.05,6.14,1350
1998-02-13,6.19,6.2,6.18,6.18,350
1998-02-17,6.5,6.63,6.2,6.3,600
1998-02-18,6.63,7,6.53,6.53,300
1998-02-20,7.08,7.08,7.08,7.08,100
1998-02-23,7.08,7.08,6.94,6.96,3750
1998-02-24,6.99,6.99,6.64,6.64,100
1998-02-25,6.9,6.9,6.9,6.9,450
1998-02-26,7,7.17,6.8,6.8,600
1998-02-27,6.62,6.8,6.6,6.8,800
1998-03-02,6.9,7.17,6.75,6.75,850
1998-03-03,6.8,6.8,6.78,6.78,150
1998-03-04,6.99,7,6.81,7,400
1998-03-05,7,7,6.94,7,900
1998-03-06,6.75,6.81,6.62,6.81,900
1998-03-09,6.9,6.9,6.75,6.75,350
1998-03-10,6.68,6.8,6.68,6.76,500
1998-03-11,6.7,6.9,6.61,6.9,1800
1998-03-12,6.9,6.9,6.8,6.8,400
1998-03-16,6.81,6.82,6.75,6.8,950
1998-03-17,7,7.12,6.5,6.5,1600
1998-03-18,7.01,7.03,6.91,6.91,800
1998-03-19,7.01,7.25,7.01,7.25,650
1998-03-20,7.24,7.24,6.95,6.95,450
1998-03-24,7.3,7.4,6.95,7,1300
1998-03-25,7.4,7.4,7.1,7.11,800
1998-03-26,7.55,7.55,7.06,7.4,850
1998-03-27,7.47,7.6,7.4,7.4,950
1998-03-30,8,8,7.4,7.4,1950
1998-03-31,7.23,7.4,7.22,7.4,450
1998-04-01,7.49,7.6,7.37,7.55,850
1998-04-02,7.68,7.75,7.52,7.74,2000
1998-04-03,7.46,7.6,7.3,7.6,300
1998-04-06,7.7,7.7,7.21,7.25,500
1998-04-07,7.79,7.79,7.34,7.6,1550
1998-04-09,8.3,8.55,8,8,2000
1998-04-10,9.07,9.1,8.3,8.3,3400
1998-04-13,8.8,8.93,8.7,8.75,1450
1998-04-15,9.49,9.66,9.05,9.28,2500
1998-04-16,9.01,9.98,8.85,9.2,1250
1998-04-17,9,9,8.72,9,350
1998-04-20,8.25,8.5,8.22,8.5,1050
1998-04-21,8,8.4,7.63,7.85,2500
1998-04-22,8.31,8.77,7.8,7.8,1100
1998-04-23,8.52,8.6,8.04,8.05,1850
1998-04-24,8.48,8.48,8.05,8.05,250
1998-04-27,8.03,8.4,8.02,8.3,600
1998-04-28,8.01,8.19,8.01,8.19,150
1998-04-29,8,8.4,8,8.4,1700
1998-04-30,7.8,7.8,7.8,7.8,100
1998-05-04,7.85,8.01,7.8,7.9,900
1998-05-05,7.94,8,7.6,7.65,1050
1998-05-06,8.3,8.3,7.6,7.9,1800
1998-05-08,7.92,7.92,7.71,7.71,200
1998-05-11,7.8,7.8,7.6,7.6,500
1998-05-12,7.41,7.8,7.41,7.8,900
1998-05-13,7.05,7.2,7,7.2,1250
1998-05-14,7.1,7.1,7.1,7.1,100
1998-05-15,7.3,7.3,7,7,1050
1998-05-18,7.57,7.58,7.4,7.4,400
1998-05-19,7.44,7.45,7.44,7.44,900
1998-05-20,7.3,7.35,7.3,7.32,800
1998-05-21,7.5,7.5,7.5,7.5,100
1998-05-22,7.5,7.5,7.5,7.5,600
1998-05-25,7.6,8,7.6,7.65,950
1998-05-26,7.84,8.16,7.73,7.73,1300
1998-05-27,7.56,7.8,7.52,7.8,550
1998-05-29,7.52,7.52,7.52,7.52,250
1998-06-01,7.74,8.27,7,7.8,3250
1998-06-02,8,8,7.8,7.99,1100
1998-06-03,7.8,7.8,7.7,7.8,2300
1998-06-04,7.9,7.9,7.8,7.8,750
1998-06-05,7.6,7.9,7.6,7.65,1100
1998-06-08,7.2,8.2,7.2,8.2,1200
1998-06-09,7.2,7.4,7.2,7.4,400
1998-06-10,7.2,7.5,7,7.5,550
1998-06-11,7.2,7.2,6.62,6.62,1300
1998-06-12,7.7,7.9,7.45,7.45,1600
1998-06-15,7.56,8,7.41,7.6,1800
1998-06-16,7.67,7.8,7.6,7.7,950
1998-06-17,8.38,8.4,8,8.04,2650
1998-06-18,7.95,8.32,7.91,8.32,900
1998-06-19,7.24,7.9,7.22,7.9,2200
1998-06-23,7.2,7.39,6.8,6.8,800
1998-06-24,7.3,7.3,7,7,100
1998-06-25,7.59,7.64,7.4,7.4,800
1998-06-29,7.4,7.42,7.2,7.42,1500
1998-06-30,7.2,7.5,7.2,7.5,1100
1998-07-01,7.5,7.5,7.45,7.45,200
1998-07-02,6.81,6.81,6.81,6.81,50
1998-07-07,6.66,6.85,6.6,6.8,1150
1998-07-09,7.19,7.19,7.19,7.19,50
1998-07-10,7,7,7,7,100
1998-07-13,6.6,6.7,6.6,6.7,150
1998-07-14,6.8,6.8,6.74,6.74,200
1998-07-15,7.2,7.2,7,7,200
1998-07-16,7.3,7.3,7.2,7.2,750
1998-07-17,7.35,7.5,7.35,7.4,600
1998-07-20,7.4,7.4,6.81,6.81,500
1998-07-21,7.16,7.4,7.01,7.2,1400
1998-07-22,7.2,7.2,7.2,7.2,100
1998-07-23,7.3,7.3,7.3,7.3,100
1998-07-24,7.1,7.2,7.02,7.2,700
1998-07-27,6.8,6.82,6.8,6.8,950
1998-07-29,6.9,6.9,6.89,6.89,200
1998-07-30,6.7,6.9,6.4,6.9,350
1998-07-31,6.6,6.6,6.58,6.6,750
1998-08-03,6.6,6.6,6.6,6.6,50
1998-08-04,6.4,6.6,6.4,6.6,550
1998-08-05,6.4,6.4,6.4,6.4,250
1998-08-07,6.25,6.25,6.25,6.25,400
1998-08-10,6.4,6.59,6.4,6.59,350
1998-08-11,6.33,6.4,6.2,6.4,350
1998-08-12,6.21,6.38,6.21,6.3,700
1998-08-13,6.38,6.38,6.38,6.38,100
1998-08-14,6.18,6.27,6.18,6.27,200
1998-08-17,6.01,6.02,6.01,6.02,300
1998-08-18,5.93,6,5.88,6,800
1998-08-19,6.05,6.24,6.05,6.24,300
1998-08-20,6.4,6.48,6.4,6.48,350
1998-08-21,6.2,6.2,6.2,6.2,500
1998-08-24,6.08,6.2,6.08,6.2,800
1998-08-25,6.33,6.4,6.22,6.3,450
1998-08-27,6.4,6.4,6.4,6.4,50
1998-08-28,6.3,6.47,6.27,6.47,600
1998-08-31,6.11,6.11,6.11,6.11,100
1998-09-01,6.3,6.3,6.21,6.21,700
1998-09-02,6.3,6.3,6.3,6.3,50
1998-09-03,6.2,6.22,6.2,6.22,250
1998-09-04,6.21,6.21,6.21,6.21,50
1998-09-07,6.3,6.3,6.1,6.15,350
1998-09-08,6.23,6.58,6.13,6.16,700
1998-09-09,6.08,6.4,5.94,6.4,5500
1998-09-10,5.91,5.91,5.91,5.91,100
1998-09-11,5.9,6,5.86,6,4050
1998-09-14,5.9,6.02,5.88,6.02,700
1998-09-15,6.08,6.18,6,6.02,850
1998-09-16,6.06,6.3,6.05,6.25,350
1998-09-17,6.16,6.16,6.14,6.14,450
1998-09-18,6.12,6.2,6.12,6.18,800
1998-09-21,6,6.29,6,6.29,1250
1998-09-22,6,6.1,5.95,6.01,2500
1998-09-23,6.29,6.29,6,6.02,650
1998-09-24,6.39,6.39,6.34,6.35,1000
1998-09-25,6.5,6.5,6.3,6.4,1200
1998-09-28,6.34,6.34,6.1,6.1,600
1998-09-29,6.2,6.31,6.17,6.31,500
1998-09-30,6.45,6.45,6.45,6.45,300
1998-10-05,6.1,6.11,6.1,6.11,150
1998-10-06,5.87,5.9,5.87,5.9,600
1998-10-07,6.2,6.2,6.1,6.18,550
1998-10-08,5.99,5.99,5.99,5.99,100
1998-10-09,6.18,6.18,6,6,450
1998-10-12,5.75,6,5.75,5.85,1200
1998-10-13,5.93,5.93,5.6,5.6,650
1998-10-14,5.98,5.98,5.65,5.65,400
1998-10-15,5.8,5.8,5.8,5.8,100
1998-10-26,6,6,5.72,6,550
1998-10-27,6.02,6.15,6,6,150
1998-10-28,6,6,6,6,600
1998-10-30,6,6,5.8,5.8,450
1998-11-02,5.98,5.98,5.98,5.98,100
1998-11-03,5.52,5.54,5.52,5.54,250
1998-11-05,5.93,5.95,5.9,5.9,800
1998-11-06,6.4,6.4,6,6.4,2800
1998-11-09,6.77,6.92,6.6,6.79,2800
1998-11-10,6.44,6.5,6.41,6.5,300
1998-11-11,6.6,6.9,6.4,6.9,1300
1998-11-12,6.1,6.2,6.1,6.2,150
1998-11-13,6.1,6.2,6,6.01,650
1998-11-16,6.12,6.15,6.1,6.12,700
1998-11-17,6.3,6.46,6.2,6.25,950
1998-11-18,6.77,6.77,6.52,6.52,800
1998-11-19,6.5,6.75,6.5,6.7,1750
1998-11-20,6.6,6.6,6.5,6.5,300
1998-11-23,6.1,6.52,6.1,6.52,1400
1998-11-24,6.11,6.2,6.11,6.2,400
1998-11-26,5.63,5.85,5.63,5.85,2350
1998-11-27,5.52,5.75,5.52,5.6,750
1998-11-30,5.76,5.76,5.75,5.75,700
1998-12-01,5.85,5.9,5.8,5.89,350
1998-12-02,5.83,5.83,5.8,5.81,600
1998-12-03,5.5,5.9,5.5,5.9,3250
1998-12-04,5.48,5.78,5.48,5.78,5500
1998-12-07,5.42,5.7,5.4,5.7,4300
1998-12-08,5.52,5.55,5.42,5.42,1150
1998-12-09,5.44,5.8,5.44,5.5,2450
1998-12-10,5.67,5.67,5.66,5.66,900
1998-12-11,5.66,5.66,5.66,5.66,200
1998-12-14,5.7,5.8,5.7,5.8,200
1998-12-15,5.62,6,5.5,6,1550
1998-12-16,5.8,5.8,5.76,5.76,200
1998-12-17,5.74,5.74,5.74,5.74,100
1998-12-18,5.8,5.8,5.8,5.8,12
1998-12-21,5.9,5.9,5.86,5.86,250
1998-12-22,5.95,6,5.95,5.99,150
1998-12-23,5.98,6,5.98,5.98,700
1998-12-24,6,6.01,5.9,5.95,350
1998-12-28,6.2,6.2,5.97,5.97,350
1998-12-29,6,6,5.8,5.86,1300
1998-12-30,6.08,6.18,6.05,6.18,1700
1998-12-31,6.2,6.2,6.08,6.08,1400
1999-01-01,6.3,6.54,6.23,6.36,1450
1999-01-04,6.32,6.35,6.2,6.2,800
1999-01-05,6.35,6.4,6.15,6.3,3350
1999-01-06,6.4,6.85,6.4,6.4,2700
1999-01-07,6.2,6.8,6.2,6.8,1550
1999-01-08,6.4,6.4,6.16,6.35,1550
1999-01-11,6.5,6.5,6.1,6.4,1200
1999-01-12,6.4,6.4,6.02,6.1,1550
1999-01-13,6.15,6.38,6.15,6.2,500
1999-01-14,6,6.65,6,6.36,5200
1999-01-15,6.2,6.2,6.1,6.1,650
1999-01-18,5.93,6,5.92,6,250
1999-01-19,5.8,6.05,5.8,5.92,1650
1999-01-21,5.6,6.09,5.51,5.8,1250
1999-01-22,5.7,5.85,5.6,5.6,1150
1999-01-25,5.72,5.76,5.6,5.6,850
1999-01-27,5.9,6,5.85,5.89,2650
1999-01-28,5.8,5.9,5.8,5.9,300
1999-01-29,5.7,5.9,5.7,5.7,900
1999-02-01,5.4,5.6,5.35,5.6,2800
1999-02-02,5.51,5.51,5.39,5.4,1400
1999-02-04,5.2,5.53,5.2,5.4,3300
1999-02-05,5.3,5.39,5.3,5.3,950
1999-02-08,5.1,5.52,5.1,5.4,1650
1999-02-09,5.11,5.11,5.1,5.1,100
1999-02-10,5.2,5.2,5.1,5.1,650
1999-02-11,5.1,5.11,5.1,5.1,900
1999-02-12,5.07,5.18,5.05,5.1,1100
1999-02-15,4.84,5.17,4.84,5.1,3400
1999-02-16,4.46,5,4.46,4.8,12000
1999-02-17,4.8,4.8,4.52,4.65,2550
1999-02-18,4.42,5.18,4.42,5,11050
1999-02-19,4.4,4.65,4.25,4.4,12900
1999-02-22,4.45,4.59,4.35,4.59,4650
1999-02-23,4.49,4.55,4.34,4.52,5750
1999-02-24,4.4,4.55,4.39,4.4,4050
1999-02-25,4.36,4.5,4.36,4.42,8000
1999-02-26,4.53,4.53,4.43,4.5,1250
1999-03-01,4.51,4.74,4.41,4.62,2450
1999-03-03,4.7,4.72,4.54,4.6,1350
1999-03-04,4.6,4.6,4.5,4.6,4000
1999-03-05,4.45,4.59,4.45,4.5,4600
1999-03-08,4.4,4.65,4.4,4.65,850
1999-03-09,4.1,4.61,4.1,4.6,8700
1999-03-10,4.07,4.41,4.07,4.34,6700
1999-03-11,3.75,4.3,3.75,3.9,15250
1999-03-12,3.61,3.99,3.56,3.99,7850
1999-03-15,3.7,3.8,3.6,3.6,6800
1999-03-16,3.7,3.8,3.7,3.8,6050
1999-03-17,3.4,3.4,3.4,3.4,12
1999-03-18,4.29,4.54,3.8,3.8,3600
1999-03-19,4,4.25,3.97,4,6900
1999-03-22,3.92,4.2,3.92,4.2,10950
1999-03-23,4.04,4.2,3.9,4,40450
1999-03-24,4,4.3,3.99,4.2,36800
1999-03-25,4.1,4.26,4,4.26,9250
1999-03-26,3.98,4.17,3.86,4.17,7400
1999-03-30,3.94,3.98,3.75,3.75,8400
1999-03-31,3.9,4.1,3.84,3.99,10850
1999-04-01,4.3,4.3,4,4,4250
1999-04-05,4.05,4.23,3.98,4,14050
1999-04-06,4,4.07,3.8,3.83,7500
1999-04-07,4,4.1,3.91,4.02,2450
1999-04-08,3.94,4.02,3.9,3.95,6750
1999-04-09,3.9,3.94,3.88,3.94,1650
1999-04-12,3.76,3.81,3.76,3.81,2800
1999-04-13,3.74,3.85,3.74,3.76,3350
1999-04-15,3.8,3.8,3.73,3.8,650
1999-04-16,3.94,4.06,3.8,3.83,2350
1999-04-19,3.9,3.9,3.81,3.81,3550
1999-04-20,3.74,3.81,3.74,3.8,6100
1999-04-21,3.75,3.85,3.72,3.76,5700
1999-04-22,3.75,3.8,3.72,3.8,700
1999-04-23,3.71,3.8,3.7,3.79,1050
1999-04-26,3.49,3.75,3.32,3.32,2800
1999-04-28,3.6,3.6,3.28,3.28,2750
1999-04-29,3.79,3.8,3.6,3.6,1600
1999-04-30,3.79,3.79,3.71,3.78,1200
1999-05-03,3.78,3.85,3.78,3.85,400
1999-05-04,3.79,3.8,3.57,3.8,2350
1999-05-05,3.72,3.74,3.7,3.72,950
1999-05-06,3.62,3.62,3.6,3.6,550
1999-05-07,3.7,3.8,3.65,3.8,3900
1999-05-10,3.77,3.77,3.69,3.7,900
1999-05-11,3.9,3.9,3.75,3.75,2500
1999-05-12,3.9,4.29,3.9,4,5950
1999-05-13,3.9,3.9,3.8,3.8,2900
1999-05-14,4.2,4.2,3.82,4,3850
1999-05-17,3.9,4.14,3.87,4,4950
1999-05-18,3.95,4.01,3.8,3.8,6350
1999-05-19,3.99,4.41,3.63,4.2,40950
1999-05-20,3.95,4.2,3.9,4.2,18350
1999-05-21,3.93,4.03,3.8,3.92,17300
1999-05-24,3.79,3.93,3.6,3.93,17950
1999-05-25,3.78,3.78,3.55,3.62,17400
1999-05-26,3.7,3.98,3.7,3.98,4500
1999-05-27,3.6,3.84,3.6,3.84,35050
1999-05-28,3.8,3.86,3.6,3.6,9000
1999-05-31,4.02,4.32,3.94,3.94,25350
1999-06-01,4.06,4.08,3.92,4,26350
1999-06-02,4.01,4.17,4.01,4.06,9900
1999-06-03,4,4.25,3.94,4.07,15700
1999-06-04,4.1,4.1,3.96,4.08,28250
1999-06-07,4,4.2,3.99,4.1,44500
1999-06-08,4.12,4.18,3.86,3.86,25100
1999-06-09,4.08,4.42,4.04,4.3,57450
1999-06-10,3.89,4.22,3.88,4.14,32350
1999-06-11,3.8,4,3.78,3.95,29550
1999-06-14,3.8,3.86,3.76,3.8,11050
1999-06-15,3.8,3.87,3.78,3.8,7050
1999-06-16,3.79,3.8,3.73,3.75,3650
1999-06-17,3.82,3.86,3.79,3.79,5650
1999-06-18,3.8,3.88,3.8,3.8,6700
1999-06-21,3.8,3.87,3.8,3.81,10750
1999-06-22,3.77,3.9,3.72,3.9,4800
1999-06-23,3.91,4,3.8,4,4800
1999-06-24,3.8,3.94,3.73,3.94,8300
1999-06-25,3.8,3.85,3.8,3.81,4300
1999-06-28,3.85,3.87,3.8,3.8,6450
1999-06-29,3.82,3.89,3.8,3.89,8950
1999-06-30,3.96,4.7,3.87,4.7,12200
1999-07-01,3.99,4.05,3.95,4.05,17850
1999-07-02,3.99,4.03,3.95,4,16350
1999-07-05,3.98,4.04,3.95,3.95,23800
1999-07-06,3.6,3.6,3.6,3.6,4
1999-07-07,4.41,4.76,3.97,4.18,61250
1999-07-08,4.4,4.7,4.36,4.58,46500
1999-07-09,4.76,4.76,4.46,4.57,69000
1999-07-12,5.14,5.14,4.88,4.88,43950
1999-07-13,5.2,5.56,5.04,5.54,89950
1999-07-14,5.28,5.3,5,5.29,46300
1999-07-15,4.86,5.21,4.86,5.2,44750
1999-07-16,4.69,4.95,4.5,4.5,25350
1999-07-19,4.59,4.85,4.46,4.75,21400
1999-07-20,4.29,4.6,4.24,4.6,26600
1999-07-21,4.6,4.63,4.46,4.47,8750
1999-07-22,4.6,4.88,4.5,4.88,8250
1999-07-23,4.5,4.68,4.44,4.5,8100
1999-07-26,4.36,4.4,4.2,4.34,8650
1999-07-27,4.27,4.4,4.2,4.3,10950
1999-07-28,4.57,4.62,4.52,4.62,29050
1999-07-29,4.88,4.94,4.81,4.82,52400
1999-07-30,4.91,5.23,4.85,4.98,40200
1999-08-02,4.57,4.81,4.55,4.81,15750
1999-08-03,4.39,4.55,4.35,4.55,28550
1999-08-04,4.75,4.75,4.75,4.75,2050
1999-08-05,4.8,5.13,4.8,5.13,42650
1999-08-06,4.77,4.98,4.72,4.95,27300
1999-08-09,4.79,5.08,4.75,4.82,35800
1999-08-10,4.74,4.89,4.66,4.8,27750
1999-08-11,4.78,4.95,4.72,4.76,50300
1999-08-12,4.78,4.99,4.78,4.87,27850
1999-08-13,4.63,4.9,4.5,4.68,53950
1999-08-16,4.71,4.76,4.4,4.7,29350
1999-08-17,4.77,4.9,4.7,4.74,55150
1999-08-18,5.16,5.16,5,5.15,88800
1999-08-19,5.19,5.57,5.1,5.57,84500
1999-08-20,5,5.3,4.91,5.3,39100
1999-08-23,5.33,5.36,5.02,5.1,61750
1999-08-24,5.76,5.76,5.29,5.29,93550
1999-08-25,6.1,6.22,6,6,96200
1999-08-26,6.57,6.59,6.06,6.59,71800
1999-08-27,6.52,6.89,6.32,6.89,38450
1999-08-30,6,6.62,6,6.5,31950
1999-08-31,5.57,6,5.52,5.71,58450
1999-09-01,5.41,5.58,5.34,5.56,18050
1999-09-02,5.42,5.59,5.27,5.27,15950
1999-09-03,5.35,5.45,5.31,5.31,15950
1999-09-06,5.14,5.47,5,5.27,25250
1999-09-07,5.23,5.43,5.03,5.03,41200
1999-09-08,5.28,5.51,5.16,5.4,40850
1999-09-09,5.38,5.47,5.27,5.27,31600
1999-09-10,5.38,5.46,5.3,5.37,12350
1999-09-14,5.19,5.4,5.14,5.4,22900
1999-09-15,5.61,5.61,5.23,5.34,35350
1999-09-16,5.39,5.79,5.35,5.79,20350
1999-09-17,5.36,5.4,5.24,5.3,10000
1999-09-20,5.14,5.35,5.13,5.21,15750
1999-09-21,4.88,5.11,4.85,5.1,17000
1999-09-22,5.07,5.16,5.05,5.08,4700
1999-09-23,5.06,5.19,4.72,4.95,11650
1999-09-24,5.01,5.46,4.92,5.17,12550
1999-09-27,4.85,5.1,4.84,5.1,5800
1999-09-28,4.61,4.85,4.54,4.85,12750
1999-09-29,4.6,4.6,4.6,4.6,39
1999-09-30,4.6,4.6,4.6,4.6,12
1999-10-01,4.9,5,4.9,4.92,9800
1999-10-04,4.6,4.6,4.6,4.6,10
1999-10-05,4.77,4.8,4.69,4.71,15750
1999-10-06,4.9,5.09,4.8,5.09,6200
1999-10-07,4.95,5.03,4.72,4.9,7850
1999-10-08,4.87,5,4.74,4.95,14900
1999-10-11,4.72,4.84,4.65,4.7,18450
1999-10-12,4.75,4.86,4.6,4.6,19550
1999-10-13,4.4,4.4,4.4,4.4,24
1999-10-14,5.07,5.28,4.95,4.95,13700
1999-10-15,4.85,5,4.83,5,4350
1999-10-18,4.95,5,4.76,4.8,20000
1999-10-20,4.99,5.1,4.96,5.1,13000
1999-10-21,4.9,5.05,4.81,5,9950
1999-10-22,4.9,4.95,4.76,4.95,12150
1999-10-25,4.44,4.95,4.4,4.79,17000
1999-10-26,4.3,4.3,4.3,4.3,24
1999-10-27,4.65,4.8,4.6,4.6,9150
1999-10-28,4.71,4.75,4.63,4.63,17150
1999-10-29,4.68,4.7,4.4,4.63,9950
1999-11-01,4.47,4.6,4.31,4.47,18950
1999-11-02,4.51,4.65,4.2,4.35,27250
1999-11-03,4.71,4.84,4.36,4.68,8100
1999-11-04,4.66,4.66,4.46,4.52,4750
1999-11-05,4.8,4.93,4.42,4.6,10000
1999-11-09,4.72,4.75,4.59,4.65,8500
1999-11-10,4.72,4.74,4.66,4.7,4950
1999-11-11,4.61,4.8,4.55,4.55,8850
1999-11-12,4.67,4.8,4.55,4.55,20750
1999-11-15,4.6,4.65,4.55,4.55,49200
1999-11-16,4.4,4.4,4.4,4.4,1
1999-11-17,4.59,4.7,4.5,4.68,18350
1999-11-18,4.6,4.67,4.54,4.67,4750
1999-11-19,4.6,4.65,4.54,4.6,4300
1999-11-22,4.28,4.28,4.28,4.28,20
1999-11-24,4.6,4.68,4.31,4.46,2850
1999-11-25,4.5,4.5,4.42,4.49,3800
1999-11-26,4.37,4.6,4.21,4.42,3600
1999-11-29,4.5,4.5,4.21,4.37,6250
1999-11-30,4.35,4.45,4.21,4.32,9600
1999-12-01,4.32,4.35,4.25,4.25,4800
1999-12-02,4.35,4.5,4.22,4.37,3850
1999-12-03,4.42,4.48,4.3,4.3,950
1999-12-06,4.61,4.65,4.21,4.27,9850
1999-12-07,4.58,4.64,4.42,4.42,5650
1999-12-08,4.52,4.67,4.5,4.59,3150
1999-12-09,4.62,4.62,4.33,4.52,3100
1999-12-10,4.6,4.7,4.45,4.7,3700
1999-12-13,4.52,4.94,4.3,4.62,6750
1999-12-14,4.65,4.74,4.51,4.55,6900
1999-12-15,4.67,4.76,4.54,4.76,750
1999-12-16,4.61,4.62,4.34,4.34,1200
1999-12-17,4.6,4.64,4.5,4.59,7950
1999-12-20,4.66,4.7,4.51,4.51,3300
1999-12-21,4.73,4.79,4.6,4.75,13800
1999-12-22,4.86,4.98,4.72,4.8,7250
1999-12-23,4.78,4.88,4.7,4.7,4700
1999-12-24,4.74,4.84,4.74,4.8,2850
1999-12-27,4.82,4.84,4.61,4.61,5700
1999-12-28,4.75,4.86,4.65,4.7,13550
1999-12-29,4.75,4.8,4.4,4.4,1550
1999-12-30,4.8,4.8,4.6,4.63,4950
2000-01-03,4.81,4.85,4.65,4.8,7000
2000-01-04,4.8,4.85,4.44,4.67,10100
2000-01-05,4.68,4.84,4.61,4.61,3800
2000-01-06,4.8,4.84,4.6,4.67,27350
2000-01-07,4.79,4.81,4.71,4.79,12750
2000-01-10,4.73,4.73,4.73,4.73,25
2000-01-11,4.74,4.89,4.67,4.76,28650
2000-01-12,4.86,4.88,4.65,4.65,2500
2000-01-13,4.8,4.8,4.67,4.67,1900
2000-01-14,4.8,4.8,4.6,4.61,2600
2000-01-17,4.76,4.85,4.64,4.79,65700
2000-01-18,4.41,4.72,4.39,4.72,3450
2000-01-19,4.5,4.76,4.4,4.59,5550
2000-01-20,4.4,4.4,4.4,4.4,20
2000-01-21,4.35,4.5,4.2,4.5,4250
2000-01-24,4.19,4.35,4.1,4.2,4250
2000-01-25,4.2,4.3,4.03,4.29,2350
2000-01-27,4.1,4.19,4.1,4.1,650
2000-01-28,4.43,4.43,4,4.11,7600
2000-01-31,4.2,4.66,4.2,4.66,2050
2000-02-01,4.46,4.5,3.98,4.13,31100
2000-02-02,4.24,4.6,4.15,4.6,6100
2000-02-03,4.25,4.34,4,4.14,8600
2000-02-04,4.2,4.27,4.16,4.27,5800
2000-02-07,4.05,4.15,4.05,4.05,3000
2000-02-08,4.13,4.2,4.06,4.2,6400
2000-02-09,4.25,4.3,4.13,4.2,6700
2000-02-10,4.2,4.29,4.15,4.15,900
2000-02-11,4.36,4.36,4.2,4.2,2700
2000-02-14,4.2,4.2,4.14,4.19,5900
2000-02-15,4.27,4.3,4.1,4.2,5600
2000-02-16,4.35,4.4,4.2,4.31,4650
2000-02-17,4.38,4.4,4.21,4.21,4050
2000-02-18,4.2,4.35,4.03,4.35,144950
2000-02-21,4.21,4.4,4.01,4.03,11850
2000-02-22,4.16,4.38,4,4.22,9150
2000-02-23,4.08,4.19,4.08,4.15,3750
2000-02-24,4.11,4.2,4,4.06,52600
2000-02-25,4.04,4.1,4.02,4.1,1600
2000-02-28,4.16,4.32,4,4.08,9700
2000-02-29,4.38,4.5,4,4.05,11800
2000-03-01,4.35,4.43,4.11,4.11,5200
2000-03-02,4.22,4.4,4.22,4.4,5800
2000-03-03,4.33,4.33,4.04,4.04,4650
2000-03-06,4.3,4.3,4,4.3,3650
2000-03-07,4.06,4.3,4.02,4.2,10200
2000-03-08,4.15,4.15,4.02,4.02,2750
2000-03-09,4.2,4.2,4.03,4.03,3350
2000-03-10,4.25,4.25,4.03,4.1,2150
2000-03-13,4.16,4.27,4.11,4.24,4350
2000-03-14,4.25,4.38,4,4.06,11850
2000-03-15,4.09,4.1,4,4.01,1500
2000-03-16,4.16,4.18,4.06,4.06,1750
2000-03-21,4.2,4.28,4.01,4.05,4450
2000-03-22,4.3,4.3,4.3,4.3,200
2000-03-23,4.18,4.2,4.11,4.12,2900
2000-03-24,4.14,4.19,4.05,4.05,1050
2000-03-27,3.86,4.19,3.86,4.1,1900
2000-03-28,3.9,4.02,3.8,4,6300
2000-03-29,4,4,3.9,3.9,1950
2000-03-30,4.04,4.04,4,4,200
2000-03-31,4,4.04,3.8,3.86,3300
2000-04-03,4,4,3.77,3.8,1700
2000-04-04,3.99,4.1,3.75,3.8,5450
2000-04-05,4.17,4.2,3.83,4,1750
2000-04-06,4.08,4.1,3.94,4.01,1400
2000-04-07,4.2,4.28,4,4.02,2650
2000-04-10,3.96,4.1,3.95,4,1350
2000-04-11,4,4.15,3.86,3.86,4450
2000-04-12,3.84,4.04,3.82,3.82,650
2000-04-13,3.86,3.86,3.82,3.84,500
2000-04-17,4.33,4.34,4,4,1950
2000-04-18,4,4,4,4,25
2000-04-19,4.2,4.24,4.2,4.2,2250
2000-04-20,3.91,3.91,3.88,3.89,200
2000-04-24,3.65,3.83,3.64,3.81,2450
2000-04-25,3.6,3.6,3.4,3.4,900
2000-04-26,4,4,3.6,3.6,1550
2000-04-27,3.76,3.76,3.76,3.76,50
2000-05-02,3.44,3.5,3.4,3.4,1350
2000-05-03,3.59,3.6,3.54,3.56,650
2000-05-04,3.64,3.68,3.5,3.5,3800
2000-05-05,3.77,3.77,3.61,3.68,2005
2000-05-08,3.74,3.74,3.6,3.61,701
2000-05-09,3.57,3.7,3.57,3.7,2475
2000-05-10,3.71,3.91,3.6,3.8,1529
2000-05-11,3.77,3.8,3.71,3.71,412
2000-05-12,3.67,3.68,3.61,3.61,1010
2000-05-15,3.53,3.53,3.52,3.52,580
2000-05-16,3.5,3.5,3.42,3.42,700
2000-05-17,3.58,3.58,3.57,3.57,138
2000-05-18,3.85,3.85,3.46,3.46,3149
2000-05-19,3.76,3.83,3.75,3.8,3900
2000-05-22,3.82,3.82,3.6,3.6,2338
2000-05-23,3.81,4,3.56,3.56,775
2000-05-24,3.97,3.97,3.96,3.96,100
2000-05-25,3.64,4.02,3.52,4.02,1350
2000-05-26,3.9,3.9,3.65,3.65,5100
2000-05-29,3.85,4.1,3.85,3.85,555
2000-05-30,3.83,3.94,3.8,3.8,1490
2000-05-31,3.6,3.72,3.6,3.71,9800
2000-06-01,3.6,3.89,3.55,3.56,426
2000-06-02,3.63,3.63,3.6,3.6,600
2000-06-05,3.39,3.54,3.39,3.47,2900
2000-06-06,3.56,3.6,3.36,3.45,3600
2000-06-07,3.5,3.62,3.5,3.5,2651
2000-06-08,3.3,3.44,3.3,3.42,33160
2000-06-09,3.31,3.4,3.28,3.4,9701
2000-06-12,3.33,3.35,3.21,3.22,7738
2000-06-13,3.25,3.35,3.21,3.35,3650
2000-06-14,3.32,3.35,3.32,3.35,200
2000-06-15,3.32,3.41,3.32,3.35,1000
2000-06-16,3.35,3.35,3.3,3.33,3100
2000-06-19,3.22,3.32,3.22,3.22,3600
2000-06-20,3.21,3.3,3.2,3.21,9200
2000-06-21,3.45,3.54,3.41,3.5,5912
2000-06-22,3.43,3.49,3.4,3.43,2250
2000-06-23,3.26,3.4,3.2,3.4,10350
2000-06-26,3.26,3.4,3.26,3.4,2223
2000-06-27,3.12,3.28,3.06,3.06,3862
2000-06-28,3.14,3.19,2.96,3.01,16670
2000-06-29,3.1,3.11,3.01,3.01,15229
2000-06-30,3.05,3.05,3.01,3.02,3300
2000-07-03,3,3.17,2.88,2.88,14600
2000-07-04,2.86,3,2.85,2.91,7891
2000-07-05,2.84,3,2.83,2.98,4710
2000-07-06,2.92,2.95,2.76,2.9,12550
2000-07-07,2.8,2.9,2.8,2.86,6000
2000-07-10,2.76,2.76,2.55,2.55,6984
2000-07-11,2.65,2.74,2.62,2.74,9800
2000-07-12,2.79,2.94,2.7,2.7,13361
2000-07-13,2.9,2.9,2.76,2.76,2454
2000-07-14,2.79,2.9,2.74,2.84,5050
2000-07-17,2.69,2.81,2.67,2.7,10500
2000-07-18,2.67,2.7,2.6,2.7,6780
2000-07-19,2.6,2.68,2.6,2.64,10450
2000-07-20,2.6,2.64,2.6,2.6,1060
2000-07-21,2.6,2.6,2.56,2.6,1100
2000-07-24,2.5,2.6,2.46,2.6,2438
2000-07-25,2.44,2.48,2.34,2.4,2650
2000-07-26,2.43,2.48,2.42,2.42,212
2000-07-27,2.44,2.44,2.32,2.32,390
2000-07-28,2.47,2.48,2.45,2.45,1960
2000-07-31,2.46,2.49,2.4,2.49,950
2000-08-01,2.37,2.41,2.35,2.35,7232
2000-08-02,2.56,2.6,2.37,2.37,2512
2000-08-03,2.54,2.54,2.54,2.54,300
2000-08-04,2.44,2.5,2.44,2.5,2325
2000-08-07,2.31,2.41,2.2,2.41,1567
2000-08-08,2.36,2.43,2.3,2.42,2055
2000-08-09,2.4,2.4,2.31,2.36,700
2000-08-10,2.25,2.3,2.2,2.3,1021
2000-08-11,2.2,2.26,2.2,2.26,407
2000-08-14,2.22,2.25,1.85,1.85,1073
2000-08-16,2.3,2.3,1.9,1.9,400
2000-08-17,2.2,2.2,1.97,2.2,720
2000-08-18,2.16,2.18,2.04,2.04,500
2000-08-21,2.21,2.28,2.05,2.05,1524
2000-08-22,2.08,2.2,2.08,2.2,1300
2000-08-23,2.04,2.04,1.97,1.97,66
2000-08-24,2.2,2.2,2.07,2.07,276
2000-08-25,2.2,2.2,2.2,2.2,300
2000-08-28,2.2,2.23,2.15,2.15,677
2000-08-29,2.2,2.2,2.02,2.04,247
2000-08-30,2.21,2.21,2.03,2.04,1225
2000-08-31,2.19,2.2,2.1,2.2,198
2000-09-04,2.24,2.24,2.2,2.2,402
2000-09-05,2.08,2.21,2.07,2.21,1231
2000-09-06,2.02,2.18,1.71,1.71,6583
2000-09-07,2,2.02,2,2,2200
2000-09-08,2,2,1.9,1.9,3700
2000-09-11,2.14,2.2,1.86,1.86,962
2000-09-12,2.07,2.2,2,2.12,3075
2000-09-13,2.05,2.06,2,2,600
2000-09-14,2.08,2.08,1.97,1.97,35504
2000-09-15,1.99,2,1.99,2,354
2000-09-19,2,2.08,2,2,1232
2000-09-21,1.97,1.97,1.88,1.88,96
2000-09-22,1.88,1.95,1.88,1.88,112
2000-09-25,1.89,2.1,1.88,2,1975
2000-09-26,1.74,1.84,1.72,1.72,941
2000-09-27,1.8,1.8,1.8,1.8,300
2000-09-28,1.78,1.78,1.77,1.77,200
2000-09-29,1.8,1.8,1.55,1.55,288
2000-10-03,1.62,1.72,1.61,1.72,1316
2000-10-04,1.72,1.72,1.72,1.72,600
2000-10-05,1.61,1.62,1.6,1.6,186
2000-10-06,1.6,1.78,1.42,1.42,1400
2000-10-09,1.6,1.78,1.6,1.77,300
2000-10-10,1.65,1.75,1.61,1.72,1225
2000-10-11,1.66,1.66,1.66,1.66,25
2000-10-12,1.75,1.97,1.75,1.79,750
2000-10-13,1.65,1.87,1.65,1.87,201
2000-10-16,1.61,1.82,1.61,1.8,1135
2000-10-17,1.63,1.63,1.6,1.61,1561
2000-10-18,1.64,1.64,1.63,1.63,900
2000-10-19,1.69,1.69,1.68,1.68,300
2000-10-23,1.7,1.73,1.7,1.7,459
2000-10-24,1.62,1.63,1.62,1.63,175
2000-10-25,1.72,1.74,1.72,1.74,150
2000-10-26,1.58,1.58,1.58,1.58,100
2000-10-27,1.65,1.79,1.61,1.61,450
2000-10-31,1.6,1.64,1.6,1.64,1015
2000-11-01,1.68,1.68,1.61,1.61,285
2000-11-02,1.65,1.65,1.47,1.47,817
2000-11-03,1.55,1.58,1.2,1.52,21149
2000-11-06,1.56,2.2,1.45,2.2,6038
2000-11-07,1.62,1.69,1.55,1.6,2800
2000-11-08,1.74,1.75,1.65,1.65,1087
2000-11-09,1.75,1.75,1.66,1.66,7787
2000-11-10,1.67,1.67,1.67,1.67,223
2000-11-13,1.77,1.77,1.62,1.63,213
2000-11-14,1.7,1.82,1.7,1.7,4349
2000-11-15,1.6,1.7,1.52,1.7,2662
2000-11-16,1.6,1.71,1.58,1.58,4312
2000-11-17,1.6,2.4,1.57,2.4,1306
2000-11-20,1.62,1.67,1.6,1.6,3900
2000-11-21,1.66,1.88,1.6,1.6,2336
2000-11-22,1.68,1.85,1.68,1.85,5670
2000-11-23,1.67,1.88,1.67,1.88,424
2000-11-24,1.75,1.75,0.9,1.7,6396
2000-11-27,1.91,1.92,1.72,1.75,3001
2000-11-28,1.8,1.82,1.72,1.8,1832
2000-11-29,1.8,1.8,1.76,1.76,1114
2000-11-30,1.83,1.84,1.75,1.84,845
2000-12-01,1.87,1.9,1.82,1.82,725
2000-12-04,1.73,1.95,1.73,1.9,3214
2000-12-05,1.84,1.84,1.74,1.74,2074
2000-12-06,1.78,1.9,1.73,1.9,1416
2000-12-07,1.8,1.89,1.76,1.76,1013
2000-12-08,1.8,1.85,1.78,1.8,10860
2000-12-11,1.81,1.97,1.78,1.97,22406
2000-12-12,1.8,1.87,1.78,1.87,19190
2000-12-13,1.8,2.1,1.79,2.1,13489
2000-12-14,1.86,1.99,1.8,1.99,11333
2000-12-15,1.81,1.85,1.74,1.81,3201
2000-12-18,1.74,1.95,1.7,1.95,5664
2000-12-19,1.72,1.89,1.72,1.89,4847
2000-12-20,1.72,2.09,1.7,2.09,298
2000-12-21,1.8,2.14,1.7,2.14,1402
2000-12-22,1.69,1.99,1.67,1.99,3441
2000-12-26,1.55,1.9,1.55,1.9,1357
2000-12-27,1.67,2,1.62,2,1302
2000-12-28,1.72,1.72,1.72,1.72,100
2000-12-29,1.72,1.8,1.72,1.73,630
2001-01-01,1.55,1.82,1.55,1.64,3167
2001-01-02,1.59,1.67,1.52,1.67,16157
2001-01-03,1.6,1.8,1.57,1.8,10326
2001-01-04,1.6,1.78,1.58,1.78,16793
2001-01-05,1.58,1.62,1.44,1.6,1252
2001-01-08,1.53,1.58,1.51,1.51,514
2001-01-09,1.65,1.67,1.54,1.54,4611
2001-01-10,1.62,1.64,1.51,1.51,160
2001-01-11,1.69,1.7,1.51,1.51,2038
2001-01-12,1.58,1.68,1.51,1.51,1164
2001-01-15,1.47,1.47,1.47,1.47,36
2001-01-16,1.45,1.56,1.44,1.45,3246
2001-01-17,1.47,1.57,1.4,1.45,24005
2001-01-18,1.4,1.49,1.4,1.41,32505
2001-01-19,1.4,1.47,1.4,1.47,7901
2001-01-22,1.38,1.45,1.3,1.4,16557
2001-01-23,1.34,1.4,1.3,1.4,27965
2001-01-24,1.3,1.48,1.28,1.3,25058
2001-01-25,1.28,1.39,1.19,1.39,32952
2001-01-29,1.24,1.26,1.21,1.26,3550
2001-01-30,1.27,1.29,1.2,1.24,6450
2001-01-31,1.27,1.4,1.23,1.39,18827
2001-02-01,1.32,1.4,1.3,1.3,3160
2001-02-02,1.3,1.48,1.25,1.48,2801
2001-02-05,1.28,1.39,1.25,1.39,19080
2001-02-06,1.33,1.4,1.25,1.33,33806
2001-02-07,1.42,1.6,1.33,1.6,4163
2001-02-08,1.52,1.53,1.25,1.53,28143
2001-02-09,1.4,1.64,1.34,1.55,21225
2001-02-12,1.43,1.58,1.41,1.57,31905
2001-02-13,1.39,1.46,1.38,1.46,6373
2001-02-14,1.48,1.5,1.33,1.33,12437
2001-02-15,1.34,1.5,1.31,1.4,49296
2001-02-16,1.44,1.55,1.36,1.4,151300
2001-02-19,1.44,1.52,1.43,1.48,12108
2001-02-20,1.45,1.47,1.41,1.41,10800
2001-02-21,1.46,1.5,1.43,1.43,7335
2001-02-22,1.47,1.51,1.47,1.51,9692
2001-02-23,1.46,1.5,1.4,1.47,12900
2001-02-26,1.52,1.54,1.4,1.46,15033
2001-02-27,1.44,1.52,1.43,1.48,8687
2001-02-28,1.41,1.48,1.27,1.32,3960
2001-03-02,1.4,1.4,1.4,1.4,12
2001-03-05,1.34,1.47,1.34,1.47,4375
2001-03-07,1.4,1.4,1.33,1.33,4437
2001-03-08,1.37,1.37,1.37,1.37,16
2001-03-09,1.35,1.4,1.34,1.34,1628
2001-03-12,1.33,1.36,1.3,1.3,8224
2001-03-13,1.2,1.36,1.18,1.3,9440
2001-03-14,1.24,1.24,1.2,1.2,456
2001-03-15,1.36,1.36,1.3,1.3,4012
2001-03-16,1.31,1.35,1.3,1.35,1061
2001-03-19,1.37,1.37,1.22,1.22,1212
2001-03-20,1.35,1.36,1.24,1.24,12901
2001-03-21,1.34,1.34,1.34,1.34,3000
2001-03-22,1.32,1.4,1.32,1.34,1865
2001-03-26,1.3,1.4,1.3,1.4,3200
2001-03-27,1.3,1.31,1.27,1.27,2845
2001-03-28,1.4,1.4,1.3,1.34,10756
2001-03-29,1.4,1.41,1.36,1.36,2755
2001-03-30,1.4,1.44,1.37,1.37,5963
2001-04-02,1.25,1.48,0.91,0.91,1905
2001-04-03,1.35,1.36,1.25,1.25,1191
2001-04-04,1.4,1.4,1.34,1.34,154
2001-04-06,1.4,1.4,1.4,1.4,45000
2001-04-09,1.45,1.45,1.4,1.4,900
2001-04-10,1.4,1.4,1.4,1.4,4758
2001-04-11,1.4,1.42,1.4,1.4,53051
2001-04-12,1.44,1.44,1.31,1.31,50737
2001-04-16,1.42,1.42,1.4,1.4,100818
2001-04-17,1.55,1.55,1.42,1.42,151
2001-04-18,1.41,1.69,1.41,1.69,901
2001-04-19,1.42,1.58,1.42,1.5,350
2001-04-20,1.4,1.46,1.4,1.42,52700
2001-04-23,1.4,1.5,1.4,1.4,32600
2001-04-24,1.4,1.4,1.33,1.33,27518
2001-04-25,1.48,1.48,1.48,1.48,200
2001-04-26,1.45,1.45,1.4,1.4,1243
2001-04-27,1.4,1.42,1.35,1.42,1212
2001-04-30,1.52,1.52,1.28,1.28,301300
2001-05-02,1.44,1.5,1.44,1.5,26450
2001-05-03,1.44,1.44,1.42,1.42,561
2001-05-04,1.43,1.49,1.4,1.4,17263
2001-05-07,1.4,1.4,1.4,1.4,1235
2001-05-08,1.4,1.4,1.4,1.4,1281
2001-05-09,1.4,1.4,1.4,1.4,20500
2001-05-10,1.4,1.46,1.4,1.41,7852
2001-05-11,1.41,1.48,1.41,1.48,200
2001-05-14,1.5,1.55,1.4,1.4,205600
2001-05-15,1.45,1.52,1.4,1.4,1869
2001-05-16,1.4,1.45,1.4,1.45,27199
2001-05-17,1.4,1.57,1.4,1.57,22302
2001-05-18,1.55,1.64,1.51,1.59,7450
2001-05-21,1.6,1.6,1.53,1.59,2052
2001-05-22,1.52,1.52,1.44,1.49,1336
2001-05-23,1.5,1.5,1.46,1.46,481
2001-05-24,1.48,1.5,1.44,1.44,1244
2001-05-25,1.49,1.49,1.46,1.46,687
2001-05-28,1.5,1.5,1.5,1.5,200
2001-05-29,1.5,1.52,1.4,1.45,3200
2001-05-30,1.57,1.57,1.42,1.42,1923
2001-05-31,1.46,1.5,1.42,1.42,1640
2001-06-01,1.53,1.58,1.45,1.45,3018
2001-06-04,1.5,1.53,1.4,1.53,371
2001-06-05,1.46,1.55,1.4,1.51,2498
2001-06-06,1.49,1.49,1.49,1.49,500
2001-06-07,1.45,1.54,1.4,1.4,12000
2001-06-08,1.45,1.48,1.42,1.42,7260
2001-06-11,1.43,1.54,1.43,1.45,3004
2001-06-12,1.45,1.45,1.42,1.42,21524
2001-06-13,1.46,1.51,1.44,1.44,412
2001-06-14,1.48,1.48,1.44,1.45,1560
2001-06-15,1.43,1.48,1.38,1.38,1124
2001-06-18,1.4,1.43,1.4,1.41,3821
2001-06-19,1.45,1.46,1.4,1.43,2900
2001-06-20,1.46,1.46,1.25,1.25,1719
2001-06-21,1.5,1.5,1.38,1.38,1824
2001-06-22,1.59,1.6,1.42,1.42,12480
2001-06-25,1.56,1.56,1.4,1.43,6450
2001-06-26,1.51,1.56,1.42,1.42,3480
2001-06-28,1.56,1.94,1.44,1.94,809
2001-06-29,1.45,1.45,1.43,1.43,601
2001-07-02,1.52,1.53,1.23,1.23,2000
2001-07-03,1.56,1.56,1.44,1.44,1436
2001-07-04,1.5,1.5,1.5,1.5,12
2001-07-05,1.5,1.5,1.5,1.5,1155
2001-07-06,1.59,1.59,1.43,1.5,2179
2001-07-09,1.6,1.6,1.6,1.6,3700
2001-07-10,1.6,1.6,1.45,1.6,1200
2001-07-11,1.59,1.59,1.54,1.54,490
2001-07-12,1.6,1.6,1.38,1.38,1916
2001-07-13,1.58,1.6,1.5,1.5,1056
2001-07-17,1.54,1.6,1.54,1.6,402
2001-07-18,1.59,1.59,1.46,1.47,1350
2001-07-19,1.58,1.58,1.58,1.58,600
2001-07-20,1.59,1.59,1.55,1.58,2320
2001-07-24,1.5,1.56,1.5,1.56,629
2001-07-25,1.41,1.5,1.4,1.46,13165
2001-07-26,1.41,1.42,1.41,1.42,200
2001-07-27,1.41,1.41,1.41,1.41,150
2001-07-30,1.34,1.4,1.32,1.4,325
2001-07-31,1.3,1.3,1.22,1.22,104
2001-08-01,1.3,1.31,1.21,1.21,216
2001-08-03,1.35,1.35,1.32,1.32,278
2001-08-06,1.35,1.35,1.35,1.35,75
2001-08-07,1.6,1.69,1.4,1.62,3379
2001-08-08,1.65,1.74,1.58,1.74,3760
2001-08-09,1.43,1.72,1.38,1.72,26
2001-08-10,1.64,1.79,1.5,1.5,7121
2001-08-13,1.68,1.7,1.6,1.6,2291
2001-08-14,1.79,1.79,1.56,1.56,3228
2001-08-16,1.7,1.7,1.64,1.65,1225
2001-08-17,1.82,1.88,1.61,1.72,1527
2001-08-20,1.57,1.9,1.56,1.58,5004
2001-08-21,1.62,1.62,1.61,1.61,222
2001-08-23,1.6,1.64,1.6,1.64,800
2001-08-24,1.52,1.54,1.52,1.54,1243
2001-08-27,1.6,1.61,1.6,1.61,148
2001-08-28,1.47,1.47,1.47,1.47,215
2001-08-29,1.45,1.52,1.45,1.45,562
2001-08-30,1.5,1.5,1.5,1.5,500
2001-08-31,1.43,1.55,1.43,1.55,562
2001-09-03,1.49,1.5,1.49,1.49,800
2001-09-04,1.46,1.46,1.45,1.45,269
2001-09-05,1.45,1.55,1.45,1.55,1150
2001-09-07,1.35,1.35,1.35,1.35,150
2001-09-10,1.5,1.55,1.5,1.55,600
2001-09-11,1.5,1.5,1.36,1.36,10476
2001-09-12,1.4,1.4,1.4,1.4,550
2001-09-13,1.4,1.4,1.4,1.4,45
2001-09-14,1.31,1.4,1.31,1.4,5531
2001-09-17,1.36,1.36,1.2,1.2,1414
2001-09-18,1.4,1.4,1.39,1.4,1250
2001-09-19,1.4,1.4,1.4,1.4,600
2001-09-20,1.38,1.4,1.38,1.4,695
2001-09-21,1.38,1.38,1.27,1.28,800
2001-09-24,1.35,1.4,1.35,1.4,500
2001-09-25,1.2,1.2,1.2,1.2,250
2001-09-26,1.3,1.3,1.3,1.3,5599
2001-09-27,1.4,1.4,1.4,1.4,1049
2001-09-28,1.8,1.8,1.8,1.8,1
2001-10-01,1.35,1.35,1.35,1.35,100
2001-10-03,1.5,1.5,1.5,1.5,100
2001-10-04,1.35,1.4,1.35,1.4,550
2001-10-05,1.49,1.49,1.43,1.43,500
2001-10-08,1.44,1.69,1.42,1.42,1101
2001-10-09,1.47,1.47,1.47,1.47,100
2001-10-10,1.42,1.5,1.4,1.5,700
2001-10-11,1.45,1.5,1.42,1.42,550
2001-10-12,1.37,1.38,1.37,1.38,316
2001-10-15,1.4,1.4,1.35,1.35,232
2001-10-16,1.35,1.38,1.34,1.37,602
2001-10-17,1.4,1.4,1.4,1.4,2
2001-10-18,1.34,1.34,1.34,1.34,122
2001-10-19,1.3,1.31,1.3,1.31,300
2001-10-23,1.53,1.53,1.53,1.53,150
2001-10-24,1.49,1.49,1.49,1.49,200
2001-10-29,1.33,1.34,1.3,1.3,666
2001-10-30,1.4,1.4,1.32,1.32,58
2001-10-31,1.4,1.4,1.4,1.4,5
2001-11-01,1.27,1.34,1.27,1.29,1850
2001-11-02,1.29,1.29,1.29,1.29,497
2001-11-05,1.16,1.28,1.1,1.28,10080
2001-11-06,1.2,1.2,1.12,1.12,932
2001-11-07,1.12,1.12,1.12,1.12,25
2001-11-08,1.18,1.19,1.18,1.19,159
2001-11-09,1.14,1.23,1.03,1.03,2165
2001-11-12,1.16,1.16,1.16,1.16,100
2001-11-13,1.16,1.24,1.06,1.06,2634
2001-11-19,1.19,1.22,1.15,1.22,13183
2001-11-20,1.2,1.2,1.14,1.18,2841
2001-11-21,1.2,1.5,1.2,1.5,1121
2001-11-22,1.16,1.22,1.15,1.22,10300
2001-11-23,1.16,1.2,1.16,1.2,2300
2001-11-26,1.2,1.2,1.12,1.2,3200
2001-11-27,1.18,1.18,1.14,1.14,775
2001-11-28,1.18,1.19,1.17,1.19,375
2001-11-29,1.16,1.2,1.13,1.2,1335
2001-12-03,1.06,1.06,0.8,0.8,50
2001-12-04,1.2,1.2,0.96,0.96,2150
2001-12-05,1.17,1.17,1.11,1.11,475
2001-12-06,1.1,1.1,1.05,1.1,2309
2001-12-07,1.19,1.19,1.08,1.08,145
2001-12-10,1.19,1.2,1.19,1.2,800
2001-12-11,1.1,1.1,1,1,262
2001-12-12,1.1,1.16,1.01,1.01,1449
2001-12-14,1.07,1.19,1.06,1.19,1568
2001-12-18,1.14,1.19,1.14,1.19,501
2001-12-19,1.2,1.2,0.97,0.97,241
2001-12-20,1.03,1.09,1.03,1.09,624
2001-12-21,1.04,1.04,1.04,1.04,50
2001-12-24,1.1,1.1,1.05,1.05,2200
2001-12-26,1.01,1.1,1,1.06,7395
2001-12-27,1.19,1.19,1.19,1.19,1
2001-12-28,1,1.04,1,1.04,450
2001-12-31,1.05,1.1,0.96,1.1,102
2002-01-01,1.18,1.18,1.18,1.18,1
2002-01-02,1.05,1.4,0.96,1.4,3760
2002-01-03,1.05,1.05,1,1,1230
2002-01-04,1.08,1.08,0.99,0.99,200
2002-01-07,1.08,1.08,1.08,1.08,300
2002-01-08,1.07,1.07,1.07,1.07,1
2002-01-09,1.06,1.06,1.06,1.06,107
2002-01-10,1.03,1.14,1,1.14,202
2002-01-11,1,1.11,0.97,1.11,702
2002-01-14,1,1.08,1,1.08,503
2002-01-15,1.05,1.07,1,1.07,102
2002-01-16,1.01,1.13,0.98,1.13,502
2002-01-17,1,1.09,1,1.09,526
2002-01-21,1.02,1.05,0.95,1.05,257
2002-01-22,0.96,1.1,0.96,1.1,801
2002-01-23,0.92,0.99,0.92,0.99,1101
2002-01-24,0.95,1,0.93,0.99,1502
2002-01-25,0.99,1.02,0.91,1.02,95
2002-01-28,0.96,1.06,0.95,0.95,1232
2002-01-29,0.91,0.99,0.91,0.99,1813
2002-01-30,0.92,0.98,0.92,0.98,252
2002-01-31,0.99,0.99,0.89,0.99,166
2002-02-01,0.95,1.07,0.95,1.07,501
2002-02-04,0.91,1.01,0.91,1.01,735
2002-02-05,0.91,0.91,0.88,0.88,886
2002-02-06,0.92,0.93,0.89,0.89,1938
2002-02-07,0.89,1,0.85,0.85,48
2002-02-08,0.94,0.94,0.82,0.82,3856
2002-02-11,0.91,0.91,0.88,0.88,278
2002-02-12,0.96,0.96,0.91,0.94,662
2002-02-13,0.93,0.97,0.9,0.9,3662
2002-02-14,1,1,0.91,0.91,3499
2002-02-15,1,1.08,1,1.01,1279
2002-02-18,1.06,1.08,1,1.02,2601
2002-02-19,1.09,1.11,1.02,1.11,6108
2002-02-20,1.11,1.14,1.06,1.14,2963
2002-02-21,1.16,1.16,1.07,1.1,4300
2002-02-22,1.13,1.14,1.12,1.13,1139
2002-02-25,1.12,1.16,1.1,1.14,2266
2002-02-26,1.17,1.17,1.08,1.1,4087
2002-02-27,1.22,1.22,1.15,1.15,3122
2002-02-28,1.21,1.27,1.2,1.27,5478
2002-03-01,1.2,1.23,1.19,1.19,2100
2002-03-04,1.17,1.18,1.17,1.17,1000
2002-03-05,1.2,1.22,1.14,1.2,8011
2002-03-06,1.17,1.21,1.16,1.16,3603
2002-03-07,1.14,1.15,1.14,1.15,508
2002-03-08,1.14,1.14,1.1,1.1,6000
2002-03-11,1.09,1.1,1.05,1.08,1326
2002-03-12,1.07,1.12,1.01,1.02,6962
2002-03-13,1.02,1.11,1.01,1.04,1582
2002-03-14,1.03,1.1,0.98,0.98,972
2002-03-15,1.07,1.07,1,1.01,350
2002-03-18,1,1.05,1,1.02,3303
2002-03-19,1,1.01,1,1.01,1751
2002-03-20,0.97,1.08,0.95,1,6370
2002-03-21,1,1,1,1,2699
2002-03-22,1.01,1.08,1,1.08,3157
2002-03-26,1.03,1.06,0.95,1.06,361
2002-03-27,1,1.11,0.97,1.09,2918
2002-03-28,1,1.08,0.98,1.08,717
2002-04-01,1.06,1.08,1.01,1.08,3347
2002-04-02,1.12,1.15,1.05,1.11,3302
2002-04-03,1.13,1.15,1.1,1.15,1000
2002-04-04,1.13,1.16,1.12,1.16,732
2002-04-05,1.18,1.18,1.12,1.13,1072
2002-04-08,1.2,1.22,1.14,1.14,1824
2002-04-09,1.25,1.25,1.19,1.19,203385
2002-04-10,1.5,1.5,1.2,1.2,28049
2002-04-11,1.8,1.8,1.61,1.61,429953
2002-04-12,1.79,2.08,1.76,1.85,305936
2002-04-15,1.8,1.9,1.65,1.86,38582
2002-04-16,1.73,1.8,1.71,1.71,3794
2002-04-17,1.79,1.88,1.73,1.8,8960
2002-04-18,1.71,1.8,1.71,1.78,3970
2002-04-19,1.67,1.8,1.65,1.8,6163
2002-04-22,1.66,1.77,1.6,1.77,3066
2002-04-23,1.58,1.62,1.5,1.61,3907
2002-04-24,1.53,1.72,1.44,1.44,4750
2002-04-25,1.47,1.55,1.46,1.54,3884
2002-04-26,1.48,1.5,1.45,1.5,3454
2002-04-29,1.45,1.5,1.45,1.46,1422
2002-04-30,1.43,1.5,1.43,1.5,1546
2002-05-02,1.64,1.64,1.3,1.3,6787
2002-05-03,1.7,1.83,1.65,1.65,11091
2002-05-06,1.64,1.76,1.61,1.76,3830
2002-05-07,1.66,1.7,1.6,1.62,3524
2002-05-08,1.65,1.69,1.64,1.65,3940
2002-05-09,1.53,1.62,1.5,1.62,1674
2002-05-10,1.52,1.69,1.5,1.69,2061
2002-05-13,1.56,1.7,1.53,1.7,2933
2002-05-14,1.59,1.62,1.54,1.54,1121
2002-05-15,1.5,1.62,1.47,1.47,2812
2002-05-16,1.53,1.57,1.46,1.47,1403
2002-05-17,1.43,1.5,1.4,1.4,3672
2002-05-20,1.35,1.42,1.34,1.4,2935
2002-05-21,1.34,1.43,1.3,1.32,3224
2002-05-22,1.35,1.36,1.33,1.36,2941
2002-05-23,1.2,1.29,1.17,1.28,18655
2002-05-24,1.38,1.4,1.2,1.39,2118
2002-05-27,1.21,1.5,1.2,1.5,51766
2002-05-28,1.2,1.39,1.19,1.39,54160
2002-05-29,1.25,1.37,1.24,1.37,52351
2002-05-30,1.5,1.5,1.34,1.34,43686
2002-05-31,1.8,1.8,1.64,1.66,78530
2002-06-03,2.16,2.16,1.93,2.14,62002
2002-06-04,2.6,2.6,2.38,2.39,96181
2002-06-05,2.8,3.12,2.73,3.04,226314
2002-06-06,2.59,2.98,2.45,2.8,74613
2002-06-07,2.36,2.6,2.32,2.46,102865
2002-06-10,2.39,2.56,2.36,2.42,31010
2002-06-11,2.47,2.56,2.4,2.5,25951
2002-06-12,2.39,2.5,2.34,2.5,21427
2002-06-13,2.34,2.45,2.33,2.37,17177
2002-06-14,2.8,2.81,2.33,2.34,99906
2002-06-17,3.09,3.27,2.65,2.92,135784
2002-06-18,3.16,3.33,3.1,3.2,83507
2002-06-19,2.96,3.28,2.92,3.2,41190
2002-06-20,2.98,3.15,2.81,2.95,25421
2002-06-21,2.96,3.1,2.9,3.05,19723
2002-06-24,3.01,3.04,2.9,3.02,14090
2002-06-25,2.88,2.99,2.84,2.95,9207
2002-06-26,2.71,2.89,2.7,2.84,11281
2002-06-27,2.75,2.9,2.74,2.9,9756
2002-06-28,2.78,2.89,2.76,2.89,6763
2002-07-01,2.91,3,2.79,2.8,21141
2002-07-02,2.88,2.98,2.68,2.68,11401
2002-07-03,3.36,3.46,2.86,2.94,72531
2002-07-04,3.54,3.74,3.48,3.52,182650
2002-07-05,3.53,3.65,3.46,3.6,71471
2002-07-08,3.74,3.93,3.54,3.93,102098
2002-07-09,3.61,3.8,3.55,3.71,51748
2002-07-10,3.04,3.79,2.98,3.79,86274
2002-07-11,2.9,3.16,2.88,3.1,43605
2002-07-12,2.95,3.07,2.92,2.92,34829
2002-07-15,2.68,2.96,2.66,2.96,25660
2002-07-16,2.68,2.78,2.58,2.58,12561
2002-07-17,2.53,2.75,2.45,2.66,21233
2002-07-18,2.59,2.8,2.4,2.4,30914
2002-07-19,2.6,2.85,2.55,2.85,31363
2002-07-22,2.45,2.61,2.42,2.55,16417
2002-07-23,2.65,2.71,2.41,2.41,11684
2002-07-24,2.6,2.68,2.56,2.56,37033
2002-07-25,2.61,2.8,2.55,2.7,33620
2002-07-26,2.41,2.6,2.39,2.58,17709
2002-07-29,2.16,2.54,2,2.54,13785
2002-07-30,2.26,2.3,2.21,2.29,9353
2002-07-31,2.17,2.18,2,2.03,64570
2002-08-01,2.2,2.32,2.01,2.01,6137
2002-08-02,2.18,2.22,2.16,2.21,1301
2002-08-05,2.19,2.22,2.12,2.21,8500
2002-08-06,2.26,2.29,2.2,2.2,2950
2002-08-07,2.38,2.4,2.24,2.37,15566
2002-08-08,2.32,2.37,2.26,2.37,1969
2002-08-09,2.24,2.33,2.22,2.32,1400
2002-08-12,2.23,2.34,2.15,2.34,6604
2002-08-13,2.14,2.28,2.13,2.28,1506
2002-08-14,2.16,2.18,2.1,2.1,1778
2002-08-16,2.15,2.2,2.1,2.2,1802
2002-08-19,2.04,2.12,2.04,2.12,2337
2002-08-20,2.09,2.1,2.06,2.06,928
2002-08-21,2.06,2.1,2.04,2.08,2810
2002-08-22,2.05,2.06,2.03,2.05,3400
2002-08-23,2.09,2.15,2.02,2.04,6505
2002-08-26,1.99,2.07,1.98,2.05,7701
2002-08-27,2.01,2.07,2,2.02,3130
2002-08-28,1.86,1.93,1.8,1.8,5613
2002-08-29,1.75,1.99,1.69,1.99,9253
2002-08-30,1.8,1.9,1.61,1.61,3666
2002-09-02,1.76,1.83,1.71,1.75,4952
2002-09-03,1.73,1.76,1.68,1.7,2605
2002-09-04,1.66,1.94,1.6,1.94,5203
2002-09-05,1.73,1.78,1.67,1.67,284
2002-09-06,1.77,1.8,1.65,1.75,7307
2002-09-09,1.65,1.74,1.64,1.66,2762
2002-09-11,1.63,1.63,1.61,1.61,381
2002-09-12,1.68,1.77,1.52,1.52,4512
2002-09-13,1.64,1.7,1.45,1.45,825
2002-09-16,1.73,1.73,1.65,1.65,3651
2002-09-17,1.65,1.65,1.63,1.63,51
2002-09-18,1.72,1.72,1.6,1.6,2854
2002-09-19,1.71,1.8,1.62,1.64,7400
2002-09-20,1.73,1.76,1.71,1.76,1450
2002-09-23,1.73,1.77,1.72,1.77,1352
2002-09-24,1.52,1.73,1.5,1.7,8201
2002-09-25,1.63,1.75,1.3,1.3,354911
2002-09-26,1.61,1.65,1.59,1.59,1866
2002-09-27,1.65,1.73,1.63,1.63,7018
2002-09-30,1.68,1.69,1.62,1.67,4107
2004-09-09,14.08,14.1,13.3,14,665
2004-09-10,13.8,14.16,13.41,13.41,1063
2004-09-13,14,14.3,13.99,13.99,16579
2004-09-14,13.7,14.2,13.1,14.1,2639
2004-09-15,13.5,14,13.36,13.82,10988
2004-09-16,13.81,13.95,13.76,13.78,1770
2004-09-17,13.83,14.2,13.8,14.2,9253
2004-09-20,13.8,14.1,13.53,14,5779
2004-09-21,14.53,15.35,13.9,13.98,43604
2004-09-22,15.36,15.56,14.58,14.8,31301
2004-09-23,15.23,15.87,15,15.22,52447
2004-09-24,15.13,15.63,15,15.4,21479
2004-09-27,15.38,16.3,15.1,16.3,64926
2004-09-28,15.73,15.89,15.22,15.5,52366
2004-09-29,16,16.2,15.3,15.79,49119
2004-09-30,15.86,16.3,15.5,16.3,36494
2004-10-01,15.74,16.2,15.5,16.2,9133
2004-10-04,16.16,16.57,15.83,16,92329
2004-10-05,15.97,16.4,15.73,16.3,29434
2004-10-06,15.97,16.59,15.85,16.17,36307
2004-10-07,16.12,16.34,15.7,15.7,21335
2004-10-08,16.4,16.96,15.96,16,59932
2004-10-11,16.07,16.68,15.72,16.56,56091
2004-10-12,15.7,16.58,15.4,16.58,21519
2004-10-14,15.77,16.2,15.39,15.4,16428
2004-10-15,15.78,16.4,15.6,16,12438
2004-10-18,15.48,15.8,15.23,15.8,22547
2004-10-19,15.35,15.53,15.21,15.5,3126
2004-10-20,15.2,15.76,14.45,15.31,12264
2004-10-21,16.03,16.5,15,15.2,45219
2004-10-25,15.88,16.3,15.2,16.3,22715
2004-10-26,15.82,16.3,15.62,15.95,17942
2004-10-27,16.11,16.26,15.78,15.8,19344
2004-10-28,16.58,16.62,16.2,16.4,21357
2004-10-29,16.75,16.98,16.5,16.6,30704
2004-11-01,19.81,20.1,17.35,17.44,436917
2004-11-02,19.57,20.56,19.23,20.34,200320
2004-11-03,19.05,19.89,18.56,19.89,77862
2004-11-04,18.92,20.1,15.24,19.54,108026
2004-11-05,19.34,20.17,18.4,18.4,156830
2004-11-08,18.86,19.57,18.7,19.2,53794
2004-11-09,18.42,19.57,18.3,19.5,26892
2004-11-10,19.34,19.85,18.42,18.42,174519
2004-11-11,19.29,19.9,19.2,19.54,70970
2004-11-12,20.74,21.46,19.48,19.48,214469
2004-11-16,20.78,21.8,20.66,21.17,204368
2004-11-17,21.22,22.2,20.9,21.29,253437
2004-11-18,20.55,21.67,20.4,21.56,98034
2004-11-19,19.69,21.03,19.22,20.9,76180
2004-11-22,19.96,20.75,19.4,19.4,98377
2004-11-23,20.15,20.98,19.92,20.55,147629
2004-11-24,20.28,21.78,20,21.78,131646
2004-11-25,20.19,20.99,20,20.4,119747
2004-11-29,20.01,20.38,19.8,20.38,54365
2004-11-30,20.64,21.17,20.1,20.1,146208
2004-12-01,21.13,21.29,19.62,20.34,142197
2004-12-02,20.15,21.22,20.02,20.82,81712
2004-12-03,20.17,20.5,19.95,20.1,78253
2004-12-06,20.28,20.7,20.1,20.7,39658
2004-12-07,20.29,20.51,20.1,20.12,35285
2004-12-08,20.32,20.54,20.21,20.3,41519
2004-12-09,20.64,21.5,20.2,20.38,86565
2004-12-10,20.74,21.18,20.62,21.16,63556
2004-12-13,21.05,21.2,20.7,21,69978
2004-12-14,21.1,21.77,21.01,21.2,59273
2004-12-15,20.83,21.55,20.6,21.38,66324
2004-12-16,20.64,21.2,20.6,21,24135
2004-12-17,20.61,21,20.4,21,21533
2004-12-20,20.5,20.8,20.24,20.8,63534
2004-12-21,21.29,21.8,20.5,20.8,97010
2004-12-22,21.63,22.75,21.01,21.6,227643
2004-12-23,21.79,22.39,21.62,22,74169
2004-12-24,21.37,22.12,21.2,22.12,64320
2004-12-27,21.23,21.58,21.05,21.43,30905
2004-12-28,22.03,22.19,21.3,21.3,68978
2004-12-29,21.79,23,21.44,22.56,74097
2004-12-30,21.79,22.09,21.22,22,56121
2004-12-31,22.16,22.4,21.4,21.6,39264
2005-01-03,22.12,22.48,21.65,22.48,26186
2005-01-04,22.02,22.98,21.89,22.98,24692
2005-01-05,21.95,22.38,20.2,22.06,68276
2005-01-06,20.86,22,20.4,21.4,40607
2005-01-07,20.64,21,20.44,21,18919
2005-01-10,21.22,21.7,20.62,20.66,32143
2005-01-11,20.84,21.4,20.22,20.82,25026
2005-01-12,20.17,21.09,20,20.5,32485
2005-01-13,20.62,20.98,20.06,20.06,20045
2005-01-14,20.28,20.8,20.06,20.8,11181
2005-01-17,20.06,20.4,19.63,20.25,18917
2005-01-18,20.5,20.98,20.3,20.4,12025
2005-01-19,20.45,20.7,20.4,20.6,9128
2005-01-20,20.79,21.03,20.22,20.6,30555
2005-01-24,20.75,21.2,18,18,19791
2005-01-25,21.21,21.3,20.33,20.33,9386
2005-01-27,21.51,21.75,20.9,21,25408
2005-01-28,22.3,22.63,21.4,21.4,111934
2005-01-31,22.27,22.8,22,22.6,142943
2005-02-01,23.04,23.56,21.8,22.79,120977
2005-02-02,23.04,23.6,22.71,23.1,71240
2005-02-03,23.08,23.8,22.7,23.8,33272
2005-02-04,23.34,23.68,22.62,23.1,62480
2005-02-07,23.53,24.67,23.13,23.58,88731
2005-02-08,23.22,24.65,23.1,24.65,41927
2005-02-09,23.37,23.74,23.14,23.74,23620
2005-02-10,23.39,24.28,23.21,23.6,28909
2005-02-11,23.19,23.75,23,23.6,24078
2005-02-14,23.15,23.7,23,23.25,37695
2005-02-15,23.39,23.75,22.44,22.44,26773
2005-02-16,23.44,24.34,23.3,23.8,36570
2005-02-17,23.05,23.38,22.4,23.38,20463
2005-02-18,23.19,23.6,23.02,23.45,16650
2005-02-21,23.4,24.3,23.28,23.28,80583
2005-02-22,23.18,23.58,23.02,23.4,43236
2005-02-23,23.39,23.6,23.2,23.48,30773
2005-02-24,23.83,25.39,23.6,24.1,128555
2005-02-25,23.43,24.4,23.39,24.4,33272
2005-02-28,23.59,24.14,23.25,24.14,77732
2005-03-01,23.8,24.18,23.4,23.8,54879
2005-03-02,24.2,24.6,24,24.56,69591
2005-03-03,23.98,24.5,23.72,24.46,53955
2005-03-04,24.08,24.4,23.8,24.2,38774
2005-03-07,27.05,28.9,24.23,24.3,639878
2005-03-08,26.73,27.97,26.41,27.97,139756
2005-03-09,25.78,27.27,25.12,27.05,70325
2005-03-10,26.12,26.9,25.45,25.45,52847
2005-03-11,26.21,26.4,25.84,26.4,59015
2005-03-14,26.26,27.54,26.1,27,59577
2005-03-15,25.81,27,25.62,26.99,113739
2005-03-16,26.21,26.98,26.18,26.58,23821
2005-03-17,26.04,26.58,25.92,26.21,29423
2005-03-18,26.74,28.29,26,26.5,159956
2005-03-21,26.66,27.6,26.4,26.6,25241
2005-03-22,26.22,27.84,26.12,26.8,129413
2005-03-23,25.23,26.8,25.02,26.2,45682
2005-03-24,24.78,25.4,24.42,25.2,42167
2005-03-28,25.52,26,24.45,26,14339
2005-03-29,24.32,25.3,23.8,25.2,25233
2005-03-30,24.61,24.96,24.01,24.01,11209
2005-03-31,25.21,25.5,24.9,25,21434
2005-04-01,25.8,26.56,24.64,24.64,17844
2005-04-04,26.82,27.88,25.61,26.61,280495
2005-04-05,26.81,27.92,26.6,27.18,184021
2005-04-06,26.68,27.4,26.5,27.3,56715
2005-04-07,26.4,27.6,26.27,27.6,70867
2005-04-08,27.42,28.78,26.52,26.52,1461539
2005-04-11,26.63,27.4,26.42,27.4,138748
2005-04-12,26.48,27.15,26.42,26.8,261421
2005-04-13,26.06,27,25.93,26.76,593109
2005-04-15,26.44,27.19,25.66,26,323299
2005-04-18,25.95,26.4,25.9,26,43450
2005-04-19,25.55,26.79,25.26,26.48,39258
2005-04-20,26.19,26.22,25.74,25.8,76281
2005-04-21,26.41,26.96,25.94,26.19,93474
2005-04-22,27.81,28.18,26.51,26.76,309962
2005-04-25,27.45,28.35,27.2,28.08,142352
2005-04-26,27.88,29.3,27.11,27.76,323314
2005-04-27,27.36,28.5,27.12,28,83868
2005-04-28,27.04,27.85,26.81,27.6,51378
2005-04-29,25.94,27,25.62,27,49338
2005-05-02,26.17,27,25.86,27,130571
2005-05-03,26.04,26.58,26,26.58,52025
2005-05-04,26.21,26.5,26,26.06,35005
2005-05-05,26.22,26.59,26.16,26.56,35607
2005-05-06,25.72,26.39,25.62,26.3,21026
2005-05-09,25.79,26.27,25.68,26,46699
2005-05-10,26.2,26.6,25.67,26.56,48952
2005-05-11,26.25,26.8,26,26,53389
2005-05-12,26.75,27.8,26.15,26.15,85282
2005-05-13,27.48,27.92,26.6,26.6,167992
2005-05-16,29.08,29.4,27.68,27.96,384878
2005-05-17,28.74,30.4,28.44,29.75,233991
2005-05-18,30.07,30.4,28.22,28.22,578035
2005-05-19,29.88,30.96,29.61,30.85,379912
2005-05-20,30.52,30.8,29.3,29.98,217565
2005-05-23,31.6,31.89,30.45,30.89,313604
2005-05-24,31.26,32.08,30.86,32.08,110596
2005-05-25,30.49,31.58,30.4,30.4,50461
2005-05-26,30.26,30.88,30.03,30.74,53583
2005-05-27,30,30.98,29.7,30.78,172235
2005-05-30,28.77,30.3,28.6,30.1,58121
2005-05-31,28.59,29.34,28.44,29.34,80729
2005-06-01,28.71,29.78,28.62,29.78,39932
2005-06-02,28.64,29.2,28.58,28.99,22747
2005-06-03,28.94,29.17,28.14,28.9,70113
2005-06-06,30.24,30.78,29.9,29.98,102220
2005-06-07,30.94,31.8,30.31,30.8,129405
2005-06-08,32.48,33.25,31.1,31.32,367122
2005-06-09,32.48,32.79,31.68,32.6,142995
2005-06-10,31.68,33,31.3,32.4,101505
2005-06-13,31.6,32.18,30.79,31.68,37718
2005-06-14,31.67,32.2,31.35,31.9,51779
2005-06-15,32.29,32.6,31.7,32,77018
2005-06-16,31.62,32.18,31.22,32,61773
2005-06-17,31.22,32.5,29.9,32.5,114468
2005-06-20,30.42,32,29.9,31.6,142523
2005-06-21,31.25,31.4,30.12,30.12,85648
2005-06-22,31.02,32,30.7,30.81,90119
2005-06-23,30.2,31.06,30,31.02,37898
2005-06-24,31.31,31.6,30.06,30.06,69547
2005-06-27,30.97,31.98,30.42,31.98,50588
2005-06-28,30.34,31.38,30.02,30.54,20540
2005-06-29,30.24,30.54,30,30.02,27266
2005-06-30,30.28,30.5,29.37,30.4,69114
2005-07-01,30.63,31.4,30.44,30.7,50996
2005-07-04,31.1,31.99,30.6,30.96,263917
2005-07-05,30.65,31.45,30.21,31.45,78817
2005-07-06,30.06,30.82,29,30.44,38112
2005-07-07,29.8,30.48,29.6,30.4,102053
2005-07-08,29.71,30.3,29.63,30.2,60661
2005-07-11,29.82,30,29.2,29.7,36443
2005-07-12,30.06,30.89,29.4,30.4,70527
2005-07-13,33.04,33.98,30.19,30.57,450517
2005-07-14,33.18,34.99,32.6,33,530522
2005-07-15,34.9,35.14,33.39,33.57,363670
2005-07-18,35.71,36.93,34.94,35.18,258352
2005-07-19,35.14,36.98,34.4,36.98,67423
2005-07-20,36.16,36.99,35,35.3,197356
2005-07-21,38.08,38.8,36.28,36.63,842082
2005-07-22,39.12,40.5,38.4,38.8,181408
2005-07-25,38.97,39.6,37.7,38.8,96377
2005-07-26,37.35,39.6,37.04,39.25,130255
2005-07-27,37.39,37.72,36.5,37,48261
2005-07-29,37.43,38.18,35.9,35.9,45781
2005-08-01,36.45,38,36.01,38,27665
2005-08-02,40.22,40.96,36.25,37,179193
2005-08-03,38.34,40.38,37.06,40.38,106332
2005-08-04,39.6,39.98,38.5,39.08,112283
2005-08-05,39.36,39.96,38.82,39.96,65105
2005-08-08,37.89,39.6,37.4,39.6,30416
2005-08-09,38.61,39,37.44,38,58896
2005-08-10,40.17,40.6,38.2,38.21,46543
2005-08-11,39.5,40.95,39.2,40,75753
2005-08-12,42.39,43,39.44,39.6,175626
2005-08-16,43.28,43.6,41.6,42.56,106350
2005-08-17,43.56,44.2,42.25,43.2,73087
2005-08-18,42.52,44.78,41.8,44.24,130974
2005-08-19,43.06,43.8,42.81,42.98,158185
2005-08-22,43.08,43.5,42.8,43.01,44301
2005-08-23,40.53,43.3,39.8,43.22,74956
2005-08-24,40.78,41.4,39.6,40.4,116930
2005-08-25,40.26,41.14,39.02,41,49890
2005-08-26,42.19,42.76,40.08,40.08,44645
2005-08-29,42.25,43.7,41.25,42.78,33090
2005-08-30,42.04,43.4,41.64,42.8,28824
2005-08-31,42.88,43.54,42.31,42.42,28473
2005-09-01,42.82,43.5,42.2,43.38,25304
2005-09-02,42.57,43.34,42.4,43.3,19389
2005-09-05,44.42,46.8,42.04,42.24,119055
2005-09-06,44.41,46.2,44.02,45,47463
2005-09-08,44.96,45.36,43.64,44.8,34014
2005-09-09,46.21,46.98,44.2,45,47120
2005-09-12,47.78,48.8,46.8,47.16,74097
2005-09-13,48.18,49.2,46.6,49,73276
2005-09-14,46.8,48.75,46.2,48,34868
2005-09-15,46.78,48.34,46.42,47.78,70292
2005-09-16,45.57,47.52,45.41,47,35001
2005-09-19,45.63,47.92,44.8,46.24,40216
2005-09-20,46.17,47.4,45.2,46,59969
2005-09-21,44.22,47.58,43.62,46.78,38763
2005-09-22,40,44.78,39.23,44.78,35896
2005-09-23,42.21,42.89,36.4,40.2,38266
2005-09-26,44.65,45.2,42.6,43.4,32660
2005-09-27,44.94,45.8,44.4,45,33245
2005-09-28,45.95,47.3,45.1,45.2,84581
2005-09-29,48.23,48.54,45.8,45.8,103785
2005-09-30,47.54,52.54,45.81,49.4,138409
2005-10-03,47.75,49.59,47,47.8,154342
2005-10-04,47.71,48.58,47.3,48.57,32214
2005-10-05,47.6,49.2,47.21,47.7,231389
2005-10-06,47.08,48,46,47.6,23832
2005-10-07,46.35,47.8,45.62,47.54,18595
2005-10-10,46.87,47.4,46,46.98,16072
2005-10-11,45.92,47.2,45,46.25,15950
2005-10-13,46.44,47,45.7,47,12022
2005-10-14,45.76,46.88,45.4,46.88,8829
2005-10-17,46.2,47.2,44.85,45.2,24501
2005-10-18,46.54,47.43,45.9,46.2,27140
2005-10-19,44.73,46.6,43.5,46.5,40605
2005-10-20,42.1,46.58,41.2,44.4,67434
2005-10-21,42.89,43.7,41.5,43.28,96633
2005-10-24,42.68,43.96,42.2,43.2,26588
2005-10-25,41.81,43.8,41.4,43.8,63273
2005-10-26,41.73,42.96,40.7,40.7,11426
2005-10-27,41.82,42.2,41,41.62,46722
2005-10-28,41.62,42.64,41.01,42.64,14212
2005-10-31,43.52,44.79,41.4,41.99,25001
2005-11-01,44.42,44.8,43,44,5019
2005-11-02,44.65,44.8,43.6,44,5199
2005-11-07,45.04,45.98,44.08,45.98,7716
2005-11-08,46.07,46.37,44.2,46.2,19472
2005-11-09,45.14,46.98,44.8,46.98,20779
2005-11-10,45.06,45.2,44.42,45.2,13703
2005-11-11,45.5,45.95,45,45,15761
2005-11-14,45.72,46.4,45.6,46,11329
2005-11-16,45.8,46.4,45.5,46.02,8898
2005-11-17,46.16,46.4,45.5,46,9400
2005-11-18,46.65,46.8,46,46.22,15653
2005-11-21,47.85,48,46.31,46.31,15613
2005-11-22,47.49,48.4,46.86,47.01,14893
2005-11-23,47.51,47.99,46.81,46.81,6964
2005-11-24,48.49,48.6,47.6,47.6,23634
2005-11-25,51.7,53.4,48.32,48.6,141846
2005-11-28,53.22,55.4,52.6,53.2,88315
2005-11-29,52.79,53.2,52.2,52.69,17765
2005-11-30,55.42,55.8,52.8,52.99,117089
2005-12-01,56.32,59.8,55.4,57.56,46005
2005-12-02,59.66,62.96,57,57,340090
2005-12-05,60.2,61.75,59.93,60.29,81888
2005-12-06,60.1,60.4,59.21,60.4,32993
2005-12-07,60.92,61.77,60,60.4,28583
2005-12-08,60.32,61.68,60,61,17686
2005-12-09,61.53,61.98,60.07,60.4,26935
2005-12-12,61.95,63,60,62.1,20774
2005-12-13,61.96,62.88,61.21,61.21,20139
2005-12-14,60.86,62.8,60.65,61.9,38617
2005-12-15,61.32,61.8,60.8,61.8,50065
2005-12-16,61.18,62.2,60,60.42,21565
2005-12-19,64.04,64.98,60.6,60.6,56559
2005-12-20,64.35,64.78,62.8,64.4,34758
2005-12-21,63.03,64.89,62.62,64.89,35832
2005-12-22,61.93,64.01,61.42,63.4,26577
2005-12-23,60.61,63.16,60.4,62.2,12402
2005-12-26,60.63,63,57,60.9,14780
2005-12-27,61.33,62.3,59,59.65,14902
2005-12-28,61.47,61.88,60.3,61.4,7752
2005-12-29,60.7,62,60.41,62,16379
2005-12-30,60.32,61.4,60.02,61,18305
2006-01-02,60.77,62,60.6,60.98,10267
2006-01-03,61.63,62.2,60.78,60.8,16595
2006-01-04,60.98,62,60.61,61.6,35124
2006-01-05,60.31,61.38,60,60.7,8437
2006-01-06,60.48,61.4,60.02,60.23,21147
2006-01-09,61.17,61.76,60,60,22140
2006-01-10,60.97,61.8,59.65,61,32247
2006-01-12,60,60.8,59.8,60.2,224103
2006-01-13,60.57,62.8,60.4,60.6,60232
2006-01-16,60.23,61.2,60,60.41,27674
2006-01-17,60.54,62.05,60.07,60.8,45353
2006-01-18,60.01,61.14,59.8,59.99,179542
2006-01-19,61.39,62.4,60.4,60.5,43659
2006-01-20,63.44,66.8,61.45,62,112876
2006-01-23,65.16,65.61,63,63.88,93264
2006-01-24,65.88,66.6,65,65.6,63214
2006-01-25,65.03,66.18,64.4,66.18,48766
2006-01-27,67.88,69.91,64.6,64.6,133736
2006-01-30,64.94,69,64.6,68.02,88189
2006-01-31,63.96,65.8,63.6,65.8,37682
2006-02-01,62.68,65.4,62.23,64.98,27891
2006-02-02,62.16,67,61.8,62.84,64175
2006-02-03,55.07,61.19,52.02,61.19,270854
2006-02-06,54.91,56.8,50.86,55.2,184508
2006-02-07,52.24,54.85,52,54.85,43151
2006-02-08,56.22,57.98,51.2,53.2,314116
2006-02-10,58.91,59.62,57.02,58,223335
2006-02-13,57.33,59.89,57,59.41,160958
2006-02-14,58.18,58.4,56.86,58,104752
2006-02-15,57.55,59,57.25,58.39,26368
2006-02-16,56.16,57.96,55,55.01,32403
2006-02-17,54.12,59,53.4,57.27,44796
2006-02-20,53,55.8,52.44,54.12,17155
2006-02-21,54.19,54.98,52,52,15551
2006-02-22,52.72,54.6,52.6,54.19,30139
2006-02-23,52.14,53.98,52,53.02,21106
2006-02-24,52.22,53.98,51.9,53.98,17045
2006-02-27,54.01,54.55,52.43,53,40219
2006-02-28,54.29,55.5,52.23,54.8,36800
2006-03-01,57.16,57.77,53.2,54.41,55051
2006-03-02,58.4,59.45,57,57,61163
2006-03-03,58.66,59.6,57.08,59.1,29719
2006-03-06,58.12,59.61,57.42,59.4,26844
2006-03-07,58.53,58.98,56.7,58.16,26564
2006-03-08,63.62,65.4,58.24,59,212808
2006-03-09,64.71,65.77,60.4,63.67,87046
2006-03-10,64.46,65.2,62.43,64,47692
2006-03-13,62.82,65,62.6,65,71451
2006-03-14,61.91,64.3,60.6,64.3,24994
2006-03-16,61.07,63,60.42,63,16573
2006-03-17,59.63,61.2,59.25,61.2,33771
2006-03-20,61.52,62.85,59,60,123896
2006-03-21,61.59,62.38,60.4,60.62,15400
2006-03-22,61.04,62,59,62,21032
2006-03-23,60.41,61.4,60,60.8,18110
2006-03-24,60.29,61.6,60,60.76,12524
2006-03-27,60.72,61.4,60,61,25621
2006-03-28,60.81,61.4,60,61.4,34903
2006-03-29,64.29,66,61,61,42713
2006-03-30,63.14,65.77,62.44,65.77,15141
2006-03-31,65.46,66.6,62.76,64,30380
2006-04-03,65.39,68.6,64.47,64.58,28542
2006-04-04,70.99,71.98,66,66.97,152216
2006-04-05,77.87,79.6,71.74,72.46,273071
2006-04-07,76.84,82.8,75.2,78.93,166861
2006-04-10,82.67,84.8,76.9,77.11,225791
2006-04-12,78.47,83.97,77.02,83.97,92463
2006-04-13,77.56,78.5,75.82,78.01,48504
2006-04-17,86.66,88,77.36,79,201785
2006-04-18,83.58,90.67,82.8,88.78,234682
2006-04-19,86.24,89.6,84.4,84.8,176942
2006-04-20,83.96,87.97,83.6,87.97,41163
2006-04-21,85.73,88.8,83.08,84.8,66428
2006-04-24,85.72,88.36,85,86.4,54207
2006-04-25,82.75,87.2,82,87.2,35812
2006-04-26,82.5,90,82.1,83,26482
2006-04-27,83.39,88.8,82,83.97,24735
2006-04-28,81.4,83.3,67.2,79.64,41430
2006-05-02,85.75,86.2,83,85,28462
2006-05-03,84.4,87.6,83.2,87,34254
2006-05-04,84.14,86,83.6,84.8,22680
2006-05-05,83.81,86.84,83.65,84.3,28589
2006-05-08,84.84,86.59,67.92,67.92,40320
2006-05-09,84.35,85.4,83.8,85.4,32479
2006-05-10,85.14,85.6,81.64,81.64,13480
2006-05-11,87.93,90.8,85.6,86,62209
2006-05-12,89.19,92.4,85.2,87.78,64622
2006-05-15,88.37,93.2,87.06,90,54879
2006-05-16,85.72,89.6,76.9,87.6,42765
2006-05-17,89.78,91.4,86.8,87.8,39740
2006-05-18,80.69,88.4,79,86.2,55140
2006-05-19,79.59,89.8,78.6,89.8,36696
2006-05-22,77.68,80.56,63.8,78.02,46665
2006-05-23,79.48,81.6,72,81,44237
2006-05-24,80.4,83.9,78.1,81.4,19582
2006-05-25,78.49,80,76.02,79,15505
2006-05-26,78.81,83,78,79.6,31324
2006-05-29,79.06,81.4,78.4,79,13519
2006-05-30,78.58,81.2,77.8,78.8,76770
2006-05-31,76.15,78.46,68,78.4,73449
2006-06-01,73.35,78.6,71.05,77.8,13526
2006-06-02,71.96,74.37,66,73.45,23036
2006-06-05,70.07,73.35,70,71.5,11620
2006-06-06,67.82,70.98,66,66.4,18471
2006-06-07,62.92,67.6,58.22,67.2,34568
2006-06-08,51.64,59,50.6,59,49218
2006-06-09,61.19,61.97,50.02,53.76,22285
2006-06-12,56.2,61.99,55.6,61.49,16836
2006-06-13,54.4,56.8,53,56,10977
2006-06-14,50.88,60.6,47.62,54.4,53333
2006-06-15,55.02,57.4,50,50,23860
2006-06-16,60.54,63,56,56,21104
2006-06-19,64.45,67.8,58.6,60.2,27505
2006-06-20,63.45,68,62.8,68,15938
2006-06-21,64.77,68.78,63.61,63.61,25709
2006-06-22,64.66,68,63.05,66.94,31877
2006-06-23,65.51,66.2,61.6,62.21,16505
2006-06-26,61.62,65.2,60.6,65.2,20822
2006-06-27,62.07,65,59,63,16876
2006-06-28,61.07,62.4,59,61,83062
2006-06-29,60.01,63.25,59.05,60.4,11773
2006-06-30,65.84,66.4,61.47,62,30212
2006-07-03,62.29,66,61.25,66,9957
2006-07-04,60.98,64,59.45,63.98,15510
2006-07-05,61.14,62.4,60,61,47153
2006-07-06,60.11,61.96,58.05,61.96,14004
2006-07-07,59.73,61.4,59,60.42,40600
2006-07-10,60.43,61.6,57.4,57.6,11544
2006-07-11,60.45,60.9,59.3,59.99,6907
2006-07-12,60.15,60.39,58,59.99,10231
2006-07-13,59.56,60.6,58.6,58.6,2830
2006-07-14,59.11,60.35,58.4,59.99,3299
2006-07-17,57.57,59.39,57,58.04,11478
2006-07-18,57.25,58.2,56.4,57.8,6690
2006-07-19,53.9,58.2,52.6,58.2,20873
2006-07-20,58.38,63,53.71,54.22,19384
2006-07-21,55.97,60,54.71,58.6,23476
2006-07-24,55.49,55.99,53,54.2,12595
2006-07-25,55.51,57.98,55,55.96,30948
2006-07-26,55.71,57.6,54.8,57.6,9088
2006-07-27,57.35,58.6,56.4,56.4,82812
2006-07-28,60.17,61.4,57,58,28113
2006-07-31,59.82,61.6,58.02,59,13797
2006-08-01,58.42,60,58,59.01,5052
2006-08-02,58.32,59.1,58.01,58.4,7671
2006-08-03,60.97,61.45,58.4,59.19,29069
2006-08-04,59.91,62.2,59.53,61,10630
2006-08-07,57.98,59.98,57.8,58.2,9344
2006-08-08,58.62,59.18,58.12,59.18,10868
2006-08-09,60.56,61.2,58.4,59.8,15488
2006-08-10,60.47,63.8,60,61.2,25142
2006-08-11,62.93,64.8,60.8,61.4,50981
2006-08-14,64.17,65.2,62.1,63.98,61333
2006-08-16,68.17,69.16,65.2,66.14,59263
2006-08-17,69.32,76,68.63,70.85,66163
2006-08-18,68.34,71.74,68,70.8,24257
2006-08-21,69.2,70.19,67.8,68.35,28054
2006-08-22,67.68,70.72,67.4,70.72,17375
2006-08-23,68.06,69,66.6,67.02,24406
2006-08-24,68.32,69.86,65.02,69.86,14018
2006-08-25,68.08,70.2,68,69.99,18701
2006-08-28,68.89,69.2,68,68.8,12551
2006-08-29,68.49,69.9,68,69.02,16266
2006-08-30,69.13,69.96,68.41,69.6,7196
2006-08-31,68.83,69.17,67.8,68.75,13879
2006-09-01,67.93,68.6,67.42,68.59,39361
2006-09-04,67.4,70.01,67,70.01,15913
2006-09-05,67.66,70.2,67.2,70.2,16748
2006-09-06,69.66,70.2,67.6,68.79,41974
2006-09-07,70.13,72.61,64.88,64.88,32546
2006-09-08,70.44,71.08,69.6,71.08,7177
2006-09-11,67.94,70.95,66,70.95,14314
2006-09-12,67.98,68.8,65.2,68.4,7270
2006-09-13,69.8,70.53,67.8,68.8,17809
2006-09-14,70,70.8,68.8,70,57912
2006-09-15,69.67,70.56,69.01,69.82,32765
2006-09-18,68.54,69.78,68,69.5,13953
2006-09-19,66.94,68.79,66.6,66.7,34629
2006-09-20,66.94,67.79,64.6,66.99,15273
2006-09-21,66.36,68.9,66,68.79,5339
2006-09-22,65.17,66.99,64.8,66.6,15755
2006-09-25,63.54,66.6,63,64,21912
2006-09-26,63.55,64.98,63.22,64.6,8739
2006-09-27,64.77,65.8,63.8,64.2,48006
2006-09-28,63.39,65.4,63,64.95,8001
2006-09-29,66.37,66.98,63.9,64.2,55310
2006-10-03,68.39,71,66.6,66.6,37345
2006-10-04,68.89,70,68.02,69.3,13195
2006-10-05,70.18,72.18,69.22,70.37,29048
2006-10-06,70,71.34,69.04,71.34,13431
2006-10-09,70.7,71.18,69.2,70.58,9587
2006-10-10,69.5,70.6,68.23,70.11,6918
2006-10-11,68.91,70.61,68.4,69.6,16389
2006-10-12,69.25,70.4,68,68.46,13971
2006-10-13,71.38,72.18,68.4,71,30587
2006-10-16,71.72,73.6,70.4,72.2,37091
2006-10-17,72.28,73,70.29,71.72,22321
2006-10-18,73.25,74.4,70.02,73,43962
2006-10-19,73.31,76.2,72.2,74,56514
2006-10-20,73.95,74.5,71.8,73,63713
2006-10-23,73.54,74.58,71.1,74.58,24389
2006-10-26,72.74,75,72.4,75,6547
2006-10-27,73.03,73.98,70,70,13211
2006-10-30,72.58,73.6,71.99,72,11758
2006-10-31,71.71,73.6,69.04,72,27640
2006-11-01,73.11,73.6,70.02,73.4,20437
2006-11-02,72.81,74.76,72.2,74.76,4169
2006-11-03,71.88,72.8,71.62,72.4,8342
2006-11-06,71.08,72.2,70.56,71,29642
2006-11-07,72.55,74.5,68.01,68.01,41513
2006-11-08,72.01,73.37,71.02,72,56758
2006-11-09,73.03,73.64,71.26,71.98,31715
2006-11-10,80.46,83.8,71.75,72,176024
2006-11-13,79.35,84,78.05,81,126044
2006-11-14,64.87,79.81,63.48,79.8,633855
2006-11-15,65.89,67.8,58.4,62.48,850359
2006-11-16,63.92,68.56,63.6,67,261067
2006-11-17,62.01,65.2,61.8,65.2,195925
2006-11-20,60.91,61.97,59.02,61.01,76688
2006-11-21,61.39,63,60.7,63,55131
2006-11-22,61.6,64,61.31,64,195776
2006-11-23,60.45,63,60.22,63,104529
2006-11-24,60.94,63,59.2,61.8,122264
2006-11-27,60.38,63,59.9,63,83007
2006-11-28,59.14,61.5,58.83,61.5,31830
2006-11-29,60.35,62.96,59.4,62.96,123071
2006-11-30,61.07,62.95,60,61.98,75520
2006-12-01,60.72,62.76,60.35,62.6,46474
2006-12-04,61.58,62.38,60.03,61.4,171324
2006-12-05,63.78,64.9,61.64,61.64,173365
2006-12-06,66.46,66.98,64.06,64.6,264505
2006-12-07,67.42,68.53,64.22,67.54,196751
2006-12-08,66.14,68.34,65.8,68.34,62130
2006-12-11,62.46,66.6,61.5,66.14,40786
2006-12-12,60.85,64.61,59.28,61.02,63715
2006-12-13,63.05,70,60.2,70,58755
2006-12-14,64.2,66,62.2,66,31100
2006-12-15,63.2,65.96,62.6,65.96,19699
2006-12-18,63.9,65.33,61.4,65.33,20128
2006-12-19,62.23,65.53,58.14,65.53,190958
2006-12-20,61.37,63.18,60.6,63,13722
2006-12-21,62.2,63.38,60.8,63.38,11845
2006-12-22,65.79,67,62.4,62.98,62333
2006-12-26,64.19,66.4,63.25,65.78,10610
2006-12-27,67.79,68.2,64.2,65.4,56345
2006-12-28,67.73,68.4,63.38,67.8,20872
2006-12-29,68.06,70,66.37,70,25548
2007-01-02,66.82,70,66.2,70,9238
2007-01-03,67.22,68.8,65.2,68.8,269673
2007-01-04,68,69.19,67.1,69.19,125613
2007-01-05,68.5,69,64.05,64.05,28581
2007-01-08,68,69.58,64.54,64.54,15632
2007-01-09,67.85,68.6,67.1,67.1,13554
2007-01-10,67.99,70,67,70,16186
2007-01-11,68.02,69.6,68,69.6,7616
2007-01-12,68.2,69.5,68,68.8,13704
2007-01-15,68.36,69.6,68,69.6,7307
2007-01-16,69.75,70.36,68,69,45180
2007-01-17,70.93,71.6,69.04,70.4,27546
2007-01-18,70.48,71.96,70,71.96,17441
2007-01-19,69.47,71.19,68.5,69.03,12139
2007-01-22,68.04,70.75,68,70.75,10763
2007-01-23,68.05,68.55,66.8,66.85,20654
2007-01-24,67.44,69,67.01,69,6436
2007-01-25,67.36,68.98,67.1,68.98,10149
2007-01-29,68.03,68.4,67.62,68.19,18624
2007-01-31,68.04,69,67.32,68.99,11518
2007-02-01,68.47,69.99,68,69.99,10048
2007-02-02,73.96,75.72,69,70,117659
2007-02-05,74.44,78,74.2,75.8,99703
2007-02-06,72.09,75.12,71.4,74.6,33954
2007-02-07,72.24,75.4,71.01,75.4,55604
2007-02-08,72.7,74,72.4,74,14571
2007-02-09,71.2,76,70.64,76,13400
2007-02-12,67.7,72.12,66.28,71.6,19181
2007-02-13,67.19,70,64.21,70,21779
2007-02-14,66.61,67.4,65.02,67.2,24555
2007-02-15,68.28,70,67.2,70,59606
2007-02-19,67.22,69.8,66.83,69.8,9700
2007-02-20,65.73,69.2,65.2,69.2,7298
2007-02-21,67.84,68.35,65.05,66.2,8131
2007-02-22,66.25,69.5,65.62,69.5,5591
2007-02-23,64.56,69,63.6,69,7970
2007-02-26,64.27,65.4,63,63.8,11045
2007-02-27,62.52,68.8,62,68.8,38300
2007-02-28,62.29,65.98,59,65.98,10647
2007-03-01,61.41,66.6,60.65,66.6,9435
2007-03-02,61.36,63.39,60.2,60.2,17365
2007-03-05,61.05,62.8,55.8,56.2,21562
2007-03-06,60.48,62.78,56.8,62.78,17822
2007-03-07,60.01,61,58.2,60.2,8533
2007-03-08,61.24,63.6,58.4,59.4,51497
2007-03-09,60.87,63,59.8,61.45,11719
2007-03-12,60.75,61.98,59,59,31299
2007-03-13,61.24,64,56.05,56.05,11983
2007-03-14,60.26,60.98,58,58,14540
2007-03-15,61.26,63.78,60.6,61.25,131821
2007-03-16,61.71,62.73,60.31,60.31,7571
2007-03-19,61.79,63,61.2,62,33282
2007-03-20,65.1,66,62.02,62.02,68101
2007-03-21,65.33,66.57,62,65.2,18257
2007-03-22,67.07,67.74,63.69,66.1,30342
2007-03-23,65.78,66.99,65,66.99,8982
2007-03-26,64.62,66,61.2,61.2,11580
2007-03-28,62.89,65.78,61.4,61.4,11348
2007-03-29,63.54,64.9,60,60,11757
2007-03-30,63.17,68.2,62.61,68.2,6556
2007-04-02,62.21,70,61.42,70,2710
2007-04-03,62.29,63.7,61.81,63.1,24015
2007-04-04,61.85,64.06,61.8,63.4,49041
2007-04-05,61.42,63.9,61,63.9,29964
2007-04-09,62.78,63.6,61.85,63.6,54557
2007-04-10,62.16,63,61.8,62.63,6282
2007-04-11,63.01,63.3,62.2,62.2,13280
2007-04-12,63.39,64.6,62.98,62.98,5018
2007-04-13,65.39,66,61.2,63.22,13614
2007-04-16,66.97,67.4,66,67.4,6348
2007-04-17,66.94,67.58,65.7,66.8,4873
2007-04-18,65.47,69,64.6,67,21249
2007-04-19,65.07,66.58,64.16,65.6,49972
2007-04-20,68.8,69.1,63.34,67,38507
2007-04-23,69.56,71.6,69.01,70.34,28821
2007-04-24,69.19,70.6,68.51,70.6,9259
2007-04-25,66.56,70,66.02,70,15827
2007-04-26,65.31,68.3,64.6,66.4,12334
2007-04-27,65.13,66.6,64.68,66.6,3362
2007-04-30,63.82,65,63.59,63.98,12397
2007-05-03,65.45,67,64.4,66.94,23199
2007-05-04,64.29,66.8,63.8,66.4,19711
2007-05-07,64.02,66.39,63.06,66.39,10145
2007-05-08,63.83,64.54,63.05,63.6,24278
2007-05-09,62.97,63.72,62.79,63.02,5542
2007-05-10,63.09,64.58,62.42,64.58,16799
2007-05-11,62.46,63.6,61.84,61.84,9404
2007-05-14,63.37,64.7,61.02,61.6,36505
2007-05-15,63.24,64.2,63,63.6,2559
2007-05-16,63.71,64.4,63.06,63.95,120645
2007-05-17,64.03,64.9,63.79,64.4,158664
2007-05-18,64.02,64.88,63.72,63.72,4788
2007-05-21,63.74,64.8,63.24,64.04,79578
2007-05-22,63.01,63.85,62.8,63.26,27660
2007-05-23,61.7,63.9,61.22,63.82,22445
2007-05-24,62,63,61.6,62.02,23664
2007-05-25,62.59,63.2,61.7,62,4682
2007-05-28,62.96,63.62,62.2,62.2,10351
2007-05-29,63.74,63.8,61.22,61.4,76554
2007-05-30,61.67,65.4,61.4,64.8,17738
2007-05-31,63.93,64.18,62.1,63.3,165834
2007-06-01,64.17,65,63.86,64.58,24535
2007-06-04,66.45,70.4,64.5,64.5,161468
2007-06-05,64.44,66.6,64,66.6,19509
2007-06-06,63.1,64.96,62.85,64.5,6654
2007-06-07,63.65,64.38,62.43,62.81,13793
2007-06-08,62.89,63.6,62,62.04,9167
2007-06-11,61.83,64.2,61.22,63,8452
2007-06-12,61.77,62.98,61.45,62.4,23606
2007-06-13,61.84,62.4,61.62,62.4,3085
2007-06-14,62.24,63.26,61.72,63,9481
2007-06-15,65.06,68,63.1,63.2,33031
2007-06-18,65.2,66.21,62.4,62.4,18384
2007-06-19,66.28,68.4,65.06,65.6,50027
2007-06-20,66.41,68,65.71,67.33,15464
2007-06-21,66.6,68.8,66.23,66.46,34084
2007-06-22,67.54,68.67,66,66.5,26318
2007-06-25,67.59,70.4,66.81,68.8,65457
2007-06-26,67.17,68.75,66.62,68.5,10208
2007-06-27,66.05,67.2,65.8,67,14180
2007-06-28,66.44,67,65.6,66.05,19080
2007-06-29,67.37,67.8,66.4,67.16,31960
2007-07-02,65.47,67.4,65,67.4,13728
2007-07-03,66.76,69.2,66.21,67.2,105318
2007-07-04,65.19,67.4,64.91,66,21130
2007-07-05,66.25,66.8,65,65.07,46854
2007-07-06,65.22,66.38,65,66.3,15877
2007-07-09,67.22,67.4,65.3,65.3,10836
2007-07-10,68.63,69.6,67.01,67.2,65295
2007-07-11,71.8,72.7,67.3,68.22,47015
2007-07-12,73.13,75.6,72,72,60483
2007-07-13,70.75,74.99,70.02,71.07,15603
2007-07-16,72.88,74,72.1,73,100853
2007-07-17,72.85,74.6,72.8,74.4,17336
2007-07-18,71,72.8,70.42,72.8,5979
2007-07-19,72.24,73.16,71.6,73,13923
2007-07-20,74.79,75.9,71.77,73.38,59724
2007-07-23,72.91,75.8,72.6,75,19342
2007-07-24,70.49,74.89,70,73.8,15230
2007-07-25,68.38,69.6,67.48,69.24,14800
2007-07-26,68.58,72,67.61,67.61,12961
2007-07-27,68.43,69.4,67,67.2,21986
2007-07-30,66.8,68,66.41,67.58,9527
2007-07-31,72.35,73.18,69.99,70,57712
2007-08-01,71.23,73.8,69.67,73,57970
2007-08-02,72.37,77.95,71.81,74,17330
2007-08-03,74.06,74.5,72.4,72.4,21320
2007-08-06,75.26,76,71.06,71.8,17436
2007-08-07,74.41,78.79,74.03,75.92,48583
2007-08-08,70.87,75.02,69.41,74.22,97659
2007-08-09,67.78,72.79,67.6,71.56,132839
2007-08-10,66.38,67.4,63.42,65.7,30648
2007-08-13,65.49,68,64.4,67.59,123786
2007-08-14,64.45,65.71,64.2,65.6,26535
2007-08-16,60.67,64.4,55.42,62.4,100577
2007-08-17,58.5,62,56.85,61.2,110310
2007-08-20,62.11,62.8,60.6,61.4,12378
2007-08-21,59.13,62.79,59,62.4,18029
2007-08-22,58.31,60.96,58,58.2,27052
2007-08-23,56.71,59.94,56.06,58.81,19218
2007-08-24,58.04,58.4,56.2,56.22,13811
2007-08-27,60.22,61.32,58.35,59.8,21685
2007-08-28,60.3,61.32,59.75,60.4,9410
2007-08-29,61.32,61.52,58,59.58,8054
2007-08-30,61.85,63.2,61.2,63.2,9775
2007-08-31,61.81,62.79,61.7,62,6336
2007-09-03,62.15,63,61.8,62.98,11289
2007-09-04,62.66,63.86,62.2,62.94,62006
2007-09-05,62.76,63.59,58.22,58.22,13971
2007-09-06,61.63,62.84,60.6,60.6,20160
2007-09-07,63.94,64.96,62.8,63.2,231592
2007-09-10,62.96,64.16,62,62,14672
2007-09-11,62.55,63.58,62.2,62.71,4409
2007-09-12,62.47,63.98,62.1,63.98,6155
2007-09-13,61.65,62.77,61.4,62.76,11249
2007-09-14,60.85,63.35,60.06,62.78,27813
2007-09-17,61.32,62.38,58.6,61.99,222244
2007-09-18,61.02,62.5,60,62,69481
2007-09-19,62.13,62.8,60.9,62.8,160141
2007-09-20,64.08,64.6,61.62,61.62,30263
2007-09-21,62.13,64.8,60.4,64,47882
2007-09-24,62.1,63.59,60.86,63.59,38960
2007-09-25,63.09,63.28,61.5,62,157428
2007-09-26,63.06,63.6,62.32,62.64,16099
2007-09-27,63.02,63.87,61.11,61.11,18721
2007-09-28,63.2,63.8,61.6,61.6,13173
2007-10-01,66.21,67,62.2,67,35588
2007-10-03,73.89,75,65.8,65.96,244250
2007-10-04,77.38,82.8,72,74,496167
2007-10-05,80.35,83.5,78.3,78.3,180158
2007-10-08,77.07,81.77,75.02,81.77,114984
2007-10-09,78.79,80.58,75.02,77,85223
2007-10-10,76.91,80.2,75.6,78,31613
2007-10-11,75.15,78,73.32,76.02,30749
2007-10-12,75.01,77.38,74.66,77.38,47031
2007-10-15,75.19,76.2,75,76,31800
2007-10-16,75.2,75.65,73,75.12,32390
2007-10-17,74.71,75.6,64.4,71.02,15481
2007-10-18,72.29,78.9,71.35,73.4,41728
2007-10-19,68.03,74.39,66.8,72,30942
2007-10-22,69.12,70.2,64.2,64.2,152086
2007-10-23,67.74,69.2,65.06,68,36911
2007-10-24,67.86,68.9,67,68.01,24896
2007-10-25,69.58,70,68.41,69.76,20418
2007-10-26,67.69,70.6,67.24,69.6,19305
2007-10-29,68.4,70,68,69.94,22331
2007-10-30,69.94,70.96,68.45,68.45,174609
2007-10-31,68.02,70.97,67.26,70.97,21922
2007-11-01,68.58,70,67.81,70,37542
2007-11-02,66.9,69.39,66,69.39,19682
2007-11-05,66.94,67.99,65.02,65.02,24287
2007-11-06,66.01,69,64.78,65.1,16785
2007-11-07,63.87,67,63.02,67,11941
2007-11-08,64.49,65.98,62.81,64.4,12561
2007-11-09,65.89,69.79,64.49,64.49,7000
2007-11-12,64.54,66,64.21,66,107846
2007-11-13,65.84,68.3,62.1,62.1,67494
2007-11-14,66,66.6,65.27,66.41,193457
2007-11-15,65.44,67.7,64.98,66.22,36764
2007-11-16,66.67,68.6,64.82,64.82,101578
2007-11-19,68.2,69.58,66.6,67.53,37280
2007-11-20,68.44,70,67.76,67.76,34351
2007-11-21,67.22,69.4,66.42,68.4,48128
2007-11-22,67.04,68,65.5,66.51,27574
2007-11-23,67.42,67.97,66.6,67.5,12125
2007-11-26,67.07,69.4,66.4,69.4,8095
2007-11-27,67.23,68.6,66.01,68.6,10020
2007-11-28,66.11,80.2,65.39,67.2,119730
2007-11-29,66.83,69.78,66.4,68.8,40880
2007-11-30,66.81,68.38,66.5,67,28343
2007-12-03,67.38,69.2,67.2,67.6,25564
2007-12-04,66.7,68.38,66.4,68.18,29197
2007-12-05,68.17,69.6,66.62,68.4,39407
2007-12-06,68.03,69.6,67,68.6,23496
2007-12-07,66.98,68.9,66.6,68.9,17907
2007-12-10,68.83,71,67.2,68.7,53200
2007-12-11,70.15,70.97,69.7,70.6,55498
2007-12-12,70.12,70.8,69.2,70.15,23560
2007-12-13,70.72,71.4,70,71,42226
2007-12-14,71.53,72.4,71,71.2,31200
2007-12-17,72.01,73.8,71.4,72.8,46024
2007-12-18,72.57,72.99,68.6,72.99,29936
2007-12-19,78.58,79.2,72.2,73.01,479538
2007-12-20,78.62,82,77.2,78.98,82254
2007-12-24,78.07,81.6,77.04,80.88,65566
2007-12-26,80.53,82,77.64,77.64,89677
2007-12-27,77.91,80.4,77.06,80,49404
2007-12-28,77.86,79.9,76.2,77.64,56753
2007-12-31,77.84,79.61,76.76,78.4,46029
2008-01-01,87.58,89.6,77.84,77.86,177816
2008-01-02,88.99,94,85.16,94,131351
2008-01-03,85.33,89,84.2,89,35553
2008-01-04,84.5,87,83.1,85.62,79801
2008-01-07,82.6,88,81.81,84,45246
2008-01-08,77.33,85.6,75,85.6,57700
2008-01-09,80.42,85,73.99,78.9,112860
2008-01-10,77.35,85,76.6,80.8,65636
2008-01-11,78.64,79.76,76.68,77.6,30345
2008-01-14,79.94,82.4,78.77,79,37944
2008-01-15,78.57,80.69,77.26,79.6,33992
2008-01-16,77.31,80,75.02,78.57,21740
2008-01-17,75.8,79.08,74.8,78,26033
2008-01-18,72.12,77.17,71.2,74.4,15198
2008-01-21,68.2,72,60,70.8,64841
2008-01-22,67.36,70,55.61,55.61,22991
2008-01-23,66.97,69,60.4,68,15804
2008-01-24,66.99,69,63.2,67,13264
2008-01-25,66.78,67.8,65,67.8,16947
2008-01-28,65.24,66,63,65.98,17100
2008-01-29,65.31,66.6,64.2,66,13824
2008-01-30,63.34,65.76,62.46,65.4,5420
2008-01-31,64.34,65.56,62.04,63.6,5659
2008-02-01,63.51,65.8,63,65.8,8946
2008-02-04,66.8,69.8,60.31,60.31,8137
2008-02-05,64.4,67.6,64,67.6,13015
2008-02-06,63.66,64.6,63.02,63.02,10564
2008-02-07,61.63,64.34,61,63.8,39655
2008-02-08,59.36,62.27,58.7,61,21370
2008-02-11,49.43,61.6,48.83,61.6,137970
2008-02-12,48.61,51.98,47.8,50.46,93223
2008-02-13,52.54,54.36,47.63,47.63,20693
2008-02-14,55.5,56.3,52.42,52.42,17913
2008-02-15,55.88,56.4,52.4,53.32,8351
2008-02-18,55.07,56.7,54.41,56.4,9070
2008-02-19,54.67,56.36,54.42,56,5696
2008-02-20,53.57,55,53.1,53.2,6946
2008-02-21,54.09,54.96,53.33,54.2,10247
2008-02-22,52.59,54,52,54,4808
2008-02-25,53.28,53.78,52.14,52.74,7504
2008-02-26,53.82,54.57,52.8,53.6,8678
2008-02-27,53.71,56.3,53.2,53.82,15396
2008-02-28,53.27,54.69,53.01,53.01,4380
2008-02-29,52.02,53.8,51,53.58,112915
2008-03-03,50.17,52,50,51.7,7801
2008-03-04,53.44,55.6,49.83,50.43,88847
2008-03-05,51.69,56,51.2,55.6,145922
2008-03-07,50.1,50.99,42.25,49,27513
2008-03-10,50.84,51.6,48.5,48.5,19192
2008-03-11,50.99,52.96,49,50.12,18774
2008-03-12,48.75,51.62,48.45,51.62,59421
2008-03-13,47.55,48.99,47,48.2,15213
2008-03-14,46.03,51.49,44.06,51.49,111044
2008-03-17,40.9,46.4,39.61,46,13646
2008-03-18,40.93,41.96,38,40.6,15044
2008-03-19,38.61,42.36,37.4,41.8,11582
2008-03-24,36.05,39.5,35.22,39.2,28614
2008-03-25,39.79,42.2,35.45,36.9,58137
2008-03-26,39.66,41,38.8,38.8,29764
2008-03-27,39.8,41.4,38,39.6,31916
2008-03-28,43.86,45,39.6,39.6,25630
2008-03-31,43.01,44.38,42.4,44.38,8280
2008-04-01,41.62,44.58,40.24,40.79,10703
2008-04-02,42.74,44,42.6,43.78,6443
2008-04-03,42.48,43.77,41.6,42.7,2937
2008-04-04,42,43.2,41.64,42.8,3382
2008-04-07,42.3,43.38,41,42.2,18404
2008-04-08,41.11,41.93,40.6,41.93,4333
2008-04-09,41.42,41.96,41,41.91,6573
2008-04-10,43.01,43.6,41.4,41.4,5482
2008-04-11,43.64,44.8,43,44.6,4123
2008-04-15,42.98,44,42.64,44,7141
2008-04-16,45,46.8,43.2,44.79,12798
2008-04-17,46.03,46.94,45,45.8,10261
2008-04-21,45.73,47.2,44.52,45.6,9120
2008-04-22,45.62,46.6,44.32,46.33,9737
2008-04-23,46.9,47.78,46.4,47.6,44787
2008-04-24,48.7,49.2,47.02,47.78,121708
2008-04-25,50.45,53.3,48.4,49.6,32643
2008-04-28,49.92,51.77,47.6,51.77,25757
2008-04-29,49.5,50.5,49,50.5,6702
2008-04-30,49.82,51,49.21,50.2,10089
2008-05-02,50.91,51.4,49.8,50.8,11200
2008-05-05,50.28,52,50,51.8,11640
2008-05-06,49.32,50.9,49,50.4,5790
2008-05-07,49.18,50.16,48.01,48.04,4555
2008-05-08,48.3,49.6,47.8,48.22,15362
2008-05-09,48.04,49.8,47.8,48,11697
2008-05-12,46.64,47.8,45.6,47.8,7430
2008-05-13,46.69,48,46,47.2,7412
2008-05-14,46.46,46.89,46.2,46.2,4276
2008-05-15,46.96,47.58,45.6,47,8901
2008-05-16,47.05,47.2,46.78,47.2,1090
2008-05-20,46.78,48,46.44,48,3023
2008-05-21,46.6,47.78,45.99,46,2201
2008-05-22,47.9,48.02,46.11,46.2,7864
2008-05-23,51.04,52,47,47.01,71370
2008-05-26,50.08,51,48.06,48.59,25163
2008-05-27,49.32,50.7,49,49.65,11225
2008-05-28,48.78,50.76,48.3,50.76,7588
2008-05-29,49.13,51.6,46.99,46.99,3729
2008-05-30,48.44,49.19,48.4,48.42,5355
2008-06-02,47.94,49.2,47.22,48,7242
2008-06-03,45.87,46.99,44.04,46.1,11950
2008-06-04,44.05,46.95,44,45.12,8222
2008-06-05,43.54,45.68,43,45.68,2745
2008-06-06,42.59,44.7,42.38,44.7,6007
2008-06-09,40.95,42.57,40.4,41,6893
2008-06-10,40.44,42.4,40,40.2,3209
2008-06-11,40.81,41.18,40.4,41,5350
2008-06-12,39.48,42,38.92,40,8951
2008-06-13,39.73,41.2,39.6,41,8227
2008-06-16,41.08,47.6,40.78,41.57,4533
2008-06-17,41.3,41.78,40.28,41.25,4661
2008-06-18,39.46,43.8,38.4,41.6,15564
2008-06-19,39.73,41.76,39.25,41.76,4429
2008-06-20,39.06,40.2,38.21,39.8,5268
2008-06-23,36.78,39.98,36.6,39.8,7623
2008-06-24,35.66,37.78,35.4,36.22,5221
2008-06-25,35.59,36,35.01,35.8,2498
2008-06-26,36.42,38,35.2,35.2,1809
2008-06-27,35.99,36.8,35.4,35.4,2889
2008-06-30,35.17,36.09,35,35.8,2557
2008-07-01,34.07,34.96,34,34.01,2675
2008-07-02,34.29,35.8,32.4,34.7,7196
2008-07-03,34.03,34.2,33.01,34.2,2226
2008-07-04,35.1,36,33.6,35.2,3123
2008-07-07,35.96,36.6,35.22,35.72,1511
2008-07-08,36.97,37.8,34.62,34.62,15878
2008-07-09,37.21,38.38,36.7,36.82,2966
2008-07-10,36.16,38.38,35.3,38.38,3190
2008-07-11,36.76,37.58,36.3,36.75,3928
2008-07-14,35.92,36.8,35.6,35.82,2013
2008-07-15,35.46,36.2,35.2,35.6,5426
2008-07-16,34.41,36.69,33,35.4,8045
2008-07-17,35.55,36.2,34.44,34.44,1797
2008-07-18,34.68,36,34.46,35.4,4601
2008-07-21,34.39,35.49,34,34,5493
2008-07-22,34.65,35.4,34,34,4699
2008-07-23,37.05,37.24,35.3,36.4,5263
2008-07-24,36.66,38.4,36.06,36.06,4123
2008-07-25,36.57,37,35.8,36.14,3127
2008-07-28,35.27,37.4,35,37.2,8293
2008-07-29,35.06,35.8,34.62,35.2,3296
2008-07-30,35.27,36.15,35.06,35.32,5855
2008-07-31,34.06,35.88,33.82,35.34,27313
2008-08-01,34.21,34.6,33.22,33.8,3399
2008-08-04,34.92,35.4,34.4,34.78,3872
2008-08-05,35.56,36.37,35,35,34299
2008-08-06,35.71,36.08,35.43,36,16762
2008-08-07,35.86,36.4,35.6,35.7,32717
2008-08-08,36.21,37,36,36.28,9925
2008-08-11,35.81,36.9,35.6,36.9,35273
2008-08-12,35.04,36.58,34.8,36.58,60624
2008-08-13,34.84,35.2,34.66,34.8,9112
2008-08-14,33.36,35.38,33.17,35.01,17112
2008-08-18,33.39,34.4,33.25,34.4,11305
2008-08-19,33.19,33.59,33,33.4,8609
2008-08-20,32.59,33,32.5,33,21074
2008-08-21,32.4,33,32.2,32.66,15225
2008-08-22,32.38,32.6,31.8,32,7251
2008-08-25,32.45,33,32.2,32.6,17798
2008-08-26,32.26,32.6,32,32.58,5026
2008-08-27,32.36,32.65,32.11,32.11,8712
2008-08-28,32.31,32.4,32.1,32.1,5972
2008-08-29,32.35,32.75,32.26,32.75,3673
2008-09-01,32.1,32.75,31.44,32.75,14889
2008-09-02,32.21,32.8,32.1,32.38,5187
2008-09-04,32.41,32.68,32.2,32.68,3643
2008-09-05,31.96,32.6,31.82,32.6,5920
2008-09-08,31.65,33,31.51,32.6,15427
2008-09-09,32.17,32.58,31.7,32.31,4381
2008-09-10,31.88,32.4,31.71,32,2279
2008-09-11,31.72,31.99,31.52,31.71,3694
2008-09-12,31.71,32.3,31.51,31.8,3205
2008-09-15,31.18,31.9,27.31,30.6,11914
2008-09-16,32.72,33.58,28.6,28.6,12326
2008-09-17,32.83,33.6,31.02,33.48,6874
2008-09-18,32.8,33,28.11,30.79,10308
2008-09-19,32.38,33.8,31.19,32.8,42828
2008-09-22,31.41,32.6,31.22,32,3301
2008-09-23,30.88,31.7,30.8,30.81,2957
2008-09-24,30.4,31.4,30.2,31.4,1501
2008-09-25,30.21,30.95,29.8,30.06,5716
2008-09-26,29.41,30.52,29.06,30,2265
2008-09-29,28.06,30,27.8,30,4330
2008-09-30,28.68,29,25.22,28,7450
2008-10-01,28.79,29,27.59,28.01,5080
2008-10-03,27.2,29.4,27,29.4,3564
2008-10-06,25.51,27,25.02,27,2347
2008-10-07,25.41,26.4,23.41,25.63,8334
2008-10-08,22.84,25,21.34,25,7010
2008-10-10,21.58,24,19.03,24,15446
2008-10-13,20.78,22.59,20.04,21.62,13590
2008-10-14,22.22,23.2,21.4,21.4,7912
2008-10-15,21.03,21.98,20.01,21.2,5041
2008-10-16,20,20.78,19.8,20.1,5309
2008-10-17,20,20.88,19.92,20.2,2992
2008-10-20,20.17,21.19,18.46,18.46,4870
2008-10-21,20.07,21,19.62,21,5442
2008-10-22,20.16,20.58,19.4,19.42,2109
2008-10-23,19.93,20.4,19.04,19.04,3180
2008-10-24,19.05,20.6,19,20,17307
2008-10-27,19.88,20.4,18.25,19.04,18512
2008-10-28,20.41,20.93,20.2,20.2,1523
2008-10-29,19.08,24.2,18.01,24.2,8645
2008-10-31,20.28,21.89,18.42,18.89,27213
2008-11-03,21.09,22,20.8,21.98,39112
2008-11-04,22.04,22.4,20.4,20.65,21969
2008-11-05,20.84,23,20.55,23,3865
2008-11-06,20.68,20.8,19.61,20.8,992
2008-11-07,19.97,20.6,19.8,20.6,1793
2008-11-10,19.78,20.8,19.6,20,12980
2008-11-11,19.22,20.2,19.16,20.2,4404
2008-11-12,18.72,19.5,18.44,19.5,104635
2008-11-14,17.96,19.4,17.01,19.4,12752
2008-11-17,17.45,18.2,16.9,17.11,3427
2008-11-18,16.87,17.2,16.6,17.03,56845
2008-11-19,16.84,17.6,16.22,16.22,2197
2008-11-20,15.12,16.8,14.58,16.8,14649
2008-11-21,14.48,16.76,14.05,16.76,7185
2008-11-24,13.95,14.8,13.62,14.04,6199
2008-11-25,14.01,14.98,13.9,14.98,2764
2008-11-26,14.73,14.98,13.84,14,3162
2008-11-28,14.8,15,14,14,1366
2008-12-01,14.82,15.6,14.46,15.4,3807
2008-12-02,14.06,15.19,13.82,13.82,13550
2008-12-03,13.15,14.6,13,14.2,13706
2008-12-04,13.33,13.98,13.13,13.21,6882
2008-12-05,13.17,14.39,12.95,13.92,24838
2008-12-08,13.36,13.8,13.1,13.72,3644
2008-12-10,13.91,14.1,13.4,13.7,5360
2008-12-11,13.99,14.39,13.8,13.91,2606
2008-12-12,15.11,15.5,13.6,13.61,7542
2008-12-15,15.81,16.5,15.4,15.4,15553
2008-12-16,17.09,17.77,15.22,15.22,31014
2008-12-17,16.01,17.64,15.61,16.6,11041
2008-12-18,15.86,16,15.23,15.4,2356
2008-12-19,16.48,17.24,15.2,15.2,11700
2008-12-22,15.92,17.98,15.52,16.48,7645
2008-12-23,14.79,16.58,14.6,16,18730
2008-12-24,14.22,14.8,14.02,14.6,5257
2008-12-26,14.06,15.35,13.9,14.02,10951
2008-12-29,14.13,14.45,13.92,13.92,2976
2008-12-30,14.35,15,13.93,14.04,10774
2008-12-31,14.43,15.6,14.22,15.2,43609
2009-01-01,15.49,15.8,15,15.08,28495
2009-01-02,16.26,16.48,15.68,16.29,36206
2009-01-05,17.03,17.24,16.48,16.9,17157
2009-01-06,16.82,17.2,16.7,17,12740
2009-01-07,15.4,17.79,14.82,17.3,14342
2009-01-09,15.14,16.18,15,15,6157
2009-01-12,14.5,15.6,14.38,15.6,8834
2009-01-13,14.24,14.59,14.11,14.37,6451
2009-01-14,14.38,14.52,14.13,14.13,3162
2009-01-15,14.2,14.58,13.12,13.12,13496
2009-01-16,14.2,14.69,14,14.1,27789
2009-01-19,14.22,14.76,14.01,14.4,6358
2009-01-20,14.06,14.5,13.9,14.5,2207
2009-01-21,14.08,14.6,14,14.1,3702
2009-01-22,13.23,14.69,13.01,14.2,16844
2009-01-23,13.41,13.7,12.66,13.7,17842
2009-01-27,13.57,13.7,13.03,13.5,2881
2009-01-28,13.65,13.73,13.31,13.31,4287
2009-01-29,13.5,13.9,13.33,13.8,3441
2009-01-30,13.57,13.64,13.34,13.47,3356
2009-02-02,14,14.8,13.3,13.7,17358
2009-02-03,13.61,14.36,13.41,14.36,2898
2009-02-04,13.55,14.18,13.4,14.18,2647
2009-02-05,13.37,13.76,13.16,13.4,4375
2009-02-06,13.47,13.99,13.32,13.4,3580
2009-02-09,13.61,13.74,13.4,13.4,2071
2009-02-10,13.76,13.96,13.53,13.7,3969
2009-02-11,13.79,13.94,13.4,13.4,12113
2009-02-12,13.97,14,13.65,13.8,4153
2009-02-13,14,14.2,13.9,14,4459
2009-02-16,14,14.36,13.9,14.36,5036
2009-02-17,13.8,14.2,13.8,14.02,2783
2009-02-18,14.02,14.19,13.8,13.8,6398
2009-02-19,13.75,13.95,13.7,13.9,8526
2009-02-20,13.68,13.9,13.6,13.9,7620
2009-02-24,13.87,13.99,13.2,13.68,7992
2009-02-25,13.13,14.7,12.92,13.8,145218
2009-02-26,12.44,13.2,12.4,13,16419
2009-02-27,12.53,12.69,12.13,12.5,10119
2009-03-02,12.1,12.78,12.01,12.12,8332
2009-03-03,11.99,12.18,11.9,12,12446
2009-03-04,11.59,12,11.42,11.8,8038
2009-03-05,11.1,12,11,12,8452
2009-03-06,11.03,11.26,10.6,10.8,4692
2009-03-09,10.87,11.24,10.6,11.03,3673
2009-03-12,10.77,11.2,10.7,10.86,11536
2009-03-13,10.41,11,10.24,10.81,11694
2009-03-16,10.2,10.6,10.14,10.6,25817
2009-03-17,10.05,11.3,10.01,10.49,20305
2009-03-18,10.53,10.8,10.01,10.42,33132
2009-03-19,10.7,11.04,10.52,10.52,9845
2009-03-20,10.6,10.95,10.51,10.66,8643
2009-03-23,10.87,11.01,10.63,10.96,17475
2009-03-24,10.99,11.39,10.9,11.39,10094
2009-03-25,10.62,10.96,10.51,10.96,13627
2009-03-26,10.97,11.2,10.7,10.7,8389
2009-03-27,11.54,11.64,10.83,11,12303
2009-03-30,11.33,11.6,10.92,11.56,11589
2009-03-31,11.49,11.75,11.02,11.56,14540
2009-04-01,12.75,13.44,11.27,11.48,27674
2009-04-02,12.91,13.4,11.19,11.19,19838
2009-04-06,13.36,13.8,12.91,13.8,16521
2009-04-08,14.38,14.76,12.39,13.4,39398
2009-04-09,14.53,14.8,14.08,14.4,47766
2009-04-13,15.49,15.7,14.54,14.55,36473
2009-04-15,18.56,18.59,15.3,15.3,50639
2009-04-16,16.71,19.76,16.71,19.2,54516
2009-04-17,15.5,18,15.3,17.76,42966
2009-04-20,16.67,17.05,15.4,16.08,74314
2009-04-21,17.03,17.96,16.8,17.4,66467
2009-04-22,16.12,17.6,16,17.39,32276
2009-04-23,16.18,16.44,15.48,16.44,8084
2009-04-24,16.66,17.6,16.15,16.24,51549
2009-04-27,16.62,16.99,15.71,15.71,19378
2009-04-28,16.66,17.45,16.2,16.63,27751
2009-04-29,18.07,18.33,16.24,16.24,29304
2009-05-04,19.55,19.88,18.8,19.2,62203
2009-05-05,19.35,20.18,19.2,19.22,15246
2009-05-06,19.38,20,18.26,18.6,30953
2009-05-07,19.3,19.9,18.8,19.27,10622
2009-05-08,18.76,19.64,18.6,19.2,9131
2009-05-11,18.05,19.2,17.61,18.9,7099
2009-05-12,18,18.3,17.5,17.9,5165
2009-05-13,18.01,18.52,18,18,4497
2009-05-14,19.1,19.77,17.4,17.4,13715
2009-05-15,18.98,19.5,18.64,19.5,10778
2009-05-19,20.88,20.88,19.7,20.8,130839
2009-05-20,22.97,22.97,21,21,24773
2009-05-21,24.12,24.12,24.12,24.12,4377
2009-05-22,25.25,25.33,24,25.33,14241
2009-05-25,26.52,26.52,25.4,25.98,12072
2009-05-26,26.46,27.85,26.2,27.4,26101
2009-05-27,26.71,27.78,25.62,26.51,17794
2009-05-28,26.66,27.6,26.4,27.4,8981
2009-05-29,28,28,26.66,26.66,13334
2009-06-01,29.4,29.4,28.4,29.27,19836
2009-06-02,28.9,30.8,28.32,30.4,11280
2009-06-03,29.28,30,28.8,29.8,7646
2009-06-04,29.17,29.96,28.66,29.4,6632
2009-06-05,28.57,30.6,28.11,29.7,17703
2009-06-08,27.39,30,27.15,27.48,12900
2009-06-09,27,27.6,26.02,26.8,9280
2009-06-10,27.02,28,26.82,27,11427
2009-06-11,26.13,27,25.8,27,9770
2009-06-12,25.62,26.68,25.4,26.68,4928
2009-06-15,24.35,25.4,24.34,25.4,7196
2009-06-16,24.42,24.71,23.6,24.3,7593
2009-06-17,23.95,25.18,23.4,24.16,4264
2009-06-18,23.3,23.88,22.47,23.4,7553
2009-06-19,24.13,24.47,23.4,23.8,10939
2009-06-22,23.48,24.4,23.24,24.4,1409
2009-06-23,23.2,23.99,22.42,23.99,3184
2009-06-24,23.67,23.99,23.4,23.4,2032
2009-06-25,24.17,24.38,23.02,23.58,1806
2009-06-26,23.19,24.4,23.02,24.39,31267
2009-06-29,24.03,24.35,23.4,23.6,5457
2009-06-30,23.17,24.8,22.9,24.35,5207
2009-07-01,23.55,23.8,23.2,23.2,1346
2009-07-02,23.7,24.73,23.04,23.6,4544
2009-07-03,24.4,24.72,23.4,23.4,157188
2009-07-06,23.32,24.61,23.2,24.2,11711
2009-07-07,22.99,24.2,22.42,23.99,154862
2009-07-08,22.03,22.8,21.8,22.8,12173
2009-07-09,21.77,22.03,21.04,22.02,5302
2009-07-10,21.75,22.3,21.6,22,4542
2009-07-13,21.82,22.2,20.6,21.6,8825
2009-07-14,22.61,23.18,22,22.06,4289
2009-07-15,23.95,24.6,22.54,22.8,7088
2009-07-16,23.84,25.14,23.01,24.4,6681
2009-07-17,23.84,25.98,23.6,23.82,8894
2009-07-20,25.1,25.54,23.73,24,93346
2009-07-21,24.37,26.15,23.86,25.16,100302
2009-07-22,23.69,25.2,23.6,24.61,15922
2009-07-23,24.09,24.8,23.8,24,8479
2009-07-24,24.17,25,24.1,25,5552
2009-07-27,24.64,25,24.06,24.7,11894
2009-07-28,24.59,25,24.46,24.96,8557
2009-07-29,24.35,24.94,23.85,24.94,4361
2009-07-30,24.5,24.98,23.8,23.84,5059
2009-07-31,25.12,25.58,24.4,24.4,21770
2009-08-03,28.37,29.74,24.84,25.4,64675
2009-08-04,30.19,30.8,28.38,28.8,65764
2009-08-05,30.19,31.28,29.2,30.4,22227
2009-08-06,29.9,31,29.02,30.1,20514
2009-08-07,28.06,30.8,28,30.77,17798
2009-08-10,26.39,28.78,25.39,28.22,64609
2009-08-11,27.08,27.39,26.02,26.2,16104
2009-08-12,26.8,27.18,26.42,26.42,5965
2009-08-13,27.5,28.13,26,27.4,36236
2009-08-14,28.03,28.6,27.2,27.8,11865
2009-08-17,26.75,27.8,26.21,27.8,25112
2009-08-18,27.36,28,26.9,26.9,12041
2009-08-19,28.78,30,27.37,27.6,30490
2009-08-20,28.22,29.37,27.81,29.37,6003
2009-08-21,28.62,28.8,27.6,27.6,7459
2009-08-24,29.77,29.99,28.8,28.8,12393
2009-08-25,30.85,31.19,29.12,29.2,24383
2009-08-26,31.28,31.9,31.04,31.3,17191
2009-08-27,31.33,32.52,30.62,32.5,19468
2009-08-28,30.81,32.38,26.4,29.39,19806
2009-08-31,30.26,32.2,29.76,31.74,25604
2009-09-01,29.88,31,29.7,31,11655
2009-09-02,32.77,35.47,29.85,30,83162
2009-09-03,36.44,37.34,33,33.02,276397
2009-09-04,38.56,39.14,36.6,36.76,541391
2009-09-07,40.01,41.1,37.02,38.6,307785
2009-09-08,39.55,40.74,37.2,40.4,112002
2009-09-09,38.64,40.15,37.4,39.55,59486
2009-09-10,37.6,39.59,37.32,39,66735
2009-09-11,36.61,38.36,36,38.01,42811
2009-09-14,36.54,37.38,36.2,37,23249
2009-09-15,37.47,38.2,36.6,37.2,60737
2009-09-16,39.1,39.66,37.4,37.47,37926
2009-09-17,40.22,41.2,38.6,39.1,79131
2009-09-18,40.23,40.74,39.4,40.01,47210
2009-09-22,40.27,41,40,40.23,34174
2009-09-23,41.87,43.8,40,40,174783
2009-09-24,41.66,42.2,40.4,40.41,101545
2009-09-25,39.93,41.6,39.8,41.6,26941
2009-09-29,39.85,41.56,38.48,40.8,23778
2009-09-30,38.73,40.18,38.43,39.61,25064
2009-10-01,37.89,39.15,37.61,38.76,32944
2009-10-05,36.32,38.2,36,38,27547
2009-10-06,37.06,37.74,36,36,25584
2009-10-07,38.04,38.88,36.83,37.6,81673
2009-10-08,38.61,39.55,38,38.2,54658
2009-10-09,39.01,39.58,36.02,39,22874
2009-10-12,40.05,40.57,39.2,39.2,35171
2009-10-14,39.56,40.76,39.2,40.76,43834
2009-10-15,40.35,40.7,39.4,40.69,53976
2009-10-16,41.15,41.38,40.23,40.24,59472
2009-10-20,43,43.94,40.8,41,67108
2009-10-21,41.99,43.83,41.4,43,24898
2009-10-22,40.11,42.27,39.6,41.8,14223
2009-10-23,41,43.58,40.6,40.95,85291
2009-10-26,41.2,41.84,40.2,41.35,32408
2009-10-27,41.9,44.58,40.6,40.8,57478
2009-10-28,41.36,43.4,40.6,42.19,46385
2009-10-29,40.57,41.4,38,41,14969
2009-10-30,40.82,42.14,39.6,41.2,32018
2009-11-03,40.16,41.4,37.14,41.4,55914
2009-11-04,41.71,42.2,39.42,40,26028
2009-11-05,42.01,42.48,40.44,41.8,35366
2009-11-06,41.48,42.98,41.21,42,18188
2009-11-09,40.91,42.51,40.51,41,27941
2009-11-10,41.02,41.78,40.61,41.78,22609
2009-11-11,46.69,48.88,40.48,40.7,111469
2009-11-12,45.2,46.8,42.55,46.8,171985
2009-11-13,44.48,46,44.03,45,13987
2009-11-16,46.05,46.46,44.4,45.8,80293
2009-11-17,45.98,46.38,45.01,45.01,79628
2009-11-18,45.4,46,44.4,44.8,14141
2009-11-19,43.91,45.99,43,45.98,6685
2009-11-20,44.36,45.2,41.05,42.46,11652
2009-11-23,45.02,45.97,43,43.02,37378
2009-11-24,45.05,45.55,44.4,45,18951
2009-11-25,44.11,45.49,43.7,44.6,17816
2009-11-26,44.17,45.43,41.8,44.18,35262
2009-11-27,42.52,43.86,42,43,10584
2009-11-30,43.13,44,42.22,42.6,7638
2009-12-01,44.24,45,42.71,43.45,15225
2009-12-02,43.94,44.63,43.45,43.8,18296
2009-12-03,42.94,44.93,42.8,43.6,19546
2009-12-04,43.55,44.77,43,43,12605
2009-12-07,43.15,44,42.88,43.2,6439
2009-12-08,44.18,46,42.8,42.8,92859
2009-12-09,45.32,46.36,44.4,44.6,275076
2009-12-10,45.45,47.48,45,45.21,95611
2009-12-11,47.17,49.4,45.8,46.12,187949
2009-12-14,48.57,49.77,46.8,47,92075
2009-12-15,48.96,50.4,47.72,49.16,79011
2009-12-16,49.42,49.68,47.46,47.46,55034
2009-12-17,53.53,55.36,48.8,48.8,289771
2009-12-18,53.2,54.8,52.82,54,128998
2009-12-21,54.63,57.05,53,53.8,273915
2009-12-22,53.39,55.95,53.04,55.95,59627
2009-12-23,53.43,54.6,53.2,53.4,32849
2009-12-24,56.08,57.8,53.4,53.4,376109
2009-12-29,57.32,58.09,55.9,56.88,118675
2009-12-30,57.12,58,57.01,57.2,40602
2009-12-31,56.73,57.59,55.73,57.59,92320
2010-01-04,56.02,57.8,55.8,57.8,75278
2010-01-05,55.67,56.99,55.4,56.98,39685
2010-01-06,56.57,57.8,55.02,55.67,95870
2010-01-07,56.31,56.99,55.8,56.6,34572
2010-01-08,56.82,57.4,56,56.6,35363
2010-01-11,57.13,57.78,56.82,57.78,49511
2010-01-12,58.21,60.58,57.21,57.55,232255
2010-01-13,56.2,59.98,55.8,58.94,137346
2010-01-14,57.66,58,56.25,57,45836
2010-01-15,58.11,59.96,57.5,58.38,110587
2010-01-18,57.52,59,57.2,58,34011
2010-01-19,57.15,58.4,53.5,56.02,39449
2010-01-20,56.55,58.18,56.02,57.21,29840
2010-01-21,55.89,58,55.3,56.02,54769
2010-01-22,56.64,57.2,53.26,54.58,40140
2010-01-25,55.78,56.97,54.8,56.7,32786
2010-01-27,54.07,56.58,53.04,55,36681
2010-01-28,53.72,55.98,52.6,55.4,16973
2010-01-29,53.7,54.21,51,53.6,93680
2010-02-01,56.71,58.4,54.08,55.2,79352
2010-02-02,57.09,58.8,56.61,57,81285
2010-02-03,56.25,59.38,55.62,57.76,88229
2010-02-04,55.84,58.14,55.44,56.4,38167
2010-02-05,54.35,56.2,52.4,56.1,41786
2010-02-08,56.32,57.8,55.2,56.2,37112
2010-02-09,56.65,57.55,56.32,56.32,24651
2010-02-10,56.98,57.52,56.3,56.63,29572
2010-02-11,57.22,58.5,56.81,56.96,92904
2010-02-15,57.07,57.76,56.8,57.14,8188
2010-02-16,57.07,57.36,56.4,56.4,14394
2010-02-17,56.43,58,56.04,56.5,18710
2010-02-18,56.67,57.1,55.8,56.1,13699
2010-02-19,55.95,57,55.2,56.32,21968
2010-02-22,55.55,57.27,54.41,56.28,16166
2010-02-23,53.76,55.94,53.4,55.94,12842
2010-02-24,52.98,54.4,52.6,53.2,9998
2010-02-25,54.02,54.8,52.61,53.02,8427
2010-02-26,53.92,55.2,53.4,53.7,11165
2010-03-02,55.05,57.09,54.4,55,32914
2010-03-03,57.19,57.42,54.7,54.7,51275
2010-03-04,56.63,57.2,56.4,57.2,10417
2010-03-05,56.3,58.8,56,57.25,101134
2010-03-08,56.84,58,56.7,56.73,19279
2010-03-09,57.24,58,55.99,55.99,38928
2010-03-10,57.43,58.59,56.4,56.4,75404
2010-03-11,56.48,58.3,56.22,58,37109
2010-03-12,57.07,57.94,56.8,57,34150
2010-03-15,56.47,57.6,56.4,56.92,24291
2010-03-16,56.61,56.93,56.5,56.5,11554
2010-03-17,56.54,57.58,56.41,56.8,27599
2010-03-18,58.11,59.08,56.4,56.4,189575
2010-03-19,60.55,61.99,57.8,57.8,459820
2010-03-22,59,61.8,58.6,59.76,123911
2010-03-23,60.29,61.32,59.23,59.23,164185
2010-03-25,59.74,61.2,59.6,60.78,41312
2010-03-26,59.91,60.6,59.2,60.3,41023
2010-03-29,59.01,60.75,58.5,59.6,30540
2010-03-30,58.68,60,58.4,59.99,19826
2010-03-31,58.42,59.8,57.02,58.6,44488
2010-04-01,62.94,63.9,58.42,58.45,362170
2010-04-05,65.82,66.66,63.78,63.78,217857
2010-04-06,66.22,67.1,65.4,66.6,70853
2010-04-07,66.68,69.51,62.01,62.01,172959
2010-04-08,66.57,68.58,65.65,66.6,55876
2010-04-09,67.03,67.8,66.6,67.33,41303
2010-04-12,67.16,69.38,66.4,69.38,25998
2010-04-13,66.08,67.4,65.8,66.01,23436
2010-04-15,65.23,66.98,64.64,65.6,21981
2010-04-16,64.13,66.99,63.64,66.99,17616
2010-04-19,64.59,64.8,62.06,63,21747
2010-04-20,64.81,65.6,64,64,33907
2010-04-21,65.51,66.88,64.22,64.22,47023
2010-04-22,65.48,66.56,64.8,65.7,23865
2010-04-23,65.02,66.2,64.41,65,22663
2010-04-26,68.5,68.92,64.4,64.4,113372
2010-04-27,70.48,71,67.42,68.4,282807
2010-04-28,69.98,70.5,67.2,67.2,105476
2010-04-29,69.12,71.19,68.58,70.4,47106
2010-04-30,70.46,71.68,69.4,69.4,107343
2010-05-03,71.56,71.98,68.6,70.5,242197
2010-05-04,71.87,74.2,71.4,72.08,236644
2010-05-05,71.57,72.78,70.7,72,73011
2010-05-06,68.95,71.94,68.01,71.87,32618
2010-05-07,67.04,69.4,64.2,65.26,42666
2010-05-10,71.84,72.8,68,68,686230
2010-05-11,73.3,74.9,72.22,72.4,179760
2010-05-12,72.41,75.1,70.06,73.98,74177
2010-05-13,71.72,74.25,71.04,74.2,47119
2010-05-14,69.6,72.15,69,70.93,23948
2010-05-17,68.93,69.96,67.08,69.96,24127
2010-05-18,70.08,71.3,67.32,68.2,36850
2010-05-19,68.36,71,66.18,68.2,55732
2010-05-20,68.68,69.56,67.72,68.36,16642
2010-05-21,67.2,68,65.4,68,23539
2010-05-24,66.74,69.6,66,68.02,16755
2010-05-25,63.77,66.91,63.2,66.9,17523
2010-05-26,66.89,68.6,63.07,65.01,54438
2010-05-27,65.41,68.78,65.12,68.78,12905
2010-05-28,66.29,67.89,64.6,67.89,72441
2010-05-31,66.57,66.97,65.61,66.6,4532
2010-06-01,64.25,67.6,63.99,66.8,25501
2010-06-02,63.45,65.34,63,64.2,56691
2010-06-03,66.61,66.88,63.67,64,45656
2010-06-04,69.03,69.57,65.82,67.32,60918
2010-06-07,68.09,68.42,64.2,67.2,25499
2010-06-08,67.63,69,67.6,68.98,21273
2010-06-09,68.74,69,67.25,67.6,17388
2010-06-10,68.4,69.4,68,69.4,38387
2010-06-11,69.43,69.78,68.73,69.78,15507
2010-06-14,69.98,71.96,68.8,68.8,153367
2010-06-15,69.9,70.98,69.08,70.6,16687
2010-06-16,70.4,71.4,69.2,70.6,14644
2010-06-17,70.08,71.8,69.02,71.4,126386
2010-06-18,69.68,70.05,68.92,69.4,11341
2010-06-21,70.16,71.4,69,71.4,14213
2010-06-22,70.34,71.88,69.06,70,22866
2010-06-23,69.65,70.94,69.2,69.98,9058
2010-06-24,69.12,70.72,68.28,69,24714
2010-06-25,68.3,69.38,68,69.12,3624
2010-06-28,68.27,69.58,67.4,68,11700
2010-06-29,68.01,70.2,67.4,70.2,9603
2010-06-30,68.26,68.99,65.81,68.05,41790
2010-07-01,67.18,69.6,66.72,68.04,10519
2010-07-02,67.85,70,66.8,70,43529
2010-07-05,69.01,69.6,66.6,66.6,27559
2010-07-06,69.79,72.28,69.04,69.96,144386
2010-07-07,69.42,71.2,69.01,70,65542
2010-07-08,71.12,71.4,70,70.53,51536
2010-07-09,70.32,71.79,70.07,70.4,33160
2010-07-12,69.43,71.15,69.07,70.32,21464
2010-07-13,69.6,70.36,69.1,70.1,13464
2010-07-14,70.43,71.42,69.6,69.62,37995
2010-07-15,69.41,70.88,69.11,70.43,11290
2010-07-16,69.04,69.6,68.8,69,24646
2010-07-19,67.85,70.56,67.4,68.4,55361
2010-07-20,67.36,68.59,67,68.59,25921
2010-07-21,67.34,68.4,66.6,66.6,18385
2010-07-22,68.09,68.4,66.8,67.22,21334
2010-07-23,68.44,70,67.8,68.4,57771
2010-07-26,67.48,68.44,67.3,68,18257
2010-07-27,68.02,68.38,67.4,67.4,10853
2010-07-28,68.62,69.4,67.4,68.2,31909
2010-07-29,68.48,69,68,68.5,18055
2010-07-30,67.79,71.36,66.65,66.65,10139
2010-08-02,68.14,69.1,67.25,67.25,34529
2010-08-03,71.62,73.97,69.18,73.97,211547
2010-08-04,72.33,73.78,72.02,72.2,63246
2010-08-05,71.73,73.34,71.64,72.52,108754
2010-08-06,71.73,72.87,71.42,72.2,28450
2010-08-09,74.02,75,72,72.78,145760
2010-08-10,73.26,76.56,72.61,74.4,279943
2010-08-11,74.19,76.38,73.04,73.79,118162
2010-08-12,74.99,77,74.5,75.23,377057
2010-08-13,75.56,77.69,75.2,75.88,243572
2010-08-16,75.13,77,75,76.28,85837
2010-08-17,75.01,76.4,74.57,76,127436
2010-08-18,76.2,76.6,75,75.56,106146
2010-08-19,76.01,77,75.26,76.8,67802
2010-08-20,76.59,77,75.96,76.4,65073
2010-08-23,79.06,79.25,76.8,76.8,279020
2010-08-24,79.64,81.98,79.26,79.91,153966
2010-08-25,78.83,80.94,78.07,80.94,83497
2010-08-26,79.1,80.38,79,79,33499
2010-08-27,80,81.79,79.6,80.6,63618
2010-08-30,80.32,81.96,79.2,81.96,110058
2010-08-31,80.94,81.38,79.2,81.38,56368
2010-09-01,80.4,82.37,79.81,82,80897
2010-09-02,82.82,84.2,80.4,80.4,135021
2010-09-03,82.65,84.16,82,82,36997
2010-09-06,83.11,84.98,81.97,83.6,45018
2010-09-07,83.99,84.99,82.4,84.74,59183
2010-09-08,82.77,84.16,82.25,83.2,54967
2010-09-09,84.02,84.71,82.6,83.79,74323
2010-09-13,84.95,85.8,84.02,85.8,88381
2010-09-14,87.42,88.82,83.4,83.4,275259
2010-09-15,84.33,88.56,83.53,87.42,103197
2010-09-16,84.21,85,83.05,84.4,60649
2010-09-17,85.28,85.8,84.22,85.18,18931
2010-09-20,85.54,87.2,84.4,84.4,69071
2010-09-21,83.54,86.98,83.2,86.98,52179
2010-09-22,83.46,84.97,82.01,83.54,52921
2010-09-23,83.73,84.2,83.03,83.03,11754
2010-09-24,84.83,85,82.92,83.2,40043
2010-09-27,85.93,86.79,84.51,84.83,28130
2010-09-28,86.19,86.8,85.72,86.8,19585
2010-09-29,86.38,89.6,81,81,130293
2010-09-30,86.39,87.58,85.31,87,67601
2010-10-01,87.67,88,86.2,87.6,41895
2010-10-04,88.09,89.27,87.81,88,52080
2010-10-05,88.74,89.98,86.2,89,56270
2010-10-06,91.57,92,89,89,198051
2010-10-07,91.05,92.4,90.24,91.8,99360
2010-10-08,87.13,89.36,85.21,89,53065
2010-10-11,88.02,88.49,86.24,87.6,52330
2010-10-12,88.66,89.39,87.62,87.62,67990
2010-10-13,88.96,90.2,87.62,88.8,44066
2010-10-14,91.32,91.74,89.2,90.2,69073
2010-10-15,91.35,91.99,90.2,91.4,65945
2010-10-18,92.04,92.4,90.2,90.8,55261
2010-10-19,93.01,94,92.55,92.6,86792
2010-10-20,93.02,94.6,92.8,93.92,42015
2010-10-21,93.1,93.8,92.81,93.6,36034
2010-10-22,93.39,94.9,93.05,93.4,29861
2010-10-25,94.35,94.8,93,93.6,58474
2010-10-26,94.37,94.8,93.66,94.57,13110
2010-10-27,94.01,99.8,93.6,97.4,22499
2010-10-28,94,94.8,94,94.8,14051
2010-10-29,94.07,94.3,93.4,94,23921
2010-11-01,94.07,104,94,104,14430
2010-11-02,94.01,95.13,93.2,93.2,88505
2010-11-03,94.02,94.78,94,94.01,9096
2010-11-04,95.67,99.98,94,94.4,25468
2010-11-05,95.67,96.53,94.16,96.19,6842
2010-11-08,94.84,95.58,93.6,93.62,8205
2010-11-09,94.36,95.4,94.06,95.12,15767
2010-11-10,94.37,94.97,93.4,94.2,13729
2010-11-11,94.03,94.58,91.6,91.6,20173
2010-11-12,94,95.38,92.2,93,32304
2010-11-15,94.64,96.2,93.59,93.59,123432
2010-11-16,96.28,98,95.01,96,41214
2010-11-18,95.02,97,93,96.6,37726
2010-11-19,95.06,96.78,94.01,95.8,30077
2010-11-22,98.83,100.76,94.2,95.99,55678
2010-11-23,98.29,100.5,96,98.8,59747
2010-11-24,98.95,101.5,97.25,99.9,426129
2010-11-25,100.05,101.4,96.9,98.95,108844
2010-11-26,97,100,93,100,329095
2010-11-29,96.1,99.65,94.25,98.2,94367
2010-11-30,98.5,99,94.8,96.1,115753
2010-12-01,96.95,101,95.8,97,213906
2010-12-02,98.9,99.45,95.1,98.8,157676
2010-12-03,98.25,101.4,98,98.9,48796
2010-12-06,97.95,99.9,97.3,99.9,141205
2010-12-07,96,99.5,95.75,97.4,174895
2010-12-08,95.35,99,94.8,98.2,97452
2010-12-09,95.1,98,93.55,95.65,248920
2010-12-10,96.95,97.25,92,96.95,33688
2010-12-13,96.9,98.8,95.55,98.75,38419
2010-12-14,95.85,98.8,95.2,98.6,43207
2010-12-15,95.45,96.8,77.65,95.85,46179
2010-12-16,94.4,97,92.05,96,46599
2010-12-20,96.05,96.8,94.1,94.4,43148
2010-12-21,97.8,98.8,95.3,98,51317
2010-12-22,98.75,99.9,98,98.9,54530
2010-12-23,98.85,99.65,97.35,98.75,62161
2010-12-24,98.75,100.2,96.8,99,89590
2010-12-27,99.9,102,98.65,99,147060
2010-12-28,99.25,100.5,98.5,98.5,129759
2010-12-29,99.55,100.2,98.05,98.05,163908
2010-12-30,99.05,102,98.5,101,77722
2010-12-31,99.45,101.5,97.5,98.55,133304
2011-01-03,101.75,103,99,100.85,99470
2011-01-04,100.05,104.5,99.5,102.5,80623
2011-01-05,99.55,103.4,98.75,100.6,122513
2011-01-06,98,101,96.35,100.5,124398
2011-01-07,95.85,99,95,97,100324
2011-01-10,93.1,96.6,92.1,96.4,91995
2011-01-11,94.25,96.4,94,94.9,94517
2011-01-12,94.95,96,93,94.25,144568
2011-01-13,94.3,95.9,93.55,95.25,66106
2011-01-14,92.8,94.85,92.25,94.2,135847
2011-01-17,91.35,94.9,90.85,93.5,51398
2011-01-18,91.9,93,88.35,91.25,103345
2011-01-19,93.05,97.9,90.1,92,151970
2011-01-20,91.25,94.9,90.5,93,49164
2011-01-21,91.45,93.6,90.25,92,449163
2011-01-24,93.1,94,91.1,92.8,220142
2011-01-25,93.35,94,92,93,32574
2011-01-27,92.75,94.5,92.15,92.8,65018
2011-01-28,91.5,93.6,90.85,92.7,907853
2011-01-31,93.7,97,86,91,321650
2011-02-01,92.05,96.1,91.25,96.1,236265
2011-02-02,91.3,93.85,90.05,93.85,159729
2011-02-03,92.8,93.9,91.5,93.9,176327
2011-02-04,90.25,92.8,90,92.8,75887
2011-02-07,90.55,92.3,90.15,90.55,67520
2011-02-08,88.9,91.05,87.5,91,120618
2011-02-09,88.5,92.6,87.5,88.9,129718
2011-02-10,87.6,90.8,86.6,88.45,194243
2011-02-11,88,89,87.55,89,552422
2011-02-14,87.7,89.7,87.2,89.7,78893
2011-02-15,87.75,88.75,87,87.6,28616
2011-02-16,86.35,88.65,85.6,88,32080
2011-02-17,89.8,91.4,86,86.5,127956
2011-02-18,87.45,92.9,86.5,90,28196
2011-02-21,89.1,91.9,86.6,91.9,55091
2011-02-22,88.85,91.95,87.35,91.95,14226
2011-02-23,86.4,89.85,85.7,89.85,13558
2011-02-24,86.05,86.9,85.75,86,101736
2011-02-25,85.9,88,85.05,87,128458
2011-02-28,85.8,86.8,84.55,86,246141
2011-03-01,85.95,87.9,85.25,86.85,236786
2011-03-03,85.1,86.5,84.7,85.65,188599
2011-03-04,85.65,87.3,84.85,86,552464
2011-03-07,85.45,87.1,84.1,84.1,20103
2011-03-08,83.35,86,82.5,85,34348
2011-03-09,85.3,85.7,83,84,145208
2011-03-10,84.15,85.5,84,85.1,104464
2011-03-11,84.4,85.5,83,84,130956
2011-03-14,85,86.35,83.1,85.5,130098
2011-03-15,84.4,85.45,82.55,84,39623
2011-03-16,85.3,86.4,83.75,84.4,1013502
2011-03-17,85.55,86.55,84.8,85.9,202797
2011-03-18,84.1,86.5,83.5,85.55,20597
2011-03-21,84.9,85.9,83.3,85.9,42087
2011-03-22,85,86.5,84.6,85.85,55442
2011-03-23,86,86.85,84,84,135163
2011-03-24,86.15,87,85.05,85.05,277683
2011-03-25,86.35,88.4,85.15,88.4,97478
2011-03-28,86.6,90,86.05,90,153077
2011-03-29,88.45,89,86.3,88.65,22334
2011-03-30,92.05,94.4,88.5,88.5,149198
2011-03-31,95.9,98,93,96,250788
2011-04-01,94.5,99.5,93.8,96,132052
2011-04-04,97.3,98,95,95,152975
2011-04-05,96.7,98.7,93,97.3,18515
2011-04-06,96.25,99.65,95.15,98.15,84327
2011-04-07,95.95,100.4,95,96.6,422657
2011-04-08,94.25,97.8,93.05,96.95,31569
2011-04-11,93.05,95,92.45,92.7,18272
2011-04-13,93.45,99,91.55,93.4,101745
2011-04-15,94.05,94.75,92.2,93.5,49440
2011-04-18,93.25,94.85,93,94.5,32296
2011-04-19,92.95,94.95,92.45,93,25776
2011-04-20,92.35,94.9,92,92.95,24779
2011-04-21,91.05,93.45,90.65,93,43260
2011-04-25,92.25,94.5,91,91,51285
2011-04-26,92.45,93.45,92.1,92.3,16941
2011-04-27,91.55,92.7,90.4,91.1,58145
2011-04-28,96.8,98,91.6,93.55,1345217
2011-04-29,93.3,97.95,92,96.85,329121
2011-05-02,90.55,94.25,90,94,77417
2011-05-03,89.45,92,89.1,90.55,48589
2011-05-04,88.1,90,86,89.95,98238
2011-05-05,88.15,89.45,87,88.1,64785
2011-05-06,88.45,89.5,86.85,86.85,27197
2011-05-09,88.85,90.45,87.5,90.45,6104
2011-05-10,88.25,90,87.5,89,13733
2011-05-11,87.75,89,87.1,88.25,11826
2011-05-12,87.35,88.85,87.2,88.05,23881
2011-05-13,87.8,88.95,87,87.35,13758
2011-05-16,85.55,89.9,85,88,51858
2011-05-17,84.75,86.5,83.7,85.6,28503
2011-05-18,83.95,85.8,83.5,84.15,18740
2011-05-19,84.15,84.95,84,84.95,10316
2011-05-20,85.9,86.7,83,85.35,11550
2011-05-23,85.5,86.7,85,85,10792
2011-05-24,85,86.75,84.55,85,63162
2011-05-25,85.05,87.45,84,85,61837
2011-05-26,84,85.6,81.55,85.2,57866
2011-05-27,84.4,86.55,83.4,86.55,44894
2011-05-30,83.3,87,82.9,87,51685
2011-05-31,85.9,88,83.1,83.3,211043
2011-06-01,83.95,88,83.15,88,51963
2011-06-02,83.55,84.85,83.15,83.95,54392
2011-06-03,83.8,84.8,83.15,84.6,17621
2011-06-06,83.6,85.7,83.15,84.7,29165
2011-06-07,83.25,84.7,82.25,83.25,274768
2011-06-08,84.05,84.3,81,83.25,48060
2011-06-09,85.15,87.7,83.55,83.55,121426
2011-06-10,85.15,91,84.85,87,28809
2011-06-13,87.15,88.8,84,85.95,754053
2011-06-14,86.95,89.45,86.2,87.3,25111
2011-06-15,85,87.35,84.8,87.2,14643
2011-06-16,85.9,87.5,85.5,86,36232
2011-06-17,84.95,86.9,84.5,86.9,16809
2011-06-20,85,87,83.3,86,62225
2011-06-21,82.85,85.2,81.3,84.65,33296
2011-06-22,81.5,83.95,81.15,83.95,16855
2011-06-23,80.95,81.6,80.3,80.3,38896
2011-06-24,82,83.8,81,81.5,18652
2011-06-27,83.75,84.7,82,83.3,11903
2011-06-28,84,85,83.55,84.5,21660
2011-06-29,84.4,85.25,82,84.05,20048
2011-06-30,87.6,89.3,84,84,79003
2011-07-01,86.4,89.9,86,88,80992
2011-07-04,88.15,88.75,86.4,88.5,33013
2011-07-05,93.15,94,87.05,88,115478
2011-07-06,88.9,94.8,88.5,93.95,101448
2011-07-07,92.3,94.45,88.5,89.25,121401
2011-07-08,91.6,93.35,90.05,93.35,28232
2011-07-11,92,92.3,91,91.55,16071
2011-07-12,89.95,92.1,88,91.95,29076
2011-07-13,92,92.6,89,90,45319
2011-07-14,91.25,95.5,90.3,92.25,59401
2011-07-15,90.65,91.8,89.05,89.05,14846
2011-07-18,90.45,91.6,90.15,91,14830
2011-07-19,92.85,95,91.35,91.4,68753
2011-07-20,90.8,93.7,90.45,92.25,105979
2011-07-21,88.65,92.7,87.85,92.7,30296
2011-07-22,87.35,89.65,86.5,88.55,27549
2011-07-25,86.95,88.8,86.5,88,106073
2011-07-26,85.65,87.3,85.5,86.85,18767
2011-07-27,87.55,88.3,85.5,85.5,280468
2011-07-28,89.35,90,87,89.7,105288
2011-07-29,91.05,91.3,88.3,89.4,54140
2011-08-01,91.05,92,90.05,91.5,28164
2011-08-02,91,91.45,90.9,91.05,87660
2011-08-03,93.3,94.9,89.05,91,142323
2011-08-04,92.05,94.25,91.1,93.6,53770
2011-08-05,90.4,91.85,88.2,91,113283
2011-08-08,88.95,89.4,83.45,85.25,96633
2011-08-09,87.5,88.1,80.25,80.25,119009
2011-08-10,90.1,92.75,88,92.75,22577
2011-08-11,90.1,90.5,88,90.1,65398
2011-08-12,91.65,93.5,89.5,91.1,39419
2011-08-16,90.65,93.65,88.7,92.15,19088
2011-08-17,90.3,92.5,88.2,91.65,24196
2011-08-18,89.2,91.5,88.45,90.1,26595
2011-08-19,85.8,89,81.5,87,72871
2011-08-22,87.3,88.5,85.8,87.8,26792
2011-08-23,85.9,88,84.7,88,23827
2011-08-24,87.95,88.4,86.5,87.9,129794
2011-08-25,85.95,88.4,85.6,88,35182
2011-08-26,85.1,87,84.25,87,14097
2011-08-29,87.35,89.95,83.65,87,254106
2011-08-30,90.95,92.25,85.1,89,62514
2011-09-02,90.6,94,88.2,90.5,51476
2011-09-05,88.85,92.3,88.55,90.6,11071
2011-09-06,87.15,89.95,85.85,89.95,67614
2011-09-07,87.7,88.85,86.7,88.85,25101
2011-09-08,88.15,89.4,87,89.4,6693
2011-09-09,88.45,88.95,87.15,88,34664
2011-09-12,89.85,93.85,87,88,58595
2011-09-13,90,91.5,88.05,91.1,184331
2011-09-14,89.85,90.85,89.1,90.2,59532
2011-09-15,90.05,91.2,89.1,89.1,23078
2011-09-16,90.3,91,89.1,91,14673
2011-09-19,89.5,90.9,89.1,89.1,106986
2011-09-20,89.65,90.8,88.6,89,18938
2011-09-21,91.7,92.4,89,90.7,105703
2011-09-22,89.85,91.5,88.5,90.8,24345
2011-09-23,87.35,89.85,86.55,88,25740
2011-09-26,87,87.5,85.1,87.35,13453
2011-09-27,88.85,90.8,86.1,87,14657
2011-09-28,88.35,92.4,88.05,92.4,13450
2011-09-29,86.5,88.35,84,88.35,34741
2011-09-30,88.75,89.5,85.6,88,16419
2011-10-03,87.2,90,86.2,89.95,13142
2011-10-04,86.25,87.65,85.3,86.2,8360
2011-10-05,85.25,87.2,85,85.55,62212
2011-10-07,87.5,88,86.4,87,15538
2011-10-10,86,88.7,85.7,87.7,130769
2011-10-11,85.8,87.4,85.5,86.05,11921
2011-10-12,86.8,87.5,85.55,85.9,36629
2011-10-13,89.65,90.2,86.15,86.15,23979
2011-10-14,90.45,91.05,87.1,89,21412
2011-10-17,90,92.5,89.5,91,46067
2011-10-18,90.1,90.75,89.05,90.7,6083
2011-10-19,91.6,92,89.65,89.65,13672
2011-10-20,88.5,93.5,88,93.5,29566
2011-10-21,88.2,90.35,88,89.5,14863
2011-10-24,89.1,91.2,88.55,90.05,146466
2011-10-25,89.75,90.5,89.45,90,577226
2011-10-26,90.6,91.4,90.05,91.4,8682
2011-10-28,89.7,91.6,89.15,91.6,132308
2011-10-31,89.05,90.25,88.1,90.25,15653
2011-11-01,86.85,89.85,86.6,89.85,48844
2011-11-02,86.1,87.25,85.7,86.35,294168
2011-11-03,85.6,87.7,85.2,87,32133
2011-11-04,85.85,86.7,85.5,86.7,20462
2011-11-08,84.35,86.85,84.2,86.85,29396
2011-11-09,83.9,84.9,83.5,84.2,18772
2011-11-11,79.55,83.1,78.8,83.1,51038
2011-11-14,78.95,81.7,78.6,80.55,13274
2011-11-15,74.55,79.65,72.5,78,24802
2011-11-16,73.65,75.4,69,75.3,38952
2011-11-17,75,75.9,73.7,75.9,358271
2011-11-18,74.15,75.8,72.5,75.25,9635
2011-11-21,74.25,76.85,72.4,75,36528
2011-11-22,74.95,75.7,73,74.5,13710
2011-11-23,71.15,76.05,70,75,95090
2011-11-24,73.8,74.75,70.3,74.75,8132
2011-11-25,76.95,77.6,72.3,74,71902
2011-11-28,78.9,79.4,76.1,78.5,13918
2011-11-29,78.4,79.9,77,79.4,18397
2011-11-30,79.5,83.8,75.15,78,38348
2011-12-01,78.35,81.9,78,81.5,34376
2011-12-02,79.75,80,76.5,78.85,28584
2011-12-05,80.25,81.1,79.55,80,5701
2011-12-07,77.75,81.9,76,79.6,36002
2011-12-08,76.45,79.2,76.25,77,55551
2011-12-09,75.2,75.95,74.3,75.5,15802
2011-12-12,77.45,78.45,75.1,75.1,60899
2011-12-13,77.15,78.45,76,76.5,27115
2011-12-14,77,77.5,76.1,76.1,4681
2011-12-15,77.05,78,76.65,78,45031
2011-12-16,76.1,78,74.3,78,18562
2011-12-19,74.7,78,74.3,75,14324
2011-12-20,72.15,75.7,71.8,75.05,11105
2011-12-21,76.05,76.5,73.25,73.25,361880
2011-12-22,76.4,77.35,73,75,40691
2011-12-23,75.3,77,73.6,76.5,4742
2011-12-26,74.7,76,74,74,295652
2011-12-27,77.6,78.5,74.5,74.7,9806
2011-12-28,76,79.85,75.3,76.6,14877
2011-12-29,78.95,80,74.55,76,13721
2011-12-30,81,82.9,75.5,78,41894
2012-01-02,78.25,81.9,78,81.9,7202
2012-01-03,78.5,79.75,77.5,77.5,69972
2012-01-04,78.35,79.9,77.55,78.5,6582
2012-01-05,78.7,79,77.6,78,78824
2012-01-06,76.85,78.95,76.7,78,5359
2012-01-09,79.05,79.35,76.5,78.7,23158
2012-01-10,80.5,80.8,79,79.1,26271
2012-01-11,81.1,82.3,80.3,82,18919
2012-01-12,81.75,83.7,80.5,80.5,10791
2012-01-13,82.5,83.9,81,81,11661
2012-01-16,82.9,84.1,82.55,82.6,11193
2012-01-17,85.1,86,81.2,82.15,595169
2012-01-18,86.05,86.45,84.1,84.1,13361
2012-01-19,87.65,91,85.5,85.5,289119
2012-01-20,89.15,90.5,87,87,155819
2012-01-23,86.35,90.85,85.2,89.75,18281
2012-01-24,86.6,87.7,84.05,86.35,27853
2012-01-25,83.55,86.5,82.75,86.5,563914
2012-01-27,85,85.4,82.25,84,74618
2012-01-30,83.05,85.75,82.6,85.75,10751
2012-01-31,86.25,86.95,81.1,83.05,101539
2012-02-01,82.85,86,82,86,28501
2012-02-02,83.15,85.2,83,83.5,18690
2012-02-03,82.4,83.3,81.7,83.2,26648
2012-02-06,82.7,85,82.5,83,25431
2012-02-07,82.25,83.9,81.7,82.7,510598
2012-02-08,82.3,84.7,82.2,82.25,44993
2012-02-09,84.55,94.5,81.65,82.1,1176459
2012-02-10,82.8,85.6,82.1,85.4,81626
2012-02-13,81.15,83,81,82.2,33737
2012-02-14,85.4,86.5,81.2,82,114202
2012-02-15,85.7,88.9,84.5,87,354045
2012-02-16,87.2,89,85,85.9,85064
2012-02-17,87.35,88.45,86.1,88.45,85270
2012-02-21,87.1,88,86.3,87.35,175394
2012-02-22,86.9,88,85.9,86.3,388336
2012-02-23,86.1,88.75,85.15,86.9,195551
2012-02-24,84.55,87.45,83.8,87.45,33642
2012-02-27,81.65,85.4,80.1,85,56309
2012-02-28,80.6,83.85,80,82.9,189874
2012-02-29,80.55,85.35,79.95,82,241413
2012-03-01,82,83.6,79.95,82.4,129892
2012-03-02,81.95,82.35,81.55,82.1,77466
2012-03-05,78.7,82.2,77.65,81.1,66614
2012-03-06,78.2,79.95,77.6,79,31426
2012-03-07,79.35,79.95,77.8,78,31807
2012-03-09,78.7,82.95,78.4,82.95,31753
2012-03-12,79.4,80.55,79.1,80.55,62238
2012-03-13,79.9,81.05,79.6,80.25,39704
2012-03-14,81.7,82.2,75.2,80.1,77743
2012-03-15,81.25,82.4,80.3,82,17377
2012-03-16,81,81.4,80.2,80.35,22762
2012-03-19,82.95,84,80.55,82.3,42870
2012-03-20,83.1,84.9,81.1,84.9,128250
2012-03-21,84.8,89.8,82.1,83.1,250524
2012-03-22,84.95,85.9,83.5,85,74174
2012-03-23,85,85.9,82.4,85,318280
2012-03-26,83.35,85.4,82.45,85.4,20777
2012-03-27,84.25,84.95,82.55,82.55,27462
2012-03-28,85,85.6,84,84.4,32121
2012-03-29,84.9,85.9,84,85.1,32813
2012-03-30,87.6,89.4,83.1,85.6,116355
2012-04-02,86.05,88.1,85.75,88.1,28330
2012-04-03,86.05,86.8,84.55,86.2,22617
2012-04-04,85.55,86.3,85.25,86,30192
2012-04-09,85.4,86,85.1,85.1,9754
2012-04-10,85.4,86.1,84.95,86.1,16046
2012-04-11,84.15,85.9,83.9,84.4,14250
2012-04-12,83.05,84.75,82.8,83.9,18644
2012-04-13,82.95,84.5,82.8,83.05,22426
2012-04-16,81.4,84.5,80.7,84.5,20392
2012-04-17,82.75,83.5,81,82,21908
2012-04-18,84,84.35,82.5,82.5,61688
2012-04-19,84.05,84.85,83.5,84.85,273809
2012-04-20,82.4,85.6,82.1,85.6,27668
2012-04-23,81.55,83.4,81.1,83,13694
2012-04-24,81.9,82.75,80.75,81.95,21527
2012-04-25,81.25,82.5,80.8,82.15,9546
2012-04-26,82.8,83.2,81.4,82.2,24136
2012-04-27,83.2,85,81.4,85,49937
2012-04-30,81.3,83,81,83,32291
2012-05-02,81.4,82.45,81,82,15237
2012-05-03,80.2,82.5,79.5,82.5,710188
2012-05-04,79.35,81.1,78.65,79.65,22028
2012-05-07,79.45,80.75,78.5,78.8,10483
2012-05-08,81.2,83.5,79.2,79.4,49276
2012-05-09,77.25,88.9,76.6,84,374715
2012-05-10,79.2,80,77.5,77.95,106390
2012-05-11,77,79.5,75,78.15,153188
2012-05-14,74,77.3,73.6,76.8,35251
2012-05-15,74.35,74.7,73,74.5,23610
2012-05-16,73.45,76.95,72,74.4,54424
2012-05-17,72.4,74.5,71.55,73.1,16416
2012-05-18,73,73.5,60.15,60.15,29078
2012-05-21,73.2,73.75,72.5,73,8972
2012-05-22,72.25,74.3,72.15,73,12376
2012-05-23,70.5,72.5,70,72.05,16078
2012-05-24,70.05,72.25,69.5,71.3,22627
2012-05-25,70.15,71.55,70,71.55,13967
2012-05-28,69.5,71,65.2,65.2,189148
2012-05-29,69.85,81,69,81,65135
2012-05-30,69.45,71.75,68.4,70.95,66941
2012-05-31,68.55,69,67.6,69,40170
2012-06-01,67.65,69.6,67,68.15,14139
2012-06-04,69.1,69.5,65.55,67.9,12255
2012-06-05,68.6,69.7,68,69.45,13788
2012-06-06,69.1,69.6,68.35,68.35,18675
2012-06-07,69.45,69.7,68.5,69.15,37582
2012-06-08,69.2,71,68.7,71,7219
2012-06-11,70,71.4,69.4,70.1,411044
2012-06-12,68.95,70.8,68,70,57196
2012-06-13,69.45,70.5,68.25,69.95,683058
2012-06-14,69.15,69.9,68.85,69.5,18785
2012-06-15,69.4,70,69.25,69.5,21641
2012-06-18,69.05,72,68.6,72,25391
2012-06-19,69.1,69.65,68.2,69,215533
2012-06-20,69.8,70,68.5,69.2,16592
2012-06-21,70.75,71,69,69,9562
2012-06-22,70.95,71.8,69.85,69.85,28584
2012-06-25,69.95,72,69.5,71.9,21414
2012-06-26,70.7,71.4,70,70,9776
2012-06-27,70.45,72,70.1,70.5,10159
2012-06-28,70.1,71.6,67.65,70.55,23118
2012-06-29,70.05,71.5,69.05,69.05,46367
2012-07-02,69.95,70.95,69.2,70.8,36499
2012-07-03,69.5,70.75,68.85,70.1,122142
2012-07-04,69.25,70.2,68.65,69.9,69400
2012-07-05,67.35,70.4,66.95,69.8,244903
2012-07-06,67.9,69.45,67.6,69.45,122933
2012-07-09,66.5,69.15,65.55,68,180975
2012-07-10,65.95,67.8,65.3,66.5,93703
2012-07-11,64.4,66.9,64,66,123733
2012-07-12,63.1,67.95,62.2,67.8,157549
2012-07-13,62.9,65.45,62.5,63.5,141713
2012-07-16,62.1,64.7,61.6,63.65,144526
2012-07-17,60.9,63.15,60.1,63.15,121887
2012-07-18,67.05,69.4,59.8,60.5,3690505
2012-07-19,67.7,71.1,66.05,68.35,1330203
2012-07-20,65.65,67.7,65.05,67.7,217354
2012-07-23,64.8,67.1,64.05,64.2,101711
2012-07-24,65.7,66.55,64.55,65.25,101346
2012-07-25,63.45,66.3,62.7,66,95401
2012-07-26,63.1,64.3,63,63.2,206889
2012-07-27,61.7,64.5,61,63.4,136031
2012-07-30,62.15,64.3,61.2,62,80351
2012-07-31,64.3,65.7,60.3,62.2,216725
2012-08-01,65.1,66.6,64.3,64.3,121925
2012-08-02,65.45,66,65.1,65.2,33981
2012-08-03,65.75,67.8,64.2,65.95,102340
2012-08-06,65,66.85,64.75,66.25,74839
2012-08-07,65.2,66.1,64.15,65.25,57312
2012-08-08,65.4,67,65,65.95,58823
2012-08-09,65.1,66.5,64.55,65.95,50170
2012-08-10,65.05,65.75,64.3,65.1,30770
2012-08-13,65.05,65.7,64.2,64.9,47006
2012-08-14,65.55,66.25,65,65.5,36464
2012-08-16,65.3,66,64.8,66,23695
2012-08-17,66.3,69.7,65,65.35,266301
2012-08-21,66.9,67.65,66.3,66.9,157007
2012-08-22,66.45,68.1,65.85,67,36894
2012-08-23,66.75,67.1,65.5,66.45,25904
2012-08-24,65.95,66.75,65.5,66.75,35516
2012-08-27,66.25,67.8,65.5,66,78005
2012-08-28,66.35,66.8,64.65,66.25,36251
2012-08-29,66.4,66.75,65.8,66.7,34585
2012-08-30,66.35,67,64.8,66.05,146619
2012-08-31,66.85,67.5,65.25,66.35,47846
2012-09-03,67.15,68.5,65.7,66.7,100873
2012-09-04,66.9,67.5,66,66.2,18912
2012-09-05,65.75,67.4,65.1,67,50015
2012-09-06,65.95,67,65.5,66,38579
2012-09-07,67.5,68.65,66,66,93475
2012-09-10,69.7,70,67.15,67.15,85537
2012-09-11,71.1,73.45,70.3,70.3,225901
2012-09-12,70.05,71.8,69.1,71.8,39779
2012-09-13,67.3,70.15,67.1,70.15,47837
2012-09-14,67.1,68.75,66.5,68.5,230525
2012-09-17,67.25,68.75,67,67.9,32798
2012-09-18,69,69.5,67.45,68,60211
2012-09-20,68.7,70,68,69.7,28404
2012-09-21,68.95,69.35,68.2,68.55,153463
2012-09-24,73.35,74.4,68.9,69,176006
2012-09-25,74.85,76.85,74.2,74.2,425566
2012-09-26,73.85,75.55,71.65,74.5,101261
2012-09-27,74.6,75,73,73,142491
2012-09-28,78,79,74.25,75,574086
2012-10-01,80.2,81.45,77.7,77.7,564262
2012-10-03,78.1,81.5,77.75,80.2,244924
2012-10-04,78.15,78.8,76.7,78.1,141802
2012-10-05,82.95,83.8,77.65,78.8,1410940
2012-10-08,84.7,85.8,83.6,83.6,438831
2012-10-09,83.9,87.5,82,84.7,555916
2012-10-10,81.6,84.5,81,82.25,89729
2012-10-11,79.7,81.9,79,81.75,124355
2012-10-12,79.35,81.65,78.4,80,279870
2012-10-15,80.5,81.25,79.55,80.5,383080
2012-10-16,81.1,83.2,80.5,81.2,214637
2012-10-17,80.85,83.55,80.25,82.35,87894
2012-10-18,79.8,81.65,79.3,81.1,47946
2012-10-19,79.75,80.95,79.15,80,123552
2012-10-22,80.6,81.6,75.5,75.5,203307
2012-10-23,80,81.35,79.45,80.15,578037
2012-10-25,78.85,80.3,77.8,80,87024
2012-10-26,78.1,80.8,78,79,28211
2012-10-29,77.55,78.1,76.45,77.1,51668
2012-10-30,78.5,79.15,77.2,77.6,51631
2012-10-31,77.4,79.7,77.05,78.6,31749
2012-11-01,76.9,79.45,76.2,77.8,69374
2012-11-02,77.25,78.9,77,78,188084
2012-11-05,74.75,77.9,74.5,77.9,578014
2012-11-06,74.45,76.9,73.85,74.8,620565
2012-11-07,73.5,77.4,72.65,76.25,320326
2012-11-08,73.2,74,71.6,72.9,38141
2012-11-09,72.35,73.75,72,73.1,59873
2012-11-12,74.65,75.55,72.65,73.35,1193658
2012-11-13,76.6,77.4,75.8,76,39813
2012-11-15,74.9,77.65,74.6,76.5,49950
2012-11-16,74.2,77.8,73.55,75.6,694352
2012-11-19,74,75,72.55,74.35,91125
2012-11-20,73.9,74.95,73.5,74.05,1351068
2012-11-21,73.85,74.75,73.55,74,28203
2012-11-22,76,77,71.25,72.5,478753
2012-11-23,79.2,81.2,75.15,76.65,2013900
2012-11-26,78.9,81.6,78.2,79.85,262268
2012-11-27,77.5,80.35,76.7,79.5,443175
2012-11-29,78.6,81.4,78.1,78.5,336445
2012-11-30,77.3,79.95,77.05,79.45,1115911
2012-12-03,77,78.3,76.1,77.4,54349
2012-12-04,76.65,78.9,75.9,77.1,134970
2012-12-05,76.2,78.4,75.75,76.7,72396
2012-12-06,75.85,77.5,75.5,77.2,65940
2012-12-07,76.55,77,76,76.85,47940
2012-12-10,77.55,77.9,75.75,76.4,96858
2012-12-11,79.95,81.75,78,78,347524
2012-12-12,78.25,80.9,77.65,80.8,162177
2012-12-13,76.4,78.95,76.1,78.95,44129
2012-12-14,76,77,75.9,76.5,50226
2012-12-17,76.65,84.8,75.3,76.8,116562
2012-12-18,76.3,77.2,74.15,76.8,70407
2012-12-19,75.9,76.8,75.3,76.5,83124
2012-12-20,75.35,76.7,75.3,76.7,62232
2012-12-21,75.5,76.7,74.7,76.7,52564
2012-12-24,75.95,76.65,75.65,76.45,40848
2012-12-26,77.05,77.5,76,76.5,71550
2012-12-27,79.15,79.9,77.3,78.15,133130
2012-12-28,79.95,82.6,79.05,82.5,183456
2012-12-31,81.45,82,79.3,79.3,127970
2013-01-01,80.65,82,80.4,81.95,71147
2013-01-02,80.9,81.5,80,80.5,242543
2013-01-03,81.85,84,80.6,81.5,251596
2013-01-04,80.35,81.95,80.1,81.5,58399
2013-01-07,81.95,82.9,80.2,81,99000
2013-01-08,81.85,82.95,80.55,82.95,34142
2013-01-09,82.5,83.4,81.05,81.55,154569
2013-01-10,84.65,86.1,82.75,83.25,503105
2013-01-11,84.7,86,84,85.5,127953
2013-01-14,84.3,84.8,83,84.05,44490
2013-01-15,84.55,85.45,84.05,84.05,46488
2013-01-16,84.1,84.5,83.95,84,27308
2013-01-17,82.85,84.7,82.2,84.15,46984
2013-01-18,82.35,83.45,82,83,559875
2013-01-21,82.2,82.95,81.75,81.75,30087
2013-01-22,80.5,82.5,79.5,82.35,38005
2013-01-23,79.4,81.45,79,81.45,17620
2013-01-24,77.15,79.4,77,79.4,26537
2013-01-25,77.8,78.7,77.15,77.15,28205
2013-01-28,78,79,77.25,78.5,53580
2013-01-29,77,78,76.85,78,75492
2013-01-30,78.6,80.45,77,77.5,152448
2013-01-31,82.3,83.45,79.45,79.5,246067
2013-02-01,86.15,86.9,83,83.3,490593
2013-02-04,83.9,86.95,82.65,86.9,178428
2013-02-05,81.55,82.95,81,82.8,44745
2013-02-06,79.1,82,78,82,166143
2013-02-07,78.95,80.5,78.4,79.95,52504
2013-02-08,78.6,79.9,77.5,79.45,19889
2013-02-11,76.45,78.2,76.2,78,34327
2013-02-12,78.4,79,76.2,77.5,19715
2013-02-13,77.25,79.45,77,78.5,14229
2013-02-14,78.05,78.3,76.2,77.45,39433
2013-02-15,78.5,79.95,78,79.95,29386
2013-02-18,76.7,79,76,79,46728
2013-02-19,75.55,77.3,74.55,77,45919
2013-02-20,76.3,77.45,75.75,77.45,22216
2013-02-21,76.4,77.45,75.75,76,19689
2013-02-22,76.4,77.7,76,76.45,17488
2013-02-25,76.45,77.6,74.95,76.55,28030
2013-02-26,74.75,76.9,74.55,76.45,27032
2013-02-27,74.85,78.55,72.25,75.45,87656
2013-02-28,74.05,75.95,73.85,75.95,998267
2013-03-01,73.2,74.85,72.5,74.85,25120
2013-03-04,72.05,74.2,70.25,74.15,35917
2013-03-05,71.25,74,70.1,71.6,22978
2013-03-06,71.15,73.2,71,72.2,44970
2013-03-07,70.8,72,70,71.4,52893
2013-03-08,70,71.65,69.9,71.65,79633
2013-03-11,70.45,71.15,70.15,70.15,17728
2013-03-12,69.5,72,69.1,72,53135
2013-03-13,68.4,69.6,67.75,69.55,32937
2013-03-14,67,68.25,66.75,68.2,54611
2013-03-15,66.75,68.05,65.8,67.2,50919
2013-03-18,65.6,66.45,65.1,66.45,29404
2013-03-19,65.8,66.85,65.35,65.8,31375
2013-03-20,64.25,65.9,63.7,65.85,136177
2013-03-21,64.05,65.5,63.6,65.5,74370
2013-03-22,63.95,64.9,62.65,64.9,37623
2013-03-25,64.6,68.25,63.95,65.1,38739
2013-03-26,63.15,65.2,62.5,64.65,24280
2013-03-28,63.95,65.55,63.3,64.8,92416
2013-04-01,64.8,65.7,63.6,64.3,41992
2013-04-02,67.85,69.3,64.75,65.2,51242
2013-04-03,69.25,71.25,67,67.85,125653
2013-04-04,67,71.5,66,69.55,135860
2013-04-05,68.5,69.65,66.3,67,122576
2013-04-08,69.25,69.65,68.1,69,13140
2013-04-09,69,69.9,68.65,69.1,71600
2013-04-10,68,69.05,67.75,69.05,70544
2013-04-11,68.65,69.9,67.35,69,32485
2013-04-12,67.95,68.95,67.5,68.95,14269
2013-04-15,69.25,70,67.8,67.9,26540
2013-04-16,73,73.5,69,69,81398
2013-04-17,75.8,76.8,71.35,73.2,138945
2013-04-18,76,76.5,75.75,76,60513
2013-04-22,75.55,76.55,74.55,76,59883
2013-04-23,75.6,76.75,75,75.1,21677
2013-04-25,74.2,77.4,74,75.65,26118
2013-04-26,72.85,75.65,72.55,75,12664
2013-04-29,71.75,73.7,71.05,72.05,19077
2013-04-30,71.5,72.95,71,71.15,37449
2013-05-02,71.85,72.5,68.5,71.1,124022
2013-05-03,70.55,72,70.1,72,26676
2013-05-06,73.65,74,70.5,71.9,72971
2013-05-07,74,74.75,73.5,74.65,105865
2013-05-08,73.3,76.45,72.85,74,370712
2013-05-09,71.2,74.1,70.5,74.1,119123
2013-05-10,70.85,71.75,70.2,71.75,124107
2013-05-13,70,71.3,68.05,71.3,187056
2013-05-14,71.4,71.95,70,70,45485
2013-05-15,71.05,73.25,69.5,71.9,156947
2013-05-16,72.7,74.8,71.7,72.35,182655
2013-05-17,70.9,73.7,70.5,73.7,578132
2013-05-20,69.95,72.2,69.5,71.05,75120
2013-05-21,68.55,71.25,68.05,69.95,1069270
2013-05-22,69.5,69.95,68.75,68.75,40758
2013-05-23,69.3,70.95,66.9,69.5,93617
2013-05-24,69.45,70.9,68.15,69.5,35441
2013-05-27,69.6,70.6,68.95,69.8,38940
2013-05-28,70.8,71.6,69.05,70.6,20904
2013-05-29,71.65,72.4,70.8,72,88696
2013-05-30,71.55,72.2,69.8,72.1,38926
2013-05-31,69.25,71.9,68.4,71.55,63362
2013-06-03,67.75,70.65,65.55,70.45,103619
2013-06-04,67,69.45,66.2,68.5,71783
2013-06-05,67.85,68.9,67,67,39847
2013-06-06,67.3,67.85,66.35,67.85,32199
2013-06-07,67.25,67.85,66.8,66.9,20884
2013-06-10,68.6,69.8,67.6,67.8,105480
2013-06-11,66.85,69.5,63.1,68.6,69072
2013-06-12,67.95,70,66.5,68.2,68863
2013-06-13,67.5,68.05,66.95,67.05,23933
2013-06-14,67.25,68.95,66.75,67.75,16809
2013-06-17,67,67.9,66.5,67.25,13850
2013-06-18,66.3,67.5,65.8,67,35889
2013-06-19,66.4,66.7,66,66,7343
2013-06-20,66.05,66.65,65.25,66.1,18547
2013-06-21,64.7,66.5,63.55,66,30984
2013-06-24,62.85,64.75,62.5,64.25,89629
2013-06-25,62.7,63.8,61.5,63.1,79355
2013-06-26,61.75,63.65,61.4,63.65,117991
2013-06-27,61.95,62.3,60.85,61.75,30191
2013-06-28,62.3,64.05,61.75,63,73618
2013-07-01,61.35,63,61.15,63,87871
2013-07-02,59.6,61.85,59.05,61.45,120870
2013-07-03,59.95,61,59.05,60,23918
2013-07-04,60.05,60.7,59.5,59.5,24932
2013-07-05,60,60.6,59.65,60.05,33157
2013-07-08,61,61.2,59.6,60,25944
2013-07-09,61.9,62.9,60.6,60.65,53387
2013-07-10,61.55,63.85,61.25,63.85,49831
2013-07-11,60.95,62.65,60.25,61.6,25059
2013-07-12,62,62.4,61,62,14743
2013-07-15,61.95,63,61.2,63,29486
2013-07-16,62.3,62.85,62.1,62.85,59930
2013-07-17,62.2,63.8,61,63,20949
2013-07-18,62.45,63.7,60.1,63.7,27202
2013-07-19,62.95,63.5,62,62.45,13307
2013-07-22,62.9,63.45,61,63,32145
2013-07-23,61.55,62.9,60.5,62.55,35888
2013-07-24,60.95,63.7,60.5,63.7,64262
2013-07-25,60.25,62.4,60,62.4,23698
2013-07-26,60.4,62.4,59.35,60.3,18630
2013-07-29,59.95,62,59.2,60.75,17564
2013-07-30,60.05,62.4,59,60.5,168716
2013-07-31,58.95,60.05,57.1,60,56186
2013-08-01,59.45,61.2,58.1,59.75,35813
2013-08-02,60.2,62.4,60,61.75,24606
2013-08-05,59.85,62.7,59.2,62.7,15901
2013-08-06,57.15,60.3,54.25,60.3,73417
2013-08-07,54.8,59.3,54.25,59.3,62094
2013-08-08,55.85,56.35,54.15,55,27114
2013-08-12,58.5,59.45,56.6,56.9,55593
2013-08-13,58.95,60.5,58.55,59.5,22937
2013-08-14,60.55,62.5,56.5,59,60626
2013-08-16,59.55,62,57.95,62,46110
2013-08-19,59.35,60.5,58.05,60.5,14943
2013-08-20,59.95,60.5,58.2,60.5,36488
2013-08-21,58.3,61.5,58,60.05,17833
2013-08-22,57.7,59.45,57.25,58.8,14905
2013-08-23,59.95,61.45,57.45,57.55,19853
2013-08-26,59.65,61,58.1,60.05,28125
2013-08-27,57.95,59.05,57.7,59,17617
2013-08-28,57.55,58.7,56.7,58.7,10713
2013-08-29,58.95,60,57.2,58,21682
2013-08-30,58.7,59.5,58.05,59,15980
2013-09-02,58.35,59.8,58.05,58.5,10829
2013-09-03,59.1,59.7,57.25,59,45956
2013-09-04,57.4,59.5,57.3,58.5,27886
2013-09-05,57.1,58.8,57,58.8,38439
2013-09-06,57.2,58.45,56.6,57.1,27255
2013-09-10,57.55,59,57.2,58,150035
2013-09-11,56.95,57.95,56.5,57.25,37866
2013-09-12,56.9,57.6,56.7,57.5,28876
2013-09-13,57,57.5,56.5,57.45,32797
2013-09-16,56.55,58,56.25,58,39362
2013-09-17,55.4,56.9,55.2,56.5,105049
2013-09-18,54.95,56.45,54.5,55,85584
2013-09-19,57.4,59.95,55.5,56.5,1241892
2013-09-20,56.6,58.5,55.6,58.25,79980
2013-09-23,57.55,58.5,56.25,56.6,45730
2013-09-24,56.3,57.65,56.05,57.4,23356
2013-09-25,55.9,56.9,55.55,56.1,458898
2013-09-26,55.45,56,55.3,56,26425
2013-09-27,55.6,57,55.2,56,69144
2013-09-30,55.2,56.5,54.55,56.5,51979
2013-10-01,55.35,56.65,54.55,56.65,54081
2013-10-03,56.25,56.6,55.25,55.35,443347
2013-10-04,57.15,59,56.4,56.4,95393
2013-10-07,58.3,59,56.7,57.85,57008
2013-10-08,58.7,59,58.25,58.75,34498
2013-10-09,60.6,61,58.6,59.6,1184427
2013-10-10,59.85,61.7,59.55,61.1,91494
2013-10-11,58.4,60.6,57.75,60,94384
2013-10-14,58.55,59.25,58.25,58.45,23092
2013-10-15,58.45,60.5,57.7,60,193100
2013-10-17,57,59.2,56.85,59.2,73801
2013-10-18,57.7,58,56.9,57.55,81775
2013-10-21,59.8,61.4,59,59,186987
2013-10-22,59.95,61,59.5,59.5,106782
2013-10-23,60,60.85,59.5,59.6,99260
2013-10-24,59.9,61.45,59.65,60,228768
2013-10-25,59.1,60.65,57.7,59.9,75462
2013-10-28,58.3,60.5,58.05,60.5,32160
2013-10-29,57.95,58.65,57.55,58.3,110099
2013-10-30,58.5,59.95,57.7,58.5,124843
2013-10-31,59.85,60.1,58.8,59.45,148949
2013-11-01,61.05,61.8,59.85,59.9,156367
2013-11-05,63.55,64.5,58,60.75,297315
2013-11-06,64.7,66,64.2,64.55,358559
2013-11-07,64.35,65.65,63.25,65.65,174714
2013-11-08,61.95,64.35,61.5,64.35,37883
2013-11-11,60.65,63,60.55,63,32206
2013-11-12,61,61.85,60.1,61.85,38986
2013-11-13,61,61.95,60,61,136059
2013-11-14,60.95,61.8,60.3,61.1,54969
2013-11-18,60.8,62.35,60.55,60.95,25023
2013-11-19,59.95,61.5,59.2,60.55,89156
2013-11-20,60.05,60.95,59.5,59.5,84851
2013-11-21,58.55,60.5,58.3,60,124632
2013-11-22,59.7,60.3,58.9,58.9,54710
2013-11-25,59.6,60.35,59.3,60.35,43935
2013-11-26,60.4,63.5,59.3,59.3,86090
2013-11-27,60.1,60.5,59,60.45,27201
2013-11-28,61.8,62.4,59.7,59.75,95560
2013-11-29,63.7,64.95,61.3,61.3,163745
2013-12-02,65.25,66.55,63.15,63.3,179457
2013-12-03,64.9,66,64.6,65.7,90995
2013-12-04,65.05,66.4,64.5,64.5,75929
2013-12-05,65.5,66,64,66,49400
2013-12-06,67.05,68.5,64.1,65.1,1465456
2013-12-09,66.55,68.8,65.5,68.8,97596
2013-12-10,66.3,66.7,64.1,66.55,48700
2013-12-11,66.05,66.9,65.25,66,52897
2013-12-12,66,66.5,65,65,27694
2013-12-13,64.8,66.45,64,66,46778
2013-12-16,63.55,65.85,63,64.1,20421
2013-12-17,63.65,64.7,63.2,64.7,12457
2013-12-18,65.75,66.15,62.75,63.65,51258
2013-12-19,65.6,67,65,65.35,51185
2013-12-20,65.95,66.9,65.2,66.9,81171
2013-12-23,65.95,67.45,65.5,66.5,67556
2013-12-24,66.6,66.8,65.15,65.15,38165
2013-12-26,67,68.95,66.6,66.6,188059
2013-12-27,68.6,69.3,67.15,68.15,107941
2013-12-30,67.35,69.4,67.1,68.95,38509
2013-12-31,67.3,68.2,67,67.4,19297
2014-01-01,67.6,67.9,67.05,67.05,24556
2014-01-02,64.85,69.8,64.25,67.35,147126
2014-01-03,65.85,66.4,62.85,64.9,46733
2014-01-06,66.15,66.6,65.25,66,26199
2014-01-07,65,66.8,64.5,66.25,54279
2014-01-08,64.45,65.9,64.2,65.05,14774
2014-01-09,65,66.2,64,64.05,71466
2014-01-10,64,65.55,63.6,64.5,24668
2014-01-13,64.15,65.5,63.05,65.5,36616
2014-01-14,64.55,64.8,63.3,64,22658
2014-01-15,65.15,66.7,63.5,65.7,95050
2014-01-16,64.6,65.2,64.5,65.15,56983
2014-01-17,64.6,64.8,64.4,64.6,35778
2014-01-20,65,65.45,64.25,64.6,22024
2014-01-21,64.85,65.4,64.75,65.4,26223
2014-01-22,64.75,65.6,64.5,64.85,5532
2014-01-23,65.05,65.85,64.55,64.55,29879
2014-01-24,64.2,65.2,64.05,64.65,35308
2014-01-27,62.7,64.45,62.5,64.45,25481
2014-01-28,61.55,63.05,61.05,62.55,25880
2014-01-29,61.25,63,61.05,63,8181
2014-01-30,62,62.4,60.25,60.5,26484
2014-01-31,61.8,63,61.15,62,12813
2014-02-03,60.75,62,60.55,61.1,14620
2014-02-04,61.35,61.8,60.1,60.2,22495
2014-02-05,61.4,62.2,60.35,60.35,11119
2014-02-06,60.65,62.85,60.1,62,154369
2014-02-07,61.1,61.9,60.55,61.5,35165
2014-02-10,58.75,61.6,58.55,61.2,114571
2014-02-11,57.9,60.15,57.45,60.15,104604
2014-02-12,58.1,58.85,57.2,58.5,44856
2014-02-13,57.75,61.6,56.55,58.8,7068105
2014-02-14,57.2,60.7,56.65,59.8,434067
2014-02-17,57.3,58.2,56.5,56.9,53263
2014-02-18,57.7,58.15,57.1,57.3,263665
2014-02-19,60.2,61.4,59.4,59.45,1988876
2014-02-20,58.75,61,58.35,59.8,163418
2014-02-21,58.45,59.05,58.25,58.7,69479
2014-02-24,59.65,59.9,57.55,58.3,412488
2014-02-25,57.6,60.15,57.25,59.25,246802
2014-02-26,58,60.15,57.6,57.6,269999
2014-02-28,58.8,60,57.75,58.25,119570
2014-03-03,57.55,59.4,57.4,59,191602
2014-03-04,57.7,58.4,57.25,57.95,113938
2014-03-05,58.45,59.1,57.8,58.3,83433
2014-03-06,61.15,61.6,58.55,58.95,239283
2014-03-07,62.85,63.25,60.55,61.2,245324
2014-03-10,67.15,68,62.5,63,407456
2014-03-11,69.8,71.25,67.6,70,519753
2014-03-12,67.95,71.9,66.6,69.5,279980
2014-03-13,67.05,69.5,66.75,67.5,121271
2014-03-14,66.3,67.95,65.15,66.7,118481
2014-03-18,73.25,74.2,66.05,66.05,658660
2014-03-19,75,76,72.45,74.25,452282
2014-03-20,72.05,74.8,71.5,74.3,279221
2014-03-21,73.8,74.7,72,72.75,190792
2014-03-24,72.5,74.25,71.5,73.75,187668
2014-03-25,72.7,73.25,71.2,72.05,207484
2014-03-26,72.9,73.5,71.05,73.5,198473
2014-03-27,75.1,77,72.25,72.9,241741
2014-03-28,78.35,81.55,75.85,75.9,633232
2014-03-31,80.8,81.1,77.05,78.5,205534
2014-04-01,80.15,81.25,79.1,80.8,106721
2014-04-02,79,81.2,77.5,81,202270
2014-04-03,75.95,79.95,75.55,79.55,242585
2014-04-04,76.55,77.8,75.65,76.05,92591
2014-04-07,75.5,78.9,75.15,76.05,524260
2014-04-09,79.8,80.7,76.2,76.55,498976
2014-04-10,79.5,80.9,78.5,80.3,205365
2014-04-11,82.2,83.8,78.2,79,392365
2014-04-15,83.3,85.2,79.6,82.2,451428
2014-04-16,86.05,87.7,83.05,83.05,815636
2014-04-17,86.75,88.4,85.05,87.5,474760
2014-04-21,88.65,90,86.85,86.9,758351
2014-04-22,83.9,90.7,83.1,88.5,362701
2014-04-23,85.65,87.2,84.25,84.25,403671
2014-04-25,85.65,86.9,85,85.95,124311
2014-04-28,83.9,86.55,83.45,85.25,211892
2014-04-29,82.5,84.65,82,84.65,194843
2014-04-30,82.95,85,81.5,82.55,436887
2014-05-02,83.1,86.05,81.95,84.5,202853
2014-05-05,80.2,84,79.2,82.5,199763
2014-05-06,82.1,83.9,80.2,80.95,327605
2014-05-07,82,83,81.35,81.4,141025
2014-05-08,81.85,83,80.5,82.45,210192
2014-05-09,82.5,83.4,79.4,82.9,157289
2014-05-12,83.4,85.5,82,82.25,434645
2014-05-13,84.9,90,83.4,83.4,839365
2014-05-14,88.15,89,84.9,85.2,269835
2014-05-15,86.3,94.7,85.1,88.6,1386844
2014-05-16,94.35,95,86,87,960152
2014-05-19,98.1,99.9,93.3,94.05,637806
2014-05-20,96.75,99.4,94.1,98,271367
2014-05-21,96.25,99.8,93.65,96.6,169485
2014-05-22,98.15,99.6,94,95.5,307294
2014-05-23,103.45,104.9,97.05,98.5,1022856
2014-05-26,97.15,106.75,90.1,104.5,775669
2014-05-27,94.25,100.6,93.1,97.05,216955
2014-05-28,97.2,98.65,94,94.5,113161
2014-05-29,95.7,102.95,94.55,98.65,335021
2014-05-30,101.55,102.3,95.7,96.05,290984
2014-06-02,99.95,104.4,99.2,101.1,161964
2014-06-03,101.15,102.25,99.5,99.65,94602
2014-06-04,99,102.4,98,100.15,183391
2014-06-05,104.5,107.4,97.5,99.05,479051
2014-06-06,102.3,106,101.3,105.65,162847
2014-06-09,100.95,104.4,98.5,104.4,132059
2014-06-10,99,101.95,96.7,100.95,266050
2014-06-11,101.25,106.3,100,101,448807
2014-06-12,100.05,101.6,99.1,101.25,87582
2014-06-13,98.35,102.9,96.2,99.55,168530
2014-06-16,97.5,98.3,95.7,95.7,92001
2014-06-17,99.55,100.5,96.7,96.7,56963
2014-06-18,99.7,102.8,98.55,98.7,152005
2014-06-19,98.6,101.8,97.8,99.6,49876
2014-06-20,97,98.85,95.9,97.65,55786
2014-06-23,99.6,101.45,97.1,97.1,109759
2014-06-24,104.2,105,99.45,100.9,285354
2014-06-25,111.95,113.3,103.5,103.5,1162756
2014-06-26,110.05,115.9,109.2,113,768095
2014-06-27,114.05,115.3,108.75,111,494937
2014-06-30,115.95,117.9,113.6,114.7,332062
2014-07-01,115.15,117.25,114.2,117.25,122408
2014-07-02,123.45,126.7,117.1,117.1,1070943
2014-07-03,119.95,124.5,118.55,124.5,290037
2014-07-04,126.3,127.8,119,120.85,399109
2014-07-07,121.95,129.8,120.25,127.4,506672
2014-07-08,116,123.95,114.1,122.9,273935
2014-07-09,111.75,118,108.9,118,322121
2014-07-10,114.4,118,107.4,112,322569
2014-07-11,109.75,119.7,108.35,115.4,307456
2014-07-14,109.25,111.7,107,110,100349
2014-07-15,114.65,115.5,109.55,109.55,129593
2014-07-16,115.8,116.3,113.05,115.5,85037
2014-07-17,116.4,118.4,113.2,116,129148
2014-07-18,117.2,121.85,114.1,115.7,1214931
2014-07-21,118,119.65,115.5,118.4,151635
2014-07-22,121.25,124,118,118.1,306102
2014-07-23,120.25,123.3,119.1,121.8,115318
2014-07-24,120.15,121.7,119.2,121.7,70446
2014-07-25,116.3,121,114.5,120.55,198489
2014-07-28,115.1,118.45,114.55,116.4,73398
2014-07-30,117.3,117.8,113.35,113.35,78419
2014-07-31,114.7,120.5,113.3,116.65,255973
2014-08-01,110.25,114.5,108.9,114.05,115887
2014-08-04,110.05,113.75,108.8,110.25,103160
2014-08-05,112.9,113.8,108.35,110.8,239809
2014-08-06,111.1,114.9,109.65,113.5,161321
2014-08-07,108.45,111.95,107.9,111.95,100401
2014-08-08,108.5,109.45,103.6,108.35,295090
2014-08-11,109.1,111.45,107.15,109.8,89668
2014-08-12,108.85,110.9,107.75,109.9,73081
2014-08-13,107.4,108.7,106.15,108.45,107738
2014-08-14,106,107.95,105.6,107.95,190988
2014-08-18,111,113,104.9,104.9,156557
2014-08-19,109.9,112.8,109.25,110,60996
2014-08-20,113.05,116.4,109,110.6,208450
2014-08-21,112.35,113.85,111,112.8,53172
2014-08-22,112.3,114.85,111.15,112.3,53947
2014-08-25,119.8,128.5,112.5,112.5,1963181
2014-08-26,130,132.2,117.1,120.65,2932766
2014-08-27,132.95,135.5,130.05,132.25,1168348
2014-08-28,130.05,134.05,125.35,132.95,677726
2014-09-01,131.2,131.9,127.8,130.3,412861
2014-09-02,128.9,132.2,127.65,132,217123
2014-09-03,131.3,134.15,127.2,129.25,494245
2014-09-04,130.35,134.6,128.5,130.65,443854
2014-09-05,129.45,134,127.6,130.25,221341
2014-09-08,135.8,139,129.55,130.35,623262
2014-09-09,137.8,142.5,136.65,138,595864
2014-09-10,134.9,138.3,134.7,138,165551
2014-09-11,134.15,137.5,132.6,136.15,175155
2014-09-12,136.95,139.25,135.55,136.4,1033911
2014-09-15,137.85,144.9,136.85,136.85,1246829
2014-09-16,129.65,140,128.25,137.5,618897
2014-09-17,127.3,131.9,125.5,131,478557
2014-09-18,129.2,133.4,126.05,127.3,352670
2014-09-19,127.65,129.7,126.2,129.7,156294
2014-09-22,126.85,129.85,125.5,128.15,117065
2014-09-23,127.3,134.4,126.25,126.25,482167
2014-09-24,128.85,132.8,127.4,130.2,434891
2014-09-25,127.9,129.85,123.35,128.6,410177
2014-09-26,125.9,128.75,123.5,125.3,135061
2014-09-29,125.95,127.4,125,126,149951
2014-09-30,132.95,135,124.7,124.7,693691
2014-10-01,130.85,135.8,130.15,135,208098
2014-10-07,127.55,131.4,125.2,130.1,222884
2014-10-08,129.6,130,127,127.55,164179
2014-10-09,127.2,132.35,126.05,130.7,157601
2014-10-10,130.1,131.9,125.1,126.1,206558
2014-10-13,129.55,132,127.55,131,163091
2014-10-14,134.65,136.45,128.55,129.15,547458
2014-10-16,134.75,136.9,131.5,133.3,522197
2014-10-17,133.15,135,131.7,133.4,174201
2014-10-20,130.6,134.65,130.1,133.15,111974
2014-10-21,128.65,131.2,128,130.6,62337
2014-10-22,128.85,132.5,127.8,129,96115
2014-10-23,130.7,131.5,129.45,129.6,38831
2014-10-27,129.85,131.95,126.5,131.8,513576
2014-10-28,127.45,130.25,125.35,128.6,665488
2014-10-29,129.45,130.25,127.05,127.05,264462
2014-10-30,129.7,130.65,128.35,129.35,111066
2014-10-31,129.4,131.4,128.6,130.5,113640
2014-11-03,132.3,134.9,129.1,129.1,354217
2014-11-05,139.5,143.6,132,137.8,1064909
2014-11-07,143,146.35,140.5,140.85,688575
2014-11-10,151.7,155.9,144.85,144.85,1837103
2014-11-11,149.75,154.5,147.6,152.65,264270
2014-11-12,144.3,151.2,143.8,151.2,313460
2014-11-13,143.85,151.15,142,146,305997
2014-11-14,144.1,148,142,144,165973
2014-11-17,142.65,144.9,138.95,143.1,227639
2014-11-18,144.65,149.6,140.85,141.05,350144
2014-11-19,145.8,150.55,144.1,144.1,945295
2014-11-20,146.15,146.85,144.8,145.95,102480
2014-11-21,144.35,147.85,143,146.5,117925
2014-11-24,141.15,145.65,140.15,145.65,111165
2014-11-25,144.1,146.1,134.7,141.3,293016
2014-11-26,141.7,147.2,141.05,146.75,171903
2014-11-27,140.05,143.25,139.25,142.3,887559
2014-11-28,140.7,141.75,138.4,140.5,144351
2014-12-01,138.05,141.35,136.3,140.3,91976
2014-12-02,138.05,139.25,135.5,138.05,104823
2014-12-03,141.65,143.5,137,138,271678
2014-12-04,142.55,144,139.25,142.3,193189
2014-12-05,146.7,148.3,140.2,142.55,247359
2014-12-08,141.25,149.9,140.45,145,180055
2014-12-09,139.25,142.95,137.3,141,120652
2014-12-10,138.7,139.95,137.65,139.35,253171
2014-12-11,137.7,140,135.8,138,72583
2014-12-12,135.3,143.8,134.3,138.45,131290
2014-12-15,136,137.05,133.5,134.5,90212
2014-12-16,135.1,136,129.1,135.1,186749
2014-12-17,134.25,137.7,128,135.2,348979
2014-12-18,137.65,138.5,135,135.7,80452
2014-12-19,137.4,141.5,136.6,138.55,53986
2014-12-22,140.2,141.5,134.95,137.45,132285
2014-12-23,137.9,141.2,135.25,139.85,103032
2014-12-24,137.7,140,136.55,137.9,41833
2014-12-26,137.8,140,137.2,138.75,86159
2014-12-29,140.6,143,137.35,137.35,114522
2014-12-30,144.45,145,141.75,142.95,175070
2014-12-31,150.9,153,143.35,144.95,334154
2015-01-01,147.2,152.85,145.75,151.3,84084
2015-01-02,145,148.7,144.5,148.7,82132
2015-01-05,143.95,147.9,143.15,147.5,106776
2015-01-06,143.6,150.5,138.3,143,896672
2015-01-07,144.65,146.55,140.35,144,108504
2015-01-08,148.8,150.25,144.35,145.2,537270
2015-01-09,154.35,157.8,145.2,151,426149
2015-01-12,151.9,159.4,151.05,156.05,322709
2015-01-13,146,153.45,144.25,151.6,161560
2015-01-14,146.65,149.9,145.2,146.5,109619
2015-01-15,149.75,151.9,144.75,148.8,246244
2015-01-16,145,150,144.55,150,150708
2015-01-19,142.45,145.9,140.85,145.9,429874
2015-01-20,143.05,144.7,140.9,142.45,198633
2015-01-21,141.55,144.9,141.1,143.85,107607
2015-01-22,141.35,142.7,140.65,142.5,228354
2015-01-23,139.55,143,138,141.75,130308
2015-01-27,140.6,144.9,138,140.8,349136
2015-01-28,143.8,144.75,139,141,413666
2015-01-29,143.25,147.2,142.15,146.1,243294
2015-01-30,144.35,145.9,139.65,143.25,183148
2015-02-02,149.3,152,140.05,142,373323
2015-02-03,145.6,149.05,145,149.05,155173
2015-02-04,148.6,151,143.25,145.95,284181
2015-02-05,144.55,148.95,143.4,148.95,717191
2015-02-06,141.95,145.25,131,145,262750
2015-02-09,141.85,144.8,138.85,141.95,181297
2015-02-10,143.05,144.75,140.95,143,161828
2015-02-11,145.25,146,141.2,141.2,120990
2015-02-12,145.4,148.95,141.95,146.7,139286
2015-02-13,148.1,149.5,145.2,145.5,175845
2015-02-16,145,148.5,145,145.25,35438
2015-02-18,146.85,148.65,144.05,144.05,131197
2015-02-19,145.85,148.05,144.75,146.85,109112
2015-02-20,146.5,147.5,145.1,146,93084
2015-02-23,147.4,149.05,145.2,145.2,213312
2015-02-24,148.05,150,147.25,147.75,255358
2015-02-25,145.65,149.9,144.6,149.4,661429
2015-02-26,147.25,148.8,144.15,145.5,85562
2015-02-27,153.45,159,146.25,147.25,1155157
2015-03-02,146.55,148.05,145.2,148,213194
2015-03-03,148.45,149.4,146.35,147,172744
2015-03-04,144.85,148.6,144.2,148.45,60510
2015-03-05,143.95,145.1,142.6,144.9,53085
2015-03-09,141.95,144,141.45,143.9,34811
2015-03-10,141.85,144.8,141,144.8,32823
2015-03-11,139.35,142.65,138.8,142.45,47197
2015-03-12,139.5,141.15,136.8,140.25,61239
2015-03-13,137.95,140.65,136,140.25,84067
2015-03-16,134.35,139.8,133.3,139.8,59238
2015-03-17,137.95,139.3,133.75,134.85,60970
2015-03-18,139.7,140.55,135.5,137.6,42980
2015-03-19,139,139.95,138,139.95,22757
2015-03-20,135.05,139.55,134.05,139.5,208837
2015-03-23,138.6,141.4,130.4,135.25,80237
2015-03-24,136.45,139.5,134.95,139,28294
2015-03-25,135.55,137,134,136.6,320837
2015-03-26,135,136.45,131.15,134,68076
2015-03-27,141.3,144.4,133.7,135.5,167268
2015-03-30,144.5,145.5,139.1,141.5,56103
2015-03-31,145.8,146.5,143.1,144.85,59547
2015-04-01,144.4,146.9,143.2,144.9,60030
2015-04-06,142,145.85,141.15,144,31952
2015-04-07,140.35,142.8,136.8,142.75,99421
2015-04-08,138.8,143,138.1,140.4,40194
2015-04-09,136.3,139.8,135,138.2,160527
2015-04-10,135.9,137.35,135,136.95,329615
2015-04-13,136.15,136.95,135,136,102263
2015-04-15,136.05,138,135.2,135.95,63156
2015-04-16,138.95,142,133.8,140,198521
2015-04-17,139.7,141,136.7,139,52372
2015-04-20,137.5,140,136.6,140,21195
2015-04-21,137.7,140.75,135.15,138,98149
2015-04-22,139.25,141.35,136.55,137,207929
2015-04-23,138.8,140.5,134.5,138.55,128745
2015-04-24,138.7,140.5,134.85,136.7,139552
2015-04-27,138.55,139,135.15,138,86153
2015-04-28,138.45,142,136.5,138,51261
2015-04-29,139,139.8,136.3,138.1,124924
2015-04-30,137.1,139.2,136.4,139.2,38497
2015-05-04,136.9,138.9,136,137,18798
2015-05-05,135,137.55,134.55,137.4,85796
2015-05-06,132.35,138,126,135,237189
2015-05-07,136.55,142.3,125,128.3,230219
2015-05-08,135.2,136.95,133.3,136,39780
2015-05-11,135.45,137.5,134.55,137.5,523095
2015-05-12,132.1,136,131.55,135.45,33369
2015-05-13,129.2,132.95,128.7,132.05,551678
2015-05-14,128.4,130,127,130,52997
2015-05-15,129.35,129.9,128.4,129,31942
2015-05-18,130.2,131.7,129.3,129.5,262653
2015-05-19,131.75,134.3,130.25,131.2,354434
2015-05-20,129.85,132.7,129,131.75,35899
2015-05-21,128.85,130.5,128,129.1,103106
2015-05-22,127.9,129.35,127,128.9,51832
2015-05-25,125.55,129,125.25,127.75,61835
2015-05-26,121.9,125.95,116.55,125.95,795483
2015-05-27,120.5,122,117.7,122,152225
2015-05-28,123.9,124.7,120,120.85,270048
2015-05-29,124.95,130,123.6,124.45,155860
2015-06-01,124.75,125.85,122.1,125.1,25048
2015-06-02,123.25,125,122,125,64913
2015-06-03,121.45,123.2,120,123.15,85271
2015-06-04,123.1,124,120.95,121.45,41987
2015-06-05,126.05,126.9,123.5,123.5,43793
2015-06-08,123.6,126.95,120.15,125.55,27771
2015-06-09,124,129.7,122.15,123.15,21796
2015-06-10,125.75,126.5,122.25,124.05,36103
2015-06-11,124.15,126.9,122.4,126.9,26782
2015-06-12,126.05,127.95,121.2,121.2,44861
2015-06-15,123.95,127,123.5,126.25,19911
2015-06-16,124.55,125.85,121.5,123.35,21529
2015-06-17,127.05,127.95,123,125.45,31991
2015-06-18,131.8,132.3,125,125,51986
2015-06-19,129.3,132.15,128.7,131,16566
2015-06-22,134.4,138.65,128.15,129.85,119099
2015-06-23,134.8,139.05,131.75,134.4,427457
2015-06-24,130.2,135.95,128.7,134.25,1323356
2015-06-25,127.7,130.25,125.7,130.25,54847
2015-06-26,126.35,128.85,124.55,128.85,60985
2015-06-29,127.45,131.95,120.05,123.9,180749
2015-06-30,126.75,129.9,125.2,128,69701
2015-07-01,128.2,130.25,124.6,126.5,55150
2015-07-02,127.3,129.8,126.5,128.8,16652
2015-07-03,126.15,128.45,125,126.9,28173
2015-07-06,133,137,128.5,128.5,309859
2015-07-07,130.85,135.95,129,133,105870
2015-07-08,130.05,132.95,126.7,129.5,47256
2015-07-09,127.65,132.25,127.1,130,50378
2015-07-10,128,130.4,127,130.4,20518
2015-07-13,128.8,129.3,126.55,128,27247
2015-07-14,128.4,131,127.7,129,26107
2015-07-15,128.85,130.6,127.5,129.35,43808
2015-07-16,126.65,129.6,126.45,128.85,52188
2015-07-17,126.95,129.5,126.5,126.5,44515
2015-07-20,127.05,128,126.1,128,34475
2015-07-21,135.15,137.25,127,127,358523
2015-07-22,135.2,136.45,133,133,100400
2015-07-23,137,142,135.6,136,1312138
2015-07-24,132.5,140.25,130.1,138,386889
2015-07-27,134.45,137.5,130.95,133.3,224352
2015-07-28,135.5,138.5,134.5,135.35,231342
2015-07-29,135.85,138,135.1,136.55,48378
2015-07-30,136.95,138.2,135.15,135.95,112125
2015-07-31,148.55,154.6,137,141,2405406
2015-08-03,147.1,157.6,145.15,149.95,613072
2015-08-04,147.6,149.65,142.5,147.6,338261
2015-08-05,144.85,150.9,143.75,148.4,273936
2015-08-06,145.5,146.9,143.1,145.8,557005
2015-08-07,146.5,147.9,144,145,184300
2015-08-10,146.85,152.7,145.05,148.5,269452
2015-08-11,141.3,147.65,140.65,146.95,99223
2015-08-12,139.4,141,137.8,140.7,210229
2015-08-13,141.2,142.8,139.35,140,98507
2015-08-14,140.9,144,139.5,141.6,109157
2015-08-17,141.15,143.8,139.25,141.05,48625
2015-08-18,142,143.75,140.25,142,336676
2015-08-19,143.5,146.6,139.95,140,129952
2015-08-20,141.55,145.95,141.1,141.1,129387
2015-08-21,143.1,144.75,140.5,140.9,184065
2015-08-24,130.95,140.95,128.1,136,199352
2015-08-25,136.8,138.95,129.3,131,138414
2015-08-26,134.45,139.8,131.25,135.85,90835
2015-08-27,131.9,137.5,130.1,137.5,86539
2015-08-28,132.1,138,131.25,134.45,80832
2015-08-31,132.45,135.7,131.8,132,41665
2015-09-01,130.05,134.7,129.25,132,194078
2015-09-02,130,132.35,129.6,130.5,130926
2015-09-03,127.05,131.9,122.05,131.65,91267
2015-09-04,128.2,129.45,126,129.45,67061
2015-09-07,127.1,129.65,123,127.65,61708
2015-09-08,126,127.2,123,126.5,50943
2015-09-09,130.95,132.6,126.1,127.05,104515
2015-09-10,135.25,136.9,128,130,70583
2015-09-11,134.2,137.5,133,134.65,42368
2015-09-14,135.8,142.4,132,134.85,183374
2015-09-15,133.25,135.65,132.5,135.65,34786
2015-09-16,130.4,134.95,129.5,134.85,36823
2015-09-18,132.15,135,130.1,130.1,38580
2015-09-21,133.35,135.85,129.55,131.75,53593
2015-09-22,131.95,136.2,130.6,134,30386
2015-09-23,129.45,132.9,127.5,132.9,41693
2015-09-24,133,141.5,130.85,130.85,161652
2015-09-28,128.8,133.5,128,133.5,64375
2015-09-29,127.1,129.5,112.6,129,264113
2015-09-30,129.2,131.85,127.8,128.9,126977
2015-10-01,127,131.45,119.85,129.5,114326
2015-10-05,126.7,129.4,126.3,128,94625
2015-10-06,127.9,129.25,126.05,127.85,135328
2015-10-07,128.4,129.6,125.6,127.55,320929
2015-10-08,127.05,128.6,126.7,127.25,49952
2015-10-09,126,129,125.6,128.05,85556
2015-10-12,125.55,129.35,124.5,126.1,176547
2015-10-13,125.35,126.9,125.1,125.9,77619
2015-10-14,124.15,126.7,123.75,126.7,164491
2015-10-15,124.85,126.3,124.5,125.75,79879
2015-10-16,124,125.7,123.05,125.05,91074
2015-10-19,124.1,125.6,123.05,123.05,31531
2015-10-20,125,127.3,123.5,125.4,256146
2015-10-21,123.55,126,122.75,125.5,75000
2015-10-23,122.7,125.4,122,124,91783
2015-10-26,120.55,123.75,120,123,70111
2015-10-27,120.35,122,119,120.5,179969
2015-10-28,122.45,123.65,119.3,121,139558
2015-10-29,123.5,124.15,122.5,123.2,147140
2015-10-30,125.45,127.4,123.1,125.45,114772
2015-11-02,143.4,146.35,123.3,126.85,2225069
2015-11-03,138.9,146,136,145.2,907453
2015-11-04,138.6,144.4,138.15,138.9,239153
2015-11-05,138,141.7,136.1,138.6,150488
2015-11-06,136.45,139.9,135.6,137.5,77866
2015-11-09,135.3,136.9,132.5,134.45,81685
2015-11-10,135.2,139.4,133.6,134.7,142204
2015-11-11,138.1,138.8,135.75,135.75,34950
2015-11-13,135.05,137.75,134,135.5,62434
2015-11-16,139.2,142.2,133,134.1,177402
2015-11-17,138.7,140.75,137.35,140,76644
2015-11-18,140.4,144.9,138.7,138.7,185996
2015-11-19,149.4,150.4,141.25,141.25,774792
2015-11-20,155.55,162.6,148.1,149.6,841117
2015-11-23,155.1,159.8,153.25,156.2,163960
2015-11-24,150.4,155,149.6,154.45,125847
2015-11-26,152.75,154,148.7,150.9,113905
2015-11-27,152.95,157.3,150.2,151.55,149137
2015-11-30,153.4,154.75,151.3,152,61543
2015-12-01,152.15,154.7,151.2,154.25,52034
2015-12-02,151.3,153,150.5,152.6,64163
2015-12-03,149.95,153.5,147.5,150.75,52185
2015-12-04,148.35,151.6,146.8,148,38629
2015-12-07,148,150.75,147,149.95,45840
2015-12-08,149.15,155.15,147,147,116983
2015-12-09,144.65,151.6,143,148.5,121162
2015-12-10,145.05,149.6,143.8,144.95,128739
2015-12-11,141.25,148,139.2,145,56019
2015-12-14,143.45,145.3,140.5,140.5,92271
2015-12-15,143.55,145.3,142.05,143.6,95223
2015-12-16,141.05,145.3,139.1,144.4,85848
2015-12-17,142.1,144.6,141.05,141.75,81660
2015-12-18,141.15,143.7,140.1,142.1,60301
2015-12-21,144.15,150,140,140.2,224653
2015-12-22,142.05,146.5,141.5,144.8,111141
2015-12-23,140.75,144.8,140.5,143.8,634424
2015-12-24,143.4,143.9,140.75,141.5,59607
2015-12-28,141.4,144.65,141.05,144.65,79827
2015-12-29,141.05,143.3,140.5,142.3,62721
2015-12-30,140.2,142.9,139.75,142.9,65900
2015-12-31,143.3,144.4,139.05,141.65,226089
2016-01-01,142.25,144.1,141.6,143,103881
2016-01-04,142.2,145.9,141,142.45,107944
2016-01-05,145.75,148.9,142.1,143.6,198507
2016-01-06,142.2,147.4,141.65,145.8,92662
2016-01-07,138.6,143.7,138,141.2,225888
2016-01-08,138.9,141.9,138.15,139.5,89226
2016-01-11,139.25,141.5,138,138.45,116482
2016-01-12,139.45,141,138.05,139.65,83606
2016-01-13,136.85,141,133.05,140.45,217914
2016-01-14,133.9,138.4,133,135.25,371482
2016-01-15,133.2,139.3,131.15,134.35,135664
2016-01-18,124.95,132.65,120.35,131.85,158691
2016-01-19,126.35,129.5,123.1,123.1,51952
2016-01-20,127.65,130.05,122.55,126,154669
2016-01-21,123.45,130,122,128,161548
2016-01-22,125,129,124,125.4,131246
2016-01-25,127.75,128.3,125.9,126.7,92995
2016-01-27,128.25,130,127.15,127.15,88940
2016-01-28,128,128.5,127.7,128.35,43489
2016-01-29,128.95,130.9,126.5,129,78618
2016-02-01,127.2,130.2,126.6,129.95,58172
2016-02-02,126.45,128.4,125.1,128.3,174774
2016-02-03,124.85,127,123.2,125,199629
2016-02-04,129.9,134.4,126.3,132.05,761531
2016-02-05,131.5,132.5,127.6,130,233750
2016-02-08,127.65,134,126.5,131.35,226668
2016-02-09,125.2,129.25,124.55,127,398512
2016-02-10,128.95,129.9,125,125.65,120201
2016-02-11,121.7,127,120,125.05,110721
2016-02-12,118.65,122.9,114.2,121.7,207946
2016-02-15,126.6,126.9,120.2,120.2,62078
2016-02-16,126.8,127.95,123.75,127.05,124271
2016-02-17,126.1,127,121.65,126,62178
2016-02-18,123.65,128.1,116.8,127,250905
2016-02-19,124.65,126.9,120.45,123,135593
2016-02-22,125.05,125.9,123.3,123.3,28921
2016-02-23,122,125.5,121.05,124.9,119864
2016-02-24,118.45,121,117.75,121,122290
2016-02-25,116.8,119.4,114.55,118.9,180357
2016-02-26,118.7,119.85,115.25,119.65,114335
2016-02-29,116.9,121,114.1,121,129815
2016-03-01,125.15,125.9,116.6,118.55,184815
2016-03-02,125.3,127,123.2,125.1,111632
2016-03-03,126.1,127.9,121.55,125.85,66928
2016-03-04,126.85,128,124.8,126.1,46732
2016-03-08,126.2,127.2,125.1,127.2,46248
2016-03-09,126.55,128.4,125.1,125.1,87698
2016-03-10,125.9,126.95,124.5,126.95,65868
2016-03-11,125.1,127,124.5,127,60317
2016-03-14,125.5,127.2,123.75,125,85172
2016-03-15,124.6,125.55,121.8,124.5,72307
2016-03-16,123.05,125,121.25,125,69583
2016-03-17,122.3,125.1,121.75,124.8,41476
2016-03-18,122.95,123.45,121.1,123.45,74877
2016-03-21,123.7,125,123,123.45,42009
2016-03-22,124.55,125.5,123.8,125,46782
2016-03-23,125.15,126.55,123.5,125.9,127401
2016-03-28,122.25,125.15,120.25,125.15,102379
2016-03-29,121.25,123.45,119.6,123.45,172219
2016-03-30,121.65,122.4,120.1,121,41056
2016-03-31,123.1,124.2,121.65,122.2,117389
2016-04-01,123.55,124.25,122.1,123.7,95789
2016-04-04,127.75,128.75,123.35,123.6,170382
2016-04-05,125.2,127.9,124.55,127,86723
2016-04-06,130.2,130.85,124.45,124.45,227777
2016-04-07,127.65,131.5,127,130,68714
2016-04-08,126.9,128.1,126.4,127,110935
2016-04-11,127.4,128.45,125.5,127.4,65003
2016-04-12,131.05,132.3,127,127.8,236541
2016-04-13,136.65,138,132,132.4,258045
2016-04-18,133.95,137.95,133.05,136.65,100839
2016-04-20,132.9,135,132.65,135,64410
2016-04-21,136.2,138.8,133.1,134.7,145234
2016-04-22,135.95,138,135.2,136.3,66865
2016-04-25,134,138.15,133.45,137.15,95448
2016-04-26,133.9,135,131.55,134.5,147253
2016-04-27,136,138,133.55,134,138104
2016-04-28,135.1,137.15,133.05,136.5,86242
2016-04-29,134,135.15,132.6,135.15,113914
2016-05-02,132.95,135.7,131.25,135,210570
2016-05-03,133.9,135.9,132.6,134.45,112138
2016-05-04,132.35,135,131.6,134,177969
2016-05-05,131.25,133.25,130.75,132.5,50988
2016-05-06,131.45,133.85,131,131.9,94904
2016-05-09,138.3,141,132.2,135,604293
2016-05-10,140.7,144.35,136.95,137,378879
2016-05-11,142.05,148.8,136.8,139.8,643821
2016-05-12,145.55,146.75,140,142.95,291943
2016-05-13,144.15,147.45,142.55,145.4,119351
2016-05-16,143.25,145.9,142.05,145,97630
2016-05-17,140.8,144.9,140.25,143.05,124771
2016-05-18,140.15,141.5,137.55,141.5,67723
2016-05-19,139.25,141.5,137.55,140.05,78809
2016-05-20,137.7,139.6,135.1,139,86505
2016-05-23,135.8,139.45,135.5,138,50284
2016-05-24,137.05,137.5,133.4,135.1,160137
2016-05-25,135.1,139.4,134.8,137.5,103025
2016-05-26,140.9,142.55,134.4,135,391790
2016-05-27,141.05,142.6,139.05,140.15,121486
2016-05-30,138.5,141.65,136.5,140,38953
2016-05-31,135.9,138.8,134.25,138.8,103379
2016-06-01,136.4,138.5,135.9,137.6,34785
2016-06-02,137.5,138.45,135.35,136.9,36426
2016-06-03,137.6,138.45,135.5,138,49608
2016-06-06,136.35,139.95,136,139.95,33986
2016-06-07,139.25,141.9,137,137.5,84039
2016-06-08,137.85,140.45,136.75,139.7,162596
2016-06-09,138.6,141.9,137.5,137.5,104542
2016-06-10,138.55,141.3,136.65,139,175052
2016-06-13,139.15,140.9,136.8,138,104289
2016-06-14,137.8,140.5,137,139.45,41551
2016-06-15,139.2,140.5,138,138,41760
2016-06-16,138.95,140,138.3,139.75,31018
2016-06-17,136.5,139.85,134.35,138.1,143319
2016-06-20,138.45,140,137.65,138,147918
2016-06-21,137.5,140.5,136.6,140.5,151226
2016-06-22,134.95,140.2,133.8,138.5,653439
2016-06-23,135.5,136.95,134,134.45,481535
2016-06-24,132.2,133,128.15,130.65,592345
2016-06-27,137,138,132.45,133.45,122927
2016-06-28,136.4,138.25,135.35,137.6,78675
2016-06-29,137.6,139.1,136.5,136.5,436715
2016-06-30,138.7,140,138.05,139,228148
2016-07-01,137.95,142.4,137.5,138.2,143588
2016-07-04,138.85,140,138.15,138.75,70710
2016-07-05,137.85,139.55,137.5,139,77141
2016-07-07,138.05,139.7,137.4,137.75,77613
2016-07-08,136.9,138.7,135.2,138.7,94412
2016-07-11,138,139.25,137.35,138,213004
2016-07-12,146.55,149,140.7,142,2587971
2016-07-13,143.3,150.3,142.1,147.35,628724
2016-07-14,143.2,144.6,142.6,143.9,173079
2016-07-15,140.7,144.35,139.65,143.95,303543
2016-07-18,141.4,146,139,139,322124
2016-07-19,145.9,147,140.05,142.05,276894
2016-07-20,145.1,148.4,143.45,145.5,237526
2016-07-21,143.55,147.25,143,145.15,226421
2016-07-22,144.1,145.1,141.45,143,115947
2016-07-25,144.05,147,143.25,144.7,123579
2016-07-26,141.75,146.1,140.65,144.75,266728
2016-07-27,144.65,145.5,142.1,142.6,100671
2016-07-28,144.8,145.4,143.05,145.15,95766
2016-07-29,143.9,146.3,142.75,144.35,788705
2016-08-01,146.25,147.9,144.65,146.4,234587
2016-08-02,139.6,143,136.4,141,437127
2016-08-03,141.95,142.8,139.35,139.35,199547
2016-08-04,139.3,143.15,138.25,142.9,54929
2016-08-05,139.3,143.2,139,143.2,118788
2016-08-08,138.25,140,137.5,139.9,191097
2016-08-09,139.1,140.5,137.6,138.05,70127
2016-08-10,137.6,139.95,137.3,139.95,93407
2016-08-11,138.45,139.3,137.15,138.3,84040
2016-08-12,137.35,138.9,135.15,138.85,133506
2016-08-16,138.15,140.8,137.05,137.1,119121
2016-08-17,139.15,139.7,137.35,138.4,38138
2016-08-18,140.25,140.95,138.6,139.25,45909
2016-08-19,138.2,140.85,137.65,140.8,78028
2016-08-22,137.1,139.55,135.1,138.05,123029
2016-08-23,132.7,137.75,131,135.5,153921
2016-08-24,133.9,134.9,132.5,133.95,52308
2016-08-25,136.3,136.95,133.5,134,115448
2016-08-26,138.25,138.9,135.1,135.1,202250
2016-08-29,135.9,138.9,135.6,138.25,45252
2016-08-30,137.8,138.8,134.15,135.95,109272
2016-08-31,137.6,138.45,136.35,137.75,72262
2016-09-01,136.5,138.75,132.15,137.45,90281
2016-09-02,135.35,137.55,134.75,137.1,134387
2016-09-06,135.15,136,134.7,134.7,47903
2016-09-07,135,137.5,134.05,135.5,301763
2016-09-08,135,136.35,134.4,135,113837
2016-09-09,133.55,135.95,133.15,134.75,80617
2016-09-12,135.45,136.1,132.05,132.05,180182
2016-09-14,134.75,137,133.55,135.5,99510
2016-09-15,134.95,136.8,134.5,135.35,85763
2016-09-16,133.9,135.4,133.5,134.85,79496
2016-09-19,132.75,134.7,129.9,133.5,88197
2016-09-20,132.85,140.9,131.5,133.75,2612051
2016-09-21,133.35,134.7,132.1,133.5,337307
2016-09-22,132.3,134.45,131.8,133.95,241022
2016-09-23,130.3,132.85,129.75,132,156315
2016-09-26,127.7,130.9,127.5,129.05,102413
2016-09-27,127.65,130.95,126.45,128.45,2203433
2016-09-28,131.65,133,127.9,128.4,403411
2016-09-29,127.5,133.65,124,132.7,312354
2016-09-30,129.9,132,127.5,127.5,317546
2016-10-03,129.9,132,129.25,131,162953
2016-10-04,128.85,130.9,128.5,130.9,77639
2016-10-05,128.45,129.95,127.45,129,484082
2016-10-06,127,130.3,126.35,129.95,460145
2016-10-07,126.3,128.65,125.8,127,104505
2016-10-10,128.2,129.9,126.1,127.55,103037
2016-10-13,126.95,130.8,126.1,130.8,142118
2016-10-14,126.05,127.5,125.7,126.95,85117
2016-10-17,126.55,126.95,125.3,126.95,99510
2016-10-18,128.65,129.85,126.3,127.5,133582
2016-10-19,128.25,130.05,127.4,129.65,175595
2016-10-20,127.65,129.35,127.2,129.35,140405
2016-10-21,126.95,128.55,126.75,127.7,183513
2016-10-24,133.7,135.8,126.6,126.6,1194191
2016-10-25,139,142.7,134.25,135,873404
2016-10-26,137.65,140.85,137,138.5,585013
2016-10-27,137.1,138,131.1,137.55,196756
2016-10-28,138.25,139.25,135.3,137.1,138495
2016-11-01,140.25,142.4,137.1,138.55,286416
2016-11-02,137.3,139.85,136,138,271455
2016-11-03,135.4,141.2,135,137.6,295621
2016-11-04,134.7,136.95,130.2,136.9,185328
2016-11-07,134.3,138.5,132,133,372582
2016-11-08,132.45,135.95,131.1,134,155221
2016-11-09,130.2,132,119.65,125.1,191801
2016-11-10,129.45,137,128.1,132,108641
2016-11-11,128.55,130.8,127,129.45,191094
2016-11-15,125.1,130.9,124.3,130,122825
2016-11-16,125.7,128.4,124.5,126.95,103802
2016-11-17,123.8,126.5,123.5,125.7,61215
2016-11-18,124.9,126.55,122,123.5,276202
2016-11-21,121.8,125.45,119.45,123.65,85206
2016-11-22,121.8,123.35,120.1,122.1,83985
2016-11-23,123.7,124.9,120.7,122.5,50757
2016-11-24,123.35,125.5,123,125.5,24742
2016-11-25,124.55,125.3,122.4,123.5,48105
2016-11-28,125,125.5,122.7,124.95,49584
2016-11-29,125.5,126.9,124.65,125,51380
2016-11-30,126,127.4,124.7,125.5,118404
2016-12-01,128.8,129.4,125.9,126,101671
2016-12-02,130.1,141.1,128.15,133,1339694
2016-12-05,127.85,130.25,127,130.25,280127
2016-12-06,126.2,128.9,125.05,128,89525
2016-12-07,127.15,130.35,126,126.2,187055
2016-12-08,127,128.8,126.5,127.6,94577
2016-12-09,125.9,127.9,125.55,127.4,65646
2016-12-12,126.05,128.75,125,125.25,77203
2016-12-13,126.15,129.7,125.05,126.3,113513
2016-12-14,125.1,127.65,124.6,126.25,68827
2016-12-15,123.9,126.7,123.7,124,55415
2016-12-16,122.75,125.2,121.8,124.1,95490
2016-12-19,122.25,123.7,121.25,123.7,33318
2016-12-20,121.1,123.4,120.6,121.95,49051
2016-12-21,121.25,123,120.1,121.1,34194
2016-12-22,119.95,121.9,119.8,121.9,58984
2016-12-23,119.7,120.4,119,119,26998
2016-12-26,117.4,120.05,115.35,119.7,50447
2016-12-27,118.8,120.15,116.05,117.8,57788
2016-12-28,119.45,120,118,119.7,77336
2016-12-29,119,124.9,117.5,119.55,177539
2016-12-30,122.05,123.7,121.25,121.6,215171
2017-01-02,123.85,124.75,123,123,126901
2017-01-03,124.8,127,122.7,124.65,286975
2017-01-04,122.1,125.85,121.5,125.8,219362
2017-01-05,122.95,124.35,122.1,123.7,157563
2017-01-06,122.5,123.6,122.1,123.2,92999
2017-01-09,122.9,124.2,122.05,122.05,56919
2017-01-10,122,124.25,121.5,123.4,86535
2017-01-11,122,123.45,121.55,122.6,117599
2017-01-12,122.45,123.2,121.1,122.4,211984
2017-01-13,126.55,127.5,122.2,122.75,193148
2017-01-16,129.8,130.5,126.6,128,787296
2017-01-17,134.55,137.45,127.5,130.65,4184133
2017-01-18,133.15,137,132.4,136.3,512954
2017-01-19,131.25,134.65,131,134.1,135498
2017-01-20,132.7,133.5,130.1,130.1,524899
2017-01-23,136.55,138.1,130.95,132.95,320415
2017-01-24,136.8,138.1,135,138,516081
2017-01-25,137.45,138,135.3,136.9,572246
2017-01-27,138.95,140.75,137.25,137.95,1206143
2017-01-30,139,140,138.35,138.95,898198
2017-01-31,134.9,139.9,131.55,139.9,308004
2017-02-01,139.5,140.9,135.85,137,1442834
2017-02-02,138.1,144,136.75,139.6,554928
2017-02-03,140.1,142.8,137.15,137.15,544661
2017-02-06,140.6,142.75,139.5,140.9,397771
2017-02-07,139.9,143.95,139,140.6,428100
2017-02-08,139.15,143,137.7,142.9,381945
2017-02-09,139.7,142.75,138.55,140,338481
2017-02-10,138.25,140.8,137.45,140.4,167442
2017-02-13,137.85,140.5,137.4,137.4,317308
2017-02-14,136.65,138.5,135.6,138.45,147526
2017-02-15,138.75,140.8,132.9,135.9,379247
2017-02-16,143.2,143.55,139.45,139.45,446251
2017-02-17,153.2,153.8,143.8,143.8,1769164
2017-02-20,163.7,166.3,152.35,153,3380050
2017-02-21,161.05,164.25,160.25,163.9,502077
2017-02-22,157,160.1,154,157.8,1130091
2017-02-23,158.1,161.4,155.6,157,321639
2017-02-27,162.05,163.5,156.1,158.1,412843
2017-02-28,163.95,165,160.75,163.55,430095
2017-03-01,164.1,165.1,161.1,164.3,198013
2017-03-02,158.65,164.9,155.15,164.2,697927
2017-03-03,156.8,158.5,155,158.5,120982
2017-03-06,154.8,158.25,154.1,157.5,807015
2017-03-07,159.2,163.5,152.05,155.45,569121
2017-03-08,155.25,160.9,155,158.9,486274
2017-03-09,160.5,164.95,154.95,155,895187
2017-03-10,161.1,168.85,159,161.05,1127744
2017-03-14,159.15,163.9,158.25,163.7,304114
2017-03-15,165.95,168,159,159.95,494289
2017-03-16,168.05,170,165.5,168.5,446517
2017-03-17,166.85,172.25,162.45,168.8,504589
2017-03-20,167.75,169.6,164.55,164.55,182739
2017-03-21,164.95,168.4,163.9,168.4,169647
2017-03-22,164.5,167.45,162.5,164,187599
2017-03-23,161.65,165.5,160.8,165.5,188701
2017-03-24,159.55,163.6,159.2,161.65,173515
2017-03-27,159.8,161.95,159,159.55,188711
2017-03-28,158.4,160.5,158,159.55,180687
2017-03-29,170.8,176,158.2,159.75,1221766
2017-03-30,172.8,177,171,171,690437
2017-03-31,174.55,176.15,173.5,174,230669
2017-04-03,169.9,176.2,169.1,175.1,321275
2017-04-05,171.55,177,168,171.1,928268
2017-04-06,169.6,173.1,169,171,223817
2017-04-07,166.6,172.9,165.55,167.55,327414
2017-04-10,166.55,170.45,165.5,167.95,223867
2017-04-11,169.9,170.9,166.15,167.75,478388
2017-04-12,168.15,171.8,164,170.9,772028
2017-04-13,163.3,170,160.65,168,413779
2017-04-17,167.15,168.35,163.4,163.95,362936
2017-04-18,165,170,163.5,167.3,266012
2017-04-19,166.45,169.35,163.55,165.5,209298
2017-04-20,168.6,171.7,165.15,166.8,337706
2017-04-21,167.25,170.4,166.1,168,160230
2017-04-24,167.45,171,166.3,168.4,135813
2017-04-25,168.6,170,166.25,167.45,769271
2017-04-26,168.4,170.9,166.3,169.45,545398
2017-04-27,171.5,173.7,167.9,168.9,416244
2017-04-28,171.1,174.5,169.05,172.5,306039
2017-05-02,168.55,173.9,167.3,172.4,181118
2017-05-03,171.65,173,168.15,169,181844
2017-05-04,173.75,178.55,171,172,699855
2017-05-05,165.95,169.9,163.9,169.9,890485
2017-05-08,166.05,168.7,165.5,166.95,202616
2017-05-09,164.7,168,164.3,165.8,126821
2017-05-10,162.35,167.9,161,165,1325702
2017-05-11,160.25,164.45,157.55,163.5,267371
2017-05-12,159.25,162.5,158.25,161.8,184780
2017-05-15,156.8,160.4,155,160.4,580306
2017-05-16,158.3,158.85,156.05,157,177888
2017-05-17,158.85,159.6,156.2,157.2,145785
2017-05-18,158.4,160.4,157.35,159.5,142115
2017-05-19,154.85,161.15,153.4,160.9,388044
2017-05-22,154.9,156.95,154.1,156.95,594457
2017-05-23,155.45,157.4,145.15,154.9,544859
2017-05-24,149.25,158,148,156,231368
2017-05-25,152.1,154,146,149.5,227277
2017-05-26,157.05,158,151.1,152,132942
2017-05-29,151.55,158.1,150.85,158,122025
2017-05-30,152.3,153,150.1,153,86784
2017-05-31,151.5,154.6,151,152,165444
2017-06-01,153.3,154.5,150.35,150.35,1048087
2017-06-02,156.8,164.15,154.3,156.8,576405
2017-06-05,159.05,160.9,156,157.8,226103
2017-06-06,156.5,160.7,156.1,159.9,220820
2017-06-07,156.8,159.35,156,157.7,150010
2017-06-08,154.65,157,153.8,157,190162
2017-06-09,155.75,157.4,153.4,154.85,121620
2017-06-12,156.3,157.3,153.2,155.35,107334
2017-06-13,157.75,159.1,156.25,157.8,372160
2017-06-14,164.6,165.5,159.75,161.85,1085853
2017-06-15,166.25,167.8,165,165.7,371522
2017-06-16,161.7,167.2,160.6,166.9,227346
2017-06-19,163.8,164.9,160.65,161.75,214291
2017-06-20,163,164.45,160.5,163.1,106697
2017-06-21,162.55,165.9,159.2,162.1,149752
2017-06-22,162.55,165,161.8,162.65,306691
2017-06-23,159.6,163.7,158.55,162.1,228231
2017-06-27,156.55,165,152.3,165,235722
2017-06-28,159.05,159.65,153.65,155.55,93564
2017-06-29,160.45,163.7,160,163,114065
2017-06-30,162.1,164,158.9,161,102693
2017-07-03,161.3,164.9,160.5,163.1,157808
2017-07-04,160.85,163,160.5,162.7,92697
2017-07-05,160.85,164,160,161.95,266094
2017-07-06,162.05,162.65,160,161.65,212489
2017-07-07,160.1,162.9,159.3,162.9,159039
2017-07-10,160.55,161.55,157.25,161,40060
2017-07-11,158.8,162.3,158.15,162.3,169124
2017-07-12,159.9,160.3,158.5,159.8,218155
2017-07-13,159.8,160.9,159,160.5,139492
2017-07-14,159.75,160.2,158,160.2,109756
2017-07-17,165.65,167.7,164,166,1166902
2017-07-18,163.2,165.7,162.25,162.25,319707
2017-07-19,162.2,165.55,161.1,163.95,402886
2017-07-20,162.95,164.2,161.6,162.5,256053
2017-07-21,161.8,163.5,161.55,163.5,149108
2017-07-24,166.8,167.8,161.35,162,397728
2017-07-25,166.25,167.4,162.8,166.7,197144
2017-07-26,164.6,170.8,164,166.05,521884
2017-07-27,162.3,167,161.9,165,232949
2017-07-28,161.45,162.7,160.9,161.8,154689
2017-07-31,160.8,162.2,160.2,161.85,86466
2017-08-01,160.8,164.95,160,161.15,144375
2017-08-02,160.15,162.8,160,161.15,98335
2017-08-03,159.3,163.7,158.1,161.65,314611
2017-08-04,156.15,158.15,155.45,158.1,134782
2017-08-07,160,163,154.1,156,194630
2017-08-08,156.6,160.25,156,160.25,110191
2017-08-09,154,156.6,153.5,155.7,109043
2017-08-10,149.65,154.25,149.3,154.25,145819
2017-08-11,150.75,153.25,143.3,148,156795
2017-08-14,149.25,153.15,148.75,151.15,113608
2017-08-16,148.6,151.4,148.1,149.3,123236
2017-08-17,150.1,150.85,148.65,149.75,141128
2017-08-18,144.35,149.65,142.75,149.65,366399
2017-08-21,145.55,146.7,144.95,145,152304
2017-08-22,144.9,146.65,144.2,145,97882
2017-08-23,144.85,145.75,143,145.75,93163
2017-08-24,145.25,148.35,143.65,144.1,410291
2017-08-28,149.95,153,144.05,145.9,241426
2017-08-29,149.95,152.2,147,149.8,99193
2017-08-30,149.75,151.9,149.1,150.3,101257
2017-08-31,154.05,155,148.55,150.25,167424
2017-09-01,155.1,158,152.1,154.05,213367
2017-09-04,157.15,160.1,152.55,155.05,118078
2017-09-05,155.65,158.7,153.25,158.7,77007
2017-09-06,152.5,156,152.05,155.3,116627
2017-09-07,149.25,154,148.65,152.35,132719
2017-09-08,147.3,150.7,146.5,150.4,188704
2017-09-11,148.25,149.45,146.6,146.6,111920
2017-09-12,144.3,151.9,143.5,148.5,872298
2017-09-13,144.7,147.15,144.1,145.5,277212
2017-09-14,143.6,146.15,143,145,321682
2017-09-15,141.7,143.85,140.5,143.75,360937
2017-09-18,140.95,143.95,140.75,142.9,320813
2017-09-19,140.85,141.85,139,141,389000
2017-09-20,138.5,142.25,137.9,140.85,285603
2017-09-21,140.55,141.9,138.2,139.8,350547
2017-09-22,137.75,141.5,137,140.6,157936
2017-09-25,136.05,138.6,133.1,138.1,140444
2017-09-26,136.8,137.85,136,136.8,93965
2017-09-27,135.1,138.6,134.45,137.05,124719
2017-09-28,137.1,137.5,134.05,135.1,94344
2017-09-29,136.55,139,136.1,138.45,125147
2017-10-03,134.25,138.35,133.2,137.5,155380
2017-10-04,134.35,140.5,134,137,548789
2017-10-05,134,135.25,131.2,135.2,177609
2017-10-06,134,135.2,133.65,135,156197
2017-10-09,134.75,137.8,134,136,292970
2017-10-10,134.85,136,134.45,135.8,120409
2017-10-11,134.3,136,133.9,135.35,188568
2017-10-12,132,135.2,131.8,134.55,211386
2017-10-13,130.7,133.95,130.4,132,246929
2017-10-16,131.65,132.8,130.7,131.05,181070
2017-10-17,130.7,132.4,130.1,131.95,171230
2017-10-18,129.2,132,128.8,130.2,168869
2017-10-19,132.05,133,129.85,130.6,72748
2017-10-23,130.1,132.7,128.6,132,174782
2017-10-24,129.2,130.8,129,130.8,324044
2017-10-25,129,130.6,128.05,130.4,394397
2017-10-26,129.8,130.45,129,129.7,322840
2017-10-27,130.95,134.5,130,131,790659
2017-10-30,129.75,132.7,129.05,132.45,470770
2017-10-31,128.5,130.15,128.05,130,345821
2017-11-01,129.05,131.5,128.1,130,1874155
2017-11-02,128.1,130.9,128,128.7,305272
2017-11-03,127.75,130,127.25,128.15,408739
2017-11-06,127.5,128.6,127,128,211457
2017-11-07,126.45,130.2,126.25,127.5,838950
2017-11-08,123.85,128.25,123,126.8,411910
2017-11-09,123.25,126.5,122.85,124.1,889273
2017-11-10,124.3,124.95,122.65,123.1,216464
2017-11-13,124.85,127,124.4,126.1,213132
2017-11-14,122.15,126,121.6,125,210096
2017-11-15,121.3,122.3,120.55,122.3,188181
2017-11-16,119.95,123.1,119.75,122.6,280155
2017-11-17,122.2,124.9,121,121,154502
2017-11-20,122.15,123,121.25,122.7,244893
2017-11-21,120.65,124.9,120,122.8,370446
2017-11-22,121.95,122.5,121.2,121.2,188747
2017-11-23,122.4,127.75,120.95,122.25,2358305
2017-11-24,121.6,125.2,121.3,122.45,1292777
2017-11-27,120.95,123.15,120.8,121.6,483452
2017-11-28,120.45,121.75,119.75,121,539331
2017-11-29,121.4,123.9,120.45,120.7,1345800
2017-11-30,121,123.7,120.5,121.2,850507
2017-12-01,117.6,123.7,117,121.25,1345884
2017-12-04,119.1,119.6,117.6,118.85,304124
2017-12-05,118.35,119.9,117.6,119.2,222325
2017-12-06,118.95,121.2,117.9,118.5,1166013
2017-12-07,120.05,120.9,118.95,119.05,234315
2017-12-08,119.95,121.25,119.5,120.4,267017
2017-12-11,120.9,122,120.3,121,378614
2017-12-12,119.1,121.25,119,121,266024
2017-12-13,117.75,120,117.1,119.1,249977
2017-12-14,116.25,118.5,115.5,118.5,297486
2017-12-15,115.1,118.5,114.7,117.95,434493
2017-12-18,114.85,115.5,112.35,115.4,486184
2017-12-19,114.05,116.25,113.55,115.05,1032876
2017-12-20,113.85,115,113.6,114.9,972918
2017-12-21,120.85,124,114.1,114.3,2938496
2017-12-22,130.9,132.7,121.3,122.25,6243660
2017-12-26,133.9,135,131,132.85,3082347
2017-12-27,135.5,138.2,132.05,134.5,2537382
2017-12-28,136.75,139.55,134.2,136.4,1727312
2017-12-29,137.1,138.35,136.05,137.4,1152828
2018-01-01,140.4,143.2,137.75,137.75,2617492
2018-01-02,139.25,143.2,137,141.4,2403316
2018-01-03,139.8,141.2,137.1,139.3,1480590
2018-01-04,141.85,144.9,140.5,141.7,1601508
2018-01-05,141.45,143.3,141,142.5,818806
2018-01-08,145.8,147.9,142.35,143,3532735
2018-01-09,147.35,151.2,144.9,146.5,2941188
2018-01-10,145.4,149.1,143.1,148.4,1314452
2018-01-11,144.7,147.4,143.9,145.3,1255672
2018-01-12,149.35,152.7,145.6,147.75,4532370
2018-01-15,149.4,154.4,148.5,152.25,2072314
2018-01-16,143.6,150.4,142.5,150.3,1586262
2018-01-17,140.95,144,138.1,144,1130069
2018-01-18,136.6,144.05,135.5,142.9,1101243
2018-01-19,137.25,138.9,135.2,137.1,941983
2018-01-22,138.15,138.8,136.25,137.85,987680
2018-01-23,140,144,139.1,140,1469391
2018-01-24,136.35,140.75,135.55,140,967389
2018-01-25,141.5,143.85,136.55,136.75,1427956
2018-01-29,142.65,145.1,141.9,142.5,853240
2018-01-30,139.8,142.25,138.05,142.1,632597
2018-01-31,138.5,140.55,137.5,139.6,423351
2018-02-01,138.75,141.4,135.1,139.4,749744
2018-02-02,134.1,136.9,129.05,135.9,1482315
2018-02-05,132.7,135.95,129,132,823881
2018-02-06,129.3,131.85,125.9,130,940169
2018-02-07,130.15,134.4,129.8,133,1090534
2018-02-08,130.45,132.7,130,131.45,1029379
2018-02-09,131.3,132.1,128,128,645388
2018-02-12,131.85,132.95,131.5,132.4,1007424
2018-02-14,125.9,130.4,125,128.8,1189832
2018-02-15,123.35,127.9,122.8,126.5,752768
2018-02-16,122.15,125.35,120.8,124.05,692150
2018-02-19,120.15,124.3,119,122.8,766404
2018-02-20,119.65,121.4,119.15,120.9,487932
2018-02-21,120.4,121,119.3,121,462654
2018-02-22,119.6,120.6,119,120,404437
2018-02-23,123.75,124.35,119.35,120,1125005
2018-02-26,125.9,127,124.55,125.35,636028
2018-02-27,125.6,127.4,124,127,706450
2018-02-28,124.05,124.5,123,124.5,368391
2018-03-01,123.1,125.1,122.85,124,308104
2018-03-05,121.15,123.75,120.55,123.35,362351
2018-03-06,120.7,122.85,120.05,122,248914
2018-03-07,119.2,120.5,117.55,120.35,493016
2018-03-08,119.65,121.95,117.6,120.15,444174
2018-03-09,119.8,120.5,118.5,120.4,249307
2018-03-12,119.4,121.3,117.8,120.5,415403
2018-03-13,119,120.15,118.2,119,460160
2018-03-14,118.05,118.85,117.1,118.85,614994
2018-03-15,117.15,118.4,116.8,118.3,765644
2018-03-16,117.5,119.75,117,117.5,469597
2018-03-19,116.95,118,115,118,342104
2018-03-20,116.75,117.5,115,116,426913
2018-03-21,117.45,118.25,116.55,116.7,260678
2018-03-22,116.9,118.4,115.7,117.4,424582
2018-03-23,115.05,115.65,113.25,115.1,528022
2018-03-26,113.45,115.35,113,115.25,492292
2018-03-27,115.45,116.3,113.5,114,359589
2018-03-28,113.75,115.75,113.3,115.25,322124
2018-04-02,120.5,121,113.9,113.9,966053
2018-04-03,119.85,121.3,119.1,120.85,413989
2018-04-04,119.6,122.5,119.1,121.05,433202
2018-04-05,121.1,121.75,120.5,120.9,245189
2018-04-06,121.5,122.45,120.25,122,359409
2018-04-09,123.45,124,121.15,121.75,770425
2018-04-10,121.95,124.1,121.6,123.85,278632
2018-04-11,120.7,122.8,120,122.4,309912
2018-04-12,121.2,122.95,120.45,121.4,342574
2018-04-13,120.15,121.5,119.95,121.5,331195
2018-04-16,119.75,120.9,119.25,119.8,211149
2018-04-17,119.9,121.05,119.6,120,257367
2018-04-18,124.7,126,119.6,120.5,1157007
2018-04-19,130,130.9,125.5,126.4,2036383
2018-04-20,127.8,132.45,127.25,129.8,494963
2018-04-23,127.55,128.95,125.65,128,375607
2018-04-24,125,127.65,124.7,127.65,254590
2018-04-25,124,127.4,123.15,124.95,399644
2018-04-26,123.3,124.4,122.35,124.4,347863
2018-04-27,124.65,126,123.3,123.75,436946
2018-04-30,124.8,125.9,124.2,125.4,273076
2018-05-02,124.7,125.9,124.2,124.9,386378
2018-05-03,128.65,131.4,122.3,124.95,2308276
2018-05-04,131.45,132,129.1,131,1270524
2018-05-07,141.3,142.3,131,132.5,4233983
2018-05-08,145.1,145.8,138.25,142.5,3681493
2018-05-09,139.3,145.85,138.55,145,1418290
2018-05-10,138.85,140.9,133.7,139,907043
2018-05-11,140.05,140.8,135.55,138.85,806409
2018-05-14,138.4,143.4,138,139,814848
2018-05-15,135.2,140.45,135,138.4,521637
2018-05-16,133.55,134.95,132.5,134.95,375868
2018-05-17,132.9,134.05,132.3,134,296291
2018-05-18,131.25,133.6,130.15,132.05,416077
2018-05-21,127.2,131.2,126.6,130.5,434926
2018-05-22,130.4,131.8,126.65,126.65,323366
2018-05-23,126.7,131,126,130.2,497874
2018-05-24,125.95,127.7,123.2,127,392428
2018-05-25,125.05,125.95,123.5,125.95,278678
2018-05-28,128.15,130.2,124.25,125.2,328676
2018-05-29,128.45,129.75,126.5,128.45,507665
2018-05-30,131.9,133.8,127,127.7,1199091
2018-05-31,132.65,134.35,131.25,133.1,527238
2018-06-01,131,133.45,129,132.65,340218
2018-06-04,126.85,131.9,125.95,131.9,319275
2018-06-05,122.05,126,120.4,126,746574
2018-06-06,125.35,125.9,120.2,122,456820
2018-06-07,127.75,129.4,125.75,126.9,326800
2018-06-08,130.25,130.85,126,127.4,374294
2018-06-11,132.5,133.9,130.55,130.95,245715
2018-06-12,136.5,137.3,132,132,625355
2018-06-13,133.55,139,132.65,137.15,410613
2018-06-14,132.45,133,131,132.95,113196
2018-06-15,133.45,136.25,131.4,131.4,743375
2018-06-18,130.05,133.55,129.1,133.4,146893
2018-06-19,129.95,132.4,128.2,129.75,261142
2018-06-20,135.15,136.9,130,131.25,2330147
2018-06-21,135.35,136.5,134.5,135.9,644390
2018-06-22,135.65,136.35,134.5,135,421921
2018-06-25,137.35,137.9,136,136.1,408190
2018-06-26,140,141.9,135.45,135.5,1520569
2018-06-27,142.7,143.9,140.25,141.1,3231475
2018-06-28,142.95,143.8,141.5,142,1221824
2018-06-29,144.65,146.45,141.1,143.5,2782537
2018-07-02,136.3,144.4,135.3,144,418318
2018-07-03,133.5,136.25,132.65,135.3,321417
2018-07-04,135.15,136.65,133.1,133.2,268745
2018-07-05,138.5,140,134,134.7,532788
2018-07-06,141.6,142.4,138,141.35,552435
2018-07-09,143.15,143.5,140.5,143,322978
2018-07-10,143.25,144.75,142.25,143,388221
2018-07-11,144.6,149,142.85,144,1812449
2018-07-12,144.45,147.15,142.6,145.5,391965
2018-07-13,143.05,145.75,140,145.75,408745
2018-07-16,141.35,143.65,140.6,142.8,285624
2018-07-17,143.5,145.25,140.15,140.5,342246
2018-07-18,143.95,144.55,142.8,143.85,287303
2018-07-19,144.35,145.5,142.6,143,289187
2018-07-20,143.5,144.3,141.55,141.55,208127
2018-07-23,144.9,145.95,143.5,143.5,194245
2018-07-24,145.1,146.9,144.7,146,243793
2018-07-25,144.05,145.6,143.5,145,237336
2018-07-26,144.8,146.8,143.1,143.1,195170
2018-07-27,143.75,145.4,142.7,144.05,615023
2018-07-30,149.35,152.3,143.2,143.2,776654
2018-07-31,146.4,151.7,145.8,149.85,289059
2018-08-01,146.1,148.15,144.15,146.85,541566
2018-08-02,147.05,149.4,144.55,146,211031
2018-08-03,145.85,148.25,144.8,145.6,249808
2018-08-06,145.25,147.5,144.3,145.5,256068
2018-08-07,149.9,153.2,146,146.1,1643560
2018-08-08,150.95,154,149.1,152,1068019
2018-08-09,155.05,155.7,151.3,151.4,1324996
2018-08-10,157.1,157.9,154,155.9,818093
2018-08-13,151.55,157,148.25,155.9,2610299
2018-08-14,148.25,151,142,150.25,836021
2018-08-16,150.65,151.8,146.45,148.2,1702167
2018-08-17,146.9,151.55,145.1,151,450711
2018-08-20,148.45,149,146.65,147.05,419707
2018-08-21,147.95,148.5,146.9,147.1,363141
2018-08-23,147,149.15,144.8,149.15,342819
2018-08-24,145.5,147,144.9,146.05,190338
2018-08-27,146.8,147.9,144.8,145.6,371035
2018-08-28,146.1,147.3,144.65,146.25,231023
2018-08-29,147.15,147.65,145.6,146.15,225322
2018-08-30,158.65,164.7,154.3,159.8,8587440
2018-08-31,155.75,158.5,154.65,156.9,862068
2018-09-03,153.6,157.3,152.4,156.5,379266
2018-09-04,156.45,165,153.45,153.6,2830097
2018-09-05,153.8,158.15,151.35,155.6,580081
2018-09-06,157.5,161.9,154.55,155,791124
2018-09-07,156.45,160.75,155.6,158.8,715710
2018-09-10,154.6,159.1,154,157.6,714505
2018-09-11,152.35,156.9,151,155.85,388190
2018-09-12,151.9,153,147.65,152.55,462783
2018-09-14,154.45,159.4,153.1,155.45,672167
2018-09-17,158.1,162,154.8,155.25,788730
2018-09-18,157,159.3,155.3,157,419133
2018-09-19,153.1,158.45,152.1,157.6,238668
2018-09-21,147.3,154.95,138.05,154.05,765555
2018-09-24,146.9,150.15,142,150,345974
2018-09-25,144.35,150.3,143.3,150.3,437371
2018-09-26,144.45,148.6,143.95,145,307725
2018-09-27,141.2,145.5,140.5,145.5,208387
2018-09-28,132.3,142.7,129,142.5,493866
2018-10-01,127.75,131.35,123,129.5,523960
2018-10-03,129.8,131.2,126.35,128,327255
2018-10-04,126.95,129.85,124.2,127.5,483432
2018-10-05,127.05,128.85,125.1,125.1,319756
2018-10-08,122.8,127.8,119,127,517131
2018-10-09,125.95,127.8,121.5,121.5,227918
2018-10-10,130.9,132.1,125.7,127,208698
2018-10-11,124.75,128,124,126,258059
2018-10-12,127.15,128.6,125.4,125.4,170525
2018-10-15,125.9,128.4,125.2,128.4,193317
2018-10-16,126.15,128.55,125.75,125.75,180499
2018-10-17,124.55,128.4,124.1,126.4,199531
2018-10-19,122.35,125.5,122,123,326276
2018-10-22,122.15,124.3,122,123.7,176318
2018-10-23,115,122.9,114.25,121.85,883538
2018-10-24,114,117.25,111.05,115.5,816503
2018-10-25,117.25,117.8,113,113,231306
2018-10-26,115.35,118.8,114.8,116.75,764318
2018-10-29,114.95,117.85,114.05,116.05,431210
2018-10-30,116.1,118.7,115,115,464104
2018-10-31,116.15,118.2,115.5,116.95,348549
2018-11-01,117.75,119,115.4,117.2,860486
2018-11-02,119,121,118,119,485764
2018-11-05,120.05,121.4,118.05,119,213398
2018-11-06,120.6,121.5,119.5,120.85,166029
2018-11-07,123.3,124.1,121.5,121.55,160885
2018-11-09,122,123.3,121.45,122.5,359307
2018-11-12,121.85,123.8,121,123.3,146694
2018-11-13,122.1,122.85,120,121,249444
2018-11-14,122.45,123.8,121.1,123,202541
2018-11-15,129.2,130.85,121.25,123.5,1746480
2018-11-16,130.15,134,127.4,129.9,1915200
2018-11-19,128.4,131.75,128,130.25,1717136
2018-11-20,127.6,129.85,126.6,128.35,285100
2018-11-21,126.15,128.6,125.45,127.5,180992
2018-11-22,123.1,126.4,122.65,125.75,227941
2018-11-26,122.7,123.85,120.55,123.25,208567
2018-11-27,122,123,121.1,122,150836
2018-11-28,123.1,125.4,122,122.3,309902
2018-11-29,123.25,124.9,123,123.05,129354
2018-11-30,122.6,124.7,122,123.25,157991
2018-12-03,127.35,128,121.45,123,286121
2018-12-04,123.85,128.45,123.1,127.15,185258
2018-12-05,122.75,124.85,122.1,122.6,100953
2018-12-06,121.6,123,121.2,122,113691
2018-12-07,118.65,123.5,116.9,122.1,762557
2018-12-10,114,118.35,113.65,116.55,838031
2018-12-11,117.8,118.5,112.4,112.4,166616
2018-12-12,122.95,123.9,120,120.85,289474
2018-12-13,123.7,128.75,122.25,123.6,250110
2018-12-14,124,126.4,123.1,124.5,123016
2018-12-17,125.3,127,123.2,124.75,132500
2018-12-18,124,126.55,123.5,124.95,103251
2018-12-19,127.1,127.95,124.3,124.8,283470
2018-12-20,121.75,128.75,120.75,127.9,1063545
2018-12-21,120.15,123.65,118.35,121.75,780294
2018-12-24,119.05,121.9,118.75,120.7,352195
2018-12-26,118,119,117.1,119,242736
2018-12-27,119.35,120.5,118.9,119.75,134191
2018-12-28,118.8,121.85,118.15,120,278622
2018-12-31,118.55,120.85,117.9,119.5,210866
2019-01-01,119.25,119.9,118.6,118.9,159481
2019-01-02,116.45,119.25,115.9,119,906456
2019-01-03,116.95,117.4,116.45,116.65,331978
2019-01-04,117.9,118.4,116.25,116.8,283790
2019-01-07,118.55,119.85,117.65,118.5,201534
2019-01-08,119.75,120,118.35,119.4,170625
2019-01-09,121.8,122.5,119.8,120.5,314087
2019-01-10,122,122.4,120.7,121.1,274153
2019-01-11,120.55,122.8,119,122.5,343227
2019-01-14,121.55,122.1,119.7,119.7,157286
2019-01-15,121.5,122.6,120.5,120.65,182136
2019-01-16,124.1,125,121,121.3,430279
2019-01-17,123.3,126,122.45,124.4,242603
2019-01-18,122.55,123.8,122,123.05,111109
2019-01-21,122.2,123.3,121.5,123.3,78675
2019-01-22,119.9,122.4,119.7,122,110832
2019-01-23,119.4,120.45,119.25,120,85485
2019-01-24,120.35,120.8,119,119.25,193404
2019-01-25,118.1,120.9,117.5,120.55,118596
2019-01-28,116.6,118.6,114.6,117.55,271947
2019-01-29,119.05,119.5,115.65,117,148882
2019-01-30,120,120.4,117.1,119,117952
2019-01-31,122.65,124.5,121.4,123.65,415722
2019-02-01,122,123.3,121.05,122.75,165088
2019-02-04,120.8,122.35,120,121.45,97852
2019-02-05,120,120.8,117.8,120,205859
2019-02-06,119.55,120.8,119,120,145240
2019-02-07,119.9,121.3,119.05,119.05,154187
2019-02-08,120.35,121.35,119.15,120,626794
2019-02-11,122.55,123,120,121,1338118
2019-02-12,123.85,124.7,122,123,322629
2019-02-13,118.85,120.7,118,120,247469
2019-02-14,117.15,118.95,116.5,118.95,136771
2019-02-15,117.9,118.5,116.35,116.35,135496
2019-02-18,117.3,119,116.3,119,146308
2019-02-19,119,119.55,117,118,165466
2019-02-20,119.4,119.8,118.3,119.8,79580
2019-02-21,118.35,120.3,117.5,120.3,429638
2019-02-22,118.95,119.2,117.3,118,190732
2019-02-25,119.3,119.85,118.4,119,85539
2019-02-26,119.1,119.55,117.5,118.8,142424
2019-02-27,120.8,121.9,118.65,119,258790
2019-02-28,125.55,126.35,121,121.35,494628
2019-03-01,129.25,130.7,127.3,127.3,676367
2019-03-05,129.8,130.5,128.15,128.15,266910
2019-03-06,130.1,130.9,127.3,130,341190
2019-03-07,133.05,134.45,128.8,131,586381
2019-03-08,132.1,133,130.7,133,182816
2019-03-11,135.95,137.7,130.45,131,547793
2019-03-12,133.4,137.4,132.7,136.1,346897
2019-03-13,135.3,137.45,131.7,134,342418
2019-03-14,140.3,140.8,135,135.3,654509
2019-03-15,145.1,147.9,141.5,141.55,1563237
2019-03-18,141.2,147,141,146,355083
2019-03-19,140,142,138.5,142,269760
2019-03-20,137.5,139.3,135.5,139,189452
2019-03-22,134.55,137.55,134.15,137,128776
2019-03-25,135.8,139.65,130.6,133.2,388285
2019-03-26,137.5,139,135.3,135.85,171390
2019-03-27,142,142.8,136.15,137.7,439084
2019-03-28,141.3,143.9,139.85,142,215326
2019-03-29,139.2,141.5,138,140,154461
2019-04-01,145.3,146.7,138.15,140,464503
2019-04-02,146,146.9,143.6,146.1,236422
2019-04-03,146,149.35,144.3,144.85,575603
2019-04-04,146.5,147.85,141.25,145.1,345957
2019-04-05,146.1,147,145.4,145.4,130209
2019-04-08,146.2,147.6,144.35,146.55,278346
2019-04-09,146.45,147.35,145,146.2,135587
2019-04-10,150.55,154.4,147.2,147.2,593890
2019-04-11,150.35,151.8,148.25,150.6,207952
2019-04-12,145.35,150.85,145,150.85,337774
2019-04-15,143.9,145.7,141.85,144,130971
2019-04-16,148.7,149.4,144,144.9,243189
2019-04-18,143.35,148,142.6,148,220196
2019-04-22,140.8,143.85,140.05,143.85,123206
2019-04-23,142,144.85,140.3,140.8,442266
2019-04-24,142.15,144.35,141.6,142.5,131689
2019-04-25,142,144.85,141.35,143,275481
2019-04-26,140.3,143.1,139.4,142.85,86331
2019-04-30,147.5,149.45,142.55,145,748454
2019-05-02,149.25,152.85,146.3,148.8,1360089
2019-05-03,147.8,149.9,145.95,149.3,299274
2019-05-06,148.2,148.4,145.65,146.8,197368
2019-05-07,146.55,149.3,145.9,148.4,219382
2019-05-08,141.25,145.75,140.7,145.75,219833
2019-05-09,140.95,141.95,139,140.85,109711
2019-05-10,141.5,142.45,139.05,140.1,170588
2019-05-13,138.8,142,138.5,140.4,196004
2019-05-14,137.85,138.85,136.55,138.8,172659
2019-05-15,135.6,137.95,135.05,137,93005
2019-05-16,134.75,136,134,135.45,83737
2019-05-17,137.15,138.2,134.05,134.65,100597
2019-05-20,140.65,143.3,138.1,138.9,266162
2019-05-21,138.35,141.5,137.25,141,189282
2019-05-22,141.3,143.8,138.3,138.95,278642
2019-05-23,141.4,143.35,139.7,141.5,205786
2019-05-24,144.5,146.95,142.55,143.7,522802
2019-05-27,143.65,145.3,142.55,144.8,217369
2019-05-28,144.3,144.85,142.3,144.1,145374
2019-05-29,148,150.9,145.35,145.35,642765
2019-05-30,149.8,150.85,146.35,149.35,266961
2019-05-31,146.75,149.8,146.4,149.8,162006
2019-06-03,152.4,152.8,145.85,146.05,526428
2019-06-04,152.75,156.85,152,155,1201380
2019-06-06,150.9,153.75,149.4,152.6,211862
2019-06-07,152.15,152.9,148.5,150.5,266030
2019-06-10,150,152.9,149.25,152.4,171817
2019-06-11,148.6,150.4,148.05,149.15,171818
2019-06-12,150.05,150.9,148.05,148.05,130034
2019-06-13,148.3,150.65,147.5,150.1,124067
2019-06-14,145.4,148.45,144.85,147.8,118954
2019-06-17,141.75,145.65,141.1,145.5,107719
2019-06-18,142.2,143.6,140.5,141.8,85729
2019-06-19,143.45,144.45,140.7,143,124621
2019-06-20,141.5,144.15,140,144.1,232825
2019-06-21,145.05,145.7,142.45,142.45,296908
2019-06-24,146.3,149.15,145.45,147.3,325826
2019-06-25,143.25,145.9,142.7,145.2,131475
2019-06-26,141.85,144.65,141.5,143,147470
2019-06-27,146.2,146.95,143.25,143.8,367669
2019-06-28,145.3,146.4,144.1,146.4,228674
2019-07-01,144.8,145.8,144.3,144.9,62783
2019-07-02,145.5,147.75,144.5,145,142227
2019-07-03,147.05,147.7,144.5,146,87900
2019-07-04,146.3,147.8,145.8,147.25,71639
2019-07-05,144.9,149.9,144.55,147.2,380233
2019-07-08,137.9,144,137.2,144,303328
2019-07-09,137.8,138.9,135.8,137.7,132053
2019-07-10,138,138.75,136.05,136.7,140777
2019-07-11,130.6,134.85,125.3,132,551756
2019-07-12,130.45,131,129.7,130.9,169147
2019-07-15,127.55,130.85,126,130.05,163696
2019-07-16,131.3,132.8,129.1,130,653033
2019-07-17,134.15,134.6,130,130.85,255345
2019-07-18,136.05,136.7,133.85,134.15,183036
2019-07-19,137.7,139,136.1,136.95,330746
2019-07-22,140.85,141.7,137.1,139.45,280861
2019-07-23,139,142,137,142,205385
2019-07-24,137.9,139.8,136.3,137.6,129357
2019-07-25,139.95,140.7,136.7,136.7,179915
2019-07-26,142.25,143.85,139,139.95,128591
2019-07-29,144.35,146.65,143.3,143.35,347634
2019-07-30,138.75,145,138.05,144.95,185066
2019-07-31,134,139.8,133.05,139.8,153016
2019-08-01,127.8,134.65,127.3,132.2,135699
2019-08-02,121.6,127,120.1,126.5,362097
2019-08-05,116.45,120,115.2,120,203708
2019-08-06,117.55,119,115.5,115.5,164055
2019-08-07,115.55,119.25,114.5,117.55,136550
2019-08-08,116.75,118.7,114.05,116.6,376845
2019-08-09,117.45,118.95,116.8,117.95,186936
2019-08-13,118.3,119.4,116.05,117,141022
2019-08-14,116.35,119.5,115.75,119.5,116700
2019-08-16,117.7,118.45,115.1,116.25,250588
2019-08-19,119.15,119.45,117.3,117.3,353037
2019-08-20,121.8,123.05,118.1,118.1,267210
2019-08-21,119.3,122.6,117.05,122,483575
2019-08-22,115.9,120.25,115.4,119.15,258874
2019-08-23,120.6,121.95,112.35,115.5,398204
2019-08-26,124.25,126.5,116.5,122,619099
2019-08-27,127.05,127.95,122.3,125.35,182907
2019-08-28,124,128.5,121.7,128.5,181750
2019-08-29,123.3,125.75,122.05,125.75,55407
2019-08-30,121.05,124.7,120.15,124.7,87252
2019-09-03,121.25,122.4,119.5,121.45,113378
2019-09-04,121.45,122.5,119.3,122.5,122821
2019-09-05,124.05,127.1,120.45,121.55,276550
2019-09-06,127.85,130.75,124.45,124.5,399228
2019-09-09,130.2,131.6,126.8,128,747092
2019-09-11,130.95,132.55,128.7,130.2,204361
2019-09-12,129.95,132,128,131.05,297549
2019-09-13,131.5,131.9,127.35,130,264156
2019-09-16,134.05,134.95,128.2,130,347882
2019-09-17,136.2,136.8,131.25,135.5,423859
2019-09-18,134.45,136.8,133.15,135.35,276110
2019-09-19,136.75,138,131.45,134.45,337179
2019-09-20,146.45,148.25,134.2,138.7,791738
2019-09-23,147.45,154.45,146,147,531274
2019-09-24,146.9,153,145.65,151.45,439741
2019-09-25,143.45,147.7,141.25,146.9,231820
2019-09-26,142.55,144.8,141,142.15,163034
2019-09-27,146.45,149.3,141.85,142.5,271018
2019-09-30,146.05,146.95,142.35,146.15,182556
2019-10-01,141.8,145.8,140.15,144.6,230533
2019-10-03,136.1,142.8,135.25,140.1,430140
2019-10-04,137,141.3,135.9,137.45,213770
2019-10-07,135.25,138.5,134.8,136.45,95973
2019-10-09,136.85,139.95,135.3,135.3,175401
2019-10-10,136.9,138.9,136.45,138.8,93293
2019-10-11,135.3,138.15,134.95,138.15,80578
2019-10-14,132.45,137.4,131.5,135.45,83676
2019-10-15,128.15,132.85,127.6,132.5,161654
2019-10-16,131.8,134.6,130.1,132,384104
2019-10-17,133.25,133.9,130.6,132,223921
2019-10-18,127.6,134.25,126.7,133.45,935857
2019-10-22,132.15,132.8,127.65,128.15,176428
2019-10-23,133.15,133.5,130.1,132.85,117310
2019-10-24,133.7,133.9,131,133.4,147075
2019-10-25,133.3,134,131.5,133.8,116434
2019-10-28,134.45,136,133.25,134,28196
2019-10-29,137.35,142,133.05,135.9,189959
2019-10-30,137.65,140.8,134.25,136.5,150450
2019-10-31,140.05,140.95,138,138.8,114646
2019-11-01,138.15,141.2,137.4,139.5,89890
2019-11-04,136.65,140,135.55,139.4,777103
2019-11-05,136.45,140,135.55,135.55,94649
2019-11-06,130.5,134,130.05,134,175676
2019-11-07,131.7,134.4,128.55,132.15,151313
2019-11-08,133.75,134.4,130.1,131.65,118974
2019-11-11,136.1,138.15,130.3,133.5,150444
2019-11-13,137.25,140.85,133.25,134.9,325798
2019-11-14,139.55,139.9,135.45,135.45,276893
2019-11-15,139.7,148,139,140,1192524
2019-11-18,136.85,139.85,136.3,138.6,217172
2019-11-19,138.55,142.8,136.3,137.4,310824
2019-11-20,137.7,139.6,136.85,138.6,96133
2019-11-21,133.1,138.1,132.4,137.95,215251
2019-11-22,137.15,137.9,132.3,133.7,129068
2019-11-25,134.6,138.75,133.7,135.65,195344
2019-11-26,136.9,140.5,134,135,1204230
2019-11-27,136.25,138.75,135.5,136,93394
2019-11-28,134.85,136.9,134.15,136,231222
2019-11-29,135.3,136,134,134.8,147693
2019-12-02,136.5,137.85,134.1,134.6,98590
2019-12-03,133.1,136.5,132.15,135.9,114051
2019-12-04,134.9,135.75,132.05,132.5,94007
2019-12-05,132.2,135.5,132.05,134.9,107988
2019-12-06,129.2,133.85,128.7,133,183507
2019-12-09,126.15,130.3,125.8,130.3,146583
2019-12-10,124.95,126.8,124.5,126.25,82996
2019-12-11,125.7,127.5,123.6,124.45,117353
2019-12-12,126.55,127,124.5,126.3,82312
2019-12-13,126.65,127.85,125.65,127.45,75542
2019-12-16,126.3,127.5,125.15,126,80399
2019-12-17,126.4,127.45,125.3,125.3,91768
2019-12-18,131.7,132.2,125.45,125.45,169600
2019-12-19,133.55,134.95,130.2,130.2,240860
2019-12-20,130.75,133.8,129.7,132.5,84167
2019-12-23,130.3,130.75,127.9,128.9,67878
2019-12-24,129.9,132.8,129.1,132.5,493925
2019-12-26,130.8,133.45,127.8,129.3,175119
2019-12-27,131.15,133,129.7,130.25,233080
2019-12-30,132.45,132.7,130.05,131.25,65789
2019-12-31,133.85,134.95,131.65,132.45,119692
2020-01-01,132.4,134.8,131.8,134.8,85728
2020-01-02,134.75,135.6,132,132.9,116598
2020-01-03,135.55,137.4,132.2,135.95,193341
2020-01-06,134.25,136.65,132.15,135.75,149620
2020-01-07,138.75,139.9,134.7,135.9,653828
2020-01-08,137.15,138.65,136.05,137.9,109999
2020-01-09,139.25,140.8,137.05,137.8,170170
2020-01-10,139.05,141.9,136.5,140,1194266
2020-01-13,138.4,141.5,138.05,139.15,122517
2020-01-14,139.15,141.2,136.15,139.1,188923
2020-01-15,143.2,145.05,138.5,138.95,406437
2020-01-16,141.75,144.55,140.25,143.9,123790
2020-01-17,144.9,145.45,140.35,141.05,234432
2020-01-20,142.2,145,141.75,145,263424
2020-01-21,142.95,146.5,141.5,141.7,198793
2020-01-22,141,144.7,140.35,144.3,90150
2020-01-23,143.5,144.55,140.1,141,167865
2020-01-24,143.1,144,141.5,142.8,114693
2020-01-27,141.75,144,140.65,142,99348
2020-01-28,138.45,142.1,137.85,141.1,251254
2020-01-29,140.2,143,137.05,139.6,333074
2020-01-30,138.1,140.2,137,140.2,148450
2020-01-31,136.2,139.1,135.2,139.1,112308
2020-02-03,129.95,133.95,129.05,133.05,103568
2020-02-04,131.9,133.45,130,132.3,112990
2020-02-05,138.7,141,131.75,132.4,212897
2020-02-06,139.8,143,138.15,140,352085
2020-02-07,142.55,145,135.2,139.8,250461
2020-02-10,139.3,146,138.7,143.95,81884
2020-02-11,138.95,143.9,138.35,138.65,226131
2020-02-12,138.7,141.95,137.25,139.05,163453
2020-02-13,136.45,139.9,135.8,139,144606
2020-02-14,139.85,142.75,136.15,137,299889
2020-02-17,139.6,142.25,137.7,138.1,143165
2020-02-18,142.7,145.7,137.7,139.1,404417
2020-02-19,144.8,147.5,142.05,144.8,330135
2020-02-20,139.25,147.45,138.5,145.45,221188
2020-02-24,141.8,143,138,138.2,220733
2020-02-25,137.05,141.95,136.45,140.1,87480
2020-02-26,132.5,136.95,132,136.5,172129
2020-02-27,131.1,132.45,128.7,132.45,136487
2020-02-28,129.95,132.25,126.75,128.05,228431
2020-03-02,129.35,135.95,128.2,131.9,164701
2020-03-03,130,131.35,128,130.65,116237
2020-03-04,129.7,132.55,128.05,130,186068
2020-03-05,130.6,131.7,128.5,129.25,110903
2020-03-06,124.5,127.95,124,127.4,123654
2020-03-09,120.55,123.75,117,123.4,174083
2020-03-11,121.05,123,120,121.8,143531
2020-03-12,112.7,119.8,110.05,115.05,231851
2020-03-13,106.6,110.7,96.5,108,188559
2020-03-16,99.25,104.55,94.05,101.6,266754
2020-03-17,99.8,104.25,98.2,99,170311
2020-03-18,82.75,102.9,79.85,102.9,456628
2020-03-19,77.1,84.9,75.05,80.6,268248
2020-03-20,86.6,90,75.2,79.8,216985
2020-03-23,76.8,85,72.15,82.65,127030
2020-03-24,76.9,84,75.35,83.7,84706
2020-03-25,78.5,80.7,75.65,77.1,166722
2020-03-26,78.9,84.95,77.55,78.5,168516
2020-03-27,72.9,81.5,72.05,80.75,260320
2020-03-30,68.1,73.95,67.5,73.95,199456
2020-03-31,69.55,70.7,68.2,69,155603
2020-04-01,67.65,72.95,67.25,69.9,217169
2020-04-03,66.95,68.35,66.05,67.75,138794
2020-04-07,67,70,66.9,68.9,255558
2020-04-08,68.75,71,67,67.1,407202
2020-04-09,75.45,75.6,69.6,69.7,390150
2020-04-13,76.85,80.9,72.65,77,306925
2020-04-15,82.6,84.5,77.2,77.2,872147
2020-04-16,90.85,90.85,80.6,81,692495
2020-04-17,88.45,95.1,87.6,93.95,442980
2020-04-20,87.6,90.3,87.3,89.15,97749
2020-04-21,83.35,87.5,83.25,86.05,85079
2020-04-22,82.85,84,80.25,82.4,67425
2020-04-23,82.95,86.95,82.75,84.85,115103
2020-04-24,79.25,84.2,79,82,104088
2020-04-27,76.35,81.7,75.9,81.2,206498
2020-04-28,77.7,78.6,75.2,77.9,285470
2020-04-29,79.25,81,78.3,81,450563
2020-04-30,79.4,81.2,78.55,80.6,284232
2020-05-04,75.8,78.6,75.5,78,107846
2020-05-05,74.3,77.85,74,76.75,115043
2020-05-06,76.2,77.6,73.55,74.5,173437
2020-05-07,75.3,76.9,75,76.9,303768
2020-05-08,76.45,79,75.95,76,191458
2020-05-11,74.85,77.35,74.6,76.85,77407
2020-05-12,76.45,77.15,73.2,75.25,178061
2020-05-13,78.15,79.95,77.3,79.95,102865
2020-05-14,76.5,78.95,76,77,91006
2020-05-15,75.5,77,74.05,76.1,111541
2020-05-18,74.3,77.6,74.05,75.5,162963
2020-05-19,74.25,76.4,74.05,75.6,91894
2020-05-20,73.4,75.3,73.2,74.05,73753
2020-05-21,73.2,74.6,73,73.5,87589
2020-05-22,71.5,73.8,70.8,72.8,125045
2020-05-26,69.4,72.25,69.2,70.4,211824
2020-05-27,70.6,71.2,69.1,69.7,192197
2020-05-28,71.9,72.5,70.75,70.75,99584
2020-05-29,69.1,74.05,68.35,72,755091
2020-06-01,72.5,72.55,70.1,70.7,335356
2020-06-02,75.25,75.9,72.1,73.9,365280
2020-06-03,78.7,79,75.65,75.85,984384
2020-06-04,81.85,82.6,78,80.7,988664
2020-06-05,82.1,87.85,81,85.5,1408811
2020-06-08,79.25,83.3,78.4,79.1,928964
2020-06-09,79.8,83.2,79.2,80.4,794881
2020-06-10,79.55,81.6,79.2,80.25,282612
2020-06-11,78.3,80.95,77.8,80,259676
2020-06-12,77.45,77.85,74.8,75,291324
2020-06-15,80.5,82.8,75.3,78.95,1202433
2020-06-16,79.05,83.5,77.5,83,471098
2020-06-17,80.3,81.2,79,79.7,314780
2020-06-18,81.35,82,79.7,80.1,369343
2020-06-19,86.55,91.6,81.55,82.3,3672626
2020-06-22,84.45,87.3,84.05,87.3,439068
2020-06-23,85.4,87.5,83.5,84.6,571408
2020-06-24,89.7,93.45,85.4,86.15,4454802
2020-06-25,87.75,91,87.2,88.15,554837
2020-06-26,87.05,88.7,86.75,88.05,336802
2020-06-29,85.85,87.85,85.05,87,260375
2020-06-30,83.65,86.95,83.4,86.5,249957
2020-07-01,84.4,84.85,83.5,84,159602
2020-07-02,86.6,89.4,84.75,85,796833
2020-07-03,86.05,87.45,85.5,87,1215040
2020-07-06,88.75,90,85.9,86.5,2944133
2020-07-07,89.6,91.8,89.1,89.65,2384452
2020-07-08,89.15,92,88.65,89.85,659878
2020-07-09,89.95,92.5,89.3,89.45,670292
2020-07-10,87.45,90.9,87.05,88.4,503865
2020-07-13,86.05,88.8,85.4,88,238458
2020-07-14,83.85,85.85,83.5,85.5,250404
2020-07-15,83.45,85.8,83.1,84.45,181885
2020-07-16,87.3,89.85,82.15,83.9,2688379
2020-07-17,85.85,87.7,85.3,87.7,288606
2020-07-20,85.6,87.4,85.2,86.15,217811
2020-07-21,86.55,88.3,85.55,86.2,318759
2020-07-22,84.9,86.9,84.5,86.55,227949
2020-07-23,85.9,86.95,84.9,85,245572
2020-07-24,84.7,85.9,84.2,85.4,258747
2020-07-27,83.5,85.7,83,84.5,209143
2020-07-28,82.85,84.4,82.4,83.8,192127
2020-07-29,82.9,83.85,82.4,82.55,170526
2020-07-30,82.35,84.75,82,82.9,185392
2020-07-31,81.3,83.9,81.05,82.4,154997
2020-08-03,78.65,83.05,78.4,81.3,441623
2020-08-04,81.05,83.3,78.85,79.3,536674
2020-08-05,83.2,84,81.95,81.95,255098
2020-08-06,82.7,84.7,82.5,83.65,184514
2020-08-07,82.25,83.6,81.9,83.3,190860
2020-08-10,86.55,89.3,82.8,82.8,1739339
2020-08-11,86.95,88.8,86.5,87.45,396704
2020-08-12,87.7,88.8,85.9,86.6,507200
2020-08-13,87.45,91.35,87,88.75,1371963
2020-08-14,84,87,83.2,86.5,597516
2020-08-17,83.9,85.5,82.7,84.2,275275
2020-08-18,81.8,85.4,81.65,85,1134400
2020-08-19,80.55,82.9,80.1,82.7,1497993
2020-08-20,80,82,79.95,80.8,1485771
2020-08-21,80.8,82.5,80.4,80.9,1833107
2020-08-24,80.7,81.85,80.5,81.75,750111
2020-08-25,80.7,81.25,80.5,81,528663
2020-08-26,83.45,84.5,81.55,82.15,2603400
2020-08-27,88.5,90.3,83.25,83.3,6500382
2020-08-28,85.2,90.8,84.7,89.2,2904266
2020-08-31,79.85,85.85,79.3,85.8,1872873
2020-09-01,79.95,80.65,79.25,80.3,458898
2020-09-02,80.1,81,79.7,80.25,452045
2020-09-03,81.1,82.25,80,80.1,503703
2020-09-04,78.65,81.15,78,79.8,1665455
2020-09-07,77.9,80,77.25,79,459308
2020-09-08,77.05,78.65,76.1,78.5,387973
2020-09-09,75.2,76.65,74.1,76.2,499420
2020-09-10,77.65,78.3,76,76,372855
2020-09-11,77.85,78.7,76.9,77.15,218059
2020-09-14,78,80,77.15,80,617757
2020-09-15,78.55,79.55,78.1,78.4,342608
2020-09-16,79.95,81.5,78.55,78.75,967114
2020-09-17,78.85,80.8,78.5,79.9,259555
2020-09-18,78.05,79.6,77.75,79.1,327596
2020-09-21,74.9,78.4,74.4,78.25,354374
2020-09-22,73.2,74.85,71.1,74.2,384122
2020-09-23,72.55,74.7,71.45,74.2,268640
2020-09-24,70.85,72.25,70.1,72.25,948313
2020-09-25,72.5,73.4,70.7,71,374597
2020-09-28,74.2,75.25,72.7,72.9,247291
2020-09-29,73.55,75,73.15,74.5,155194
2020-09-30,75.35,78.25,73.25,73.95,1167287
2020-10-01,74.2,76.25,73.8,75.15,329552
2020-10-05,74.6,76.2,74.25,74.9,260474
2020-10-06,75.75,76.7,74.75,75,384848
2020-10-07,74.35,75.9,74.05,75.9,145764
2020-10-08,72.9,75.45,72.45,74.35,218940
2020-10-09,72.95,73.9,72.6,72.9,158949
2020-10-12,72.7,73.8,72.5,73.3,148530
2020-10-13,71.2,73.45,71,72.9,271418
2020-10-14,71.05,71.7,70.6,70.95,169353
2020-10-15,71.2,74.35,70.85,71.6,362601
2020-10-16,71.2,72.1,70.3,71.75,204384
2020-10-19,72.55,72.75,71.4,71.7,157746
2020-10-20,72.8,73.15,72.05,72.4,108350
2020-10-21,72.45,73.6,72.15,72.9,160349
2020-10-22,72.8,74,72.1,72.65,151778
2020-10-23,72.65,73.8,72.5,72.9,200126
2020-10-26,71.85,73.45,71.4,73.3,120605
2020-10-27,71.45,72.05,71.1,71.3,189723
2020-10-28,70.55,72.35,70.4,71.7,200398
2020-10-29,69.75,70.55,69.6,70.25,198356
2020-10-30,69.75,71,69.2,69.95,149297
2020-11-02,66.8,70.6,66.55,70,721406
2020-11-03,66.75,67.95,66,66.9,460184
2020-11-04,66.85,68.55,66.4,66.65,515460
2020-11-05,67.75,69,66.9,67.55,452606
2020-11-06,68.1,70,66.45,66.8,1120511
2020-11-09,69.25,69.45,67.2,69,613645
2020-11-10,69.1,69.95,68.7,69.25,490413
2020-11-11,72,72.7,68.4,68.4,682044
2020-11-12,71.85,72.75,71.3,72,593371
2020-11-13,72.7,73.2,71.3,72,712734
2020-11-16,73.6,74.25,73,73,209580
2020-11-17,73.75,74.5,73.1,73.7,433264
2020-11-18,74.95,75.55,73.85,74.2,4304843
2020-11-19,74.85,77.6,74.4,75.3,2639258
2020-11-20,73.9,75.4,73.1,74.9,687094
2020-11-23,74.1,74.75,73.5,74,440764
2020-11-24,74.35,74.85,74,74.65,645900
2020-11-25,73.2,74.9,73,74.25,690988
2020-11-26,76.5,78.2,73.65,74.9,5435684
2020-11-27,83.9,86.4,78,78,15149309
2020-12-01,87.7,88.45,84,85.5,4776749
2020-12-02,84.55,88.2,79.8,88,2622547
2020-12-03,85.5,86.6,84.65,85,1360616
2020-12-04,83.65,87.65,82.5,85.1,2778468
2020-12-07,83.8,86.5,83.2,85.5,1587545
2020-12-08,83,85.5,81,84.35,1776662
2020-12-09,85.3,87.25,83,83.4,2981822
2020-12-10,84.1,85.9,82.6,85.9,1400393
2020-12-11,83.5,85,83,84.5,1094822
2020-12-14,85.1,85.5,83.35,84.4,1275985
2020-12-15,87.65,89.9,85.6,86,9605837
2020-12-16,88.85,90.5,88.2,88.7,3533208
2020-12-17,85.5,89.7,85,89.2,1743898
2020-12-18,85.7,86.85,84.05,85.9,1496960
2020-12-21,79.15,86.75,75.2,85.45,1866582
2020-12-22,79.45,81.45,76.25,79.5,1684938
2020-12-23,82.8,84.4,79.5,80.25,1831049
2020-12-24,82.75,84.5,81,83.85,1084970
2020-12-28,84.35,84.8,83.4,83.6,764721
2020-12-29,86.05,87.5,84.75,87,1895741
2020-12-30,86.4,87.7,85.5,86.7,1012757
2020-12-31,85.1,87.45,84.5,86.8,760556
2021-01-01,88.7,90.35,85.25,85.5,3342791
2021-01-04,95.95,96.9,89.5,89.8,10157792
2021-01-05,99.1,101,93.6,95.1,7140493
2021-01-06,96.85,102,94.75,100,3776170
2021-01-07,97.05,99.3,96.5,97.85,1600952
2021-01-08,95.8,98.55,95.25,97.6,1318929
2021-01-11,94.7,97,93.5,96.8,1263200
2021-01-12,96.9,98.7,93.3,94.7,1971965
2021-01-13,95.35,98.3,94,97.5,1219999
2021-01-14,95.3,97,95,95.95,885529
2021-01-15,92.95,95.7,92.05,95.3,1209673
2021-01-18,89.95,93.3,89,93.25,1147403
2021-01-19,93.25,94.3,91.1,91.1,1110670
2021-01-20,91.2,93.45,91,92.85,851347
2021-01-21,90.65,92.6,89.45,91.45,865024
2021-01-22,92.85,96.3,90.8,91.5,2655983
2021-01-25,90.4,95.25,89.55,93.5,857016
2021-01-27,87.55,90.3,87,90.2,915197
2021-01-28,86.25,87.35,85.6,86.7,920436
2021-01-29,85.6,88.6,84.7,87.1,812943
2021-02-01,86.95,87.45,84.45,86.3,1010220
2021-02-02,89.25,91.45,87.25,87.45,2209354
2021-02-03,89.65,90.7,88.1,89.35,825622
2021-02-04,89.25,90.65,88.35,89.75,1016611
2021-02-05,86.6,90.2,85.65,89.6,1308901
2021-02-08,86.15,87.95,85.7,86.5,863525
2021-02-09,85.8,87.95,85.25,86.25,914905
2021-02-10,86.8,87.2,85.1,86.25,697001
2021-02-11,87.8,88.9,85.6,86,1873568
2021-02-12,92.1,94,88.3,88.3,4958153
2021-02-15,93.75,96.7,93.15,93.55,2034631
2021-02-16,98.95,99.9,94.6,94.6,6626534
2021-02-17,117,118.7,99.45,99.5,27766434
2021-02-18,110.1,117.55,108.3,117.5,9288309
2021-02-19,106.3,112.9,103.65,109.1,4308681
2021-02-22,110.2,112.9,104.3,107.45,5815213
2021-02-23,119.4,122.5,110.35,111.4,8465374
2021-02-24,122.75,124.9,118.7,119,3152524
2021-02-25,131.9,134.4,124,124,6616715
2021-02-26,137.05,146.2,126,129.4,7330000
2021-03-01,140.7,144.5,135.15,139.7,3570670
2021-03-02,136.5,141.5,134,141,2325566
2021-03-03,136.85,141.75,133,137,1914177
2021-03-04,139.5,141.3,131.7,133.5,1546988
2021-03-05,142.8,148.75,137.5,140.5,4110201
2021-03-08,150.6,155.35,146.7,146.7,2720259
2021-03-09,152.2,157.9,145.6,152,3132447
2021-03-10,149,154,147.65,154,1344493
2021-03-12,143.9,151.9,142.5,151.25,1420785
2021-03-15,138.3,145.3,137.1,145,1590385
2021-03-16,135.45,139.6,134,139.45,974526
2021-03-17,127.5,135,126,135,1481778
2021-03-18,126.65,131.7,122.75,129.2,1950603
2021-03-19,131.35,134.4,116.95,125.3,2194296
2021-03-22,136.35,138,129.2,132.9,1758243
2021-03-23,133.55,138,133,136.35,828082
2021-03-24,126.25,133.95,125.2,132.8,1942013
2021-03-25,125.4,129.45,117.55,127,2678441
2021-03-26,126.15,131.5,125,127.9,1483015
2021-03-30,131.05,133.15,124.45,127.6,1497089
2021-03-31,127.65,132.65,126.8,130.85,713605
2021-04-01,134.25,135,128,129,1099718
2021-04-05,128.1,135.6,124.55,135.6,1507117
2021-04-06,129.9,133.5,127.25,128.9,732467
2021-04-07,134,135.95,129.4,130.5,1446517
2021-04-08,132.8,138.9,131.55,137,1452084
2021-04-09,133.3,136.1,131.2,132.75,938639
2021-04-12,122.15,130.9,120.5,130.9,1433665
2021-04-13,126.6,128.2,123,123.9,979493
2021-04-15,126.1,127.85,122,125.15,832193
2021-04-16,125.65,128,124.4,125.6,556424
2021-04-19,126.15,126.75,120.15,121.6,1028623
2021-04-20,128.75,130.15,126.2,127.75,774269
2021-04-22,128,129.35,125.5,128,510852
2021-04-23,126.95,132.45,126.1,127.9,935497
2021-04-26,131.85,135.7,127.55,130,2640007
2021-04-27,129.8,134,129.1,132.9,1016317
2021-04-28,135.1,139.8,129.9,130.7,2228111
2021-04-29,137.9,139,132.15,136.5,1206422
2021-04-30,145.35,149,134.25,135,6706307
2021-05-03,149.55,154,142,144,3138235
2021-05-04,142.4,153.4,140.1,151,2168482
2021-05-05,138.25,148,136.85,145.9,3441719
2021-05-06,144.95,145.9,137.75,139.75,2764141
2021-05-07,136.65,145.9,136,144.95,2135888
2021-05-10,136.7,140.5,136.05,137.9,953485
2021-05-11,133.3,138.95,133.05,135.9,1301564
2021-05-12,133.1,135.8,132.5,134.25,901055
2021-05-14,130.6,135.3,129,135,655372
2021-05-17,128.75,131.6,128.25,130,902285
2021-05-18,133.25,134.2,129.25,130.35,1551299
2021-05-19,135.45,138,133,134.15,2163398
2021-05-20,132.5,136.95,132.1,136,788411
2021-05-21,130.85,136.5,130.15,134.3,873331
2021-05-24,130.95,133.25,129.9,132,659201
2021-05-25,130.9,132.75,130.5,132.35,546110
2021-05-26,130.4,132.3,130,132,599611
2021-05-27,128.8,131.4,128.1,131,486174
2021-05-28,127,129.95,126.6,129.8,643967
2021-05-31,125.75,127.75,125.4,126.95,644735
2021-06-01,126.65,129,125.8,128,703726
2021-06-02,127.15,128,126.3,128,438609
2021-06-03,128,129,127.25,127.3,642566
2021-06-04,129.2,131.95,128,129,1226382
2021-06-07,129.6,131.7,129,130.2,793270
2021-06-08,136.85,144.7,127.05,129.6,10182754
2021-06-09,134.6,141,132,138.3,2903750
2021-06-10,136,139,134.7,135.45,954942
2021-06-11,144.45,145.8,132.8,137,8571169
2021-06-14,151.3,153,138.35,145.7,10390474
2021-06-15,156.8,159.4,150.3,152.75,11342016
2021-06-16,152.1,156.7,150.1,156.7,4213525
2021-06-17,163.8,169.35,147.8,150.6,18708360
2021-06-18,156,168.35,148.05,165.7,8598669
2021-06-21,160.7,162.7,151.65,153,5567403
2021-06-22,161.6,167,160.35,162.2,5194528
2021-06-23,167.8,174.6,161.4,163.55,11132690
2021-06-24,173.6,184.4,168.65,169.4,32481718
2021-06-25,169.3,177.6,168,171,6814135
2021-06-28,166.5,173.6,165.5,171.25,3590781
2021-06-29,161.75,168.7,160.8,167.75,3211192
2021-06-30,160.55,166.4,159.25,163.4,4932138
2021-07-01,158.7,162.25,158.1,161.75,2410212
2021-07-02,171.6,173.9,156.75,160,10651298
2021-07-05,173.85,177.35,171.6,173.5,5870106
2021-07-06,167.35,176.2,164.2,174.5,3180606
2021-07-07,164.3,168.85,162.1,168.85,2592870
2021-07-08,166.85,173.9,163.7,164.65,5301451
2021-07-09,167.95,172.4,164.9,166.9,3943011
2021-07-12,168.1,172.05,166.45,168.5,2490671
2021-07-13,174.8,176.3,166.45,168.95,8773398
2021-07-14,176.65,182,175.35,176.6,10302185
2021-07-15,172.05,177.5,171.2,176.8,2513777
2021-07-16,169.5,173.65,168.6,172.9,2069869
2021-07-19,166.55,168.95,165.6,167,1967075
2021-07-20,161.35,168,157.35,166,3045138
2021-07-22,164.5,168,163.2,163.95,2042128
2021-07-23,168.95,170.55,161.55,165.5,4016065
2021-07-26,167.2,172.9,166.3,168,2549078
2021-07-27,163.45,168.75,161.8,167.9,2336436
2021-07-28,162.4,164.6,159.1,164.6,2094543
2021-07-29,163.15,166.6,162.15,163.2,1195848
2021-07-30,160.95,165.75,160.5,163.5,1389768
2021-08-02,164.2,165.95,161.05,162.3,2825936
2021-08-03,160.95,166.9,159.3,165.05,2114626
2021-08-04,158.35,164.5,157.3,162.35,2029715
2021-08-05,163,165.8,153.8,159.7,3094564
2021-08-06,161.3,165.25,160.45,163,2141504
2021-08-09,160.1,165.5,158.45,162,3923441
2021-08-10,152.25,161.15,147.2,161,2589084
2021-08-11,145,154.25,142.05,152.5,5347042
2021-08-12,143.6,151.9,142.85,144.2,4087306
2021-08-13,143.7,148.75,143,144.95,3349012
2021-08-16,138.8,144.8,137.6,144.8,2055885
2021-08-17,135.3,140.25,134.9,139.45,2084306
2021-08-18,131.6,138.15,130.55,135.55,2390974
2021-08-20,131.4,136.3,128.95,130.2,3438592
2021-08-23,129.4,135.45,126.2,133.6,2025713
2021-08-24,132.45,134.25,127.5,130.8,2719893
2021-08-25,132.5,135.6,131.75,133.65,1610021
2021-08-26,131.2,133.9,130.7,133.3,848432
2021-08-27,129.75,134.05,129.15,131.3,1449458
2021-08-30,139.3,140.4,130.3,130.3,4316863
2021-08-31,136,140.65,135.55,140.3,1573345
2021-09-01,139.05,142,134.5,136.5,2867282
2021-09-02,141.7,144.6,138.05,139,2543766
2021-09-03,141.85,145.4,140.4,142.4,1584704
2021-09-06,140.25,144.5,139.15,142.85,1498910
2021-09-07,135.7,141.1,135.2,140.5,1495232
2021-09-08,138.1,140.6,133.85,136.45,2267526
2021-09-09,141.4,144.85,136.5,138.6,6799422
2021-09-13,140.75,142.8,139.15,141.5,1258412
2021-09-14,147.8,148.85,140.1,141.75,5478628
2021-09-15,150.65,152.8,148.05,148.6,5251225
2021-09-16,146.25,151.9,145.1,151,1922677
2021-09-17,141.5,147.55,139.6,147.55,1878912
2021-09-20,136.4,141.95,135.4,139,1406960
2021-09-21,134.85,137.4,132.1,136,1278310
2021-09-22,136.5,138.9,135.3,135.9,1289645
2021-09-23,139.45,140.75,137.45,137.5,1247454
2021-09-24,136.85,141.65,136.55,140.2,1084936
2021-09-27,136.4,138.5,135.45,137.7,899108
2021-09-28,136.05,138.45,135.1,137,750734
2021-09-29,136.45,138.75,134.6,135.3,809080
2021-09-30,137.25,140.3,136.65,137.25,1035855
2021-10-01,135.85,138.1,135.3,137,965265
2021-10-04,137.35,138.55,136,136.6,1025344
2021-10-05,138.65,141.85,137.05,137.2,1315808
2021-10-06,138.9,143.45,138.5,139.6,1698561
2021-10-07,138.45,140.7,138,139.95,1030538
2021-10-08,138.35,140.4,137.7,139.9,600412
2021-10-11,136.5,139.7,136,138.05,1104413
2021-10-12,134.7,137.9,133.5,136.55,1469951
2021-10-13,142.65,144.8,135.75,135.9,4930642
2021-10-14,140.3,144.75,139.5,144,1469430
2021-10-18,139.3,142.9,139,141.4,1098557
2021-10-19,141.75,147.35,139.4,140.25,5421776
2021-10-20,137.95,142.7,136.65,141.75,1457268
2021-10-21,136.85,139.3,135.1,138.3,994789
2021-10-22,132.55,138.7,131.35,137.85,1494495
2021-10-25,133.4,135.45,130.75,134,1121049
2021-10-26,131.35,141.25,129.2,134,2427293
2021-10-27,137.4,138.3,131,131,1904313
2021-10-28,138,140.3,135.8,138.5,1574494
2021-10-29,133.4,136.75,133,136,992798
2021-11-01,132.95,135.5,132.5,134.85,666488
2021-11-02,135.3,136.75,133.45,133.75,728454
2021-11-03,133.7,136.25,133.35,134.25,448120
2021-11-04,135.25,135.9,134.05,134.7,208509
2021-11-08,133.35,136.5,132.6,135.8,723065
2021-11-09,140.2,143.95,133.7,133.9,4342053
2021-11-10,140.05,144.85,137.1,139.7,1728772
2021-11-11,137.6,140.6,136.95,140.4,619771
2021-11-12,134.3,138.35,133.85,137.5,736395
2021-11-15,133.3,135.7,132.65,135,582159
2021-11-16,147.6,149.2,132.05,132.75,8744699
2021-11-17,149.45,153.8,143.55,144.75,6662505
2021-11-18,153,155,145.05,150.4,6757910
2021-11-22,145.15,154.6,143.25,154,3509046
2021-11-23,155.9,158.9,143.85,145,8776556
2021-11-24,155.6,163.6,155,157.95,7179891
2021-11-25,154.25,159.2,153.65,157.5,2561185
2021-11-26,146,153.75,144.35,153.75,2949880
2021-11-29,137.2,145.95,136,145.95,2986576
2021-11-30,137.3,145.55,136.15,138.2,3202459
2021-12-01,140.8,141.95,137.5,139.7,1538238
2021-12-02,158.75,160.2,143.05,143.5,14114747
2021-12-03,153.7,159,152.85,158.75,4096622
2021-12-06,147.95,154.95,147,154.95,2343588
2021-12-07,148.6,153.1,147.5,149.8,1791769
2021-12-08,153.25,155.55,149,150,2845750
2021-12-09,148.2,154.2,147.5,154.2,1920118
2021-12-10,150.7,154.35,148.2,148.35,2039445
2021-12-13,149.15,152.8,148.2,152.3,1338409
2021-12-14,148.7,150.5,146.6,147.6,1341098
2021-12-15,147.2,150.1,146.85,149,806790
2021-12-16,143.65,149.2,142.75,148.65,1123035
2021-12-17,137.85,144,137.1,143.7,1490246
2021-12-20,132.45,135.95,129.05,135.95,1601265
2021-12-21,136.5,140,133.5,134.8,2395429
2021-12-22,137.1,139,136.2,137.2,715985
2021-12-23,139.4,141.8,137.75,138.4,1124042
2021-12-24,136.2,140.45,135.5,140,696195
2021-12-27,139.05,140.4,133.4,135.75,1125722
2021-12-28,139.9,142.55,139,139.5,904240
2021-12-29,138.3,142.1,137.85,139.65,1095031
2021-12-30,137.05,140.3,136.5,138.35,718599
2021-12-31,137.9,139.7,136.3,136.3,575381
2022-01-03,155.8,158,142,142,15737631
2022-01-04,154.35,157.9,151,156.55,3752982
2022-01-05,162.15,171.4,152.2,155,20469260
2022-01-06,167.75,170,158.25,159.5,9999656
2022-01-07,174.95,180.7,165.5,166,16746565
2022-01-10,209.4,209.9,174.7,176.35,41730600
2022-01-11,238.05,249.7,206.2,212.9,76397288
2022-01-12,220.7,234.4,215,234,11384492
2022-01-13,229,233.9,221.7,221.9,7417275
2022-01-14,228.8,234.9,225,226.85,3430580
2022-01-17,241.75,251.65,231.65,232,6015755
2022-01-18,228.4,250,225.1,244,3425321
2022-01-19,228.6,235,222,229.95,2324457
2022-01-20,249.65,251.45,230.7,231.3,8255245
2022-01-21,233.5,258.9,230.2,248,8767597
2022-01-24,210.15,239.7,210.15,235,4735008
2022-01-25,201.85,215.8,196.25,200.55,6396152
2022-01-27,204.8,214,195.1,197,5176776
2022-01-28,209.45,215.45,208,208.9,2936291
2022-01-31,207.55,216.7,206.2,215,1873123
2022-02-01,209.75,214.5,205.4,210.25,3019421
2022-02-02,213.35,214.65,210.05,211.75,1938627
2022-02-03,221.55,226.15,212.7,214.9,4564674
2022-02-04,211.2,223.4,209,223.4,2190250
2022-02-07,209.1,218.75,207.5,214,2454471
2022-02-08,202.5,212.9,197.85,211.3,2502999
2022-02-09,193.65,207.4,192.85,203.05,4469916
2022-02-10,200,201.85,191.1,195.4,3617330
2022-02-11,195.9,203.95,194.3,197.9,2509828
2022-02-14,176.9,189.9,174.3,189.9,3918700
2022-02-15,182.95,185.5,171.45,179.8,4762364
2022-02-16,187.15,192,183.2,185,3277206
2022-02-17,182,191.4,180.45,189,2031204
2022-02-18,183.15,189.5,180.65,181,2594713
2022-02-21,175.65,182.6,174.5,181.55,2104631
2022-02-22,172.25,173.7,165.6,168.65,2336254
2022-02-23,174.4,178.6,173,175.8,1789265
2022-02-24,159.85,169.4,156.9,162,3809282
2022-02-25,171.05,172.95,166.1,169.3,2291443
2022-02-28,172.3,173.9,163.05,169.9,2475226
2022-03-02,170.6,176,168,168,1960865
2022-03-03,167.25,173.8,166.1,172.4,1168256
2022-03-04,162.9,167.25,161.7,166,1858514
2022-03-07,162,167.25,156.5,159,2342083
2022-03-08,166.85,177.6,163,163,7203112
2022-03-09,173.6,175.7,167.55,168.3,3489355
2022-03-10,169.8,178.7,168.5,177,2597551
2022-03-11,168.95,172.55,166.9,169.5,1785934
2022-03-14,162.75,170.9,161.4,169.9,2582961
2022-03-15,164.85,167.4,163.1,164.5,2207443
2022-03-16,163.05,167.7,161.35,167.4,2087244
2022-03-17,177.3,180.45,164.95,166,11751102
2022-03-21,190,192.95,178,178.9,11838924
2022-03-22,187,191.95,183.55,190.5,3803657
2022-03-23,182.8,189.85,181.5,188.5,2797749
2022-03-24,182.2,188.3,180.75,181.05,2875010
2022-03-25,184.45,187.35,182.35,183.95,2408544
2022-03-28,191.7,194,179.35,185.4,4432209
2022-03-29,191.7,196.9,190.7,193.95,4930562
2022-03-30,191.65,200.95,190.8,193.9,4631858
2022-03-31,190.95,195.6,188.2,192.1,2194357
2022-04-01,193.85,197.45,190.05,190.95,2457050
2022-04-04,192.6,196.45,192,195.3,1754121
2022-04-05,191.95,199.3,190.25,194.6,3091454
2022-04-06,192.8,196.75,191.5,192,1931565
2022-04-07,193.7,200.8,191.75,193.5,4643799
2022-04-08,205.2,206.8,192.45,194.65,8064191
2022-04-11,199.8,210.8,198.5,205.55,4424450
2022-04-12,193.3,201.9,190.1,200,2937747
2022-04-13,200,204.9,192.4,195.25,4897342
2022-04-18,196.5,200.3,194.4,197.9,2258916
2022-04-19,189.75,203.7,185.55,197.95,3091092
2022-04-20,188.25,195.1,187.25,191,2159510
2022-04-21,194.55,195.6,190.25,190.85,1595678
2022-04-22,188.85,194.75,188,193.25,1264429
2022-04-25,179.35,189.4,178.6,188.4,1621553
2022-04-26,181.25,185.25,180.35,182.45,1364794
2022-04-27,177.25,182.8,175.55,180.95,1143972
2022-04-28,174.25,179.5,173.1,178,1302239
2022-04-29,165.65,176.1,164.5,175.9,2461194
2022-05-02,161.05,164.45,158.4,163.8,2488063
2022-05-04,154.05,164.05,151.65,162,2041332
2022-05-05,156.45,160,155.4,155.9,1594019
2022-05-06,148.9,153.85,148,152.7,1473277
2022-05-09,142.85,148.75,142.1,146.75,1567870
2022-05-10,139.85,148.45,139,143.3,1868927
2022-05-11,137.45,142.8,133.35,141.55,1543812
2022-05-12,131,135.65,129.6,135.65,1538522
2022-05-13,141.9,145.75,136.55,137,4558366
2022-05-16,148.35,149.9,143.05,144.25,2202041
2022-05-17,154.25,155.4,148.1,149.55,2058177
2022-05-18,154.1,157.7,151.1,155.55,1525098
2022-05-19,148.6,150.6,147.15,148.6,979289
2022-05-20,158.75,159.75,151.65,151.9,1960591
2022-05-23,155.45,159.95,152.95,159.7,995456
2022-05-24,149,157,148.1,156,1081348
2022-05-25,145.9,151.45,145.1,150.2,1269796
2022-05-26,148.75,150.75,139,146.9,1819780
2022-05-27,150.85,152.35,148.75,150,926343
2022-05-30,153.25,156.7,151.15,152,950803
2022-05-31,154.8,158.7,151.65,152,2672612
2022-06-01,161.75,163.2,154,154,2574393
2022-06-02,164.9,183.8,160.55,181,15799782
2022-06-03,165.45,170.95,163.25,166.45,3810905
2022-06-06,158.15,166,157.55,165.8,2045011
2022-06-07,150.55,157,149.35,156.7,3102604
2022-06-08,153.7,156.95,151,151,3170624
2022-06-09,152.9,154.85,151.2,152.8,912788
2022-06-10,151.25,153,149.9,151,770887
2022-06-13,141.25,147.7,140.7,147.1,1534371
2022-06-14,143.2,145.05,140.5,141,1046798
2022-06-15,143.75,146.7,142.65,142.65,831350
2022-06-16,137.45,146.55,137,145.4,1428038
2022-06-17,139.85,141,134.5,137.45,1436205
2022-06-20,133.6,141.15,131.1,139.9,1019103
2022-06-21,138.7,141.3,134.15,134.15,1123328
2022-06-22,134.4,139.75,133.55,137.9,883467
2022-06-23,143.65,145.05,135.4,135.55,1878235
2022-06-24,150.1,151.95,145.05,145.05,2300068
2022-06-27,151.8,154.4,150.65,152.3,1103258
2022-06-28,150.45,153.1,149.15,150.8,999954
2022-06-29,152.3,153.6,147.2,148,2080210
2022-06-30,148.5,154.5,147.6,152.05,786046
2022-07-01,147.4,148.95,145.5,148.2,667614
2022-07-04,151.45,153.95,146.95,147.4,1009517
2022-07-05,150.75,154.35,149.95,152.65,734878
2022-07-06,152.7,153.9,149.5,150.8,991680
2022-07-07,159.05,159.7,153.15,153.9,2112848
2022-07-08,156.75,160.3,155,160,876470
2022-07-11,160.3,162.3,155,156,1682032
2022-07-12,158.05,161.2,157.25,158.9,798517
2022-07-13,155.95,160.5,155,159.05,610958
2022-07-14,153.8,158.5,152.1,156.9,858939
2022-07-15,156.1,157.3,153.3,154.9,600354
2022-07-18,159.85,162.95,156.3,156.3,1579616
2022-07-19,160.95,164.7,159.8,160.95,1389226
2022-07-20,161.35,164.7,159.6,162.35,1084955
2022-07-21,164.6,167.3,160.4,161.8,1397283
2022-07-22,164.05,167,163,164.6,1049452
2022-07-25,162.05,164.35,160.5,163.2,656898
2022-07-26,159.65,163.9,158.3,162.1,500240
2022-07-27,156.75,159.6,155.65,158.5,470832
2022-07-28,160.35,161.5,157.5,157.75,551773
2022-07-29,162.65,165.45,160.8,161.5,912879
2022-08-01,169.45,171.7,162.5,163,2432795
2022-08-02,166.95,169.6,165.05,169.45,764438
2022-08-03,165.4,168.25,163.2,166.95,686694
2022-08-04,162.65,169.6,160.7,166.55,859556
2022-08-05,162.3,165.35,161.5,163.95,526347
2022-08-08,162.45,165.1,162.05,162.8,516887
2022-08-10,162.6,163.95,161.2,162.15,472887
2022-08-11,165.25,172.9,163.45,163.9,5336757
2022-08-12,171.65,177.7,164.4,166.7,5152614
2022-08-16,175.2,176.85,172.6,173.65,1755943
2022-08-17,175.8,176.75,172.85,176.2,1366949
2022-08-18,175.55,179.65,173.9,174.5,1569295
2022-08-19,172.05,179.8,171.55,174.8,1399758
2022-08-22,166.8,172,165.6,172,859846
2022-08-23,167,170.15,164.05,165,1102392
2022-08-24,178.9,181.35,167.45,168,4393187
2022-08-25,173.2,182.4,172.7,179.8,1882160
2022-08-26,173.8,180.35,173,177.65,1763416
2022-08-29,169.25,171.3,167.95,168.9,1270656
2022-08-30,170.4,174,170,170.9,908607
2022-09-01,171.3,173.6,169.55,170,1162658
2022-09-02,174.6,176,171.2,172.7,1400144
2022-09-05,175.1,177.95,174.1,174.95,906412
2022-09-06,172.5,176.3,170.8,176.3,702911
2022-09-07,174.4,176.15,170.85,171.8,1116406
2022-09-08,175.5,184.65,174.75,175.45,3465585
2022-09-09,174.15,178.95,172.5,176.7,1181268
2022-09-12,178.35,182.9,175.7,175.7,2706805
2022-09-13,176.05,179.6,175.2,178.95,926994
2022-09-14,172,175.4,171.05,173,1340718
2022-09-15,174.9,178.75,172,172.9,1606775
2022-09-16,167,177.65,165.8,174.7,1900311
2022-09-19,162.7,168.3,162,167.65,989707
2022-09-20,163.7,166.65,163,163,777408
2022-09-21,162.25,164.9,161.3,164.6,547301
2022-09-22,162.2,163.85,160.05,161.5,653325
2022-09-23,158.3,163.2,157.7,162.95,675691
2022-09-26,150.75,156.15,147.1,154.95,1218129
2022-09-27,151.45,154.65,149.5,153,1073134
2022-09-28,148.05,152.85,146.1,149.55,574423
2022-09-29,146.7,154.25,145.75,150.4,848131
2022-09-30,149.65,151,146.25,146.9,698981
2022-10-03,146.15,151.2,145.3,148.2,546810
2022-10-04,151.3,154,148.25,148.25,1119965
2022-10-06,155.8,156.6,152.65,152.65,877309
2022-10-07,154.55,156.95,153.3,156.65,652324
2022-10-10,155.6,158.7,151.55,152.8,1035287
2022-10-11,150.25,156.4,149.45,155.95,692534
2022-10-12,150.9,151.95,148.25,151.1,595978
2022-10-13,151,152.65,149.1,150.9,611568
2022-10-14,151,156.3,150.4,152.85,912113
2022-10-17,152.85,154.8,148.55,151.15,694962
2022-10-18,153.95,158.05,153.5,153.5,747068
2022-10-19,152.4,158.25,150.3,154.85,1246468
2022-10-20,151.45,154.8,150.7,152,524131
2022-10-21,147.85,153.9,146.2,152.5,777455
2022-10-24,150,151.9,149.1,149.95,227035
2022-10-25,147.75,151.45,147.1,150.7,563477
2022-10-27,150.85,152.4,148.2,148.2,885036
2022-10-28,148.7,151.25,147.75,151,430572
2022-10-31,151.2,153.1,149.4,149.45,759882
2022-11-01,154.1,156,151.8,152.1,1210408
2022-11-02,151.65,154.9,151.05,154.5,525634
2022-11-03,150.9,152.8,149.85,150.4,441529
2022-11-04,151.1,153.5,149.9,151.3,976144
2022-11-07,157.25,158,151.85,151.85,1555218
2022-11-09,154.8,158.95,152.25,158.35,868217
2022-11-10,150.95,155.7,150,154.55,678054
2022-11-11,151.55,153.6,150.55,152.05,620763
2022-11-14,148.95,154.6,148.35,151.85,1263969
2022-11-15,153.45,164.45,152.6,157.25,8543642
2022-11-16,153.1,156.45,152.1,154.35,1808921
2022-11-17,150.85,154,150.15,153,1057114
2022-11-18,149.55,152.4,148.55,151.6,870032
2022-11-21,147.25,149.7,146.6,149.25,785060
2022-11-22,146.85,149.4,146.5,147.8,623693
2022-11-23,146.8,149.5,146.5,147.35,917094
2022-11-24,145.95,148.95,145.5,147.95,840397
2022-11-25,148.4,150.15,146,146.6,1221995
2022-11-28,147.85,150,147.2,148.7,979211
2022-11-29,146.65,149,146.4,148.2,813853
2022-11-30,149.2,149.9,147,147.5,784025
2022-12-01,149.35,153.9,148.5,150,1632919
2022-12-02,147.9,151.6,147.6,149.9,1259781
2022-12-05,146.05,148.7,145.35,148.7,1324309
2022-12-06,144.55,147.95,144.05,146,1811260
2022-12-07,141,145.8,140,145.15,1921334
2022-12-08,142.7,145,141.05,141.45,1408627
2022-12-09,139,144.3,138.25,143.45,1322747
2022-12-12,137.3,140.2,136.7,139.05,1393946
2022-12-13,137.9,140,137.35,137.8,1376306
2022-12-14,140.4,141.95,138.3,138.55,1658235
2022-12-15,143.05,144.8,140.6,141,1832134
2022-12-16,140.65,143.95,140,142.5,969458
2022-12-19,138.85,141.1,138.1,141,750841
2022-12-20,138.2,139.9,137.5,139.2,677591
2022-12-21,134.75,139.2,133.7,138.9,1167519
2022-12-22,132.05,136.25,130.2,135.4,1229969
2022-12-23,126.15,131.8,126,130,1143739
2022-12-26,130.55,131.2,124.35,126.15,876697
2022-12-27,131.85,132.85,130.55,132.2,569763
2022-12-28,133.45,134.3,131.1,132,588833
2022-12-29,139.1,140,134,134.65,2164045
2022-12-30,140.25,141.8,139.3,139.9,977934
2023-01-02,139.35,140.9,138.65,140.4,605507
2023-01-03,137.05,140,136,139.35,854554
2023-01-04,135.45,137.95,134.7,137.65,578165
2023-01-05,135.15,137.4,134.55,136.05,641137
2023-01-06,133.9,136,133,135.85,531131
2023-01-09,134.15,135.05,133,134.6,421683
2023-01-10,132.8,136,131.85,134.6,762104
2023-01-11,142.8,144,133.55,133.75,6176932
2023-01-12,143.6,145.7,140.6,142.7,4228220
2023-01-13,140.75,143.5,140.15,143.5,1072737
2023-01-16,141.95,143.4,138.85,141.45,1420826
2023-01-17,143.5,145.65,140.65,141.95,1669903
2023-01-18,142.55,144.8,142.1,144.05,722380
2023-01-19,142,144.7,140.5,141.85,752977
2023-01-20,145.75,147.9,141.6,142,3369075
2023-01-23,147.05,148.6,145.8,146.9,1525993
2023-01-24,144.95,148.4,144.1,147.5,1078398
2023-01-25,141.15,145.65,140.8,145,752701
2023-01-27,138.1,143.5,136.4,141.25,978428
2023-01-30,140.65,142.8,138.1,138.1,1026953
2023-01-31,145.05,146.4,140.75,141.45,899893
2023-02-01,141.85,149.4,138.6,146.8,2130426
2023-02-02,142.85,145.95,140.9,141,766679
2023-02-03,140.8,144.4,139.5,143,674632
2023-02-06,137.05,142.5,135.8,141.15,1242484
2023-02-07,138.75,139.7,137.35,137.35,576409
2023-02-08,138.1,139.25,137.25,138.75,509372
2023-02-09,137.2,143.4,136.3,138.45,2978524
2023-02-10,139.15,140.9,136.25,138.15,1050922
2023-02-13,137,139.9,136.75,139.6,493560
2023-02-14,133.8,137.65,133,137.5,719879
2023-02-15,134.35,135.45,133.2,134,397865
2023-02-16,132.75,136.3,132.5,135,632833
2023-02-17,131.85,136.65,131.5,134,1245376
2023-02-20,132.55,133.95,130.1,132.55,777880
2023-02-21,133.2,134.6,132.45,132.45,564438
2023-02-22,130.2,133.15,130,132.65,530061
2023-02-23,130.8,133,130.15,132.25,779052
2023-02-24,133.15,133.8,129.2,131.5,1147441
2023-02-27,130.3,135.7,129.8,133.85,1129294
2023-02-28,128.1,130.95,128,130.9,717513
2023-03-01,127.95,130,127.5,128.35,684143
2023-03-02,127,128.8,126.7,128.1,623265
2023-03-03,127.85,128.85,127.2,127.2,739460
2023-03-06,127.95,130.9,127.55,128.5,1044430
2023-03-08,127.95,130.3,127.45,127.5,925910
2023-03-09,126.15,129.9,125.9,128.4,1307632
2023-03-10,125.05,126.6,124.85,126.1,695595
2023-03-13,120.5,125.85,120,125.8,1266247
2023-03-14,122.6,125.2,118.15,120.9,1750982
2023-03-15,120.85,124.55,120.4,123.5,804830
2023-03-16,122.95,123.85,119.55,121.8,1075183
2023-03-17,125.8,128.2,124.45,124.75,1755416
2023-03-20,125.2,125.8,124.2,125.8,662136
2023-03-21,127.1,127.7,125.25,125.9,623792
2023-03-22,127.3,129.7,126.95,128,859045
2023-03-23,130.6,131.9,127.4,127.85,1999655
2023-03-24,127.85,133.95,127,130.9,1458443
2023-03-27,126,129.1,124.7,128.2,802174
2023-03-28,122.2,127.65,121.8,126,1394957
2023-03-29,127.15,127.5,122.7,122.9,1349682
2023-03-31,126.05,129.95,125,128.3,2371396
2023-04-03,130.5,131,126.7,126.9,1014379
2023-04-05,135.4,136.35,130,131,1987111
2023-04-06,133.4,135.75,132.15,135.7,830736
2023-04-10,134.8,135.95,133.7,134.45,659359
2023-04-11,133.95,136.45,132.95,134.8,640718
2023-04-12,133.3,135.25,132.85,134.25,383140
2023-04-13,132.75,135,131.95,133.5,457014
2023-04-17,133.8,134.5,132,132.6,458217
2023-04-18,133.4,134.85,132.95,133.85,427415
2023-04-19,135.55,139.15,133.5,133.85,1881643
2023-04-20,135.2,137.5,134.9,136.25,524433
2023-04-21,132.55,136.35,131.55,135.45,472633
2023-04-24,129.85,133.2,129.5,133.1,713694
2023-04-25,128.85,130.7,127.9,130.15,896951
2023-04-26,133,133.9,129,129,1010208
2023-04-27,131.85,133.6,131.1,133.6,473230
2023-04-28,133.45,135.5,132.5,132.5,639251
2023-05-02,134.4,136.7,133.45,133.5,960750
2023-05-03,134.35,135.5,133.4,133.9,567100
2023-05-04,135.9,137.2,133.95,134,817997
2023-05-05,134.1,136.5,133.6,135.9,525442
2023-05-08,140.9,141.8,134.15,134.2,2593987
2023-05-09,148.25,148.9,141.65,142,5491302
2023-05-10,153.8,155.75,144.4,148.9,6782216
2023-05-11,161.85,165,154.05,154.05,9647285
2023-05-12,152.8,164.8,151.05,163.15,9338752
2023-05-15,155.8,158.25,152.15,152.8,3226458
2023-05-16,152.7,157.05,151.55,156,1418788
2023-05-17,151.45,153.15,148.4,151.8,1968470
2023-05-18,153.85,156.2,151.95,151.95,2893029
2023-05-19,154.2,159.6,153.15,154.4,1939337
2023-05-22,157.65,159,151.9,154.2,1665082
2023-05-23,153.55,158.3,152.75,158,1338876
2023-05-24,152.45,155.1,152,153.25,936782
2023-05-25,147.6,153.85,146.25,152.8,1619987
2023-05-26,148.3,150,146.8,148.65,905211
2023-05-29,133.05,141.95,131.75,141.2,7543010
2023-05-30,132.2,135.65,128.5,133.2,6204036
2023-05-31,130.4,134.95,130,132.9,2415830
2023-06-01,129.35,132.45,129,130.5,2011340
2023-06-02,130.8,133.65,130.3,130.65,2570611
2023-06-05,135.25,137.5,132.45,132.45,4047204
2023-06-06,135.1,137.4,133.3,135.95,1787183
2023-06-07,134.65,136.1,133.45,135.65,1902759
2023-06-08,136.4,138.2,134.25,134.6,1997570
2023-06-09,134.5,137.15,134,136.7,910479
2023-06-12,134.65,136.45,134.3,135,1246363
2023-06-13,137.05,138.2,136.05,136.05,1573828
2023-06-14,139.35,140.45,137.5,137.5,2300318
2023-06-15,138.2,141.95,137.65,139.75,1549565
2023-06-16,139.1,140.55,137.7,139.05,1425141
2023-06-19,139,140.9,138.5,139.75,872626
2023-06-20,138.9,140.65,138,138.85,631548
2023-06-21,139.85,142.9,139.05,139.4,1541594
2023-06-22,138.75,142,138.15,140.8,1266055
2023-06-23,138.3,140.45,137.35,139.3,1125006
2023-06-26,138.1,139,137.65,138.75,490204
2023-06-27,137.2,139.75,136.5,138.65,612801
2023-06-28,136.35,138.85,136,137.9,716849
2023-06-30,134.75,137.6,133.45,136.95,1188988
2023-07-03,133.9,138.5,133.25,135.4,1786280
2023-07-04,135.4,136.6,133.8,133.9,885981
2023-07-05,134.9,136.75,134.4,135.45,881114
2023-07-06,134.85,136.75,134.05,135.4,1472194
2023-07-07,135.3,136.2,134.5,134.9,1042161
2023-07-10,134.45,136.5,134.25,135.95,740384
2023-07-11,138.35,140.15,134.55,134.9,3524809
2023-07-12,139.15,142.25,138.65,141.2,2745312
2023-07-13,137.1,140.4,136.3,139.8,1002017
2023-07-14,137.6,138.65,135.75,137.75,845236
2023-07-17,138.3,140.4,137.15,137.15,1425299
2023-07-18,137.15,138.95,136.95,138.95,581871
2023-07-19,137.5,138.6,136.75,136.75,637918
2023-07-20,135.35,138.2,134.85,137.5,1062954
2023-07-21,136.8,137.85,134.4,135,709491
2023-07-24,136.15,137.85,135.65,137,493605
2023-07-25,135.65,137.75,134.8,136.15,787090
2023-07-26,135.7,137.15,135.4,136.25,579081
2023-07-27,135.05,136.95,134.9,135.95,585035
2023-07-28,134.95,136.3,134.6,135.35,631695
2023-07-31,136.15,137.5,134.8,135,1388213
2023-08-01,138.05,138.7,136.35,136.55,1264521
2023-08-02,139.1,142.8,137.55,137.55,3644028
2023-08-03,139.8,141,137.1,139.1,1288750
2023-08-04,141,143.5,140.25,140.7,1892219
2023-08-07,139.45,142.5,139.15,141.4,1021165
2023-08-08,138.15,140.15,137.55,140,700892
2023-08-09,139.75,142,137.7,138.45,1383816
2023-08-10,132.2,143,129,140,5212781
2023-08-11,132.6,134.4,130.05,130.05,1204643
2023-08-14,131.3,132.9,129.5,132.3,816294
2023-08-16,131.55,132.3,130.45,131,688898
2023-08-17,133.4,135.8,131.3,132.2,1519779
2023-08-18,131.3,134.15,130.8,133.95,744092
2023-08-21,132.75,133.7,131,132,1079160
2023-08-22,135,136.25,132.1,132.95,1435984
2023-08-23,136,137,134.6,136.2,869724
2023-08-24,135.15,136.95,134.55,136.95,675596
2023-08-25,133.75,136.65,133,134.95,704683
2023-08-28,143.85,144.6,133.95,133.95,6405214
2023-08-29,145.1,147,139.6,144.7,5530780
2023-08-30,144.1,148.8,143.55,145.9,2239883
2023-08-31,150.55,151,144.15,144.9,4785710
2023-09-01,148.75,153.15,148,151,2641570
2023-09-04,150.75,153.85,149.2,149.95,2666120
2023-09-05,149.05,154.95,146.1,151.65,2603290
2023-09-06,149.2,152.95,146.95,149.1,2308067
2023-09-07,151.3,154.5,148.85,150,2122653
2023-09-08,149.1,152.7,148.7,152.25,1063022
2023-09-11,146.6,150.95,146.1,149.95,1327570
2023-09-12,138.1,148.85,137.6,147.25,2088158
2023-09-13,139.8,141.5,137.3,138.5,1064776
2023-09-14,143.9,144.5,140.25,140.25,984610
2023-09-15,146.05,148,143.5,145,2341570
2023-09-18,145.65,148.9,145.4,146.4,1175624
2023-09-20,142,144.95,141.3,144.7,850711
2023-09-21,140.15,142.7,139.5,141.65,680329
2023-09-22,141.4,142.8,139.25,140.75,661205
2023-09-25,139.1,142.15,138.5,142,593927
2023-09-26,138.6,140.3,138.1,139.4,495131
2023-09-27,138.3,139.75,137.45,138.5,809580
2023-09-28,138.35,141,137.95,139.3,656126
2023-09-29,138.3,139.9,137.3,139.15,793815
2023-10-03,137.8,139.3,136.55,138,818996
2023-10-04,135,138.1,134.2,137.4,955398
2023-10-05,135.55,136.8,134.5,136,836891
2023-10-06,135.3,136.2,134.4,136.2,833085
2023-10-09,133.55,134.9,132.3,134.1,653558
2023-10-10,134.6,135,133.7,134,326172
2023-10-11,134.3,136.1,134.1,135,624869
2023-10-12,135.85,137.3,134.4,134.55,676028
2023-10-13,135.95,137,135,135.4,630287
2023-10-16,133.95,136.35,133.65,135.85,932059
2023-10-17,134.1,135.1,133.75,134.85,670398
2023-10-18,133.95,135.7,133.4,134.3,767093
2023-10-19,132.75,133.75,132.1,133.5,566907
2023-10-20,131.4,134.15,131.05,132.2,900461
2023-10-23,125.35,131.85,124.5,131.1,1052477
2023-10-25,124.9,127.8,123.5,126,794681
2023-10-26,124.85,125.8,121.05,124,761478
2023-10-27,126.9,127.7,125.25,125.9,500970
2023-10-30,125.85,127.5,123.15,126.9,439244
2023-10-31,125.7,127.3,125.2,126.4,337317
2023-11-01,123.75,126.8,122.5,126.2,409337
2023-11-02,125.2,126.2,124.1,125,486460
2023-11-03,128.3,129.45,125.7,126.1,734645
2023-11-06,130.1,132,129.3,131,727402
2023-11-07,130.05,131.2,129.25,130.2,397378
2023-11-08,126.75,130.25,126,130.05,1250042
2023-11-09,130.8,132.5,126.3,127.8,1287311
2023-11-10,129.1,131.65,128.55,130.8,440529
2023-11-13,129.4,130.35,128.85,130,318188
2023-11-15,130.5,131.25,129.9,130.55,482901
2023-11-16,129.55,131,129.3,130.5,413644
2023-11-17,129.75,132.05,128.8,128.8,689872
2023-11-20,129.3,130.7,128.6,129.75,383227
2023-11-21,129.45,131.15,129,129.4,444953
2023-11-22,132.4,134.7,129.45,129.8,1473428
2023-11-23,132.75,135.25,132.1,133.25,1322730
2023-11-24,134.8,137,132.75,132.75,1806644
2023-11-28,134.3,136.9,133.45,136.9,808726
2023-11-29,132.55,134.95,131.9,134.85,830998
2023-11-30,132.1,133.25,130.8,133.2,843939
2023-12-01,132,133.5,131.65,132.4,518334
2023-12-04,139.4,139.9,131.9,133.5,4251187
2023-12-05,138.55,141.7,137.1,141,2225745
2023-12-06,136.75,139.45,136.1,138.95,1024995
2023-12-07,135.75,136.9,134.1,136.85,1289714
2023-12-08,139.2,142.5,135.85,136.05,3105572
2023-12-11,138.85,142.1,137,140.55,1585681
2023-12-12,137.9,139.7,137,139.35,927120
2023-12-13,140.85,143.2,136.45,138.95,1892680
2023-12-14,141.25,143.9,140.55,141.75,2001295
2023-12-15,139.5,141.9,138.7,141.8,1130141
2023-12-18,138.2,139.9,138,139.5,802792
2023-12-19,140.05,142.05,138,138.4,1476924
2023-12-20,133.75,141.45,133.15,140.8,1859260
2023-12-21,135.35,136.5,132.4,134.4,1059902
2023-12-22,135.15,137.4,134.5,136.3,846134
2023-12-26,144.45,145.5,135.45,135.9,6946477
2023-12-27,149,150,145.05,145.6,6749621
2023-12-28,147.85,151.7,147.05,149.8,2327505
2023-12-29,151.95,154,145.6,147.85,4958506
2024-01-01,156.15,158.45,152.25,152.25,4749242
2024-01-02,156.6,158.8,153,156.05,3729198
2024-01-03,161.85,164,155,155.5,7281913
2024-01-04,161.55,165.85,160.2,163,5483446
2024-01-05,156.65,163.9,154.25,161.65,3594867
2024-01-08,154.3,159.9,153.7,157.1,2144221
2024-01-09,152.75,157,152.2,155.6,1573809
2024-01-10,155.1,156.7,152.5,152.95,2229033
2024-01-11,158.55,161.45,155.6,156,3919655
2024-01-12,157.4,160.7,156.35,159.9,1762178
2024-01-15,153.45,157.7,152.95,157,1474400
2024-01-16,149.95,155,147.6,153.05,1896961
2024-01-17,149.3,154,146.9,147.65,1667606
2024-01-18,152.2,154.5,145.3,148.95,1801602
2024-01-19,155.7,159.15,152.2,153.25,2701721
2024-01-22,164.8,169.55,155.45,155.9,11055776
2024-01-23,165,175.7,163.05,166.25,8529695
2024-01-24,164.45,171,161.65,166.15,3118383
2024-01-25,164.8,168.75,164.25,164.45,1625697
2024-01-29,166.55,171.2,165.85,166.1,2839328
2024-01-30,162.1,169.5,160.15,167.2,1892529
2024-01-31,163.7,164.8,160.85,162.8,1159609
2024-02-01,165.2,168.8,162.45,164,2217400
2024-02-02,166.6,171.4,165.1,166.45,2270214
2024-02-05,169.25,173.9,166.5,167.6,3953688
2024-02-06,165.4,170.3,164,169.7,1207733
2024-02-07,160.35,169.9,159.25,166.7,1956959
2024-02-08,169.4,174,159.4,160.5,12101558
2024-02-09,165.7,173,162,171.5,4792445
2024-02-12,151.6,166.6,150.45,166.4,2289042
2024-02-13,154.5,157.25,146,151.95,2328842
2024-02-14,155.35,156.5,152.1,153,1741265
2024-02-15,158.15,159.8,156,156,1275351
2024-02-16,163.9,167.8,158.25,159,3285735
2024-02-19,169,173,164.15,165,2908126
2024-02-20,165.2,173,164.4,169.45,1771292
2024-02-21,162.7,169.8,161.55,165.7,1637883
2024-02-22,161.65,164.2,159.8,163,1327699
2024-02-23,162.65,167.5,162.2,162.45,1679424
2024-02-26,162.3,164.6,161.15,162,1187384
2024-02-27,159.55,164.2,158.6,161.9,1503110
2024-02-28,152.55,161.2,151.8,160.15,1528497
2024-02-29,151.25,156.6,149.5,153.7,1601025
2024-03-01,153,157.4,152.05,153.35,1701158
2024-03-04,150.3,156.6,149.5,156,1458606
2024-03-05,148.1,151.15,147.55,150.3,1283913
2024-03-06,143.55,148.65,142,148.1,1766252
2024-03-07,142.85,145.9,142.3,144.8,1023928
2024-03-11,138.6,143.4,137.8,143.15,1534886
2024-03-12,134.15,139.2,133.2,138.9,1571651
2024-03-13,125.8,136.6,125,135.5,3359311
2024-03-14,129.95,131.9,126.3,127.2,3429076
2024-03-15,130.2,132.85,127.75,129.9,1922604
2024-03-18,128.5,131.75,127.8,130.3,1494232
2024-03-19,126.25,130.8,126,128.65,1465410
2024-03-20,123.95,128,123.65,127.3,1767276
2024-03-21,127.35,128.55,124.7,125.5,1579589
2024-03-22,127.9,129.5,127.45,127.55,1300399
2024-03-26,124.25,129.6,123.5,128.4,2231425
2024-03-27,124.8,127.5,124.05,125.4,2695605
2024-03-28,126.6,128.2,125.65,126.3,1685702
2024-04-01,130.15,132.8,126.1,126.1,2438813
2024-04-02,136.3,137,130.65,130.7,2374695
2024-04-03,138.1,139.8,135.55,136,1572073
2024-04-04,137.7,139.8,136.8,139.25,1099448
2024-04-05,138.85,141.05,137.4,138,1058465
2024-04-08,138.15,142.25,137.2,141,977374
2024-04-09,136.1,140.25,134.9,138.35,1452834
2024-04-10,137.05,138.2,135.1,136.65,657970
2024-04-12,134.9,137.75,134.4,136.35,676428
2024-04-15,131.85,133.55,129.3,132.5,934711
2024-04-16,132.7,134.2,130.35,130.4,733116
2024-04-18,131.05,134.4,130.35,132.9,735791
2024-04-19,131.8,132.7,128,129.1,722422
2024-04-22,132.65,133.45,131.8,132.95,554318
2024-04-23,134,134.75,132.8,133.5,596719
2024-04-24,136.55,137.5,134.65,134.75,953618
2024-04-25,135.55,137.65,134.8,136.4,702581
2024-04-26,134.65,136.2,134.5,136.2,578892
2024-04-29,136,139.5,134.5,135.5,1311527
2024-04-30,141.45,144.25,135.6,136.45,6396429
2024-05-02,145.3,147.25,142.75,142.8,3895582
2024-05-03,142.7,146.6,140.8,146.55,2127790
2024-05-06,140.15,143.3,138.6,143,1049110
2024-05-07,136.7,140.65,135.05,140.3,963109
2024-05-08,134.65,140,132.1,137,3462570
2024-05-09,131.35,135.25,130.5,133,1457082
2024-05-10,131.75,133.2,129.7,132.1,744290
2024-05-13,131.75,132.7,128.5,131.6,803246
2024-05-14,132.45,133.9,131.6,132.05,649943
2024-05-15,133.15,134.85,132.65,133,461319
2024-05-16,131.3,134.5,130.05,132.95,602002
2024-05-17,133.85,136,131.5,131.5,828128
2024-05-20,134.35,136,133.8,134.7,165744
2024-05-21,132.25,134.35,131.9,134.35,783747
2024-05-22,132.85,134.25,131.4,132.4,514181
2024-05-23,133.1,133.75,132.25,133.55,434310
2024-05-24,129.6,131,128.8,130.2,1422036
2024-05-27,128,131.6,127.5,131,1145566
2024-05-28,127.35,128.75,126.5,128.6,691150
2024-05-29,125.9,127.4,125.2,127.35,732139
2024-05-30,124.45,125.8,124,125.5,737979
2024-05-31,121.85,125.4,121.35,124.5,2565408
2024-06-03,123.4,126.85,122,126.1,1117077
2024-06-04,115.7,124.6,112.05,123.5,1659012
2024-06-05,122.4,123.6,113.8,116.5,1156443
2024-06-06,124.9,126,123,123,734665
2024-06-07,127.8,128,124.65,125.1,1098796
2024-06-10,127.75,130.94,127,127.85,1268528
2024-06-11,128.17,129.02,127.36,128.4,569181
2024-06-12,131.04,134.33,129.03,130.3,2403281
2024-06-13,134.64,135.8,131.81,132,3044272
2024-06-14,133.62,135.29,132.9,134.64,742306
2024-06-18,131.7,134.69,131.05,134.3,824478
2024-06-19,129.86,132.4,129.1,132.2,751200
2024-06-20,133.95,135.45,130.01,130.1,1568975
2024-06-21,135.16,139.29,134.17,134.17,4072139
2024-06-24,134.29,136.9,134.06,135.05,745192
2024-06-25,136.24,138,133.66,134.75,1285682
2024-06-26,134.51,136.79,134.01,136.79,718271
2024-06-27,131.75,135.64,131.05,134.3,677509
2024-06-28,131.41,133.44,131.1,132.39,667850
2024-07-01,137.11,137.99,131.41,131.99,2270062
2024-07-02,141.43,143.02,135.71,137.85,3720473
2024-07-03,148.2,150.2,140.5,142.5,6729455
2024-07-04,159.75,162.9,148.53,148.9,17258240
2024-07-05,156.59,162,155.66,161,3604255
2024-07-08,165.53,167.25,156,157,8004625
2024-07-09,170.79,171.71,160.78,167,7966579
2024-07-10,171.27,177,164,172,11390667
2024-07-11,171.97,176.89,171,173.27,3680936
2024-07-12,166.07,172.8,165.22,172.75,2837958
2024-07-15,168.69,171,163.31,167,4887441
2024-07-16,164.43,169.5,163.62,169,2346830
2024-07-18,158.89,164.99,157.95,163.99,2579441
2024-07-19,153.55,160.97,152,158,3202432
2024-07-22,158.78,160.35,150.83,151.9,2157918
2024-07-23,155.38,159.37,148.05,158.7,1945623
2024-07-24,160.67,162.8,154,154,1822016
2024-07-25,161.48,164,157.31,158.22,1459174
2024-07-26,163.98,167.5,159,161.46,3676348
2024-07-29,167.36,170.95,165.06,165.9,3126620
2024-07-30,177.41,178.5,166.25,167,10290291
2024-07-31,175.9,181.4,174.1,178.7,5475556
2024-08-01,169.71,177.4,169,176.1,2879565
2024-08-02,165.3,170.9,164.7,165.4,2805782
2024-08-05,155.81,161.9,154.01,161,2839801
2024-08-06,154.25,162.88,153.26,157.21,2218380
2024-08-07,158.41,159.75,155.5,157.8,1335698
2024-08-08,154.04,167,153.11,159.8,5090587
2024-08-09,163.19,165.55,158.52,160,5124020
2024-08-12,169.75,171.25,160.56,161.8,4930604
2024-08-13,164.68,174.7,163.62,171.2,3887967
2024-08-14,162.87,165.99,161.2,164.7,1414139
2024-08-16,165.98,167.96,162.2,163,1538547
2024-08-19,167.89,171,165.57,166,1817308
2024-08-20,174.02,175,167.4,169,5313866
2024-08-21,175.5,179.7,174.2,174.45,5658828
2024-08-22,174.19,176.9,172.56,176,2223696
2024-08-23,176.27,179.3,172.74,174,3927057
2024-08-26,180.86,182.75,176.27,177,7150142
2024-08-27,177.46,184.25,176.11,182,4036451
2024-08-28,173.4,181,172.5,177.46,2291377
2024-08-29,168.75,174.85,167.8,173.33,2249816
2024-08-30,167.96,171.48,167.01,169.15,1081673
2024-09-02,163.95,168.69,162.5,168,1528325
2024-09-03,163.36,167.2,163.06,164,1193011
2024-09-04,162.55,165.6,161.05,161.4,1149007
2024-09-05,167.24,168,163.64,163.69,1494702
2024-09-06,165.2,168.95,163,168.48,1729815
2024-09-09,175.52,177.4,161.3,165,7231947
2024-09-10,175.39,181.98,174.8,177,6265716
2024-09-11,174.76,181,173.86,175.75,3216389
2024-09-12,178.07,182.9,173.57,175.99,5063018
2024-09-13,181.18,186,176.1,178.65,6432423
2024-09-16,188.74,190.65,181.43,181.98,11815422
2024-09-17,186.21,189.27,183.9,189.2,3547868
2024-09-18,182.21,192.7,181.01,185.99,5053648
2024-09-19,176.45,184.85,174,183.26,3219315
2024-09-20,176.33,180,175.46,177,2310999
2024-09-23,181.7,183.2,175,175,2473899
2024-09-24,177.96,181.99,177.27,181,1179631
2024-09-25,177.69,180.9,176.8,177.2,1415281
2024-09-26,173.81,178.94,173.1,178.11,1341102
2024-09-27,173.11,176.32,172.99,173,1230246
2024-09-30,174.57,178.4,172,172.1,1652480
2024-10-01,180.02,181,175,175,3047280
2024-10-03,176.53,184.7,175.25,176,4304952
2024-10-04,170.2,177.5,168.15,175.84,2544634
2024-10-07,161.27,171.63,160.21,170.95,2552740
2024-10-08,165.8,166.9,159,161.25,2040727
2024-10-09,172.24,174.35,165.79,165.8,1820031
2024-10-10,173.19,175.63,170.37,172.35,1864278
2024-10-11,171.21,173.8,169.95,172.51,956990
2024-10-14,185.77,187,170.55,170.55,7219978
2024-10-15,189.7,193.3,186.01,187.7,7758359
2024-10-16,193.22,195.15,189.1,190.7,5805267
2024-10-17,188.99,196.37,188.1,193.85,3996910
2024-10-18,194.2,197.65,182.65,187.5,6065712
2024-10-21,192.85,199,191.46,196,4600557
2024-10-22,179,192.12,177.77,192.12,3929565
2024-10-23,182.33,187.99,178.28,179,2825317
2024-10-24,179.8,184.52,178.52,182.7,1426925
2024-10-25,170.34,180.44,169,178.95,2467295
2024-10-28,176.74,178.6,170.17,171.8,1995118
2024-10-29,175.38,178.15,172.45,175.2,1010686
2024-10-30,183.74,186.35,174.51,175.5,2547105
2024-10-31,186.07,187.2,182.25,182.62,1619210
2024-11-01,187.88,189.58,186.07,186.89,492300
2024-11-04,184.89,187.39,182.7,187.3,1334661
2024-11-05,187.67,192.45,183.55,185,2450439
2024-11-06,191.09,192.45,188.6,189.1,1590302
2024-11-07,193.02,199.44,190.52,191.5,3990792
2024-11-08,189.14,193.65,186.93,193.02,1535346
2024-11-11,182.76,193.51,180,190.37,2699034
2024-11-12,179.19,187.08,176.68,185.2,1250770
2024-11-13,159.23,177,154.5,176,8043800
2024-11-14,161.87,167,158.06,159.02,2456342
2024-11-18,166.52,169,157.5,162.7,2496849
2024-11-19,174.54,179,165.5,166.4,3395078
2024-11-21,169.49,175.88,167.98,174,1819167
2024-11-22,172.19,173.75,168.7,169.74,1122425
2024-11-25,173.21,176.44,172.39,175,844401
2024-11-26,179.09,180,169.98,173.2,1703152
2024-11-27,184.83,185.8,179.77,180.53,2398182
2024-11-28,181.81,185,180.61,184.7,962889
2024-11-29,186.98,187.5,179.51,180.14,1653531
2024-12-02,189.39,196.7,188.5,194.5,9716333
2024-12-03,188.88,194,188.08,188.1,2717269
2024-12-04,190.55,192.4,187.2,190,1630425
2024-12-05,198.59,206.8,190.96,191.29,11854337
2024-12-06,197.68,204.25,196.21,200.5,4265591
2024-12-09,213.24,214.9,197.42,197.99,9275013
2024-12-10,251.61,254.38,224,228.4,63756620
2024-12-11,253.95,259.49,239.74,250,32885664
2024-12-12,242.02,253.45,240.6,253,7195167
2024-12-13,241.33,246.59,238.31,240,6243785
2024-12-16,246.79,251.25,241,242.45,5560228
2024-12-17,239.47,252.78,238.1,246,4550192
2024-12-18,239.95,247.8,230.4,241,3882801
2024-12-19,239.73,244.49,234.08,235,3337466
2024-12-20,232.38,247.7,231.1,241.91,5920770
2024-12-23,229.34,236.95,228.03,236,2766609
2024-12-24,247.62,264,229.61,235.5,49416648
2024-12-26,235.06,254.7,232.19,249.42,18435052
2024-12-27,281.83,282.07,232.44,236.9,79158656
2024-12-30,296.49,319.5,271.08,288.7,117409368
2024-12-31,277.47,299,272.1,287,33520540
2025-01-01,275.95,286.55,274,280,10703027
2025-01-02,272.4,281.3,268.35,278.45,5612253
2025-01-03,278.55,290.95,273.3,274,12307172
2025-01-06,265.05,285.5,260.85,280.8,8287764
2025-01-07,270.85,278,264.05,267,5645283
2025-01-08,274.95,282,265.3,271.95,5760271
2025-01-09,264.35,274.65,261.5,274.65,3931227
2025-01-10,248.65,262,247,262,4184327
2025-01-13,237.4,257.7,235.5,242.95,5517431
2025-01-14,241.9,247,236.6,241.8,2950207
2025-01-15,239,248.95,236.2,243.7,3845098
2025-01-16,252.35,259,243,243,5486242
2025-01-17,248.9,251.9,245.1,250.95,2283465
2025-01-20,265.7,270.35,250.9,251.7,5825127
2025-01-21,252.3,266.75,250.35,266.7,4556569
2025-01-22,245.45,252.9,240.2,251.9,3368379
2025-01-23,247.75,256.4,243.1,246,3832577
2025-01-24,241,247.8,240.05,242,3254775
2025-01-27,246.15,252.45,216.9,237,10738201
2025-01-28,253.35,260.85,236,253.95,10514175
2025-01-29,265.15,275.65,252.55,252.95,11876841
2025-01-30,264.3,277,262,269,5823058
2025-01-31,265.95,268.75,261.65,265.6,2922633
2025-02-03,280.75,282.95,257.95,260,11362810
2025-02-04,288.15,291.65,279.85,281.9,9735172
2025-02-05,286.55,294.4,285.1,289.9,4588952
2025-02-06,288.15,305.85,281.95,286.65,15436390
2025-02-07,288.75,294.8,285,288.4,5087901
2025-02-10,281.25,289.4,275.3,288.5,4997724
2025-02-11,267.55,280.05,265.6,280.05,4214557
2025-02-12,278.6,285.75,263.05,267.55,9327223
2025-02-13,280.5,289,275.4,280.4,6192440
2025-02-14,262.05,283.6,258.15,282,5677351
2025-02-17,268.25,272.85,254.6,260.7,6932715
2025-02-18,256.8,269.4,252.7,269,4657344
2025-02-19,274.25,276.25,251.2,256,4548980
2025-02-20,271.8,277.25,270,272.25,2771828
2025-02-21,263.15,282.2,255.35,270.85,7283864
2025-02-24,257.5,262.45,255.35,258.15,2474960
2025-02-25,255.15,265.7,253.15,259,2729941
2025-02-27,246.05,257.1,244,256.45,2648009
2025-02-28,228.65,244.8,226.05,241.5,7253943
2025-03-03,230.2,237.65,219.23,229.49,6861447
2025-03-04,231.75,237.1,225,226,3697071
2025-03-05,235.29,238.74,232.4,232.4,2749942
2025-03-06,237.51,242.19,234.63,237,3112191
2025-03-07,237.2,244.2,236.26,237.8,3000918
2025-03-10,221.57,239.07,219.1,237.15,3365992
2025-03-11,223.03,225.85,215.4,218,3677982
2025-03-12,218.61,225.4,217.14,224.44,2148730
2025-03-13,214.96,222.04,214,219.1,1957464
2025-03-17,204.75,214.46,202.12,213,4182191
2025-03-18,218.2,220.99,204.26,204.75,4457778
2025-03-19,224.51,225.57,219.13,220,3071626
2025-03-20,221.81,229.37,221.06,226.7,2985289
2025-03-21,228.3,230.75,220.75,222.5,3040747
2025-03-24,229.56,234.4,228.5,229.65,1651041
2025-03-25,219.87,232.39,218.25,231.45,2283866
2025-03-26,213.8,223.8,213.02,220.8,2127710
2025-03-27,221.82,222.97,212.31,213.8,2439457
2025-03-28,214.8,224.45,214,223,1880506
2025-04-01,213.07,220.24,212.05,213.91,2140357
2025-04-02,214.18,215.4,207.22,214.7,2411461
2025-04-03,214.5,215.79,208.99,209,1418624
2025-04-04,194.44,215.28,192.78,213.91,4573884
2025-04-07,181.24,183.9,168.25,170,4608568
2025-04-08,184.56,190.82,181.25,186.9,2140929
2025-04-09,174.08,183.88,173.01,183.82,2811195
2025-04-11,182.7,188.68,179.26,182.78,4779957
2025-04-15,191.81,195.93,185.7,187.7,3332773
2025-04-16,195.77,199.35,191.4,192,2960573
2025-04-17,194.66,197.29,193.07,195.99,1374938
2025-04-21,203.05,204.31,194.5,196.4,3577773
2025-04-22,202.25,205.95,200.25,204.07,1689405
2025-04-23,205.15,208,197.9,204,3827128
2025-04-24,201.88,206.07,200.05,204.99,2135878
2025-04-25,192.24,203.4,190.2,202.5,2594760
2025-04-28,190.76,194.68,188.81,192.3,1866212
2025-04-29,189.35,195.86,188.77,192.1,1434474
2025-04-30,199.57,209.68,183.55,189.9,25433860
2025-05-02,193.81,199.49,191.15,198.96,4979910
2025-05-05,197.11,201.89,193.75,194.95,3003540
2025-05-06,189.96,198.45,188,197.8,1874697
2025-05-07,192.84,193.5,184.6,184.6,1966747
2025-05-08,186.93,196.34,182,193.85,1548541
2025-05-09,184.69,185.94,180.35,180.35,1625416
2025-05-12,201.31,202.09,192.41,194.4,3471396
2025-05-13,202.69,205,199.65,202,2020668
2025-05-14,208.15,212.31,203.5,205.11,4489491
2025-05-15,213.02,215,209,209.96,2581182
2025-05-16,214.01,217.2,211.3,214.28,1949180
2025-05-19,215.33,218.8,212.2,214.19,1810491
2025-05-20,211.72,219.39,210.26,214.27,1818409
2025-05-21,212.16,214.4,210,211,976066
2025-05-22,210.14,213.79,208.1,211.65,1131392
2025-05-23,211.4,211.99,208.1,210.51,1265301
2025-05-26,210.33,213.55,209.36,212.02,1172390
2025-05-27,205.55,211.99,205.02,210.95,1113331
2025-05-28,204.49,208.59,203.4,206.29,1350800
2025-05-29,205.1,208.9,204,205.6,945024
2025-05-30,199.49,206.34,198.54,206,1493417
2025-06-02,198.12,203.4,197.35,200,1480439
2025-06-03,199.19,202.7,198.2,199.6,1655622
2025-06-04,204.13,208.5,198.98,199.35,3006147
2025-06-05,203.57,210.79,202.57,205.88,2244595
2025-06-06,202.89,205.87,202,203.57,1466927
2025-06-09,212.85,214.19,203.2,203.2,3959952
2025-06-10,213.31,216.79,212.5,214.5,2513409
2025-06-11,212.18,214.99,209.21,214,1482751
2025-06-12,207.03,212.4,205.15,212,1406297
2025-06-13,203.54,206.47,200.3,200.7,1541510
2025-06-16,204.53,205.75,199.2,203.54,1219078
2025-06-17,201.02,205.99,200.28,204.5,869875
2025-06-18,199.11,202.6,198.6,200.8,841826
2025-06-19,193.37,201.25,191.25,199.1,1045303
2025-06-20,195.15,196.19,192.1,193.2,1037182
2025-06-23,194.34,195.99,192.15,192.4,738963
2025-06-24,195.99,200.44,195.13,197.45,1136508
2025-06-25,203.79,204.6,196.66,196.66,1036096
2025-06-26,202.35,205.73,201.05,204.5,841694
2025-06-27,204,206.95,202.9,203,971123
2025-06-30,204.01,205.51,200,204.99,968322
2025-07-01,203.52,205.96,200.7,203.5,1329663
2025-07-02,201.91,205.5,200.25,204,848036
2025-07-03,206.67,211.65,201.2,201.5,2907501
2025-07-04,204.65,211.4,203.76,207,2058424
2025-07-07,200.16,205.8,198.73,204,1368555
2025-07-08,200.11,203,198.17,200.15,828307
2025-07-09,203.12,204.36,199.5,199.51,1381641
2025-07-10,202.92,205,201.66,203.9,792430
2025-07-11,201.33,203.9,199.85,202.1,705242
2025-07-14,203.06,203.9,200.06,201.31,1039524
2025-07-15,212.48,215.6,203.11,203.98,5029940
2025-07-16,211.95,216.75,210.99,214.7,2422321
2025-07-17,209.91,214.53,209.18,212.6,1153513
2025-07-18,207.01,211.89,206.56,210.9,878755
2025-07-21,205.96,208.55,205,207,809112
2025-07-22,204.23,208.28,203.48,206.95,632912
2025-07-23,203.54,207,202,203.75,1367345
2025-07-24,208.81,214.69,203.16,204.8,3413569
2025-07-25,200.15,208.8,199.55,208.8,1439474
2025-07-28,196.69,202.7,195.53,200.15,1042784
2025-07-29,198.9,199.72,194.01,195.69,924712
2025-07-30,212.11,215.9,197.2,199.9,14818567
2025-07-31,226.21,244.3,211.1,211.1,55328752
2025-08-01,218.18,231,217,227.44,6387490
2025-08-04,213.32,217.97,211.35,217.35,2573069
2025-08-05,210.35,222.7,209.2,214.7,5564646
2025-08-06,206.6,212.45,204.58,210.95,1851229
2025-08-07,209.53,210.77,202.9,204.15,2375377
2025-08-08,206.28,209.64,205,209.53,1053857
2025-08-11,206.68,208.52,203.26,205.97,1360899
2025-08-12,213.83,219.69,206.37,206.7,5112610
2025-08-13,214.12,216.65,212.51,215.5,1384213
2025-08-14,209,215.62,208.39,214.3,1115643
2025-08-18,213.95,215.53,209.5,212,1621688
2025-08-19,212.69,214.89,211.5,213.7,916728
2025-08-20,213.84,217.66,211.32,213.1,1780232
2025-08-21,215.77,221.7,212.44,214.8,3885446
2025-08-22,208.57,216.8,207.35,216,1667407
2025-08-25,207.06,211,206.31,209.44,976917
2025-08-26,202.18,207.11,201.1,207,1073045
2025-08-28,199.49,203.35,197.83,202.69,1191793
2025-08-29,198.16,202.5,197.48,200,1151720
2025-09-01,205.11,205.99,198.26,198.3,1714152
2025-09-02,226.41,234.8,203.62,206.2,24803940
2025-09-03,226.21,232.94,224.32,227.9,5492186
2025-09-04,224.06,228.5,222.5,228.4,2128802
2025-09-05,223.73,233.12,220.52,223,3030356
2025-09-08,218.15,225.7,217.05,224.6,1524630
2025-09-09,216.09,219.41,215.43,218.9,892276
2025-09-10,214.68,218.25,212.51,218,1206513
2025-09-11,214.9,221.48,213.9,215.5,2109381
2025-09-12,215.5,217.29,214.15,215.5,917195
2025-09-15,223.12,225,214.53,216,3887503
2025-09-16,225.03,226.9,221,223.19,2091505
2025-09-17,221.96,226.55,221.05,226,1091467
2025-09-18,224.49,227.9,220.51,223,2161024
2025-09-19,220.96,227.34,220.49,224.9,1269227
2025-09-22,218.73,222.73,217.11,221,1092522
2025-09-23,225.4,229.6,217.79,219.05,5369060
2025-09-24,222.46,226.7,221.61,225.4,1356836
2025-09-25,222.3,232,221.5,222.99,3730993
2025-09-26,216.58,222.55,213.6,222.35,1485847
2025-09-29,212.16,218.98,210.7,217.51,1146022
2025-09-30,211.85,214.51,209.51,212.2,823904
2025-10-01,215.07,217.99,211.45,212.49,1531352
2025-10-03,217.04,217.69,213.3,215.4,991315
2025-10-06,208.3,217.85,207.49,217.04,1616824
2025-10-07,210.95,214.09,208.53,208.9,1167893
2025-10-08,207.54,211.47,207,210.93,781872
2025-10-09,208.78,209.5,206.09,207.55,784981
2025-10-10,207.94,210,207.5,208.78,584372
2025-10-13,205.83,207.8,203.84,207.2,1089544
2025-10-14,201.4,206.71,200.99,206.4,1023476
2025-10-15,205.21,206.24,201.5,202.4,1021434
2025-10-16,206.77,210.35,205.49,205.49,1148649
2025-10-17,205.35,208.38,204.51,206.62,708207
2025-10-20,205.91,207,202.72,206.3,806189
2025-10-21,207.1,207.9,206.66,207,162648
2025-10-23,205.83,209.84,205.1,207.19,702424
2025-10-24,204.94,207,204.17,205.82,540792
2025-10-27,212.41,220.7,205.2,205.3,6178929
2025-10-28,223.68,227.29,212,212.54,9607369
2025-10-29,230.03,232.9,224.4,225.19,5020431
2025-10-30,232.75,236.9,226.66,230,3974020
2025-10-31,228.03,234.48,227.25,232.85,1934232
2025-11-03,219.83,227.61,217.13,227.61,3693355
2025-11-04,220.92,225.24,218.2,221.3,2518144
2025-11-06,203.11,220.7,202.4,219,5004490
2025-11-07,203.77,205.42,200.02,203,2092487
2025-11-10,203.12,207.74,201.75,204.04,2436015
2025-11-11,202.51,204.88,201.75,203.12,1110292
2025-11-12,213.63,217.86,203.82,204.21,5020423
2025-11-13,213.1,222.5,212.15,214,3243641
2025-11-14,210.73,213.9,209.35,213.9,1165680
2025-11-17,211.44,216.85,210.15,211.5,1365735
2025-11-18,210.27,214,208.12,211.44,1398110
2025-11-19,208.16,211.5,207.65,211,805454
2025-11-20,207.78,212.5,207,209.16,999069
2025-11-21,204.75,207.6,204.1,207.25,694939
2025-11-24,202.69,206.49,202,205,924642
2025-11-25,201.65,204.95,200.49,202.69,1106665
2025-11-26,202.06,204.8,201.5,201.65,1062644
2025-11-27,202.77,205.75,202,202.5,1040480
2025-11-28,201.83,205.42,201,203,987143
2025-12-01,196.35,203.6,195.3,201.99,1679989
2025-12-02,196.73,198.23,195.42,196.35,818215
2025-12-03,192.64,197.35,191.1,196.73,973593
2025-12-04,188.63,192.68,187.81,192,1053556
2025-12-05,185.27,191.58,184.05,188.5,1040765
2025-12-08,181.44,186.01,178.5,185.54,1160207
2025-12-09,181.28,184.14,177.11,181.5,1194481
2025-12-10,179.92,186.25,178.45,182,1024928
2025-12-11,181.37,182.8,177.28,179.92,776041
2025-12-12,181.96,184.38,181.31,181.7,822766
2025-12-15,184.22,184.98,180.5,181.75,636025
2025-12-16,180.76,183.89,180,183,568511
2025-12-17,177.75,181.3,177.23,180.45,697179
2025-12-18,176.93,178.76,175.02,178,591951
2025-12-19,180.34,180.99,177.02,177.5,550133
2025-12-22,189.8,190.75,181.19,181.19,2014509
2025-12-23,188.88,193.75,188.2,190.68,1140896
2025-12-24,190.53,192.3,187.98,189.1,725818
2025-12-26,188.45,192.09,187.68,190.2,656434
2025-12-29,190.96,194.25,188.45,188.45,1158847
2025-12-30,189.08,191,188,190.01,528786
2025-12-31,191.7,193.68,188.3,188.86,693519
2026-01-01,193.21,195.49,192.43,192.5,750479
2026-01-02,193.35,195,192.05,193.39,964144
2026-01-05,192.46,195.04,189.02,193.35,875723
2026-01-06,188.8,192.9,187.27,192.05,681927
2026-01-07,187.64,190.49,186.25,188.36,656171
2026-01-08,180.34,189.59,179.5,187.65,861134
2026-01-09,176.11,181.04,175.27,179.91,801617
2026-01-12,174.56,176.11,170.43,176.11,745065
2026-01-13,171.92,177,171.1,174.57,559978
2026-01-14,170.62,173,169.2,171,447351
2026-01-16,174.2,177.8,171,171,1215253
2026-01-19,169.92,173,168.66,173,803210
2026-01-20,163.97,170.9,162.87,170.9,901703
2026-01-21,164.25,166.28,160.3,163.97,1024430
2026-01-22,165.15,168.4,164.1,165.23,404384
2026-01-23,161.41,166.71,160.8,166,453278
2026-01-27,158.13,161.56,155.1,161.41,809380
2026-01-28,169.04,169.5,158.6,159.52,904999
2026-01-29,165.84,170.35,164.5,169.2,617437
2026-01-30,163.25,167.8,162,164.5,1137281
2026-02-02,163.46,165,157.26,163,711184
2026-02-03,168.5,171.88,166.83,170.09,1152083
2026-02-04,172.44,173.8,167.05,168.42,1153244
2026-02-05,169.4,173.47,168,172.44,624945
2026-02-06,168.72,177.5,165.4,169.1,3234695
2026-02-09,173.98,175.78,168.72,171,1538907
2026-02-10,173.37,177,172.77,175.69,834570
2026-02-11,169.18,174.05,168.5,173.5,649941
2026-02-12,168.63,169.58,167.41,169,434650
2026-02-13,162.59,168.71,162,168.63,1031800
2026-02-16,160.89,164.2,159.7,162.5,765626
2026-02-17,163.23,164.8,159.61,160.89,612732
2026-02-18,166.79,169.25,162.5,163.23,889137
2026-02-19,163.86,167.61,162.31,166.8,658353
2026-02-20,161.62,163.86,161.1,163.86,425656
2026-02-23,160.29,163.57,159.29,162.04,623395
2026-02-24,154.52,159.8,153.16,159.8,761350
2026-02-25,152.62,156.5,150.5,155.9,728065
2026-02-26,157.52,158,152.62,152.62,880974
2026-02-27,152.94,161.38,151.46,158,2965523
2026-03-02,150.93,154.86,146.5,147.1,1229503
2026-03-04,147.27,151,142.41,150.93,1617504
2026-03-05,149.48,151.7,145.78,147.27,1050547
2026-03-06,154.08,156.38,148.55,149.2,1181527
2026-03-09,147.94,151.85,145.51,150,971851
2026-03-10,149.2,151.5,148.27,150.97,904595
2026-03-11,144.38,151.25,143.5,149.9,1234951
2026-03-12,143.32,149.2,142.06,144.38,1600277
2026-03-13,136.07,145.6,135.42,143.32,1311570
2026-03-16,135.75,139.34,133.11,136.07,1236676
2026-03-17,134.5,137.97,134,136.4,924281
2026-03-18,139.04,140.46,135,135,1322695
2026-03-19,133.44,137.04,132.5,137,770066
2026-03-20,134.73,139.5,133.62,134.25,1271796
2026-03-23,128.01,132.6,126.59,132.42,1507989
2026-03-24,131.6,132.85,127.63,131.5,1785033
2026-03-25,135.27,138.12,132,132.6,1459859
2026-03-27,127.07,135.48,126.11,135.27,1768795
2026-03-30,120.61,129.1,119.99,127.07,1955379
2026-04-01,131.34,132.35,125.35,125.9,1407667
2026-04-02,132.05,132.8,125.01,126.71,1084745
2026-04-06,135.69,135.99,130.31,132.05,1211788
2026-04-07,137.9,138.49,134,135.02,777181
2026-04-08,146.98,147.41,141.5,144.8,1493388
2026-04-09,146.65,149.89,144.9,147,1110259
2026-04-10,150.8,151.84,147.25,148.2,963826
2026-04-13,150.79,153.19,145.3,147.35,1160254
2026-04-15,157.35,158,154,155,1313479
2026-04-16,158.14,159.57,155.54,158.05,718990
2026-04-17,161.36,163.45,157.8,158,1273818
2026-04-20,157.88,162.1,157,161.9,741081
2026-04-21,157.27,160.45,156.88,158,659918
2026-04-22,161.34,161.82,156.5,156.99,764568
2026-04-23,159.6,163.88,159.1,161.89,773148
2026-04-24,154.81,160.09,153,159.59,704285
2026-04-27,164.17,165.8,154.81,155.25,1716124
2026-04-28,167.04,171.84,162.6,165,1843091
2026-04-29,167.42,169.49,165.11,167.8,1116191
2026-04-30,165.18,167,162.22,167,692185
2026-05-04,167.66,169.68,165.23,165.97,741379
2026-05-05,168.43,170.09,166.4,167,834663
2026-05-06,173.17,174,169.01,169.69,1664255
2026-05-07,168.01,174.8,165.3,174.8,2375681
2026-05-08,171.36,173.94,166.8,168,1441876
2026-05-11,177.08,178.85,168.32,171.8,2939086
2026-05-12,168.15,178,167.12,176,1544109
2026-05-13,166.61,172.4,165.6,168.33,915351
2026-05-14,165.25,169.58,163.15,167.5,828722
2026-05-15,165.76,168.4,163.1,165.15,687249
2026-05-18,160.48,165.22,157.57,165.22,967625
2026-05-19,170.1,171.64,160.11,160.5,1559621
2026-05-20,168.04,172.5,166.91,168.72,811157
2026-05-21,169.25,172.05,168.04,168.04,624007
2026-05-22,169.45,170.49,168.12,169.4,385593
2026-05-25,171.64,174.86,170.2,171,742173
2026-05-26,181.51,183.49,171.5,171.5,3136567
2026-05-27,183.96,186.6,182.5,183,2337680
2026-05-29,181.65,188.64,178.5,184.87,2221220
2026-06-01,180.5,185.9,178.55,181.69,1126634
2026-06-02,180.91,182.12,175.5,178.8,917133
2026-06-03,183.73,184.79,177.52,180.55,977413
2026-06-04,182.97,187.4,182,183.73,1103239
2026-06-05,192.2,193.4,181.44,183,4128580
2026-06-08,189.25,195.95,186.49,190,2810801
2026-06-09,190.23,192.61,187.57,189.25,985867
2026-06-10,180.03,191.29,179.05,191.27,1139782
2026-06-11,176.29,182.62,175.4,178.98,984793
2026-06-12,185.04,185.8,178.49,178.49,1084316
2026-06-15,191.44,195.5,188.74,189.55,2054956
2026-06-16,191.27,194.4,190.5,191.44,812102
2026-06-17,191.81,195.2,189.5,191.47,1215481
2026-06-18,192.04,195,189.91,193.15,767374
2026-06-19,198.54,201,190.12,191.99,2770897
2026-06-22,212.55,218,197.55,200.24,11344166
2026-06-23,205.56,214.97,204.88,212.55,1871175
2026-06-24,213.98,218.9,204.1,205,5028215
2026-06-25,214.09,219.25,211.4,215.15,2877118
2026-06-29,209.56,214.8,207.76,214.8,1235170
2026-06-30,219.98,222.9,210.45,210.6,5080746
2026-07-01,221,225.55,219.83,222.21,2869852
2026-07-02,231.03,240,221.78,221.78,9114707
2026-07-03,226.57,233.3,220.8,233.3,3039991
2026-07-06,224.16,229.43,222.99,227,1585283
2026-07-07,221.95,223.5,216.8,223,1231595
2026-07-08,224.57,231.59,219.72,221.25,4061964
2026-07-09,237.23,238.69,224.98,225.69,4112509
2026-07-10,263.6,267,236.1,239.4,20117336
2026-07-13,262.17,270.33,258.8,259.52,4321691
2026-07-14,262.66,271.9,256.7,260.1,3914083
2026-07-15,257.68,265.39,256.1,260,2005918
2026-07-16,256.43,264,255.1,258.7,1393158
2026-07-17,249.46,256,246.45,256,1493811
2026-07-20,245.72,253.7,244.44,248.3,1078008
2026-07-21,248.11,249.18,237.6,245.2,1884048
2026-07-22,239.88,251.6,239.1,248.11,1449781
2026-07-23,237.17,242.5,234.33,239,1063900
2026-07-24,246.32,248.61,231.55,236.9,1981826
2026-07-27,245.99,251.92,244.2,247.1,1108107
2026-07-28,238.68,244.7,238,243.1,780658
2026-07-29,239.64,242.36,237.1,238.68,608912
2026-07-30,231.81,238.99,231.1,238.51,1086931
2026-07-31,238.05,239.96,230.79,231.75,967530
2026-08-03,232.67,241.85,231.2,240,1179564
2026-08-04,200,236.9,197.5,233,13042294
2026-08-05,195.92,207.24,194.5,202,6445468
2026-08-06,201.55,204.49,196.4,196.75,2270377
2026-08-07,198.85,203.3,197.57,202,1191734
2026-08-10,195.08,200.19,194.34,199.02,989927
2026-08-11,197.78,198.5,191.97,195,2874115
2026-08-12,193.76,198.49,190.57,198.1,1212348
2026-08-13,198.44,201.25,193.57,194,1458110
2026-08-14,194.37,198.4,193.5,198.4,585420
2026-08-17,195.01,196.25,193.58,194.37,767461
2026-08-18,198.59,200.95,194.01,194.2,1163863
2026-08-19,195.03,198.59,194.12,198.58,696754
2026-08-20,191,196.55,190.3,196.15,983608
2026-08-21,192.48,194.9,191.2,191.2,654110
2026-08-24,192.6,197.9,192,194.1,798914
2026-08-25,192.18,193.74,189.52,192.6,771180
2026-08-26,195.62,197.24,192.01,192.01,704368
2026-08-27,191.17,195.59,190.9,195.5,624162
2026-08-28,194.41,196.53,192.02,192.02,884427
2026-08-31,197.8,199.1,191.01,194,1412811
2026-09-01,197.8,199.99,194.03,197.8,1030501
2026-09-02,194.2,196.66,193.25,195,785123
2026-09-03,194.78,197.89,194.12,194.5,543548
