Date,Close,High,Low,Open,Volume
1995-01-05,2.23453,2.23453,2.23453,2.23453,100
1995-01-31,1.98041,1.98041,1.98041,1.98041,100
1995-02-06,2.01546,2.01546,2.01546,2.01546,500
1995-02-07,1.97165,1.97165,1.97165,1.97165,200
1995-02-10,1.97165,1.97165,1.97165,1.97165,100
1995-02-14,1.97165,1.97165,1.97165,1.97165,100
1995-02-15,1.8402,1.8402,1.8402,1.8402,100
1995-02-20,1.81392,1.81392,1.7942,1.7942,500
1995-02-21,1.80515,1.80515,1.79639,1.79639,200
1995-02-24,1.97165,1.97165,1.8849,1.92783,400
1995-02-28,1.9366,1.97165,1.9366,1.97165,600
1995-03-02,1.97165,1.97165,1.97165,1.97165,100
1995-03-06,1.98041,1.98041,1.97603,1.97603,200
1995-03-09,1.99356,1.99356,1.97165,1.97165,300
1995-03-10,1.99356,1.99356,1.97165,1.97165,700
1995-03-13,1.97165,1.97165,1.97165,1.97165,100
1995-03-27,1.75258,1.75258,1.75258,1.75258,100
1995-03-28,1.75258,1.76134,1.75258,1.76134,400
1995-03-29,1.8402,1.8402,1.8402,1.8402,500
1995-03-30,1.85335,1.91031,1.85335,1.90154,5600
1995-03-31,1.85335,1.86211,1.85335,1.86211,300
1995-04-03,1.88402,1.88402,1.85773,1.85773,200
1995-04-04,1.8402,1.88402,1.8402,1.88402,200
1995-04-06,1.97165,2.01546,1.97165,2.01546,700
1995-04-07,2.01546,2.01546,1.97165,1.97165,600
1995-04-11,2.10309,2.10309,2.10309,2.10309,300
1995-04-12,2.14691,2.14691,2.14691,2.14691,200
1995-04-17,1.99356,2.01546,1.99356,1.99356,10200
1995-04-18,1.97165,1.97165,1.95894,1.95894,600
1995-04-19,1.97165,1.97165,1.97165,1.97165,800
1995-04-20,1.97165,1.97603,1.94974,1.94974,800
1995-04-21,1.92783,1.94974,1.92783,1.94974,2500
1995-04-24,1.8402,1.92783,1.8402,1.92783,600
1995-04-25,1.88402,1.88402,1.85773,1.85773,400
1995-05-09,1.8402,1.8402,1.8402,1.8402,100
1995-05-10,1.75258,1.75258,1.75258,1.75258,200
1995-05-12,1.74688,1.75258,1.73505,1.75258,600
1995-05-16,1.70876,1.71752,1.70876,1.71752,800
1995-05-17,1.70876,1.70876,1.70876,1.70876,100
1995-05-18,1.75258,1.75258,1.70876,1.70876,400
1995-05-19,1.66495,1.66495,1.66495,1.66495,200
1995-05-22,1.66495,1.67371,1.66495,1.66495,700
1995-05-24,1.50765,1.50765,1.50765,1.50765,100
1995-05-25,1.75214,1.75258,1.62113,1.65618,1100
1995-05-29,1.75258,1.75258,1.75258,1.75258,100
1995-05-30,1.8402,1.8402,1.79639,1.79639,300
1995-05-31,1.80515,1.8402,1.80515,1.80515,300
1995-06-01,1.8402,1.8402,1.8402,1.8402,200
1995-06-02,1.8402,1.8402,1.8402,1.8402,100
1995-06-05,1.8402,1.8402,1.8402,1.8402,100
1995-06-08,1.85773,1.90154,1.85773,1.85773,1500
1995-06-09,1.85773,1.86211,1.85773,1.86211,1800
1995-06-12,1.8402,1.8402,1.8402,1.8402,100
1995-06-13,1.75258,1.83144,1.7092,1.83144,500
1995-06-15,1.7701,1.7701,1.7701,1.7701,100
1995-06-20,1.76134,1.76134,1.75258,1.75258,200
1995-06-21,1.75258,1.75258,1.75258,1.75258,100
1995-06-22,1.71752,1.71752,1.71752,1.71752,100
1995-06-23,1.70876,1.70876,1.70876,1.70876,500
1995-06-29,1.66451,1.66451,1.66451,1.66451,100
1995-07-04,1.52474,1.52474,1.52474,1.52474,100
1995-07-12,1.48969,1.48969,1.48969,1.48969,200
1995-07-14,1.48969,1.48969,1.48969,1.48969,200
1995-07-26,1.44588,1.44588,1.34072,1.34072,200
1995-07-31,1.48969,1.48969,1.48925,1.48925,200
1995-08-01,1.48969,1.48969,1.48969,1.48969,100
1995-08-02,1.5335,1.5335,1.48969,1.48969,300
1995-08-04,1.5243,1.5243,1.47216,1.47216,200
1995-08-07,1.49013,1.49013,1.49013,1.49013,100
1995-08-17,1.36701,1.36701,1.36701,1.36701,100
1995-08-22,1.40206,1.40206,1.40206,1.40206,100
1995-08-23,1.41082,1.41082,1.41082,1.41082,100
1995-08-24,1.40206,1.40206,1.40206,1.40206,100
1995-08-25,1.35825,1.35825,1.35825,1.35825,100
1995-09-05,1.31443,1.31443,1.31443,1.31443,100
1995-09-07,1.29691,1.29691,1.29691,1.29691,100
1995-09-12,1.16984,1.16984,1.16984,1.16984,100
1995-09-13,1.22768,1.23557,1.2268,1.23557,400
1995-09-14,1.27062,1.27062,1.27062,1.27062,200
1995-09-15,1.27062,1.28727,1.27062,1.28727,200
1995-09-22,1.27062,1.27062,1.27062,1.27062,3500
1995-09-25,1.26185,1.26185,1.2268,1.2268,1300
1995-09-26,1.22067,1.24433,1.21804,1.21804,3200
1995-09-27,1.23557,1.23557,1.23557,1.23557,100
1995-09-28,1.25309,1.26185,1.21804,1.21804,400
1995-10-04,1.35825,1.35825,1.35825,1.35825,100
1995-10-05,1.40206,1.40206,1.35825,1.35825,900
1995-10-06,1.50722,1.50722,1.50722,1.40206,200
1995-10-09,1.50941,1.50941,1.50941,1.50941,100
1995-10-10,1.55059,1.57732,1.48093,1.5335,900
1995-10-11,1.5335,1.5335,1.5335,1.5335,300
1995-10-12,1.55103,1.55103,1.52474,1.55103,700
1995-10-13,1.5335,1.54227,1.5335,1.54227,200
1995-10-16,1.5335,1.5335,1.5335,1.5335,100
1995-10-17,1.42397,1.44588,1.41959,1.41959,300
1995-10-18,1.55103,1.55103,1.55103,1.55103,300
1995-10-19,1.5335,1.55979,1.5335,1.55979,400
1995-10-20,1.5335,1.57732,1.5335,1.57732,300
1995-10-23,1.5335,1.5335,1.5335,1.5335,100
1995-10-24,1.59484,1.59484,1.59484,1.59484,100
1995-10-25,1.60361,1.60361,1.59484,1.59484,200
1995-10-26,1.62026,1.62026,1.55979,1.55979,400
1995-10-27,1.57776,1.62113,1.57776,1.62113,400
1995-10-30,1.61237,1.61237,1.61237,1.61237,100
1995-10-31,1.56856,1.57732,1.46428,1.46428,500
1995-11-03,1.48969,1.48969,1.48969,1.48969,100
1995-11-07,1.5335,1.5335,1.5335,1.5335,100
1995-11-10,1.44588,1.48969,1.44588,1.48969,200
1995-11-13,1.4117,1.4117,1.4117,1.4117,100
1995-11-14,1.37577,1.41082,1.37577,1.41082,200
1995-11-15,1.37577,1.37577,1.37577,1.37577,100
1995-11-16,1.33196,1.37577,1.33196,1.37577,300
1995-11-17,1.32319,1.34072,1.31443,1.31443,500
1995-11-20,1.33196,1.33196,1.32319,1.32319,200
1995-11-21,1.31881,1.32319,1.31443,1.31575,900
1995-11-22,1.31443,1.31881,1.31443,1.31443,300
1995-11-24,1.30567,1.31443,1.30129,1.30129,300
1995-11-27,1.29691,1.29691,1.29691,1.29691,100
1995-11-29,1.31443,1.31443,1.31443,1.31443,300
1995-12-04,1.2268,1.27062,1.2268,1.27062,400
1995-12-05,1.23118,1.27062,1.23118,1.27062,200
1995-12-07,1.26185,1.26185,1.2268,1.24871,1000
1995-12-08,1.31443,1.31443,1.31443,1.31443,200
1995-12-11,1.27938,1.27938,1.27938,1.27938,100
1995-12-12,1.27062,1.31443,1.26185,1.27938,1900
1995-12-13,1.27062,1.27062,1.2268,1.2268,600
1995-12-14,1.25309,1.28376,1.25309,1.27062,19900
1995-12-15,1.27062,1.27938,1.27062,1.27938,500
1995-12-18,1.26185,1.27281,1.2268,1.2268,500
1995-12-19,1.27062,1.27062,1.23557,1.23557,400
1995-12-20,1.24433,1.25309,1.24433,1.27062,200
1995-12-21,1.23995,1.23995,1.23995,1.24433,100
1995-12-22,1.23557,1.24433,1.23557,1.23995,200
1995-12-26,1.27018,1.27018,1.25309,1.25309,800
1995-12-27,1.25309,1.25309,1.22812,1.22812,300
1995-12-28,1.25309,1.26405,1.25309,1.26185,1200
1995-12-29,1.24433,1.25309,1.24433,1.24871,500
1996-01-02,1.2268,1.2268,1.2268,1.2268,100
1996-01-03,1.22899,1.24433,1.22899,1.2268,200
1996-01-04,1.2268,1.2268,1.21804,1.22899,300
1996-01-05,1.2268,1.2268,1.2268,1.2268,100
1996-01-09,1.14443,1.21716,1.14443,1.2268,200
1996-01-10,1.18299,1.18299,1.1567,1.14443,200
1996-01-11,1.14794,1.14794,1.14794,1.18299,100
1996-01-15,1.14005,1.15232,1.14005,1.14794,700
1996-01-16,1.16327,1.17423,1.14356,1.14005,900
1996-01-17,1.17423,1.19175,1.1567,1.16327,1400
1996-01-18,1.12603,1.13129,1.11289,1.17423,600
1996-01-19,1.13479,1.13917,1.12428,1.12603,400
1996-01-22,1.13917,1.13917,1.13041,1.13479,600
1996-01-23,1.12165,1.1567,1.12165,1.13917,3200
1996-01-25,1.07783,1.07783,1.06907,1.12165,200
1996-01-30,1.12165,1.12165,1.05155,1.07783,200
1996-01-31,1.0384,1.12165,1.00773,1.12165,5700
1996-02-01,1.05111,1.05111,1.05067,1.0384,200
1996-02-02,1.00773,1.05198,1.00773,1.05155,6100
1996-02-05,1.10412,1.10412,1.0866,1.10412,600
1996-02-06,1.10763,1.13917,1.09536,1.10412,2000
1996-02-07,1.08616,1.08616,1.06907,1.10763,300
1996-02-08,1.09536,1.09536,1.04278,1.08616,1100
1996-02-09,1.1567,1.18299,1.13917,1.13917,1200
1996-02-12,1.17423,1.20928,1.1567,1.1567,2100
1996-02-13,1.20577,1.21585,1.19175,1.17423,700
1996-02-14,1.21804,1.2268,1.18299,1.20577,1500
1996-02-15,1.24433,1.27062,1.13917,1.21804,2500
1996-02-16,1.18343,1.2268,1.18299,1.18299,3700
1996-02-19,1.23425,1.24433,1.2268,1.23557,1100
1996-02-20,1.22768,1.23557,1.2268,1.23425,700
1996-02-22,1.2509,1.27062,1.236,1.22768,1800
1996-02-23,1.24433,1.26185,1.2268,1.2509,1000
1996-02-26,1.24433,1.25966,1.24433,1.24433,2700
1996-02-27,1.28814,1.29691,1.27062,1.24433,2200
1996-02-28,1.30567,1.35825,1.29691,1.28814,8500
1996-02-29,1.23557,1.29691,1.2268,1.30567,2400
1996-03-01,1.24345,1.27062,1.23338,1.23557,4900
1996-03-04,1.23776,1.25747,1.23644,1.24345,2100
1996-03-06,1.23294,1.25747,1.2268,1.23776,1500
1996-03-07,1.2268,1.23557,1.2268,1.23294,800
1996-03-08,1.20928,1.21804,1.19964,1.2268,2700
1996-03-11,1.19175,1.19175,1.17423,1.20928,600
1996-03-12,1.14838,1.18299,1.14838,1.19175,1100
1996-03-13,1.13917,1.18299,1.13917,1.14838,600
1996-03-14,1.16502,1.16502,1.16502,1.13917,100
1996-03-15,1.14838,1.16546,1.14794,1.16502,600
1996-03-18,1.13917,1.13917,1.13041,1.14838,200
1996-03-19,1.07783,1.09536,1.07783,1.13917,1400
1996-03-21,1.09536,1.13917,1.09536,1.07783,1100
1996-03-22,1.0866,1.09536,1.0866,1.09536,400
1996-03-25,1.05417,1.09536,1.05155,1.0866,31200
1996-03-26,1.06907,1.09536,1.06907,1.05417,600
1996-03-27,1.07345,1.0866,1.07345,1.06907,400
1996-03-28,1.07433,1.09492,1.07389,1.07345,1100
1996-03-29,1.08309,1.09448,1.08002,1.07433,600
1996-04-01,1.09974,1.11289,1.0958,1.08309,800
1996-04-02,1.0866,1.12077,1.0866,1.09974,800
1996-04-03,1.11289,1.11376,1.10412,1.0866,500
1996-04-04,1.10412,1.11289,1.10193,1.11289,700
1996-04-08,1.09755,1.13874,1.09536,1.10412,800
1996-04-09,1.12077,1.12603,1.1085,1.09755,600
1996-04-10,1.14356,1.1567,1.10456,1.12077,1400
1996-04-11,1.11727,1.11727,1.10456,1.14356,300
1996-04-12,1.10412,1.10412,1.10368,1.10412,900
1996-04-15,1.12822,1.12997,1.09536,1.10412,2000
1996-04-16,1.0866,1.1107,1.0866,1.12822,3900
1996-04-17,1.11683,1.11727,1.09755,1.0866,1300
1996-04-18,1.12121,1.12121,1.10412,1.11683,3500
1996-04-19,1.14005,1.16765,1.12384,1.12121,3700
1996-04-22,1.08222,1.13917,1.07783,1.12165,56400
1996-04-23,1.09887,1.1085,1.08222,1.08222,29900
1996-04-24,1.10412,1.11727,1.09624,1.11727,3400
1996-04-25,1.09799,1.12165,1.09536,1.12165,2600
1996-04-26,1.09142,1.10412,1.09142,1.09536,1100
1996-04-29,1.08265,1.09536,1.08265,1.0866,1900
1996-04-30,1.08002,1.09492,1.07783,1.08265,900
1996-05-01,1.09492,1.11727,1.09492,1.08002,900
1996-05-02,1.09492,1.09492,1.07345,1.07389,1000
1996-05-03,1.07433,1.09492,1.07345,1.09492,1900
1996-05-06,1.07345,1.08178,1.06995,1.07433,800
1996-05-07,1.10412,1.10412,1.06951,1.07345,1500
1996-05-08,1.09098,1.09098,1.09098,1.10412,100
1996-05-09,1.07345,1.0866,1.07345,1.09098,300
1996-05-10,1.06644,1.09492,1.05155,1.07345,900
1996-05-13,1.05111,1.05198,1.05111,1.06644,200
1996-05-14,1.05155,1.05155,1.03446,1.05111,700
1996-05-15,1.06863,1.06863,1.04497,1.05155,300
1996-05-16,1.07652,1.09974,1.06907,1.06863,2100
1996-05-17,1.06907,1.07783,1.05242,1.07652,400
1996-05-20,1.04278,1.05111,1.03402,1.06907,300
1996-05-21,1.0143,1.02526,1.00817,1.04278,1300
1996-05-22,1.00773,1.02088,1.00773,1.0143,600
1996-05-23,0.998968,1.00773,0.998968,1.00773,500
1996-05-24,0.959535,0.988015,0.955154,0.998968,2600
1996-05-27,0.931056,0.963917,0.920102,0.959535,1500
1996-05-28,0.902577,0.920102,0.893814,0.931056,1800
1996-05-29,0.950772,0.950772,0.950772,0.902577,200
1996-05-30,0.963917,0.964355,0.950772,0.950772,500
1996-05-31,0.955154,0.963917,0.955154,0.963917,700
1996-06-03,0.920102,0.97268,0.906958,0.955154,2500
1996-06-04,0.954278,0.961726,0.920102,0.920102,1500
1996-06-05,0.946391,0.946391,0.946391,0.946391,200
1996-06-06,0.981443,0.981443,0.946391,0.963917,300
1996-06-07,0.963917,0.981004,0.955154,0.963917,600
1996-06-10,1.00335,1.00773,0.963917,1.00773,600
1996-06-11,0.955592,0.990205,0.955592,0.963917,1200
1996-06-12,0.933247,0.963917,0.933247,0.963917,3200
1996-06-13,0.961726,0.963479,0.920541,0.963479,2200
1996-06-14,0.97487,0.97487,0.955592,0.968298,2300
1996-06-17,0.967422,1.00773,0.954716,0.963917,4000
1996-06-18,0.96786,0.97268,0.946829,0.963917,1900
1996-06-19,0.956906,0.977061,0.955154,0.977061,500
1996-06-20,0.937628,0.955154,0.937628,0.955154,800
1996-06-21,0.93719,0.941571,0.920102,0.920541,700
1996-06-24,0.911339,0.911339,0.902577,0.906958,300
1996-06-25,0.913092,0.920102,0.911339,0.920102,800
1996-06-26,0.904767,0.920102,0.88987,0.911339,700
1996-06-27,0.906958,0.907396,0.906958,0.907396,200
1996-06-28,0.920102,0.920102,0.920102,0.920102,200
1996-07-01,0.860515,0.878479,0.858762,0.878479,1300
1996-07-02,0.858762,0.858762,0.849999,0.858762,700
1996-07-03,0.874535,0.876288,0.841236,0.876288,700
1996-07-04,0.876288,0.876288,0.849999,0.858762,500
1996-07-05,0.867525,0.87585,0.867525,0.867525,500
1996-07-08,0.850876,0.876288,0.850876,0.876288,500
1996-07-09,0.806185,0.867525,0.806185,0.867525,600
1996-07-10,0.796108,0.806185,0.788659,0.806185,300
1996-07-11,0.789097,0.814948,0.788659,0.798298,800
1996-07-12,0.797422,0.806185,0.788659,0.803556,2900
1996-07-15,0.762809,0.784278,0.762809,0.784278,300
1996-07-16,0.777706,0.788659,0.747036,0.771133,1900
1996-07-17,0.727757,0.744845,0.727319,0.744845,2000
1996-07-18,0.70103,0.7317,0.677809,0.7317,2700
1996-07-19,0.70103,0.7317,0.67036,0.700592,1800
1996-07-22,0.832474,0.832474,0.775515,0.775515,400
1996-07-23,0.76018,0.909149,0.753608,0.909149,3400
1996-07-24,0.736082,0.744845,0.718556,0.718556,4300
1996-07-25,0.718556,0.720309,0.718556,0.720309,700
1996-07-26,0.718556,0.718556,0.70103,0.718556,600
1996-07-29,0.70103,0.70103,0.683505,0.70103,500
1996-07-30,0.674742,0.700592,0.674742,0.696649,500
1996-07-31,0.65152,0.69884,0.63969,0.674742,2100
1996-08-01,0.630927,0.63969,0.615592,0.615592,700
1996-08-02,0.613402,0.630927,0.613402,0.630927,1700
1996-08-05,0.613402,0.613402,0.595876,0.613402,3700
1996-08-06,0.598067,0.604639,0.598067,0.604639,400
1996-08-07,0.613402,0.621726,0.587551,0.587551,1500
1996-08-08,0.613402,0.614716,0.613402,0.613402,900
1996-08-09,0.613402,0.639252,0.604639,0.60902,2100
1996-08-12,0.587113,0.604639,0.587113,0.596314,2100
1996-08-13,0.578788,0.595876,0.57835,0.587113,2400
1996-08-14,0.55469,0.595876,0.532345,0.595876,4400
1996-08-16,0.525773,0.525773,0.51701,0.525773,4200
1996-08-19,0.512628,0.523144,0.508685,0.508685,700
1996-08-20,0.508247,0.525773,0.499484,0.512628,1400
1996-08-21,0.459613,0.501675,0.457422,0.501675,2400
1996-08-22,0.458737,0.479768,0.422809,0.479768,91900
1996-08-23,0.442964,0.464433,0.411855,0.464433,7200
1996-08-26,0.446469,0.4675,0.434639,0.45567,3800
1996-08-27,0.437268,0.444278,0.429381,0.438144,10500
1996-08-28,0.433763,0.440335,0.429381,0.440335,70000
1996-08-29,0.423685,0.438144,0.420618,0.433763,29900
1996-08-30,0.419304,0.429381,0.414484,0.429381,17200
1996-09-02,0.417113,0.429381,0.416237,0.429381,23200
1996-09-03,0.41317,0.422809,0.407474,0.411855,23400
1996-09-04,0.414484,0.425,0.411855,0.422809,8800
1996-09-05,0.415799,0.424123,0.411855,0.424123,16400
1996-09-06,0.413608,0.420618,0.396082,0.420618,13200
1996-09-09,0.41536,0.417989,0.403092,0.411855,5100
1996-09-10,0.410979,0.411855,0.403531,0.407474,6900
1996-09-11,0.410979,0.418427,0.407912,0.418427,3300
1996-09-12,0.416675,0.419304,0.409665,0.416237,4800
1996-09-13,0.417113,0.420618,0.416237,0.416237,2100
1996-09-16,0.410103,0.416237,0.403092,0.407474,1800
1996-09-17,0.410103,0.414046,0.407474,0.411855,2800
1996-09-18,0.420618,0.420618,0.407474,0.407474,1300
1996-09-19,0.436391,0.442525,0.428067,0.428067,1500
1996-09-20,0.461366,0.464433,0.441649,0.441649,4200
1996-09-23,0.438144,0.468814,0.438144,0.464433,7600
1996-09-24,0.433763,0.442525,0.429381,0.429381,3300
1996-09-25,0.445154,0.446907,0.433763,0.442525,9800
1996-09-26,0.438144,0.442525,0.433763,0.43902,3400
1996-09-27,0.434639,0.437706,0.425,0.429381,2400
1996-09-30,0.424123,0.425,0.411855,0.412293,3300
1996-10-01,0.411855,0.425,0.407912,0.418427,13800
1996-10-03,0.41536,0.420618,0.406598,0.406598,3000
1996-10-04,0.403969,0.411855,0.403092,0.411855,5200
1996-10-07,0.39433,0.409665,0.39433,0.39433,4000
1996-10-08,0.380309,0.39433,0.376804,0.39433,4700
1996-10-09,0.39433,0.39433,0.377242,0.381185,3900
1996-10-10,0.417989,0.421495,0.407474,0.407474,3700
1996-10-11,0.432886,0.436391,0.424123,0.424123,4300
1996-10-14,0.407474,0.428505,0.407474,0.428505,2500
1996-10-15,0.406598,0.409665,0.39433,0.39433,3600
1996-10-16,0.417113,0.423247,0.415799,0.415799,1500
1996-10-17,0.417113,0.417989,0.411855,0.411855,1200
1996-10-18,0.411855,0.415799,0.40835,0.414046,2000
1996-10-22,0.41317,0.424123,0.412732,0.419742,3300
1996-10-23,0.441649,0.441649,0.433763,0.437706,6800
1996-10-24,0.441649,0.472757,0.439897,0.472757,5600
1996-10-25,0.420618,0.451288,0.420618,0.451288,5400
1996-10-28,0.42719,0.440335,0.417551,0.440335,5400
1996-10-29,0.425438,0.42719,0.417551,0.420618,1300
1996-10-31,0.417551,0.421056,0.412293,0.421056,1100
1996-11-01,0.42719,0.428067,0.420618,0.420618,3500
1996-11-04,0.421933,0.424123,0.398273,0.421056,10200
1996-11-05,0.426314,0.433763,0.409665,0.409665,3500
1996-11-06,0.418866,0.424123,0.412293,0.412293,1000
1996-11-07,0.428943,0.429381,0.422371,0.422371,900
1996-11-08,0.430257,0.43683,0.429381,0.436391,1200
1996-11-11,0.426752,0.426752,0.421495,0.421933,1400
1996-11-13,0.425,0.425438,0.425,0.425438,2600
1996-11-14,0.409665,0.427629,0.404407,0.427629,5800
1996-11-15,0.398711,0.405283,0.39433,0.395206,2100
1996-11-18,0.400464,0.407474,0.400464,0.407474,500
1996-11-19,0.390824,0.398711,0.38951,0.39433,7000
1996-11-20,0.391701,0.392139,0.386005,0.389948,1000
1996-11-21,0.390824,0.410979,0.388196,0.410979,5000
1996-11-22,0.39433,0.39433,0.390386,0.39433,2800
1996-11-25,0.385567,0.397835,0.376804,0.383376,2000
1996-11-26,0.393891,0.39433,0.378556,0.381185,3000
1996-11-27,0.366288,0.372422,0.366288,0.372422,1400
1996-11-28,0.350515,0.359278,0.350515,0.354897,1000
1996-11-29,0.357525,0.359278,0.351391,0.359278,1500
1996-12-02,0.350515,0.356211,0.350515,0.350515,600
1996-12-03,0.342629,0.350515,0.337809,0.341752,1200
1996-12-04,0.345257,0.34701,0.332989,0.333428,2000
1996-12-05,0.343943,0.343943,0.338685,0.338685,1000
1996-12-06,0.345696,0.350515,0.332989,0.350515,1700
1996-12-09,0.337371,0.345257,0.337371,0.337809,1700
1996-12-10,0.34,0.34,0.34,0.34,300
1996-12-11,0.319407,0.332989,0.316778,0.332989,4200
1996-12-12,0.315026,0.327732,0.315026,0.327732,5600
1996-12-13,0.302319,0.317216,0.293556,0.315464,3600
1996-12-16,0.289175,0.315464,0.281727,0.310644,14600
1996-12-17,0.303196,0.303196,0.283917,0.294871,3100
1996-12-18,0.316778,0.323788,0.297938,0.297938,5100
1996-12-19,0.32817,0.331675,0.316778,0.326855,3700
1996-12-20,0.349639,0.350515,0.341752,0.346134,3800
1996-12-23,0.363221,0.363221,0.350515,0.350515,400
1996-12-24,0.363221,0.363221,0.353144,0.353144,800
1996-12-31,0.388634,0.388634,0.388634,0.388634,200
1997-01-01,0.415799,0.415799,0.411855,0.411855,800
1997-01-02,0.445154,0.445154,0.445154,0.445154,2900
1997-01-03,0.438582,0.465747,0.414484,0.465747,74700
1997-01-06,0.407912,0.433324,0.407912,0.416237,5600
1997-01-07,0.413608,0.418427,0.387757,0.403092,12900
1997-01-08,0.432448,0.438144,0.418427,0.420618,18300
1997-01-09,0.433763,0.446907,0.431572,0.431572,12500
1997-01-10,0.418866,0.453041,0.405721,0.438144,20500
1997-01-13,0.391263,0.411855,0.389948,0.400025,21200
1997-01-14,0.388634,0.403092,0.385567,0.403092,19100
1997-01-15,0.411855,0.414484,0.403092,0.409226,17800
1997-01-16,0.389072,0.438144,0.385567,0.437706,30500
1997-01-17,0.364536,0.394768,0.36366,0.394768,11400
1997-01-20,0.343943,0.380747,0.341752,0.380747,15200
1997-01-21,0.347448,0.356649,0.332989,0.332989,11300
1997-01-22,0.350515,0.363221,0.328608,0.328608,7600
1997-01-24,0.360154,0.361469,0.354897,0.361469,3700
1997-01-27,0.366288,0.371984,0.36585,0.371984,1800
1997-01-28,0.359716,0.368041,0.355773,0.368041,3500
1997-01-29,0.368041,0.376804,0.364974,0.364974,4100
1997-01-30,0.359278,0.36585,0.357087,0.359278,3700
1997-01-31,0.350515,0.35402,0.348324,0.350515,1800
1997-02-03,0.328608,0.34,0.328608,0.337371,1500
1997-02-04,0.324227,0.332989,0.324227,0.324227,3700
1997-02-05,0.335618,0.343943,0.328608,0.33518,2000
1997-02-06,0.332551,0.337371,0.332551,0.337371,1300
1997-02-07,0.332113,0.338685,0.330799,0.338685,3200
1997-02-10,0.336495,0.339123,0.325979,0.332989,1400
1997-02-11,0.328608,0.332989,0.324227,0.326417,2400
1997-02-12,0.332989,0.341752,0.332989,0.334742,9600
1997-02-13,0.324227,0.32817,0.317654,0.324227,5300
1997-02-14,0.329922,0.337371,0.326855,0.33518,2300
1997-02-17,0.326417,0.333428,0.326417,0.332989,2700
1997-02-18,0.320721,0.338685,0.320283,0.328608,7600
1997-02-19,0.322036,0.322474,0.319845,0.319845,500
1997-02-20,0.315464,0.319407,0.30933,0.315464,2500
1997-02-21,0.315464,0.319845,0.308015,0.311082,800
1997-02-24,0.302319,0.302319,0.297938,0.297938,500
1997-02-25,0.300567,0.304948,0.29969,0.301443,3800
1997-02-26,0.302758,0.310644,0.302319,0.303634,3800
1997-02-27,0.322912,0.322912,0.302319,0.306701,4500
1997-02-28,0.328608,0.332989,0.328608,0.332989,300
1997-03-03,0.375051,0.375051,0.361469,0.372422,3000
1997-03-04,0.375051,0.375051,0.368041,0.368041,5900
1997-03-05,0.368041,0.39433,0.368041,0.381185,13500
1997-03-06,0.364098,0.38951,0.361469,0.38951,6600
1997-03-10,0.348324,0.357087,0.338685,0.350515,14100
1997-03-11,0.328608,0.333428,0.324227,0.333428,2400
1997-03-12,0.332989,0.337371,0.332989,0.332989,900
1997-03-13,0.324227,0.332989,0.324227,0.326417,1700
1997-03-14,0.323788,0.324227,0.32116,0.324227,1400
1997-03-17,0.313273,0.315464,0.307577,0.315464,2000
1997-03-18,0.308453,0.315464,0.301005,0.313273,3400
1997-03-19,0.311082,0.32817,0.306701,0.306701,1300
1997-03-20,0.309768,0.310206,0.297938,0.297938,2400
1997-03-21,0.306701,0.319845,0.302319,0.319845,1000
1997-03-25,0.2975,0.302319,0.293556,0.302319,2800
1997-03-26,0.301881,0.308892,0.297938,0.308892,1700
1997-03-27,0.297938,0.306701,0.294433,0.306701,2200
1997-03-31,0.280412,0.294433,0.280412,0.283041,1300
1997-04-01,0.280412,0.284794,0.269459,0.269459,3400
1997-04-02,0.289175,0.293556,0.284794,0.284794,3000
1997-04-03,0.297938,0.306701,0.2975,0.297938,3600
1997-04-04,0.2975,0.300129,0.292242,0.293556,2300
1997-04-07,0.281727,0.29268,0.28085,0.289613,2400
1997-04-09,0.296623,0.300129,0.293556,0.298814,500
1997-04-10,0.29268,0.295747,0.29268,0.295747,500
1997-04-11,0.289175,0.289175,0.289175,0.289175,100
1997-04-15,0.289175,0.298376,0.289175,0.298376,2700
1997-04-17,0.289613,0.302319,0.289175,0.302319,1500
1997-04-21,0.293556,0.300129,0.293556,0.297938,1100
1997-04-22,0.297062,0.311082,0.29268,0.297938,1000
1997-04-23,0.278221,0.298814,0.276469,0.298814,9100
1997-04-24,0.272087,0.284794,0.271649,0.284794,4400
1997-04-25,0.263763,0.276031,0.258943,0.276031,6200
1997-04-28,0.253685,0.263763,0.253685,0.254124,3900
1997-04-29,0.255438,0.257191,0.247551,0.247551,3500
1997-04-30,0.258505,0.262886,0.256314,0.256314,3500
1997-05-02,0.262886,0.265077,0.254124,0.259819,2200
1997-05-05,0.254124,0.262886,0.254124,0.262448,2100
1997-05-06,0.264201,0.271649,0.256752,0.258505,10700
1997-05-07,0.269459,0.282603,0.260696,0.271649,48600
1997-05-08,0.269897,0.271649,0.262886,0.26902,143800
1997-05-09,0.267268,0.271649,0.265515,0.271649,10300
1997-05-12,0.252371,0.259381,0.249742,0.259381,10700
1997-05-13,0.234845,0.249742,0.234845,0.249742,9600
1997-05-14,0.241855,0.241855,0.237036,0.237036,1900
1997-05-15,0.241855,0.244046,0.237474,0.244046,3700
1997-05-16,0.237912,0.24317,0.236598,0.241855,5800
1997-05-19,0.227835,0.236598,0.225644,0.236598,5400
1997-05-20,0.225644,0.230464,0.225644,0.227835,3000
1997-05-21,0.241417,0.241417,0.232216,0.232216,9900
1997-05-22,0.257191,0.258505,0.251056,0.258505,14300
1997-05-23,0.246237,0.251933,0.245361,0.251933,2900
1997-05-26,0.245361,0.248866,0.239227,0.240979,10500
1997-05-27,0.239227,0.247113,0.239227,0.247113,3600
1997-05-28,0.236598,0.246237,0.236598,0.246237,400
1997-05-29,0.236598,0.23835,0.234407,0.237474,1600
1997-05-30,0.230026,0.236598,0.227835,0.236598,2600
1997-06-02,0.228711,0.232654,0.227835,0.232654,1300
1997-06-03,0.226082,0.23616,0.223453,0.235721,2600
1997-06-04,0.234845,0.234845,0.227835,0.23134,3200
1997-06-05,0.227835,0.236598,0.227835,0.232216,2500
1997-06-06,0.230026,0.234407,0.230026,0.232216,600
1997-06-09,0.227835,0.230026,0.223892,0.230026,1300
1997-06-10,0.218196,0.223892,0.2125,0.223892,3900
1997-06-11,0.204175,0.216005,0.203737,0.215567,3700
1997-06-12,0.210747,0.213814,0.192783,0.201546,7000
1997-06-13,0.205928,0.219072,0.197165,0.219072,12300
1997-06-16,0.198917,0.20549,0.197165,0.20549,3300
1997-06-17,0.197603,0.201546,0.192783,0.198041,6500
1997-06-18,0.185335,0.20768,0.18402,0.20768,10700
1997-06-19,0.191031,0.191907,0.18183,0.18402,9700
1997-06-20,0.192345,0.194536,0.186649,0.191031,1300
1997-06-23,0.190154,0.192783,0.188402,0.190593,5100
1997-06-24,0.185773,0.194536,0.18402,0.192783,12500
1997-06-25,0.19585,0.19585,0.182706,0.192783,3900
1997-06-26,0.198917,0.199356,0.191031,0.197603,2700
1997-06-27,0.196288,0.197165,0.190154,0.192783,1400
1997-06-30,0.192783,0.194974,0.191031,0.192783,1600
1997-07-01,0.186211,0.192783,0.18402,0.192783,4200
1997-07-02,0.199356,0.199356,0.192783,0.192783,2100
1997-07-03,0.20067,0.208118,0.198479,0.201546,10900
1997-07-04,0.205928,0.209871,0.201546,0.201546,4700
1997-07-07,0.20549,0.20768,0.201546,0.201984,8400
1997-07-08,0.216005,0.218634,0.203737,0.210309,16600
1997-07-09,0.23134,0.23134,0.228273,0.23134,15600
1997-07-10,0.247551,0.247551,0.247551,0.247551,8900
1997-07-11,0.234407,0.254124,0.232216,0.249742,27700
1997-07-14,0.230902,0.248866,0.229149,0.248866,15100
1997-07-15,0.233531,0.242294,0.227835,0.227835,28400
1997-07-16,0.232654,0.240979,0.232216,0.239227,5500
1997-07-17,0.227835,0.240103,0.223453,0.240103,3700
1997-07-21,0.214691,0.226082,0.212062,0.222139,2300
1997-07-22,0.217758,0.224768,0.214691,0.219948,8500
1997-07-23,0.223892,0.232216,0.219072,0.219948,10300
1997-07-24,0.227835,0.233969,0.22652,0.227835,4300
1997-07-25,0.225644,0.230026,0.220825,0.230026,4600
1997-07-28,0.225644,0.228273,0.223453,0.227835,3500
1997-07-29,0.232216,0.232216,0.227835,0.227835,8700
1997-07-30,0.247989,0.248428,0.241855,0.247989,10000
1997-07-31,0.265515,0.265515,0.251495,0.254124,15600
1997-08-01,0.278221,0.278221,0.263763,0.276031,19800
1997-08-04,0.278221,0.278221,0.277783,0.278221,6300
1997-08-05,0.27866,0.27866,0.27866,0.27866,1000
1997-08-06,0.27866,0.27866,0.27866,0.27866,200
1997-08-07,0.282165,0.297938,0.273402,0.286984,23200
1997-08-08,0.279098,0.284794,0.265077,0.265515,17700
1997-08-11,0.267268,0.282165,0.262448,0.282165,22800
1997-08-12,0.257629,0.277783,0.252809,0.277783,20500
1997-08-13,0.247551,0.267268,0.246675,0.262886,8700
1997-08-14,0.247989,0.260696,0.242294,0.245361,4500
1997-08-18,0.236598,0.244484,0.234845,0.239227,6400
1997-08-19,0.226082,0.236598,0.224768,0.236598,8200
1997-08-20,0.225206,0.240979,0.219072,0.240103,19100
1997-08-21,0.219072,0.229587,0.217319,0.229587,7800
1997-08-22,0.210747,0.218196,0.210309,0.212938,13400
1997-08-25,0.210747,0.216443,0.205928,0.216443,7400
1997-08-26,0.2125,0.219072,0.209871,0.214691,87400
1997-08-27,0.227397,0.227397,0.217319,0.217319,6600
1997-08-28,0.228273,0.236598,0.228273,0.232216,6000
1997-08-29,0.22433,0.226959,0.221701,0.225206,3400
1997-09-01,0.230026,0.23134,0.224768,0.227835,5900
1997-09-02,0.23134,0.233093,0.226082,0.226082,10100
1997-09-03,0.239665,0.240979,0.231778,0.231778,5600
1997-09-04,0.242294,0.249742,0.240979,0.245361,6800
1997-09-05,0.245361,0.247551,0.237474,0.240979,6900
1997-09-08,0.24317,0.243608,0.238788,0.240103,4500
1997-09-09,0.247113,0.249304,0.24317,0.24317,6800
1997-09-10,0.240103,0.249742,0.239227,0.240979,5000
1997-09-11,0.236598,0.239665,0.234845,0.237036,2200
1997-09-12,0.231778,0.240979,0.23134,0.240979,3500
1997-09-15,0.227397,0.233969,0.223453,0.233969,2800
1997-09-16,0.219072,0.223453,0.218196,0.221263,13000
1997-09-17,0.21951,0.225206,0.217319,0.225206,300
1997-09-18,0.213814,0.215567,0.210747,0.215567,2900
1997-09-19,0.208118,0.219072,0.206366,0.219072,1300
1997-09-22,0.208118,0.210309,0.206804,0.210309,1300
1997-09-23,0.201546,0.209433,0.201546,0.205928,2100
1997-09-24,0.201546,0.205928,0.201546,0.205928,5300
1997-09-25,0.201108,0.203299,0.201108,0.203299,4000
1997-09-26,0.201108,0.203737,0.198041,0.202423,4900
1997-09-29,0.196288,0.201546,0.194536,0.199794,5800
1997-09-30,0.192783,0.201546,0.192783,0.194974,5200
1997-10-01,0.198917,0.198917,0.198041,0.198041,600
1997-10-09,0.18884,0.19366,0.186211,0.19366,1400
1997-10-10,0.191907,0.192783,0.184897,0.184897,1000
1997-10-13,0.184897,0.192783,0.184897,0.188402,3100
1997-10-14,0.179639,0.179639,0.175696,0.179639,5000
1997-10-15,0.18183,0.184897,0.179639,0.184897,400
1997-10-16,0.186211,0.188402,0.175258,0.186211,6000
1997-10-17,0.182268,0.189716,0.182268,0.185773,2100
1997-10-20,0.192345,0.192345,0.185335,0.188402,1800
1997-10-21,0.192783,0.196288,0.18402,0.186649,4800
1997-10-22,0.195412,0.195412,0.193221,0.194098,1400
1997-10-23,0.198041,0.198041,0.191907,0.192783,2400
1997-10-24,0.19366,0.198479,0.186211,0.186211,800
1997-10-27,0.196727,0.196727,0.192783,0.192783,600
1997-10-28,0.185335,0.190154,0.18402,0.189278,2000
1997-10-29,0.190593,0.190593,0.189716,0.189716,400
1997-10-30,0.189278,0.189278,0.188402,0.189278,1000
1997-11-03,0.192783,0.192783,0.186649,0.190593,2400
1997-11-04,0.183582,0.187087,0.180515,0.187087,2300
1997-11-05,0.18402,0.18402,0.18402,0.18402,100
1997-11-06,0.176572,0.176572,0.176572,0.176572,300
1997-11-07,0.175696,0.179639,0.175696,0.178325,800
1997-11-10,0.173067,0.173067,0.173067,0.173067,300
1997-11-11,0.166933,0.173067,0.166495,0.173067,2200
1997-11-12,0.166933,0.168685,0.166933,0.168685,400
1997-11-13,0.166495,0.169124,0.16299,0.166057,1800
1997-11-17,0.158608,0.162113,0.157732,0.162113,2100
1997-11-18,0.157732,0.159484,0.150722,0.158608,5400
1997-11-19,0.157294,0.157732,0.155541,0.155541,600
1997-11-20,0.15335,0.157732,0.15335,0.154227,7900
1997-11-21,0.157732,0.158608,0.154665,0.158608,2000
1997-11-24,0.155103,0.157732,0.154227,0.155541,900
1997-11-25,0.159484,0.161675,0.149407,0.155103,2900
1997-11-26,0.16299,0.16299,0.16299,0.16299,300
1997-11-27,0.173505,0.173505,0.166495,0.166495,1100
1997-11-28,0.175258,0.175258,0.166933,0.166933,2000
1997-12-01,0.172191,0.173067,0.171314,0.171314,300
1997-12-02,0.166495,0.17,0.16299,0.17,1600
1997-12-03,0.168685,0.168685,0.166495,0.166495,200
1997-12-04,0.159484,0.16299,0.157732,0.161237,1500
1997-12-05,0.148969,0.155541,0.148531,0.155541,4700
1997-12-08,0.141521,0.145464,0.140206,0.145464,5700
1997-12-09,0.140206,0.143711,0.140206,0.143711,1600
1997-12-10,0.141959,0.144588,0.138015,0.144588,2500
1997-12-11,0.142397,0.144149,0.140206,0.144149,1400
1997-12-12,0.136701,0.144149,0.135825,0.144149,27400
1997-12-15,0.135825,0.14634,0.133634,0.145464,7000
1997-12-16,0.135386,0.144588,0.131881,0.144588,10000
1997-12-17,0.131005,0.135825,0.127938,0.135825,9300
1997-12-18,0.129252,0.132319,0.127062,0.132319,8800
1997-12-19,0.131443,0.133196,0.129691,0.133196,61100
1997-12-22,0.1275,0.133634,0.126185,0.133634,82000
1997-12-23,0.129691,0.131443,0.125747,0.128814,193700
1997-12-24,0.130567,0.131443,0.125747,0.125747,11900
1997-12-26,0.139768,0.139768,0.130567,0.130567,2800
1997-12-29,0.149845,0.149845,0.144588,0.144588,4800
1997-12-30,0.155541,0.155541,0.148969,0.155103,9100
1997-12-31,0.166057,0.166057,0.15817,0.162113,4100
1998-01-01,0.177886,0.177886,0.169124,0.177886,3800
1998-01-02,0.186211,0.186211,0.180515,0.18402,10800
1998-01-05,0.186211,0.186211,0.186211,0.186211,1300
1998-01-06,0.179201,0.186649,0.177886,0.186649,8000
1998-01-07,0.189716,0.197165,0.186211,0.188402,9300
1998-01-08,0.171314,0.18402,0.170876,0.18402,11700
1998-01-09,0.156417,0.168685,0.154665,0.162551,12200
1998-01-12,0.143273,0.157732,0.141082,0.157732,6500
1998-01-13,0.140644,0.155979,0.134948,0.15335,19600
1998-01-14,0.155103,0.155103,0.148969,0.15335,2500
1998-01-15,0.155541,0.155541,0.153789,0.155541,2000
1998-01-16,0.159484,0.159484,0.155541,0.155541,1000
1998-01-19,0.157732,0.164304,0.15335,0.156856,2100
1998-01-20,0.156417,0.157732,0.15335,0.157732,4200
1998-01-21,0.155103,0.161675,0.155103,0.161237,1500
1998-01-22,0.157732,0.159923,0.15335,0.159923,1400
1998-01-23,0.157294,0.157294,0.155541,0.155541,200
1998-01-27,0.150722,0.15335,0.145464,0.150283,6800
1998-01-28,0.149407,0.155979,0.149407,0.155979,2900
1998-01-29,0.15335,0.15335,0.152474,0.152474,700
1998-01-30,0.157732,0.157732,0.148969,0.155103,4000
1998-02-02,0.157732,0.160799,0.152474,0.15335,3000
1998-02-03,0.15335,0.160361,0.15335,0.160361,301000
1998-02-04,0.157732,0.160361,0.154227,0.159046,1900
1998-02-05,0.152912,0.157732,0.152912,0.152912,3300
1998-02-06,0.152036,0.157732,0.152036,0.156417,800
1998-02-09,0.149407,0.15335,0.149407,0.15335,700
1998-02-10,0.147655,0.148969,0.147216,0.147655,1600
1998-02-11,0.148093,0.148969,0.148093,0.148969,400
1998-02-12,0.140206,0.152912,0.140206,0.152912,1900
1998-02-13,0.141521,0.142397,0.140206,0.142397,4300
1998-02-17,0.138453,0.147216,0.138015,0.140644,5500
1998-02-18,0.142397,0.148969,0.138892,0.148969,1000
1998-02-19,0.140206,0.142397,0.140206,0.142397,7000
1998-02-20,0.140206,0.140206,0.140206,0.140206,1000
1998-02-23,0.139768,0.141521,0.135825,0.140206,2200
1998-02-24,0.138015,0.146778,0.134948,0.146778,9000
1998-02-25,0.140206,0.142397,0.137577,0.137577,2900
1998-02-26,0.142397,0.146778,0.142397,0.143273,3000
1998-02-27,0.149407,0.15116,0.141521,0.141521,4900
1998-03-02,0.148093,0.156856,0.147655,0.15116,6400
1998-03-03,0.135386,0.148969,0.13451,0.148969,6900
1998-03-04,0.148093,0.148969,0.145902,0.145902,3100
1998-03-05,0.145464,0.148969,0.145464,0.148969,1200
1998-03-06,0.148969,0.148969,0.142835,0.142835,4400
1998-03-09,0.148969,0.148969,0.14634,0.148969,5300
1998-03-10,0.148093,0.151598,0.147216,0.148969,5700
1998-03-11,0.147655,0.148969,0.143711,0.143711,800
1998-03-12,0.148093,0.148969,0.147655,0.148969,3200
1998-03-16,0.148531,0.154227,0.146778,0.154227,4800
1998-03-17,0.144588,0.144588,0.138453,0.140206,2800
1998-03-18,0.143711,0.157294,0.141082,0.157294,6200
1998-03-19,0.139768,0.142835,0.138453,0.141521,6900
1998-03-20,0.140206,0.142835,0.133634,0.138892,11300
1998-03-23,0.144588,0.148969,0.144588,0.148531,1700
1998-03-24,0.145902,0.15116,0.144588,0.148093,15900
1998-03-25,0.159046,0.160799,0.152474,0.152474,13500
1998-03-26,0.163866,0.175258,0.162113,0.166495,37000
1998-03-27,0.162113,0.163866,0.159923,0.162551,19800
1998-03-30,0.156856,0.166933,0.150722,0.166057,36400
1998-03-31,0.141521,0.149845,0.141521,0.149845,26500
1998-04-01,0.1275,0.131443,0.1275,0.131443,9400
1998-04-02,0.118299,0.122242,0.114794,0.11567,31100
1998-04-03,0.1275,0.127938,0.116108,0.127062,25200
1998-04-06,0.123995,0.127062,0.122242,0.127062,9500
1998-04-07,0.117861,0.124433,0.113917,0.124433,20200
1998-04-09,0.129252,0.129691,0.12268,0.124433,17000
1998-04-10,0.142397,0.142397,0.133196,0.133196,20300
1998-04-13,0.147216,0.147216,0.144149,0.144149,11900
1998-04-15,0.162113,0.162113,0.158608,0.158608,5200
1998-04-16,0.162113,0.177886,0.157732,0.175258,41000
1998-04-17,0.157294,0.157732,0.147216,0.157732,13300
1998-04-20,0.145464,0.156856,0.144588,0.148969,12100
1998-04-21,0.143273,0.148969,0.142397,0.142397,11300
1998-04-22,0.147655,0.157732,0.145026,0.15116,22900
1998-04-23,0.143711,0.152036,0.143711,0.148969,5500
1998-04-24,0.135825,0.143711,0.135825,0.141521,8500
1998-04-27,0.136701,0.142835,0.133634,0.134072,3900
1998-04-28,0.128814,0.134948,0.124871,0.134948,5900
1998-04-29,0.1275,0.134948,0.126185,0.126185,2000
1998-04-30,0.129691,0.130567,0.12049,0.120928,6600
1998-05-04,0.130567,0.131443,0.124871,0.124871,2600
1998-05-05,0.12268,0.132319,0.12268,0.129252,9100
1998-05-06,0.127062,0.131005,0.124433,0.127062,4800
1998-05-08,0.124871,0.126185,0.120051,0.123118,5000
1998-05-11,0.137577,0.137577,0.126624,0.126624,33300
1998-05-12,0.139768,0.144588,0.131443,0.137577,45400
1998-05-13,0.145902,0.153789,0.140644,0.146778,40000
1998-05-14,0.145464,0.15116,0.140206,0.146778,27400
1998-05-15,0.136263,0.144588,0.131443,0.144588,15300
1998-05-18,0.130567,0.140206,0.125309,0.135825,24700
1998-05-19,0.127062,0.131881,0.121366,0.127938,35200
1998-05-21,0.139768,0.139768,0.139768,0.139768,200
1998-05-22,0.153789,0.153789,0.153789,0.153789,1400
1998-05-25,0.159046,0.159046,0.158608,0.159046,19300
1998-05-26,0.159484,0.159484,0.159484,0.159484,1500
1998-05-27,0.175696,0.175696,0.175696,0.175696,400
1998-05-28,0.185335,0.193221,0.18402,0.18402,43100
1998-05-29,0.18402,0.18402,0.168685,0.179639,38400
1998-06-01,0.179639,0.189278,0.176572,0.188402,20500
1998-06-02,0.170876,0.177886,0.169124,0.172629,9200
1998-06-03,0.15817,0.170876,0.15817,0.166933,8800
1998-06-04,0.151598,0.162113,0.148969,0.162113,6800
1998-06-05,0.144588,0.148969,0.140206,0.140206,5100
1998-06-08,0.136263,0.148969,0.131881,0.148969,6900
1998-06-09,0.140206,0.145902,0.135825,0.135825,13500
1998-06-10,0.13451,0.138015,0.131443,0.133634,4400
1998-06-11,0.132758,0.133634,0.12268,0.129252,4300
1998-06-12,0.13933,0.141082,0.135825,0.135825,4800
1998-06-15,0.131881,0.148969,0.130567,0.148969,4900
1998-06-16,0.124433,0.128376,0.12268,0.123118,6300
1998-06-17,0.135386,0.135825,0.131443,0.133196,2600
1998-06-18,0.134072,0.13451,0.132758,0.133196,4700
1998-06-19,0.127062,0.130129,0.124433,0.124871,3400
1998-06-22,0.124433,0.127062,0.121804,0.121804,7800
1998-06-23,0.118299,0.127062,0.109536,0.126185,25700
1998-06-24,0.12268,0.12268,0.119175,0.119175,2600
1998-06-25,0.120928,0.126624,0.116984,0.116984,400
1998-06-26,0.118299,0.12268,0.118299,0.121804,600
1998-06-29,0.122242,0.12268,0.118299,0.118299,1700
1998-06-30,0.114356,0.121366,0.113917,0.121366,3100
1998-07-01,0.111727,0.111727,0.106031,0.11085,1000
1998-07-02,0.113479,0.113479,0.111289,0.112603,400
1998-07-03,0.109536,0.109536,0.108222,0.109536,600
1998-07-06,0.109536,0.109536,0.109536,0.109536,1700
1998-07-07,0.113917,0.113917,0.113479,0.113479,700
1998-07-08,0.112603,0.113917,0.112603,0.113917,2600
1998-07-09,0.0849999,0.113917,0.0845618,0.113917,32400
1998-07-10,0.0937628,0.0955154,0.0876288,0.0893814,8800
1998-07-13,0.0920102,0.0950772,0.0898195,0.0950772,2900
1998-07-14,0.0871907,0.0963917,0.0854381,0.0955154,5500
1998-07-15,0.0893814,0.0898195,0.0876288,0.0898195,3100
1998-07-16,0.0876288,0.0893814,0.0876288,0.0880669,6100
1998-07-17,0.0880669,0.0893814,0.0867525,0.0893814,5700
1998-07-20,0.0867525,0.0893814,0.0867525,0.0876288,3800
1998-07-21,0.0797422,0.0845618,0.0788659,0.0841236,7700
1998-07-22,0.0832474,0.0876288,0.0832474,0.0867525,1700
1998-07-23,0.0801803,0.0832474,0.0801803,0.0832474,3000
1998-07-24,0.0784278,0.0797422,0.0779896,0.0797422,2200
1998-07-27,0.0779896,0.0788659,0.0771133,0.0788659,2800
1998-07-28,0.0775515,0.0779896,0.0762371,0.0771133,2100
1998-07-29,0.070103,0.070103,0.0674742,0.070103,6600
1998-07-30,0.070103,0.0744845,0.0692267,0.0744845,22800
1998-07-31,0.070103,0.070103,0.0696649,0.070103,2800
1998-08-03,0.0661597,0.0679123,0.0657216,0.0679123,500
1998-08-04,0.0692267,0.070103,0.0679123,0.0679123,2700
1998-08-05,0.0692267,0.0692267,0.0665979,0.0683505,1400
1998-08-06,0.0635309,0.0679123,0.060902,0.0679123,62400
1998-08-07,0.0543299,0.0635309,0.0438144,0.0635309,37100
1998-08-10,0.0569587,0.0604639,0.051701,0.0569587,11400
1998-08-11,0.0481958,0.0538917,0.0473196,0.0525773,12100
1998-08-12,0.0499484,0.0525773,0.0490721,0.0525773,2300
1998-08-13,0.0543299,0.0543299,0.0543299,0.0543299,1300
1998-08-14,0.0569587,0.0569587,0.0503866,0.0565206,3100
1998-08-17,0.0604639,0.0613402,0.0569587,0.0587113,2500
1998-08-18,0.0626546,0.0630927,0.0573969,0.060902,4300
1998-08-19,0.0635309,0.0683505,0.0635309,0.0635309,2500
1998-08-20,0.063969,0.0679123,0.063969,0.0679123,600
1998-08-21,0.0657216,0.0657216,0.0657216,0.0657216,200
1998-08-24,0.0714175,0.0718556,0.0692267,0.070103,3000
1998-08-25,0.0674742,0.0705412,0.067036,0.0692267,2900
1998-08-28,0.0683505,0.0683505,0.0674742,0.0674742,600
1998-08-31,0.0674742,0.0674742,0.0613402,0.0622164,1400
1998-09-01,0.0587113,0.0665979,0.0587113,0.0617783,1500
1998-09-02,0.0587113,0.0587113,0.0587113,0.0587113,200
1998-09-03,0.0613402,0.0613402,0.0613402,0.0613402,100
1998-09-04,0.0587113,0.0613402,0.0587113,0.0613402,1300
1998-09-07,0.0591494,0.0591494,0.0591494,0.0591494,300
1998-09-08,0.0613402,0.0613402,0.0604639,0.0604639,700
1998-09-09,0.0630927,0.0630927,0.0613402,0.0613402,1400
1998-09-10,0.0657216,0.0657216,0.0622164,0.0622164,1300
1998-09-11,0.067036,0.067036,0.0665979,0.0665979,2400
1998-09-14,0.0679123,0.0679123,0.0652835,0.067036,1100
1998-09-15,0.0665979,0.0679123,0.0661597,0.0679123,600
1998-09-16,0.070103,0.070103,0.0613402,0.0613402,2000
1998-09-17,0.0679123,0.070103,0.0635309,0.0657216,2100
1998-09-18,0.0683505,0.070103,0.0679123,0.0696649,700
1998-09-21,0.0692267,0.070103,0.0679123,0.0679123,2400
1998-09-22,0.070103,0.070103,0.0679123,0.0683505,3800
1998-09-23,0.0722938,0.0722938,0.0679123,0.070103,3500
1998-09-24,0.0727319,0.07317,0.070103,0.070103,2900
1998-09-25,0.0727319,0.0766752,0.0727319,0.0744845,3300
1998-09-28,0.0722938,0.0744845,0.0722938,0.0736082,800
1998-09-29,0.0736082,0.0757989,0.0727319,0.0744845,6700
1998-09-30,0.0696649,0.0727319,0.0683505,0.0727319,4900
1998-10-05,0.0657216,0.0665979,0.0657216,0.0665979,900
1998-10-06,0.0657216,0.0657216,0.0657216,0.0657216,200
1998-10-07,0.0687886,0.0687886,0.0630927,0.0630927,600
1998-10-09,0.070103,0.070103,0.0696649,0.0696649,200
1998-10-12,0.0622164,0.0692267,0.0622164,0.0692267,1200
1998-10-13,0.057835,0.0613402,0.057835,0.0613402,2200
1998-10-14,0.0622164,0.0622164,0.0613402,0.0613402,1200
1998-10-15,0.0604639,0.0635309,0.0604639,0.0630927,700
1998-10-16,0.0613402,0.0613402,0.0613402,0.0613402,200
1998-10-19,0.0683505,0.070103,0.0652835,0.0652835,600
1998-10-22,0.0644072,0.0648453,0.0644072,0.0644072,200
1998-10-23,0.0600257,0.0648453,0.0582731,0.0648453,1300
1998-10-26,0.0657216,0.0674742,0.0613402,0.0613402,1100
1998-10-27,0.0617783,0.0657216,0.0573969,0.0657216,2100
1998-10-28,0.0622164,0.0648453,0.0613402,0.0613402,500
1998-10-29,0.0613402,0.0613402,0.060902,0.0613402,900
1998-10-30,0.0622164,0.0622164,0.0617783,0.0617783,300
1998-11-02,0.0613402,0.0626546,0.0613402,0.0626546,500
1998-11-03,0.0604639,0.0604639,0.057835,0.057835,1000
1998-11-05,0.0569587,0.0569587,0.0490721,0.0490721,1600
1998-11-06,0.0604639,0.0604639,0.0569587,0.0569587,1700
1998-11-09,0.0565206,0.0569587,0.0481958,0.0543299,9400
1998-11-10,0.0565206,0.057835,0.0560824,0.057835,800
1998-11-11,0.0569587,0.0573969,0.0569587,0.0573969,1200
1998-11-12,0.0573969,0.0582731,0.0552061,0.0582731,600
1998-11-13,0.0565206,0.0591494,0.0530154,0.0587113,1300
1998-11-16,0.0552061,0.0552061,0.0552061,0.0552061,500
1998-11-17,0.0565206,0.057835,0.0560824,0.057835,2000
1998-11-18,0.0591494,0.0591494,0.0582731,0.0582731,1100
1998-11-19,0.0635309,0.0635309,0.0617783,0.0617783,1000
1998-11-20,0.0613402,0.0613402,0.0613402,0.0613402,200
1998-11-23,0.0635309,0.0657216,0.0635309,0.0657216,900
1998-11-24,0.0534536,0.0617783,0.0446907,0.0613402,47400
1998-11-26,0.0525773,0.054768,0.0525773,0.054768,3100
1998-11-27,0.0534536,0.0534536,0.0525773,0.0534536,3400
1998-11-30,0.0525773,0.0543299,0.0525773,0.0543299,900
1998-12-01,0.0503866,0.0534536,0.0495103,0.0495103,1400
1998-12-02,0.0530154,0.0530154,0.0460051,0.0460051,500
1998-12-03,0.0499484,0.0503866,0.048634,0.0503866,600
1998-12-04,0.0503866,0.0503866,0.0495103,0.0495103,200
1998-12-07,0.0508247,0.0508247,0.0451288,0.0451288,600
1998-12-08,0.051701,0.051701,0.0481958,0.048634,2400
1998-12-09,0.0538917,0.0538917,0.0499484,0.0499484,1500
1998-12-10,0.0521391,0.0525773,0.0499484,0.0508247,1400
1998-12-11,0.051701,0.0521391,0.051701,0.0521391,700
1998-12-14,0.051701,0.051701,0.0481958,0.0481958,400
1998-12-15,0.0512628,0.0512628,0.0481958,0.0481958,1900
1998-12-16,0.0512628,0.0512628,0.0446907,0.0446907,1900
1998-12-17,0.0481958,0.0499484,0.0481958,0.0495103,1100
1998-12-18,0.0508247,0.0508247,0.0508247,0.0508247,100
1998-12-21,0.0446907,0.0446907,0.0446907,0.0446907,100
1998-12-22,0.0490721,0.0490721,0.0460051,0.0460051,600
1998-12-23,0.0525773,0.0525773,0.048634,0.0525773,1600
1998-12-24,0.0525773,0.0525773,0.051701,0.051701,200
1998-12-28,0.0525773,0.0525773,0.0499484,0.0499484,600
1998-12-29,0.0543299,0.0569587,0.0521391,0.0521391,2600
1998-12-30,0.0587113,0.0613402,0.0569587,0.0569587,3600
1998-12-31,0.0525773,0.0582731,0.0525773,0.0582731,8000
1999-01-01,0.054768,0.054768,0.0525773,0.0534536,2400
1999-01-04,0.0595876,0.060902,0.0569587,0.060902,4600
1999-01-05,0.0591494,0.0595876,0.0569587,0.0587113,2500
1999-01-06,0.0613402,0.0657216,0.0538917,0.0538917,8400
1999-01-07,0.0635309,0.0665979,0.0613402,0.0657216,6700
1999-01-08,0.0718556,0.0718556,0.0613402,0.0718556,5800
1999-01-11,0.0657216,0.0722938,0.0657216,0.070103,12400
1999-01-12,0.0630927,0.0657216,0.0613402,0.0657216,8800
1999-01-13,0.0595876,0.0613402,0.0573969,0.0573969,7800
1999-01-14,0.0591494,0.0591494,0.0587113,0.0587113,300
1999-01-15,0.0595876,0.0600257,0.0595876,0.0600257,1900
1999-01-18,0.0569587,0.0569587,0.0569587,0.0569587,600
1999-01-19,0.054768,0.054768,0.051701,0.0543299,1400
1999-01-21,0.0525773,0.0591494,0.0481958,0.0481958,4500
1999-01-22,0.0503866,0.0534536,0.0503866,0.0525773,3900
1999-01-25,0.0525773,0.0569587,0.0521391,0.0569587,3000
1999-01-27,0.0591494,0.0613402,0.054768,0.0569587,10900
1999-01-28,0.057835,0.0613402,0.057835,0.0613402,5800
1999-01-29,0.0525773,0.060902,0.051701,0.051701,7700
1999-02-01,0.0534536,0.0565206,0.0525773,0.0525773,1500
1999-02-02,0.0481958,0.051701,0.0446907,0.051701,4800
1999-02-03,0.0525773,0.0525773,0.0525773,0.0525773,800
1999-02-04,0.0481958,0.0521391,0.0438144,0.0521391,10600
1999-02-05,0.0503866,0.0512628,0.0481958,0.0481958,4500
1999-02-08,0.0438144,0.0468814,0.0438144,0.0438144,5000
1999-02-09,0.0464433,0.0473196,0.0446907,0.0446907,5800
1999-02-10,0.0490721,0.0490721,0.0481958,0.0481958,5700
1999-02-11,0.0481958,0.0490721,0.0403092,0.0403092,3100
1999-02-12,0.0481958,0.0503866,0.0460051,0.0503866,3300
1999-02-15,0.051701,0.0569587,0.051701,0.0525773,11400
1999-02-16,0.0481958,0.0525773,0.0473196,0.051701,11900
1999-02-17,0.0565206,0.0587113,0.0543299,0.0560824,10900
1999-02-18,0.060902,0.0613402,0.0534536,0.0573969,19400
1999-02-19,0.0648453,0.070103,0.0622164,0.0657216,9200
1999-02-22,0.0635309,0.0683505,0.0630927,0.0657216,13800
1999-02-23,0.0604639,0.0648453,0.0595876,0.0600257,6300
1999-02-24,0.0569587,0.0613402,0.054768,0.054768,16100
1999-02-25,0.0595876,0.0613402,0.0569587,0.0569587,3900
1999-02-26,0.0595876,0.060902,0.057835,0.0587113,3400
1999-03-01,0.0556443,0.0587113,0.0552061,0.0569587,3100
1999-03-03,0.0652835,0.0652835,0.0556443,0.0587113,6700
1999-03-04,0.0622164,0.0635309,0.0604639,0.0613402,5000
1999-03-05,0.0604639,0.063969,0.0595876,0.0635309,4800
1999-03-08,0.0613402,0.0635309,0.0560824,0.0613402,7700
1999-03-09,0.0604639,0.0652835,0.0587113,0.063969,9300
1999-03-10,0.0613402,0.0644072,0.0595876,0.0595876,4300
1999-03-11,0.0622164,0.0635309,0.0613402,0.0622164,4000
1999-03-12,0.0657216,0.0683505,0.0644072,0.0644072,9800
1999-03-15,0.0718556,0.0753608,0.0679123,0.0679123,7000
1999-03-16,0.0937628,0.107345,0.0722938,0.0788659,25900
1999-03-17,0.107783,0.117423,0.103402,0.117423,56600
1999-03-18,0.118299,0.127062,0.107783,0.107783,51200
1999-03-19,0.105593,0.120928,0.105155,0.109536,28400
1999-03-22,0.0898195,0.110412,0.0898195,0.110412,18500
1999-03-23,0.0893814,0.0985824,0.0832474,0.0893814,28300
1999-03-24,0.0990205,0.102964,0.0920102,0.0920102,8900
1999-03-25,0.0955154,0.10384,0.094201,0.100773,11900
1999-03-26,0.0902577,0.094201,0.0889432,0.0920102,5100
1999-03-30,0.0832474,0.0911339,0.0788659,0.0902577,5400
1999-03-31,0.0893814,0.0963917,0.0893814,0.094201,5200
1999-04-01,0.0880669,0.0911339,0.0876288,0.0880669,4800
1999-04-05,0.0766752,0.0841236,0.0766752,0.0836855,1600
1999-04-06,0.0740463,0.0810566,0.070103,0.0810566,5400
1999-04-07,0.0722938,0.0762371,0.0722938,0.0740463,4400
1999-04-08,0.0740463,0.0740463,0.0683505,0.0687886,700
1999-04-09,0.0696649,0.0718556,0.0665979,0.070103,2000
1999-04-12,0.070103,0.070103,0.0696649,0.070103,1300
1999-04-13,0.0687886,0.070103,0.0687886,0.070103,3500
1999-04-15,0.0665979,0.0722938,0.0538917,0.0538917,1500
1999-04-16,0.0779896,0.0784278,0.0744845,0.0744845,1700
1999-04-19,0.0648453,0.0648453,0.0613402,0.0613402,400
1999-04-20,0.0683505,0.0779896,0.0683505,0.0775515,2900
1999-04-21,0.0644072,0.0648453,0.0644072,0.0648453,300
1999-04-22,0.0644072,0.0709793,0.0595876,0.0709793,1500
1999-04-23,0.063969,0.063969,0.0635309,0.063969,800
1999-04-26,0.0573969,0.057835,0.0569587,0.0569587,900
1999-04-28,0.0674742,0.0674742,0.0490721,0.0490721,300
1999-04-29,0.0552061,0.0595876,0.0552061,0.0595876,600
1999-04-30,0.0604639,0.0604639,0.0587113,0.0591494,1600
1999-05-03,0.054768,0.0613402,0.054768,0.0613402,4800
1999-05-04,0.0534536,0.0569587,0.0525773,0.0569587,2100
1999-05-05,0.0595876,0.0613402,0.0552061,0.0556443,3500
1999-05-06,0.0613402,0.063969,0.0613402,0.0613402,2800
1999-05-07,0.0679123,0.0696649,0.0617783,0.0617783,4800
1999-05-10,0.067036,0.0679123,0.0665979,0.0665979,1300
1999-05-11,0.070103,0.0709793,0.0657216,0.0679123,2800
1999-05-12,0.0692267,0.0692267,0.0635309,0.0674742,1800
1999-05-13,0.0613402,0.0635309,0.0582731,0.0582731,1200
1999-05-14,0.0591494,0.0591494,0.0565206,0.0565206,800
1999-05-17,0.0560824,0.0560824,0.0534536,0.0534536,600
1999-05-18,0.0644072,0.0644072,0.057835,0.057835,1600
1999-05-19,0.0613402,0.0613402,0.0613402,0.0613402,1100
1999-05-20,0.0635309,0.0635309,0.0630927,0.0630927,4700
1999-05-24,0.0613402,0.0613402,0.0613402,0.0613402,100
1999-05-25,0.0613402,0.0648453,0.0591494,0.0648453,400
1999-05-26,0.0613402,0.0613402,0.0613402,0.0613402,1000
1999-05-27,0.0613402,0.0613402,0.0613402,0.0613402,200
1999-05-28,0.060902,0.060902,0.054768,0.0569587,6500
1999-05-31,0.0556443,0.0604639,0.0556443,0.0604639,600
1999-06-01,0.0591494,0.060902,0.0569587,0.0569587,63500
1999-06-02,0.0587113,0.0591494,0.0587113,0.0587113,600
1999-06-03,0.057835,0.057835,0.0569587,0.0569587,1000
1999-06-04,0.0604639,0.0613402,0.0569587,0.0613402,1400
1999-06-07,0.0630927,0.0630927,0.0552061,0.0552061,1200
1999-06-08,0.0613402,0.0630927,0.0613402,0.0613402,2000
1999-06-09,0.0617783,0.0648453,0.0617783,0.0648453,700
1999-06-10,0.0617783,0.0617783,0.0617783,0.0617783,300
1999-06-11,0.0591494,0.0591494,0.0591494,0.0591494,100
1999-06-14,0.0565206,0.0565206,0.0565206,0.0565206,500
1999-06-15,0.0477577,0.0613402,0.0442525,0.057835,11400
1999-06-16,0.0495103,0.0503866,0.0271649,0.0271649,6200
1999-06-17,0.045567,0.0521391,0.0442525,0.0481958,22900
1999-06-18,0.051701,0.0525773,0.048634,0.0512628,11100
1999-06-21,0.0481958,0.0525773,0.0481958,0.0508247,15100
1999-06-22,0.0508247,0.0525773,0.0503866,0.0525773,900
1999-06-23,0.0525773,0.0525773,0.0512628,0.0521391,4900
1999-06-24,0.0552061,0.0552061,0.0543299,0.0552061,4000
1999-06-25,0.0468814,0.0569587,0.0464433,0.0534536,22000
1999-06-28,0.051701,0.0534536,0.048634,0.0512628,3900
1999-06-29,0.0534536,0.0538917,0.0481958,0.0481958,3700
1999-06-30,0.0543299,0.054768,0.0525773,0.0525773,5900
1999-07-01,0.0604639,0.0604639,0.0534536,0.0534536,2200
1999-07-02,0.060902,0.0657216,0.0595876,0.0630927,12200
1999-07-05,0.0595876,0.0630927,0.0595876,0.0617783,6900
1999-07-06,0.0582731,0.0587113,0.0525773,0.0525773,10200
1999-07-07,0.0591494,0.0595876,0.0569587,0.0591494,7300
1999-07-08,0.060902,0.0613402,0.0560824,0.0569587,15500
1999-07-09,0.0622164,0.0630927,0.060902,0.0613402,12200
1999-07-12,0.070103,0.0705412,0.0595876,0.0652835,22800
1999-07-13,0.0696649,0.0744845,0.0683505,0.0722938,14800
1999-07-14,0.0679123,0.070103,0.0617783,0.0622164,12100
1999-07-15,0.0652835,0.0718556,0.063969,0.0718556,3700
1999-07-16,0.0679123,0.0692267,0.0626546,0.0626546,1400
1999-07-19,0.0679123,0.0744845,0.0648453,0.070103,15900
1999-07-20,0.0661597,0.067036,0.0648453,0.0661597,5500
1999-07-21,0.0683505,0.0683505,0.0613402,0.0613402,3300
1999-07-22,0.0652835,0.070103,0.0622164,0.0622164,5100
1999-07-23,0.0692267,0.0692267,0.063969,0.063969,2400
1999-07-26,0.0687886,0.0692267,0.0613402,0.0613402,5900
1999-07-27,0.0657216,0.0674742,0.0622164,0.0674742,4400
1999-07-28,0.0644072,0.0657216,0.0622164,0.0622164,5000
1999-07-29,0.0665979,0.0665979,0.0635309,0.0635309,4000
1999-07-30,0.0696649,0.0709793,0.0657216,0.0657216,6900
1999-08-02,0.070103,0.070103,0.0648453,0.0661597,9900
1999-08-03,0.0661597,0.0696649,0.063969,0.0683505,6600
1999-08-04,0.0683505,0.0687886,0.063969,0.0657216,7100
1999-08-05,0.067036,0.0683505,0.0665979,0.0674742,1100
1999-08-06,0.063969,0.063969,0.063969,0.063969,500
1999-08-09,0.063969,0.0674742,0.0626546,0.0674742,2100
1999-08-10,0.0635309,0.0648453,0.0630927,0.0635309,4400
1999-08-11,0.070103,0.0709793,0.0635309,0.0635309,3800
1999-08-12,0.0705412,0.0744845,0.0679123,0.0679123,3600
1999-08-13,0.0893814,0.0981442,0.0744845,0.0744845,14600
1999-08-16,0.0924484,0.0977061,0.0845618,0.0955154,27700
1999-08-17,0.104278,0.106907,0.0950772,0.0950772,30400
1999-08-18,0.116546,0.121804,0.106907,0.106907,51800
1999-08-19,0.104716,0.125309,0.101649,0.121804,27600
1999-08-20,0.105155,0.106469,0.0955154,0.105155,12300
1999-08-23,0.102526,0.105155,0.100773,0.105155,13400
1999-08-24,0.0950772,0.100773,0.0889432,0.0985824,14900
1999-08-25,0.0937628,0.0994587,0.0920102,0.0963917,10300
1999-08-26,0.0928865,0.0963917,0.0876288,0.0880669,8800
1999-08-27,0.0902577,0.0963917,0.0810566,0.0959535,6900
1999-08-30,0.0902577,0.112603,0.0863144,0.103402,17400
1999-08-31,0.0911339,0.0946391,0.0876288,0.0876288,34700
1999-09-01,0.105155,0.113917,0.10384,0.113041,42100
1999-09-02,0.0977061,0.109536,0.0977061,0.105155,22000
1999-09-03,0.0998968,0.104716,0.0985824,0.104716,8500
1999-09-06,0.0981442,0.101211,0.0963917,0.101211,8400
1999-09-07,0.0985824,0.104278,0.0963917,0.104278,10900
1999-09-08,0.100335,0.101211,0.0893814,0.0955154,5000
1999-09-09,0.103402,0.106031,0.100773,0.103402,4100
1999-09-10,0.102964,0.108222,0.100773,0.108222,3400
1999-09-14,0.101211,0.105155,0.0998968,0.102526,6200
1999-09-15,0.0963917,0.0998968,0.0963917,0.0981442,2700
1999-09-16,0.0985824,0.0990205,0.0950772,0.0990205,5600
1999-09-17,0.0963917,0.0963917,0.0880669,0.0963917,4800
1999-09-20,0.0955154,0.0963917,0.0924484,0.0924484,10900
1999-09-21,0.0994587,0.0994587,0.0963917,0.0963917,10600
1999-09-22,0.100335,0.102526,0.0985824,0.100773,10500
1999-09-23,0.094201,0.0946391,0.0924484,0.0937628,7400
1999-09-24,0.0985824,0.0990205,0.0902577,0.0920102,6700
1999-09-27,0.102088,0.105155,0.094201,0.0959535,21000
1999-09-28,0.107783,0.113917,0.097268,0.0977061,30700
1999-09-29,0.12268,0.132319,0.107783,0.107783,75300
1999-09-30,0.152036,0.15335,0.126624,0.130567,130500
1999-10-01,0.150722,0.170876,0.136701,0.157732,141800
1999-10-04,0.1275,0.143273,0.121804,0.140644,42100
1999-10-05,0.140644,0.144588,0.116546,0.116546,70400
1999-10-06,0.135825,0.140206,0.131443,0.132319,18200
1999-10-07,0.152036,0.162113,0.136701,0.138453,35400
1999-10-08,0.141959,0.166495,0.140206,0.16518,21000
1999-10-11,0.137577,0.147216,0.135825,0.141521,12400
1999-10-12,0.130129,0.140206,0.123118,0.140206,25500
1999-10-13,0.131005,0.13933,0.127062,0.131881,14200
1999-10-14,0.128814,0.131443,0.120051,0.131443,9900
1999-10-15,0.118299,0.130129,0.112165,0.123995,2700
1999-10-18,0.120928,0.126185,0.10866,0.126185,10800
1999-10-20,0.131443,0.139768,0.120051,0.139768,7900
1999-10-21,0.145464,0.148969,0.12049,0.12049,17500
1999-10-22,0.138015,0.141959,0.131443,0.137139,9700
1999-10-25,0.138453,0.156856,0.131881,0.15116,6900
1999-10-26,0.132319,0.13933,0.131881,0.138453,11200
1999-10-27,0.134948,0.136701,0.130129,0.131443,6600
1999-10-28,0.125747,0.131005,0.124871,0.129252,4000
1999-10-29,0.123995,0.123995,0.116108,0.116108,3400
1999-11-01,0.0998968,0.118299,0.0985824,0.116546,4600
1999-11-02,0.105155,0.111289,0.0985824,0.11085,5700
1999-11-03,0.105155,0.113917,0.105155,0.113041,6500
1999-11-04,0.107783,0.111289,0.10384,0.10384,1100
1999-11-05,0.101211,0.10866,0.0985824,0.10866,2500
1999-11-09,0.101649,0.105155,0.100773,0.105155,4500
1999-11-10,0.110412,0.113917,0.103402,0.105155,9000
1999-11-11,0.106907,0.109098,0.103402,0.103402,3500
1999-11-12,0.104278,0.109536,0.10384,0.109536,4000
1999-11-15,0.0963917,0.100335,0.0963917,0.100335,5100
1999-11-16,0.0867525,0.100335,0.0727319,0.0963917,27500
1999-11-17,0.0876288,0.0963917,0.0836855,0.0963917,12200
1999-11-18,0.0876288,0.0876288,0.0845618,0.0876288,12400
1999-11-19,0.0832474,0.0902577,0.0819329,0.0819329,13500
1999-11-22,0.0819329,0.0841236,0.0797422,0.0814948,3100
1999-11-24,0.0749226,0.0832474,0.0709793,0.0832474,15700
1999-11-25,0.070103,0.0784278,0.0661597,0.070103,16000
1999-11-26,0.0784278,0.0810566,0.0657216,0.0657216,11500
1999-11-29,0.0736082,0.0775515,0.070103,0.0771133,9500
1999-11-30,0.070103,0.0736082,0.0679123,0.0736082,13600
1999-12-01,0.070103,0.0727319,0.0626546,0.0626546,19300
1999-12-02,0.070103,0.0722938,0.0657216,0.0722938,10900
1999-12-03,0.0714175,0.0736082,0.0679123,0.0679123,9600
1999-12-06,0.070103,0.0744845,0.0692267,0.0709793,5600
1999-12-07,0.0687886,0.0736082,0.0687886,0.0722938,7100
1999-12-08,0.0766752,0.0788659,0.0692267,0.0744845,14700
1999-12-09,0.0757989,0.0771133,0.0727319,0.0740463,4800
1999-12-10,0.0744845,0.0757989,0.0722938,0.0744845,5100
1999-12-13,0.0753608,0.0762371,0.0705412,0.0705412,4700
1999-12-14,0.0709793,0.0744845,0.070103,0.0722938,4000
1999-12-15,0.0744845,0.0766752,0.0705412,0.0744845,8200
1999-12-16,0.0766752,0.0779896,0.0692267,0.0779896,19500
1999-12-17,0.0845618,0.0876288,0.067036,0.067036,15800
1999-12-20,0.0797422,0.0880669,0.0771133,0.0867525,27000
1999-12-21,0.0797422,0.0876288,0.0771133,0.0788659,21300
1999-12-22,0.0880669,0.0959535,0.0797422,0.0955154,24300
1999-12-23,0.0893814,0.0924484,0.0845618,0.0902577,6500
1999-12-24,0.0885051,0.0911339,0.0797422,0.0814948,7300
1999-12-27,0.0806185,0.0876288,0.0793041,0.0876288,5800
1999-12-28,0.0762371,0.0788659,0.0744845,0.0788659,8600
1999-12-29,0.0797422,0.0810566,0.0744845,0.0749226,3700
1999-12-30,0.0784278,0.0788659,0.0766752,0.0784278,5500
2000-01-03,0.0836855,0.0858762,0.0771133,0.0823711,7600
2000-01-04,0.0814948,0.0863144,0.0788659,0.0863144,6800
2000-01-05,0.0788659,0.0788659,0.0744845,0.0749226,6100
2000-01-06,0.0753608,0.0801803,0.0744845,0.0788659,7100
2000-01-07,0.0762371,0.0766752,0.0705412,0.0714175,7400
2000-01-10,0.0775515,0.0828092,0.0744845,0.0828092,2300
2000-01-11,0.070103,0.0714175,0.067036,0.0679123,13600
2000-01-12,0.070103,0.0718556,0.0683505,0.0718556,5700
2000-01-13,0.0687886,0.070103,0.0683505,0.070103,3300
2000-01-14,0.0692267,0.070103,0.0683505,0.0683505,3400
2000-01-17,0.0714175,0.0714175,0.070103,0.070103,1500
2000-01-18,0.0687886,0.070103,0.0665979,0.070103,1100
2000-01-19,0.0692267,0.070103,0.067036,0.067036,2100
2000-01-20,0.0644072,0.0665979,0.0613402,0.0630927,9100
2000-01-21,0.0644072,0.070103,0.0595876,0.070103,3500
2000-01-24,0.0613402,0.0648453,0.0569587,0.0569587,6600
2000-01-25,0.0582731,0.0613402,0.0569587,0.0569587,8200
2000-01-27,0.063969,0.063969,0.0591494,0.0591494,3100
2000-01-28,0.0600257,0.0657216,0.0600257,0.0613402,3300
2000-01-31,0.060902,0.0613402,0.0582731,0.0613402,4600
2000-02-01,0.0613402,0.0613402,0.0595876,0.0613402,4400
2000-02-02,0.0595876,0.0613402,0.0591494,0.0613402,5600
2000-02-03,0.0591494,0.0674742,0.0591494,0.0674742,7900
2000-02-04,0.0652835,0.0652835,0.0604639,0.0613402,13300
2000-02-07,0.0595876,0.0613402,0.0595876,0.0613402,5700
2000-02-08,0.0613402,0.063969,0.0569587,0.0569587,4800
2000-02-09,0.0595876,0.0613402,0.0595876,0.060902,6900
2000-02-10,0.0665979,0.067036,0.0573969,0.0613402,5400
2000-02-11,0.0622164,0.0652835,0.0604639,0.060902,2600
2000-02-14,0.0600257,0.0665979,0.0600257,0.063969,23000
2000-02-15,0.057835,0.0591494,0.0569587,0.0591494,8900
2000-02-16,0.0560824,0.0600257,0.0538917,0.057835,24000
2000-02-17,0.054768,0.054768,0.0438144,0.0438144,33600
2000-02-18,0.054768,0.054768,0.0464433,0.0464433,20400
2000-02-21,0.0538917,0.0552061,0.0508247,0.0552061,21500
2000-02-22,0.054768,0.0556443,0.0446907,0.0446907,12100
2000-02-23,0.0543299,0.0569587,0.0525773,0.0569587,10500
2000-02-24,0.0543299,0.0569587,0.0543299,0.0565206,4800
2000-02-25,0.0534536,0.0569587,0.0503866,0.051701,7800
2000-02-28,0.054768,0.0552061,0.0512628,0.0525773,8600
2000-02-29,0.0560824,0.0613402,0.0525773,0.0525773,17100
2000-03-01,0.0573969,0.057835,0.0525773,0.0569587,8800
2000-03-02,0.0495103,0.054768,0.0389948,0.054768,56400
2000-03-03,0.0446907,0.0481958,0.039433,0.0403092,20200
2000-03-06,0.0442525,0.0481958,0.0425,0.0451288,16600
2000-03-07,0.039433,0.0416237,0.0363659,0.0403092,11200
2000-03-08,0.0372422,0.0372422,0.0350515,0.0372422,41900
2000-03-09,0.0372422,0.0403092,0.0359278,0.0359278,39300
2000-03-10,0.0368041,0.0368041,0.0350515,0.0368041,24400
2000-03-13,0.0372422,0.0403092,0.0359278,0.0372422,37300
2000-03-14,0.0372422,0.0398711,0.0363659,0.0368041,33000
2000-03-15,0.0389948,0.0460051,0.0372422,0.0429381,38200
2000-03-16,0.0354897,0.0398711,0.0350515,0.0398711,58400
2000-03-21,0.0363659,0.0372422,0.0350515,0.0359278,11100
2000-03-22,0.0425,0.0433763,0.0376804,0.0420618,8700
2000-03-23,0.0306701,0.0429381,0.0284794,0.0429381,305100
2000-03-24,0.0350515,0.0363659,0.0319845,0.0328608,149300
2000-03-27,0.0346134,0.0368041,0.0341752,0.0350515,43000
2000-03-28,0.0350515,0.0372422,0.0341752,0.0341752,63000
2000-03-29,0.0385567,0.0407474,0.0376804,0.0385567,17700
2000-03-30,0.0389948,0.0389948,0.0368041,0.0389948,8200
2000-03-31,0.0481958,0.0508247,0.0376804,0.0385567,90600
2000-04-03,0.0460051,0.048634,0.0438144,0.0481958,22200
2000-04-04,0.0368041,0.0429381,0.0350515,0.039433,58100
2000-04-05,0.0407474,0.0411855,0.039433,0.0407474,16200
2000-04-06,0.0398711,0.0407474,0.039433,0.0407474,7200
2000-04-07,0.0438144,0.0438144,0.0403092,0.0403092,21000
2000-04-10,0.0429381,0.0460051,0.0429381,0.0460051,41800
2000-04-11,0.0433763,0.0438144,0.0403092,0.0403092,16000
2000-04-12,0.0446907,0.0446907,0.0398711,0.0398711,5500
2000-04-13,0.0433763,0.0438144,0.0420618,0.0438144,4300
2000-04-17,0.0385567,0.0407474,0.0385567,0.0407474,4500
2000-04-18,0.0407474,0.0429381,0.039433,0.0425,1900
2000-04-19,0.0433763,0.0433763,0.039433,0.0411855,6500
2000-04-20,0.039433,0.039433,0.0381185,0.0381185,1200
2000-04-24,0.0389948,0.0403092,0.0368041,0.0368041,3200
2000-04-25,0.0372422,0.0372422,0.0337371,0.0350515,2700
2000-04-26,0.0385567,0.0385567,0.0363659,0.0363659,1500
2000-04-27,0.0372422,0.0372422,0.0372422,0.0372422,400
2000-04-28,0.0350515,0.0368041,0.0332989,0.0341752,2100
2000-05-02,0.0289175,0.0350515,0.0289175,0.0332989,12600
2000-05-03,0.0372422,0.0429381,0.0350515,0.0350515,12100
2000-05-04,0.0350515,0.0350515,0.0350515,0.0350515,100
2000-05-05,0.0372422,0.039433,0.0350515,0.0368041,12500
2000-05-08,0.0306701,0.0403092,0.0306701,0.0389948,25100
2000-05-09,0.0328608,0.0346134,0.0328608,0.0341752,19000
2000-05-10,0.0328608,0.0337371,0.0284794,0.0284794,4900
2000-05-11,0.0337371,0.0350515,0.0337371,0.0350515,700
2000-05-12,0.0346134,0.0350515,0.0319845,0.0341752,2000
2000-05-15,0.0306701,0.0306701,0.0306701,0.0306701,200
2000-05-16,0.0297938,0.0311082,0.0284794,0.0306701,12300
2000-05-17,0.0284794,0.0306701,0.0284794,0.0306701,20800
2000-05-18,0.0293556,0.0297938,0.0293556,0.0293556,1400
2000-05-19,0.0297938,0.0306701,0.0289175,0.0306701,10200
2000-05-22,0.0306701,0.0319845,0.0306701,0.0319845,800
2000-05-23,0.0284794,0.0302319,0.0284794,0.0284794,1200
2000-05-24,0.0293556,0.0297938,0.0284794,0.0297938,1100
2000-05-25,0.0324227,0.0324227,0.0306701,0.0306701,5500
2000-05-26,0.0324227,0.0324227,0.0297938,0.0297938,5500
2000-05-29,0.0319845,0.0324227,0.0319845,0.0319845,4300
2000-05-30,0.0315464,0.0328608,0.0306701,0.0306701,6100
2000-05-31,0.0337371,0.0350515,0.0306701,0.0346134,12400
2000-06-01,0.0328608,0.0350515,0.0328608,0.0350515,2000
2000-06-02,0.0350515,0.0350515,0.0350515,0.0350515,1300
2000-06-05,0.0319845,0.0337371,0.0306701,0.0328608,2600
2000-06-06,0.0324227,0.0328608,0.0315464,0.0319845,3100
2000-06-07,0.0319845,0.0324227,0.0315464,0.0315464,2100
2000-06-08,0.0337371,0.0341752,0.0315464,0.0315464,5000
2000-06-09,0.0324227,0.0346134,0.0319845,0.0319845,7100
2000-06-12,0.0319845,0.0354897,0.0306701,0.0354897,15400
2000-06-13,0.0262886,0.0311082,0.0258505,0.0311082,97400
2000-06-14,0.0302319,0.0302319,0.0262886,0.0284794,31400
2000-06-15,0.0297938,0.0306701,0.0293556,0.0293556,5800
2000-06-16,0.0284794,0.0302319,0.0284794,0.0302319,6000
2000-06-19,0.0297938,0.0302319,0.0284794,0.0284794,7900
2000-06-20,0.0302319,0.0302319,0.0289175,0.0293556,4200
2000-06-21,0.0297938,0.0319845,0.0289175,0.0319845,4400
2000-06-22,0.0302319,0.0302319,0.0302319,0.0302319,400
2000-06-23,0.0284794,0.0302319,0.0284794,0.0293556,9300
2000-06-26,0.0280412,0.0297938,0.0276031,0.0297938,4600
2000-06-27,0.0297938,0.0302319,0.0276031,0.0302319,1900
2000-06-28,0.0297938,0.0297938,0.0293556,0.0293556,2500
2000-06-29,0.0297938,0.0297938,0.0297938,0.0297938,6800
2000-06-30,0.0293556,0.0302319,0.0293556,0.0302319,4400
2000-07-03,0.0311082,0.0350515,0.0311082,0.0350515,8200
2000-07-04,0.0284794,0.0315464,0.0284794,0.0315464,4700
2000-07-05,0.0289175,0.0289175,0.0280412,0.0284794,1500
2000-07-06,0.0284794,0.0289175,0.0284794,0.0289175,1100
2000-07-07,0.0293556,0.0302319,0.0267268,0.0284794,4100
2000-07-10,0.0276031,0.0276031,0.0271649,0.0271649,5100
2000-07-11,0.0219072,0.0293556,0.0197165,0.0262886,103300
2000-07-12,0.0227835,0.0284794,0.0219072,0.0240979,30100
2000-07-13,0.0245361,0.0271649,0.0245361,0.0271649,6500
2000-07-14,0.0245361,0.0262886,0.0245361,0.0262886,7500
2000-07-17,0.0245361,0.0254124,0.0227835,0.0254124,1500
2000-07-18,0.0236598,0.0262886,0.0236598,0.0262886,4600
2000-07-19,0.0258505,0.0258505,0.0254124,0.0254124,1600
2000-07-20,0.0236598,0.0240979,0.0201546,0.0201546,10000
2000-07-21,0.0240979,0.0245361,0.0240979,0.0245361,3600
2000-07-24,0.0236598,0.0236598,0.0236598,0.0236598,500
2000-07-25,0.0232216,0.0232216,0.0197165,0.0197165,2700
2000-07-26,0.0249742,0.0284794,0.0249742,0.0284794,900
2000-07-27,0.0240979,0.0245361,0.0240979,0.0245361,3600
2000-07-28,0.0236598,0.0236598,0.0219072,0.0219072,1300
2000-07-31,0.0236598,0.0258505,0.0236598,0.0258505,1400
2000-08-01,0.0227835,0.0236598,0.0219072,0.0236598,2500
2000-08-02,0.0232216,0.0232216,0.0232216,0.0232216,700
2000-08-03,0.0227835,0.0227835,0.0227835,0.0227835,200
2000-08-04,0.0245361,0.0245361,0.0227835,0.0227835,700
2000-08-07,0.0258505,0.0297938,0.0240979,0.0262886,5500
2000-08-08,0.0254124,0.0258505,0.0254124,0.0254124,16700
2000-08-09,0.0284794,0.0293556,0.0262886,0.0262886,3400
2000-08-10,0.0276031,0.0276031,0.0262886,0.0262886,9500
2000-08-11,0.0258505,0.0258505,0.0254124,0.0258505,1300
2000-08-14,0.0240979,0.0245361,0.0227835,0.0232216,1300
2000-08-16,0.0227835,0.0262886,0.0219072,0.0258505,2800
2000-08-17,0.0240979,0.0240979,0.0240979,0.0240979,300
2000-08-18,0.0236598,0.0236598,0.0227835,0.0227835,500
2000-08-21,0.0210309,0.0254124,0.0201546,0.0232216,10700
2000-08-22,0.0236598,0.0254124,0.0205928,0.0205928,16900
2000-08-23,0.0354897,0.0354897,0.0354897,0.0354897,900
2000-08-24,0.0398711,0.0407474,0.0354897,0.039433,7800
2000-08-25,0.0407474,0.0407474,0.039433,0.039433,1100
2000-08-28,0.0350515,0.0381185,0.0350515,0.0372422,6300
2000-08-29,0.0332989,0.0354897,0.0332989,0.0350515,2000
2000-08-30,0.0341752,0.0350515,0.0341752,0.0350515,4500
2000-08-31,0.0341752,0.0354897,0.0306701,0.0354897,4600
2000-09-04,0.0350515,0.0350515,0.0350515,0.0350515,500
2000-09-05,0.0341752,0.0346134,0.0341752,0.0346134,600
2000-09-06,0.0350515,0.0350515,0.0328608,0.0346134,900
2000-09-07,0.0315464,0.0350515,0.0306701,0.0350515,3200
2000-09-08,0.0302319,0.0359278,0.0284794,0.0350515,10800
2000-09-11,0.0341752,0.0341752,0.0306701,0.0311082,7100
2000-09-12,0.0328608,0.0350515,0.0328608,0.0328608,7100
2000-09-13,0.0350515,0.0368041,0.0332989,0.0368041,24400
2000-09-14,0.0525773,0.0525773,0.0359278,0.0359278,40800
2000-09-15,0.0657216,0.0779896,0.054768,0.0652835,47100
2000-09-18,0.0985824,0.0985824,0.0985824,0.0985824,1
2000-09-19,0.0981442,0.109361,0.0911339,0.106557,13100
2000-09-20,0.0953401,0.105155,0.0946391,0.0981442,7600
2000-09-21,0.106557,0.110763,0.0883298,0.0946391,10800
2000-09-22,0.0939381,0.103752,0.0911339,0.103752,10200
2000-09-25,0.0939381,0.103051,0.0897319,0.100247,18000
2000-09-26,0.0981442,0.110763,0.0855257,0.092536,21600
2000-09-27,0.120577,0.137402,0.0883298,0.0960412,22909
2000-09-28,0.10866,0.126185,0.103752,0.114969,9502
2000-09-29,0.106557,0.118474,0.106557,0.10866,1001
2000-10-03,0.107258,0.116371,0.100948,0.104454,8900
2000-10-04,0.0911339,0.10866,0.0911339,0.10866,200
2000-10-05,0.0988453,0.119175,0.093237,0.0988453,6604
2000-10-06,0.112165,0.129691,0.105155,0.110763,2101
2000-10-09,0.110763,0.113567,0.110062,0.112165,2400
2000-10-10,0.114268,0.124082,0.105856,0.112165,6700
2000-10-11,0.105155,0.109361,0.105155,0.106557,6620
2000-10-12,0.0981442,0.0981442,0.0981442,0.0981442,500
2000-10-13,0.0995463,0.0995463,0.0981442,0.0981442,1500
2000-10-16,0.110763,0.117773,0.110763,0.117773,101
2000-10-17,0.11567,0.116371,0.114969,0.116371,201
2000-10-18,0.100948,0.106557,0.0981442,0.0981442,1400
2000-10-20,0.101649,0.10235,0.101649,0.10235,1200
2000-10-23,0.0995463,0.112165,0.0995463,0.107959,1600
2000-10-24,0.103051,0.104454,0.101649,0.104454,1400
2000-10-25,0.0981442,0.103051,0.0981442,0.103051,600
2000-10-30,0.104454,0.104454,0.104454,0.104454,500
2000-10-31,0.104454,0.104454,0.0995463,0.0995463,500
2000-11-01,0.0981442,0.0981442,0.0981442,0.0981442,1200
2000-11-02,0.0967422,0.0967422,0.0946391,0.0946391,1000
2000-11-03,0.0785154,0.0785154,0.0785154,0.0785154,1
2000-11-06,0.0911339,0.0911339,0.0799175,0.0841236,2500
2000-11-07,0.0827216,0.0862267,0.0771133,0.0862267,9703
2000-11-08,0.070103,0.0722061,0.070103,0.0722061,2000
2000-11-09,0.070103,0.0729072,0.0665979,0.068701,3401
2000-11-10,0.070103,0.0715051,0.068701,0.068701,800
2000-11-13,0.0679999,0.070103,0.0665979,0.0665979,1400
2000-11-14,0.0672989,0.069402,0.0665979,0.069402,700
2000-11-15,0.0792164,0.0897319,0.0336495,0.0336495,236
2000-11-17,0.0729072,0.0778144,0.0729072,0.0778144,2
2000-11-20,0.0778144,0.0778144,0.0778144,0.0778144,1
2000-11-21,0.0665979,0.0665979,0.0665979,0.0665979,1
2000-11-22,0.0679999,0.0679999,0.0336495,0.0336495,2300
2000-11-23,0.070103,0.070103,0.0672989,0.0672989,1000
2000-11-24,0.0602886,0.068701,0.0602886,0.0679999,1800
2000-11-27,0.0637938,0.0672989,0.0609896,0.0609896,2225
2000-11-28,0.0644948,0.068701,0.0630927,0.0630927,3798
2000-11-29,0.0757113,0.0813195,0.070103,0.0813195,700
2000-11-30,0.0757113,0.0771133,0.0729072,0.0729072,5701
2000-12-05,0.070103,0.070103,0.0609896,0.0609896,1000
2000-12-06,0.0820206,0.0820206,0.0820206,0.0820206,1
2000-12-07,0.0855257,0.0855257,0.0743092,0.0743092,501
2000-12-08,0.0743092,0.0771133,0.0743092,0.0771133,1500
2000-12-11,0.0771133,0.0771133,0.0764123,0.0764123,101
2000-12-12,0.0785154,0.0827216,0.0743092,0.0743092,1959
2000-12-13,0.0750102,0.0799175,0.0750102,0.0771133,7801
2000-12-14,0.0834226,0.0834226,0.0715051,0.0750102,3847
2000-12-15,0.0799175,0.0799175,0.0799175,0.0799175,100
2000-12-18,0.0708041,0.0708041,0.0708041,0.0708041,100
2000-12-19,0.0672989,0.070103,0.0665979,0.070103,663
2000-12-20,0.0672989,0.070103,0.0672989,0.070103,924
2000-12-21,0.0658969,0.0658969,0.0658969,0.0658969,48
2000-12-22,0.0672989,0.0672989,0.0672989,0.0672989,76
2000-12-26,0.0630927,0.0630927,0.0630927,0.0630927,100
2000-12-27,0.0771133,0.0771133,0.0771133,0.0771133,1
2000-12-28,0.0560824,0.070103,0.0385567,0.0385567,18006
2000-12-29,0.0546804,0.0560824,0.0525773,0.0560824,3537
2001-01-01,0.0553814,0.0553814,0.0546804,0.0546804,5000
2001-01-02,0.0588866,0.0588866,0.0532783,0.0560824,528
2001-01-03,0.0595876,0.0841236,0.0595876,0.0841236,101
2001-01-04,0.0616907,0.0637938,0.0490721,0.0490721,1539
2001-01-05,0.0616907,0.0616907,0.0588866,0.0588866,305
2001-01-08,0.0595876,0.0595876,0.0546804,0.0546804,125
2001-01-09,0.0567835,0.0602886,0.0553814,0.0560824,1601
2001-01-10,0.0525773,0.0525773,0.0525773,0.0525773,225
2001-01-11,0.0525773,0.0525773,0.0525773,0.0525773,123
2001-01-12,0.0525773,0.0525773,0.0525773,0.0525773,100
2001-01-15,0.0476701,0.0504742,0.0476701,0.0504742,500
2001-01-16,0.0511752,0.0532783,0.0490721,0.0525773,2100
2001-01-17,0.0511752,0.0525773,0.0511752,0.0525773,282
2001-01-18,0.0504742,0.0518762,0.0504742,0.0518762,116
2001-01-19,0.0539793,0.0546804,0.0532783,0.0532783,800
2001-01-22,0.0560824,0.0560824,0.0560824,0.0560824,300
2001-01-23,0.0490721,0.0574845,0.0476701,0.0574845,5801
2001-01-24,0.0532783,0.0560824,0.0476701,0.0476701,600
2001-01-25,0.0525773,0.0525773,0.0525773,0.0525773,886
2001-01-29,0.0581855,0.0581855,0.046268,0.0476701,3600
2001-01-30,0.0490721,0.0497732,0.0490721,0.0497732,2000
2001-01-31,0.0406598,0.0525773,0.0406598,0.0525773,1000
2001-02-01,0.0483711,0.0483711,0.0483711,0.0483711,100
2001-02-02,0.0427629,0.0476701,0.0399587,0.0476701,14500
2001-02-05,0.0399587,0.0434639,0.0392577,0.0406598,3123
2001-02-06,0.0546804,0.0553814,0.0399587,0.0399587,14913
2001-02-07,0.0420618,0.0630927,0.0392577,0.0588866,14282
2001-02-08,0.045567,0.0504742,0.0413608,0.0413608,5281
2001-02-09,0.0518762,0.0560824,0.046969,0.046969,17953
2001-02-12,0.0504742,0.0518762,0.046969,0.0518762,4248
2001-02-13,0.0504742,0.0595876,0.046268,0.0595876,3374
2001-02-14,0.0525773,0.0525773,0.0490721,0.0504742,2520
2001-02-15,0.0525773,0.0553814,0.0504742,0.0546804,5323
2001-02-16,0.0504742,0.0504742,0.0504742,0.0504742,2000
2001-02-19,0.0490721,0.0525773,0.046268,0.046268,1023
2001-02-20,0.0476701,0.0518762,0.046268,0.0504742,2851
2001-02-21,0.046268,0.0525773,0.045567,0.0525773,724
2001-02-22,0.0490721,0.0525773,0.046969,0.0525773,2200
2001-02-23,0.045567,0.045567,0.045567,0.045567,270
2001-02-26,0.0448659,0.046268,0.0448659,0.046268,2772
2001-02-27,0.0399587,0.045567,0.0399587,0.045567,5800
2001-02-28,0.0546804,0.0546804,0.0546804,0.0546804,50
2001-03-01,0.0490721,0.0490721,0.0392577,0.0392577,649
2001-03-02,0.0399587,0.0448659,0.0399587,0.0448659,1089
2001-03-05,0.0322474,0.0336495,0.0280412,0.0315464,7560
2001-03-07,0.0350515,0.0350515,0.0280412,0.0280412,260
2001-03-08,0.0385567,0.0385567,0.0385567,0.0385567,300
2001-03-09,0.0329484,0.0329484,0.0329484,0.0329484,100
2001-03-12,0.0329484,0.0336495,0.0315464,0.0315464,900
2001-03-13,0.0308453,0.0308453,0.0280412,0.0294433,600
2001-03-14,0.0315464,0.0315464,0.0245361,0.0245361,935
2001-03-15,0.0315464,0.0315464,0.0301443,0.0301443,186
2001-03-16,0.0336495,0.0336495,0.0280412,0.0280412,1500
2001-03-19,0.0280412,0.0280412,0.0210309,0.0210309,676
2001-03-20,0.0287422,0.0329484,0.0280412,0.0329484,2212
2001-03-21,0.0315464,0.0315464,0.0315464,0.0315464,500
2001-03-23,0.0280412,0.0322474,0.0280412,0.0322474,1650
2001-03-26,0.0287422,0.0287422,0.0287422,0.0287422,300
2001-03-27,0.0308453,0.0315464,0.023134,0.0315464,1217
2001-03-29,0.0280412,0.0280412,0.0280412,0.0280412,274
2001-03-30,0.0280412,0.0287422,0.0273402,0.0280412,548
2001-04-02,0.0210309,0.0210309,0.0210309,0.0210309,500
2001-04-03,0.0308453,0.0308453,0.0273402,0.0308453,252
2001-04-04,0.0308453,0.0308453,0.0308453,0.0308453,400
2001-04-06,0.0294433,0.0315464,0.0294433,0.0301443,3025
2001-04-09,0.0294433,0.0294433,0.0294433,0.0294433,500
2001-04-10,0.0280412,0.0280412,0.0280412,0.0280412,1000
2001-04-12,0.0287422,0.0343505,0.0280412,0.0343505,2701
2001-04-16,0.0315464,0.0343505,0.0217319,0.0343505,250
2001-04-17,0.0287422,0.0336495,0.0287422,0.0336495,202
2001-04-18,0.0294433,0.0294433,0.023134,0.023134,2501
2001-04-19,0.0308453,0.0308453,0.0210309,0.0210309,275
2001-04-20,0.0280412,0.0287422,0.0280412,0.0287422,6825
2001-04-23,0.0252371,0.0294433,0.022433,0.0294433,574
2001-04-24,0.0287422,0.0287422,0.0252371,0.0252371,601
2001-04-26,0.0273402,0.0273402,0.023134,0.023835,1302
2001-04-27,0.0252371,0.0343505,0.0252371,0.0343505,1201
2001-04-30,0.0280412,0.0280412,0.0280412,0.0280412,500
2001-05-02,0.0273402,0.0273402,0.0273402,0.0273402,200
2001-05-04,0.0273402,0.0280412,0.0273402,0.0280412,1100
2001-05-08,0.0259381,0.0280412,0.0245361,0.0280412,9900
2001-05-09,0.023835,0.023835,0.023835,0.023835,75
2001-05-10,0.0245361,0.0280412,0.023134,0.023134,372
2001-05-11,0.0245361,0.0245361,0.0245361,0.0245361,79
2001-05-14,0.0301443,0.0336495,0.0245361,0.0245361,2078
2001-05-15,0.0245361,0.0245361,0.0245361,0.0245361,2000
2001-05-17,0.0259381,0.0266392,0.0259381,0.0259381,169
2001-05-18,0.0280412,0.0280412,0.0280412,0.0280412,1100
2001-05-21,0.0280412,0.0280412,0.0252371,0.0273402,5100
2001-05-22,0.0280412,0.0280412,0.023835,0.023835,1100
2001-05-23,0.0294433,0.0294433,0.0266392,0.0266392,4776
2001-05-24,0.0315464,0.0350515,0.0280412,0.0350515,3006
2001-05-25,0.0294433,0.0378556,0.0294433,0.0378556,4114
2001-05-28,0.0315464,0.0315464,0.0273402,0.0294433,6054
2001-05-29,0.0287422,0.0287422,0.0287422,0.0287422,1000
2001-05-30,0.0294433,0.0294433,0.0287422,0.0287422,300
2001-05-31,0.0266392,0.0280412,0.0266392,0.0280412,2624
2001-06-01,0.0287422,0.0350515,0.0280412,0.0280412,2002
2001-06-04,0.0322474,0.0329484,0.0245361,0.0245361,4205
2001-06-05,0.0315464,0.0392577,0.0315464,0.0315464,1523
2001-06-06,0.0315464,0.0315464,0.0315464,0.0315464,400
2001-06-07,0.0315464,0.0315464,0.0245361,0.0245361,160
2001-06-08,0.0273402,0.0273402,0.0273402,0.0273402,75
2001-06-11,0.0280412,0.0336495,0.0203299,0.0210309,755
2001-06-13,0.0280412,0.0315464,0.0280412,0.0280412,2150
2001-06-14,0.0245361,0.0245361,0.022433,0.022433,26
2001-06-15,0.0280412,0.0280412,0.0280412,0.0280412,25
2001-06-18,0.0287422,0.0294433,0.0245361,0.0245361,724
2001-06-19,0.0259381,0.0259381,0.0259381,0.0259381,100
2001-06-21,0.0273402,0.0273402,0.0273402,0.0273402,2500
2001-06-22,0.0280412,0.0280412,0.0259381,0.0280412,7700
2001-06-25,0.0210309,0.0315464,0.0189278,0.0315464,9602
2001-06-26,0.0266392,0.0294433,0.023835,0.0252371,10000
2001-06-27,0.023134,0.023134,0.0217319,0.0217319,218
2001-06-28,0.023134,0.023134,0.022433,0.022433,224
2001-06-29,0.0259381,0.0259381,0.023134,0.0252371,2050
2001-07-02,0.0259381,0.0674391,0.0259381,0.0674391,101
2001-07-03,0.0350165,0.0350165,0.0350165,0.0350165,1
2001-07-04,0.0337196,0.0337196,0.0337196,0.0337196,100
2001-07-05,0.0466886,0.0505793,0.0466886,0.0492824,502
2001-07-06,0.041501,0.041501,0.041501,0.041501,600
2001-07-09,0.0505793,0.0505793,0.0505793,0.0505793,1
2001-07-10,0.0752206,0.0752206,0.0752206,0.0752206,1
2001-07-11,0.0752206,0.0752206,0.0752206,0.0752206,106
2001-07-12,0.0752206,0.0752206,0.0752206,0.0752206,549
2001-07-13,0.0922058,0.0922058,0.0922058,0.0922058,400
2001-07-16,0.138309,0.138309,0.138309,0.138309,1
2001-07-20,0.0994853,0.191691,0.0970588,0.191691,301
2001-07-24,0.100941,0.100941,0.100941,0.100941,99
2001-07-25,0.0815294,0.0815294,0.0815294,0.0815294,145
2001-07-27,0.120353,0.120353,0.120353,0.120353,100
2001-07-30,0.170823,0.170823,0.124235,0.124235,506
2001-07-31,0.178588,0.178588,0.178588,0.178588,500
2001-08-02,0.174706,0.174706,0.174706,0.174706,75
2001-08-03,0.232941,0.232941,0.232941,0.232941,4
2001-08-06,0.245882,0.245882,0.194118,0.245882,2002
2001-08-07,0.213529,0.258823,0.187647,0.245882,5147
2001-08-09,0.161765,0.297647,0.161765,0.297647,600
2001-08-10,0.239412,0.239412,0.0841176,0.0841176,237
2001-08-13,0.226471,0.226471,0.226471,0.226471,500
2001-08-14,0.310588,0.323529,0.174706,0.258823,131
2001-08-17,0.258823,0.258823,0.258823,0.258823,1
2001-08-20,0.22,0.245882,0.135882,0.245882,3608
2001-08-21,0.207059,0.207059,0.181176,0.181176,175
2001-08-23,0.200588,0.213529,0.187647,0.187647,2665
2001-08-24,0.187647,0.194118,0.187647,0.194118,535
2001-08-28,0.239412,0.239412,0.168235,0.168235,2500
2001-08-30,0.194118,0.194118,0.194118,0.194118,500
2001-08-31,0.207059,0.213529,0.174706,0.174706,427
2001-09-03,0.213529,0.213529,0.194118,0.194118,2300
2001-09-04,0.200588,0.239412,0.200588,0.239412,2900
2001-09-06,0.194118,0.194118,0.194118,0.194118,244
2001-09-07,0.187647,0.187647,0.187647,0.187647,100
2001-09-10,0.245882,0.245882,0.245882,0.245882,2
2001-09-11,0.248039,0.248039,0.248039,0.248039,25
2001-09-12,0.345098,0.355882,0.345098,0.355882,963
2001-09-14,0.345098,0.345098,0.345098,0.345098,400
2001-09-17,0.258824,0.345098,0.258824,0.334314,1537
2001-09-18,0.323529,0.323529,0.323529,0.323529,3
2001-09-20,0.226471,0.226471,0.226471,0.226471,124
2001-09-21,0.248039,0.248039,0.248039,0.248039,200
2001-09-24,0.312745,0.312745,0.312745,0.312745,3
2001-09-25,0.312745,0.377451,0.237255,0.377451,817
2001-09-26,0.291176,0.431373,0.291176,0.431373,4
2001-09-27,0.431373,0.431373,0.431373,0.431373,1
2001-09-28,0.431373,0.647059,0.431373,0.647059,106
2001-10-01,0.603922,0.603922,0.603922,0.603922,3
2001-10-03,0.517647,0.841176,0.47451,0.841176,719
2001-10-04,0.582353,0.62549,0.47451,0.62549,7
2001-10-05,0.560784,0.560784,0.47451,0.47451,11
2001-10-08,0.733333,0.733333,0.733333,0.733333,1
2001-10-09,0.582353,1.01373,0.496078,1.01373,4
2001-10-10,0.733333,0.733333,0.733333,0.733333,1
2001-10-11,0.668627,0.668627,0.647059,0.647059,100
2001-10-12,0.603922,0.603922,0.603922,0.603922,30
2001-10-15,0.776471,0.905882,0.517647,0.905882,4
2001-10-16,0.539216,1.07843,0.539216,1.07843,3
2001-10-17,0.733333,0.733333,0.733333,0.733333,1
2001-10-18,0.798039,1.07843,0.47451,1.07843,102
2001-10-19,0.776471,1.71471,0.744118,1.71471,5
2001-10-22,1.16471,1.16471,1.16471,1.16471,1
2001-10-23,1.13235,1.58529,0.970588,1.58529,704
2001-10-24,1.13235,1.13235,0.711765,0.711765,101
2001-10-25,1.22941,1.52059,0.905882,0.970588,1656
2001-10-29,1.03529,1.77941,1.00294,1.77941,4
2001-10-30,1.1,1.26176,0.841176,1.26176,53
2001-10-31,1.16471,1.26176,1.16471,1.26176,516
2001-11-02,0.873529,0.873529,0.873529,0.873529,52
2001-11-05,1.16471,1.19706,1.16471,1.16471,1000
2001-11-06,1.19706,1.19706,0.970588,0.970588,1086
2001-11-07,1.19706,1.22941,1.16471,1.16471,2200
2001-11-08,1.16471,1.16471,1.16471,1.16471,1041
2001-11-09,1.29412,1.29412,0.647059,0.970588,505
2001-11-12,1.16471,1.45588,1.13235,1.13235,201
2001-11-13,1.22941,1.29412,1.19706,1.29412,1600
2001-11-14,0.744118,0.744118,0.744118,0.744118,1
2001-11-15,1.1,1.1,1.1,1.1,300
2001-11-19,1.1,2.15,1.1,2.15,340
2001-11-21,1.35,1.35,1.35,1.35,140
2001-11-22,1.35,1.35,1.35,1.35,248
2001-11-23,1.7,1.9,1.55,1.85,755
2001-11-26,1.85,1.9,1.85,1.9,1200
2001-11-27,1.9,2.1,1.85,2.1,5825
2001-11-28,2,2.2,2,2,3400
2001-11-29,1.8,1.8,1.8,1.8,300
2001-12-03,1.85,1.85,1.85,1.85,100
2001-12-05,2.2,2.2,2.2,2.2,400
2001-12-06,1.85,2.5,1.2,2.5,21
2001-12-07,2.1,2.2,2.1,2.2,142
2001-12-10,1.75,1.75,1.75,1.75,120
2001-12-11,2,2.5,2,2.35,2800
2001-12-12,1.95,1.95,1.95,1.95,500
2001-12-13,1.75,1.75,1.5,1.5,360
2001-12-19,1.9,1.9,1.9,1.9,200
2001-12-20,1.5,1.5,1.5,1.5,124
2001-12-21,1.5,1.5,1.5,1.5,24
2001-12-24,1.2,1.2,1.2,1.2,24
2001-12-27,1.65,1.65,1.65,1.65,148
2002-01-01,1.5,1.5,1.45,1.5,1500
2002-01-03,1.7,1.75,1.7,1.75,782
2002-01-04,1.7,1.7,1.7,1.7,1200
2002-01-07,1.4,1.4,1.4,1.4,6500
2002-01-08,1.65,1.7,1.3,1.3,2600
2002-01-09,1.35,1.75,1.35,1.4,5510
2002-01-10,1.45,1.45,1.25,1.35,3600
2002-01-11,1.35,1.35,1.35,1.35,500
2002-01-14,1.35,1.35,1.35,1.35,100
2002-01-15,1.3,1.3,1.3,1.3,200
2002-01-16,1.2,1.4,1.2,1.4,4001
2002-01-17,1.2,1.3,1.1,1.3,6002
2002-01-18,1.15,1.15,1.15,1.15,4600
2002-01-21,1.1,1.25,1.1,1.25,6401
2002-01-22,1.05,1.05,1.05,1.05,1000
2002-01-23,1,1.15,1,1.15,3044
2002-01-24,0.95,1.1,0.95,1.1,5001
2002-01-25,1.05,1.05,0.95,1.05,1203
2002-01-28,1.15,1.15,1.15,1.15,1
2002-01-29,1.1,1.1,1.1,1.1,2200
2002-01-30,1.05,1.15,1.05,1.1,2702
2002-01-31,1,1.1,1,1.1,7202
2002-02-01,0.95,1.05,0.95,1.05,9934
2002-02-04,1,1,0.9,1,5401
2002-02-05,1,1,0.95,1,3141
2002-02-06,1.1,1.1,1.1,1.1,5500
2002-02-07,1.1,1.2,1.1,1.2,3500
2002-02-08,1.05,1.05,1.05,1.05,5925
2002-02-11,1.05,1.05,1.05,1.05,3610
2002-02-12,1,1,1,1,6500
2002-02-13,1,1,0.95,1,3025
2002-02-14,1,1,1,1,1400
2002-02-15,0.95,1,0.95,0.95,9500
2002-02-18,0.95,0.95,0.9,0.9,11612
2002-02-19,1.05,1.05,1,1,8771
2002-02-20,1,1.15,1,1.15,10900
2002-02-21,1,1,1,1,15277
2002-02-22,1.1,1.1,1,1,150499
2002-02-25,1.2,1.2,1.15,1.2,37265
2002-02-26,1.2,1.25,1.15,1.25,24101
2002-02-27,1.2,1.2,1.15,1.2,1256
2002-03-01,1.2,1.2,1.15,1.2,1701
2002-03-04,1.15,1.15,1.15,1.15,4174
2002-03-05,1.15,1.15,1.1,1.1,4774
2002-03-06,1.15,1.15,1.1,1.1,124
2002-03-07,1.2,1.2,1.1,1.1,62051
2002-03-08,1.25,1.25,1.2,1.2,65537
2002-03-11,1.35,1.35,1.3,1.3,33854
2002-03-12,1.25,1.45,1.25,1.35,44694
2002-03-13,1.35,1.35,1.25,1.35,2800
2002-03-14,1.3,1.35,1.25,1.35,5000
2002-03-15,1.3,1.3,1.2,1.2,36302
2002-03-18,1.25,1.3,1.2,1.3,4221
2002-03-19,1.25,1.25,1.2,1.25,14572
2002-03-20,1.2,1.25,1.2,1.25,3952
2002-03-21,1.2,1.25,1.2,1.2,502
2002-03-22,1.3,1.3,1.25,1.25,4611
2002-03-26,1.35,1.4,1.35,1.35,10630
2002-03-27,1.35,1.4,1.3,1.4,9376
2002-03-28,1.25,1.35,1.25,1.35,25110
2002-04-01,1.2,1.3,1.2,1.25,4100
2002-04-02,1.1,1.15,1.1,1.15,10500
2002-04-03,1.2,1.2,1.2,1.2,7375
2002-04-04,1.2,1.3,1.2,1.2,5499
2002-04-05,1.2,1.2,1.1,1.2,18700
2002-04-08,1.2,1.2,1.15,1.15,12085
2002-04-09,1.3,1.3,1.25,1.3,12801
2002-04-10,1.3,1.4,1.25,1.4,959
2002-04-11,1.25,1.4,1.2,1.4,3402
2002-04-12,1.5,1.5,1.4,1.45,6277
2002-04-15,1.6,1.7,1.45,1.6,15451
2002-04-16,1.55,1.85,1.5,1.85,9776
2002-04-17,1.5,1.8,1.25,1.5,4451
2002-04-18,1.55,1.6,1.5,1.6,2925
2002-04-19,1.8,1.8,1.5,1.5,10136
2002-04-22,1.55,1.75,1.5,1.65,5824
2002-04-23,1.7,1.75,1.5,1.5,23188
2002-04-24,1.75,1.8,1.75,1.75,8699
2002-04-25,1.75,1.9,1.75,1.9,30803
2002-04-26,1.8,2.1,1.8,2,12450
2002-04-29,1.7,1.75,1.65,1.65,2110
2002-04-30,1.9,1.9,1.85,1.85,2100
2002-05-02,1.75,1.95,1.7,1.7,28775
2002-05-03,1.7,1.75,1.7,1.75,1500
2002-05-06,1.9,1.95,1.8,1.8,8052
2002-05-07,1.95,2.05,1.9,2.05,10349
2002-05-08,1.95,2,1.85,2,13000
2002-05-09,2,2.05,1.8,1.95,25938
2002-05-10,2,2.2,2,2.15,8562
2002-05-13,2.4,2.4,1.85,1.85,25485
2002-05-14,2.35,2.7,2.25,2.7,44201
2002-05-15,2.1,2.4,2,2.4,17312
2002-05-16,1.8,2.25,1.8,2.05,11802
2002-05-17,1.85,2.15,1.85,2.05,5501
2002-05-20,1.7,1.85,1.7,1.85,13500
2002-05-21,1.8,1.95,1.5,1.6,8603
2002-05-22,1.85,1.9,1.45,1.45,13055
2002-05-23,1.8,2,1.75,1.75,2250
2002-05-24,1.95,1.95,1.85,1.85,1350
2002-05-27,1.95,2,1.85,1.85,6705
2002-05-28,2,2.2,2,2.2,200
2002-05-29,2.2,2.25,2.15,2.2,948
2002-05-30,2.25,2.35,2.2,2.2,18501
2002-05-31,2.2,2.3,2.15,2.15,2850
2002-06-03,2.65,2.65,2.1,2.1,36225
2002-06-04,3.2,3.2,2.9,2.9,72928
2002-06-05,3.85,3.85,3.1,3.8,92910
2002-06-06,4,4.6,3.25,4.6,89643
2002-06-07,3.2,3.55,3.2,3.5,46463
2002-06-10,3.25,3.7,2.9,3.2,20693
2002-06-11,3.75,3.9,3.25,3.45,116021
2002-06-12,3.95,4.2,3.1,3.1,76960
2002-06-13,3.7,4.15,3.5,4,34379
2002-06-14,3.75,4.1,3.2,3.2,33224
2002-06-17,3.85,4.2,3.65,4.05,70400
2002-06-18,4.65,4.65,4.05,4.15,175567
2002-06-19,4.55,5.1,4.45,4.7,77184
2002-06-20,4,4.7,3.9,4.5,36349
2002-06-21,4.15,4.5,4.05,4.2,23126
2002-06-24,4.15,4.35,3.9,4,29385
2002-06-25,4.8,5,3.9,4.1,122329
2002-06-26,5.05,5.2,4.6,5,109594
2002-06-27,6.1,6.1,5,5,196250
2002-06-28,6.7,7,5.75,6.25,233474
2002-07-01,7.9,8.05,6.75,6.75,229970
2002-07-02,7.45,8.7,7.2,7.7,202638
2002-07-03,6.95,7.45,6.55,7.45,73800
2002-07-04,7.9,8.25,6.65,7,115134
2002-07-05,7.5,7.75,7.4,7.5,39246
2002-07-08,7.4,8.05,7.25,8,70445
2002-07-09,7.9,8.05,7.45,7.45,67514
2002-07-10,7.55,8.1,7.5,8,66434
2002-07-11,7.35,8,7.2,8,32588
2002-07-12,7.2,7.65,7.15,7.45,17818
2002-07-15,7.55,7.85,7.1,7.85,93316
2002-07-16,7.4,7.55,7.1,7.2,48636
2002-07-17,7.45,7.9,6.8,7.9,25330
2002-07-18,7.35,7.65,7.05,7.1,14368
2002-07-19,7.5,7.55,7.25,7.5,30953
2002-07-22,6.25,7.3,6.2,7.3,21200
2002-07-23,6.9,7.2,6,7.2,35227
2002-07-24,6.3,6.9,6.25,6.9,2925
2002-07-25,7.35,7.6,6.85,6.85,48015
2002-07-26,6.35,7.25,6.25,7.2,12049
2002-07-29,6.5,6.75,6.4,6.7,20866
2002-07-30,6,6.65,5.9,6.6,10440
2002-07-31,5.6,5.85,5.35,5.7,4325
2002-08-01,5.75,6.7,5.6,6.7,8157
2002-08-02,5.85,6.25,5.45,5.45,9776
2002-08-05,6.55,6.55,5.85,6.1,7460
2002-08-06,6.85,6.85,6.45,6.65,4901
2002-08-07,6.5,6.8,6.45,6.7,4000
2002-08-08,6.5,6.85,6.5,6.75,4128
2002-08-09,6.55,6.65,6.4,6.4,6830
2002-08-12,6.4,7.5,6.2,7.5,10327
2002-08-13,6.55,6.75,6.35,6.4,4800
2002-08-14,6.6,6.7,6.3,6.3,6749
2002-08-16,6.4,6.5,6.4,6.5,2000
2002-08-19,5.6,7.25,5.5,7.25,4253
2002-08-20,5.55,6.7,5,6.7,4803
2002-08-21,5.3,5.5,5.25,5.5,1574
2002-08-22,5.1,5.5,5.05,5.5,1600
2002-08-23,5,5.25,4.8,4.8,3698
2002-08-26,4.7,5,4.6,4.7,2283
2002-08-27,4.2,5.5,4.15,5.5,2152
2002-08-28,4.45,4.45,4.05,4.1,3206
2002-08-29,3.95,4.15,3.75,4,3349
2002-08-30,3.8,4,3.4,3.65,7375
2002-09-02,4.6,4.6,4,4,6000
2002-09-03,4.7,5,4.65,4.95,6104
2002-09-04,4.6,4.75,4.45,4.6,1465
2002-09-05,4.65,4.95,4.5,4.5,2100
2002-09-06,4.55,4.55,4.5,4.5,648
2002-09-09,4.6,4.6,4.05,4.05,3724
2002-09-11,4.45,4.8,4.2,4.2,402
2002-09-12,4.25,4.5,4.25,4.5,2
2002-09-13,4.25,4.45,4.25,4.4,4500
2002-09-16,4.75,4.75,4.75,4.75,1
2002-09-17,4.25,4.25,4,4.25,3248
2002-09-18,4,4.1,3.9,3.9,648
2002-09-19,3.9,4,3.75,4,2455
2002-09-20,3.9,3.9,3.6,3.6,300
2002-09-23,3.5,4.45,3.5,4.45,1601
2002-09-24,4.1,4.2,3.05,4.15,1003
2002-09-25,3.45,3.45,3.4,3.4,350
2002-09-26,3.95,4.15,3.95,4.15,1581
2002-09-27,4,4.75,3.65,4.75,203
2002-09-30,3.5,4.8,3.5,4.8,302
2002-10-01,3.65,4.15,3.45,4.15,202
2002-10-03,3.35,4.2,3.35,4.2,2080
2002-10-04,3.35,3.85,3.25,3.35,1473
2002-10-07,3.5,3.95,3.1,3.35,2803
2002-10-08,3.4,3.5,3.4,3.5,2913
2002-10-09,3.4,3.85,3.1,3.85,1282
2002-10-10,3.25,3.45,3,3.05,2127
2002-10-11,3.25,3.7,3.1,3.7,3851
2002-10-14,2.8,3.05,2.8,3.05,5414
2002-10-16,2.75,3.4,2.75,3.4,3225
2002-10-17,3.3,3.3,3,3.3,4869
2002-10-18,3.4,3.75,3.35,3.75,3075
2002-10-21,3.45,4,3.1,4,560
2002-10-22,3.1,3.6,2.8,3.6,1005
2002-10-23,3.1,3.3,2.75,2.75,1618
2002-10-24,3.2,3.55,2.85,3.35,1025
2002-10-25,3.15,3.7,3,3.7,1002
2002-10-28,3.1,3.15,3,3,3790
2002-10-29,3.55,3.75,3.15,3.75,4402
2002-11-01,3.55,3.55,3.5,3.55,101
2002-11-04,3.55,3.6,3.05,3.05,501
2002-11-08,3.5,3.5,3.15,3.15,200
2002-11-11,3.15,3.3,3,3.25,6747
2002-11-12,3.1,3.25,3.1,3.2,5077
2002-11-13,3.05,3.45,3,3.45,1610
2002-11-14,3.1,3.2,3,3.2,625
2002-11-15,3.3,3.5,3.25,3.5,5729
2002-11-18,3.1,3.4,3.1,3.2,3049
2002-11-20,3.25,3.25,3.25,3.25,500
2002-11-21,3.4,3.7,3.4,3.7,1122
2002-11-22,3.4,3.8,3,3.8,2641
2002-11-25,3.6,3.65,3.5,3.5,8020
2002-11-26,3.6,3.75,3.3,3.3,6537
2002-11-27,3.5,3.8,3.5,3.65,3700
2002-11-28,4,4.1,3.5,3.6,7907
2002-11-29,4.3,4.5,3.7,3.8,11295
2002-12-02,4.45,4.75,4.15,4.15,8130
2002-12-03,4.2,4.55,4.15,4.55,12380
2002-12-04,4.2,4.5,4,4.1,2903
2002-12-05,4.2,4.25,4,4,3903
2002-12-06,4.2,4.55,4.15,4.15,4020
2002-12-09,3.95,4.25,3.9,4,19367
2002-12-10,4,4,3.8,4,1700
2002-12-11,3.8,4,3.8,3.8,766
2002-12-12,3.65,3.85,3.65,3.8,2600
2002-12-13,3.8,3.9,3.65,3.8,4746
2002-12-16,3.65,3.75,3.5,3.7,4224
2002-12-17,3.5,3.5,3.45,3.45,1224
2002-12-18,3.5,4.15,3.45,3.45,850
2002-12-19,3.5,3.65,3.45,3.5,2656
2002-12-20,3.4,3.7,3.3,3.5,3633
2002-12-23,3.4,3.7,3.4,3.5,8500
2002-12-24,3.45,3.55,3.3,3.3,4820
2002-12-26,3.6,3.95,3.45,3.5,3667
2002-12-27,3.6,3.75,3.55,3.6,3254
2002-12-30,3.6,3.65,3.6,3.65,1500
2002-12-31,3.6,3.75,2.9,2.9,4725
2003-01-01,3.6,3.65,3.55,3.55,2624
2003-01-02,3.55,3.9,3.5,3.5,1350
2003-01-03,3.6,3.6,3.5,3.5,1311
2003-01-06,3.55,3.6,3.5,3.6,1660
2003-01-07,3.15,3.5,3.05,3.5,3895
2003-01-08,3.25,3.45,3.25,3.45,1712
2003-01-09,3.25,3.4,3.25,3.35,2183
2003-01-10,3.35,3.35,3.2,3.2,774
2003-01-13,3.3,3.3,3.3,3.3,74
2003-01-14,3.1,3.3,3,3.3,1026
2003-01-15,3.2,3.3,3.2,3.3,2100
2003-01-16,3.3,3.3,3.2,3.2,3100
2003-01-17,3.05,3.1,2.9,3.1,6174
2003-01-20,3.05,3.05,2.95,3,3367
2003-01-21,3.05,3.1,2.95,3.1,2753
2003-01-22,2.95,3,2.75,2.9,4200
2003-01-23,3,3.1,2.65,2.95,2275
2003-01-24,2.8,2.8,2.8,2.8,875
2003-01-27,2.55,3,2.55,3,1317
2003-01-28,2.9,3.05,2.65,2.65,648
2003-01-29,3.05,3.1,2.7,2.7,4100
2003-01-30,2.65,2.65,2.65,2.65,100
2003-01-31,2.65,2.65,2.65,2.65,300
2003-02-03,2.7,2.85,2.55,2.85,1400
2003-02-04,2.8,2.9,2.6,2.6,2337
2003-02-05,2.75,3,2.7,2.8,1172
2003-02-06,2.75,2.8,2.75,2.8,1000
2003-02-07,2.8,2.85,2.75,2.75,2224
2003-02-10,2.55,2.65,2.5,2.65,5084
2003-02-11,2.5,2.55,2.5,2.5,2004
2003-02-12,2.15,2.7,2.15,2.15,9157
2003-02-14,2.4,2.4,2.25,2.25,2248
2003-02-17,2.9,2.9,2.4,2.4,5987
2003-02-18,3.1,3.4,3.1,3.4,7946
2003-02-19,3,3.05,3,3.05,500
2003-02-20,3,3.3,3,3,1022
2003-02-24,2.8,3,2.8,2.8,1000
2003-02-25,2.7,2.7,2.5,2.5,1800
2003-02-26,2.7,2.7,2.7,2.7,995
2003-02-27,2.45,2.5,2.25,2.5,1874
2003-02-28,2.55,2.55,2.45,2.45,523
2003-03-03,2.5,2.5,2.45,2.45,924
2003-03-04,2.45,2.45,2.25,2.45,594
2003-03-05,2.2,2.2,2.2,2.2,200
2003-03-06,2.25,2.3,2.25,2.3,7200
2003-03-07,2.2,2.45,2.2,2.4,2374
2003-03-10,2.2,2.25,2.2,2.25,2220
2003-03-11,2.05,2.3,2,2.3,2799
2003-03-12,2,2.25,2,2.05,3110
2003-03-13,2.15,2.4,1.9,2.4,803
2003-03-17,2.25,2.3,1.85,1.9,1470
2003-03-19,2.3,2.5,1.9,1.9,2145
2003-03-20,2.3,2.3,2.2,2.2,2474
2003-03-21,2.2,2.2,2.2,2.2,144
2003-03-24,2.15,2.15,2.05,2.05,1060
2003-03-25,1.9,2.15,1.9,2.1,2024
2003-03-26,2.1,2.1,1.9,1.9,2001
2003-03-27,1.95,2.25,1.9,1.9,13116
2003-03-28,2.15,2.3,1.8,1.8,2609
2003-03-31,2.4,2.45,2,2.45,625
2003-04-02,2.15,2.15,2,2.05,1304
2003-04-03,2.25,2.4,2.2,2.2,1600
2003-04-04,2.6,2.7,2.45,2.5,2263
2003-04-07,2.6,2.6,2.6,2.6,100
2003-04-08,2.4,2.5,2.35,2.4,10027
2003-04-09,2.4,2.8,2.2,2.8,891
2003-04-10,2.7,2.7,2.15,2.2,2700
2003-04-11,2.5,2.5,2.25,2.25,200
2003-04-15,2.75,3,2.75,3,2
2003-04-16,2.5,3.1,2.5,3.1,550
2003-04-21,2.15,2.15,2.1,2.15,275
2003-04-22,2.6,2.6,2.05,2.05,675
2003-04-23,2.3,2.3,2.3,2.3,217
2003-04-24,2.1,2.1,2.05,2.05,424
2003-04-25,2.2,2.2,2.2,2.2,176
2003-04-28,2.25,2.25,2.25,2.25,150
2003-04-29,2.5,2.5,2.3,2.5,102
2003-04-30,2.4,2.45,2.05,2.05,862
2003-05-02,2.1,2.3,2.1,2.25,4657
2003-05-05,2.45,2.45,2.45,2.45,25
2003-05-06,2.35,2.85,2.15,2.85,484
2003-05-07,2.2,2.25,2.1,2.1,1720
2003-05-08,2.45,2.5,2.3,2.5,664
2003-05-09,2.45,2.6,2.25,2.25,6650
2003-05-12,2.95,2.95,2.6,2.6,4096
2003-05-13,3.2,3.5,3,3,16942
2003-05-14,3.4,3.6,3.2,3.25,3758
2003-05-15,3.45,3.45,3.2,3.2,5701
2003-05-16,3.35,3.6,3.35,3.5,6998
2003-05-19,3.5,3.95,3.45,3.9,5005
2003-05-20,3.5,3.5,3.05,3.05,12331
2003-05-21,3.5,3.7,3.1,3.15,3624
2003-05-22,3.6,4.1,3.15,3.15,2018
2003-05-23,3.9,4,3.6,3.75,12874
2003-05-26,4.15,4.25,3.85,4.2,9709
2003-05-27,4.1,4.45,4,4,7061
2003-05-28,3.9,4.1,3.5,3.5,4549
2003-05-29,3.7,3.75,3.6,3.6,1924
2003-05-30,3.75,4.35,3.6,4.35,5210
2003-06-02,3.65,4.5,3.6,4.5,6855
2003-06-03,3.7,4.35,3.55,4.35,5802
2003-06-04,3.6,4,3.5,3.7,28670
2003-06-05,3.9,4.1,3.75,3.9,12252
2003-06-06,3.95,4,3.6,4,17258
2003-06-09,4,4.05,3.75,3.75,17360
2003-06-10,4,4.25,3.85,3.85,14377
2003-06-11,3.75,4,3.7,4,10547
2003-06-12,4.5,4.5,3.8,3.8,38086
2003-06-13,5.4,5.4,4.55,4.9,121243
2003-06-16,5.1,6,4.6,5.5,57148
2003-06-17,4.8,5.45,4.75,5.45,18402
2003-06-18,4.7,5,4.7,4.8,11511
2003-06-19,4.35,4.65,4,4.65,21630
2003-06-20,4.8,5.15,4.25,4.85,26499
2003-06-23,4.6,5.5,4.6,5.5,14497
2003-06-24,4.5,5.4,4.35,5.4,7834
2003-06-25,4.8,5.1,4.6,4.7,27438
2003-06-26,4.7,5.7,4.6,5.7,24017
2003-06-27,4.9,5.4,4.65,5.4,27117
2003-06-30,4.75,5.5,4.65,5.5,14616
2003-07-01,4.8,5.45,4.6,5.45,4599
2003-07-02,5,5.4,4.7,5.4,45207
2003-07-03,5.2,5.45,5,5.4,33937
2003-07-04,4.75,5.4,4.65,5.3,19577
2003-07-07,4.65,4.9,4.65,4.65,15560
2003-07-08,4.9,5.25,4.75,5,33899
2003-07-09,4.7,5.25,4.2,5.25,6120
2003-07-10,4.5,4.75,4.4,4.5,3669
2003-07-11,4.5,4.5,4,4.25,5045
2003-07-14,4.4,4.7,4.35,4.35,9772
2003-07-15,4,4.5,3.85,4.5,9847
2003-07-16,4.3,4.3,4.05,4.05,6881
2003-07-17,4.5,4.75,4.45,4.75,6135
2003-07-18,4.3,4.75,4.3,4.6,8416
2003-07-21,4.2,4.4,4,4,3800
2003-07-22,4.2,4.4,3.95,4,1749
2003-07-23,3.9,4,3.55,3.55,4976
2003-07-24,4.25,4.65,4,4.1,4508
2003-07-25,4.15,4.5,4,4,4201
2003-07-28,4.1,4.6,4.05,4.6,7886
2003-07-29,4,4.5,4,4.5,2857
2003-07-30,4.3,4.45,4,4,4829
2003-07-31,4.05,4.55,3.9,4.25,24404
2003-08-01,4.05,4.5,4.05,4.5,8531
2003-08-04,4.45,4.75,3.25,4.75,14225
2003-08-05,4.05,5.3,4,5.3,29422
2003-08-06,4.2,4.85,4,4.85,2586
2003-08-07,4,5,3.85,5,28473
2003-08-08,4.8,4.8,3.2,4.8,51732
2003-08-11,4.75,5.15,4.65,5.15,39336
2003-08-12,4.95,5.1,4.4,4.4,16398
2003-08-13,4.95,5,4.4,5,8300
2003-08-14,5.05,5.1,4.75,4.75,29802
2003-08-18,6.1,6.1,5.1,5.2,133854
2003-08-19,7.35,7.35,6.7,6.7,274780
2003-08-20,7.7,8.85,7.55,8,149471
2003-08-21,9.25,9.25,7.6,8,300762
2003-08-22,9.45,10.5,9,10.2,284143
2003-08-25,8.5,9.45,8.5,9.3,36939
2003-08-26,8.85,9.25,7.65,8.05,147765
2003-08-27,9.05,9.75,8.1,8.85,412556
2003-08-28,9.15,9.6,9,9.6,124433
2003-08-29,8.55,9.4,8.35,9.2,49960
2003-09-01,8.75,9.05,8.4,8.95,25869
2003-09-02,7.9,8.75,7.9,8.75,26089
2003-09-03,7.25,7.95,7.15,7.25,29803
2003-09-04,7.05,7.5,6.6,7.4,23807
2003-09-05,7.8,7.8,7.25,7.25,22713
2003-09-08,7.05,7.05,7.05,7.05,36559
2003-09-09,6.35,6.95,6.35,6.4,50707
2003-09-11,5.75,0,0,0,501
2003-09-24,5.25,5.25,5.25,5.25,100
2003-09-25,4.75,4.75,4.75,4.75,2000
2003-09-26,4.3,4.8,4.3,4.75,7050
2003-09-29,4.05,4.5,4.05,4.5,4801
2003-09-30,4.45,4.45,4.3,4.3,575
2003-10-01,4.2,4.7,4,4,4758
2003-10-03,4.5,4.6,3.8,4.6,7250
2003-10-06,4.1,4.5,4.1,4.5,1550
2003-10-07,4.1,4.15,3.75,4.1,724
2003-10-08,3.9,3.9,3.75,3.8,1250
2003-10-09,3.6,4.25,3.6,3.7,750
2003-10-10,3.85,3.85,3.4,3.4,125
2003-10-13,3.55,3.8,3.55,3.75,2025
2003-10-14,3.7,4,3.5,4,7552
2003-10-15,3.35,4,3.35,4,1260
2003-10-16,3.3,3.35,3.1,3.15,3325
2003-10-17,3.1,3.3,3,3,2732
2003-10-20,2.95,3.4,2.8,3.4,17886
2003-10-21,3.1,3.1,2.9,2.9,2950
2003-10-22,3,3.2,3,3.2,4535
2003-10-23,3,3.15,2.95,3.15,1300
2003-10-24,3.25,3.3,3,3.3,5544
2003-10-27,3.4,3.5,3,3.35,9340
2003-10-28,3.1,3.35,3.1,3.1,9550
2003-10-29,3.05,3.1,3.05,3.05,3823
2003-10-30,2.95,3.25,2.9,2.95,2125
2003-10-31,2.9,3,2.9,3,1695
2003-11-03,3.05,3.05,2.7,2.7,2700
2003-11-04,2.95,3.35,2.9,3.35,414
2003-11-05,3.15,3.2,3.15,3.2,2525
2003-11-06,3.5,3.5,3.25,3.45,9800
2003-11-07,3.7,3.75,3.55,3.7,1450
2003-11-10,3.95,4.05,3.9,3.9,4000
2003-11-11,4.35,4.35,4.1,4.1,19905
2003-11-12,4.55,4.65,4.4,4.6,5170
2003-11-13,4.1,4.5,4.1,4.5,6605
2003-11-14,4.15,4.15,3.7,3.7,4976
2003-11-17,3.9,3.9,3.9,3.9,500
2003-11-18,4,4.2,4,4.2,1648
2003-11-19,4.25,4.4,4,4.3,3315
2003-11-20,4,4,4,4,700
2003-11-21,3.7,3.75,3.7,3.75,1500
2003-11-24,4,4.1,3.9,4.1,4501
2003-11-25,3.75,3.75,3.75,3.75,1000
2003-11-27,4,4.05,3.65,3.65,3675
2003-11-28,4.4,4.4,3.9,3.9,11753
2003-12-01,4.7,4.85,4.45,4.45,4250
2003-12-02,4.4,4.5,4.25,4.5,2644
2003-12-03,4.35,4.6,4.3,4.6,3549
2003-12-04,4.3,4.7,4.1,4.7,2408
2003-12-05,4.6,4.75,4.3,4.6,8255
2003-12-08,4.45,4.6,4.35,4.6,6250
2003-12-09,4.85,4.9,4.75,4.85,16421
2003-12-10,4.95,5.35,4.5,5.35,17708
2003-12-11,4.85,5.3,4.85,5.3,10996
2003-12-12,5,5.2,4.6,4.6,17375
2003-12-15,5.4,5.5,5.1,5.25,13230
2003-12-16,5.7,5.8,5.45,5.45,13238
2003-12-17,6.3,6.3,6.1,6.1,13138
2003-12-18,6.95,6.95,6.5,6.5,32110
2003-12-19,6.5,7.55,6.3,7.05,25375
2003-12-22,6.25,7,6.05,7,5659
2003-12-23,6,6.4,6,6.2,10400
2003-12-24,6.6,6.6,5.8,6.15,25288
2003-12-26,7.05,7.3,6.8,6.8,46072
2003-12-29,7,7.5,6.9,7.3,27253
2003-12-30,6.5,7.15,6.4,7,11109
2003-12-31,5.85,6.65,5.85,6.5,17155
2004-01-01,6.45,6.45,5.6,6.3,27972
2004-01-02,6.7,6.95,6.3,6.85,16461
2004-01-05,6.3,7.1,6.1,7,13729
2004-01-06,5.8,6.9,5.7,6.9,19731
2004-01-07,5.6,6.05,5.3,6.05,8200
2004-01-08,5.8,6,5.3,5.3,7318
2004-01-09,5.6,6.4,5.6,6.4,9807
2004-01-12,5.4,5.9,5.35,5.85,12085
2004-01-13,5.35,5.85,5.1,5.5,13680
2004-01-14,5.45,5.7,5.25,5.65,17327
2004-01-15,5.3,5.5,5.15,5.25,5510
2004-01-16,4.95,5.6,4.9,5,10680
2004-01-19,4.9,5,4.55,4.65,7828
2004-01-20,4.85,5.35,4.85,5.3,9290
2004-01-21,4.4,4.95,4.4,4.45,5081
2004-01-22,4.05,4.3,4,4.1,6200
2004-01-23,4.2,4.5,4,4,8384
2004-01-27,4.6,4.65,4.15,4.55,13555
2004-01-28,4.5,4.95,4.25,4.25,12333
2004-01-29,4.3,4.75,4.1,4.75,8561
2004-01-30,4.1,4.45,4,4.4,9933
2004-02-03,3.7,4.3,3.7,4.3,4801
2004-02-04,3.75,3.95,3.45,3.75,8506
2004-02-05,3.75,3.95,3.65,3.95,3524
2004-02-06,3.65,3.9,3.6,3.6,2100
2004-02-09,3.9,3.9,3.65,3.8,6024
2004-02-10,3.8,3.8,3.8,3.8,3730
2004-02-11,3.7,3.9,3.6,3.6,4025
2004-02-12,3.7,3.85,3.7,3.7,1048
2004-02-13,4,4,3.7,3.7,4435
2004-02-16,3.95,4.3,3.65,3.65,9310
2004-02-17,4,4.2,3.9,4.2,19557
2004-02-18,3.9,4.4,3.85,4.4,7738
2004-02-19,3.85,4.25,3.75,4.25,524
2004-02-20,4,4,3.75,3.9,1849
2004-02-23,3.8,3.9,3.65,3.7,1802
2004-02-24,3.85,4,3.65,4,2900
2004-02-25,3.75,3.95,3.6,3.6,8834
2004-02-26,3.85,4,3.7,3.8,1717
2004-02-27,3.95,4,3.8,3.9,6900
2004-03-01,3.7,3.9,3.65,3.85,5900
2004-03-03,3.7,4,3.7,3.9,3225
2004-03-04,3.65,3.8,3.65,3.65,918
2004-03-05,3.55,3.9,3.5,3.6,5860
2004-03-08,3.6,3.7,3.5,3.5,3361
2004-03-09,3.5,3.5,3.45,3.5,1975
2004-03-10,3.3,3.45,3.2,3.45,7474
2004-03-11,3.35,3.5,3.25,3.5,4302
2004-03-12,3.25,3.3,3.25,3.25,2000
2004-03-15,3.15,3.35,3.1,3.25,4560
2004-03-16,2.9,3.15,2.9,3,8757
2004-03-17,3.1,3.15,3.1,3.15,2000
2004-03-18,3,3,3,3,212
2004-03-19,3.05,3.05,2.9,2.9,3625
2004-03-22,2.85,3.35,2.85,3.1,12845
2004-03-23,3,3,2.85,3,5123
2004-03-24,3.15,3.25,2.8,2.8,3424
2004-03-25,3.25,3.3,3,3.25,2675
2004-03-26,2.95,3.35,2.95,3.1,4587
2004-03-29,3.2,3.25,2.95,3,1237
2004-03-30,3.35,3.5,3.05,3.3,4179
2004-03-31,3.55,3.6,3.15,3.45,2625
2004-04-01,3.85,3.9,3.3,3.75,9251
2004-04-02,3.9,4.05,3.6,3.7,7637
2004-04-05,3.85,4.25,3.7,4,4048
2004-04-06,4,4.15,3.65,4.15,3135
2004-04-07,3.8,4,3.6,4,7760
2004-04-08,3.5,4.15,3.45,3.8,13433
2004-04-12,3.5,3.65,3.35,3.55,5566
2004-04-13,3.65,3.7,3.65,3.65,400
2004-04-15,3.55,4,3.55,3.8,5955
2004-04-16,3.75,3.8,3.5,3.5,4901
2004-04-19,3.5,3.75,3.35,3.35,8724
2004-04-20,3.7,3.7,3.65,3.65,1000
2004-04-21,3.8,3.9,3.5,3.5,2425
2004-04-22,3.8,4,3.6,3.6,6800
2004-04-23,3.9,4,3.6,3.85,3698
2004-04-27,3.9,3.9,3.6,3.85,901
2004-04-28,3.75,3.75,3.55,3.6,1400
2004-04-29,3.6,3.9,3.4,3.45,8841
2004-04-30,3.8,4,3.6,3.9,5658
2004-05-03,3.95,4,3.75,3.95,4881
2004-05-04,3.95,4.1,3.85,3.9,3458
2004-05-05,3.85,4.2,3.75,4,11650
2004-05-06,3.8,3.8,3.65,3.8,5073
2004-05-07,3.75,3.9,3.75,3.9,8008
2004-05-10,3.5,3.9,3.4,3.75,22372
2004-05-11,3.7,3.85,3.4,3.85,3329
2004-05-12,3.75,3.75,3.5,3.5,6792
2004-05-13,3.45,4,3.4,3.8,29154
2004-05-14,3.7,3.75,3.45,3.7,2130
2004-05-17,3.7,3.7,3.35,3.35,11117
2004-05-18,3.65,3.65,3.35,3.35,1360
2004-05-19,3.5,3.65,3.5,3.55,4150
2004-05-20,3.6,3.6,3.25,3.25,4817
2004-05-21,3.55,3.6,3.35,3.35,725
2004-05-24,3.35,3.65,3.25,3.65,2001
2004-05-25,3.25,3.25,3.25,3.25,1074
2004-05-26,3.25,3.45,3.25,3.25,4920
2004-05-27,3.55,3.7,3.45,3.5,13124
2004-05-28,3.65,4.2,3.6,3.75,31725
2004-05-31,3.9,4.2,3.5,4.2,1316
2004-06-01,3.6,3.85,3.2,3.5,7402
2004-06-02,3.55,3.7,3.5,3.7,4700
2004-06-03,3.35,3.8,3.25,3.8,424
2004-06-04,3.6,3.95,3.25,3.95,5903
2004-06-08,3.3,3.5,3.25,3.5,5700
2004-06-09,3.3,3.65,2.95,2.95,625
2004-06-10,3.35,3.65,3.35,3.6,1300
2004-06-11,3.3,3.55,3.25,3.3,5400
2004-06-14,3.6,3.8,3.55,3.8,1025
2004-06-15,3.35,3.8,3.35,3.8,640
2004-06-16,3.25,4,3.25,4,382
2004-06-17,3.6,3.6,3.3,3.5,1123
2004-06-18,3.3,3.65,3.2,3.2,874
2004-06-21,3.65,3.8,3.5,3.8,2328
2004-06-22,3.3,3.3,3.3,3.3,100
2004-06-23,3.25,3.3,3.25,3.3,1000
2004-06-24,3.3,3.3,3.15,3.3,1498
2004-06-25,3.55,4,3,4,4050
2004-06-28,3.35,3.45,3.35,3.35,2048
2004-06-29,3.5,3.65,3.3,3.65,1174
2004-06-30,3.2,4.1,3.2,4.1,6550
2004-07-01,3.35,3.55,3.3,3.55,3143
2004-07-02,3.6,3.65,3.2,3.4,390
2004-07-05,3.5,3.5,3.35,3.35,103
2004-07-07,3.6,3.75,3.35,3.45,2850
2004-07-08,3.3,3.85,3.3,3.85,1200
2004-07-09,3.25,3.25,3.25,3.25,104
2004-07-12,3.65,3.85,3.25,3.25,6450
2004-07-13,3.6,4.15,3.5,3.5,13922
2004-07-14,3.75,3.8,3.6,3.8,7200
2004-07-15,4,4.4,3.6,4.4,28124
2004-07-16,4.05,4.75,4,4.75,8305
2004-07-19,4.05,4.4,3.85,4,9276
2004-07-20,4.2,4.4,3.75,3.75,8245
2004-07-21,4.15,4.2,3.9,4.2,800
2004-07-22,3.9,4.7,3.65,4.2,4539
2004-07-23,3.8,4.65,3.15,4.65,22027
2004-07-26,4,4.05,3.9,3.9,12501
2004-07-27,3.9,4,3.7,4,7123
2004-07-28,3.95,3.95,3.65,3.8,1675
2004-07-29,3.85,4.25,3.55,4.25,3274
2004-07-30,3.8,3.9,3.6,3.6,4000
2004-08-02,4,4.15,3.6,4,3257
2004-08-03,3.9,4,3.75,3.75,1244
2004-08-04,3.9,4.05,3.7,3.7,2249
2004-08-05,3.8,4.2,3.7,4.2,6986
2004-08-06,3.9,4.1,3.8,4,1896
2004-08-09,3.8,4,3.8,4,3630
2004-08-10,3.85,4,3.7,3.8,13560
2004-08-11,3.75,3.75,3.75,3.75,2094
2004-08-12,3.6,3.7,3.5,3.7,8098
2004-08-13,3.55,3.7,3.55,3.55,2599
2004-08-16,3.5,3.9,3.45,3.85,21400
2004-08-17,3.6,3.65,3.4,3.45,14012
2004-08-18,3.4,3.6,3.3,3.5,11595
2004-08-19,3.4,3.4,3.4,3.4,500
2004-08-20,3.7,3.75,3.3,3.3,9384
2004-08-23,4,4.05,3.6,3.6,17477
2004-08-24,3.9,4.25,3.75,4.25,10243
2004-08-25,3.95,4.05,3.8,3.9,6380
2004-08-26,3.8,4,3.8,3.95,1625
2004-08-27,3.95,4,3.8,4,12374
2004-08-30,4.35,4.35,4.05,4.05,26086
2004-08-31,4.45,4.5,4.1,4.5,30642
2004-09-01,4.55,4.85,4.35,4.85,19248
2004-09-02,4.8,4.85,4.65,4.8,27671
2004-09-03,5.05,5.05,4.85,4.85,58807
2004-09-06,5.3,5.3,5.3,5.3,9822
2004-09-07,5.6,5.6,5.6,5.6,12883
2004-09-08,5.9,5.9,5.9,5.9,4310
2004-09-09,6.2,6.2,5.7,6.2,181201
2004-09-10,6.55,7.15,6.1,6.5,197886
2004-09-13,6.2,7,6.1,6.4,85476
2004-09-14,5.8,6.1,5.3,6.05,57647
2004-09-15,5.9,6,5.6,5.65,60184
2004-09-16,5.8,6,5.65,6,20898
2004-09-17,5.95,6.1,5.75,5.75,43082
2004-09-20,5.85,6,5.75,6,14395
2004-09-21,5.85,6.1,5.75,6,16170
2004-09-22,5.6,5.75,5.6,5.6,4720
2004-09-23,5.55,5.95,5.5,5.9,13600
2004-09-24,5.75,5.8,5.6,5.75,13403
2004-09-27,6.05,6.15,5.9,5.9,35744
2004-09-28,6.1,6.15,5.9,6.15,23372
2004-09-29,6.3,6.45,6.15,6.15,33745
2004-09-30,7.55,7.6,6.3,6.45,246794
2004-10-01,8.7,8.9,7.8,8.1,305988
2004-10-04,7.85,8.55,7.85,8.5,53344
2004-10-05,7.1,7.5,7.1,7.5,45466
2004-10-06,6.85,7.4,6.45,6.6,127814
2004-10-07,7.05,7.2,6.7,6.9,22386
2004-10-08,7.4,7.55,6.7,6.7,29910
2004-10-11,7.85,8.1,7.5,7.5,58235
2004-10-12,7.45,7.7,7.45,7.5,18911
2004-10-14,7.4,7.7,7.25,7.25,21658
2004-10-15,7.25,7.6,7.25,7.3,16188
2004-10-18,6.85,7.4,6.75,7,21957
2004-10-19,6.7,6.85,6.6,6.6,4090
2004-10-20,6.8,6.9,6.7,6.9,6000
2004-10-21,6.7,6.9,6.4,6.4,4316
2004-10-25,6.3,6.8,6.25,6.8,9528
2004-10-26,6.4,6.4,6.35,6.35,599
2004-10-27,6.6,7.5,6.45,7.5,7924
2004-10-28,6.65,7,6.6,7,3800
2004-10-29,6.8,7.65,6,6.05,15230
2004-11-01,6.6,7.15,6.5,7.15,2824
2004-11-02,6.9,6.9,6.4,6.5,13938
2004-11-03,6.65,7,6.6,7,4800
2004-11-04,6.65,6.85,6.5,6.5,7344
2004-11-05,7,7.2,6.1,6.6,20891
2004-11-08,8,8.2,7.1,7.45,69407
2004-11-09,8,8.4,7.45,8,67781
2004-11-10,8.7,9,8.1,8.1,111029
2004-11-11,8.35,9,8.25,8.75,32353
2004-11-12,8.8,8.95,7.5,7.5,25300
2004-11-16,8.55,9,8.5,9,18350
2004-11-17,8.75,8.9,8.6,8.9,42989
2004-11-18,8.6,9.15,8.5,9.15,23469
2004-11-19,8.45,8.75,8.4,8.65,27932
2004-11-22,8.65,9,8.5,9,14633
2004-11-23,8.55,9,8.5,8.65,30202
2004-11-24,8.35,9,8.05,8.5,23092
2004-11-25,8.15,8.8,7.9,8,30070
2004-11-29,8.1,8.4,7.5,7.5,17715
2004-11-30,7.65,8,7.55,7.75,15969
2004-12-01,7.65,7.85,7.15,7.5,14646
2004-12-02,7.75,8.05,7.55,7.85,43118
2004-12-03,7.75,7.9,7.5,7.75,19207
2004-12-06,8.15,8.4,7.55,7.55,41395
2004-12-07,8.05,8.2,7.9,7.9,13069
2004-12-08,8,8.35,8,8,37894
2004-12-09,7.9,8.3,7.6,8.1,24794
2004-12-10,8.25,8.45,8,8.45,31395
2004-12-13,9.05,9.5,8.35,8.35,138041
2004-12-14,9,9.7,8.9,9.7,70149
2004-12-15,8.95,9.7,8.8,9.5,88657
2004-12-16,9.5,9.85,8.7,9.35,186392
2004-12-17,9.85,10.6,9.75,9.8,184086
2004-12-20,11.85,11.85,10.45,10.5,401244
2004-12-21,14.25,14.25,12.45,12.45,240811
2004-12-22,13.5,15.7,13.05,15.4,626119
2004-12-23,13.6,14,12.75,13.85,195074
2004-12-24,13.35,14,13.25,14,115939
2004-12-27,13.55,13.9,13.2,13.9,70021
2004-12-28,13.3,14.4,13.1,13.6,130616
2004-12-29,14.65,14.65,12.85,12.85,233832
2004-12-30,16.1,16.15,15,15.25,365692
2004-12-31,15.6,16.65,15.5,16.65,170193
2005-01-03,15.05,15.75,14.55,15.7,69537
2005-01-04,15.5,16.2,14.8,15.25,154974
2005-01-05,14.05,16.2,13.95,15.5,131347
2005-01-06,13.5,13.95,12.7,13,68212
2005-01-07,14.2,14.4,13.75,14,27736
2005-01-10,14.1,15.15,13.7,15.15,59402
2005-01-11,12.8,14.25,12.7,14.05,33723
2005-01-12,11.55,12.7,11.55,12.7,59001
2005-01-13,12.2,12.35,11.2,12.35,24599
2005-01-14,12.15,12.65,11.9,12.65,47526
2005-01-17,11.25,12,11.1,12,18975
2005-01-18,11.5,11.6,11.3,11.5,12174
2005-01-19,11.55,12,11.5,11.6,8765
2005-01-20,11.5,11.5,11.2,11.5,8468
2005-01-24,11.1,11.35,11.05,11.15,5469
2005-01-25,10.9,11.2,10.6,10.85,17491
2005-01-27,11.45,11.45,10.5,10.5,10006
2005-01-28,12.05,12.05,11.1,11.85,31169
2005-01-31,12.65,12.65,12.25,12.25,14923
2005-02-01,13.25,13.3,12.55,13.3,43534
2005-02-02,13.2,13.9,13,13.4,59961
2005-02-03,13.85,13.9,13.35,13.35,54842
2005-02-04,13.9,14.15,13.35,13.9,58655
2005-02-07,13.2,14.2,13.2,13.35,58697
2005-02-08,12.85,13.85,12.75,13,72645
2005-02-09,13.1,13.45,12.9,13.35,63715
2005-02-10,12.95,13.65,12.55,13.5,53459
2005-02-11,13.15,13.4,12.8,12.8,33114
2005-02-14,14.5,14.5,13,13.5,221365
2005-02-15,13.95,15,13.55,14.9,148816
2005-02-16,13.2,14,13.15,14,54892
2005-02-17,12.8,13.6,12.6,13.2,36604
2005-02-18,13.6,14,13,13,70463
2005-02-21,13.65,14,13.3,13.7,51374
2005-02-22,13.45,14.9,13.3,14.9,28166
2005-02-23,13.3,13.75,13.1,13.6,18714
2005-02-24,13.25,13.8,13.1,13.5,29214
2005-02-25,12.7,13.7,12.6,13.25,32725
2005-02-28,12.6,13,12.4,12.75,15850
2005-03-01,12.05,12.6,11.9,12.15,28012
2005-03-02,12.15,12.5,11.9,12.5,16600
2005-03-03,12.2,12.45,11.15,11.15,25236
2005-03-04,12.55,12.65,12.25,12.3,39679
2005-03-07,11.95,12.75,11.8,12.75,35490
2005-03-08,11.8,12.25,11.65,11.7,28971
2005-03-09,11.65,12.35,11.25,12.1,20673
2005-03-10,11.6,11.85,11.4,11.5,12780
2005-03-11,12.2,12.35,11.4,12,37942
2005-03-14,12.2,12.55,11.75,12.55,52823
2005-03-15,12.1,12.35,12,12,19785
2005-03-16,12.2,12.35,11.95,12.1,27145
2005-03-17,12.7,12.9,11.15,11.15,42945
2005-03-18,13,13.2,11.6,13,46956
2005-03-21,12.65,14,12.5,14,53873
2005-03-22,12.7,13.2,12.35,13.2,29562
2005-03-23,12.1,13.3,12.05,13.3,26609
2005-03-24,12.1,12.9,11.9,12.9,27839
2005-03-28,12.05,12.65,11.45,12.65,45259
2005-03-29,11.8,12.2,11.75,12.05,33794
2005-03-30,11.5,12.5,11.5,12.5,6152
2005-03-31,11.9,12.15,11.8,12.1,5387
2005-04-01,12.3,12.9,12.05,12.25,4819
2005-04-04,12.1,12.6,12.1,12.35,4153
2005-04-05,12.2,13,12,12.35,13457
2005-04-06,12.4,12.7,12.2,12.3,11317
2005-04-07,11.75,12.3,11.5,12.3,11263
2005-04-08,11.9,12.3,11.75,12.3,11635
2005-04-11,11.6,12,11.6,12,3701
2005-04-12,11.8,12,11.6,12,5206
2005-04-13,11.65,12,11.6,11.7,2801
2005-04-15,11.1,11.5,10.9,11,5459
2005-04-18,11.2,12.7,10.75,12,8624
2005-04-19,11.4,11.95,11,11.95,15808
2005-04-20,11.15,11.8,11.1,11.1,10024
2005-04-21,10.9,11.3,10.8,11.25,12322
2005-04-22,11.25,11.45,10.8,11,17921
2005-04-25,11.4,11.55,10.85,10.9,14174
2005-04-26,11.55,11.7,11.25,11.4,8726
2005-04-27,11.4,11.65,11.05,11.05,5074
2005-04-28,11.2,11.65,11.1,11.1,10768
2005-04-29,12.15,13.2,11.6,11.6,49550
2005-05-02,12.05,12.5,12,12.4,23590
2005-05-03,12,12.15,12,12,9097
2005-05-04,12.3,12.35,12.2,12.2,15323
2005-05-05,12.1,12.6,11.8,11.8,17296
2005-05-06,12.1,12.4,11.65,11.65,9089
2005-05-09,12,12.5,12,12.5,6209
2005-05-10,12.05,12.45,11.85,12.2,26856
2005-05-11,12.1,12.25,11.9,11.9,19910
2005-05-12,12.05,12.15,11.7,12,14025
2005-05-13,12.3,12.5,11.95,12.05,30426
2005-05-16,12.45,12.75,12.2,12.25,19145
2005-05-17,12.3,12.9,12.3,12.9,4000
2005-05-18,13.65,14.25,12.25,12.25,88650
2005-05-19,14.5,15.6,14.05,14.1,117904
2005-05-20,16.7,17.4,14.6,14.75,349696
2005-05-23,17.4,20.05,17,17,398503
2005-05-24,16.35,18.25,16.2,17.7,113493
2005-05-25,15.75,16.5,15.45,16,89898
2005-05-26,15.05,16,14.85,15.75,68513
2005-05-27,14.35,15.5,14.25,14.8,28485
2005-05-30,14.85,15,14.2,14.2,26213
2005-05-31,15,15.05,14.65,14.65,16951
2005-06-01,15.9,16,15,15,43346
2005-06-02,15.35,16.2,15.1,15.1,26167
2005-06-03,15.85,16,15.25,15.25,19382
2005-06-06,16.65,17.9,16.2,17.9,54671
2005-06-07,16.55,16.9,16.15,16.9,28324
2005-06-08,16.65,17,16.3,16.5,44537
2005-06-09,18.15,18.5,16.3,16.3,106047
2005-06-10,17.05,18.5,17,17.8,70667
2005-06-13,17.05,17.9,16.5,16.8,49742
2005-06-14,17.25,17.5,16.45,17,45969
2005-06-15,17.35,19.4,17,19.4,39169
2005-06-16,16.55,17.4,16.4,17.35,64539
2005-06-17,15.3,16.5,15.1,16.1,40980
2005-06-20,15.7,16,15.15,15.9,24123
2005-06-21,15.95,17.5,15.35,17.5,12026
2005-06-22,15.85,17.4,15.25,17.4,12821
2005-06-23,15.15,16.3,15.1,15.9,21650
2005-06-24,15.15,16.25,14.1,14.1,20626
2005-06-27,15.6,15.85,15.5,15.65,15145
2005-06-28,15.5,15.8,15.2,15.35,7584
2005-06-29,15.5,15.9,14.95,15.4,14923
2005-06-30,15.25,15.9,15,15.9,6354
2005-07-01,16.2,17.3,15.9,15.9,37665
2005-07-04,16.7,17,16.05,16.5,37503
2005-07-05,16.45,17.2,16.35,16.5,42181
2005-07-06,16.4,16.7,16,16.7,18370
2005-07-07,16.25,16.85,16,16.45,9279
2005-07-08,16.45,16.5,16.05,16.1,10886
2005-07-11,16.65,17.1,16.5,16.75,21553
2005-07-12,16.5,17,16.5,17,9845
2005-07-13,16.55,17.5,16.4,17.25,20051
2005-07-14,16.85,17.5,16.7,17.2,13407
2005-07-15,16.3,17.45,16.2,17.45,18931
2005-07-18,16.8,17,16.7,16.95,20959
2005-07-19,17.3,18,16.6,17.5,27402
2005-07-20,17.25,17.75,17.05,17.4,23867
2005-07-21,17.55,18.25,17.05,17.5,44043
2005-07-22,17.3,18.1,17.05,17.75,20139
2005-07-25,17.5,18.45,17,17.9,37176
2005-07-26,17.2,17.5,17.1,17.25,20764
2005-07-27,16.8,17.15,16.5,17.1,15807
2005-07-29,16.05,16.75,16,16,20106
2005-08-01,16.75,17,16.1,16.4,29912
2005-08-02,16.45,16.75,16.1,16.1,14646
2005-08-03,16.4,16.65,16.1,16.1,10612
2005-08-04,16.45,16.7,16.15,16.35,4580
2005-08-05,17.65,18.4,15.4,15.4,52589
2005-08-08,17.35,18.8,17.3,17.5,39286
2005-08-09,17.95,18.7,16.65,16.65,73663
2005-08-10,18.35,18.5,17.8,18.4,44648
2005-08-11,21.35,21.8,18,18,258819
2005-08-12,25.65,25.65,22,22,333172
2005-08-16,30.8,30.8,28.8,28.8,242118
2005-08-17,32.55,33.9,31.55,33.9,323102
2005-08-18,29.3,33.9,29.3,32.7,180847
2005-08-19,28.2,29.3,26.4,29.3,165717
2005-08-22,26.25,30,25.4,29,71594
2005-08-23,24.7,26.75,23.65,26.75,129809
2005-08-24,27.2,27.2,24.3,24.5,111691
2005-08-25,28.55,29.9,27,29,59541
2005-08-26,29.1,30.3,26,26,52616
2005-08-29,30.05,31.95,28.3,29,52693
2005-08-30,29.95,31.5,29.1,29.1,54257
2005-08-31,30.15,30.5,29.05,30.2,33181
2005-09-01,28.85,31,28.65,30.7,32245
2005-09-02,27.9,29,27.6,29,47545
2005-09-05,28.1,29.1,27.7,28,18128
2005-09-06,29.25,29.5,26.7,29.3,67703
2005-09-08,30.75,30.75,30.75,30.75,31899
2005-09-09,31.85,32.3,31.1,31.75,155973
2005-09-12,33.45,33.45,31.5,32.7,106685
2005-09-13,35.1,35.15,34.25,34.5,139405
2005-09-14,36.9,36.9,35.1,35.1,111552
2005-09-15,38.75,38.75,38.75,38.75,27097
2005-09-16,40.7,40.7,39.95,39.95,51109
2005-09-19,42.75,42.75,42.75,42.75,23973
2005-09-20,44.9,44.9,44.9,44.9,43261
2005-09-21,42.65,47.15,42.65,47.15,188519
2005-09-22,40.55,41.5,40.55,41.5,3360
2005-09-23,38.55,38.55,38.55,38.55,1906
2005-09-26,36.65,36.65,36.65,36.65,2603
2005-09-27,34.85,36.65,34.85,34.85,122578
2005-09-28,33.15,35.85,33.15,35.85,49384
2005-09-29,31.5,32.7,31.5,31.5,9010
2005-09-30,29.95,29.95,29.95,29.95,3244
2005-10-03,28.45,28.45,28.45,28.45,1775
2005-10-04,29.9,29.9,27.25,27.25,28819
2005-10-05,31.4,31.4,31.4,31.4,5121
2005-10-06,33,33,32.15,32.95,80342
2005-10-07,31.7,34.5,31.35,34.5,23958
2005-10-10,30.2,32.7,30.15,31.35,11354
2005-10-11,29,30,28.8,30,11101
2005-10-13,27.6,28.9,27.55,28.1,5675
2005-10-14,26.25,27.8,26.25,27.8,8845
2005-10-17,24.95,26.3,24.95,26.3,7997
2005-10-18,24,25.5,24,25.5,19984
2005-10-19,23,23.9,22.8,23.2,48207
2005-10-20,21.85,23,21.85,22.8,6325
2005-10-21,21.15,22,20.8,20.8,39946
2005-10-24,22.15,22.25,20.95,22,24468
2005-10-25,23.3,23.3,23.3,23.3,1755
2005-10-26,24.5,24.5,24.45,24.45,15818
2005-10-27,25.55,25.75,24.7,25.7,24151
2005-10-28,24.3,25.5,24.3,25.5,19445
2005-10-31,23.95,25.55,23.1,24.95,8909
2005-11-01,24.1,24.45,23.1,24,5748
2005-11-02,23.95,23.95,23.3,23.35,7144
2005-11-07,24.65,25.15,23.25,23.3,7326
2005-11-08,25.1,25.85,24.55,24.55,10347
2005-11-09,24.2,24.8,23.85,24.5,2126
2005-11-10,23.8,25.1,23.5,24.05,7660
2005-11-11,24.15,24.95,23.6,24.1,10922
2005-11-14,25.4,25.4,24.2,24.2,2811
2005-11-16,26.7,26.7,26.25,26.6,3124
2005-11-17,28.05,28.05,26.1,28.05,28056
2005-11-18,27.7,28.45,27.1,28,12997
2005-11-21,26.7,28.25,26.4,26.75,10377
2005-11-22,25.5,26.05,25.4,25.85,2170
2005-11-23,25.7,26,24.6,24.6,7298
2005-11-24,27,27,25.5,26,14413
2005-11-25,27.55,28.35,27,27,10839
2005-11-28,26.5,27.75,26.5,27.5,5462
2005-11-29,26.5,26.5,25.35,26.5,4770
2005-11-30,25.25,27,25.2,27,5405
2005-12-01,24.85,25.35,24.1,24.15,11340
2005-12-02,24.65,25.7,24.05,24.05,4784
2005-12-05,23.75,24.5,23.55,23.75,5767
2005-12-06,24.1,24.7,22.9,22.9,2305
2005-12-07,23.6,25.35,23.55,24.25,6450
2005-12-08,24.45,24.8,23.75,24.25,11517
2005-12-09,24.15,25.25,24,25.25,4583
2005-12-12,25.4,25.4,24.1,24.5,7256
2005-12-13,25.4,26.7,24.7,24.75,11135
2005-12-14,25.95,26.6,24.15,24.3,19600
2005-12-15,25.8,27,25.8,26.4,11170
2005-12-16,25.9,26.3,25.5,25.5,8505
2005-12-19,25.6,25.9,25,25.5,8095
2005-12-20,24.35,26.25,24.35,25,9055
2005-12-21,23.9,25.35,23.85,25,4440
2005-12-22,24.05,24.95,23.8,24.1,8153
2005-12-23,24.4,25.2,23.5,25.2,4534
2005-12-26,24.05,25.5,23.2,23.2,18996
2005-12-27,24.1,24.45,23.25,23.25,2305
2005-12-28,23.65,24.5,23.5,23.55,2525
2005-12-29,24.3,24.8,23.7,23.7,13301
2005-12-30,25.55,25.55,24.15,25.4,24972
2006-01-02,26.4,26.75,24.55,24.55,8883
2006-01-03,27.75,27.75,26.25,26.25,25108
2006-01-04,28.3,29.1,27.5,28.95,24024
2006-01-05,28.35,29.5,27.1,29,18142
2006-01-06,27.4,29.7,26.95,28.35,14130
2006-01-09,27.05,27.75,26.25,27.5,9442
2006-01-10,26.5,27,26.25,27,5862
2006-01-12,26.2,27,25.8,27,5918
2006-01-13,25.85,27.2,25.55,26.1,10560
2006-01-16,25.5,26,25.35,25.35,8104
2006-01-17,24.85,26,24.8,25.1,5300
2006-01-18,24.95,25.5,24.05,25.45,5571
2006-01-19,25.1,26,24.9,25.1,7570
2006-01-20,25.25,26,24.7,25.05,11549
2006-01-23,25.4,25.9,24.75,24.75,7599
2006-01-24,24.85,26.45,24.2,25.9,13019
2006-01-25,24.4,25.8,24.25,24.25,4101
2006-01-27,23.55,24.5,23.25,24.5,9884
2006-01-30,22.9,23.8,22.6,22.6,15525
2006-01-31,22,24,21.95,23,10593
2006-02-01,21.55,22.5,21.35,21.75,22776
2006-02-02,21.35,22.5,20.5,22.5,7423
2006-02-03,21.4,21.45,20.3,21.35,19857
2006-02-06,21.85,22.3,21.7,22,4510
2006-02-07,22,22.7,21.2,22,11689
2006-02-08,21.4,21.95,21,21,7730
2006-02-10,22.45,22.5,20.5,21,22048
2006-02-13,21.4,23.3,21.35,23.3,9528
2006-02-14,21.5,22.5,21.1,21.2,18103
2006-02-15,21.1,22.4,21,21.1,4158
2006-02-16,22.2,22.2,21.05,22,13197
2006-02-17,22.9,23.35,22.35,23.3,10225
2006-02-20,22.35,22.9,21.75,22.9,2293
2006-02-21,21.7,22.7,21.65,22.7,10285
2006-02-22,21.35,22.2,21.35,21.7,10573
2006-02-23,21.15,22,21,21.5,5610
2006-02-24,20.55,21.45,20.4,20.6,8076
2006-02-27,21.6,21.6,20,20,11222
2006-02-28,21.75,22.5,21.1,22,9438
2006-03-01,21.8,22.1,21.15,21.85,3676
2006-03-02,22.75,22.9,20.75,21.25,20930
2006-03-03,23.85,23.9,21.9,22,35622
2006-03-06,24.5,24.5,22.75,22.75,22647
2006-03-07,23.3,24.6,23.3,24.6,3127
2006-03-08,22.55,24,22.45,24,10175
2006-03-09,21.75,22.25,21.45,21.9,10963
2006-03-10,21.3,22.6,21.25,21.75,16953
2006-03-13,21.75,21.9,21.5,21.5,6028
2006-03-14,22.3,22.8,21.3,21.8,9935
2006-03-16,22.7,22.8,22,22.8,10950
2006-03-17,21.6,22.5,21.6,22.5,4420
2006-03-20,21.75,22.6,20.7,20.8,14849
2006-03-21,22.7,22.85,21.65,21.65,17812
2006-03-22,22.45,22.7,22.05,22.55,12733
2006-03-23,21.6,22,21.4,21.75,10124
2006-03-24,22,22.2,21.3,21.35,15330
2006-03-27,21.5,22.5,21.35,21.5,3273
2006-03-28,20.6,21.95,20.5,21.5,14640
2006-03-29,20.5,20.9,20.25,20.25,4429
2006-03-30,20.4,21,20,20.5,15134
2006-03-31,21.45,21.45,20.25,20.25,13691
2006-04-03,22.55,22.55,20.5,20.5,4655
2006-04-04,22.85,23.2,22.35,23.2,12921
2006-04-05,22.7,23.7,22.5,22.8,4961
2006-04-07,22.5,23.2,22.25,22.75,5181
2006-04-10,22.85,23,22.1,22.5,5375
2006-04-12,21.85,22.8,21,21,10040
2006-04-13,21.05,22.65,20.9,22,7920
2006-04-17,20.4,23.1,20.3,21,8141
2006-04-18,21,21.4,20,20,5300
2006-04-19,20.05,21.5,19.9,20.7,8063
2006-04-20,20.15,20.4,18.65,19.6,10731
2006-04-21,19.45,19.6,19,19.35,15139
2006-04-24,19.65,19.8,19.1,19.3,8526
2006-04-25,19.65,20.4,19.4,19.7,4294
2006-04-26,19,20.4,18.85,19.35,14610
2006-04-27,20.9,20.9,19.05,19.05,11657
2006-04-28,20.3,21.1,19.15,21,20917
2006-05-02,21,22,20.5,20.5,18156
2006-05-03,23.1,23.1,21.15,21.85,43015
2006-05-04,24.3,24.3,23.6,23.6,17426
2006-05-05,25.55,25.55,24.3,25.1,31425
2006-05-08,26.85,26.85,25.5,25.5,14964
2006-05-09,27.55,28.2,26.75,28.2,44478
2006-05-10,28.4,28.95,26.5,26.5,63004
2006-05-11,27.6,29.2,27.05,28.5,36386
2006-05-12,26.5,27.6,26.4,26.5,14007
2006-05-15,25.95,26.75,25.5,26.6,16771
2006-05-16,26,26.5,24.95,26,15199
2006-05-17,27.25,27.3,25,25.05,7839
2006-05-18,26.45,27,25.9,25.9,22067
2006-05-19,25.2,25.85,25.2,25.3,3660
2006-05-22,23.95,25.2,23.95,25.2,1600
2006-05-23,22.8,23,22.75,22.75,4132
2006-05-24,22.05,23.75,22,22.8,6349
2006-05-25,21.2,21.6,20.95,21.15,2190
2006-05-26,21.5,22.25,20.6,21.4,10793
2006-05-29,21.45,22.25,21.35,22.25,6520
2006-05-30,22,22.5,21.5,22.2,8543
2006-05-31,20.9,21.7,20.9,21.25,7870
2006-06-01,20.1,21.65,19.85,20.05,7062
2006-06-02,19.45,20.1,19.1,20.1,5385
2006-06-05,18.5,20,18.5,20,4045
2006-06-06,17.6,19.2,17.6,17.9,13820
2006-06-07,16.75,17.5,16.75,17.5,16230
2006-06-08,15.95,15.95,15.95,15.95,2750
2006-06-09,15.5,16.1,15.15,15.15,13298
2006-06-12,15.95,16.95,14.75,16,13170
2006-06-13,14.6,17.4,14.4,15.5,7289
2006-06-14,13.3,14.1,13.3,14,1866
2006-06-15,13.5,13.95,13,13.5,5598
2006-06-16,14.1,14.15,13.65,13.7,15065
2006-06-19,14.85,14.85,14.6,14.6,10706
2006-06-20,15.6,15.6,15.5,15.6,4145
2006-06-21,16.4,16.4,16.4,16.4,3510
2006-06-22,17.25,17.25,17.05,17.05,7970
2006-06-23,18.15,18.15,18.15,18.15,7802
2006-06-26,19.65,19.95,19.15,19.95,13681
2006-06-27,19.15,20.65,19,20.1,10948
2006-06-28,19,19.5,18.6,19.2,3498
2006-06-29,18.7,19.2,18.2,19.2,2800
2006-06-30,18.4,18.9,17.8,18.5,2152
2006-07-03,18.5,18.7,18.5,18.7,200
2006-07-04,19.1,19.45,18.7,19,5216
2006-07-05,20.1,20.1,20.1,20.1,4603
2006-07-06,21.15,21.15,21.15,21.15,3689
2006-07-07,21.2,22.25,20.5,22.25,10281
2006-07-10,21.2,21.9,20.95,21,5825
2006-07-11,22.05,22.3,21,21.65,6697
2006-07-12,23.1,23.15,21.6,21.8,16900
2006-07-13,24,24.3,23.15,24.3,17285
2006-07-14,23.3,25,23,25,14793
2006-07-17,22.2,23.7,22.15,22.5,5265
2006-07-18,21.3,22.95,21.1,22.95,3129
2006-07-19,20.25,21.2,20.25,21.2,2402
2006-07-20,19.95,20.9,19.8,20.3,6645
2006-07-21,19.75,19.9,19.3,19.5,2659
2006-07-24,19.3,19.75,18.8,18.8,1332
2006-07-25,18.8,19.1,18.45,18.6,2971
2006-07-26,19,19.1,18.65,18.65,3144
2006-07-27,19.7,19.75,19.2,19.2,319
2006-07-28,19,19.6,19,19.6,1945
2006-07-31,19,19.9,19,19.6,3161
2006-08-01,19.8,19.8,19.8,19.8,252
2006-08-02,19.65,20.7,18.85,20.7,11000
2006-08-03,19,20,18.75,20,3425
2006-08-04,19.95,19.95,18.55,18.55,7000
2006-08-07,20.2,20.3,20,20,1250
2006-08-08,21.1,21.25,19.4,21.2,10899
2006-08-09,22.15,22.15,21,21.5,3125
2006-08-10,23.45,24.4,22.15,22.15,47741
2006-08-11,22.8,24.15,22.5,23.5,9405
2006-08-14,22.95,23.7,22.5,22.9,8221
2006-08-16,22.2,23.35,22,22.9,11699
2006-08-17,21.15,22.05,21.15,22.05,8783
2006-08-18,20.85,21.95,20.85,21.05,6481
2006-08-21,20.35,21,20,20,8040
2006-08-22,20.35,21,19.6,21,5819
2006-08-23,20,20.3,19.55,20,3863
2006-08-24,19.6,20.45,19.4,20.45,3829
2006-08-25,20.1,20.45,19.6,19.6,2704
2006-08-28,19.75,20.75,19.4,20.5,6469
2006-08-29,20.2,20.75,20.05,20.1,11723
2006-08-30,19.95,20.75,19.9,20.2,3705
2006-08-31,20,20.7,19.8,20.2,7504
2006-09-01,20.5,20.9,19.85,19.85,2900
2006-09-04,21.45,21.5,20.8,21,16022
2006-09-05,21.4,22.5,21.4,22,12698
2006-09-06,20.8,21.95,20.4,21.1,9153
2006-09-07,20.3,21.4,20.15,21.4,5356
2006-09-08,20.25,20.85,20,20.5,6652
2006-09-11,19.35,20.05,19.25,20.05,4596
2006-09-12,19,19.3,18.4,19.3,13589
2006-09-13,19.4,19.6,18.75,18.75,5265
2006-09-14,18.8,19.5,18.6,19.2,7525
2006-09-15,18.65,19.6,18.5,19.6,13428
2006-09-18,19.6,19.6,18.6,18.75,9394
2006-09-19,20.55,20.6,20,20,17663
2006-09-20,20,20.2,19.55,20,4484
2006-09-21,19.1,19.65,19.1,19.65,10883
2006-09-22,18.85,19.45,18.6,19.1,9993
2006-09-25,19.8,19.8,18.75,18.75,24523
2006-09-26,20.8,20.8,20,20.6,18588
2006-09-27,20.95,21.7,20,20.8,21629
2006-09-28,22,22,21,21,28332
2006-09-29,22.6,23.1,22.05,22.6,17832
2006-10-03,22.75,23.75,21.6,21.6,20641
2006-10-04,22.65,23.7,22.6,22.65,6069
2006-10-05,22.7,23.8,22,23.1,36195
2006-10-06,23.1,23.8,22,22,12402
2006-10-09,23.3,24.2,22.35,22.6,29888
2006-10-10,23.65,24.2,22.55,23.05,14590
2006-10-11,23.75,24.45,22.85,23.05,12724
2006-10-12,23.05,23.75,22.35,23.75,7057
2006-10-13,24.7,25.3,22.1,22.1,14228
2006-10-16,22.95,24.2,22.95,23.3,7316
2006-10-17,22.25,23.25,22,22.05,6446
2006-10-18,22.4,23,22,23,4031
2006-10-19,22.25,22.55,21.1,21.1,2254
2006-10-20,22,22.9,21.55,21.55,1804
2006-10-23,23.1,23.65,21.7,22.7,8250
2006-10-26,22.1,22.85,22,22.2,1912
2006-10-27,22,22.45,22,22.15,3666
2006-10-30,23.8,24.05,22.5,22.9,24582
2006-10-31,23.25,24,23,23,20938
2006-11-01,25.6,25.6,22.75,24.45,33977
2006-11-02,28.2,28.2,26.9,26.9,65859
2006-11-03,27.2,29.4,26.8,29.4,40634
2006-11-06,26.65,28.45,26.15,28.45,37486
2006-11-07,25.6,27.9,25.35,27.15,17374
2006-11-08,24.5,25.4,24.4,24.75,38744
2006-11-09,23.9,25,23.3,24.5,8687
2006-11-10,24.25,25.1,23.75,23.75,9012
2006-11-13,23.85,24.85,23.75,23.8,8215
2006-11-14,22.85,24.2,22.7,23.9,9118
2006-11-15,22.6,23,22.1,23,21914
2006-11-16,23.05,23.5,21.8,22.1,15226
2006-11-17,21.95,23.4,21.9,22.55,8088
2006-11-20,21.7,22.5,21.55,21.95,3950
2006-11-21,22.4,22.7,21.5,22.7,2980
2006-11-22,22.5,23.35,22,23.35,3859
2006-11-23,21.65,22.5,21.5,22.2,6062
2006-11-24,22,22.6,21.8,21.8,2968
2006-11-27,22,22.5,21.15,22.5,13078
2006-11-28,22,22.5,21.75,22.5,5068
2006-11-29,21.8,22,21.6,21.65,1127
2006-11-30,22.05,22.9,21.6,21.6,34489
2006-12-01,22.7,22.85,22.05,22.8,1390
2006-12-04,22.6,23.5,22.4,23.5,1968
2006-12-05,22,22.25,22,22.1,2959
2006-12-06,21.95,21.95,21.7,21.7,948
2006-12-07,21.4,21.85,21.1,21.5,3595
2006-12-08,21.55,21.55,21,21.5,4713
2006-12-11,20.75,21.55,20.5,21.55,2185
2006-12-12,19.95,21.45,19.5,20.7,8496
2006-12-13,20.75,21.4,20,20.45,2255
2006-12-14,20.9,20.95,20.2,20.7,2140
2006-12-15,21,21,20.15,20.15,7999
2006-12-18,20.2,20.8,20.1,20.8,1000
2006-12-19,19.8,21.1,19.3,21.1,4475
2006-12-20,19.7,20.3,19.6,20.05,3575
2006-12-21,19.95,20.6,19.8,19.95,10503
2006-12-22,20.05,20.4,19.45,19.5,5942
2006-12-26,21.2,21.5,20,20,3236
2006-12-27,21.4,23,20.75,20.75,5137
2006-12-28,22.3,22.4,21.1,21.5,4001
2006-12-29,21.9,22.4,20.15,22.4,11120
2007-01-02,20.9,21.95,20.55,21.15,24839
2007-01-03,21.2,21.5,20.55,21,2426
2007-01-04,20.4,21.5,19.6,21.5,13300
2007-01-05,20.5,20.85,20.05,20.5,2750
2007-01-08,21.05,21.05,20.5,20.6,12501
2007-01-09,20.6,21.5,20.5,21.05,7502
2007-01-10,20.4,20.95,20.25,20.95,3002
2007-01-11,20.8,21.3,20,20.15,19181
2007-01-12,20.85,21.9,20.55,21.9,19424
2007-01-15,22.95,22.95,21,21,65378
2007-01-16,23.65,25.25,23,23,38862
2007-01-17,23.4,24.5,23.4,23.8,16971
2007-01-18,23.75,25.35,23.05,24.3,29773
2007-01-19,22.5,24.4,22.25,23.8,8125
2007-01-22,24.75,24.75,23,23,36164
2007-01-23,24.6,26.45,24,26,21664
2007-01-24,24.05,24.4,22.5,23.1,8016
2007-01-25,23.4,24,23,23,8529
2007-01-29,23.2,24,23.15,23.15,9209
2007-01-31,23.9,24.8,23.15,23.15,10076
2007-02-01,23.8,23.85,23.6,23.7,2650
2007-02-02,23.5,24.2,22.65,24.2,10663
2007-02-05,23.05,23.45,22.85,22.85,6540
2007-02-06,23.65,24,22.8,23.75,8324
2007-02-07,23.5,24,22.85,23.1,10272
2007-02-08,22.2,23,21.7,22.7,11993
2007-02-09,23.6,24,22.2,22.2,19620
2007-02-12,21.15,23,20.55,22.9,6630
2007-02-13,22.05,22.9,21,22.85,12033
2007-02-14,23.1,26,21.5,22,27164
2007-02-15,23.5,25,23,25,6947
2007-02-19,23.55,24.5,23.5,24.5,8096
2007-02-20,22.8,23.1,22.1,22.55,15548
2007-02-21,21.45,23.2,21,22.1,9733
2007-02-22,21.7,22.15,21.55,22.1,2191
2007-02-23,21.25,22,20.25,22,7480
2007-02-26,21,23,21,23,9293
2007-02-27,20.5,22.4,20,21.5,26533
2007-02-28,19.8,20.05,18,20,20586
2007-03-01,18.75,20.95,17.45,20.1,23924
2007-03-02,17.4,19.1,17.15,18.75,28188
2007-03-05,17.2,17.9,17.05,17.05,10555
2007-03-06,18.25,18.75,17.2,18.75,7776
2007-03-07,16.4,17.75,15,17.6,21578
2007-03-08,17.05,18,15.55,16.1,29329
2007-03-09,17.05,18,16.5,17.2,13868
2007-03-12,16.2,18.55,15.5,18.55,26309
2007-03-13,16.05,17,15.7,17,7516
2007-03-14,16.4,16.6,16.05,16.1,9172
2007-03-15,16,16.6,16,16.3,18237
2007-03-16,15.65,16.75,15.65,16.75,5881
2007-03-19,16.65,17.4,15.45,17.4,3816
2007-03-20,16.8,17,16.7,16.95,1435
2007-03-21,16.5,17.4,16.5,17.4,4138
2007-03-22,16.5,17.4,15.5,17.4,32111
2007-03-23,16.55,18.25,16.4,16.7,52777
2007-03-26,16.65,17.65,16.3,16.3,2368
2007-03-28,16.15,16.95,16.1,16.95,2324
2007-03-29,16.5,16.5,16,16.3,2100
2007-03-30,16.6,16.75,15.8,16.55,4392
2007-04-02,16.6,17.2,16,16.6,1684
2007-04-03,17,17,16.3,17,2332
2007-04-04,17.45,19,17,19,4654
2007-04-05,17.85,18,16.95,16.95,3600
2007-04-09,18.25,18.5,17.5,17.5,5438
2007-04-10,18.45,18.7,17.65,18.3,11041
2007-04-11,18.35,19.8,15.05,16.15,15904
2007-04-12,18.35,18.95,17.75,18.95,3490
2007-04-13,18,18.85,16.5,17.45,5141
2007-04-16,17.85,18.45,15.4,15.4,3811
2007-04-17,17.05,17.75,16.75,17.75,5333
2007-04-18,17.25,17.5,16.8,17.25,5413
2007-04-19,17.2,17.2,17.2,17.2,100
2007-04-20,17.55,17.8,17,17.3,5860
2007-04-23,17.05,18.45,16.85,18.45,2700
2007-04-24,17.05,17.65,17.05,17.65,1800
2007-04-25,17,17.1,16.25,17.1,3947
2007-04-26,16.95,18.1,16.75,18.1,6734
2007-04-27,16.85,17.1,16.8,17,5795
2007-04-30,16.7,17.25,16.7,16.9,1396
2007-05-03,16.95,17.5,16.35,17.45,2614
2007-05-04,16.9,17.2,16.5,17,8360
2007-05-07,17.35,18,16.75,18,3224
2007-05-08,16.65,17.15,16.65,17.15,8243
2007-05-09,16.85,17.2,16.1,16.5,1210
2007-05-10,17.35,18.95,16.85,17.15,16123
2007-05-11,17.8,18.8,17.3,18.4,7925
2007-05-14,17.2,19.6,17,19.45,7225
2007-05-15,16.9,18.1,16.85,18.1,5377
2007-05-16,17.25,17.75,16.75,16.8,3502
2007-05-17,18.05,18.9,16.7,17.6,25476
2007-05-18,17.55,18.4,17.2,18.4,3776
2007-05-21,17.35,18,17,18,2983
2007-05-22,17.7,18.5,17.4,17.4,23344
2007-05-23,17.35,17.9,17.25,17.25,881
2007-05-24,17.05,17.2,17,17.2,2576
2007-05-25,16.85,17.2,16.6,17.2,7611
2007-05-28,16.85,17.25,16.5,17.25,3801
2007-05-29,16.85,17,16.3,16.6,3195
2007-05-30,16.55,17.2,16.5,17,7092
2007-05-31,17,17.25,16.5,16.75,23835
2007-06-01,17.15,17.75,16.6,16.6,10515
2007-06-04,17,17.7,16.95,17.65,6535
2007-06-05,17.5,17.55,16.75,16.8,11205
2007-06-06,17.7,18,17.25,18,33518
2007-06-07,17.3,17.85,17.15,17.5,5481
2007-06-08,17.15,17.7,16.6,17,6945
2007-06-11,17.4,17.6,16.25,16.25,5389
2007-06-12,17.2,17.7,16.55,16.55,5219
2007-06-13,17.3,17.8,17.2,17.75,5893
2007-06-14,17.45,17.75,15.65,15.65,6587
2007-06-15,17.1,18.4,17,18.4,4553
2007-06-18,16.9,17.1,16.8,17.1,3535
2007-06-19,17.45,17.45,16.75,16.9,5887
2007-06-20,17.7,18.1,17.7,17.7,8826
2007-06-21,17.2,18.2,16.85,18.2,3498
2007-06-22,17.65,17.75,17.1,17.5,9366
2007-06-25,17.4,17.6,17.25,17.6,4009
2007-06-26,17.1,17.85,17.05,17.05,10952
2007-06-27,17.05,17.4,16.5,16.5,3540
2007-06-28,20.5,20.5,17.5,17.7,68781
2007-06-29,22.65,24.6,21.1,24.6,239596
2007-07-02,27.2,27.2,24.2,27.2,107576
2007-07-03,29.6,29.95,29,29.9,464865
2007-07-04,27.4,31.75,26.65,31.75,164406
2007-07-05,26.1,27.6,25.1,27.25,99085
2007-07-06,25.15,26.4,25.15,26,28865
2007-07-09,26.4,27.6,24.3,25.2,74906
2007-07-10,29.05,29.05,27.45,27.5,73772
2007-07-11,32,32,31,31,89580
2007-07-12,35.2,35.2,30.6,34.4,248977
2007-07-13,33.7,37,33.5,37,251130
2007-07-16,32.85,34.4,32.1,32.1,54647
2007-07-17,32.6,33.25,32.15,33,80810
2007-07-18,32.15,32.6,31.8,32.1,49832
2007-07-19,32.15,32.5,31.75,32,32398
2007-07-20,30.55,33.4,30.55,31.1,50683
2007-07-23,30.15,31.6,30,30,40077
2007-07-24,29.8,31,29.55,31,105242
2007-07-25,29.8,30.8,29.1,29.15,89168
2007-07-26,31.3,31.3,30.45,30.8,36494
2007-07-27,31.3,32.9,30,30.65,26873
2007-07-30,32.85,32.9,31.1,32,66797
2007-07-31,34.45,34.5,33.35,34,47398
2007-08-01,36.15,36.2,35.2,35.65,105598
2007-08-02,38,38,36.1,36.15,97515
2007-08-03,36.1,38.9,36.1,38.9,50014
2007-08-06,34.3,35,34.3,34.9,17670
2007-08-07,36.05,36.05,34.2,34.2,36416
2007-08-08,37.85,37.85,37.85,37.85,33016
2007-08-09,39.65,39.75,39.1,39.75,166786
2007-08-10,41.65,41.65,37.7,40.45,82381
2007-08-13,43.75,43.75,41.65,41.65,43895
2007-08-14,45.95,45.95,44,45.95,38665
2007-08-16,47.9,48.25,43.65,45,125882
2007-08-17,48.1,50.3,45.5,50,151549
2007-08-20,46.7,50.3,45.7,50.3,70049
2007-08-21,44.45,47.8,44.4,47.1,50761
2007-08-22,42.45,43.85,42.25,42.3,63489
2007-08-23,40.35,44.6,40.35,42.6,46232
2007-08-24,41.7,41.95,38.35,40.35,50354
2007-08-27,43.8,43.8,43.8,43.8,8603
2007-08-28,42.3,45.9,41.85,45.9,41277
2007-08-29,42.9,44.25,40.5,44.25,20105
2007-08-30,40.75,43.15,40.75,41,44820
2007-08-31,38.95,42.6,38.75,42.6,23054
2007-09-03,39.1,40,38.25,38.25,40393
2007-09-04,39.6,40,38.35,39.9,26164
2007-09-05,39.75,41,39.1,40.4,19843
2007-09-06,39.5,40.5,38.45,40,22505
2007-09-07,39.4,41,39.05,40.9,15825
2007-09-10,38.75,40,38.6,40,8159
2007-09-11,38.6,40.4,38.4,40.4,14049
2007-09-12,39.35,40,38.5,38.5,9340
2007-09-13,40.35,40.5,39,39,9959
2007-09-14,39.25,40.6,39.05,39.5,8825
2007-09-17,39.05,39.05,38.6,39.05,2287
2007-09-18,37.9,39.05,37.15,39,40629
2007-09-19,37.25,39,36.1,38.05,15725
2007-09-20,36.35,38,36,36.15,35755
2007-09-21,38.2,38.2,36.1,36.1,9247
2007-09-24,36.95,40,36.8,40,13523
2007-09-25,35.9,37.9,35.7,37.25,9744
2007-09-26,35.1,36.5,35,36,13125
2007-09-27,34.9,36.5,34,36,9836
2007-09-28,36.25,36.55,35.1,36.55,6409
2007-10-01,36.4,38.1,36,37.5,16879
2007-10-03,35.05,37,34.9,36.5,18489
2007-10-04,36.6,36.8,35.5,35.5,11352
2007-10-05,37.75,38.45,36.5,36.5,13572
2007-10-08,37.45,39.6,37,38.9,18252
2007-10-09,36.1,37.55,35.65,37.55,6834
2007-10-10,35.1,37.25,34.35,36,8984
2007-10-11,35.25,36.2,35,35,11735
2007-10-12,36.05,36.5,35,36.45,16500
2007-10-15,37.15,37.85,35.5,36,22868
2007-10-16,37.15,38,35.5,37.85,16012
2007-10-17,36.8,36.9,35.3,36.9,53701
2007-10-18,36.1,37.9,35.5,37.9,32661
2007-10-19,34.45,36,34.3,34.6,8595
2007-10-22,34,35.95,33.5,33.5,7506
2007-10-23,35.4,35.5,34,34.75,7037
2007-10-24,35.3,36.65,34.75,35,38909
2007-10-25,35.8,37.1,34.25,34.25,9197
2007-10-26,37.55,37.6,35.5,36,12249
2007-10-29,39.25,39.45,39.1,39.45,12383
2007-10-30,37.65,41,37.5,40.4,18670
2007-10-31,39.55,39.55,38.05,38.4,6685
2007-11-01,41.55,41.55,41,41,26649
2007-11-02,40.7,43.4,39.95,41,17007
2007-11-05,38.95,41.25,38.7,40.8,21803
2007-11-06,37.9,39.5,37.6,39.5,9454
2007-11-07,36.7,38.75,36.05,36.05,3661
2007-11-08,37,37,36.75,36.75,505
2007-11-09,37.85,38,36,37.5,5185
2007-11-12,38,39,36.55,38,1201
2007-11-13,38.4,39.15,37.3,39.15,2561
2007-11-14,39.25,40.35,37.6,37.65,31940
2007-11-15,40.45,41,38.1,38.25,24066
2007-11-16,42.35,42.5,40,40,44467
2007-11-19,44.35,44.5,43.15,44.4,31010
2007-11-20,45,45.95,43.05,44,21622
2007-11-21,44.2,46.5,43.2,43.2,23232
2007-11-22,42,44.9,42,43.5,10512
2007-11-23,39.95,42,39.9,42,6668
2007-11-26,38.65,41.95,38.25,41.9,32943
2007-11-27,40.05,40.6,39.5,40.5,2254
2007-11-28,42.05,42.05,40.55,41,10923
2007-11-29,44.15,44.15,43.5,44,16823
2007-11-30,46.4,46.4,46.4,46.4,16717
2007-12-03,48.75,48.75,46.75,46.75,29477
2007-12-04,51.2,51.2,47,51,19279
2007-12-05,53.8,53.8,53.75,53.75,15754
2007-12-06,52.2,56.5,51.6,56.5,75274
2007-12-07,49.8,52.25,49.6,52.2,29613
2007-12-10,52.05,52.3,50.5,50.5,31090
2007-12-11,54.65,54.65,52.25,52.25,24266
2007-12-12,57.4,57.4,55.6,57.4,45476
2007-12-13,60.3,60.3,57.55,60.3,78648
2007-12-14,58.8,63.35,57.8,63,131761
2007-12-17,59.9,61.75,58,61,62782
2007-12-18,62.9,62.9,57,61.95,57420
2007-12-19,66.05,66.05,65,66.05,36324
2007-12-20,66.1,69.35,64,69.35,87354
2007-12-24,68.8,69.45,66.5,66.5,30263
2007-12-26,72.25,72.25,69.95,70.5,23170
2007-12-27,75.9,75.9,75.9,75.9,7018
2007-12-28,79.7,79.7,79.7,79.7,4005
2007-12-31,83.7,83.7,83.7,83.7,7360
2008-01-01,87.9,87.9,85.1,87.9,46219
2008-01-02,92.3,92.3,83.65,92.3,157239
2008-01-03,96.95,96.95,91.05,96.6,45485
2008-01-04,93.5,101.8,92.1,101,138553
2008-01-07,88.9,94,88.85,90,62751
2008-01-08,84.45,92,84.45,91,22885
2008-01-09,80.25,81,80.25,81,5360
2008-01-10,76.25,83,76.25,76.25,25975
2008-01-11,72.45,72.65,72.45,72.65,4154
2008-01-14,70.05,75.65,68.85,68.85,47945
2008-01-15,69.25,73,67.05,68.7,24819
2008-01-16,68.55,71.9,65.85,69.25,16090
2008-01-17,72,72,68.6,68.6,15168
2008-01-18,69.25,75.6,68.5,73,37515
2008-01-21,65.8,71,65.8,71,7025
2008-01-22,62.55,62.8,62.55,62.8,1345
2008-01-23,59.45,61,59.45,60.95,12279
2008-01-24,56.5,62,56.5,56.5,3825
2008-01-25,54.75,57.8,53.7,57.8,7592
2008-01-28,52.5,56.7,52.05,55.4,5173
2008-01-29,54.8,55.15,51.5,51.5,17504
2008-01-30,55.9,56.9,53.05,53.05,61071
2008-01-31,53.45,58.5,53.15,58.5,11526
2008-02-01,56.15,56.15,50.9,53,8473
2008-02-04,59,59,57.5,59,15695
2008-02-05,61.95,61.95,59.5,59.5,16658
2008-02-06,65.05,65.05,59,63,18386
2008-02-07,63.85,68.3,63,67,19657
2008-02-08,60.8,65.95,60.7,65,13853
2008-02-11,57.8,62,57.8,61.9,6320
2008-02-12,54.95,56,54.95,56,521
2008-02-13,52.2,56.95,52.2,52.2,14283
2008-02-14,52.35,53.85,49.6,53.85,8078
2008-02-15,54.5,55,50,50,3800
2008-02-18,57.25,57.25,54,56,10107
2008-02-19,59.5,60.15,58.55,60.15,15733
2008-02-20,57.25,58,56.55,57.5,4872
2008-02-21,55.6,59.75,54.5,59.75,1280
2008-02-22,55.35,57.85,53.05,53.05,4927
2008-02-25,52.9,58.15,52.65,58.15,984
2008-02-26,52,55.55,51.55,53,5226
2008-02-27,51.6,54.5,51,54.5,7005
2008-02-28,54.2,54.2,50,50,4433
2008-02-29,51.6,56.5,51.5,54,13544
2008-03-03,50,54.2,49.05,54.2,6639
2008-03-04,47.5,49.45,47.5,47.6,2450
2008-03-05,45.15,45.15,45.15,45.15,2875
2008-03-07,42.9,42.9,42.9,42.9,762
2008-03-10,39.95,40.45,38.65,39.5,2056
2008-03-11,42.65,42.8,40,40,4100
2008-03-12,41.65,45,40.05,45,2787
2008-03-13,40.3,43,37.5,41.65,8635
2008-03-14,39,40.95,38,38.05,5273
2008-03-17,38.55,39.55,35.45,38.8,4384
2008-03-18,35.25,36.25,35,36.25,8075
2008-03-19,33.3,38.8,33,38.8,5403
2008-03-24,30.75,34,30,33,14217
2008-03-25,32.25,32.3,31,31,1467
2008-03-26,31.7,33.75,30.75,33.75,6715
2008-03-27,33.3,33.3,32,33.05,5480
2008-03-28,35,35,34,35,2890
2008-03-31,36.1,36.1,36,36,770
2008-04-01,37.95,37.95,37.95,37.95,1171
2008-04-02,39.2,39.85,36.25,39.05,5668
2008-04-03,40.75,41,37.65,37.65,3814
2008-04-04,38.75,39,38.75,39,2821
2008-04-07,37.15,39,37,39,475
2008-04-08,37.15,37.5,36.15,37,2660
2008-04-09,38.5,38.5,37.4,38.25,2119
2008-04-10,38.6,39.9,38.45,38.8,1792
2008-04-11,40,40.3,37.3,37.3,6039
2008-04-15,39.75,40,38.3,39.9,3249
2008-04-16,40.15,40.85,38,38,3916
2008-04-17,42.2,42.2,42.2,42.2,910
2008-04-21,44.35,44.35,43.25,43.3,2340
2008-04-22,46.6,46.6,44.35,44.35,5431
2008-04-23,48.95,48.95,48.9,48.9,3796
2008-04-24,51.1,51.4,49.25,50.9,7216
2008-04-25,48.95,53.6,48.55,52,6634
2008-04-28,47.5,50.8,46.5,50.8,3216
2008-04-29,45.15,49.4,45.15,49.35,5016
2008-04-30,43.05,47,42.9,45.5,4218
2008-05-02,42.55,44.95,41.1,44,11826
2008-05-05,42.15,44.5,41.6,44.5,10295
2008-05-06,41.4,43.95,41.1,43.1,13894
2008-05-07,41.5,42.95,41,42.95,1651
2008-05-08,41.9,42.85,41.25,42.85,560
2008-05-09,41.45,42,41,41.5,2847
2008-05-12,39.7,41.5,38.2,38.2,1227
2008-05-13,41.35,43.5,40,40.1,1977
2008-05-14,39.8,42.95,37.5,37.5,1193
2008-05-15,41.05,42.25,40.5,41,1510
2008-05-16,40.95,42.65,40.5,41,3039
2008-05-20,41.05,43.4,41,41,1422
2008-05-21,42.15,43,41.05,41.05,3824
2008-05-22,43.05,44.9,42.05,44.9,10210
2008-05-23,42.45,44.65,42,43.5,1896
2008-05-26,41.85,43.15,40,43.15,1745
2008-05-27,39.15,41.8,39,40.5,3735
2008-05-28,40.6,41.25,39,41,3451
2008-05-29,39.45,42,39,42,809
2008-05-30,40.5,42,40.05,40.05,2981
2008-06-02,40.65,42,40.5,40.5,3772
2008-06-03,39.7,40.8,38.05,40.8,3835
2008-06-04,38.1,41,38,41,654
2008-06-05,39.3,41.95,37,41.95,3404
2008-06-06,39.45,40.8,38.5,38.6,2898
2008-06-09,38.4,42.6,36.1,36.1,7033
2008-06-10,37.85,40,37.6,40,2806
2008-06-11,38.4,39,37.55,39,1650
2008-06-12,38.5,39.5,37.5,39.5,7924
2008-06-13,40,40,39.05,39.05,1898
2008-06-16,40.2,40.9,39,39.1,6775
2008-06-17,39.35,39.95,38.25,39.8,2310
2008-06-18,40,40.7,39.1,39.35,1650
2008-06-19,39.65,40.4,38.6,38.65,3976
2008-06-20,38.3,40.45,38.1,39,2260
2008-06-23,34.75,37,34.5,34.5,7880
2008-06-24,33.1,35.7,32.1,34,2905
2008-06-25,32.6,34,32.3,32.3,1584
2008-06-26,33.5,34,32.5,33.2,2923
2008-06-27,30.5,33.5,30.15,33,8185
2008-06-30,29.95,31.85,27.65,27.65,12919
2008-07-01,28.1,31,28,28.1,3652
2008-07-02,29.9,30,25.3,27.5,5755
2008-07-03,27.2,30.45,27.2,30,6713
2008-07-04,27.55,28.25,26.2,27,2458
2008-07-07,30,30.3,27,27,3444
2008-07-08,30.3,31,30,30.1,1400
2008-07-09,32.85,33,30.5,30.9,5100
2008-07-10,31.9,33.2,31,33,1952
2008-07-11,31.4,33.95,30,30,2242
2008-07-14,31.8,33.9,31.5,33.9,627
2008-07-15,33,33,31.5,32.5,4243
2008-07-16,30,30.2,30,30.2,753
2008-07-17,28.8,31,28.65,31,332
2008-07-18,29.5,29.5,28.5,28.5,210
2008-07-21,27.1,30.45,26.75,28.5,3537
2008-07-22,28.45,29.8,27.1,28,4775
2008-07-23,31.3,31.3,30.05,30.95,6873
2008-07-24,33.7,34.45,32,34.2,14411
2008-07-25,34.45,35,32.15,33,2221
2008-07-28,37.9,37.9,34.5,34.5,6730
2008-07-29,36.85,39.75,36,38,10097
2008-07-30,38.45,38.7,36.1,38,10188
2008-07-31,38.05,39.85,38,39.5,5382
2008-08-01,39.95,39.95,39.95,39.95,4909
2008-08-04,41.95,41.95,40,41.95,169893
2008-08-05,42.25,43.75,40.55,41.4,51510
2008-08-06,40.55,43.75,40.5,43.75,20577
2008-08-07,39.3,41.15,38.55,41,6247
2008-08-08,38.9,39.3,37.45,38.55,6743
2008-08-11,38.2,39,37.55,37.55,1309
2008-08-12,39.05,39.85,38.25,38.9,3441
2008-08-13,37.5,39,37.1,37.1,2390
2008-08-14,37.4,38.2,35.65,37.25,3925
2008-08-18,37.6,38.4,37.4,37.4,3130
2008-08-19,36.95,38.35,35.8,38.35,864
2008-08-20,35.7,36.95,35.25,36.95,7550
2008-08-21,34.9,36.4,34.1,34.8,3357
2008-08-22,35.05,36,33.4,33.4,2916
2008-08-25,35.35,36.6,34.5,36.25,3149
2008-08-26,35.8,36.25,34.05,34.05,2759
2008-08-27,35.05,37.15,35,37.15,900
2008-08-28,35.1,35.75,34.8,35,1773
2008-08-29,35.25,35.5,34.4,35,1126
2008-09-01,35.25,36,34.45,35.5,1353
2008-09-02,35.95,35.95,35.1,35.45,1155
2008-09-04,37.5,37.75,35.2,36.95,19688
2008-09-05,37.9,38.2,35.75,38.2,116701
2008-09-08,37.15,39.5,36.4,38.9,5433
2008-09-09,36.8,40.9,36.2,40.9,3455
2008-09-10,36.35,39.9,34.05,39.8,6173
2008-09-11,36.45,38.2,35.15,38.2,1107
2008-09-12,35.05,39.55,34.9,39.55,19997
2008-09-15,32.35,35,31.55,35,9674
2008-09-16,30.65,32.25,29.8,31,29010
2008-09-17,30.2,32,29.75,30.35,10322
2008-09-18,30.45,30.9,29.5,30,28358
2008-09-19,33.5,33.5,32,32,10043
2008-09-22,35.4,36.85,34.15,36.85,11132
2008-09-23,34.7,36,33.05,33.05,2866
2008-09-24,35.95,36.5,34.75,34.75,2041
2008-09-25,34.2,35.3,33.55,33.55,12045
2008-09-26,32.3,37.4,32.25,37.4,5071
2008-09-29,30.8,33,30.55,32.95,7747
2008-09-30,31.55,31.6,29,29.5,2518
2008-10-03,30.1,33.75,30,33.7,6092
2008-10-06,29.55,30.5,29,30,5651
2008-10-07,29.2,31,28.7,31,5015
2008-10-08,27.35,29,26.3,29,10616
2008-10-10,25.15,26,24.7,24.75,1935
2008-10-13,26.75,27.45,24,24,2775
2008-10-14,28.1,29,27.1,29,2550
2008-10-15,27.65,29.75,26,28,5025
2008-10-16,25.55,27.2,24.9,26.05,11750
2008-10-17,23.15,26.95,23,26.95,5081
2008-10-20,22.1,24,21.25,23,3261
2008-10-21,23.55,23.75,20,21,2366
2008-10-22,22.6,22.95,21.25,21.25,1445
2008-10-23,21.25,22.7,20.6,21,1331
2008-10-24,20.9,22.5,20.7,21.5,4612
2008-10-27,19.3,22.9,18.85,18.85,11354
2008-10-28,19.5,20,17.75,18,2701
2008-10-29,18,21.45,18,21,9780
2008-10-31,19.8,19.8,19,19,14026
2008-11-03,21.8,21.8,20,20.05,12136
2008-11-04,24,24,22.5,23.45,23834
2008-11-05,26.35,26.4,24.9,24.9,26270
2008-11-06,25.05,27.45,25.05,26,5194
2008-11-07,25.25,26.25,23.8,26.25,2038
2008-11-10,24.95,25.9,24.3,24.5,185
2008-11-11,24,25,24,24.55,2147
2008-11-12,23,23.15,22.8,22.8,303
2008-11-14,22,24,22,24,5934
2008-11-17,22.5,23.1,21.5,23,4192
2008-11-18,23.2,23.55,21.5,21.5,356
2008-11-19,22.2,23.45,22.05,22.5,18876
2008-11-20,22.05,23,21.15,21.15,5447
2008-11-21,22.5,22.5,22,22,1503
2008-11-24,21.65,22,21.55,22,727
2008-11-25,21.4,22.6,20.7,20.7,2229
2008-11-26,21.5,21.5,21,21,5218
2008-11-28,21.2,21.2,21,21,230
2008-12-01,21.6,21.6,20.25,20.25,502
2008-12-02,21.3,22.6,20.65,20.65,4728
2008-12-03,22.1,22.4,21.5,22.4,291
2008-12-04,21.4,21.55,21.05,21.5,28415
2008-12-05,20.7,20.7,20.7,20.7,100
2008-12-08,21.15,21.75,20.9,20.9,1025
2008-12-10,21.5,21.95,21.25,21.7,1651
2008-12-11,21.25,21.6,21,21,1031
2008-12-12,21.85,22.3,21.8,21.9,4716
2008-12-15,22.85,22.95,21.65,21.65,1894
2008-12-16,22.85,23.15,22.5,22.65,1253
2008-12-17,23.3,24,23.1,23.1,4343
2008-12-18,23.6,23.75,22.4,23,780
2008-12-19,22.45,23.6,22.45,23.6,1032
2008-12-22,22,23.6,21.5,22.85,2562
2008-12-23,21.4,22.9,20.95,22.55,8210
2008-12-24,21,21.15,20.4,20.55,1642
2008-12-26,21.15,22,21.15,22,433
2008-12-29,21.9,22,20.8,22,3402
2008-12-30,22.75,22.75,21,21,234
2008-12-31,22,22.85,21.95,22.1,1804
2009-01-01,22.5,23,22.3,22.95,1999
2009-01-02,23.6,23.6,22.6,23,1678
2009-01-05,23.55,24.8,23.5,24.8,6970
2009-01-06,23,23.95,22.4,22.45,18634
2009-01-07,21.75,23.1,21.5,22.25,7651
2009-01-09,20.55,20.95,20,20.05,2300
2009-01-12,21.6,22.45,20.5,21.85,1335
2009-01-13,21,21,21,21,124
2009-01-14,22.45,22.9,20,20,238
2009-01-15,21.1,23.4,21,21,384
2009-01-16,20.85,22.2,20.5,22,462
2009-01-19,20.55,21,20.05,20.5,2023
2009-01-20,21.2,21.95,20.15,21.95,328
2009-01-21,21,21.65,21,21.5,1001
2009-01-22,19.55,20,19.3,19.35,813
2009-01-23,20.4,20.4,19.5,19.5,669
2009-01-27,22.15,22.45,20.3,22.4,17722
2009-01-28,22.5,23,21.55,21.65,529
2009-01-29,22.4,23.55,20.5,22.5,2809
2009-01-30,20.85,22.15,20.5,22.15,715
2009-02-02,22.95,22.95,22.95,22.95,38015
2009-02-03,25.25,25.25,25.25,25.25,25650
2009-02-04,27.8,27.8,26.35,27.8,54571
2009-02-05,30.6,30.6,30.6,30.6,5529
2009-02-06,32.15,32.15,32.15,32.15,21224
2009-02-09,33.8,33.8,33.6,33.6,27315
2009-02-10,32.15,35.5,32.15,35.5,34461
2009-02-11,30.55,31.8,30.55,30.55,16894
2009-02-12,29.05,30,29.05,29.05,12664
2009-02-13,29,29.7,29,29,3460
2009-02-16,29.9,30,28.5,28.5,2646
2009-02-17,28.4,29.45,28.4,29.2,7986
2009-02-18,28,29.65,27.1,27.65,3761
2009-02-19,27.1,29,27.1,28,828
2009-02-20,26.65,27.65,26.25,27.65,1008
2009-02-24,26.3,26.55,26,26,753
2009-02-25,26.35,27.5,26.3,27,1087
2009-02-26,25.2,26,25.2,25.25,1758
2009-02-27,25.95,26.4,23.95,25,1727
2009-03-02,26.75,26.75,25.05,25.95,690
2009-03-04,25.45,25.45,25.45,25.45,3
2009-03-05,24.2,25.5,24.2,25.5,200
2009-03-09,24.5,24.5,24.5,24.5,10
2009-03-12,25.65,25.65,25.65,25.65,3
2009-03-17,24.4,24.4,24.4,24.4,23
2009-03-18,24.25,25.35,23.3,24.5,1629
2009-03-19,25.45,25.45,24.35,24.35,300
2009-03-20,24.2,26.35,24.2,26.35,126
2009-03-23,23.65,23.75,23.3,23.3,905
2009-03-24,22.8,24.8,22.65,24.8,120
2009-03-25,23.95,23.95,23.95,23.95,2025
2009-03-26,23.8,25,23,25,2925
2009-03-27,24.05,25,24,24,448
2009-03-30,23.6,25.25,23.6,24,5189
2009-03-31,24.8,24.8,24.8,24.8,548
2009-04-01,24.55,26.05,24.55,25.5,51
2009-04-02,25.8,25.8,24.2,24.2,77901
2009-04-06,27.1,27.1,26.15,27.1,3399
2009-04-08,27.65,28.5,27.1,27.1,668
2009-04-09,29.05,29.05,27.6,27.6,1037
2009-04-13,30.45,30.5,29.75,30.1,7925
2009-04-15,31.35,32,31,32,38823
2009-04-16,31.15,32.95,31.15,32.8,4844
2009-04-17,31.85,32.45,30.5,31.5,2459
2009-04-20,32.2,33.25,31.05,33.25,1452
2009-04-21,31.5,32.45,31.5,32.45,450
2009-04-22,31.25,31.85,30.55,31.05,2876
2009-04-23,31.8,32.3,31.25,31.25,550
2009-04-24,31,32.85,31,31.25,3580
2009-04-28,29.55,30.85,29.45,29.5,2345
2009-04-29,30.6,31,29.6,31,2746
2009-05-04,29.1,30.6,29.1,30.6,8263
2009-05-05,28.6,29.25,28.55,28.6,659
2009-05-06,29,29,29,29,532
2009-05-07,28.6,29.5,28.5,29,2417
2009-05-08,28.7,29,28.25,28.5,1195
2009-05-11,28.5,28.5,28.1,28.5,1151
2009-05-13,28.05,29.6,28.05,29.6,104
2009-05-14,29.45,29.45,28.8,29,1428
2009-05-15,30.35,30.9,28.7,28.7,2819
2009-05-19,31.9,31.9,29.6,31.9,7158
2009-05-20,33.5,33.5,32,32,4207
2009-05-21,35.2,35.2,35.1,35.1,10062
2009-05-22,36.35,37,35.5,37,9337
2009-05-25,38.2,38.2,36.15,36.15,1115
2009-05-26,40.1,40.15,38.5,40.15,8347
2009-05-27,42.1,42.15,41.05,42.15,14311
2009-05-28,40.1,43.9,40,42.2,17806
2009-05-29,38.5,41.7,38.1,40.15,6365
2009-06-01,38.8,40.3,37.5,38.2,8648
2009-06-02,40.55,40.75,37.15,37.25,5493
2009-06-03,41.25,42.25,39.15,42.25,4887
2009-06-04,40.6,41.5,39.6,41.5,4834
2009-06-05,40.8,42.4,39,40.05,15582
2009-06-08,39,40.9,39,39.7,1690
2009-06-09,38.3,40.5,37.05,39,3070
2009-06-10,39.2,40.25,39.2,40.25,54942
2009-06-11,40.1,41.2,39.25,39.25,3071
2009-06-12,40.05,42.15,39.25,39.25,7051
2009-06-15,39.5,41.5,39,39,2171
2009-06-16,40,40.9,38.25,38.25,1210
2009-06-17,39.7,41.4,38.3,39.5,2761
2009-06-18,38.5,39.5,38.5,39.5,3990
2009-06-19,38,38.6,37.5,38.6,13031
2009-06-22,38.15,39.5,37.6,39.5,10605
2009-06-23,39.3,39.8,38.05,38.05,2955
2009-06-24,40.75,41,38.25,40.7,3337
2009-06-25,41.95,42.75,39.6,40.1,9159
2009-06-26,43.5,44.05,40.05,40.05,30519
2009-06-29,45.7,45.7,45.5,45.5,3179
2009-06-30,48,48,48,48,8618
2009-07-01,46.95,50.4,46.05,50.4,40187
2009-07-02,46.4,47.9,45,45,6693
2009-07-03,44.6,47.35,44.1,47.35,5964
2009-07-06,42.5,46,42.4,44.6,6523
2009-07-07,41.7,43.95,38.25,38.25,1928
2009-07-08,40,41.45,38,40.5,6211
2009-07-09,40,42.9,36.5,36.5,2156
2009-07-10,40.1,40.1,38.3,38.3,641
2009-07-13,38.95,41.5,36.15,36.15,2375
2009-07-14,41.5,41.5,41,41,550
2009-07-15,42.45,44,39.8,43.95,3892
2009-07-16,42,42,42,42,1210
2009-07-17,41.6,43.5,41,41,3127
2009-07-20,42.15,43,41.2,41.2,2997
2009-07-21,40.1,42,40,41,3045
2009-07-22,41.2,43.9,40.3,40.3,3361
2009-07-23,41.8,42,40.1,40.6,3705
2009-07-24,41.15,42.5,40.6,40.6,3383
2009-07-27,41.85,43,41.65,42.5,10642
2009-07-28,42,42.4,38.95,41.5,3299
2009-07-29,41.9,43.1,40.6,43.1,4627
2009-07-30,42,42.5,41.2,42.5,4353
2009-07-31,41.55,42.9,41.3,41.5,3595
2009-08-03,40.4,45.5,39.5,45.5,11661
2009-08-04,40.9,44,40.5,44,11492
2009-08-05,40.1,40.75,39.05,40.15,8942
2009-08-06,41.05,44.15,39.25,40,46748
2009-08-07,40.35,45,39.15,39.15,8569
2009-08-10,40,41.45,38.95,40.5,20908
2009-08-11,40.05,40.9,40,40,77554
2009-08-12,40,42.5,38.95,38.95,9309
2009-08-13,40.15,41.7,40,40,1883
2009-08-14,40.2,41.5,39.5,40.5,8742
2009-08-17,40.2,41.1,39.5,41.1,6447
2009-08-18,40.05,40.6,36.2,39.5,32489
2009-08-19,40.9,41.4,36.5,36.5,889
2009-08-20,41.05,42,39.55,41,4094
2009-08-21,41.85,42.4,40.65,41.4,3539
2009-08-24,42.5,42.7,41.05,42.45,8157
2009-08-25,42.95,43,41.2,41.2,10447
2009-08-26,43.55,44.5,41.05,41.05,7883
2009-08-27,46.4,47,44,45,25129
2009-08-28,46.6,49.8,46.25,46.7,19253
2009-08-31,46.15,47.6,45,47.6,12322
2009-09-01,44.2,48.35,43.2,48.35,7403
2009-09-02,44.05,46.3,42.25,46.3,9870
2009-09-03,44.2,45.9,43.05,43.05,4486
2009-09-04,43.9,46,43.5,45.8,3954
2009-09-07,45.1,46.5,43.1,43.5,14493
2009-09-08,46.2,47,45.85,46,6938
2009-09-09,48.15,48.5,46.1,46.65,31854
2009-09-10,57.8,57.8,48.5,49,203549
2009-09-11,56,62.3,55,60,210268
2009-09-14,67.2,67.2,54.5,58,266233
2009-09-15,69.1,73.6,67.1,73.6,478040
2009-09-16,65.95,69.1,65,68.9,61369
2009-09-17,64.75,68,62.1,68,51537
2009-09-18,62.85,64.45,61.6,63,36977
2009-09-22,64.1,66.85,59.05,62.05,118680
2009-09-23,61.85,64.9,61,62.1,26124
2009-09-24,62.25,62.75,60.2,61,8860
2009-09-25,62.7,63.5,61.5,61.5,10520
2009-09-29,63.25,66.5,57.2,61,48820
2009-09-30,63.4,64.7,62.6,63.2,11726
2009-10-01,61.65,63.4,61.05,63,9128
2009-10-05,57.2,61,56.05,60.1,22514
2009-10-06,56.5,59,53.35,59,28816
2009-10-07,56.2,57.9,53,54,3401
2009-10-08,56.8,57.5,55.05,57.45,8403
2009-10-09,56,57.8,54.75,57.8,7938
2009-10-12,56.75,56.9,53.5,56,13697
2009-10-14,57.8,58,55.65,57.8,9296
2009-10-15,59.8,60.7,57,57.25,11901
2009-10-16,62.25,63.5,58.5,58.5,20998
2009-10-20,70.65,70.65,64.5,65,168590
2009-10-21,74.2,74.2,69,72.7,116038
2009-10-22,77.95,77.95,76,76,36525
2009-10-23,74.05,81.85,74.05,81.85,189001
2009-10-26,70.7,74.95,70.35,73.3,131361
2009-10-27,67.5,72,67.2,70.95,63228
2009-10-28,65.7,67.65,64.3,67,32958
2009-10-29,63.55,66.9,62.5,66.9,20669
2009-10-30,61.3,66.4,60.4,65,19927
2009-11-03,58.85,62.75,58.4,62.75,21179
2009-11-04,61.8,61.8,58.2,58.2,13884
2009-11-05,64.15,64.5,61.3,62.5,19700
2009-11-06,63.2,66.85,62,66.85,37046
2009-11-09,63.9,67.7,63,65.25,11307
2009-11-10,64.25,65,63.1,65,30570
2009-11-11,63.8,70.7,63,70.7,23898
2009-11-12,62.75,64.8,62.1,63.1,6435
2009-11-13,62.65,63.8,61.5,61.5,21906
2009-11-16,66.35,68.8,61.5,63.75,24267
2009-11-17,63.55,66.4,62,62,10703
2009-11-18,64.7,65.45,63.6,65,16219
2009-11-19,63.15,65.5,63,65,6077
2009-11-20,62.05,63.8,61,61.7,14012
2009-11-23,68.3,68.3,62,62,847363
2009-11-24,67.1,73.3,66.25,73.3,62567
2009-11-25,65.05,68,64.55,66,6445
2009-11-26,66.05,66.95,64.05,66.95,4897
2009-11-27,63.55,64.25,61,64.25,12574
2009-11-30,63.35,65,62.3,62.3,11924
2009-12-01,67.5,68.5,62.9,62.9,17809
2009-12-02,67.35,69.95,66.75,69.95,22048
2009-12-03,66.5,68.95,66,68.95,17395
2009-12-04,65.95,67.9,64.55,66,4399
2009-12-07,66,67.5,64.55,66.5,15100
2009-12-08,69.3,72,64.45,65,57383
2009-12-09,69.15,71.9,69,70.3,25814
2009-12-10,68.15,70.45,67.5,70.45,15088
2009-12-11,66.3,69.8,66,68.5,7132
2009-12-14,66.55,68.45,65.65,68,3171
2009-12-15,65.45,67.6,65.15,67.5,8721
2009-12-16,65.1,66,64.15,66,3397
2009-12-17,66.85,67.5,64,66,4272
2009-12-18,65.05,67,64.75,66,5460
2009-12-21,63.2,67.9,63,67.9,3566
2009-12-22,65.3,65.7,64,64,14330
2009-12-23,65.8,66,64.6,64.6,9755
2009-12-24,68.15,72.4,65.45,66.5,114277
2009-12-29,69.7,71.35,69,69,51790
2009-12-30,69.1,70.65,68.5,70.2,24425
2009-12-31,68.2,69.95,68,69,8511
2010-01-04,69.6,70.75,68.25,69,9078
2010-01-05,71.15,73,69.25,69.25,52796
2010-01-06,69.15,72.8,68.1,72.8,22378
2010-01-07,69.4,70.2,68.05,68.05,9798
2010-01-08,70.95,74.2,69.8,70,74544
2010-01-11,70.75,72.95,70.3,72.95,13823
2010-01-12,69.4,72.5,68.5,71,35884
2010-01-13,83.3,83.3,69,71,114663
2010-01-14,95.15,100,89.7,92.8,2394239
2010-01-15,83.9,93.6,81.6,93.6,772253
2010-01-18,81.85,85.55,80,83.9,133980
2010-01-19,79.85,85.25,78.2,83.5,189587
2010-01-20,79.5,82.75,79,80.95,71087
2010-01-21,75.55,79.95,75,79.95,65568
2010-01-22,79.75,82.55,72,75,152637
2010-01-25,81,82.95,77.6,79.05,109104
2010-01-27,80.6,81.95,76.1,81.95,103276
2010-01-28,80.35,83,78,80.6,71266
2010-01-29,83.5,84.95,78,78.25,99871
2010-02-01,89.4,92,83,84,147728
2010-02-02,89.65,95.75,88.55,91,184899
2010-02-03,89.8,95.5,89,92.9,140932
2010-02-04,85.8,91.5,85.2,90,37162
2010-02-05,84.1,84.75,80.15,84,35666
2010-02-08,82.9,87,82.1,86,14655
2010-02-09,82.7,84.8,82.25,84,22398
2010-02-10,83.55,86,82,85,21943
2010-02-11,82.6,84.45,81.9,82,22561
2010-02-15,83.9,86.5,82,82,32165
2010-02-16,84.45,88.2,83.1,83.1,63417
2010-02-17,86,87,83,85,36661
2010-02-18,84.6,86,84.25,85,11511
2010-02-19,83.05,86,82.6,84,10673
2010-02-22,81.6,84.6,81.1,84,8998
2010-02-23,80.35,82.5,78.25,81,7352
2010-02-24,79.05,80.95,78.6,80.95,8032
2010-02-25,77.3,80,77.05,78,3118
2010-02-26,80.85,83,76.5,76.5,15394
2010-03-02,87.05,88.9,81.5,81.5,50272
2010-03-03,88,93,86.7,90.1,79927
2010-03-04,86.55,88.95,86,88.5,24803
2010-03-05,85.25,88.6,84,86.5,31882
2010-03-08,85.35,87.6,84.3,85.1,13525
2010-03-09,90.2,93,83,85.55,146394
2010-03-10,88.35,94.8,87.15,93,64160
2010-03-11,86.9,89.5,86,89,14791
2010-03-12,86.1,88.35,85.5,87.95,11448
2010-03-15,85.2,88,84.2,86.5,20415
2010-03-16,85.2,86.95,84.55,84.8,7590
2010-03-17,89.6,94,86.05,87.35,188204
2010-03-18,89.9,92,88.6,91.8,80438
2010-03-19,90.95,93.8,90.05,90.6,160775
2010-03-22,89.45,92.3,89,91,100760
2010-03-23,88.8,91.45,88.25,90.05,36625
2010-03-25,88.85,90,88.3,88.3,19214
2010-03-26,88.3,90,86.8,90,40240
2010-03-29,87.85,89.5,87.5,89,16451
2010-03-30,88.85,91.4,88.25,89.25,24494
2010-03-31,89.7,92.4,87.25,89,30824
2010-04-01,90.9,91.45,88.75,89.05,24826
2010-04-05,91.3,94.2,90.3,94.2,18953
2010-04-06,90.25,92.1,89,90.7,23274
2010-04-07,95.1,96.1,90.1,90.25,155828
2010-04-08,93.65,99.7,93,97,89281
2010-04-09,95.1,96.6,93.65,93.65,33820
2010-04-12,94.05,95.95,93.3,94.5,16479
2010-04-13,92,94.9,92,94.9,8132
2010-04-15,92.8,97.25,92.55,92.55,37872
2010-04-16,92.4,93.25,91.15,93,11935
2010-04-19,90.3,91.75,87.55,89,15835
2010-04-20,94.4,96,90.1,91.25,28626
2010-04-21,94,97.7,93,96,29753
2010-04-22,92.9,95,92.05,95,17846
2010-04-23,91,94,90.95,93,10281
2010-04-26,92.35,93.6,91.65,92.5,8721
2010-04-27,90.7,93.7,90,92.1,15601
2010-04-28,88.1,90.05,87.05,88.3,16419
2010-04-29,88.6,90,88,88,10169
2010-04-30,89.2,90.5,89.05,89.95,7725
2010-05-03,86.1,92.5,85.1,89,37871
2010-05-04,88.4,91.5,87,89.5,40268
2010-05-05,88.55,89,85,85,20214
2010-05-06,87.65,90.9,87.15,89.5,11917
2010-05-07,86.5,88,84,84,20186
2010-05-10,88.05,88.9,87.3,88,9568
2010-05-11,88.1,89.4,88,88.15,3586
2010-05-12,87.25,88.65,87.05,87.3,3808
2010-05-13,90.55,91,87.2,87.95,16600
2010-05-14,87.7,91.75,86.5,91.75,9960
2010-05-17,95.75,99,83.65,85.2,161769
2010-05-18,98.6,99.5,90.1,96,196896
2010-05-19,94.5,102.05,93.35,99,160187
2010-05-20,92.7,97.4,91.5,95,31504
2010-05-21,89.7,92.7,88.5,91,24768
2010-05-24,90.05,93.75,90,92.55,16802
2010-05-25,85.75,91.4,85.1,89,41684
2010-05-26,88.3,88.7,85.5,85.5,6598
2010-05-27,91.45,92.45,81.95,81.95,18863
2010-05-28,95.65,96.8,91,94.4,60319
2010-05-31,97.9,101,95.15,95.15,100495
2010-06-01,95.1,101.65,94.55,99.45,103276
2010-06-02,98.25,99.4,92.2,92.2,17787
2010-06-03,117.9,117.9,98.05,99.95,1153593
2010-06-04,117.4,124.2,113.8,124.2,1818487
2010-06-07,112.15,114,108.6,114,253044
2010-06-08,112.45,117.75,110.1,111,257099
2010-06-09,112.65,116.8,111.65,114,111809
2010-06-10,114.9,118.5,113,113.9,103874
2010-06-11,117.8,121.7,115,117.7,314547
2010-06-14,118.55,121.4,117.1,118.05,99477
2010-06-15,117.5,120.65,116.3,119.95,79655
2010-06-16,131.4,137.65,116,117.5,1007679
2010-06-17,138.45,140.85,130,131.4,611326
2010-06-18,144.1,145.6,137.3,143.9,482873
2010-06-21,143.25,147.1,142,145,182527
2010-06-22,144.95,148,142.1,143.9,163154
2010-06-23,147.8,149,142.95,145.1,119378
2010-06-24,141.05,148.4,140,146.5,84516
2010-06-25,138.15,143.65,137.1,141.05,75264
2010-06-28,136.95,141.8,136.4,138.1,53478
2010-06-29,130.9,137.75,130,137.75,40015
2010-06-30,139.65,144.25,129,129,331120
2010-07-01,136.15,140.95,135.5,138,109805
2010-07-02,134.65,139.75,133.25,138.9,148238
2010-07-05,137.6,141.9,135.1,136,110701
2010-07-06,138.6,140.4,138.05,138.8,106308
2010-07-07,137.8,141.9,137,138.6,67559
2010-07-08,138.4,144.3,137,139.9,190212
2010-07-09,138.35,141,127.3,140,59398
2010-07-12,139.25,141.9,138,140,47338
2010-07-13,139.5,141.5,138.1,139,46397
2010-07-14,140.4,146.4,139.5,140.75,300791
2010-07-15,145.75,152,144.6,147.15,344227
2010-07-16,146.15,150.5,145,146,127274
2010-07-19,145.1,146.9,144.1,146,33904
2010-07-20,139.7,146.45,138.55,146.45,69953
2010-07-21,140.3,141.85,139,140.7,40034
2010-07-22,137.8,141.5,137,141.4,43877
2010-07-23,135.25,140.95,134.2,140,51531
2010-07-26,137.15,143.4,136,136,160641
2010-07-27,136.1,139.9,135.5,138,29404
2010-07-28,136.2,138.2,133.7,137.5,50532
2010-07-29,141.05,144.75,138.4,140.95,204590
2010-07-30,136.5,141.9,135.35,141,81557
2010-08-02,141.15,142,137.5,137.5,155406
2010-08-03,157.55,163.5,141.05,142,1355334
2010-08-04,157.1,163.4,155,159,447368
2010-08-05,156.55,161.95,155.05,157.75,200005
2010-08-06,165.65,169.7,156.1,158,702791
2010-08-09,172.3,178.9,165.55,167.55,372352
2010-08-10,165.8,174.9,165.1,174.9,117053
2010-08-11,163.1,169.4,161,163.1,93596
2010-08-12,161.9,166,158.9,160,40108
2010-08-13,160.1,166.75,158.15,163.9,40990
2010-08-16,155.65,162,152.6,161.75,51070
2010-08-17,156.1,158.25,155.1,155.1,20283
2010-08-18,160.15,164.4,154.05,154.05,86962
2010-08-19,154.8,164.5,147.4,159,61266
2010-08-20,155.9,160.5,155,155,30945
2010-08-23,156.7,159,155.15,157,22161
2010-08-24,151.75,158,149.65,157,45549
2010-08-25,147.7,153,146.55,153,39116
2010-08-26,146.65,151.8,146.1,148.05,61264
2010-08-27,142.25,148.5,141,147,39143
2010-08-30,140.4,145,139.3,144.9,35120
2010-08-31,135.25,145,132.7,145,43936
2010-09-01,138.05,140.5,135,140,42976
2010-09-02,139.25,144,139,144,39715
2010-09-03,139.05,141.5,138.5,141.35,133029
2010-09-06,139.95,144.95,139.25,139.55,117554
2010-09-07,155.65,162.8,139.95,143.9,624525
2010-09-08,163.3,165,153,153,327143
2010-09-09,162.15,163.55,158.1,163.3,96450
2010-09-13,159.65,168,158.35,164.9,131396
2010-09-14,153.9,160.1,153.25,157.1,41170
2010-09-15,151.95,156.75,149,150.1,74797
2010-09-16,152.5,156.9,151,151,39645
2010-09-17,154.55,156.45,152.5,152.5,30757
2010-09-20,152.9,156.9,150,150,16765
2010-09-21,151.6,154.5,151,154.5,20241
2010-09-22,151.65,154,150,152.05,30896
2010-09-23,147.35,153.5,145.85,153.5,30211
2010-09-24,148.75,151,147.9,148.2,11174
2010-09-27,164.1,165.3,150.5,151,257618
2010-09-28,162.15,183.8,160,166.4,1461769
2010-09-29,161.1,166.8,160,163.6,89463
2010-09-30,158.1,161.7,155.1,160.5,57818
2010-10-01,159.45,160.85,157,157.3,34987
2010-10-04,158.05,161.8,157,160,38794
2010-10-05,163.3,165,156,158,51644
2010-10-06,164.25,178.4,162.6,166.4,107834
2010-10-07,167.25,173.1,162.05,163,268892
2010-10-08,166.8,169.75,164,167.25,56189
2010-10-11,165.95,170,165.15,167,38536
2010-10-12,163.6,167.1,162.2,165,23407
2010-10-13,162.85,164.9,162.25,164,17278
2010-10-14,159.3,164.8,158.55,162.85,46484
2010-10-15,155.6,160.4,155,160,17337
2010-10-18,155.6,157.9,154,154,10837
2010-10-19,160.9,168,154,156.95,62254
2010-10-20,159.85,165,158,159.8,44886
2010-10-21,163.8,165.9,159,160.85,89627
2010-10-22,163.5,166.85,162.75,164.85,43089
2010-10-25,167.95,173,165,165,149986
2010-10-26,169.7,171.4,167.2,167.2,45588
2010-10-27,167.1,170.5,166,170,38575
2010-10-28,164.4,169.7,163.15,167.15,20582
2010-10-29,162.05,170.8,159.65,163,102507
2010-11-01,159.95,165,158.55,164,35223
2010-11-02,159.95,163,158.85,161.8,33843
2010-11-03,162.6,165.85,158.05,158.05,31049
2010-11-04,165.15,166.5,163,163,48761
2010-11-05,169.3,170.2,166.05,167,37698
2010-11-08,162.95,173,162.25,169.9,52040
2010-11-09,162.35,166.8,159,165.7,58277
2010-11-10,160.9,163.5,160.05,162,66871
2010-11-11,159,164,156.3,161.05,44994
2010-11-12,151.6,160,150,158.1,43400
2010-11-15,150.8,159,149.25,153.8,30945
2010-11-16,139.55,154.45,137.4,151,75094
2010-11-18,132.8,144.25,130.65,141,65427
2010-11-19,136.3,142,131,134.8,57448
2010-11-22,139.1,140,134,137,14738
2010-11-23,135.95,138.5,132.05,136.2,20737
2010-11-24,132.95,138,132.1,135,13911
2010-11-25,133.75,137.5,132,134.4,15072
2010-11-26,120.05,132.3,113.3,132.3,40554
2010-11-29,115.85,124,113.1,123,44311
2010-11-30,127,135,110.35,115,106578
2010-12-01,129.8,132.8,126.5,127.8,49181
2010-12-02,131.2,134,130.1,132.4,13170
2010-12-03,127.4,132.7,125,130.1,10296
2010-12-06,123.05,131.8,121.5,125.1,19144
2010-12-07,120.15,126,118,125.95,18366
2010-12-08,113.45,119.95,112,119.95,33620
2010-12-09,106.95,116,105,115.8,27965
2010-12-10,112.05,114,103,106,34299
2010-12-13,118.05,118.85,112.5,112.5,29400
2010-12-14,120.9,121.35,117,119.9,13473
2010-12-15,118.8,122.5,117.7,122.5,14675
2010-12-16,117.55,120,115,117,4598
2010-12-20,117.95,121.95,115,121.95,4661
2010-12-21,117.55,121.8,116.05,117.95,23468
2010-12-22,116.75,119.65,116.15,116.15,3471
2010-12-23,115.45,119.7,114.6,119.7,7302
2010-12-24,117.5,119.4,115.2,115.8,6686
2010-12-27,115.5,118.35,115,115,7207
2010-12-28,124.45,133.6,115,116,354283
2010-12-29,124.5,128.4,123,124.95,28469
2010-12-30,123.35,126.9,122,123.2,9753
2010-12-31,121.75,126.4,121,122.15,27955
2011-01-03,125.05,125.9,122.3,122.3,14303
2011-01-04,127.05,129.85,125.2,128.9,39864
2011-01-05,126,129,125.15,126.7,8654
2011-01-06,122.2,127,121.5,127,19101
2011-01-07,119.3,124,117,121.75,29373
2011-01-10,112.25,119.9,109,117.6,36227
2011-01-11,113.9,117,111.5,114,18524
2011-01-12,112.35,116.95,111,114.95,18113
2011-01-13,112.6,114.5,111.75,113.5,13671
2011-01-14,110.95,115,108.25,112.5,19959
2011-01-17,105.8,111.75,104.5,109,9133
2011-01-18,104.6,109,104.25,106.1,16747
2011-01-19,106.65,108,104.1,104.1,2215
2011-01-20,105.65,106.85,104.1,105.8,4633
2011-01-21,105.4,108,104.55,108,5432
2011-01-24,122.6,125.35,104.65,105.5,109792
2011-01-25,120.05,124.95,117.1,120.05,87413
2011-01-27,115.45,121.2,115.1,120,6859
2011-01-28,114.3,122,113,117.5,27365
2011-01-31,112.15,118,111,116,24693
2011-02-01,106.75,115.35,105.25,115.35,20388
2011-02-02,107.4,108.45,105.5,108,21019
2011-02-03,107.95,109.75,101,101,20377
2011-02-04,105.3,109.35,104,108,10651
2011-02-07,102.6,108.6,102,106,13384
2011-02-08,97,103,96.4,103,14944
2011-02-09,94.55,98.8,91.7,95.2,14872
2011-02-10,93.75,96.5,91,92,14080
2011-02-11,93.8,96,91.05,95,26185
2011-02-14,99.45,101,96.5,96.8,21346
2011-02-15,103.85,107,99.25,101,20688
2011-02-16,109.1,112,85,99.05,23049
2011-02-17,108.95,112.4,108,112.4,7245
2011-02-18,103.8,112.5,102,112.5,10903
2011-02-21,102.9,106,101.05,103,7428
2011-02-22,103.95,105.9,102.1,105.9,2831
2011-02-23,106.15,113,101.35,101.35,15702
2011-02-24,100.75,106.45,100,106.45,15932
2011-02-25,102.6,104,100.05,100.05,5829
2011-02-28,105.2,107.75,100.5,102,21732
2011-03-01,113.7,114.9,105,105,33796
2011-03-03,115.7,118,107.35,112,37043
2011-03-04,114.55,117.95,113.35,117.85,8478
2011-03-07,109.15,115,105.3,115,22609
2011-03-08,112.3,113.7,111.05,112.6,7298
2011-03-09,112,115,110,113,13761
2011-03-10,111.7,112.65,110.15,112,8850
2011-03-11,111.85,113.5,102.6,111.7,20950
2011-03-14,122.35,124,107.2,111.65,245276
2011-03-15,114.95,125.2,113.5,125.2,100481
2011-03-16,137.95,137.95,116,116.4,786014
2011-03-17,139.6,147.35,136.3,136.95,832736
2011-03-18,153.45,159.75,134.7,141,1254976
2011-03-21,145.7,157.5,143.05,154,764033
2011-03-22,142.25,150.9,141,146.1,177240
2011-03-23,142.6,146.75,137.3,143.95,97235
2011-03-24,138.8,148.8,137.55,144.95,57164
2011-03-25,137.75,146,137,141.5,55369
2011-03-28,134.85,141,134.2,139.9,32484
2011-03-29,141.35,149.15,134.2,136.4,249295
2011-03-30,143.75,145.8,140.2,141,54638
2011-03-31,138.9,148.75,136.55,146.7,44467
2011-04-01,141.35,143.65,139.75,141,17096
2011-04-04,145.6,147.85,139.45,141.1,68247
2011-04-05,144.2,146.75,142.5,146.7,27705
2011-04-06,145.15,148,144,145,37497
2011-04-07,146.75,152.3,144,144,90931
2011-04-08,147.35,152.1,146,147.5,85346
2011-04-11,144.65,149,143.1,148.8,22118
2011-04-13,147.8,148.85,143,143,37640
2011-04-15,150,154.05,145.15,145.15,106720
2011-04-18,145,153,144.15,150,38954
2011-04-19,143,150.75,141.15,145,74073
2011-04-20,146.25,148,143.75,148,25507
2011-04-21,146.15,152.4,145.25,150,68883
2011-04-25,145.3,149.6,144.4,147.5,18141
2011-04-26,143.15,145.4,142.25,144.1,17783
2011-04-27,142.1,145.05,141.5,145,16335
2011-04-28,142,145.9,141.7,143.5,27304
2011-04-29,137.75,142.6,136.3,141,26907
2011-05-02,140.15,142.5,138.55,139.5,19985
2011-05-03,136.4,140.9,135,139.3,13532
2011-05-04,131.3,134.45,130,133.1,21643
2011-05-05,127.55,132.3,127,132,22866
2011-05-06,128.1,134.9,126.3,132.8,23481
2011-05-09,131.05,133,126.5,129.1,14812
2011-05-10,137.1,141.5,134.3,134.5,152457
2011-05-11,135,138.5,134.1,137,15557
2011-05-12,135,137,134.1,135.95,11127
2011-05-13,134.8,140,132.5,132.5,5927
2011-05-16,130.9,138,130.25,138,5731
2011-05-17,132.1,133.45,131,132.15,8856
2011-05-18,131.5,133.45,130.1,131,8926
2011-05-19,130.6,135.7,130,135.5,6699
2011-05-20,130.7,131.8,129.15,131.55,8876
2011-05-23,130.05,131,129,129,9481
2011-05-24,133.8,137,129.35,129.35,21011
2011-05-25,133.75,135,129.55,133.9,10970
2011-05-26,135.9,139.8,134.5,134.5,41183
2011-05-27,140.25,141,133.6,133.6,34130
2011-05-30,117.8,140.5,114,139.5,285562
2011-05-31,113.8,119.7,111.1,119.65,126953
2011-06-01,114.55,116.8,113.3,115.4,69444
2011-06-02,113.5,119.35,112.5,114.1,80292
2011-06-03,110.1,115.7,109.5,114.1,59303
2011-06-06,110.75,114.8,110,113,34899
2011-06-07,112,112.75,111,112.75,15979
2011-06-08,112.1,114.3,111.2,112,21876
2011-06-09,121.8,123.75,112,112.1,267974
2011-06-10,119.9,125.5,119.2,123.7,64943
2011-06-13,116.4,118.95,114.95,118.6,14749
2011-06-14,120,123.5,116.25,116.3,33808
2011-06-15,122.7,125.8,117.6,119,83010
2011-06-16,122.3,126.8,120.95,121.25,60930
2011-06-17,121.3,124.85,119.6,122,10561
2011-06-20,114.1,122.35,112.5,122.35,15147
2011-06-21,113.25,117.9,112.3,115.15,10969
2011-06-22,110.75,115.3,110.05,113.1,10511
2011-06-23,110.7,113,110.1,112.75,6118
2011-06-24,113.55,115,111.5,114.65,10966
2011-06-27,113.4,115.4,112,112,10826
2011-06-28,113.65,115.6,113.3,113.45,6802
2011-06-29,117.5,119.4,114,114.6,40180
2011-06-30,114.7,117.75,114,117.5,4332
2011-07-01,117.15,119.95,115.45,119.8,23841
2011-07-04,116,119.8,114.85,119.5,24410
2011-07-05,114.1,116.75,113.5,115.5,25991
2011-07-06,119.35,119.85,113.5,114,45119
2011-07-07,134.5,138.5,117.65,118.05,251040
2011-07-08,129.5,137,127.4,134.25,105842
2011-07-11,128.45,132.45,125.25,128,67495
2011-07-12,126.7,129.45,125.25,128.1,13016
2011-07-13,137.9,139.5,123,123,232777
2011-07-14,133.6,137,133,136,32460
2011-07-15,132.05,136.85,130.5,134,49559
2011-07-18,133.25,137,132,133.5,27549
2011-07-19,138.95,144.9,133.15,133.15,107271
2011-07-20,136.05,142.45,135.15,140.35,44443
2011-07-21,133.75,137.8,132.65,136.5,15813
2011-07-22,139.35,141.45,133.2,134.1,30856
2011-07-25,152.55,157.5,140.7,141,324516
2011-07-26,148.45,158,146.5,154,180345
2011-07-27,149.6,154.85,147.6,148.05,37952
2011-07-28,145.15,151,144,150.9,31309
2011-07-29,146.8,154.05,145,146.8,72665
2011-08-01,128.7,146.8,124,146.8,168791
2011-08-02,147.7,151.8,125.05,129,486817
2011-08-03,140.15,147.95,131.65,147.95,349738
2011-08-04,136.75,144.9,135.2,140.15,121684
2011-08-05,129.6,135.2,113.85,133.9,113165
2011-08-08,129.65,135.9,122,123,102161
2011-08-09,122.25,133,117,125,134761
2011-08-10,124.1,130,123.1,125.9,84822
2011-08-11,124,129,123,124,66169
2011-08-12,123.25,128.9,122.15,126,47918
2011-08-16,122.4,129.4,120.1,125.95,108606
2011-08-17,124.15,127.5,122.5,123.9,63797
2011-08-18,117.95,127.95,117,124.75,77613
2011-08-19,113.55,119.7,110,117,41050
2011-08-22,118.6,119.85,114.05,114.1,32734
2011-08-23,119.4,121.45,115.65,119,19573
2011-08-24,117.2,124.5,115.1,123,47816
2011-08-25,110.35,120.9,105.45,117.8,76896
2011-08-26,107.15,113.95,106.05,109,36375
2011-08-29,111.25,113.8,108.15,111.8,16820
2011-08-30,114.5,117.8,111.05,113.4,61184
2011-09-02,112.8,115.7,111.5,115.7,27610
2011-09-05,112.65,115,112,112.9,24420
2011-09-06,116.15,117.7,110.5,112,119641
2011-09-07,121.5,124.3,117.5,117.5,98447
2011-09-08,121.4,124.75,118.1,123.5,54980
2011-09-09,117.5,124,116.8,121.6,27408
2011-09-12,117.75,118.35,113.4,116.5,19766
2011-09-13,117.4,120,115.1,115.1,14001
2011-09-14,117.35,119,116.5,119,9283
2011-09-15,117.25,119.9,116.1,117.5,23180
2011-09-16,116.15,118.5,115.1,117.15,12282
2011-09-19,116.1,116.5,115.5,116.05,11142
2011-09-20,116.65,117.5,114.5,115.5,10246
2011-09-21,118.45,121.05,112.65,117,26323
2011-09-22,115.2,118.9,114.5,117,19445
2011-09-23,114,118,111.1,113.95,13466
2011-09-26,113.15,117,111.1,116.9,13393
2011-09-27,115.6,116.5,114.5,115.75,17663
2011-09-28,114.95,116.1,113.45,116,15561
2011-09-29,115.65,119.7,113.05,114.9,39076
2011-09-30,113.1,115.95,112.5,115.9,17303
2011-10-03,114.9,116.85,110.7,112.55,41011
2011-10-04,111.45,116,110.7,116,9350
2011-10-05,109.9,113.4,109,111.3,8598
2011-10-07,112.95,113.8,110,110,12308
2011-10-10,113.25,115.5,112.75,115,38882
2011-10-11,112,115.2,111.25,114.9,10667
2011-10-12,113.95,124,111.95,113.9,22333
2011-10-13,114.65,116.75,113.1,113.1,22793
2011-10-14,115.1,117.9,113.15,115.7,19075
2011-10-17,114.45,116.5,113.8,115,4390
2011-10-18,114.5,115,114,114,5247
2011-10-19,115.95,117.4,115,115.7,21122
2011-10-20,115.25,115.55,114,115,5786
2011-10-21,112.6,115.95,111.15,115,27813
2011-10-24,113.8,115.8,113.2,115.5,6897
2011-10-25,109.8,115.85,109.4,115.8,26528
2011-10-26,112.15,112.95,110.05,111,6662
2011-10-28,107.4,114,106.55,114,43136
2011-10-31,106.8,110.1,106,107,40653
2011-11-01,102.55,106.5,101.05,106.5,27091
2011-11-02,101.25,104.25,100.2,101.25,32803
2011-11-03,101.7,102.4,100.2,101,22526
2011-11-04,101.65,103.1,101.05,102,24754
2011-11-08,99.3,105.55,97.35,105.55,16903
2011-11-09,96.45,99.5,95.25,98,61325
2011-11-11,93.2,98,93,96,20385
2011-11-14,89.55,93,88.5,92.05,14986
2011-11-15,81.1,89.5,80.4,88.9,40353
2011-11-16,69.35,81.2,68.25,81.2,144767
2011-11-17,73.95,76,69.6,70,82051
2011-11-18,72.25,78,68.65,74.4,39941
2011-11-21,71.1,75.6,69,69,14234
2011-11-22,73,74.5,71,74.25,13161
2011-11-23,72,73.4,69.5,72.5,17103
2011-11-24,71.3,72.4,70,71.5,10478
2011-11-25,70.75,73.9,69.1,70.5,29683
2011-11-28,72.9,73.45,71,72.5,17437
2011-11-29,72.8,76,72,74.9,36084
2011-11-30,74.25,74.9,72.6,73,33031
2011-12-01,74.55,76,74,75.5,9836
2011-12-02,75.45,75.9,73.65,73.65,13749
2011-12-05,74.65,75.4,74.05,75.4,3106
2011-12-07,74.2,75.35,74,75,7474
2011-12-08,71.45,74.45,71,74.45,3883
2011-12-09,70.45,72.5,70,70.5,7213
2011-12-12,70.85,73.55,68,68,7149
2011-12-13,68.95,70.5,68.2,70,2986
2011-12-14,68.3,69.85,65.35,69,5796
2011-12-15,65.2,68,64.65,67,5272
2011-12-16,64.2,67.5,63,65.25,7240
2011-12-19,61.85,65.95,60,64,8057
2011-12-20,60.05,62.25,59.65,61.85,4265
2011-12-21,60.1,65.05,58,58,10602
2011-12-22,60.7,61,58.85,59.05,15336
2011-12-23,61.15,61.9,58.15,61,11475
2011-12-26,61.35,61.95,60,60,4219
2011-12-27,60.5,62.7,60.1,61.5,14941
2011-12-28,59.25,60.9,59,60.4,7181
2011-12-29,58.45,59.5,58.25,59,4907
2011-12-30,58.95,59.5,57,57.5,5279
2012-01-02,59.6,61.9,57.1,57.9,6757
2012-01-03,64.85,65.55,59.05,60.5,13226
2012-01-04,62.5,66.95,61.5,64,6511
2012-01-05,62.2,63.5,61.5,63.5,14113
2012-01-06,62.7,63,61.25,61.4,2335
2012-01-09,65.75,67,62.5,62.5,14043
2012-01-10,74,74.85,66.6,67,27662
2012-01-11,72.85,75,72,73,8916
2012-01-12,72.3,76.7,71.55,73,12143
2012-01-13,74.2,74.5,72.3,73.6,3162
2012-01-16,72.9,75,72.05,74.25,4558
2012-01-17,76.35,80.35,74,74.4,38400
2012-01-18,75,80,73.5,80,10501
2012-01-19,77.55,79.85,74.6,76.5,8614
2012-01-20,75.75,77.45,75.15,77.05,7822
2012-01-23,74.4,77,74.05,76.65,6313
2012-01-24,75.1,76.2,74.25,76.2,11606
2012-01-25,79.05,82.15,75.25,75.8,32004
2012-01-27,80.25,81.45,79,79.5,18260
2012-01-30,76.95,84,76,81.95,78274
2012-01-31,79,79.8,76,76.5,12358
2012-02-01,80.45,81,77.7,78,11529
2012-02-02,83.8,85.6,78.25,80.95,69955
2012-02-03,84.8,86.8,82.5,85,38351
2012-02-06,84.8,88.45,82.25,85,26209
2012-02-07,83.1,86,83,85,10198
2012-02-08,85,86.4,81.2,82,29109
2012-02-09,86.65,88.9,84.55,86.4,33471
2012-02-10,90.75,94.05,88,88,90518
2012-02-13,90.15,94,88.5,90.6,19622
2012-02-14,88.75,90,88.1,89.05,9871
2012-02-15,90.5,92,89,90,12406
2012-02-16,90.5,91.4,88.55,90.5,13700
2012-02-17,91.85,96.35,91,92.2,56867
2012-02-21,90.1,94,89.2,94,19217
2012-02-22,85.1,91.8,84,90.25,12606
2012-02-23,84.5,85,83.05,84.6,9969
2012-02-24,82.2,85.25,81.2,84.5,5442
2012-02-27,76.85,83.45,76.05,83.4,10730
2012-02-28,79.4,80.5,76.25,77.9,8664
2012-02-29,81.1,82,80,80.55,5604
2012-03-01,81,82.5,80.5,82,5393
2012-03-02,81.9,83.5,80.55,81,7476
2012-03-05,82,83.25,81.55,83.25,9522
2012-03-06,84.3,85.3,81,81.5,12451
2012-03-07,82.3,86.35,81.5,84.45,17994
2012-03-09,84.95,88,83.05,87.45,36427
2012-03-12,84.4,87,84,85,9064
2012-03-13,83.75,86.4,83.5,83.5,3949
2012-03-14,84.8,94,84.55,84.85,17475
2012-03-15,83.45,87.7,83,84.5,20879
2012-03-16,81.35,84.4,80.25,83.55,3760
2012-03-19,84.45,88.95,82.25,82.25,35477
2012-03-20,84,85.5,81.15,85.5,16046
2012-03-21,85,86,82.65,83.55,9869
2012-03-22,83.8,86.8,83,85,9901
2012-03-23,82.55,83.1,80.5,82,4059
2012-03-26,79.5,87,77.65,84,17417
2012-03-27,79.6,81.25,77.95,80.5,10737
2012-03-28,77.8,79.9,77.25,78.15,6017
2012-03-29,78.55,79.35,75.8,77,4297
2012-03-30,79.35,80,78,79.5,9104
2012-04-02,79.85,82,77.9,81,11894
2012-04-03,81.5,85.45,78.65,79.8,99293
2012-04-04,81.9,83.7,81.3,81.75,18981
2012-04-09,78.2,81.9,77.75,81.5,13146
2012-04-10,77.2,78.9,76.65,78.8,11575
2012-04-11,78.05,78.9,76.2,77,15445
2012-04-12,80.95,84.3,79,80.55,55837
2012-04-13,78.45,84.5,77.45,82.15,15031
2012-04-16,80.15,82.4,79,79.05,13127
2012-04-17,78.4,81.45,78.05,81.45,13661
2012-04-18,80.6,83.8,79,79.75,43041
2012-04-19,82.5,83.35,80.15,80.15,16535
2012-04-20,79.95,83.3,79.5,83,12580
2012-04-23,78.65,81.8,78.3,80.1,3406
2012-04-24,78.9,79.25,78,79.25,1051
2012-04-25,76.95,79.7,76.5,78.5,7170
2012-04-26,76.85,77.7,76.1,77.6,5323
2012-04-27,74.35,76.25,73.95,76.25,11698
2012-04-30,75.95,76.25,75,76,1630
2012-05-02,75.1,76.5,75,76.5,4922
2012-05-03,73.05,75.85,72.95,75.1,5173
2012-05-04,70.15,73.5,69.6,72.75,6390
2012-05-07,71.85,72,68.3,70,6092
2012-05-08,70.8,73,70,71.65,3006
2012-05-09,69.6,72.4,68,71.45,3317
2012-05-10,69,71,68.55,70.35,1308
2012-05-11,68.55,71.6,67.5,69,12262
2012-05-14,66.4,69.7,66.05,68,4818
2012-05-15,67.5,68.4,66.7,67.25,4207
2012-05-16,67.5,68.4,65.5,67,12945
2012-05-17,66.45,67.9,64.65,67.1,6608
2012-05-18,65.45,67,64.6,66,5226
2012-05-21,64.9,65.5,64.6,65,4914
2012-05-22,64.3,65.4,64,64,4858
2012-05-23,63.9,64.7,63,64,1111
2012-05-24,62.55,64.75,60.9,64,29160
2012-05-25,64.35,65,62,62,4977
2012-05-28,63.85,65.5,63.05,65.5,4182
2012-05-29,63.55,64.85,61.65,64.4,24534
2012-05-30,63.9,64.85,62.5,64.85,2439
2012-05-31,61.3,63.5,60.75,62.5,10452
2012-06-01,60.5,62,60.25,60.25,4074
2012-06-04,61.8,63.3,60.05,60.9,6860
2012-06-05,62.05,62.8,61.2,61.3,2515
2012-06-06,61.3,63,60.6,62.9,6989
2012-06-07,61.95,62.45,61.2,61.2,5811
2012-06-08,61.55,62,60.45,61.2,5199
2012-06-11,63.25,65.75,61.6,62.5,8897
2012-06-12,62.35,63.8,61,62.5,2725
2012-06-13,60.95,62.35,60.6,62.35,7978
2012-06-14,60.5,61,60,61,4350
2012-06-15,62,62.6,60.1,60.2,3459
2012-06-18,62.1,63,61.4,62,6713
2012-06-19,62,62,61.05,62,15450
2012-06-20,61,62,60.5,61.2,6091
2012-06-21,62.1,62.9,61.2,61.85,5086
2012-06-22,64.95,65.2,60.2,61.2,9424
2012-06-25,63.6,66,63.5,64.1,3310
2012-06-26,63.9,64.5,62.1,63.5,2886
2012-06-27,64,68,63.1,68,3012
2012-06-28,63.45,64.55,63.05,63.7,913
2012-06-29,65.6,67.8,62,63.05,8794
2012-07-02,68.8,71.25,65,70,16260
2012-07-03,68.7,69,67.45,69,3252
2012-07-04,74.75,76.4,69.15,70.9,93072
2012-07-05,73.65,77,72.5,77,27492
2012-07-06,72.55,74.9,71.5,73,30203
2012-07-09,70.7,73,70.1,73,4459
2012-07-10,72.25,73.75,70.05,70.1,11862
2012-07-11,71.95,72.95,71.05,72,2688
2012-07-12,71.5,72,70,71.2,2477
2012-07-13,72.95,77.6,70.85,72.5,34477
2012-07-16,68.5,72.5,67.75,72.5,32086
2012-07-17,70,70.7,69.05,69.95,28060
2012-07-18,68.1,71.75,66.3,71.75,47197
2012-07-19,68.95,69.9,67.65,69.8,14407
2012-07-20,68.65,69.45,68.25,68.6,6022
2012-07-23,67.35,69.95,55.2,55.2,3071
2012-07-24,68.95,69.65,65.65,67.5,7827
2012-07-25,69,69.65,67.2,68,15494
2012-07-26,65.15,69.45,64.1,68.1,8570
2012-07-27,69.5,75,67.1,70,50886
2012-07-30,72.05,72.9,67,69.5,21779
2012-07-31,69.55,72.6,69.1,72.6,6284
2012-08-01,71,71.5,67.7,67.7,8953
2012-08-02,70.1,72.35,69.9,71,3727
2012-08-03,69.95,71.75,69,71,7296
2012-08-06,70.3,73.4,67.65,72,13332
2012-08-07,69.95,71,69.2,71,3449
2012-08-08,72.65,74,69.6,70,46463
2012-08-09,71.5,72.6,71,72.15,2622
2012-08-10,69.65,71.05,69.35,71.05,3271
2012-08-13,69.45,70.35,68,69,4986
2012-08-14,70.95,71.25,70,70,3718
2012-08-16,72.1,73.5,70.1,72,15681
2012-08-17,76.15,79.5,72.1,72.1,158086
2012-08-21,78,79.3,75.2,76,22168
2012-08-22,82,84.75,79,79.95,82894
2012-08-23,80.3,85,78.4,82,21784
2012-08-24,77.9,81.1,77.4,80.85,15908
2012-08-27,76.75,79.65,75.55,77.5,9072
2012-08-28,75.1,76.4,75.1,76,6854
2012-08-29,78.15,79.3,74,74,12465
2012-08-30,79,79.5,76,77.8,3754
2012-08-31,80.05,83.5,79.3,80.25,41182
2012-09-03,79.8,81.75,77,80,13881
2012-09-04,85.6,87.05,80.3,80.3,90396
2012-09-05,90.35,96,88,96,1111179
2012-09-06,89,91.8,88.5,89.8,93361
2012-09-07,88.6,91.6,87.3,90.8,38368
2012-09-10,86.4,89,85.7,88.65,23021
2012-09-11,87,87.55,85.05,85.9,29343
2012-09-12,91.55,92.5,86,86,146899
2012-09-13,90.85,92.95,88.85,92,20389
2012-09-14,90.2,92.45,88.15,91.5,18038
2012-09-17,90.4,92.5,90,91,19355
2012-09-18,91.8,92.95,90.5,92.95,15103
2012-09-20,90.65,93,89,93,14527
2012-09-21,91.4,93,90,92,16979
2012-09-24,92,93,89.5,91.2,23248
2012-09-25,92.2,93.5,91.7,92,12369
2012-09-26,90.85,92.2,89.9,92.15,10943
2012-09-27,90.15,91.55,89,90.5,20193
2012-09-28,89.9,91.65,89.4,90.1,9348
2012-10-01,91.75,92.2,89.5,90,10643
2012-10-03,93.65,94.7,90.2,90.65,35574
2012-10-04,94.6,99,94.1,95.1,71111
2012-10-05,94.75,97.85,92.05,97.65,37597
2012-10-08,94.75,97,93.75,96.65,22145
2012-10-09,93.5,96.8,93.15,96.65,8913
2012-10-10,90.3,94.5,88.5,93.2,13253
2012-10-11,90.2,90.7,88.8,90.05,12715
2012-10-12,90.6,92.8,89.25,90.05,6099
2012-10-15,90.05,93.55,88.9,93.55,9201
2012-10-16,90.15,91.95,89.1,89.8,9305
2012-10-17,91.85,92.8,89.1,91.3,18167
2012-10-18,96.45,98,90.4,91.2,30350
2012-10-19,103.9,105,96.8,99.8,257454
2012-10-22,124.65,124.65,107.6,108,2406122
2012-10-23,116.95,131.3,115.5,131.3,1299838
2012-10-25,114.1,123.6,111.55,117.1,413582
2012-10-26,107.9,113.95,106.55,113.95,158561
2012-10-29,106.7,109.9,104,107,135428
2012-10-30,103.2,109.95,101.4,106.7,62948
2012-10-31,108.3,113,104.95,105,388120
2012-11-01,107.75,111.3,107.2,110.65,110791
2012-11-02,107.8,110.7,106.1,108.9,78746
2012-11-05,104.85,109.5,103.55,108.45,50634
2012-11-06,107.7,110.3,101.65,103.95,122461
2012-11-07,109.4,114.15,107,108.75,219254
2012-11-08,112.35,116.85,107.25,108.65,319557
2012-11-09,109.75,115.25,108.5,113.85,105823
2012-11-12,110.7,112.7,108.6,111.05,58345
2012-11-13,111.2,112,110.75,111.9,10833
2012-11-15,106.1,110.4,104,109.2,52604
2012-11-16,103.45,107.75,103,105.5,46900
2012-11-19,99.45,104.7,98.5,103.5,57747
2012-11-20,99.05,102.8,98.2,99,51407
2012-11-21,100.25,101,97.5,100.95,32224
2012-11-22,99.95,103,99.4,100,33901
2012-11-23,98.8,102.9,97.7,101.8,51154
2012-11-26,107.2,111.7,98.25,99.25,216449
2012-11-27,110.55,114.8,109.75,111.9,356174
2012-11-29,111.95,114.35,108.15,110.35,152444
2012-11-30,111.05,113.8,110.05,111.9,57245
2012-12-03,112.4,113.45,109.4,111.9,65663
2012-12-04,112.2,114.5,112,112.25,55570
2012-12-05,112.4,113.9,112,112.4,43426
2012-12-06,110.3,112.9,108.65,110.85,26136
2012-12-07,107.95,112.85,106.7,110.55,53068
2012-12-10,110.9,112.7,107.15,109.9,74742
2012-12-11,109.65,113.35,108.1,111.05,47520
2012-12-12,109.1,112.9,108.3,110,62668
2012-12-13,108.7,111.4,108,109.55,23006
2012-12-14,106.45,109.85,105.3,108.25,22330
2012-12-17,110.5,111.55,106.3,107.5,45773
2012-12-18,110.35,114,109.25,112,62485
2012-12-19,108.95,112,108.25,110.4,19125
2012-12-20,108.9,110.9,108.2,108.9,23352
2012-12-21,107.75,111.95,107.1,108.55,25074
2012-12-24,106.15,108.6,105.75,108.4,11282
2012-12-26,105.7,108,105.2,107.4,11631
2012-12-27,103.75,106.8,102.6,106.8,14809
2012-12-28,105,106.4,102.2,102.2,13078
2012-12-31,104.5,107.4,103.6,105.95,15305
2013-01-01,106.3,108.6,104.25,104.25,19460
2013-01-02,105.1,108,104.8,105.95,17802
2013-01-03,106.15,110,105.1,105.1,57709
2013-01-04,107.7,109.75,107,107,49032
2013-01-07,107.95,109.05,107.25,107.9,13096
2013-01-08,106.9,109.5,105.6,109.5,15538
2013-01-09,109.05,114.5,102.45,107.1,234452
2013-01-10,107.6,110.3,107.05,110.3,25600
2013-01-11,105.5,108.65,104.6,107.7,20224
2013-01-14,105.75,108,103.05,105.1,14801
2013-01-15,115.05,116.4,104.7,105.1,224638
2013-01-16,111.1,119.35,109,116.65,609403
2013-01-17,109.2,111.9,108.35,110.45,47336
2013-01-18,107.5,110.35,107,110.35,34620
2013-01-21,107.4,109.05,107,107,22633
2013-01-22,107.1,108.2,105.9,107.9,30758
2013-01-23,105.85,108.75,105.5,107,41754
2013-01-24,99.25,106.8,98.6,105.2,56865
2013-01-25,94.7,100.4,94.25,99.25,53795
2013-01-28,94.95,99.3,94.55,96.55,40812
2013-01-29,93.35,96.95,93,95.5,29793
2013-01-30,95,99,93.05,93.45,37929
2013-01-31,106.65,110.35,97.8,97.8,373057
2013-02-01,102.15,106.5,100.95,103.25,42424
2013-02-04,100.9,104,100,104,31971
2013-02-05,99.05,101.35,97.5,100.05,26633
2013-02-06,100.05,102.5,98.15,100.65,25279
2013-02-07,97.65,100.35,97.25,100,8618
2013-02-08,98,98.85,97.25,97.75,10210
2013-02-11,101.05,101.6,96.35,97,15119
2013-02-12,100.3,101.9,97.85,101.6,19171
2013-02-13,100.6,101.1,99.05,100.95,14415
2013-02-14,97.5,101,96.5,101,12072
2013-02-15,96.15,98.55,95.1,98.55,5031
2013-02-18,99,100.25,97,97.05,8057
2013-02-19,98.05,99,96.6,99,5834
2013-02-20,101.2,102,97.75,100.6,16362
2013-02-21,100.55,102.95,97.65,100,23200
2013-02-22,99.7,100.85,98.5,100,4076
2013-02-25,96.3,100.4,95.75,98.1,12683
2013-02-26,94.7,99.45,94.2,96.3,11192
2013-02-27,93,96.8,92,94.3,10765
2013-02-28,91.4,96.45,88.9,93.05,9490
2013-03-01,90.85,94.8,88.95,94.8,8997
2013-03-04,86.85,94.7,86.3,90.8,8109
2013-03-05,89.6,90,87.55,88.25,10853
2013-03-06,92.85,94.95,89.25,93.1,14278
2013-03-07,91.6,96.5,90.65,96.45,41877
2013-03-08,91.8,94.25,91.15,91.75,9290
2013-03-11,89.75,93.7,89,93.7,10179
2013-03-12,89.85,91,88.8,89.5,8168
2013-03-13,88.25,93.75,87.65,87.65,8441
2013-03-14,87.45,90.9,81.25,81.25,20245
2013-03-15,87.6,89.85,87.5,89.85,2099
2013-03-18,86.6,87.9,86,87,3455
2013-03-19,85,86.9,84.25,86.55,4107
2013-03-20,81.95,88,80.3,84.5,7800
2013-03-21,79.45,83.85,77,80.95,7511
2013-03-22,77.05,79.5,77,78.5,36323
2013-03-25,76,80,75.1,79,19749
2013-03-26,79.1,81.9,77.05,77.05,12136
2013-03-28,80.8,84,77,84,10698
2013-04-01,85.15,86.7,81.2,81.25,3344
2013-04-02,87.8,89,84.1,85,2232
2013-04-03,84.2,88,83.3,86,4589
2013-04-04,85,85.35,82,82.55,11927
2013-04-05,85.4,87,84,86.95,15441
2013-04-08,85.15,86.3,83.5,85.1,4478
2013-04-09,85,86.6,84.95,85.15,7070
2013-04-10,85.15,86.5,83.25,84.5,3180
2013-04-11,86.25,86.5,85,85.25,1290
2013-04-12,85.75,87.25,83.75,85.55,2064
2013-04-15,86,88.5,84.2,88.5,944
2013-04-16,86,87,84.3,87,2238
2013-04-17,84.4,85.95,83.1,85.65,4256
2013-04-18,85.2,85.55,84,84,4191
2013-04-22,84.6,90,83.5,90,5533
2013-04-23,85,85.5,84.55,84.6,4228
2013-04-25,85.2,85.65,84.75,85.15,2708
2013-04-26,84.95,89,83.7,89,2892
2013-04-29,85.1,86.25,83.8,84.6,5239
2013-04-30,85.9,86.1,84,84.5,1804
2013-05-02,85.15,87.2,84.2,85.2,2537
2013-05-03,83.7,86,83.05,83.05,473
2013-05-06,84.15,85.75,83.3,84.6,1974
2013-05-07,84.7,86.7,84.6,85.8,1195
2013-05-08,83.1,84.9,81.15,84.65,4555
2013-05-09,82.5,85.5,81,83.1,3518
2013-05-10,84.3,86.95,82,82.05,13757
2013-05-13,83.4,85,82.4,85,927
2013-05-14,82.6,85.9,82.4,82.8,4108
2013-05-15,85.15,86.45,83,83,9614
2013-05-16,84.15,87.5,83,87.5,4245
2013-05-17,84.45,85,82.55,83.65,6521
2013-05-20,84.25,85.5,83.5,85.1,3865
2013-05-21,83.5,85,82.35,83.65,1749
2013-05-22,83.15,84,82.75,84,3153
2013-05-23,78.35,83,77.1,83,7759
2013-05-24,79,80.35,77.05,78,1282
2013-05-27,81.35,81.95,78,78.5,9846
2013-05-28,82.5,83.95,81,83.95,30337
2013-05-29,79.35,83.5,76.5,82,8572
2013-05-30,73.55,79,72,79,25146
2013-05-31,73.05,75,72.95,73,4735
2013-06-03,72.05,73.05,70.65,72.5,4204
2013-06-04,73.7,74.9,70.2,71.7,8175
2013-06-05,70.5,73.7,68.7,73.7,12833
2013-06-06,69.7,71.5,68.35,70.4,6535
2013-06-07,71.05,73,69.5,73,3635
2013-06-10,66.65,70.9,64.2,70.5,7746
2013-06-11,67.15,67.9,65.7,66,4831
2013-06-12,69.75,70.15,67,67,4106
2013-06-13,68.6,71.15,68,69,1390
2013-06-14,66.95,70.5,65.85,69,3227
2013-06-17,68.2,69.2,67.2,67.2,1647
2013-06-18,68.6,69.85,68,69.85,471
2013-06-19,66.15,67.65,65.75,67.65,7293
2013-06-20,65.15,66.1,64.2,65.65,2766
2013-06-21,61.85,66,60,65.5,3112
2013-06-24,61.85,65,61.05,65,1811
2013-06-25,60.2,63.65,59,63,6320
2013-06-26,58.15,62,57.65,59.65,3145
2013-06-27,55.9,59.5,54.05,58,8016
2013-06-28,58,59.95,55.7,56.8,5064
2013-07-01,65.9,67,58,61.45,8067
2013-07-02,62.6,67.45,62.15,67.45,2878
2013-07-03,60.45,62.6,59,62.2,2407
2013-07-04,60.8,62.65,60.4,60.6,2722
2013-07-05,60.8,62.95,60,62.95,3144
2013-07-08,59.2,62.2,59,60.2,4341
2013-07-09,59.65,61.45,59.1,60.9,1491
2013-07-10,57.5,59.6,57,59.6,4954
2013-07-11,58.95,65,58.8,65,6395
2013-07-12,57.5,60.2,57.1,59,1815
2013-07-15,58.3,59.45,57.15,57.9,3686
2013-07-16,58.9,59.25,58.2,58.2,983
2013-07-17,58.15,60,58,59.2,4943
2013-07-18,58.85,59.5,58.5,59,1942
2013-07-19,57.55,59.75,57.25,59.4,2551
2013-07-22,53.45,60,52.85,60,12039
2013-07-23,54.4,61.9,52.05,53.45,42824
2013-07-24,52.55,54.8,50.5,53.7,23142
2013-07-25,51.3,53.35,49.05,51.5,15691
2013-07-26,50,52.5,49.65,52.5,15849
2013-07-29,49.9,53.8,49,53.8,8656
2013-07-30,45.65,50,43,50,33269
2013-07-31,47.35,50,43.1,45,11144
2013-08-01,44.45,48.5,43.7,46.95,16749
2013-08-02,40.35,46,38.65,42.5,40195
2013-08-05,43.5,45.95,39.05,45.95,5675
2013-08-06,43.3,44.2,40.85,43.1,11582
2013-08-07,44.55,45.5,41.5,43,6955
2013-08-08,46.3,47,42.3,44,5960
2013-08-12,43.55,47.9,43.1,46,10936
2013-08-13,44.95,46.45,42.9,44,8562
2013-08-14,44.5,47.4,43.35,44.4,19835
2013-08-16,43.05,45.6,42.5,45.6,5181
2013-08-19,44.7,51.5,41.9,42,35501
2013-08-20,48,48.85,43,44,12197
2013-08-21,49.1,53.9,47.6,48.5,38627
2013-08-22,48.45,50.5,47.6,48.5,4435
2013-08-23,48.55,51.4,47.75,51.35,4383
2013-08-26,55.95,58,47.25,48,38491
2013-08-27,56.5,63.5,54,58,397500
2013-08-28,52.45,56,51.55,56,31005
2013-08-29,50.75,53.85,50.25,52.55,13130
2013-08-30,51.6,53.6,50.05,50.2,21124
2013-09-02,52.5,54.7,51.65,53.5,37785
2013-09-03,49.65,52.7,48.7,51.85,10473
2013-09-04,49.3,50.55,46.85,49,13286
2013-09-05,50.7,51.55,49.1,49.85,28158
2013-09-06,51.35,53.05,50.1,51.05,12198
2013-09-10,51.8,53.15,51,53.15,4674
2013-09-11,52.6,53.7,51.05,51.35,18317
2013-09-12,52.15,53.75,51.5,53.75,14170
2013-09-13,52.25,52.65,51.6,52.15,15878
2013-09-16,52.8,53.7,52.5,53.7,8487
2013-09-17,49.85,53.15,47.4,52.65,48083
2013-09-18,49.25,51.2,48.8,50.05,9179
2013-09-19,49.4,50.75,49.05,50.75,6357
2013-09-20,49.4,57.95,49.2,50.4,19038
2013-09-23,49.85,50.9,49.25,50.5,3932
2013-09-24,49.35,51.35,49.1,49.75,8144
2013-09-25,49.1,50.7,47.55,50.7,2292
2013-09-26,47.9,49.3,47.8,49.1,6195
2013-09-27,48.75,49.15,47.8,48.7,8292
2013-09-30,48.6,49.9,47.55,48.75,5703
2013-10-01,49.4,49.7,48.25,48.25,4401
2013-10-03,49.2,50.7,49,49,4301
2013-10-04,50.75,52.9,50,50,22168
2013-10-07,50.2,51.55,50,51.5,6674
2013-10-08,50.8,52,50.1,51.9,18141
2013-10-09,53.5,55,50.8,50.8,45907
2013-10-10,53.05,54.95,51.7,54,13131
2013-10-11,53.6,54.5,53,53.45,10033
2013-10-14,54.9,56.95,53.5,56.95,8732
2013-10-15,53.85,55.7,52.75,55.7,12332
2013-10-17,55.7,56.45,51.75,53.5,16500
2013-10-18,54.75,55.8,53.6,55.75,10643
2013-10-21,59.05,60,56.1,59,115664
2013-10-22,57.75,60.25,56.8,59.85,17081
2013-10-23,56.75,58.75,56.25,58.75,9038
2013-10-24,56.4,58,56,58,9994
2013-10-25,54.75,56.95,54,56.95,5681
2013-10-28,54.85,56,54,56,11569
2013-10-29,55.2,55.8,52.55,54.25,5270
2013-10-30,56.6,57.95,53.55,54.55,13017
2013-10-31,59.7,60.35,54.6,55,62254
2013-11-01,60.35,61,58.3,59.7,52943
2013-11-05,67.85,72,66.1,70,98432
2013-11-06,65.45,67.5,63.6,67.5,31196
2013-11-07,66.05,70,65.6,68,64876
2013-11-08,65.55,67.1,64.8,66.05,12910
2013-11-11,63.8,66.35,63.1,66.05,7261
2013-11-12,62.75,65.15,62.1,65,8924
2013-11-13,62.55,64.5,60.55,62.5,8495
2013-11-14,62.2,64,61.25,62.5,5458
2013-11-18,61.7,64.8,61.1,62,8709
2013-11-19,62.95,63.4,60.2,60.2,4441
2013-11-20,71.05,71.9,62,63,163160
2013-11-21,74.9,78.9,73.65,76,905796
2013-11-22,68.6,74.3,68.1,74.3,131173
2013-11-25,67.75,70.05,66,69.1,26021
2013-11-26,66.65,68.2,65.9,67.5,29643
2013-11-27,67.15,69.6,65.5,69.3,62401
2013-11-28,67.75,69.2,66.55,66.55,40253
2013-11-29,66.85,68.95,66.5,68.95,26870
2013-12-02,69.9,71.8,66,66,104619
2013-12-03,67.75,69.55,66.6,69,36147
2013-12-04,70.5,73.85,67.15,68.7,171081
2013-12-05,70.5,72.25,70,71.8,45866
2013-12-06,71.1,73.75,70,70.85,68445
2013-12-09,72.15,73,70.95,72.65,75078
2013-12-10,73.55,75,71.75,72,90558
2013-12-11,72.95,73.6,72.05,73.6,36224
2013-12-12,75.35,79,74.65,76.95,340958
2013-12-13,72.15,74.8,71.65,74.8,38252
2013-12-16,71.4,72.95,70.4,72.95,20533
2013-12-17,72.2,73.9,71.65,73.4,42068
2013-12-18,72.85,73.7,71.25,72.3,15024
2013-12-19,71.35,74,70.7,73.45,15848
2013-12-20,71.95,72.8,70.5,70.85,12194
2013-12-23,78.25,79,71,71.75,101744
2013-12-24,80,82.2,78.35,80.25,373408
2013-12-26,80.7,82.5,78.5,80.9,78700
2013-12-27,80.25,82.5,80.1,81.85,52835
2013-12-30,78.15,81.9,77.2,81.9,30518
2013-12-31,77.8,80.4,77,78.55,26864
2014-01-01,78.85,79.85,78.1,79.6,15775
2014-01-02,76.4,80,75.1,78.95,25543
2014-01-03,75.1,76,73.5,75.65,12846
2014-01-06,76.25,77.2,74.7,77,14689
2014-01-07,75.2,78,74.6,77.95,15169
2014-01-08,75.1,77.8,74.65,77.8,4681
2014-01-09,74.65,76.6,72.65,75.35,17099
2014-01-10,74.1,76.4,73.5,76.4,21632
2014-01-13,73,75.6,72.9,75.6,5080
2014-01-14,72.05,73.8,71.5,73,5265
2014-01-15,73.05,76,72.15,73,23583
2014-01-16,73.25,74.6,73.05,73.55,8676
2014-01-17,70.65,73,70.25,73,6401
2014-01-20,71.3,73.7,70.1,73.7,3461
2014-01-21,72.65,74.75,71.3,71.7,9999
2014-01-22,73.1,74.4,72,72.4,9018
2014-01-23,72.15,74.25,72,74.25,6194
2014-01-24,70.15,73.35,70,73.35,8169
2014-01-27,68.1,69.7,67.85,69.7,8925
2014-01-28,69.45,70,66.55,69.75,6580
2014-01-29,69.45,71.95,69.2,69.45,6764
2014-01-30,66.85,69,66.55,69,6741
2014-01-31,67.2,70,60.25,67.85,213672
2014-02-03,67.55,69.8,66.6,68,5998
2014-02-04,72.05,72.9,66.25,67,32570
2014-02-05,79.95,82,70.6,71.7,80746
2014-02-06,75.95,82.5,75,82,228800
2014-02-07,74.85,77.8,74.1,76,24106
2014-02-10,73.7,75.6,73.2,75,11055
2014-02-11,72.2,73.95,71.1,73.5,12952
2014-02-12,73.1,74.5,70.6,71.7,22377
2014-02-13,73.1,74.1,71,72.5,22429
2014-02-14,75.2,76.25,72.65,73,25102
2014-02-17,74.8,78,73.7,78,90165
2014-02-18,74.2,75,73.5,74.7,2149
2014-02-19,73.7,75,73,75,11671
2014-02-20,73.3,74.9,72.05,73.15,9360
2014-02-21,72.2,73.95,72.05,73.75,9609
2014-02-24,72.7,74.9,72.25,72.25,13248
2014-02-25,72.7,74,72.2,74,7871
2014-02-26,74.25,77.85,72.25,72.5,37852
2014-02-28,73.45,75,73.15,73.85,11894
2014-03-03,74.25,74.75,72.8,73,18818
2014-03-04,73.55,74.9,72.45,74.7,29483
2014-03-05,73.65,74.65,73.25,73.6,10101
2014-03-06,75.5,76.8,73.95,74.7,75521
2014-03-07,76.35,78.9,76.05,76.9,60217
2014-03-10,75.6,76.85,75,76,9065
2014-03-11,76.25,76.5,75.1,75.5,12484
2014-03-12,76.55,77.5,76,76.5,12021
2014-03-13,76.6,77.6,76.05,76.05,8771
2014-03-14,76.5,76.7,76,76.1,10256
2014-03-18,77,77.5,75.5,76.5,26586
2014-03-19,75.6,78.3,74.4,78.3,12632
2014-03-20,77.25,77.7,75.1,75.15,23150
2014-03-21,82.6,88.4,79,79.9,437160
2014-03-24,80.45,82.5,78.8,81.05,24187
2014-03-25,81.2,83.25,80.55,81.95,65972
2014-03-26,78.3,82.9,78,81.5,35105
2014-03-27,77.8,79.95,77.55,78.5,10260
2014-03-28,78.9,79.2,77.1,77.5,14032
2014-03-31,79.2,80.5,78.4,79.1,23263
2014-04-01,82.3,83.75,77.8,78.6,109238
2014-04-02,83.65,84.9,82.55,82.6,27007
2014-04-03,82.4,84.4,81.6,83.1,11982
2014-04-04,83.65,84.4,81,83.9,14226
2014-04-07,81.5,83,81,83,7702
2014-04-09,84.75,85.9,81,81,21193
2014-04-10,83.05,85,82.5,85,19062
2014-04-11,86.4,87.45,85,85,77128
2014-04-15,83.45,87.05,83,84.1,23000
2014-04-16,82.7,85.95,81.5,83,12977
2014-04-17,83.9,85.4,81.5,81.9,18260
2014-04-21,88.05,89.8,85.5,85.75,93819
2014-04-22,88.55,91.95,86,87.5,37227
2014-04-23,86.15,91,82.85,88.6,19425
2014-04-25,84.05,86.5,84,85.65,9185
2014-04-28,83.4,84.5,82.3,84.5,17559
2014-04-29,87.35,88.5,82.55,82.6,27747
2014-04-30,87.9,89.85,85.5,86.5,85351
2014-05-02,88.7,90.5,87.45,89,365838
2014-05-05,87.2,90.4,86.25,88.9,26279
2014-05-06,88.5,91.7,87.05,87.05,52096
2014-05-07,88.5,91.6,87.75,90.5,49336
2014-05-08,87,89.9,86.2,88.95,19784
2014-05-09,85.55,88,84.6,87.7,24808
2014-05-12,86.75,88,85.05,85.05,24052
2014-05-13,87.75,89.9,86,86.5,81085
2014-05-14,87.05,89,86.65,88.05,18456
2014-05-15,88.1,90.55,86.05,87.9,112177
2014-05-16,87.2,92.4,86,90.95,20123
2014-05-19,104.6,104.6,88,89.95,171810
2014-05-20,103.2,107.7,99.45,106.05,73360
2014-05-21,100.35,105.5,99.2,102.5,46114
2014-05-22,109.75,118,100.1,102.85,79154
2014-05-23,109.75,114.7,106,112,55386
2014-05-26,99.4,113.5,95.1,111,49468
2014-05-27,103.35,105,99,103.95,22532
2014-05-28,110.1,110.8,104.7,105.8,39561
2014-05-29,103.55,112.9,102.65,110,29030
2014-05-30,110,116,105,108.5,83536
2014-06-02,107.65,111.8,106.25,109.05,21680
2014-06-03,109.75,111,106.55,107.55,26852
2014-06-04,112.3,113.45,108.65,110.8,23026
2014-06-05,112.95,115.45,109.25,113.5,27770
2014-06-06,127.65,131.1,112,113,391287
2014-06-09,124,128.6,120,128.6,99733
2014-06-10,122.4,125,117.65,123,21105
2014-06-11,118.65,124.85,116.55,124.7,29878
2014-06-12,116.45,119.4,115.25,119.4,35251
2014-06-13,110.3,119,107.5,115.7,24972
2014-06-16,109.65,110.95,103.7,109,22062
2014-06-17,109.7,113.95,106.05,109,15815
2014-06-18,124.6,128.15,110.1,111,207946
2014-06-19,119.3,127,118.05,124.7,116495
2014-06-20,115.45,120.9,112.65,120.9,24487
2014-06-23,115.2,118.45,114.25,118.45,15398
2014-06-24,121.3,122.7,113,113,43204
2014-06-25,116.75,122.5,115,122.5,55726
2014-06-26,121.05,121.9,115.5,115.5,48827
2014-06-27,119.6,124,117.3,124,71810
2014-06-30,122.8,126.8,119,119,66495
2014-07-01,124.05,124.95,121.5,123.2,23026
2014-07-02,148.85,148.85,124,124,512155
2014-07-03,151,168.8,143.65,154.5,1029967
2014-07-04,148.95,154.8,145,150,105189
2014-07-07,156.3,163.8,147.15,148.25,174847
2014-07-08,142.3,158.75,138,157.9,63678
2014-07-09,133.15,143.9,131.25,140,37124
2014-07-10,135.85,140.95,125.3,137.65,59203
2014-07-11,129.25,140,126.25,135.55,25574
2014-07-14,132.4,136,128.9,130.4,35365
2014-07-15,132.15,135.3,130.3,132.1,27915
2014-07-16,135,139.85,132.6,136,61311
2014-07-17,140.55,143.95,134.25,134.25,43383
2014-07-18,151.8,160,140,140.6,233115
2014-07-21,154.3,158,150.3,153.3,65685
2014-07-22,157.7,160,156,157.3,89661
2014-07-23,153.7,161.9,151.25,159.3,149395
2014-07-24,164.25,165.5,148.2,155.45,268810
2014-07-25,155.8,168.8,154.6,167.9,299106
2014-07-28,160.55,166,151.25,154.95,136503
2014-07-30,163.75,175.4,161.55,173.55,312322
2014-07-31,191.6,196,160.3,166.5,1341313
2014-08-01,200.75,215.65,184.65,187.8,1701197
2014-08-04,211.5,217.25,202.3,202.3,533313
2014-08-05,206.6,216.3,204.1,212.85,286237
2014-08-06,202.8,211.9,200.75,204.1,194792
2014-08-07,201.8,209.9,200.05,204,119866
2014-08-08,193.75,201,192,199.8,90682
2014-08-11,198.8,202.5,191.05,198.7,193348
2014-08-12,206,213,197.85,198.95,325789
2014-08-13,226.6,226.6,206.8,206.9,606326
2014-08-14,234.2,248.7,230,231.4,560943
2014-08-18,242.2,250.9,230.1,235.7,254850
2014-08-19,244.1,249.9,240.5,244,142730
2014-08-20,240.8,248.7,239.9,246.7,86397
2014-08-21,240.55,245.65,238.25,245,84533
2014-08-22,239.55,245.35,234.95,243,86025
2014-08-25,250.25,258,239.85,240.7,206199
2014-08-26,275.25,275.25,250.3,251.7,430852
2014-08-27,262.95,291.35,249.5,283,686378
2014-08-28,263.45,272.8,261,265.95,135636
2014-09-01,273.35,275.9,260,264.9,153076
2014-09-02,275.25,277.8,273,276.2,90348
2014-09-03,270.75,277.9,267.5,277.5,103573
2014-09-04,277.8,283.4,266.6,269.85,156350
2014-09-05,279,285.75,275.1,279.9,79644
2014-09-08,280.3,284.6,277.05,280,46426
2014-09-09,277.55,281.95,270.5,270.5,48546
2014-09-10,282.55,292.05,274.55,274.8,163434
2014-09-11,280.6,291,276.45,289,133134
2014-09-12,280.85,284.9,277.1,282.6,68393
2014-09-15,279.4,286,272,280.5,76087
2014-09-16,262.3,284,254.7,277.05,79728
2014-09-17,265.15,272.5,260.7,267.95,39985
2014-09-18,272.45,285,265,265,49430
2014-09-19,271.85,280,268.45,274,19561
2014-09-22,299,299,268.5,278,258808
2014-09-23,319.4,324.85,302,308,486644
2014-09-24,310.55,335.7,306.1,321.7,406269
2014-09-25,295.35,316.9,292,311.95,123998
2014-09-26,296.85,305,278.1,295,97708
2014-09-29,301.8,311.8,297.85,302.9,100420
2014-09-30,330.4,331.95,304,304,393570
2014-10-01,339.2,344.4,316.15,333,347099
2014-10-07,337.8,348.5,331.65,340.8,205427
2014-10-08,348.45,366.5,336.65,339.95,441791
2014-10-09,341.8,356,339,353.7,114340
2014-10-10,336.25,348,326.1,341.95,96937
2014-10-13,341,346.8,331.9,331.9,67777
2014-10-14,337.35,348,335.1,341,67150
2014-10-16,320.45,340.7,315.15,325.5,126931
2014-10-17,319.1,328,316,316.35,66004
2014-10-20,321.2,334.75,319,323.25,38491
2014-10-21,322.6,325,312,318,55586
2014-10-22,339.4,350.95,324.5,328,169590
2014-10-23,341.5,344.85,339,343.3,52991
2014-10-27,343.1,353.2,332,341.8,93190
2014-10-28,344.85,353,342,345,61013
2014-10-29,355,364,335.45,347.65,405354
2014-10-30,366.65,374.95,351.6,356.9,374573
2014-10-31,412,432,375,375,1220948
2014-11-03,421.85,435.7,408.35,415,443608
2014-11-05,418.7,429.95,414.15,421.9,154683
2014-11-07,424.6,436.3,416,419.95,130405
2014-11-10,419.55,428.45,416.75,427,57489
2014-11-11,420.2,426.65,417.25,422,45376
2014-11-12,422.65,437.4,420.2,422,105308
2014-11-13,481.1,498,425,425,790431
2014-11-14,487.95,504.75,461,484.85,409089
2014-11-17,512.85,534,484.3,491.4,497735
2014-11-18,498.4,528,493.15,514,225514
2014-11-19,491,514.65,481.25,498.85,169447
2014-11-20,479.7,495.75,476,495,68495
2014-11-21,500.05,507.7,478,478,272704
2014-11-24,501.25,514,496.55,500.7,132703
2014-11-25,488.5,505.6,475,502,64690
2014-11-26,492,500,484.1,489.4,106228
2014-11-27,486.45,496.9,485,496.9,41333
2014-11-28,479.65,503.6,475,490,101162
2014-12-01,494.55,502.7,480.95,489.95,106417
2014-12-02,496.85,504.5,483,488,118398
2014-12-03,514.05,523.95,497.45,498,175863
2014-12-04,504.85,519.15,494,517.95,120967
2014-12-05,496.65,509.5,495.2,504.85,68083
2014-12-08,505.35,514,491.6,500,55449
2014-12-09,490,508.8,475,494,53346
2014-12-10,498.1,506.6,481,487,45916
2014-12-11,490.8,509.5,485.5,500,33772
2014-12-12,492.6,511.85,486.05,486.05,82976
2014-12-15,479.1,496,475,489.2,47683
2014-12-16,473.2,479.95,466,479.1,67790
2014-12-17,473.35,475,438.9,473,83216
2014-12-18,479.75,493.05,472.05,480,55722
2014-12-19,484.2,489,475.75,486,36181
2014-12-22,479.7,486,476,485,17967
2014-12-23,472.35,484.95,470,479.95,18973
2014-12-24,468.55,478.8,465.4,470.15,15226
2014-12-26,476.6,492,465.1,465.1,52157
2014-12-29,480.95,494.95,473.05,473.05,75992
2014-12-30,485.7,514,442.2,481,384639
2014-12-31,481.5,494.45,479.05,485,157739
2015-01-01,480,491.5,476.6,485,85004
2015-01-02,485.35,489.9,480.5,482.9,52991
2015-01-05,488.3,497.9,482.55,488,156972
2015-01-06,478.35,490.3,468.4,487.95,170334
2015-01-07,478.35,488,475.5,475.5,96092
2015-01-08,477.85,489.45,476.1,482.1,68636
2015-01-09,472.75,486,466.85,481.1,73464
2015-01-12,469.2,484.5,466.25,473.95,83207
2015-01-13,467.15,472.05,465,468,44358
2015-01-14,460,469.95,455.05,469.95,54411
2015-01-15,470.45,473,457.65,464.05,54712
2015-01-16,468.55,476.3,467,476.3,24540
2015-01-19,487,494,468.55,468.55,112676
2015-01-20,504,516,493,493,346154
2015-01-21,493.25,514.3,490.2,504.2,81129
2015-01-22,495.6,504.5,492.4,498.7,83662
2015-01-23,493.75,508.4,482,500,84687
2015-01-27,498.45,503.1,495.9,499,60329
2015-01-28,501.95,506.6,495,499.4,81827
2015-01-29,496.75,507.9,493.55,505.95,34474
2015-01-30,474.45,501.5,471.2,498.25,160835
2015-02-02,468.65,481.1,456.25,481.1,114803
2015-02-03,465,479,455.1,455.1,51942
2015-02-04,471.4,483.65,445,473.4,171340
2015-02-05,467.45,477.85,460.1,469.85,79518
2015-02-06,460.2,465.05,452.4,465.05,23115
2015-02-09,453.95,465.05,445.1,465.05,25703
2015-02-10,452.55,463.5,448,455.85,51900
2015-02-11,473.5,481,457.05,457.1,51769
2015-02-12,493.35,496,476.75,480.15,75520
2015-02-13,496.35,507,493.55,495.95,158666
2015-02-16,500.85,503,494.7,499.55,74248
2015-02-18,500.25,502.75,497,501.1,30888
2015-02-19,492.15,505,486,505,19229
2015-02-20,494.25,504.9,480.15,490.85,69959
2015-02-23,496.25,500.5,491.6,491.6,26252
2015-02-24,496.1,499.8,493,497,28832
2015-02-25,494.55,501.7,486.05,494.3,12668
2015-02-26,482.1,499,478.2,487,56207
2015-02-27,509.75,560,500.1,560,756550
2015-03-02,506.05,518.95,498,517,24012
2015-03-03,505.85,509.8,501.1,501.15,13492
2015-03-04,508.45,521.5,500.05,510,66800
2015-03-05,514.7,520.9,501.65,509.55,138416
2015-03-09,512.05,517.5,507.85,507.85,15801
2015-03-10,519.1,523,502.1,502.1,47111
2015-03-11,616.55,622.9,518,524.5,938961
2015-03-12,598.3,634.9,590.6,630,321809
2015-03-13,568.65,615,565,605,88629
2015-03-16,584.75,602,545.5,565,199479
2015-03-17,585.2,618,575.55,588.4,157751
2015-03-18,585.75,609,581,587,33496
2015-03-19,595.35,615,585,588,139157
2015-03-20,593.05,599,586.2,598.35,33376
2015-03-23,571,599.8,562.1,595,30875
2015-03-24,572.7,588.5,563.8,571,30886
2015-03-25,579.9,584.95,565,570.15,23790
2015-03-26,577.25,586,572.15,582.3,27700
2015-03-27,570.7,586.1,557,577,50006
2015-03-30,590.55,599.9,573,573,25402
2015-03-31,585.9,602.8,576,582.15,30209
2015-04-01,621.7,627.7,583.85,584.5,99918
2015-04-06,645,653.4,621.3,627.2,94332
2015-04-07,660.9,664.75,638,646,48185
2015-04-08,680.65,683.8,661.1,666.5,55288
2015-04-09,674.65,700,666.25,685,113874
2015-04-10,672.4,688.25,661.6,678.7,41369
2015-04-13,668.85,681,665,674.9,19978
2015-04-15,648.25,672.05,643,669.3,25732
2015-04-16,640,652,628.25,652,17655
2015-04-17,621.2,641.55,615,641.5,11786
2015-04-20,607.15,625,597.15,620.75,30894
2015-04-21,624.7,629,598.8,600,23880
2015-04-22,619.3,636.3,587.2,636.3,54405
2015-04-23,623.15,634.2,615.4,620,16224
2015-04-24,602.1,621.25,595,616,45261
2015-04-27,592,609.7,575.25,609.7,38172
2015-04-28,614.7,622,582.5,599.05,39523
2015-04-29,617.9,624.9,602.75,609.15,16757
2015-04-30,598.7,612.8,586.15,612.8,43045
2015-05-04,595.25,607,594.95,605.5,17943
2015-05-05,589.95,594.95,577,594.3,35270
2015-05-06,585.05,595.95,575.2,589.4,37431
2015-05-07,546.25,580,537.55,580,29495
2015-05-08,583.2,594,542,548.25,40011
2015-05-11,588.85,604,577.3,588,41466
2015-05-12,553.45,588,551.55,580,19552
2015-05-13,556.55,570,545.2,553.15,37642
2015-05-14,576.75,579.5,552,556.05,19692
2015-05-15,589.15,601.5,574.85,579,14501
2015-05-18,605.85,614.8,592,592.05,44794
2015-05-19,615.95,621,605.7,616,32511
2015-05-20,655.85,661,618.05,618.05,102255
2015-05-21,646.2,661,623.25,655.85,43730
2015-05-22,643.1,655,616.95,645,16117
2015-05-25,628.05,640,617.1,640,11037
2015-05-26,632.3,639,617.5,622.3,33315
2015-05-27,642.1,657,623.5,657,27785
2015-05-28,659.75,667.25,634,645.95,54069
2015-05-29,621.45,654.15,617,649.8,189862
2015-06-01,546.4,589,534.2,589,153047
2015-06-02,517.95,557.15,513.9,540,48581
2015-06-03,509.8,518.9,488.4,518.9,73047
2015-06-04,499.5,527.75,497.5,514.05,54091
2015-06-05,516.15,524.9,490,494,25135
2015-06-08,496.7,526.65,492,510.05,15495
2015-06-09,502.55,513.9,486,486.05,45046
2015-06-10,495.2,512.9,491.5,500,37248
2015-06-11,451.3,502.5,441.1,502.5,150638
2015-06-12,437.75,451.55,426,451.55,63779
2015-06-15,435.75,449,430,449,27190
2015-06-16,479.15,492,430.25,433.55,70659
2015-06-17,485.5,494.7,481,485.9,30981
2015-06-18,513.5,521.9,481.45,481.45,50456
2015-06-19,510.95,538,508.1,510,60137
2015-06-22,526.8,544.9,510,510,59101
2015-06-23,540.6,554,529.05,531.05,93032
2015-06-24,518.8,547.2,515,543.1,30216
2015-06-25,527.55,534.8,518.05,520.1,26734
2015-06-26,519.1,528,516.05,528,16998
2015-06-29,513.95,519.1,500,519.1,15790
2015-06-30,508.65,524.15,505.8,516.2,16504
2015-07-01,512.5,523.9,509.15,512.35,18684
2015-07-02,516.95,534.15,507,514.95,46436
2015-07-03,512.85,527.25,510.1,517,16766
2015-07-06,520.65,533.25,495,512.85,84918
2015-07-07,505.65,535,501.1,524.7,48308
2015-07-08,496.35,515,491.5,502,50361
2015-07-09,481.35,505.05,478.55,499.7,38152
2015-07-10,476.2,492.75,473.2,475.1,17783
2015-07-13,472.45,482.4,470.5,478.85,19200
2015-07-14,472.15,476.65,465.15,474.45,16872
2015-07-15,469.2,485,466.55,478,30193
2015-07-16,484.8,498,462.5,477.95,52607
2015-07-17,495.6,503.35,479.55,485,47016
2015-07-20,505.45,514.45,499,501.9,85749
2015-07-21,497.35,520,491.5,508.75,60925
2015-07-22,495.85,506.7,490.05,502,23385
2015-07-23,486.7,500,485,500,8070
2015-07-24,485.45,495.95,481.5,491.35,18199
2015-07-27,480.15,488.95,475,485,9821
2015-07-28,473.25,488,471.5,481,9586
2015-07-29,475.1,480.9,473,476,12950
2015-07-30,459.35,499.9,446,484.55,156259
2015-07-31,478.85,522.9,455,459,220859
2015-08-03,522.65,532.5,478.1,481.1,192845
2015-08-04,551.4,563,521,528,112646
2015-08-05,589.7,599.9,557.35,557.35,93136
2015-08-06,574.55,593.05,570,583.05,37043
2015-08-07,587.3,602.55,572,574.95,52947
2015-08-10,570.2,596.05,562.65,587,30460
2015-08-11,548.45,577.2,541.4,574.35,21567
2015-08-12,537.45,555,520.1,548.45,43177
2015-08-13,539.5,553.8,534.1,547.5,21946
2015-08-14,538.5,550,520,540,27489
2015-08-17,529.25,541.8,525,534.95,16626
2015-08-18,535.85,539.6,523,529.65,21838
2015-08-19,528.45,545,524.35,544.45,16318
2015-08-20,551.2,563.5,520,525,45775
2015-08-21,535.2,555,532,553,19892
2015-08-24,479.45,529.95,428.25,529.95,162085
2015-08-25,508.45,530,401.5,495,39178
2015-08-26,528.95,540,484,505,31128
2015-08-27,536.55,549.9,524.5,535,17346
2015-08-28,526.85,560,518,531.05,27322
2015-08-31,519.4,530,509.55,524.35,9475
2015-09-01,492.65,520,482.05,505,63342
2015-09-02,487.5,506.3,478.4,504.95,12578
2015-09-03,472.5,525,463,493.05,23555
2015-09-04,484.05,493.5,455.2,475.15,18833
2015-09-07,481.4,494,467.05,489,14843
2015-09-08,462.85,484.05,456.1,481.4,21490
2015-09-09,463.75,479.9,460.15,474.95,32294
2015-09-10,449.15,463.95,447,462.95,26721
2015-09-11,447.95,459.9,445,457.95,11186
2015-09-14,448.55,459.45,445.5,451,12545
2015-09-15,446.9,454.65,444,445.05,8043
2015-09-16,443.75,452.95,432.3,452.9,15413
2015-09-18,451.35,455.75,433,449.95,13270
2015-09-21,453.9,458.95,441.55,449.1,8340
2015-09-22,449.8,473.9,445.1,459.9,18657
2015-09-23,446.9,456.5,435.5,443.05,10458
2015-09-24,439.9,454.65,436,454.65,11887
2015-09-28,439.4,453.75,437.3,443,12100
2015-09-29,446.8,459.95,435,436,26449
2015-09-30,477.7,483.95,448.25,450,27266
2015-10-01,483.4,488.95,475,477.75,9288
2015-10-05,492.8,494.7,485.1,485.7,13619
2015-10-06,485.65,495.95,482.55,493.05,8424
2015-10-07,498.6,517.95,479.95,484.95,43475
2015-10-08,502.15,512,483.5,493.05,9477
2015-10-09,498,511,493.6,503.3,8582
2015-10-12,505,511,494.85,510.95,7088
2015-10-13,504.8,509.95,495.25,509.95,6096
2015-10-14,530.15,543.95,496,498.05,58661
2015-10-15,526.6,559.95,521.3,535,26577
2015-10-16,520.8,532.9,516,526.65,13676
2015-10-19,523.25,527.9,518.5,520.65,12672
2015-10-20,520,536.8,516,536.8,20529
2015-10-21,520.55,524.1,519,524.1,5869
2015-10-23,520.6,525,520,520.05,6168
2015-10-26,520.05,530,519.15,520.05,16316
2015-10-27,515.1,525,514.9,518.85,12290
2015-10-28,515.4,517.95,511.05,516,4055
2015-10-29,526.05,531.15,513.35,513.4,15065
2015-10-30,538.35,552.9,516,516,38248
2015-11-02,487.8,525,481,525,140721
2015-11-03,479.2,498.9,470.05,487,18312
2015-11-04,480.3,498.7,479.95,498.7,7499
2015-11-05,479.05,485.6,470,475.2,11465
2015-11-06,475,480.3,470.25,477,3631
2015-11-09,469.35,477.95,450,472.55,3737
2015-11-10,474.45,476.5,464.95,474.25,3905
2015-11-11,479.55,480,475.75,475.75,649
2015-11-13,462.85,480,460.1,475,6126
2015-11-16,466.45,479.9,462,463.45,4829
2015-11-17,465,475,462,470.05,13036
2015-11-18,465.7,469.65,462.75,468.05,7543
2015-11-19,466.15,469.85,465,465.65,4705
2015-11-20,465.95,472.75,465,468.1,6433
2015-11-23,466.15,485.05,463.6,470.85,12765
2015-11-24,467.9,472.7,461.05,461.1,4325
2015-11-26,465.05,474.95,463,463.05,27145
2015-11-27,464,471.3,463.7,463.95,9459
2015-11-30,454.4,467.05,450,464.05,9395
2015-12-01,455.1,458.85,452.7,456,6880
2015-12-02,454.6,459.95,450.3,458.45,28221
2015-12-03,445.45,456.95,442.1,451.05,15413
2015-12-04,444.6,451.95,441.5,443.05,13979
2015-12-07,440.7,450.85,437.6,448.7,30318
2015-12-08,436.2,462,435,459.75,19626
2015-12-09,429.9,440.8,427,439.55,9481
2015-12-10,426.25,435,420,434.8,7017
2015-12-11,407.3,432.8,402.3,429.15,45540
2015-12-14,405.15,412,390,405,45649
2015-12-15,412.5,418,402.15,405.15,40226
2015-12-16,403.15,428.9,400,428.9,34629
2015-12-17,428.45,431,405,406,42559
2015-12-18,451.2,465,425.3,425.3,35367
2015-12-21,447.7,460.8,445,450,5005
2015-12-22,450.3,453.9,438,445,14150
2015-12-23,450.15,453,444.65,452.95,11197
2015-12-24,458.9,462.9,445.5,445.5,10256
2015-12-28,465.85,477.7,458.1,477.7,7688
2015-12-29,474.9,476.95,465.05,469.95,11133
2015-12-30,475.25,479.5,469,470.05,6906
2015-12-31,475.1,488.5,474.9,477,84962
2016-01-01,482.95,489.8,476.1,480,5410
2016-01-04,474.95,483.95,458.95,458.95,6504
2016-01-05,476.2,487.75,475,484.95,4778
2016-01-06,476.05,483.7,475,483.65,6630
2016-01-07,465.05,475,465,470.55,6563
2016-01-08,465.05,469.2,461.05,461.05,3895
2016-01-11,461.8,465.55,445.05,460.95,5366
2016-01-12,450.25,469.9,450,468.05,3672
2016-01-13,442.45,458.05,401.1,458.05,9582
2016-01-14,441.2,450.7,419.95,438,4048
2016-01-15,432.5,447.75,421,443.5,8299
2016-01-18,416.65,440,400.05,440,4936
2016-01-19,425.75,437,400,425.3,4144
2016-01-20,410.55,428.95,398.8,421,7388
2016-01-21,403.3,425,401.1,425,2901
2016-01-22,410.3,420,406.55,419.95,2970
2016-01-25,413.7,429,410,419.85,6345
2016-01-27,411.15,424.65,407,424.65,2724
2016-01-28,410.6,416.9,403.5,403.5,2088
2016-01-29,411.05,417.9,408.95,415,3675
2016-02-01,380.45,403.9,375.1,396.1,30191
2016-02-02,377.6,389.95,372.35,389.95,8832
2016-02-03,370.9,379.8,365.1,373.05,3079
2016-02-04,347.2,377,340.75,372,9176
2016-02-05,359.7,366,331.1,359.8,15820
2016-02-08,367.8,369.5,347.9,360,3275
2016-02-09,362.7,379.7,352.3,365,2445
2016-02-10,345.05,378.8,325,370,6526
2016-02-11,316.45,348.95,306.1,338,8456
2016-02-12,309.95,317.6,301,316,8966
2016-02-15,315.6,322.95,304.5,308,3307
2016-02-16,307.55,327,305,322,2725
2016-02-17,305.35,315.1,300,307,3694
2016-02-18,308.45,325,300,311.15,10907
2016-02-19,307.1,315,303.05,305.3,3299
2016-02-22,312.55,315,304.1,304.1,1362
2016-02-23,297.85,311,296.15,310.1,6819
2016-02-24,291.75,299,290.5,299,2175
2016-02-25,285.05,292,280.1,292,5769
2016-02-26,288.3,293.15,284.05,286,2790
2016-02-29,288.95,295,285.1,295,2072
2016-03-01,298.75,309.9,283.4,283.4,20520
2016-03-02,298.35,314,291,298.2,30686
2016-03-03,299.45,303,295,298.5,7365
2016-03-04,319.6,332.15,297.1,303.95,26421
2016-03-08,314.55,324,311.6,319,6099
2016-03-09,312.7,320,306,313.95,3115
2016-03-10,309.9,317.8,308.5,317.8,4482
2016-03-11,307.9,315.8,307,315.8,1834
2016-03-14,314.15,318.95,305.9,318.95,4755
2016-03-15,334.75,338,315,319.7,44665
2016-03-16,335.7,360,331,335.05,22746
2016-03-17,326.15,340,317.7,336.65,10381
2016-03-18,332.9,339.5,321.4,321.4,12088
2016-03-21,329.95,335.9,329,335.9,4455
2016-03-22,324.55,335,321.3,330,5806
2016-03-23,322.15,328,319.2,327.85,6574
2016-03-28,305.8,329.6,305,322.15,9944
2016-03-29,311.6,318.1,303,304,9264
2016-03-30,317.9,325,308.9,317.1,7184
2016-03-31,317.9,323.95,311,315.1,10334
2016-04-01,324.4,332.1,319.55,329.45,13849
2016-04-04,328.1,334.65,324.4,324.4,9602
2016-04-05,322.15,333,320,328,5758
2016-04-06,327.15,332,322.3,328.7,22942
2016-04-07,321.5,330,314,330,4838
2016-04-08,329.1,332,321,323.05,8324
2016-04-11,367.5,376.55,330,330,246768
2016-04-12,367.85,376.8,356.3,369,53423
2016-04-13,364.7,375.7,362.05,370,12764
2016-04-18,387.2,397.9,365,365,68515
2016-04-20,394.8,397.9,383,387,45675
2016-04-21,383.95,403.5,382,399.4,15050
2016-04-22,377.7,385,376,383,4451
2016-04-25,366.05,381,364.5,377.2,10656
2016-04-26,366.1,375,359.1,366.05,8284
2016-04-27,360.15,370,355.9,364,9531
2016-04-28,351.5,369,345.6,369,14501
2016-04-29,347.8,356.75,343.85,356.75,6280
2016-05-02,343.3,349.95,337.1,346.1,5938
2016-05-03,355.3,360,346,350,10974
2016-05-04,352.55,358.5,350,350,5166
2016-05-05,368.45,371.95,354.95,358.45,23722
2016-05-06,362,373,359,373,4757
2016-05-09,383.2,385,365,365,17631
2016-05-10,373.5,389.85,370,375,11772
2016-05-11,365.7,379,361,375,16677
2016-05-12,369,376,364,364,5679
2016-05-13,375.4,380,365,374.95,13578
2016-05-16,387.9,391.7,370.2,373.7,14027
2016-05-17,387.2,390,380,388,7580
2016-05-18,405.9,409,382,390.25,68601
2016-05-19,379.4,408,377,402,140036
2016-05-20,370,386.35,361.2,379,16941
2016-05-23,354.3,375,348.1,375,30878
2016-05-24,341.7,358.8,340.1,351.5,16107
2016-05-25,346.55,356,329,345,9412
2016-05-26,338.15,349.85,335.3,345.25,15393
2016-05-27,335.9,344.2,329.05,337,30928
2016-05-30,339.55,362,337,343.8,47298
2016-05-31,341.7,346.85,338.45,346.85,11220
2016-06-01,338.6,345,332.1,340.3,17133
2016-06-02,338.7,344.5,332.25,338.1,10640
2016-06-03,339.45,349.45,338,344.95,20863
2016-06-06,337.45,344.65,336,339,7256
2016-06-07,331.1,344.95,328.6,339.35,20985
2016-06-08,339.4,342,330.5,330.5,71614
2016-06-09,338.15,345,334.5,342,5878
2016-06-10,335.45,343,334.5,335,5857
2016-06-13,334.5,341.85,332,336,5780
2016-06-14,331.15,338,329,338,11283
2016-06-15,340.45,342,332.1,339.45,10760
2016-06-16,336.3,341.2,333,335.4,6606
2016-06-17,335.65,342.35,333.5,339.4,8967
2016-06-20,336.55,339,333,335.65,2750
2016-06-21,335.1,342.35,333.25,339.5,8587
2016-06-22,333.45,339.9,333.1,339.9,7147
2016-06-23,334.4,337.8,330.55,333.55,2852
2016-06-24,327.5,331.5,309,330,8506
2016-06-27,329.05,337.35,326.6,336.95,9342
2016-06-28,330.85,337,328.8,334,10734
2016-06-29,328.6,338,325.1,338,35602
2016-06-30,331.65,335.1,329,329,19749
2016-07-01,349.25,358.8,330,333,63580
2016-07-04,349.95,358,348.75,352.7,24302
2016-07-05,347.4,352.5,346,349,18467
2016-07-07,343.6,349,338,345,8137
2016-07-08,347.5,351,343,343,10169
2016-07-11,363.1,369.6,349,349,51677
2016-07-12,370.8,376.8,362.25,370,52906
2016-07-13,367.35,375,362.5,371,13995
2016-07-14,365.45,371,364.5,367.8,9675
2016-07-15,372.6,378,366.2,366.2,35028
2016-07-18,371.8,379,366.5,375,11538
2016-07-19,373.7,377.9,370.1,370.5,14408
2016-07-20,382.75,391,371,375,56565
2016-07-21,377.95,387.9,375,387,29626
2016-07-22,379.95,400,376,396.1,73944
2016-07-25,379.75,389.1,375.4,381.95,21842
2016-07-26,369.25,384.55,365.5,381.05,11097
2016-07-27,363.25,375.7,362,372.15,11643
2016-07-28,377.2,384,366.1,366.1,25378
2016-07-29,384.3,389.75,372.1,372.1,41789
2016-08-01,388.15,390.9,383.3,384,81329
2016-08-02,378.25,389.95,376.5,385.15,16610
2016-08-03,380.25,387.9,377,387.9,18023
2016-08-04,379.75,386,377.95,383.8,17750
2016-08-05,384.1,388.75,378,387.2,10573
2016-08-08,388.85,390.95,373,385.1,31246
2016-08-09,386.6,389.4,382.1,382.1,7801
2016-08-10,386.05,388.5,385,387,7237
2016-08-11,386.3,388,384.95,386,18521
2016-08-12,386.15,390.1,378,386.5,3923
2016-08-16,387.75,390,381.05,390,3422
2016-08-17,390,398,384,390.1,7440
2016-08-18,387.5,394.9,384,384.15,7572
2016-08-19,387,392.7,384.1,384.1,3714
2016-08-22,389.5,397.9,385.35,391.6,10804
2016-08-23,390.85,395,386.55,390,5377
2016-08-24,387.05,392,385.25,390,4836
2016-08-25,391.15,394.55,385.8,389.95,6786
2016-08-26,391.3,394.9,383,388,68579
2016-08-29,390.3,394.4,387.6,390,4017
2016-08-30,388.2,393.5,385.55,387,5047
2016-08-31,392.05,394.8,386.5,387,21442
2016-09-01,392.45,396,392,392.05,3470
2016-09-02,387.7,395.95,386,395.95,6810
2016-09-06,392.7,396,383.2,389.2,19997
2016-09-07,389.55,400,387.05,387.05,8720
2016-09-08,395.05,397.25,390,394.7,20422
2016-09-09,395.95,398,392.2,394,9393
2016-09-12,385.7,393.5,383,391,3248
2016-09-14,394.8,397.75,386.05,397.75,15229
2016-09-15,439.65,466,395.5,396.5,261532
2016-09-16,429.9,447.3,424.2,444.95,52515
2016-09-19,444.5,449,426.8,426.8,57687
2016-09-20,438.5,447,430,441.15,32599
2016-09-21,439.8,444.9,435.05,439.65,11873
2016-09-22,434.3,446.5,431.1,444,10831
2016-09-23,441.4,443.5,430,442,15854
2016-09-26,439.05,442.9,434.5,441.85,8993
2016-09-27,437,444.95,434.2,435,8983
2016-09-28,436.5,442,433,439,4542
2016-09-29,397.9,441.9,362,440.95,24365
2016-09-30,414.25,420.8,400.5,409.85,7442
2016-10-03,435.4,441.9,414,414,19400
2016-10-04,440.3,442.4,425.05,428.25,7361
2016-10-05,440.35,452,440,440.3,7735
2016-10-06,437.55,445,435.55,440.25,15395
2016-10-07,440.35,446.95,435.1,442.2,4158
2016-10-10,445.95,449,436,446.95,93644
2016-10-13,437.75,442.25,422,438.05,24182
2016-10-14,469.25,481,438.3,440.15,26982
2016-10-17,469.55,486.85,461.55,472.95,20921
2016-10-18,478.9,484,471,478.4,17210
2016-10-19,484.3,487.2,472,486.9,30550
2016-10-20,486.05,493,480,485,22825
2016-10-21,478.45,489.8,474.95,489,12658
2016-10-24,505.55,509.9,483,484.9,38868
2016-10-25,506.6,512,495,509.95,23158
2016-10-26,526.45,539,504,514,68424
2016-10-27,522.1,536,517,517.1,35171
2016-10-28,540.65,550,531.2,541.75,92839
2016-11-01,522.8,548,520,548,9338
2016-11-02,507.55,530,501.25,525,16276
2016-11-03,493,520,481.2,510,21088
2016-11-04,479.35,497.9,463.05,492.95,25034
2016-11-07,477.25,508.8,475,493.7,16934
2016-11-08,486.6,499,481.3,495,14053
2016-11-09,464.75,498.45,430,464.9,18512
2016-11-10,450.7,491.85,440.1,474.1,105027
2016-11-11,409.25,452,406,440,60805
2016-11-15,381.95,423.8,365,423.8,39660
2016-11-16,376.85,395,370,393,20769
2016-11-17,387.05,390.95,373.5,379.85,18976
2016-11-18,406.3,409.9,388.1,392.9,37172
2016-11-21,401.6,419.7,395.65,419.7,23204
2016-11-22,432.3,438.9,402,414.95,33367
2016-11-23,439.65,444,425,434.9,17673
2016-11-24,431.35,439,429.15,430.9,35219
2016-11-25,435.25,445,433.3,445,9763
2016-11-28,432.9,438,430,435.15,13227
2016-11-29,426.85,436.6,424.5,432.25,12568
2016-11-30,428.6,430.25,424.75,429.95,3234
2016-12-01,428.35,433.9,421.4,426.45,57264
2016-12-02,421.9,425,408,425,8588
2016-12-05,458.45,460,421.9,421.9,82366
2016-12-06,448.65,463.8,446,459,12045
2016-12-07,441.55,454.5,440.3,448.5,7932
2016-12-08,445.75,451,435.2,441.55,22203
2016-12-09,448.9,451.9,433,442,17687
2016-12-12,431.1,448.55,429.05,446,32296
2016-12-13,442.35,444.95,427,430.5,7198
2016-12-14,431.45,442.95,430.1,436.15,2819
2016-12-15,449.65,460.5,425,425,19371
2016-12-16,439.2,450.05,436.1,450,1669
2016-12-19,438.25,443.85,433.55,440.15,1450
2016-12-20,428.05,445,425.5,444.95,14258
2016-12-21,425.7,440.75,425,434.85,7373
2016-12-22,431.4,434,421,425.6,4433
2016-12-23,425.6,436,422.05,434.85,2138
2016-12-26,429.4,432.6,418.05,421,11150
2016-12-27,442.5,450,434,434,21488
2016-12-28,456.6,465,438.1,444.5,26117
2016-12-29,455.3,469,444,453.05,12776
2016-12-30,456.7,461,450.1,455.3,4230
2017-01-02,450,461,448.2,461,9834
2017-01-03,453.65,459,448.5,448.5,3735
2017-01-04,451.95,456,446.1,451,3950
2017-01-05,473.75,480.4,447,447.35,18801
2017-01-06,477.65,480,472.5,477.05,7246
2017-01-09,485.05,504,472,481.85,16635
2017-01-10,489.85,492,483,483.15,5048
2017-01-11,491.4,494,484,485,14572
2017-01-12,488.45,503,483,494,11191
2017-01-13,482.75,490,480.15,490,2780
2017-01-16,483.25,489.3,481.95,483.3,2487
2017-01-17,474.95,487,471.25,482,3333
2017-01-18,476.15,483.85,470.05,473,5468
2017-01-19,466.1,481.45,461.4,481.15,4477
2017-01-20,474.55,479.05,461,466,4932
2017-01-23,492.05,495,475.05,489.95,112249
2017-01-24,504.7,510.1,492.05,492.05,25452
2017-01-25,514.85,515.05,504,505.9,18931
2017-01-27,522.65,528,513.7,517.5,26198
2017-01-30,520.15,535.35,510.55,521.15,123647
2017-01-31,525.15,531,520.3,524.35,32864
2017-02-01,549.95,553.95,520,540,70059
2017-02-02,547.05,560,538,554,14813
2017-02-03,595.65,599,546,549,168965
2017-02-06,597.3,624.7,590.1,601.7,77411
2017-02-07,597.25,602.8,594,595.05,16144
2017-02-08,593.4,600,590,594.15,12357
2017-02-09,583.4,597,580.05,597,13806
2017-02-10,567.2,589.75,562.2,584,14536
2017-02-13,559.9,573.5,545.55,573.15,15352
2017-02-14,556.65,569.7,550,551,3485
2017-02-15,551.4,557.05,550,551.05,10824
2017-02-16,554.7,555,540,546,9955
2017-02-17,618.25,652,547,551.1,305459
2017-02-20,623.55,648.9,603.95,620,106163
2017-02-21,630.9,635.2,618,624,27728
2017-02-22,641.45,660,630,630,58036
2017-02-23,630.5,645.9,625,641.75,13251
2017-02-27,621.65,634.45,608.4,630,7370
2017-02-28,604.8,625.65,600.1,623.9,11774
2017-03-01,612.6,617.7,608,612.65,5590
2017-03-02,602.25,617,600.1,612.85,10704
2017-03-03,600.55,609.9,596.05,609.9,9761
2017-03-06,593.3,607,591.65,605,3706
2017-03-07,611.35,626.85,596.45,596.55,11073
2017-03-08,597.9,616.1,595,603.65,5013
2017-03-09,592.75,604,590,599.5,11082
2017-03-10,592.65,598,590.05,592.8,11865
2017-03-14,595.85,610,591.1,607,5180
2017-03-15,606.05,627,593.95,608,22507
2017-03-16,603.5,614.9,599.05,614.9,7628
2017-03-17,617.3,621,605.6,619.9,26629
2017-03-20,609.95,614.85,595.8,605,9357
2017-03-21,603.8,613,600,613,9135
2017-03-22,599.55,609.75,596,604.55,12119
2017-03-23,602.7,609.7,598,606.55,8070
2017-03-24,605.85,610,592.4,604.1,19971
2017-03-27,597.55,613,592.15,600.3,10761
2017-03-28,618.5,620,589,600,47905
2017-03-29,643.65,669,620,620,98265
2017-03-30,643.95,663.8,632.5,643.5,21412
2017-03-31,647.1,655,635,649.85,34524
2017-04-03,647.15,650,633.05,650,11064
2017-04-05,635.7,659.35,625,642.05,24937
2017-04-06,632.9,677.6,627.55,636.9,15484
2017-04-07,628.5,636.55,622,634.35,16073
2017-04-10,613.15,630,597.75,622.5,27194
2017-04-11,632,639.8,607,610.05,37884
2017-04-12,660.6,667.6,618,642,96438
2017-04-13,669.3,697,662,666,148653
2017-04-17,629.85,675.7,625,675.7,84658
2017-04-18,629,647,618.5,634.9,54191
2017-04-19,633.8,642,617.95,630,23085
2017-04-20,631.9,646.3,626.4,646.3,34220
2017-04-21,629.95,637.7,622,637,17926
2017-04-24,635.8,640,623.1,630.5,23407
2017-04-25,648.7,650.6,633.05,633.05,48315
2017-04-26,642.3,654,640.35,643.25,81880
2017-04-27,651.4,659,637.15,647.9,81765
2017-04-28,648.3,660.5,637,654,55279
2017-05-02,641.8,654.95,636,650.05,49204
2017-05-03,642.05,652.55,641,650.5,98843
2017-05-04,648.65,650,644,646,92859
2017-05-05,646.7,651.8,643.2,648.95,59298
2017-05-08,638.05,651,620.05,641,17373
2017-05-09,632.15,649.45,622.5,649.45,25503
2017-05-10,615.75,631,586.25,631,110114
2017-05-11,617.55,625,605.5,624.9,14611
2017-05-12,609.2,620.1,602.5,620.1,13438
2017-05-15,615.2,620,609.6,610.05,13937
2017-05-16,612.75,625.95,596,625.95,9303
2017-05-17,608.75,634,601.3,634,11069
2017-05-18,618.8,626.95,603,605.6,34493
2017-05-19,621.25,625,610,618,15528
2017-05-22,618.05,626,608.5,615,18875
2017-05-23,616.55,620,600,613,13110
2017-05-24,626.3,638,606,612,19776
2017-05-25,626.25,637,625,628,9428
2017-05-26,639.65,643,626,626,18485
2017-05-29,629.4,641.1,620.95,630,36747
2017-05-30,646.05,650,610,625.05,90313
2017-05-31,645.3,650.5,635,650,15590
2017-06-01,638.65,647,634.05,643.3,13913
2017-06-02,640.3,644.8,636,639.95,34819
2017-06-05,641.15,644,634,643,8263
2017-06-06,641.1,650,637.45,645.5,9891
2017-06-07,641.75,644.05,635.1,641.1,9890
2017-06-08,646.95,649,639.25,641.6,9880
2017-06-09,645.5,648,637.1,642.05,3790
2017-06-12,643.5,644.45,638.5,642.1,9300
2017-06-13,649.2,651.5,642.05,645.95,10379
2017-06-14,664.7,674.8,643.3,643.35,27507
2017-06-15,669.65,675,658.35,673.7,18257
2017-06-16,676.45,685,658.45,674.75,18412
2017-06-19,668.2,672.3,661,671,19820
2017-06-20,667.7,682.25,663.1,668,8822
2017-06-21,671.05,674.7,661.95,670,13936
2017-06-22,749.55,757,669.15,669.15,816043
2017-06-23,733.05,756.8,726,756,74279
2017-06-27,717.1,737.6,713.15,736,18120
2017-06-28,723.75,729.85,712.1,712.1,9816
2017-06-29,718.1,739.9,711.1,723.8,16526
2017-06-30,719.5,729,711.05,711.05,8448
2017-07-03,742.55,749.9,717.85,719.8,24168
2017-07-04,749.1,750,743.15,746.9,19451
2017-07-05,769.55,790,735,735.05,110975
2017-07-06,760.75,774.9,752.15,771.9,24296
2017-07-07,745.1,760,740.2,751.05,8139
2017-07-10,743.4,775,727.4,739.45,3351
2017-07-11,719.2,751.9,711,742.05,11411
2017-07-12,740.15,744.9,719.15,719.15,12792
2017-07-13,738.8,749.5,728.3,748.95,164468
2017-07-14,726.95,745,725,733,6929
2017-07-17,718.55,740,715.2,739.95,6756
2017-07-18,718.55,727.05,713.45,723.95,5907
2017-07-19,726.95,737.8,712.05,712.05,12637
2017-07-20,722.15,737,717.15,727.05,5611
2017-07-21,724.05,749.85,720.15,735,36727
2017-07-24,706.65,734.95,701.1,734.85,9421
2017-07-25,709.1,717.85,707,717.85,4171
2017-07-26,706.4,716.8,705,711.05,4096
2017-07-27,703.3,719.4,698,702,7373
2017-07-28,718.8,725.65,688.95,690.1,19021
2017-07-31,709.1,734.9,704,725,10253
2017-08-01,702.55,715.3,699.95,715.3,8226
2017-08-02,700.45,706.75,695.2,702.5,3136
2017-08-03,692.15,699.75,687.15,696,3972
2017-08-04,676.7,691.15,675,690,40938
2017-08-07,671.35,684.75,662,676,14018
2017-08-08,666.85,673.95,663.25,673.9,6151
2017-08-09,659.85,668.15,653.5,660,11946
2017-08-10,647,658.15,645.5,652.05,4825
2017-08-11,639.6,646,628.8,645,7946
2017-08-14,666.95,669,641.6,641.6,2353
2017-08-16,654.35,669,650,664.9,2338
2017-08-17,661.4,666,650.1,659.45,2716
2017-08-18,677.25,691,655,655.25,122110
2017-08-21,691.35,717.9,685.9,685.9,6341
2017-08-22,702.5,720,690,700,238383
2017-08-23,701.35,718,691.3,691.3,8212
2017-08-24,696.1,705,689.9,701.15,5122
2017-08-28,689.7,715.95,683,715.95,1910
2017-08-29,700.2,710.4,688.55,694.5,7794
2017-08-30,716.9,720,693,710,3021
2017-08-31,714,720.55,705.1,705.1,2074
2017-09-01,715.05,720,700.35,720,3606
2017-09-04,696.1,713.35,689,702,4494
2017-09-05,701.65,713.45,695,703.85,6851
2017-09-06,728,744.8,712.35,714.65,53974
2017-09-07,731.8,734.9,716.35,728.15,5893
2017-09-08,730.1,737,720.45,734.4,8122
2017-09-11,723.25,733.3,717.1,733,2444
2017-09-12,721.3,731.95,717.25,721.95,2862
2017-09-13,717.25,729.45,714,721.3,7442
2017-09-14,708.2,722.85,699.95,719.85,4178
2017-09-15,727.15,734,701.5,705.05,142353
2017-09-18,727.35,731,716,727.15,12624
2017-09-19,726,729.75,716.1,722.4,20159
2017-09-20,720.4,725,717.1,721.6,5959
2017-09-21,730.55,735,720.05,731.15,5699
2017-09-22,723.65,735,711.1,724.55,5602
2017-09-25,722.1,728.1,689.95,715.05,8374
2017-09-26,722.15,729.8,706.55,715.05,144079
2017-09-27,709.4,730,691.3,727,8027
2017-09-28,711.6,720,694.7,711,8117
2017-09-29,721.85,729.7,710,718.85,5166
2017-10-03,718.95,732.95,712.1,732.95,2246
2017-10-04,732.05,738,709.1,713,6566
2017-10-05,720.25,732,719,731.95,2669
2017-10-06,720.7,727.75,719.95,724.3,6665
2017-10-09,725.1,732,720,725,36138
2017-10-10,748.85,758,724.55,725.15,22155
2017-10-11,772.05,794.9,758.5,761,48997
2017-10-12,779.1,785.95,759.8,766.65,7053
2017-10-13,795.4,806.9,780.5,787.9,45447
2017-10-16,808.2,826.9,793.55,795.4,807450
2017-10-17,811.5,819.7,807.65,810,76401
2017-10-18,858.3,888.75,805.6,805.6,174754
2017-10-19,910.9,949,855.55,859.8,60021
2017-10-23,903.85,934.5,891,916.9,66505
2017-10-24,890.55,920,878.6,911.75,47373
2017-10-25,890.45,910,889.65,900,27475
2017-10-26,922.8,936,886.35,886.35,73814
2017-10-27,939.35,944.9,911,929,92066
2017-10-30,950.8,1015,945,945,277740
2017-10-31,961.55,974.7,953.8,955,38141
2017-11-01,911.85,967.05,900,965,26882
2017-11-02,895.05,925.55,875.8,925.5,29998
2017-11-03,898.4,907.8,880.2,893.3,8611
2017-11-06,924.7,940,895,904.75,43583
2017-11-07,957.1,972.3,893.25,931.95,74099
2017-11-08,986.45,1029.25,937.4,951,66863
2017-11-09,1055.95,1108,966,996,160817
2017-11-10,1070.7,1092.65,1025,1056,54592
2017-11-13,1121.6,1150,1055.05,1055.05,104577
2017-11-14,1147.35,1158.75,1115,1129.7,73710
2017-11-15,1180.6,1199.75,1123.05,1147.35,84932
2017-11-16,1194.5,1195,1165,1189.95,229763
2017-11-17,1225.95,1244,1205,1210,59623
2017-11-20,1259.1,1314.65,1216.45,1235,253628
2017-11-21,1300.3,1319.8,1260,1269.95,88621
2017-11-22,1291.9,1325,1270.15,1310.1,51360
2017-11-23,1305.1,1325,1279.6,1280,39785
2017-11-24,1297.25,1332,1286.1,1295.25,33636
2017-11-27,1312.7,1329,1281.4,1295,25957
2017-11-28,1361.9,1395,1310.5,1310.5,120769
2017-11-29,1394.65,1400,1355.55,1370.5,71084
2017-11-30,1407.45,1435,1375,1382,99954
2017-12-01,1468.3,1485,1402.05,1402.05,81697
2017-12-04,1454.8,1500,1440.1,1480.05,70765
2017-12-05,1417.2,1474,1400,1455,51032
2017-12-06,1398.6,1431.55,1385,1418.5,31359
2017-12-07,1411.9,1424.75,1390,1409.5,22784
2017-12-08,1378.05,1425,1369,1412.7,20628
2017-12-11,1358.85,1377,1340,1375.1,25936
2017-12-12,1291,1360.85,1275.05,1360.85,32597
2017-12-13,1297.25,1313,1232,1281.8,63310
2017-12-14,1278.5,1324,1249.3,1300,22890
2017-12-15,1292.1,1329.5,1275,1281.1,53251
2017-12-18,1349.4,1386.75,1202.5,1300,55927
2017-12-19,1395.3,1400,1357.95,1358,43906
2017-12-20,1386.15,1410,1355,1409,34999
2017-12-21,1400.45,1440,1391.35,1404.95,27066
2017-12-22,1396.2,1415,1376,1376,22172
2017-12-26,1381.35,1406.95,1370,1397,12837
2017-12-27,1381,1400,1359,1390,18342
2017-12-28,1375.75,1399.8,1365,1394,7588
2017-12-29,1362.2,1375.75,1344.95,1367,10653
2018-01-01,1362.5,1390,1340,1350.35,12502
2018-01-02,1328.4,1365.35,1317.6,1365.35,13913
2018-01-03,1307.25,1337,1300,1337,12423
2018-01-04,1423.45,1449.75,1287,1303.05,61995
2018-01-05,1432.65,1476.75,1415.05,1476.75,34522
2018-01-08,1420.75,1446.15,1399,1435,29743
2018-01-09,1410.35,1429.75,1378.3,1420.75,12486
2018-01-10,1442.5,1472,1397.55,1426.4,119850
2018-01-11,1514.85,1546.95,1425,1451,98607
2018-01-12,1497.2,1530,1480,1522,13285
2018-01-15,1484.65,1518,1460,1500,14743
2018-01-16,1453.35,1494.45,1431.05,1494.45,8846
2018-01-17,1430.6,1450,1406.55,1445,7505
2018-01-18,1423.35,1450,1394.9,1440,39378
2018-01-19,1419.25,1439.95,1383.6,1439.95,49766
2018-01-22,1416.2,1437.6,1391.25,1437.6,7098
2018-01-23,1415.65,1430,1396.25,1420,7854
2018-01-24,1385.85,1425,1360.05,1425,15798
2018-01-25,1347.6,1420.1,1315,1420.1,22946
2018-01-29,1331.6,1399.9,1320,1355,23397
2018-01-30,1296.65,1398,1274.1,1340,16294
2018-01-31,1269.25,1285,1205,1264.25,20540
2018-02-01,1229.5,1290,1215,1269.25,7638
2018-02-02,1216.4,1240,1181.05,1228,23415
2018-02-05,1275.9,1319,1086,1156.1,19468
2018-02-06,1269.15,1278,1149.95,1200,8289
2018-02-07,1303.75,1324.7,1262,1288,11778
2018-02-08,1366.25,1375.85,1295,1295,14753
2018-02-09,1379.55,1395,1290,1358,19954
2018-02-12,1382.3,1399.9,1362.35,1379.55,4111
2018-02-14,1320.9,1391.2,1300,1383,8591
2018-02-15,1306.9,1338.7,1299.05,1330.1,6476
2018-02-16,1300.5,1324.95,1291,1315,3694
2018-02-19,1308.55,1319.95,1290.1,1310.5,3657
2018-02-20,1306.4,1320.05,1294,1320.05,3705
2018-02-21,1359.8,1375,1292.1,1297,17641
2018-02-22,1362,1378,1330.2,1351.05,11718
2018-02-23,1394.5,1421,1356.3,1363.85,14084
2018-02-26,1379.1,1407.45,1354.5,1394.5,7127
2018-02-27,1437.95,1445,1373.2,1386.75,13492
2018-02-28,1435.55,1445,1405,1435,7925
2018-03-01,1419.45,1440,1371,1430.3,12134
2018-03-05,1358.1,1410,1336.65,1410,9381
2018-03-06,1328.55,1400,1320,1375,4370
2018-03-07,1302.7,1365,1259,1320,22822
2018-03-08,1330.2,1349,1283,1322,27403
2018-03-09,1332.65,1352.45,1320,1338.95,11875
2018-03-12,1331.4,1340,1323,1340,7547
2018-03-13,1362.15,1380,1325,1333.95,4952
2018-03-14,1356.7,1368.95,1333.8,1341.4,3466
2018-03-15,1331.45,1370.95,1320.4,1356.7,5876
2018-03-16,1328.2,1369,1301,1322,9398
2018-03-19,1287.1,1360,1275.2,1360,7084
2018-03-20,1297.8,1315,1266,1285.9,7238
2018-03-21,1276.8,1336,1267,1288.05,16801
2018-03-22,1255.05,1280.05,1242.2,1280.05,13851
2018-03-23,1211,1252.1,1201.65,1247,11336
2018-03-26,1178.5,1220,1169.05,1211.95,17468
2018-03-27,1160.15,1200,1150.5,1200,19020
2018-03-28,1142.45,1174.95,1120,1174.95,25770
2018-04-02,1161.95,1174.9,1146,1156.75,15254
2018-04-03,1178.4,1197.95,1154.05,1161.95,8969
2018-04-04,1198.4,1229.5,1173,1173,19017
2018-04-05,1230,1239,1212.05,1214.95,8415
2018-04-06,1217.95,1248.45,1209.35,1220,6047
2018-04-09,1217.6,1240,1201.5,1210,8476
2018-04-10,1210.15,1243.8,1193.1,1234,7700
2018-04-11,1214.5,1227,1194.9,1227,4736
2018-04-12,1203.15,1215,1185.05,1201,5941
2018-04-13,1174.7,1222.85,1162.05,1222.85,8544
2018-04-16,1208.1,1219.7,1155.5,1174.7,9506
2018-04-17,1217.15,1240,1210,1223.85,9700
2018-04-18,1206.45,1230,1178,1223,8673
2018-04-19,1208.85,1230,1200,1230,3944
2018-04-20,1209.8,1220.85,1205,1219,9224
2018-04-23,1203.9,1239,1195.5,1215.3,8304
2018-04-24,1216.6,1230,1209.4,1213.25,4016
2018-04-25,1200.65,1228.65,1191.1,1228.65,8923
2018-04-26,1203.25,1217.95,1190.85,1207.9,3269
2018-04-27,1207.5,1219.9,1196.05,1219.9,3658
2018-04-30,1224,1239,1190,1212,7014
2018-05-02,1220.35,1251,1215,1230,10016
2018-05-03,1184.05,1234.95,1180,1234.95,7346
2018-05-04,1204.4,1211.7,1167.65,1191.9,7103
2018-05-07,1299.15,1374.95,1195.05,1212,83595
2018-05-08,1313.9,1374.7,1303,1317,50538
2018-05-09,1359.3,1420,1310,1310.2,131654
2018-05-10,1349.95,1387.15,1335.05,1359.3,13240
2018-05-11,1297.6,1357.6,1276.3,1349.95,14143
2018-05-14,1312.9,1324.8,1280,1315,8733
2018-05-15,1368.95,1404.8,1301,1343.95,49595
2018-05-16,1391.2,1404,1340.05,1350,44516
2018-05-17,1363.75,1417,1341,1397.95,20139
2018-05-18,1343.1,1367.95,1340,1367.95,90700
2018-05-21,1322.45,1350,1297,1321.05,25396
2018-05-22,1329.85,1348.95,1319.45,1334.95,46412
2018-05-23,1294.65,1338.6,1271,1338.6,15594
2018-05-24,1274.6,1327,1255.55,1299,15770
2018-05-25,1317.7,1325,1279.15,1279.15,14637
2018-05-28,1376.1,1380,1325,1325,25617
2018-05-29,1349.2,1394,1302.25,1377,46197
2018-05-30,1293.95,1349.9,1272.2,1349.9,28502
2018-05-31,1320.1,1340,1255.55,1293.95,121857
2018-06-01,1271.55,1317.1,1265,1317.1,13584
2018-06-04,1193,1279.2,1171.1,1275,28889
2018-06-05,1115.25,1199.95,1075,1199.95,40305
2018-06-06,1104.25,1128.35,1072.6,1095.35,25792
2018-06-07,1239.3,1260,1105,1105,49686
2018-06-08,1269.15,1285,1220.2,1239.3,21452
2018-06-11,1247.2,1275,1230.5,1261.5,9359
2018-06-12,1263.2,1273.75,1215.25,1244.45,13616
2018-06-13,1240.2,1290,1229.65,1260.6,13188
2018-06-14,1263.15,1274.8,1221.65,1241,27482
2018-06-15,1249.8,1283.25,1233.1,1263.15,8218
2018-06-18,1249,1264.9,1235.45,1250.7,5971
2018-06-19,1244.45,1265,1228.2,1245,9043
2018-06-20,1230.45,1262,1222.4,1250,6005
2018-06-21,1243.4,1250,1215,1227.95,26334
2018-06-22,1225,1240.05,1213.25,1230,11977
2018-06-25,1146.05,1229.75,1135.3,1211.1,27300
2018-06-26,1104.1,1145.15,1096.1,1128,21673
2018-06-27,1098.2,1115,1072,1091,16415
2018-06-28,1217.15,1244,1080.05,1120,61937
2018-06-29,1220,1239.7,1157.9,1213,26031
2018-07-02,1205.05,1228.45,1190,1220,5916
2018-07-03,1211.95,1230,1183.75,1195,5310
2018-07-04,1198.3,1224,1187,1206,4090
2018-07-05,1190.95,1216.4,1181.45,1199.2,3480
2018-07-06,1187.95,1214.15,1173.65,1190,3549
2018-07-09,1197.4,1203.85,1176,1176,7806
2018-07-10,1208.65,1217.95,1189.05,1197.35,3422
2018-07-11,1194.6,1219.95,1188.35,1219.95,2635
2018-07-12,1168.35,1217.95,1161.1,1181.95,12158
2018-07-13,1093.6,1188.95,1088,1177.7,20938
2018-07-16,1082.35,1127.05,1070.5,1094,16095
2018-07-17,1048.95,1096.3,1033,1081,18689
2018-07-18,1020.7,1056.35,985.45,1052,58460
2018-07-19,1004.65,1029.4,952.3,1005.7,34062
2018-07-20,1068.75,1092,992.6,992.8,12774
2018-07-23,1111.5,1178,1100,1109.95,40679
2018-07-24,1145.6,1150,1075,1100,15614
2018-07-25,1128.85,1146.2,1127,1132.95,4615
2018-07-26,1160.6,1189.6,1131.05,1139.2,29553
2018-07-27,1117.8,1178.8,1102,1177.1,31956
2018-07-30,1089.9,1120,1057.35,1119.9,17495
2018-07-31,1064.35,1098.65,1050.05,1098.65,24877
2018-08-01,1104.9,1124.2,1054,1068,17349
2018-08-02,1135.55,1145,1080,1106.95,11002
2018-08-03,1173.75,1195,1150.85,1150.95,22784
2018-08-06,1199.05,1215,1180,1204.95,14447
2018-08-07,1171.85,1190,1151,1186.05,13131
2018-08-08,1139.85,1164.25,1121.3,1158,16989
2018-08-09,1132.5,1161,1125.65,1140,3151
2018-08-10,1107.65,1147.9,1100.45,1131.9,7557
2018-08-13,1105.95,1119,1065.05,1100,11447
2018-08-14,1147.95,1154,1087,1087,11605
2018-08-16,1192.8,1220,1149.9,1149.9,51454
2018-08-17,1201.9,1219.8,1194,1202.35,18984
2018-08-20,1196.6,1235,1186,1201.9,9505
2018-08-21,1152.65,1205,1145,1176,12819
2018-08-23,1162.25,1181,1148,1155,6664
2018-08-24,1146.35,1161.95,1124.35,1151,13706
2018-08-27,1102.8,1149,1095.2,1128.95,22034
2018-08-28,1129.6,1145,1103,1103,15300
2018-08-29,1124.6,1139.4,1112,1125,6546
2018-08-30,1116,1135.85,1112.05,1125,6894
2018-08-31,1171.2,1190.85,1105,1112,20148
2018-09-03,1177.45,1208,1145.6,1187,22397
2018-09-04,1173.45,1204,1163.9,1204,12854
2018-09-05,1146.8,1189,1126.55,1188.9,11267
2018-09-06,1137.4,1159.15,1126.25,1147,10302
2018-09-07,1149.75,1155,1114,1132.2,34497
2018-09-10,1124.15,1152.15,1120,1149.75,10217
2018-09-11,1102.85,1144.9,1093.05,1122,13253
2018-09-12,1099.6,1130,1090,1130,6701
2018-09-14,1115.7,1125.05,1100,1100,3502
2018-09-17,1098.2,1122,1088,1121.2,5461
2018-09-18,1106.4,1113,1091,1091.05,2749
2018-09-19,1100.4,1106,1090,1100.55,3980
2018-09-21,1160.85,1190,1011.6,1100,20629
2018-09-24,1103.5,1190,1089,1161,11133
2018-09-25,1040.15,1115,1020,1090,16403
2018-09-26,1055,1083,1041,1041,8732
2018-09-27,1068.4,1134.15,1055.6,1095,25248
2018-09-28,1044.55,1088,1005,1070,25184
2018-10-01,1003.55,1030.85,975,1030.85,8168
2018-10-03,980.75,1019.95,975,1003.55,7544
2018-10-04,948,980.8,911,980.75,12997
2018-10-05,870.75,960,856.05,938.5,26301
2018-10-08,929.65,953.95,871,894.95,27595
2018-10-09,924.45,961.35,908.55,950,8679
2018-10-10,999.75,1020,906.15,906.15,17375
2018-10-11,1001.45,1040.25,950,977.95,14707
2018-10-12,1004.65,1044.7,998,1017.85,4329
2018-10-15,998.95,1026,995,1026,3763
2018-10-16,996.25,1022.45,989.3,999,4253
2018-10-17,971.7,1019,960,996,7500
2018-10-19,957.35,982.45,913.8,971.7,9176
2018-10-22,929.65,957.5,925,950.7,20951
2018-10-23,918.35,944.95,906.5,925.5,5752
2018-10-24,915.45,940.65,910.05,921,23341
2018-10-25,884.25,922.25,875,911.05,9744
2018-10-26,896.1,914.95,852,884.25,4790
2018-10-29,900.15,936.1,870,900.15,13893
2018-10-30,876.8,915,873,876,14423
2018-10-31,884.95,900.3,860.25,882.05,7464
2018-11-01,893.7,907.4,880,893.45,5817
2018-11-02,894.65,923.95,889.95,905.25,5957
2018-11-05,875.05,900,865,898.2,5162
2018-11-06,867.2,888.75,852.6,882.05,8966
2018-11-07,895.6,914,870,879.35,4302
2018-11-09,901.95,910,847.05,897,6503
2018-11-12,897.35,917.9,885.15,907.35,7437
2018-11-13,902,907.1,882.9,897.35,4027
2018-11-14,898.65,907.15,889,905,2423
2018-11-15,923.95,935.95,890.1,895,7091
2018-11-16,915.9,952,912.95,920.05,6201
2018-11-19,911.35,921.55,900.15,915.9,2162
2018-11-20,889.95,911,882.5,911,1857
2018-11-21,885.95,900,880,890,2969
2018-11-22,894.15,910,885.05,890,3853
2018-11-26,882.45,911.95,881,896,3657
2018-11-27,857,881.6,850,881,28715
2018-11-28,857.15,874.05,855,858.5,5154
2018-11-29,856,870.35,852.55,858.25,2467
2018-11-30,860.85,874,851.05,851.05,3230
2018-12-03,866.9,877,861,877,1240
2018-12-04,877.95,880,865,866,2832
2018-12-05,830.35,870.2,830,870.2,28654
2018-12-06,830.15,835.95,825,829.95,5959
2018-12-07,830.2,838.7,827.2,830,4019
2018-12-10,779.25,835.9,762.5,830,11108
2018-12-11,809.9,814.7,747,769.9,42265
2018-12-12,841,971.85,807.8,807.8,5593
2018-12-13,828.6,883.15,821.35,847.05,8636
2018-12-14,843.6,855,832.85,838.7,2393
2018-12-17,852.3,858.7,847.55,853,2481
2018-12-18,849.3,859.15,842,853,2608
2018-12-19,856.55,868,840.5,855.3,4830
2018-12-20,847.7,862.45,834,858.25,2693
2018-12-21,841.1,863,840,847,2814
2018-12-24,863.05,871.7,831.15,841.1,8793
2018-12-26,847.6,862.45,836,848.05,4079
2018-12-27,838.6,866.85,831,866.85,5385
2018-12-28,836.3,851.35,831.1,838.6,2263
2018-12-31,845.6,859.85,830,837.25,4646
2019-01-01,853.95,856,846.1,846.1,1376
2019-01-02,847.75,858,845,857,1788
2019-01-03,832.85,849,826,849,2213
2019-01-04,830.4,849,827.25,848.3,1702
2019-01-07,842.35,855,829.5,829.5,3066
2019-01-08,830.25,844,818,837.05,6951
2019-01-09,834.5,844.75,830,830,1931
2019-01-10,832.8,840,826.15,833.05,1837
2019-01-11,841.1,845,833,841.1,2744
2019-01-14,816.75,846,812.6,833.25,4864
2019-01-15,912.25,947.4,816.05,816.05,132427
2019-01-16,924.95,936.2,901.35,910.4,39604
2019-01-17,918.85,932.7,901.5,932.7,8740
2019-01-18,892.95,912.5,885,911.4,3112
2019-01-21,839,893.05,836,893,6573
2019-01-22,830.45,858,826,858,3383
2019-01-23,838.3,843.65,828,832,2358
2019-01-24,863.25,890.05,829.95,835.05,8272
2019-01-25,841.65,865.65,832.2,854.95,5513
2019-01-28,794.25,849.95,786.15,849.95,8697
2019-01-29,786.75,799,777.75,777.75,4072
2019-01-30,822.1,829,791.2,791.2,3609
2019-01-31,816.6,849.2,792.2,831.05,18785
2019-02-01,797.75,816,793.3,816,5567
2019-02-04,780.65,800.7,779.25,795.1,3440
2019-02-05,751.85,783.25,721.7,774.65,26546
2019-02-06,730.1,775,723.1,775,10318
2019-02-07,728.6,745.6,723.95,734.55,5552
2019-02-08,731.25,745,710,727.95,7412
2019-02-11,741.2,745,707.05,732.8,9032
2019-02-12,732.8,748.85,728.2,741,4269
2019-02-13,718.05,743.7,713,743.7,6149
2019-02-14,711.25,727.55,708,727.55,6584
2019-02-15,755.25,775,706.95,711.25,14371
2019-02-18,771.95,782,749.95,781,12419
2019-02-19,739.95,777.95,728.25,769.95,16202
2019-02-20,768.4,774,736.2,740,8596
2019-02-21,765,785,755.1,767,5226
2019-02-22,825.95,840,765.1,765.1,16175
2019-02-25,803,855,796.2,827,8969
2019-02-26,777.35,800.5,770,800.5,10900
2019-02-27,794.9,807,780,783,10408
2019-02-28,830.8,835,795.25,796.8,9649
2019-03-01,849.3,868,819.55,832,11007
2019-03-05,900.4,906,836.8,860,16683
2019-03-06,930.15,940,903.8,903.8,19605
2019-03-07,883.35,945,877.3,929.9,14985
2019-03-08,893.4,909,866.05,890,12300
2019-03-11,924.25,936,897,900,14894
2019-03-12,936.2,949,921,930,9817
2019-03-13,943.7,973.6,931,932.35,16202
2019-03-14,966.8,970,943.7,943.7,18437
2019-03-15,977,999.9,968.2,971,12692
2019-03-18,940.9,987.9,924.95,980.95,17250
2019-03-19,954.8,977.85,937.1,946.75,17437
2019-03-20,966.75,970,940.7,969.6,5285
2019-03-22,951.9,969.35,941.55,965.05,4670
2019-03-25,931.8,967.45,925.05,940,10700
2019-03-26,940.7,958,925,925.3,16367
2019-03-27,936,965.85,931.55,953.9,10060
2019-03-28,962.2,967,939,948,6946
2019-03-29,977.95,990,951,951.05,15164
2019-04-01,956.3,983.6,949.15,981,11964
2019-04-02,948.85,964,945.05,960.05,6055
2019-04-03,940.65,962.3,940,956.4,3665
2019-04-04,928.65,952.7,925.4,940.55,5371
2019-04-05,908.15,940,903.6,940,6315
2019-04-08,878.5,920,875,914.9,9236
2019-04-09,877.8,896,858.05,886.9,9077
2019-04-10,874.85,899.45,873,877,7144
2019-04-11,872.1,883.9,866.05,883.9,4694
2019-04-12,870.7,883,863.6,877,3754
2019-04-15,859.6,886.45,855.5,871,5329
2019-04-16,866.1,874.45,860,867.95,4671
2019-04-18,865.95,873,852.5,852.5,12157
2019-04-22,873.95,883.9,858.05,866.2,8105
2019-04-23,875.15,882.85,868.9,881.5,6307
2019-04-24,859.85,887,855.7,887,6242
2019-04-25,865.45,870.45,852.05,855,8046
2019-04-26,885.55,894.5,858.6,858.6,11272
2019-04-30,905.2,909,884.2,889.8,9320
2019-05-02,867.6,909,858,905.2,5734
2019-05-03,857.55,872.7,855.5,869.9,3601
2019-05-06,808.65,852,802.7,843.45,10163
2019-05-07,790.15,820.05,788,809.05,6832
2019-05-08,768.75,790.1,764.1,790.1,7266
2019-05-09,778.35,783.15,755.1,762.2,3143
2019-05-10,811.65,821.95,772.2,793,4198
2019-05-13,785.6,817.8,778,817.8,7504
2019-05-14,824.4,859.9,774.95,776.65,26807
2019-05-15,809.35,823.9,793.15,822.9,8512
2019-05-16,794.75,818.65,791.5,818.65,7622
2019-05-17,772.7,804.05,762.6,801,6513
2019-05-20,797.65,826.95,775.85,780.35,8543
2019-05-21,792.7,809.05,782.35,793.9,4490
2019-05-22,794.1,806,782.6,784.65,8177
2019-05-23,796.95,820,787.95,820,10844
2019-05-24,851.8,868.3,792.95,803.85,11564
2019-05-27,851.85,873.2,846.45,852,8161
2019-05-28,823.85,857.55,819,857.55,8986
2019-05-29,801.45,826.8,797,824,5359
2019-05-30,760.95,798,756,788,45184
2019-05-31,743.95,774.95,741,760.95,13845
2019-06-03,739.4,757.7,737.15,757.7,6797
2019-06-04,746.85,760,737.15,758,8521
2019-06-06,737.9,747.2,729.45,740.25,8495
2019-06-07,758.6,769,734.7,754.95,13135
2019-06-10,777.25,792,761.1,761.1,17875
2019-06-11,802.7,806.8,780.05,780.05,19778
2019-06-12,808.6,827.95,803.2,815,19033
2019-06-13,811.95,817.45,800,808.6,6633
2019-06-14,812.45,826,809,816,7530
2019-06-17,776.4,816.3,766.2,816.3,16017
2019-06-18,792.55,800,770,776.55,6621
2019-06-19,766.1,809.8,755.7,809.8,13467
2019-06-20,775.45,782.3,762.05,762.05,8487
2019-06-21,771.65,788.95,766.15,776.9,2790
2019-06-24,772.5,799,769.15,799,2944
2019-06-25,779.25,784.4,766.5,776.75,2507
2019-06-26,767.85,787.9,763.1,781,4139
2019-06-27,769.5,780,762.35,773.95,2119
2019-06-28,762.5,779,759.55,770.95,2911
2019-07-01,776.7,782,759.55,772.35,3462
2019-07-02,749.45,777.5,746,762.6,8358
2019-07-03,754.55,770.75,750.2,770.75,2238
2019-07-04,756.2,763.9,752,757.35,3014
2019-07-05,737.35,759.9,732.15,754,7392
2019-07-08,727.75,737.35,713.7,737.35,5775
2019-07-09,736,749,720,749,23974
2019-07-10,731.45,739.95,720.25,735,3611
2019-07-11,732.7,738.45,726.75,726.75,1227
2019-07-12,743.85,748.9,729.55,729.55,1476
2019-07-15,755.1,766.45,741,741,9433
2019-07-16,750.45,764.5,748.05,759,1378
2019-07-17,741.35,756.05,734.7,753.1,7135
2019-07-18,729.85,749,722.05,749,5398
2019-07-19,714.35,736.2,703.6,725.05,7455
2019-07-22,710.9,729.4,700,718.7,9033
2019-07-23,715.7,724.4,706.6,708,8167
2019-07-24,689.1,719.05,675.3,719,8025
2019-07-25,634.9,687.6,626.2,685,27427
2019-07-26,631.25,646.65,600.7,634.9,21212
2019-07-29,628.75,650.95,620,634,12335
2019-07-30,592,628.1,585,617.35,10764
2019-07-31,599.35,605,571.25,592,9761
2019-08-01,607.25,622,585.5,604,22107
2019-08-02,596.85,625,593,625,7048
2019-08-05,568.05,596.9,560.55,596.85,11413
2019-08-06,590.45,597.95,559.95,559.95,7996
2019-08-07,630.65,635,589.65,591,9916
2019-08-08,694.55,701,620,620,46333
2019-08-09,694.9,725,678.05,712.95,16486
2019-08-13,642.1,705.95,635.55,694.9,8173
2019-08-14,640.6,649.55,622,630.05,6428
2019-08-16,642.7,649.5,625.95,637,3828
2019-08-19,685.15,689.8,642.7,648,11218
2019-08-20,664.2,703,660,703,7886
2019-08-21,643.15,667.75,630,660,4494
2019-08-22,606.35,640.55,602.65,640.5,5698
2019-08-23,626.2,633.35,591,592.6,13977
2019-08-26,648.5,666,608,666,10682
2019-08-27,661.8,677.25,650,650,3530
2019-08-28,663.25,673.7,650.45,651.6,3302
2019-08-29,667.25,688,654,654,7894
2019-08-30,652.5,675.4,639.05,652.8,3572
2019-09-03,650,659.95,640.6,648.5,7311
2019-09-04,703.95,716.35,647,647.25,17395
2019-09-05,701.05,721,689.35,714.9,17755
2019-09-06,687.45,718.95,677.95,696.8,6959
2019-09-09,655.9,699.85,652.25,688.4,15324
2019-09-11,672.6,682,652.7,663,17485
2019-09-12,659.8,685.85,658.5,672.6,7518
2019-09-13,682.25,708.8,661.05,679,61008
2019-09-16,679.8,696.85,653.6,679.75,8024
2019-09-17,658,688.7,655,678.1,6036
2019-09-18,660.75,672.7,651.05,662,2233
2019-09-19,639.5,666.85,631.25,660,4689
2019-09-20,666.9,682.5,640.1,652,14647
2019-09-23,743.45,768,670.8,687.8,76491
2019-09-24,728.25,764.35,721,753,19248
2019-09-25,720.45,733.7,712.05,732.95,9548
2019-09-26,716.55,733.6,708.65,728.5,7028
2019-09-27,691.1,718.9,682.1,710,12584
2019-09-30,669.55,699.1,665.35,692.15,8251
2019-10-01,662.2,683.75,632.6,674.3,9351
2019-10-03,653.4,672.9,645.3,662.1,2992
2019-10-04,648,680,632,659.95,7661
2019-10-07,640.75,658.75,632.95,655.65,5739
2019-10-09,663.15,667,635.05,635.05,14665
2019-10-10,649.3,668,640,667.9,2825
2019-10-11,658.45,672,645,653.55,5450
2019-10-14,667.05,676.25,652,659,5139
2019-10-15,668.2,675,665,668.6,5719
2019-10-16,648.85,677.95,640.25,677.95,6019
2019-10-17,661.7,671.8,652.2,652.2,4665
2019-10-18,675.3,680,650.05,662.85,11661
2019-10-22,703,715,666.5,666.5,20825
2019-10-23,692.1,713.4,689,690.1,6101
2019-10-24,700.5,719.4,695,703,9352
2019-10-25,681.55,704.85,674.05,690.05,5256
2019-10-28,685.65,699.95,681,685.65,1913
2019-10-29,703.55,716.95,683.05,698.95,10689
2019-10-30,732.15,745.8,705,710,24737
2019-10-31,775.8,805,732.15,732.3,40273
2019-11-01,760.9,800,755.5,800,24308
2019-11-04,721.7,765.05,713,764,29191
2019-11-05,733.35,750,722,722,11856
2019-11-06,735.05,742.9,725.05,733.35,10038
2019-11-07,738,752,725.6,730,15659
2019-11-08,741.7,749.9,730.6,737,8776
2019-11-11,735.25,751.9,726.1,726.1,12898
2019-11-13,737.05,769,735,735.25,21721
2019-11-14,739.5,749.65,722.8,734.3,8947
2019-11-15,729.2,749.7,722.5,749.65,5122
2019-11-18,712.9,740,705.05,730,6437
2019-11-19,683.15,718,679.6,718,13102
2019-11-20,677.85,695,672,695,8095
2019-11-21,668.85,684.2,661.3,673.65,11417
2019-11-22,670.05,680,653.65,668,21699
2019-11-25,674.6,681,667.25,673,11263
2019-11-26,673.7,684.9,671.05,678.25,4387
2019-11-27,680.1,683,670,670,2768
2019-11-28,669.85,684.05,667.25,671.3,2739
2019-11-29,650.75,675.95,644.95,665.5,11084
2019-12-02,630.95,667.15,626.9,655.15,6090
2019-12-03,636.7,641.95,634.6,635.05,5051
2019-12-04,618.9,635.55,615.75,631.15,3720
2019-12-05,613.65,628,600,614.25,10746
2019-12-06,609.2,624.9,606,609.9,7011
2019-12-09,602.4,625,600,612,3652
2019-12-10,599.95,615,596.3,606.1,9563
2019-12-11,646.8,650,592.85,600,41109
2019-12-12,627.9,646,623.5,640,8657
2019-12-13,598.1,642.55,594.05,627.9,42832
2019-12-16,604.8,621.9,597.15,613.95,98264
2019-12-17,622.35,640,606.25,610.4,55694
2019-12-18,636.95,645,620.8,622.35,20231
2019-12-19,659.75,671.45,631.25,634.75,41708
2019-12-20,662.4,673.15,655,660,12150
2019-12-23,673.75,679.65,652,662.65,15272
2019-12-24,694.45,700,673.25,674.05,18660
2019-12-26,705.65,718.9,693,694.8,24179
2019-12-27,683.7,714,671.2,706.05,35624
2019-12-30,681.8,694,675.05,680,8732
2019-12-31,668.7,692.75,665,682.15,7062
2020-01-01,669.35,682,665,669.05,5025
2020-01-02,673.4,681.1,670,677.25,6335
2020-01-03,696.85,733,673.4,674,57434
2020-01-06,686,693.75,676.65,692,11174
2020-01-07,686.55,705,684,691.5,15117
2020-01-08,701.5,705,678.1,686.8,9604
2020-01-09,692.5,720.75,685.05,710.25,16494
2020-01-10,704,717,686,686,12166
2020-01-13,692.45,705.6,690.4,703,8828
2020-01-14,688.5,697.45,685,689.25,5958
2020-01-15,665.95,687.6,662.1,685,26721
2020-01-16,683.2,688.25,668,678,34167
2020-01-17,678.55,690,675,687.25,10322
2020-01-20,681,692,678,685,12352
2020-01-21,677.95,687.15,676.8,684,6665
2020-01-22,668.05,685,664,678.35,7821
2020-01-23,678.3,685.95,667.3,667.3,11459
2020-01-24,672.35,687.5,668.85,685,16706
2020-01-27,664.4,677,662.5,677,14556
2020-01-28,662.35,669.85,653.05,666.05,19991
2020-01-29,622.6,664,618,661,86605
2020-01-30,611.05,632,605.05,629.95,27741
2020-01-31,598.35,628.25,595,617.95,21785
2020-02-03,581.45,586,572,576.15,28623
2020-02-04,561.7,587.9,556,587.9,35915
2020-02-05,573.5,579.5,564,567.85,26219
2020-02-06,584.45,607,573.95,587.9,48976
2020-02-07,585.15,592.9,578,587.5,15475
2020-02-10,529.55,593.5,514.95,588.65,180852
2020-02-11,535.65,544,529,536.05,36047
2020-02-12,545.2,557.75,531.3,532.9,26753
2020-02-13,532.05,555.2,530,541.15,19818
2020-02-14,528.95,549.9,522.2,530.8,17762
2020-02-17,522.9,544.8,520,538.8,16478
2020-02-18,521.7,528.45,514.85,528.45,9485
2020-02-19,515.35,533.6,511,525,18272
2020-02-20,517.2,524.9,515,516,14507
2020-02-24,505.6,528,500.1,528,18692
2020-02-25,505.45,520.75,500.1,511,11282
2020-02-26,479.45,510,475,510,22698
2020-02-27,470.1,488.95,460,481,22575
2020-02-28,476.55,505,445,455,40272
2020-03-02,473.35,500.35,460,496.8,22406
2020-03-03,459.3,487.15,453.7,477.7,25494
2020-03-04,437.3,463.05,435,462.95,21397
2020-03-05,437.75,448.75,435,448.75,14095
2020-03-06,422.05,430,418,429.9,14866
2020-03-09,397,423,387.25,422,32045
2020-03-11,396.65,418.75,390.15,403,20359
2020-03-12,341.15,390,330,390,30399
2020-03-13,369.85,375,273,292.25,25355
2020-03-16,366.75,396,352,352,22367
2020-03-17,338.85,381.05,331.8,369,17944
2020-03-18,292.2,365,285,338,38772
2020-03-19,279.55,299,263.2,292.3,33514
2020-03-20,270.45,291.95,269.1,282.95,82575
2020-03-23,243.45,278,243.45,250,17954
2020-03-24,260.25,267.75,219.15,261.9,24548
2020-03-25,239.85,286,234.25,241.65,119233
2020-03-26,256.5,263,245.1,253.9,26004
2020-03-27,270.6,281.4,250,274,38517
2020-03-30,259.6,289,252,267.9,31474
2020-03-31,266.4,274.85,258.45,274.85,30917
2020-04-01,266.65,269.75,255,262,17302
2020-04-03,268.25,270,260,268.25,13179
2020-04-07,282.8,285.2,270,270,28137
2020-04-08,299.65,311,283.05,311,35692
2020-04-09,328.2,334,306.05,309,50989
2020-04-13,327.75,339.25,316.4,334.8,26713
2020-04-15,327.9,345.9,318,335,27204
2020-04-16,356,384,328.55,328.55,128845
2020-04-17,371.2,386,360.65,386,80364
2020-04-20,424.35,435,376,385,167897
2020-04-21,472.2,495,363.95,440,479580
2020-04-22,438.55,489.7,436,473.1,203997
2020-04-23,436.4,456.35,413,440,51151
2020-04-24,411.55,434.9,410,425.5,41727
2020-04-27,392.4,423.95,370.4,410.5,59970
2020-04-28,403.5,409.8,390,399,41685
2020-04-29,413.4,428,404,404,64100
2020-04-30,408.7,423.7,407,416.45,29617
2020-05-04,386.85,408,383.55,404,45106
2020-05-05,385.65,402,383,394.85,19909
2020-05-06,380.7,396,380,396,16720
2020-05-07,376.6,386,376,380.6,14202
2020-05-08,377.4,386.25,375.3,386,9108
2020-05-11,379.3,384.05,371.2,378,14774
2020-05-12,369.65,380.85,366.5,380.85,14797
2020-05-13,379.9,388,372,381,18096
2020-05-14,372.35,378,367.55,378,11031
2020-05-15,365.7,393,362.05,375,83927
2020-05-18,345.1,374.9,340.25,374.9,35905
2020-05-19,340.4,353.7,338,346.65,17703
2020-05-20,371.6,374.4,332,332,122606
2020-05-21,375.45,389,365.15,371,69553
2020-05-22,376.45,383.9,366.1,375,32351
2020-05-26,363.05,380.4,362.65,376.45,36131
2020-05-27,396.1,399.35,363,363.05,161515
2020-05-28,387.35,399.8,380.25,398,140751
2020-05-29,370.35,392.8,366.05,385,110545
2020-06-01,393.95,404,376.95,377.7,351143
2020-06-02,432.75,433.3,407.95,409,255545
2020-06-03,428.1,470,416,442.1,215874
2020-06-04,426.5,446,413,426,95171
2020-06-05,434.5,444,425.25,436,59016
2020-06-08,427.35,455,424,439.25,83268
2020-06-09,409.55,434,407.85,434,46132
2020-06-10,416.3,425,411,411,40412
2020-06-11,405.85,419.8,404,417,25526
2020-06-12,397.45,409.45,375,375,48734
2020-06-15,406.4,416.8,397.5,398.1,29554
2020-06-16,398.9,420,391.55,411,32754
2020-06-17,394.6,404.95,391,395,23544
2020-06-18,401.3,405,393.6,398.7,28398
2020-06-19,404.25,408.05,400.2,405,25796
2020-06-22,404.55,415.95,401.05,407.95,41253
2020-06-23,403.65,411,400,409.9,35225
2020-06-24,396.3,410.45,394,408.5,32414
2020-06-25,401.1,403.65,391,392,32886
2020-06-26,420.6,462.05,406.05,408.9,285547
2020-06-29,441.7,457.2,415,425,871649
2020-06-30,415.1,448.6,408,444.7,171688
2020-07-01,425.05,430.9,412.05,418.3,98532
2020-07-02,419.85,432.35,418,429.8,46370
2020-07-03,415.95,424,414.1,424,46283
2020-07-06,427.15,433,417.25,417.25,104361
2020-07-07,412.2,418,405,405,106300
2020-07-08,407.9,420,406,412,51145
2020-07-09,410.45,416.85,404.55,409,29691
2020-07-10,404,414.65,401,414.65,32355
2020-07-13,394.9,414,391.3,414,57175
2020-07-14,388.65,394.9,380.2,394.9,47266
2020-07-15,373.8,399.1,361.2,395,39498
2020-07-16,383.25,393.9,365.55,378.8,65705
2020-07-17,382.25,388,376.55,385,29892
2020-07-20,383.6,389.85,380,380.1,40045
2020-07-21,380.05,388.85,378,385,31151
2020-07-22,374.95,387.55,373.75,387.55,27115
2020-07-23,388.85,395,370,376.1,62134
2020-07-24,379.15,388.9,378,388.9,48743
2020-07-27,372.7,383.5,371,383.5,16357
2020-07-28,372.75,377.35,370,375.1,19237
2020-07-29,375.55,384.4,372,374.95,25384
2020-07-30,373.7,384.35,372,378.35,24770
2020-07-31,371.15,377.7,370,374.15,22640
2020-08-03,363.55,377.75,362,362.75,30756
2020-08-04,379.8,393.3,365.05,365.5,104318
2020-08-05,374.75,384.15,373,380.1,32389
2020-08-06,370.95,382.8,368.45,377.95,33322
2020-08-07,375.45,379,363.4,363.4,115362
2020-08-10,383.65,388,376,376.5,74909
2020-08-11,386.7,390,382.05,389.4,77634
2020-08-12,384.1,390,382.9,386,47427
2020-08-13,421.05,425,385.2,388,435239
2020-08-14,418.45,446.9,405.55,425,514729
2020-08-17,411.5,426,409,421.5,47386
2020-08-18,418.05,428.25,411,415,84078
2020-08-19,445.25,460.55,420.2,420.2,363327
2020-08-20,442.25,455.95,437.1,442,89493
2020-08-21,440.2,453,437.65,449.75,79620
2020-08-24,449.6,454.15,440,447.5,284007
2020-08-25,481.75,493,452.75,454,530256
2020-08-26,506.7,533.65,491.7,492,677654
2020-08-27,509.5,550,507,510,163685
2020-08-28,499.85,516.9,495,513.6,115957
2020-08-31,465.5,503,454,500.15,127439
2020-09-01,468.7,475,445.05,466,46865
2020-09-02,477.5,483.3,465.9,469.05,54016
2020-09-03,483.3,486.7,480,480,32819
2020-09-04,552.45,573.3,475,482,1049177
2020-09-07,523.3,548.9,520,548.9,120980
2020-09-08,545.6,590,518,524,662982
2020-09-09,542.6,569.6,529.85,534,202174
2020-09-10,551.25,565.45,525.5,545.35,130543
2020-09-11,550.3,559.5,536.5,547,131838
2020-09-14,581.55,598,553.1,553.1,266197
2020-09-15,642.15,687,585.65,588.45,922672
2020-09-16,655.15,669,635.8,645,206354
2020-09-17,656.35,669,636.25,650,111561
2020-09-18,632.35,669,628,659.6,87591
2020-09-21,580.75,644.95,575.45,632,121817
2020-09-22,568,599.9,546,584.4,84030
2020-09-23,571.9,586,555,572.05,77429
2020-09-24,548.5,568.9,543,555,64184
2020-09-25,616.55,633.7,552,552,334539
2020-09-28,619.5,638,605.5,624,166242
2020-09-29,607.3,638.4,601,625,101381
2020-09-30,601.15,617.2,595,612.2,55061
2020-10-01,599.6,619.95,594.3,605.1,44396
2020-10-05,603.5,615,601.05,603,27829
2020-10-06,645.95,652,609.75,609.8,272254
2020-10-07,640.1,654,629.95,646,104355
2020-10-08,645,651,635.1,642,61020
2020-10-09,645.35,662.4,635.5,640.8,78032
2020-10-12,653.95,660,641,650.05,108233
2020-10-13,657.9,666.9,652.6,652.7,72482
2020-10-14,658.65,661,647.15,655.05,27469
2020-10-15,653.25,664.05,647.5,660,45266
2020-10-16,703,746,655,655,866113
2020-10-19,730.65,744,700,709.95,233823
2020-10-20,727.3,743,712.45,726.65,119320
2020-10-21,726.8,738.55,717,730.95,58262
2020-10-22,718.5,732,715.2,729,34507
2020-10-23,718.25,734.8,711.5,722.1,51847
2020-10-26,751.45,793.8,720.05,721.85,458817
2020-10-27,763.4,775.95,741,745,177106
2020-10-28,748.35,774,742.1,766.4,54467
2020-10-29,728.7,754,725,728.5,51909
2020-10-30,704.9,746.5,702.4,730,55409
2020-11-02,694.5,759.95,681.1,726.9,73081
2020-11-03,698.85,718.7,683.2,698,51917
2020-11-04,704.3,718.05,699,699,22426
2020-11-05,713.9,720,704.85,705,21370
2020-11-06,714.95,723.95,711,713.5,18060
2020-11-09,768.2,789.35,706.65,725,186479
2020-11-10,759.85,790,738.4,780,88620
2020-11-11,747.6,774,739,774,36034
2020-11-12,783.4,798.9,745,746.75,117996
2020-11-13,793.05,799,780.9,786.7,42459
2020-11-16,795.5,802,788.1,801,17391
2020-11-17,774.85,798.95,770.1,795.5,31900
2020-11-18,769.05,794.05,750,781.9,41160
2020-11-19,761.05,786.95,753.15,768.35,26336
2020-11-20,761.15,779.95,755.1,769.9,23064
2020-11-23,759.3,775,750,773,24105
2020-11-24,766.15,775,760,760.05,30786
2020-11-25,759.5,774.45,754.9,760,43891
2020-11-26,772.8,778.05,756.4,759.5,18954
2020-11-27,776.1,792.45,772.55,788.45,17402
2020-12-01,784.15,789.9,760,777.85,21615
2020-12-02,787.85,795,777,790.5,44598
2020-12-03,806.45,815,790.2,795,94672
2020-12-04,805.9,822,801,815,35393
2020-12-07,832.55,840,811.1,815,56376
2020-12-08,915.6,925,829,842,172356
2020-12-09,964.85,994,925.55,927.9,209733
2020-12-10,971.45,988.9,907.7,970,98900
2020-12-11,1031.75,1050,974.05,978.9,111247
2020-12-14,1163.95,1210,1067.5,1080,485725
2020-12-15,1121,1159.95,1086,1157.25,211778
2020-12-16,1138.95,1200,1121.05,1144.45,174080
2020-12-17,1091.85,1149,1075.1,1130,98634
2020-12-18,1083.6,1125,1049,1085,110646
2020-12-21,1038.8,1138.8,1006,1089.05,120610
2020-12-22,1097,1109,980.75,1038,116378
2020-12-23,1133.15,1165,1104,1104,106776
2020-12-24,1121.4,1170.05,1115,1140.95,43490
2020-12-28,1108,1150,1100,1142,70583
2020-12-29,1187.1,1217.95,1111.1,1111.1,278000
2020-12-30,1165.65,1198,1150.9,1195.65,48840
2020-12-31,1168.5,1193.95,1125.8,1176.6,39627
2021-01-01,1188.15,1219.95,1175.1,1180,70098
2021-01-04,1207.2,1235,1188,1210.75,85850
2021-01-05,1205.15,1222,1187,1209.75,40968
2021-01-06,1160.6,1215.75,1150,1210,61679
2021-01-07,1203.4,1219.95,1159.9,1159.9,62522
2021-01-08,1201.65,1225,1200,1209.6,33950
2021-01-11,1179.15,1217,1162,1198,36595
2021-01-12,1221.8,1225,1183.75,1183.75,54806
2021-01-13,1272.05,1327,1240,1240,364854
2021-01-14,1289.4,1308.65,1276,1285,99331
2021-01-15,1377.25,1390,1255,1295,293283
2021-01-18,1301.8,1378.95,1285,1377,107397
2021-01-19,1352.4,1365,1300,1300,44222
2021-01-20,1335.95,1363.25,1321.9,1352.4,32077
2021-01-21,1359.1,1394.4,1321.1,1335,86643
2021-01-22,1388,1399.95,1350,1369,52589
2021-01-25,1407.85,1454.7,1391.05,1410.05,100242
2021-01-27,1417.1,1459,1400,1407.85,62807
2021-01-28,1400.7,1410,1379.45,1385,32255
2021-01-29,1375.65,1450,1360,1434,68379
2021-02-01,1363,1389,1337.25,1380,33494
2021-02-02,1377.1,1411,1359.9,1365,32296
2021-02-03,1395.65,1426,1382,1419,29751
2021-02-04,1404.7,1422.75,1382.15,1402.5,32194
2021-02-05,1341.4,1430,1303.9,1410,42225
2021-02-08,1354.75,1428.85,1325.15,1349,72654
2021-02-09,1365.05,1389.4,1354.7,1360.25,34021
2021-02-10,1334.15,1502.9,1322.65,1369.5,84656
2021-02-11,1346.3,1370.5,1300,1344.85,50714
2021-02-12,1337.9,1366,1321.15,1357,33951
2021-02-15,1285.95,1345.05,1275,1332,29725
2021-02-16,1287.45,1322.25,1281,1286,29734
2021-02-17,1285.8,1304.7,1255.95,1297,27608
2021-02-18,1296.55,1326.8,1287.25,1300,35210
2021-02-19,1263.1,1330,1250,1298.95,39829
2021-02-22,1215.7,1272.75,1203.05,1257.95,48751
2021-02-23,1242.55,1304.95,1215.7,1222.1,58437
2021-02-24,1255.6,1300,1090.3,1243,25590
2021-02-25,1242.75,1281,1221,1277.25,19405
2021-02-26,1220.3,1247,1203.95,1203.95,26053
2021-03-01,1206.8,1249,1202.1,1232,18661
2021-03-02,1215.05,1240,1202.1,1219,19695
2021-03-03,1221.75,1241.95,1212.25,1220,22813
2021-03-04,1205.65,1230,1203.4,1215,21831
2021-03-05,1161.75,1212,1155.1,1212,65334
2021-03-08,1147.45,1200,1141.1,1161,54343
2021-03-09,1120.7,1170,1105.65,1156,31254
2021-03-10,1127.5,1144.95,1110,1123,34096
2021-03-12,1097.7,1137.85,1095,1130.05,49313
2021-03-15,1125.95,1200.05,1050,1090.3,108355
2021-03-16,1119.55,1148.15,1110,1134.95,20313
2021-03-17,1089.65,1158,1071,1129.25,27177
2021-03-18,1103.15,1130.05,1084,1118,30934
2021-03-19,1082.3,1090.95,1053.65,1084,25982
2021-03-22,1027.4,1088,1011.25,1082.3,102161
2021-03-23,1036.1,1055,999.5,1030,76762
2021-03-24,1007.35,1046.15,1002.65,1021.15,53865
2021-03-25,985.75,1016,970.75,1012.4,74655
2021-03-26,1093.85,1165,990,990,383935
2021-03-30,1152.2,1190,1102.05,1103.7,373538
2021-03-31,1111.55,1159.8,1105.1,1158.3,54088
2021-04-01,1096.8,1148.85,1082.05,1132.6,76370
2021-04-05,1064.65,1095.55,1031.15,1074.95,59618
2021-04-06,1067.45,1096.6,1052.1,1068,28960
2021-04-07,1148.3,1182.25,1043.95,1072.05,142029
2021-04-08,1172.85,1198,1153,1153,97704
2021-04-09,1185,1199,1150.6,1175,44066
2021-04-12,1080.3,1170,1010.05,1140,104330
2021-04-13,1120.35,1136,1070,1075,36014
2021-04-15,1093.05,1110.9,1085.1,1086,28187
2021-04-16,1116.55,1125.2,1092,1093,16019
2021-04-19,1052.85,1083.4,1030,1030,36209
2021-04-20,1025.8,1089.95,1014,1075,38112
2021-04-22,1008.75,1026.95,998.05,1022,45966
2021-04-23,996.9,1045.45,987,1013.8,43626
2021-04-26,972.5,1001.9,965.1,975.05,84082
2021-04-27,965.7,995.3,961,985.8,55680
2021-04-28,1002.45,1025.15,967.3,972,104358
2021-04-29,995.65,1023.85,986,1015,57167
2021-04-30,983.85,1008,975,990,59155
2021-05-03,967.85,989.95,959.15,961.05,31635
2021-05-04,960.45,999.85,955,972.7,39469
2021-05-05,959.15,980.95,955.15,973,23669
2021-05-06,945.4,973.1,930.05,963.95,85828
2021-05-07,950.1,968,937.15,945,35766
2021-05-10,932.15,958.95,925,950,61491
2021-05-11,916.65,941,913.6,932.15,39738
2021-05-12,926.45,949,915.35,921.25,62806
2021-05-14,908.35,938,903.15,938,36525
2021-05-17,920.65,943,906.05,921.9,63016
2021-05-18,967.3,978.05,925.5,927.95,126127
2021-05-19,998.1,1018,983,983,126011
2021-05-20,990.45,1012.9,985,1002.7,37496
2021-05-21,972.4,1003.55,964.55,995.45,47144
2021-05-24,971.75,990,965.4,979.7,33681
2021-05-25,1094.4,1110.8,977.45,978,458355
2021-05-26,1111.85,1145,1074.85,1110,339442
2021-05-27,1071.05,1115,1063,1115,70469
2021-05-28,1071.05,1090.05,1055,1079.6,43859
2021-05-31,1054.4,1077.25,1044,1077.25,37338
2021-06-01,1071.3,1092.4,1047,1052,61932
2021-06-02,1132.9,1168,1071.2,1076.7,395173
2021-06-03,1149.7,1174.75,1122.85,1150,132893
2021-06-04,1117.9,1150,1107.4,1149.85,81127
2021-06-07,1148,1170,1100.1,1135,105428
2021-06-08,1146.6,1174,1136.7,1164,60949
2021-06-09,1131.95,1163.8,1125,1163.8,66886
2021-06-10,1151.4,1171,1131.95,1131.95,53899
2021-06-11,1167.25,1184,1151.4,1162,83789
2021-06-14,1161.55,1190,1142.55,1183.55,69508
2021-06-15,1122.9,1155,1101.05,1150,138767
2021-06-16,1091.65,1135.45,1080,1125,50229
2021-06-17,1055.1,1090,1050,1090,76127
2021-06-18,1054.85,1106.9,1015.05,1062,113708
2021-06-21,1035.3,1065.5,1027.2,1035.1,30001
2021-06-22,1089.5,1110,1043.3,1044.7,81858
2021-06-23,1071.95,1130,1059.5,1105,61270
2021-06-24,1062.9,1101.15,1055.25,1079.95,30758
2021-06-25,1059.5,1082.95,1055,1070.95,15623
2021-06-28,1069.75,1090,1065.1,1090,30436
2021-06-29,1044.4,1071.15,1040,1054.8,34260
2021-06-30,1022,1065,1015,1052.65,43130
2021-07-01,1013.9,1041,1010,1029.95,26497
2021-07-02,1032.85,1039,1010,1020,34376
2021-07-05,1061.55,1071.55,1034,1045,66552
2021-07-06,1021.75,1070,1011,1070,52624
2021-07-07,1034.25,1043.2,1016.1,1021,23624
2021-07-08,1081.45,1099.9,1040,1040,109515
2021-07-09,1061.7,1080,1048.05,1073,27584
2021-07-12,1038.95,1074,1036.05,1074,32840
2021-07-13,1040.8,1050.7,1032.95,1050,13136
2021-07-14,1050.15,1082.4,1040.45,1053.3,60083
2021-07-15,1042,1060,1041,1060,14237
2021-07-16,1033.15,1055.9,1030.1,1046.95,31481
2021-07-19,1028,1043.65,1025.15,1036,16524
2021-07-20,1017.95,1037.05,1008,1037.05,17039
2021-07-22,1053.4,1069.85,1002,1002,69408
2021-07-23,1040.7,1067,1032,1062.25,15719
2021-07-26,1040.5,1058,1033,1058,21052
2021-07-27,1024.65,1054.9,1020,1054.9,12846
2021-07-28,1026.45,1060,1018,1024.65,18104
2021-07-29,1004.3,1044.95,990,1031.6,38897
2021-07-30,997.05,1026.95,991.25,1014,32149
2021-08-02,1026,1034,1000,1002.05,38957
2021-08-03,1004.45,1036.15,999,1026,38987
2021-08-04,1006.55,1016.5,1001.1,1014,15496
2021-08-05,996.45,1014.85,991,1011.6,16883
2021-08-06,989.55,1006.35,980,995,18187
2021-08-09,924.8,969.85,910,955,97610
2021-08-10,923.95,942.4,901,916,70562
2021-08-11,945.55,969,923.25,928.6,57980
2021-08-12,921.05,960.35,917,954,42651
2021-08-13,944.75,958,920.7,921,35059
2021-08-16,935.3,954.25,933,945.45,11595
2021-08-17,940.5,953.2,931,934,14936
2021-08-18,938.1,949.9,931.25,943,12098
2021-08-20,908.25,937.65,902.15,935.5,20555
2021-08-23,910.4,939.95,885.2,939.95,27979
2021-08-24,886.25,920,880,910.4,38145
2021-08-25,880.25,902,876.25,902,30441
2021-08-26,908.5,927,877,893,24477
2021-08-27,915.75,925.2,906.15,919,18895
2021-08-30,921.5,929.5,896.9,915.75,34281
2021-08-31,917.9,930,903.7,926,16165
2021-09-01,936.05,948.1,918,918,26328
2021-09-02,1011.5,1038.75,952,960,980189
2021-09-03,1061.5,1077.45,1011.7,1025.95,239367
2021-09-06,1062.6,1093,1050,1085,164128
2021-09-07,1110.35,1133.6,1045.55,1067,387624
2021-09-08,1096.85,1144.3,1091,1118,161706
2021-09-09,1100.55,1130,1072.85,1097,157598
2021-09-13,1075.85,1101.45,1060,1100,35187
2021-09-14,1075.9,1084,1037.2,1084,45179
2021-09-15,1168.7,1220,1050,1050,236401
2021-09-16,1163.25,1247.5,1150,1194,277958
2021-09-17,1209.95,1242,1121.15,1162,259499
2021-09-20,1187.05,1247.7,1160,1160,187559
2021-09-21,1180.5,1237,1151.55,1190,106542
2021-09-22,1205.6,1225,1184.8,1198.7,91676
2021-09-23,1206.4,1234.45,1188.25,1217.9,92349
2021-09-24,1226,1261.75,1200,1217.85,117879
2021-09-27,1203.95,1232.1,1190,1232.1,33209
2021-09-28,1173.85,1209.9,1144.15,1209.9,49026
2021-09-29,1156.85,1178,1150,1173.85,22838
2021-09-30,1189.65,1220.8,1159.95,1159.95,59082
2021-10-01,1193.6,1205,1166.7,1180.2,31568
2021-10-04,1173.6,1206,1168.05,1206,21104
2021-10-05,1178.25,1191.95,1166.15,1179.45,25226
2021-10-06,1179,1198,1164.85,1184.1,26698
2021-10-07,1192.9,1221,1175,1175,40077
2021-10-08,1179.85,1218.3,1175.05,1201.95,23635
2021-10-11,1158.25,1188.95,1147,1188.95,31763
2021-10-12,1185.65,1210,1163.1,1173,39279
2021-10-13,1184.55,1228,1175.05,1180,61429
2021-10-14,1168.4,1215.5,1162.85,1193.95,44228
2021-10-18,1170.1,1186.7,1162.1,1165,38969
2021-10-19,1179.55,1197.35,1170.1,1178.95,35439
2021-10-20,1173.6,1209.55,1158,1185,55478
2021-10-21,1186.3,1201,1168.75,1179.5,26372
2021-10-22,1297.05,1318,1186.05,1186.3,880444
2021-10-25,1299.85,1352.05,1272.05,1331,310966
2021-10-26,1304.15,1330,1258.8,1290,78672
2021-10-27,1282.85,1365.85,1272.2,1316.95,105877
2021-10-28,1264.65,1302,1259.6,1273,25891
2021-10-29,1251.35,1287,1214.75,1247.05,81924
2021-11-01,1239.9,1248.95,1192.1,1220,53259
2021-11-02,1243.65,1273.15,1227.5,1252,66781
2021-11-03,1250.2,1265.15,1225,1254,23912
2021-11-04,1247.15,1260,1230.15,1230.15,3125
2021-11-08,1241.2,1257,1218,1230,22628
2021-11-09,1278.95,1295,1232.05,1232.05,58682
2021-11-10,1270.3,1288,1261,1277,12209
2021-11-11,1268.5,1279,1249.55,1267.85,19838
2021-11-12,1270.15,1274.85,1262,1268.55,10548
2021-11-15,1263.1,1299,1245.1,1276.55,27937
2021-11-16,1270.1,1285.25,1251.25,1269.45,17209
2021-11-17,1261,1281.6,1251.8,1270.1,17170
2021-11-18,1261.5,1274.95,1240.1,1252,27019
2021-11-22,1265.45,1329.7,1232.05,1270,50694
2021-11-23,1257.6,1276.4,1239,1239,15838
2021-11-24,1254.2,1299,1238.1,1299,13859
2021-11-25,1262.2,1284.95,1249.1,1265,11237
2021-11-26,1262.8,1308,1246.65,1268.55,27814
2021-11-29,1153.75,1276.05,1135,1262.8,67094
2021-11-30,1139.75,1173.25,1135,1140.1,28170
2021-12-01,1130.25,1147.55,1120.4,1125.05,24192
2021-12-02,1145.15,1175.6,1086.65,1115,26025
2021-12-03,1150.65,1191,1139.85,1145.1,15947
2021-12-06,1154.85,1169.45,1133,1135,136309
2021-12-07,1177.25,1299,1164,1164,14919
2021-12-08,1172.8,1197,1164.65,1177.3,11574
2021-12-09,1171.8,1192,1156.15,1192,10182
2021-12-10,1171.9,1182.7,1161.4,1171.8,8219
2021-12-13,1160.4,1177.8,1153.65,1171.9,6822
2021-12-14,1167.45,1184,1143,1143,7827
2021-12-15,1170.3,1180,1162.05,1173.3,6469
2021-12-16,1170.15,1193,1155.05,1175.15,10180
2021-12-17,1165.7,1173.75,1161.45,1173.05,7236
2021-12-20,1115.75,1158.2,1106.4,1152.25,9876
2021-12-21,1124.8,1154.95,1113.3,1121.35,13367
2021-12-22,1133,1146.95,1122.95,1130.35,3181
2021-12-23,1119.4,1138.65,1112,1133,4222
2021-12-24,1124.7,1138.65,1105.8,1125.95,3381
2021-12-27,1124.3,1132.7,1120,1130,7190
2021-12-28,1139.6,1150,1123.25,1128,4430
2021-12-29,1128.25,1143,1123.4,1135.3,2769
2021-12-30,1124.3,1144.75,1121.55,1133.9,3342
2021-12-31,1124.75,1139.4,1117.05,1129.95,3089
2022-01-03,1144.25,1166,1123,1124.75,9024
2022-01-04,1132.4,1168.05,1125.15,1150,5936
2022-01-05,1125.05,1133.95,1122.6,1125,24728
2022-01-06,1185.1,1291,1080.3,1080.3,320840
2022-01-07,1160.45,1195,1154.5,1175,20236
2022-01-10,1148.1,1187.5,1141.1,1160.45,11362
2022-01-11,1151.45,1183.9,1138.3,1170,11217
2022-01-12,1159.2,1187.25,1116.5,1180,12885
2022-01-13,1176.85,1195,1156.2,1167.95,11169
2022-01-14,1175.4,1182.25,1165,1165,5917
2022-01-17,1200.75,1234,1169.65,1181.3,217670
2022-01-18,1190.55,1235,1180.1,1210,20327
2022-01-19,1171.75,1205,1160,1190,9649
2022-01-20,1184.95,1199.5,1155.2,1177.65,20469
2022-01-21,1161.1,1199,1155.1,1165,9891
2022-01-24,1149,1165,1136.35,1144,45546
2022-01-25,1137.9,1160,1113.15,1121,11996
2022-01-27,1097.15,1138.65,1090,1110,11747
2022-01-28,1074.75,1120.2,1070.45,1114.25,13515
2022-01-31,1037.6,1092.85,1031.05,1080,14923
2022-02-01,1035.15,1058.5,1025,1058.35,15685
2022-02-02,973.7,1020.05,953,1020,97636
2022-02-03,967.4,995,965,977,36854
2022-02-04,981.55,990,969.25,972.25,27953
2022-02-07,961.4,1015.55,952.1,1015.55,31277
2022-02-08,958.3,979.5,945,961.4,12253
2022-02-09,946.15,970.3,943,960,11296
2022-02-10,941.45,950,932.7,950,12754
2022-02-11,917.8,940,908.55,940,18472
2022-02-14,890.35,914,878,878,10132
2022-02-15,910.5,931.45,890.35,890.35,17983
2022-02-16,921.15,940,914.45,940,9049
2022-02-17,949.35,975.15,918,921.15,33053
2022-02-18,935.3,953.15,926,942,7562
2022-02-21,907.25,930,905.1,930,7869
2022-02-22,900.5,907,850,850,6538
2022-02-23,915.15,939,899,901.1,6502
2022-02-24,886.05,910,870.05,910,15772
2022-02-25,910.35,917.65,890,890,4697
2022-02-28,890.1,911.95,878.45,899,12675
2022-03-02,878.6,890,871.55,876,5846
2022-03-03,862.55,899,860,899,7532
2022-03-04,843.4,861.65,840,860,6580
2022-03-07,807.25,846.6,800,843.4,17097
2022-03-08,839.75,849.5,819,834.95,35237
2022-03-09,839.35,863.85,831.65,837.15,14232
2022-03-10,855.8,897.75,846.45,864,13614
2022-03-11,870.75,879.95,854.05,855,6898
2022-03-14,850.25,882.5,845.25,875.15,25410
2022-03-15,846.9,864.9,841,850,8047
2022-03-16,880.35,896.65,850,850,37272
2022-03-17,996.7,1014,895,895,1086792
2022-03-21,963.65,996.7,955.35,987.9,63289
2022-03-22,937.7,972.45,922.65,969.95,29437
2022-03-23,1005.95,1036.15,937.65,937.7,1013521
2022-03-24,982.25,995,972,990,76520
2022-03-25,961.15,992,950.2,987.2,27473
2022-03-28,952.75,988.5,938.3,961.15,37456
2022-03-29,1001.75,1030,957.45,957.5,139172
2022-03-30,1011.3,1024.7,990,1004,45219
2022-03-31,1040.7,1054.8,1008,1014,80811
2022-04-01,1014.7,1038.65,1005.2,1031,54680
2022-04-04,1024.25,1045,1017.4,1022.45,33800
2022-04-05,1011.2,1033.25,1004.9,1029.4,16427
2022-04-06,1001.5,1035,991,1019,15401
2022-04-07,987.7,1015.5,980.05,994.1,16173
2022-04-08,994.45,1010.15,990.6,992.65,10026
2022-04-11,979.1,1010,975,1010,21649
2022-04-12,968.95,983.9,961,983.9,11550
2022-04-13,962.55,979.9,953.15,973.8,11915
2022-04-18,941.35,966.9,935.2,960,9725
2022-04-19,945.55,960,931,948.8,8523
2022-04-20,954.2,985.3,932.05,932.05,15118
2022-04-21,948.25,972.8,943.15,960,7937
2022-04-22,956.4,972.75,936.75,945.5,17428
2022-04-25,934.85,952,927.55,952,27093
2022-04-26,917.35,954.95,914.9,939.55,11124
2022-04-27,924,935.95,910.4,921.95,40118
2022-04-28,943.65,975,925.85,928.65,25667
2022-04-29,961.55,1019.9,945,952.95,175226
2022-05-02,952.75,973.15,950.65,960,8569
2022-05-04,865.85,964.8,849.05,951.1,230468
2022-05-05,906.6,909.9,873.45,909,114020
2022-05-06,888.7,898.9,872.95,884,23795
2022-05-09,880.55,910.45,853.35,888.7,18304
2022-05-10,857.1,890,852.1,880.55,7250
2022-05-11,899.05,910,836.3,860,119554
2022-05-12,848.15,885,824,885,59428
2022-05-13,944.75,963.4,864.3,864.3,575075
2022-05-16,887.95,934.75,875,927.1,60556
2022-05-17,882.7,918.2,867,880.05,25025
2022-05-18,893.2,914.5,882.25,886,22637
2022-05-19,874.15,885,868.1,885,6261
2022-05-20,869.05,907.2,865.1,880,18135
2022-05-23,880.85,897,866.75,873.4,22793
2022-05-24,862.35,886.15,861.1,880.95,10473
2022-05-25,845.05,871.4,835,871.4,10302
2022-05-26,869.95,880,831.4,853.7,7771
2022-05-27,866.4,899,860.1,885,9236
2022-05-30,857.25,874.45,836.05,850.8,98507
2022-05-31,866.9,878,855.05,861.55,10413
2022-06-01,861.3,874.9,853.45,868.95,5922
2022-06-02,926.25,942.95,841.3,865,177681
2022-06-03,878.4,938,872.15,911.05,39847
2022-06-06,864.35,890,860,890,11660
2022-06-07,854.65,884.95,838.8,861,22624
2022-06-08,848.45,864,843,857.5,12017
2022-06-09,926.55,944.85,843,849.5,618495
2022-06-10,907.2,919,880.1,902,146911
2022-06-13,872.2,900.2,852.7,900.2,21659
2022-06-14,892.6,910,871.3,876.6,20249
2022-06-15,877.7,897.1,870,897,11956
2022-06-16,886.1,936.7,877.2,882.15,317361
2022-06-17,871.5,887.95,865.9,886.1,13783
2022-06-20,868,893.8,856.2,858.45,26474
2022-06-21,866.55,885.5,862.05,872.3,15662
2022-06-22,859.3,873.95,855,870.9,11789
2022-06-23,865.8,875,860.45,862.5,7663
2022-06-24,874.1,887,869.15,869.4,12046
2022-06-27,917.95,934.75,876.2,876.2,67544
2022-06-28,920.25,940,901.95,906,33518
2022-06-29,901.15,929.05,891.05,910,14756
2022-06-30,899.6,914.05,890.5,904.65,17107
2022-07-01,894.15,903,885.8,903,6449
2022-07-04,926.75,950,896.6,898.4,150066
2022-07-05,921.9,956.4,920,939.75,48997
2022-07-06,928.25,935,914.15,922.05,9914
2022-07-07,929.7,952.5,927.95,928,17516
2022-07-08,961.15,972.5,929.7,934.35,82830
2022-07-11,985.35,1006,964.85,965,91013
2022-07-12,960.35,994.95,952.85,990.3,14869
2022-07-13,962.85,979.9,961,965.2,11903
2022-07-14,946.4,968.7,940,968.7,8064
2022-07-15,932.75,959,915.05,951.15,22467
2022-07-18,938.4,958.5,934.85,943,10899
2022-07-19,948.35,953.2,938.45,943.1,6381
2022-07-20,951.85,980,946.05,980,8469
2022-07-21,952.65,969.05,945,945,5255
2022-07-22,938.9,959.15,931.1,952,14765
2022-07-25,925.5,939.95,921,930.05,9875
2022-07-26,908.7,930.15,905,922.95,8557
2022-07-27,905.15,910.5,895.65,901.25,10695
2022-07-28,1001.15,1014.7,905.15,905.15,428320
2022-07-29,1000.6,1015,970.1,1005,73258
2022-08-01,1002.75,1012.2,981.55,1000,20671
2022-08-02,1003.5,1035,990.95,1007.8,70125
2022-08-03,999.6,1013,991,1004,11004
2022-08-04,1003.95,1010,986.45,1004.6,12158
2022-08-05,1016.4,1029,989,1013.25,15485
2022-08-08,1024.05,1030,1003.25,1025.05,12930
2022-08-10,1025.85,1079.6,1010.2,1024,58998
2022-08-11,1048.2,1087.2,1005.45,1031,45523
2022-08-12,1035.3,1064.1,1025.1,1048.2,6797
2022-08-16,1012.35,1034.95,1007.9,1031.1,113630
2022-08-17,1021.95,1033.6,1010,1020.5,14675
2022-08-18,1038.85,1056,1025,1027,28919
2022-08-19,1040.7,1048,1026,1044.05,12610
2022-08-22,1063.3,1077,1028.75,1035,33574
2022-08-23,1046.8,1079,1040,1063,117460
2022-08-24,1049.3,1060,1043,1045.5,111616
2022-08-25,1045.35,1066.95,1040,1055,21672
2022-08-26,1038.9,1058.9,1036.9,1050,4746
2022-08-29,1038.65,1058.9,1011,1022,12822
2022-08-30,1024.95,1045.15,1020.5,1043.8,5792
2022-09-01,1016.05,1035.05,1012,1012,4648
2022-09-02,1006.05,1029,1001.1,1021.15,8518
2022-09-05,1018.35,1031,1001.55,1001.55,10431
2022-09-06,1013.75,1028.9,1003.2,1028.9,4405
2022-09-07,1017.4,1023,1009.95,1018.85,3996
2022-09-08,1038.7,1071,1020,1024,33415
2022-09-09,1041.85,1061,1031.05,1040,12143
2022-09-12,1053.65,1062,1035.05,1041.85,10279
2022-09-13,1052.15,1097.75,1041.65,1058.95,68154
2022-09-14,1062.3,1076,1032,1052.15,22751
2022-09-15,1044,1070.05,1036.3,1066.35,13599
2022-09-16,989.35,1049.1,982,1047.9,11317
2022-09-19,997.6,1013,967.25,994.25,15290
2022-09-20,1001,1031.75,991.25,1002.6,15457
2022-09-21,993.4,1012,986.05,1006.05,6769
2022-09-22,975.6,1002.25,968,998.4,13150
2022-09-23,954.85,992.9,950,980.5,8894
2022-09-26,900.15,959.4,884.4,959.4,27886
2022-09-27,889.7,914,885.1,906,8416
2022-09-28,881.9,900,875,885.5,11351
2022-09-29,869.45,901.55,860,890.5,15257
2022-09-30,914.85,926.15,852.15,873.8,20741
2022-10-03,893.3,929.8,875.1,914.9,15192
2022-10-04,904.9,919,897.8,897.8,8367
2022-10-06,928.45,946.4,907.2,907.2,13622
2022-10-07,943.85,947.95,923.1,927.9,9119
2022-10-10,931.15,947.95,920,942.4,5136
2022-10-11,903.3,937,895,935.85,5700
2022-10-12,903.5,914.75,881.3,907.85,4046
2022-10-13,884.75,923.5,877.4,906.1,9887
2022-10-14,985.2,994,886.3,890,697525
2022-10-17,958.5,975,936,964.75,99985
2022-10-18,935.3,962.75,928.5,957,23693
2022-10-19,933.75,948.25,925.55,939.9,16243
2022-10-20,933.85,969,922.8,938.45,34088
2022-10-21,929.3,952,920.15,938.55,14853
2022-10-24,930.8,938.55,924.05,938.55,1453
2022-10-25,931.5,940.5,922,925.9,7399
2022-10-27,941.8,950,930,931,13766
2022-10-28,948.5,974,932.4,932.4,50031
2022-10-31,951.6,986.75,936,960,84941
2022-11-01,939.8,959,933.05,954,140956
2022-11-02,924.05,951,917,942,29419
2022-11-03,938.8,954.85,915.25,927,33076
2022-11-04,930.8,946.3,925,943.5,11048
2022-11-07,936,942.95,930.1,935.5,8470
2022-11-09,949.65,957.85,935.6,945.35,63967
2022-11-10,965.9,977.9,936.5,942.9,33814
2022-11-11,957.8,983.15,951.7,970.75,35127
2022-11-14,943.85,974.9,940.1,957,21289
2022-11-15,953.3,962,937.1,937.1,13882
2022-11-16,943.65,967.3,941.1,958.1,18723
2022-11-17,934.5,959,930.1,943.7,7052
2022-11-18,1084.5,1111,935,935.4,1322006
2022-11-21,1031.5,1067.8,1021,1034.05,195472
2022-11-22,1027.55,1129.95,986.15,1021,665661
2022-11-23,999.3,1048,990,1016,139767
2022-11-24,986.1,1014.3,977.2,1004.3,65401
2022-11-25,976.15,1013,973,988.85,60406
2022-11-28,968.75,983.4,963.05,980.5,25237
2022-11-29,958.95,977.9,956,973.6,23176
2022-11-30,930,967.5,925,960,55054
2022-12-01,927.6,955.95,924,944.5,45095
2022-12-02,951.5,955,912,935,77205
2022-12-05,927.7,957.95,924.7,956.3,48165
2022-12-06,909.85,933.25,907,932.35,46309
2022-12-07,939.5,984.8,914.05,918.5,790469
2022-12-08,954.15,972.7,926.05,939,134303
2022-12-09,938.15,961.65,931.35,955,30204
2022-12-12,979.85,995,934.8,945,251516
2022-12-13,990.1,1001.55,970.6,984,75165
2022-12-14,986.65,1029.2,978.6,1001,137110
2022-12-15,985.25,998.9,976,986.65,25564
2022-12-16,972.95,998.8,965.85,998.8,19571
2022-12-19,975.9,984.8,962.7,977.8,16291
2022-12-20,967.5,980.8,963,980.8,8579
2022-12-21,945.6,973.5,921.1,967,21789
2022-12-22,916.75,951.95,911,940,17472
2022-12-23,877.3,911.35,870,910,18712
2022-12-26,897.1,915,862.45,877,29602
2022-12-27,898.7,922.9,895,901.6,15591
2022-12-28,898.35,914,896,903,6694
2022-12-29,887.15,901,851,900.15,16398
2022-12-30,901.7,910.95,893,900,17804
2023-01-02,941.9,998,898.8,910,584459
2023-01-03,935.65,945.95,923,935.95,39846
2023-01-04,907.5,945.45,902,930,42298
2023-01-05,921.1,969,910.05,913,336804
2023-01-06,923.95,929.75,912.05,920.5,35606
2023-01-09,917.15,939.9,910.05,928.6,13796
2023-01-10,916.55,921.75,913.35,921.75,9287
2023-01-11,911.75,927,907.35,915.9,9827
2023-01-12,927.1,945.6,912.55,917.95,43863
2023-01-13,909.45,932.45,905,931.75,18799
2023-01-16,907.1,926.45,901.5,918.55,29737
2023-01-17,895.45,911.65,889,910.95,17758
2023-01-18,886.9,911.95,880.2,907,29039
2023-01-19,887.9,895,877.85,891.35,24888
2023-01-20,883.85,899.9,880.85,889.9,15539
2023-01-23,884.4,894.9,880,888,12112
2023-01-24,877.8,920.05,870,897.85,19148
2023-01-25,874.5,882.2,871.35,880,11864
2023-01-27,871,898.5,857,877.95,14071
2023-01-30,853.25,875.4,848,875.4,11555
2023-01-31,851.7,857.55,835.05,847,18401
2023-02-01,836.05,863.5,826,859.5,8974
2023-02-02,827.15,847.5,800,824.05,8859
2023-02-03,826.1,839.55,821.65,839.55,8211
2023-02-06,812.25,829.95,810.9,829.95,12054
2023-02-07,804.6,824.35,802,810,12286
2023-02-08,830.1,835,800,805,15613
2023-02-09,825.4,844.45,820.05,834.3,9675
2023-02-10,832.75,842.15,819.65,824.95,7362
2023-02-13,832.55,858.25,826,834.95,13880
2023-02-14,825.95,847,820,832.55,12670
2023-02-15,834.25,838.1,821.1,821.1,5719
2023-02-16,830.3,848.25,826.2,848.25,10551
2023-02-17,834.55,839.1,827.3,834.5,6240
2023-02-20,832.35,838.35,828.5,831.9,3902
2023-02-21,832.9,838,830,833.3,4435
2023-02-22,850.95,876.65,832.1,833.05,93703
2023-02-23,840.75,862.2,837.6,853.8,10012
2023-02-24,854.15,866.4,843.3,845,11692
2023-02-27,827.25,853.7,821.3,853.7,9999
2023-02-28,823.85,853.5,820.9,827.25,21804
2023-03-01,827.35,837.8,825,832.1,12624
2023-03-02,827.65,837.25,827,834,7017
2023-03-03,830.15,839.9,824.05,824.05,14358
2023-03-06,833.55,840,831.1,834.35,7424
2023-03-08,836,855,830.45,837,11139
2023-03-09,838.9,854.05,833.7,838.3,12311
2023-03-10,847.35,852,832.95,838,16146
2023-03-13,829.85,849.95,826.3,834.65,7834
2023-03-14,816.3,834,810,833.95,6272
2023-03-15,812.4,823,805,820.4,5998
2023-03-16,810.65,816.5,800.1,816.5,7483
2023-03-17,813.5,818.35,811.55,813.5,3635
2023-03-20,809.25,817.6,801,815,8386
2023-03-21,789.55,815,786.1,810.45,12278
2023-03-22,796.3,807.95,793.5,793.5,7701
2023-03-23,793.9,808.8,791,796.05,6477
2023-03-24,776.95,797.6,775.65,797.6,8272
2023-03-27,756.7,781.55,751,780.85,12143
2023-03-28,727.7,762.75,722,760.5,20147
2023-03-29,708.15,730.95,698,726,37937
2023-03-31,737.5,749.55,710,710,26022
2023-04-03,740.5,746.35,732.15,737.5,8414
2023-04-05,751.9,755.1,741,747.7,6424
2023-04-06,759.45,765.75,741.8,748.95,5529
2023-04-10,758.4,766,755,758.5,5322
2023-04-11,762.95,766,758.2,758.2,2898
2023-04-12,828.9,908,759.85,766.8,790070
2023-04-13,825.4,842,805.1,805.1,105636
2023-04-17,816.75,829.9,811.25,823.95,18419
2023-04-18,816.2,823.25,813.75,818.3,6619
2023-04-19,858.3,905.95,815.25,818.7,749276
2023-04-20,850.8,868.75,846,859,26670
2023-04-21,836,855.9,830.05,849,11756
2023-04-24,830.9,843.75,825,836,12112
2023-04-25,866.85,899.7,832.35,832.55,454697
2023-04-26,847.05,870,843.6,870,33796
2023-04-27,843.1,879.8,840,847.05,65725
2023-04-28,847.35,860,845,847,21037
2023-05-02,835.9,854.7,831.4,854.7,21390
2023-05-03,832.05,848,826.1,832.5,14794
2023-05-04,827.7,850.45,822,835.95,29549
2023-05-05,822.9,877.35,820.5,835.95,153656
2023-05-08,821.6,845,818.45,839.45,36765
2023-05-09,820.2,835.9,818,824,18894
2023-05-10,816.9,842,812,842,37112
2023-05-11,825,833.85,818.1,833.85,15658
2023-05-12,818.2,826.5,815.1,824.85,17147
2023-05-15,814.35,823.45,810,820.8,10451
2023-05-16,813.9,821.65,811,814.35,22914
2023-05-17,827.15,831,815.4,818.9,20964
2023-05-18,814.1,834,811.55,829,13552
2023-05-19,815.4,828.8,811.15,815.15,18009
2023-05-22,824.55,828,814.8,824.9,19886
2023-05-23,822.5,829,818,829,13120
2023-05-24,819.3,826.65,816.55,826.65,10334
2023-05-25,819,823.35,813.2,823,6249
2023-05-26,834.45,840.5,818,829,43156
2023-05-29,814.4,848,812.2,825.4,42731
2023-05-30,809.55,825.2,808.2,822,35455
2023-05-31,804.45,815.3,801,813.85,15635
2023-06-01,790.3,808.5,787.8,808.5,33451
2023-06-02,810.65,830,792.6,797.5,73880
2023-06-05,799.95,820.45,798.05,814.75,27640
2023-06-06,803.15,836,792.15,800,633850
2023-06-07,816.9,847.3,810,826,243812
2023-06-08,813.1,824.8,810.6,824.8,24710
2023-06-09,817.25,823.05,808,817,18746
2023-06-12,815.9,827.8,811,820,30705
2023-06-13,814.3,824.45,812.05,823.15,16200
2023-06-14,813.5,823.7,813,819.35,13186
2023-06-15,816.35,823.15,812.05,812.05,24101
2023-06-16,810.3,819.45,806.25,814.2,32198
2023-06-19,809.3,815.95,806.4,810,18713
2023-06-20,808.9,821.6,806.55,812,38309
2023-06-21,816.45,820.3,808.9,808.9,17509
2023-06-22,810.45,821.9,807.6,820.55,21041
2023-06-23,803.75,814.55,800,808,12669
2023-06-26,798.5,811.45,797.45,811.45,17842
2023-06-27,799.45,808.15,796.1,806,11429
2023-06-28,818.75,846.5,800,803.45,196809
2023-06-30,812.7,833,808.65,827.95,22744
2023-07-03,813.15,834.9,805,817.9,33576
2023-07-04,824.6,834,814,824.5,27656
2023-07-05,817.15,828.75,814.9,820,16137
2023-07-06,820.35,825.2,817,817.55,15334
2023-07-07,823.4,833,817,817,17603
2023-07-10,831,842,824.5,824.5,44365
2023-07-11,832.45,848.6,828.4,838.9,51763
2023-07-12,834.3,847.9,830,836.65,18689
2023-07-13,833.05,844.7,829.7,834.3,34565
2023-07-14,843.95,874.45,830.05,837,96590
2023-07-17,839.3,860.95,832.55,848,44366
2023-07-18,834.35,854.95,832,843.5,21005
2023-07-19,835.55,842.55,832,835.5,21485
2023-07-20,832.15,844.9,827.95,835.55,22371
2023-07-21,835.4,845.05,831.2,831.2,15738
2023-07-24,842.95,865.8,836.05,836.4,305308
2023-07-25,858.9,865,847.2,847.2,159389
2023-07-26,857.05,890,855,889,138739
2023-07-27,851.35,867.65,845.7,864,37063
2023-07-28,861.3,871.9,848,855.65,35346
2023-07-31,831.15,865.65,830,865,67179
2023-08-01,844.5,866,836.1,840,423621
2023-08-02,829.2,857.5,823.7,848,44436
2023-08-03,831.85,839.8,818,829.2,30591
2023-08-04,831,844.9,826.05,831.85,25349
2023-08-07,825.15,845.65,822.15,835.2,31407
2023-08-08,824.6,838.9,823.05,828.95,32136
2023-08-09,828.05,832.45,825.9,831.95,15469
2023-08-10,824.25,845,820,828.65,66824
2023-08-11,829.85,849,826,826,194315
2023-08-14,838.05,844,819.6,830.5,51368
2023-08-16,845.25,854.45,831.6,838.5,273347
2023-08-17,892.8,915.35,850.95,850.95,338104
2023-08-18,894.6,928.9,885,899.8,117146
2023-08-21,901.75,910.05,885,899,79926
2023-08-22,890.65,905,886.65,905,184989
2023-08-23,894.6,900,891.25,898.5,60061
2023-08-24,936.9,949,889.55,895.1,239667
2023-08-25,928.7,948.85,918.2,936.9,76771
2023-08-28,925.85,942,918.05,930,29645
2023-08-29,922.55,943,919.1,929,36272
2023-08-30,934.15,943,927.2,927.2,25580
2023-08-31,945.8,948,931.7,940,52752
2023-09-01,960.35,967,945.75,945.8,57532
2023-09-04,991.05,997,967,978.95,96485
2023-09-05,989.1,1003,981,999,78958
2023-09-06,964.5,995.7,960.1,994.05,47849
2023-09-07,974.15,999,964,964.55,30243
2023-09-08,979.85,1000,963.9,979.05,121170
2023-09-11,980.3,997.1,975,990.5,47274
2023-09-12,916.1,986.35,906.9,978.5,69751
2023-09-13,942.15,948.65,910.05,920,23374
2023-09-14,947.7,961,942.35,955,14284
2023-09-15,946.55,954.95,932.6,947.7,19935
2023-09-18,935.4,949.2,931.4,949,20003
2023-09-20,935.85,948,920.55,935.15,23691
2023-09-21,920.3,950,915.05,944.9,21915
2023-09-22,915.35,934.2,912.15,920.3,8334
2023-09-25,907.65,922.95,904,916.95,17949
2023-09-26,899.1,918.15,887,907.65,18415
2023-09-27,899.9,916.85,893.75,899.1,14381
2023-09-28,888.6,909.95,881,902.2,45170
2023-09-29,903.3,928,884,884,35376
2023-10-03,892.9,905.3,889.15,905.3,11918
2023-10-04,892.35,897.4,880.8,897.4,14452
2023-10-05,892.3,903.4,882.15,893.35,15616
2023-10-06,909.15,915,888.3,896.75,13998
2023-10-09,890.2,901.55,882.25,899,9885
2023-10-10,889.25,903.95,884,895.15,11422
2023-10-11,890.6,899.7,885,893.7,8091
2023-10-12,893.4,899.4,887.75,898,9987
2023-10-13,886.35,897.8,884,897.8,12109
2023-10-16,884.7,895.65,880.65,890,8739
2023-10-17,903.25,906.95,887.25,889.15,16935
2023-10-18,909.5,949.95,895,905,71079
2023-10-19,931.7,940,904.55,905,24480
2023-10-20,919.75,938.95,916.5,931.85,10724
2023-10-23,897.5,924.7,890,919.75,29428
2023-10-25,901.7,917.85,885.8,902,28896
2023-10-26,882.15,901.65,869.1,901.65,14457
2023-10-27,875.2,901.95,867.35,872.05,42609
2023-10-30,875.1,885.4,854,876.85,16857
2023-10-31,875.1,897.4,868,878.95,8385
2023-11-01,875.85,886.7,867.05,870.5,9633
2023-11-02,880.6,886,871.5,875,7073
2023-11-03,864.65,892.3,863,875.15,70423
2023-11-06,860.3,871.45,855.7,868.95,14862
2023-11-07,853.4,872.35,850,860.3,15893
2023-11-08,858.5,877.5,854.7,854.7,22841
2023-11-09,856.6,875,853.1,859.35,14349
2023-11-10,921.7,982.85,874.9,874.9,1132405
2023-11-13,977.6,992,940.3,962.9,102958
2023-11-15,974.3,1016.4,970.05,998.4,150362
2023-11-16,983.15,1001.3,974.6,974.6,184958
2023-11-17,1007.55,1013.85,987.2,999,85990
2023-11-20,1029.75,1045,1012.9,1012.9,173518
2023-11-21,1020.35,1049,1020,1040,115222
2023-11-22,1025.65,1045,1020.85,1029.95,280656
2023-11-23,1006.1,1043.95,1001.5,1034.5,230431
2023-11-24,1009.35,1024,1006.1,1010,30120
2023-11-28,1038.35,1053,1013.85,1018,175839
2023-11-29,1042.8,1049.2,1028.3,1044.1,37961
2023-11-30,1020.2,1040,1015,1032,22102
2023-12-01,1017.7,1034.95,1005.2,1034.95,23685
2023-12-04,1022.2,1036.45,1010.1,1029.95,22805
2023-12-05,1004.05,1030.45,1001.45,1024,38585
2023-12-06,980.2,1017.45,975.1,1006.55,39023
2023-12-07,970.05,997.05,965,988.75,98537
2023-12-08,967.35,991.6,959.75,979.4,49106
2023-12-11,969.3,979.65,957,979.65,35294
2023-12-12,955.65,987.85,949.6,970,38664
2023-12-13,948.35,959.5,944.1,959.5,38026
2023-12-14,937.6,960.95,931.55,953.1,30774
2023-12-15,941.95,949.65,937.2,946,25286
2023-12-18,933.05,948,930,948,19836
2023-12-19,933.05,947.95,924.6,937.7,27992
2023-12-20,914.85,970.3,910,960,42051
2023-12-21,915.85,931.75,895.6,914.8,34779
2023-12-22,908.15,926,906,920,50837
2023-12-26,933.5,955,905.5,905.5,74329
2023-12-27,934.05,951.75,930.6,942.95,21525
2023-12-28,949.6,962.25,928.9,928.9,34733
2023-12-29,939.45,959,931.55,959,32773
2024-01-01,955.05,960.9,936.45,939.45,29151
2024-01-02,947.55,961.85,933,961,428888
2024-01-03,982.75,992,944.55,955,291602
2024-01-04,998.2,1014,979.55,989.4,277588
2024-01-05,987.95,1006.95,980,1003,30331
2024-01-08,956.6,1001.95,950.3,992.8,41326
2024-01-09,964.75,978,955.05,960.45,14243
2024-01-10,979.25,988,952.15,964.7,16749
2024-01-11,1004.15,1010,982.3,984.15,37210
2024-01-12,997.95,1012.85,994.55,1009,19225
2024-01-15,982.05,1029.9,971.1,998.1,27127
2024-01-16,991.05,1007.15,968.3,984,39500
2024-01-17,1000,1009,987.8,991,28902
2024-01-18,1011.5,1014.45,978.75,1000,29542
2024-01-19,1017.1,1022.3,988.55,1004.45,60577
2024-01-22,1000.65,1024.85,989.8,1019.8,14954
2024-01-23,1008.45,1063.4,1001,1001,250250
2024-01-24,1125.85,1155,1013.45,1013.45,1081990
2024-01-25,1241.15,1274.75,1116.65,1120.9,1003544
2024-01-29,1235.8,1328.55,1193.1,1258,636043
2024-01-30,1307.5,1329.9,1233.4,1248.2,793319
2024-01-31,1362.55,1373.5,1303,1303,309399
2024-02-01,1287.3,1358,1270,1357.55,71239
2024-02-02,1267.2,1324.7,1241.35,1282.25,55436
2024-02-05,1320,1334,1260.2,1261.85,87434
2024-02-06,1341.5,1349.1,1315,1324.1,37584
2024-02-07,1400.2,1418.7,1341.5,1341.5,492558
2024-02-08,1371.15,1420,1351.3,1419.85,50897
2024-02-09,1344.7,1391.1,1280,1386.8,57003
2024-02-12,1304.55,1355.2,1285,1355.2,44638
2024-02-13,1302.35,1325,1246.55,1318,66587
2024-02-14,1346.05,1359,1285,1289.95,75556
2024-02-15,1351.3,1381.35,1326.2,1367.5,36752
2024-02-16,1337.55,1369.7,1321,1355,16705
2024-02-19,1357.45,1400,1327.15,1330,25299
2024-02-20,1388.7,1400,1357.45,1357.45,48176
2024-02-21,1359.7,1400,1342.05,1394.9,46867
2024-02-22,1366.6,1375.95,1352.4,1373.75,18277
2024-02-23,1377.15,1387.4,1350.4,1370,13459
2024-02-26,1440.5,1467.45,1350.05,1389.5,101592
2024-02-27,1466.7,1495,1400,1457,121121
2024-02-28,1405.65,1473.95,1387.05,1468.25,55578
2024-02-29,1376.15,1417.45,1355.25,1405.65,25509
2024-03-01,1386.8,1414.5,1380,1389.35,14970
2024-03-04,1391.6,1441.2,1384.4,1430,26793
2024-03-05,1392.85,1413,1365.2,1385.15,32844
2024-03-06,1357.1,1397,1340.1,1395.6,33167
2024-03-07,1370.15,1383,1350.65,1352,18271
2024-03-11,1378.55,1392.7,1350.05,1381.95,28071
2024-03-12,1371.5,1394,1360.5,1378.55,27685
2024-03-13,1339.95,1380,1336.6,1367.05,68127
2024-03-14,1384.1,1409.95,1303.05,1333.2,46193
2024-03-15,1332.2,1425,1317.1,1386,36496
2024-03-18,1344.35,1361.95,1306.1,1331.95,51001
2024-03-19,1297.75,1358.3,1290,1344.35,29490
2024-03-20,1315.95,1338.8,1281,1298,17493
2024-03-21,1320.05,1349,1295,1315.95,13095
2024-03-22,1341.8,1380,1315,1335.8,19268
2024-03-26,1364.8,1416,1326.1,1341.8,20209
2024-03-27,1369.25,1390,1351.4,1364.8,16658
2024-03-28,1505.95,1525,1387.05,1391,317182
2024-04-01,1559.25,1603.75,1538.1,1567,340646
2024-04-02,1544.7,1583.75,1531,1580,172674
2024-04-03,1546,1555,1535.05,1548,72568
2024-04-04,1524.25,1550.8,1505,1550,42417
2024-04-05,1474.45,1550,1453.5,1526.7,96275
2024-04-08,1486.65,1550.7,1474.55,1503.35,118550
2024-04-09,1511.85,1548.1,1481.2,1491,83279
2024-04-10,1477.6,1522.9,1452,1512,48184
2024-04-12,1419.2,1477.05,1414.05,1466.85,56769
2024-04-15,1373,1408.7,1335,1402.75,53860
2024-04-16,1415.8,1428,1351,1351,57208
2024-04-18,1498.4,1546,1417.05,1417.05,145297
2024-04-19,1526.1,1551.6,1471.95,1495.05,129366
2024-04-22,1586.1,1618.7,1503,1539.95,322492
2024-04-23,1562.1,1620.15,1547.45,1590,64642
2024-04-24,1669.7,1720.25,1571.55,1574.45,511474
2024-04-25,1656.25,1677.75,1621.05,1669.75,62560
2024-04-26,1574.4,1658.8,1561.45,1652.3,48182
2024-04-29,1547.5,1601.4,1535,1582.35,74957
2024-04-30,1533.9,1562.5,1527.35,1547.5,35278
2024-05-02,1516.4,1560,1494.5,1544.85,38866
2024-05-03,1488,1532.25,1480,1530,29910
2024-05-06,1464.6,1494.95,1444.25,1491.95,31093
2024-05-07,1416.35,1472.1,1400,1464,37920
2024-05-08,1461.35,1469.7,1403.05,1413.95,36407
2024-05-09,1392.6,1487.8,1366.95,1461.35,45542
2024-05-10,1430.25,1447,1390.1,1392.6,35168
2024-05-13,1399.95,1444.9,1382.5,1444.9,27775
2024-05-14,1395.7,1415,1387.8,1400.4,22492
2024-05-15,1415.75,1438.8,1400.1,1406.85,23922
2024-05-16,1428.25,1445,1415.7,1415.75,20334
2024-05-17,1466.05,1475.9,1420.1,1420.1,55764
2024-05-20,1452.15,1485.1,1447.05,1466.05,4442
2024-05-21,1411.8,1455,1394.95,1452.15,34096
2024-05-22,1392.8,1429.25,1390,1429.25,17313
2024-05-23,1404.5,1415.3,1384,1392.8,27208
2024-05-24,1480.6,1533.6,1404.5,1404.5,277233
2024-05-27,1412.75,1508.3,1401.85,1492.15,139227
2024-05-28,1411.9,1438.8,1391.95,1416.95,55118
2024-05-29,1265.45,1380,1251.1,1380,240077
2024-05-30,1211.15,1285,1200,1266.05,91985
2024-05-31,1189.85,1273.3,1185.85,1215.95,74225
2024-06-03,1162.9,1212,1152,1205,106259
2024-06-04,1065.5,1179,1014,1179,123702
2024-06-05,1125.3,1149.7,1064.95,1097,150076
2024-06-06,1336.6,1350,1130,1142.2,561808
2024-06-07,1456.25,1479,1362,1362,643157
2024-06-10,1477,1513.45,1425,1451.15,204373
2024-06-11,1542.25,1574,1463,1463,254412
2024-06-12,1534.8,1605,1495,1549.45,104992
2024-06-13,1522.95,1581.85,1503,1531.9,34915
2024-06-14,1613.45,1625,1495,1530.4,171191
2024-06-18,1600.65,1649.95,1574,1632,48095
2024-06-19,1590.8,1640,1541.2,1600,45472
2024-06-20,1597.4,1630,1572.05,1580,39468
2024-06-21,1597.25,1624,1559.95,1597.8,32185
2024-06-24,1641,1689,1565.5,1597.4,129706
2024-06-25,1677.65,1725.5,1641.2,1680,147230
2024-06-26,1714,1730,1654,1700,115464
2024-06-27,1657.2,1748.45,1629.95,1717.65,75432
2024-06-28,1637.6,1689,1605.1,1655,38523
2024-07-01,1707.25,1725.05,1605.7,1659.95,52047
2024-07-02,1666.7,1733,1660,1715.65,31263
2024-07-03,1652.7,1689,1642.55,1675,30770
2024-07-04,1691.1,1730,1643.35,1657,48832
2024-07-05,1720.15,1755,1676.1,1694,121693
2024-07-08,1664.2,1743.45,1633.35,1729.9,64886
2024-07-09,1608.1,1718,1591.05,1680,40447
2024-07-10,1589.3,1643.95,1548.55,1614.45,31481
2024-07-11,1614.2,1629,1555.55,1600,16734
2024-07-12,1636.8,1672.45,1614.85,1614.85,66546
2024-07-15,1645.05,1669.7,1580,1636.8,31594
2024-07-16,1608.2,1650,1570,1645,28636
2024-07-18,1589.05,1630,1576.75,1615.9,18047
2024-07-19,1531.95,1595.95,1489.9,1583.3,50285
2024-07-22,1623.65,1634.8,1517.5,1531.95,63076
2024-07-23,1650.05,1665,1480,1629,61517
2024-07-24,1719.3,1731.25,1633.5,1643.4,60049
2024-07-25,1741.45,1765,1679.1,1714,75924
2024-07-26,1840.45,1865,1716.8,1732.85,248094
2024-07-29,1790.5,1929.7,1775.55,1904.4,332463
2024-07-30,1792.55,1858,1770,1830.05,98923
2024-07-31,1773.3,1823.45,1756,1823.45,43252
2024-08-01,1942.9,1950.6,1882.1,1915,502828
2024-08-02,1948.05,2020,1873.05,1899,227459
2024-08-05,1876.9,1970.05,1865.35,1909.95,142780
2024-08-06,1930.4,2005.4,1877.05,1901.45,105023
2024-08-07,2068.2,2172,1949,1949,585304
2024-08-08,2087.6,2126.45,2034.1,2057.85,110460
2024-08-09,2126.85,2150,2048,2083.25,82372
2024-08-12,2064.8,2138.3,2060,2138.3,36101
2024-08-13,1976.65,2065.05,1965,2065,46142
2024-08-14,2011.25,2020.45,1955,1999.9,35407
2024-08-16,2032.85,2037.3,1987.65,2011.25,22997
2024-08-19,1977.95,2057.95,1966.3,2050.9,35240
2024-08-20,2050.25,2082,1991,1991,48135
2024-08-21,2032.5,2075.95,2005.55,2059.95,41472
2024-08-22,2006.8,2100,1985.8,2053.8,51107
2024-08-23,2081.7,2129,2010.8,2036.9,97120
2024-08-26,2047.15,2149.3,2032,2094.75,61277
2024-08-27,2026.65,2079.75,2012,2070.35,41858
2024-08-28,2057.9,2090,1990.6,2045,103437
2024-08-29,2005.55,2068.1,1999.8,2060,31490
2024-08-30,1969.2,2010.8,1960,2006.7,40942
2024-09-02,1928,1986.1,1920.05,1969.2,33556
2024-09-03,1917.55,1948,1892.05,1928,61611
2024-09-04,1913.8,1954.5,1893,1893,67664
2024-09-05,1907.25,1948,1900,1948,25392
2024-09-06,1908.35,1936.4,1895.1,1907.25,46109
2024-09-09,1896.2,1925.1,1870,1908.35,44740
2024-09-10,1896.5,1917.85,1885,1899.95,18008
2024-09-11,1906.4,1947.5,1896.5,1896.5,28436
2024-09-12,1917.15,1949.7,1887.8,1922.85,20463
2024-09-13,1937.7,1950.25,1908,1935.1,18320
2024-09-16,1951.55,1998,1920.05,1937.7,46153
2024-09-17,1946.35,2015,1935,1951.6,70392
2024-09-18,1943.85,1965.8,1911.5,1965.8,19606
2024-09-19,1851.85,1954,1830.05,1950,60649
2024-09-20,1871.95,1887.7,1847.7,1860,34648
2024-09-23,1887.2,1899.45,1857.55,1879,19327
2024-09-24,1849,1953.95,1840,1903.45,48757
2024-09-25,1833.4,1873.8,1820,1849,31222
2024-09-26,1783.95,1842.3,1777.15,1833.15,38909
2024-09-27,1805.5,1827.6,1790,1800,28857
2024-09-30,1807.55,1843.9,1780,1780,25531
2024-10-01,1843.05,1865,1810.55,1811,35129
2024-10-03,1805.1,1887.25,1775,1793.3,36147
2024-10-04,1798.3,1811.3,1743.05,1805.1,26910
2024-10-07,1732.75,1800,1698,1798.15,27040
2024-10-08,1799.2,1818.4,1700,1759.95,22920
2024-10-09,1824.85,1845,1792.55,1803.2,10284
2024-10-10,1809.15,1829.45,1800,1824.9,7489
2024-10-11,1799.5,1810,1781,1809.15,8147
2024-10-14,1871.7,1889,1801,1807.25,53686
2024-10-15,1867.4,1889.65,1827,1889.65,17368
2024-10-16,2159.1,2240.85,1904.75,1907.95,1182324
2024-10-17,2281.05,2348.8,2159.25,2178,851649
2024-10-18,2270.65,2292.5,2195.05,2292,170492
2024-10-21,2329.8,2359.9,2240.05,2270,155132
2024-10-22,2228.75,2335.3,2210.05,2301.8,89710
2024-10-23,2273.2,2319.85,2126,2235.05,78495
2024-10-24,2185.55,2281.95,2175,2256.85,42681
2024-10-25,2027.85,2191.45,1990,2191.45,137835
2024-10-28,1823.35,1900,1703.35,1900,199807
2024-10-29,1523.05,1790,1481.65,1761,920262
2024-10-30,1550.85,1609.5,1531.55,1560.95,297772
2024-10-31,1552.2,1591.15,1518,1551.3,170250
2024-11-01,1573.05,1586,1558.4,1573,32169
2024-11-04,1595.8,1640.9,1527.9,1579.75,222417
2024-11-05,1588.8,1612.35,1566.85,1601.75,61537
2024-11-06,1689.5,1718.05,1582,1614.55,179000
2024-11-07,1655.7,1713.1,1652,1697.65,101432
2024-11-08,1671.05,1728,1640,1719,106218
2024-11-11,1646.05,1686,1611.6,1650.25,52592
2024-11-12,1616.15,1691.95,1603.25,1668,66258
2024-11-13,1571.95,1648.4,1560.25,1635,75621
2024-11-14,1569.95,1628,1507.55,1580.75,104242
2024-11-18,1603.7,1630.65,1534.2,1589.95,70387
2024-11-19,1574.1,1625.25,1562.4,1605,63557
2024-11-21,1553.95,1592.75,1536.6,1592.75,42739
2024-11-22,1574.15,1581.95,1532.55,1558.55,189498
2024-11-25,1559.95,1609.9,1549.9,1609.9,42273
2024-11-26,1570.45,1601.05,1555.7,1570,30257
2024-11-27,1666.85,1699,1561.05,1561.05,116352
2024-11-28,1721.7,1754.95,1658.05,1682,113727
2024-11-29,1680.15,1725.35,1665.35,1725.35,25287
2024-12-02,1722.15,1744.25,1672.8,1698.35,36210
2024-12-03,1787.35,1818,1711,1730,66527
2024-12-04,1774,1820.6,1766.2,1789.5,46143
2024-12-05,1820.95,1843,1765.3,1781.15,70477
2024-12-06,1820.95,1838.75,1810.55,1821.25,29600
2024-12-09,1859.55,1874.9,1820,1820,33561
2024-12-10,1830.05,1880,1815.5,1865,30621
2024-12-11,1821.3,1849.55,1802.1,1849.55,29610
2024-12-12,1822.9,1846.45,1805.05,1817,20263
2024-12-13,1797.65,1823.35,1728.1,1822.9,37491
2024-12-16,1806.1,1829,1781.55,1815.65,30004
2024-12-17,1798.75,1829.95,1776.25,1809.2,25208
2024-12-18,1785.5,1814.35,1760,1798.75,21504
2024-12-19,1770.9,1802.2,1750.6,1775.5,19682
2024-12-20,1782.7,1868,1762.2,1785.55,102925
2024-12-23,1821.15,1856,1763.3,1830,65383
2024-12-24,1882.8,1919,1780.65,1820,86069
2024-12-26,1936.9,1958.7,1888.2,1909.8,105239
2024-12-27,1886.3,1965,1872.2,1936.9,71508
2024-12-30,1833,1909.8,1810,1909.8,28970
2024-12-31,1895.85,1912.7,1833,1850,40177
2025-01-01,1897.85,1934.95,1880,1900,23335
2025-01-02,1908.15,1920,1880,1914.2,15713
2025-01-03,1904.55,1924.6,1891.35,1920,15980
2025-01-06,1832.45,1933.95,1775.6,1909,57438
2025-01-07,1903.35,1919,1810.1,1832.3,33074
2025-01-08,1998.8,2015.95,1887.15,1922.4,134752
2025-01-09,1981.15,2015,1967,2008,50919
2025-01-10,1863.15,1988.35,1856.1,1985,44143
2025-01-13,1728.55,1860.4,1702,1860,37945
2025-01-14,1734.25,1768.2,1688.75,1750,38995
2025-01-15,1662.15,1750.05,1629.05,1734.25,69353
2025-01-16,1748.45,1754.9,1678.1,1688,84245
2025-01-17,1764.15,1822.9,1725,1725,79131
2025-01-20,1787.85,1812.15,1753.7,1753.7,19025
2025-01-21,1780.85,1799.2,1736.65,1787.85,26656
2025-01-22,1770.65,1808.95,1743.05,1775,25949
2025-01-23,1793.55,1831.45,1770.6,1770.65,23588
2025-01-24,1693.75,1810,1680.1,1810,27881
2025-01-27,1576.7,1679.9,1566,1668.35,36248
2025-01-28,1617.7,1645,1515.15,1608.9,54039
2025-01-29,1380.9,1486,1370,1469.05,310433
2025-01-30,1374.4,1406.6,1359.95,1392.2,63843
2025-01-31,1384.75,1498,1370.1,1379,266161
2025-02-03,1385.95,1404.95,1374.05,1390,40163
2025-02-04,1361.5,1410.95,1351.2,1390,61407
2025-02-05,1388.1,1403.95,1368.3,1377.95,30583
2025-02-06,1367.15,1402.75,1362,1397.5,28370
2025-02-07,1316.5,1379,1295.25,1367.15,53436
2025-02-10,1295,1335,1265.2,1335,36141
2025-02-11,1222.7,1308.05,1204,1299,65925
2025-02-12,1228.8,1250.95,1164.5,1225,47656
2025-02-13,1241.55,1279,1218.1,1227.1,42973
2025-02-14,1197,1260.95,1186.3,1249.9,51139
2025-02-17,1186.45,1235,1150.15,1192.05,47607
2025-02-18,1168,1211.75,1152.2,1186.45,22676
2025-02-19,1199.8,1219.05,1149.6,1160,106708
2025-02-20,1184.85,1216.7,1180,1209,31740
2025-02-21,1191.4,1222.9,1173,1194.45,46074
2025-02-24,1166.15,1206.55,1158.95,1190,37899
2025-02-25,1145.75,1188,1136.7,1170.95,86720
2025-02-27,1104.6,1160.3,1100,1150,123305
2025-02-28,1070.55,1103.25,1060,1098,58215
2025-03-03,1074.75,1118.65,1062.1,1086,56480
2025-03-04,1096.05,1121.1,1064.55,1080.5,45892
2025-03-05,1128.75,1144.75,1094.6,1112.5,224333
2025-03-06,1148.7,1180,1134,1140,53236
2025-03-07,1137.55,1173.8,1130,1162.65,46751
2025-03-10,1112,1160,1108,1150.65,47928
2025-03-11,1115.6,1139.9,1095.1,1095.3,43729
2025-03-12,1098.1,1129.15,1090,1129.15,61352
2025-03-13,1106.95,1140,1090,1098.1,114348
2025-03-17,1106.45,1125,1095.2,1112,257939
2025-03-18,1136.65,1150.65,1109.25,1116.1,201672
2025-03-19,1157.7,1178.4,1139.95,1139.95,72549
2025-03-20,1229.75,1246.05,1151.55,1155,259517
2025-03-21,1264.85,1290.8,1230,1230,130953
2025-03-24,1306.8,1324.7,1274.1,1300,118947
2025-03-25,1294.85,1349,1275.1,1349,108024
2025-03-26,1258.05,1305,1248.45,1303.8,56940
2025-03-27,1275.45,1292.85,1247.5,1251,64811
2025-03-28,1329.65,1378,1278.3,1294.6,244445
2025-04-01,1294.15,1323.95,1280,1320,92011
2025-04-02,1303.15,1312.25,1256,1298.3,46445
2025-04-03,1314.65,1325,1280.05,1280.05,97403
2025-04-04,1272.85,1322,1263,1314.65,122841
2025-04-07,1206.5,1219,1121,1121,70325
2025-04-08,1274.15,1284.85,1221.15,1240,53781
2025-04-09,1248.35,1276.2,1237.25,1274.15,27837
2025-04-11,1289.95,1315.65,1270,1308,42241
2025-04-15,1333.2,1339.8,1307.2,1319.8,33854
2025-04-16,1360.7,1372,1318.9,1343,53948
2025-04-17,1359.2,1380.9,1336.1,1362.1,46730
2025-04-21,1371.3,1389,1336,1379.4,54913
2025-04-22,1385.8,1412,1360.1,1376,51658
2025-04-23,1361.9,1410,1350,1410,40140
2025-04-24,1337,1415,1325.3,1360,233182
2025-04-25,1272.3,1349,1260,1349,48314
2025-04-28,1321,1330,1257.2,1272,48067
2025-04-29,1319.4,1342.7,1308.1,1322,27848
2025-04-30,1292.4,1326.4,1284.5,1326.4,19599
2025-05-02,1272,1301.2,1262.5,1299.8,22701
2025-05-05,1274.3,1295.6,1266.7,1278.3,21872
2025-05-06,1256.9,1311.9,1245,1275.1,38554
2025-05-07,1268,1275,1220,1233,20228
2025-05-08,1278.4,1330,1270,1280,33648
2025-05-09,1246.1,1271.2,1239,1245,26522
2025-05-12,1334.1,1349.7,1271.1,1273.1,55086
2025-05-13,1344.5,1360.5,1315.2,1331.6,28611
2025-05-14,1337,1360,1315.9,1360,29565
2025-05-15,1362.8,1375.4,1334.5,1343.4,34243
2025-05-16,1372.4,1386.6,1353.3,1375.5,19934
2025-05-19,1388.2,1408.5,1368.9,1374.8,34709
2025-05-20,1356.1,1410,1351.1,1401,15583
2025-05-21,1352.2,1375,1329.2,1375,33074
2025-05-22,1348.7,1368.9,1332.2,1350,18989
2025-05-23,1366,1401.4,1338,1348,33777
2025-05-26,1344.5,1385,1334.3,1385,31483
2025-05-27,1349.1,1355,1325.1,1340,27071
2025-05-28,1349.5,1372,1334,1349.8,57979
2025-05-29,1360.8,1423,1341.7,1398,230982
2025-05-30,1396.9,1406.9,1347.4,1350,61053
2025-06-02,1547.7,1586,1384.8,1408.7,602952
2025-06-03,1557.2,1627.9,1535.3,1562.9,195424
2025-06-04,1528.9,1568,1498,1559.9,86130
2025-06-05,1568.1,1608.4,1527.9,1529,120829
2025-06-06,1534.8,1598,1521.1,1568,80961
2025-06-09,1535.5,1556.3,1516.2,1536,55792
2025-06-10,1610.1,1658,1547.3,1580,414774
2025-06-11,1659.1,1702.3,1593.7,1610.1,379343
2025-06-12,1618.9,1672.9,1606.8,1672.4,56315
2025-06-13,1593.2,1617.3,1570.1,1575,31926
2025-06-16,1608.9,1648,1551.4,1593,37494
2025-06-17,1594.3,1619.7,1580,1617,29369
2025-06-18,1579.8,1603.6,1565,1596,19449
2025-06-19,1562.2,1584,1551,1584,31936
2025-06-20,1565.2,1591.4,1533.1,1562.2,27478
2025-06-23,1548.2,1564.2,1541.1,1541.7,15767
2025-06-24,1560.9,1573.5,1544.9,1549.1,20637
2025-06-25,1584,1608.9,1563.8,1564.1,27404
2025-06-26,1575.1,1599.4,1565,1597.2,44963
2025-06-27,1553.9,1587.3,1550.2,1587.3,24062
2025-06-30,1544,1567.8,1540,1567.8,12194
2025-07-01,1558.6,1563,1512.2,1544,55227
2025-07-02,1542.4,1564.8,1528,1558.6,18767
2025-07-03,1504.6,1543,1502,1542.9,26253
2025-07-04,1548.1,1565,1490.8,1500,36409
2025-07-07,1509.2,1556.8,1500.2,1550.4,15812
2025-07-08,1514.2,1526.5,1481.7,1506.3,22853
2025-07-09,1520.3,1535.1,1509.7,1515,33916
2025-07-10,1533.8,1546.3,1520.3,1525.1,22225
2025-07-11,1496.8,1544,1493,1544,14741
2025-07-14,1510.8,1530,1484.8,1500,18153
2025-07-15,1522.8,1539.9,1500.3,1500.3,35028
2025-07-16,1507.7,1548.9,1505,1515.8,31177
2025-07-17,1497.6,1540.8,1487.7,1500,24920
2025-07-18,1453.6,1510.3,1450,1497.6,44499
2025-07-21,1383.8,1464.6,1376.7,1464.6,84538
2025-07-22,1389.6,1403.2,1368.1,1396.7,39213
2025-07-23,1357,1399.8,1348.8,1399.8,36702
2025-07-24,1426.6,1440,1357,1361.9,59876
2025-07-25,1393.5,1430,1385,1429.6,27667
2025-07-28,1340.1,1393.5,1331,1393.5,26951
2025-07-29,1309.1,1357.5,1290,1344.8,62891
2025-07-30,1375.3,1390.1,1273,1273,171720
2025-07-31,1320.5,1362.5,1310,1350.9,37249
2025-08-01,1333.3,1339,1310.5,1317.5,22591
2025-08-04,1328.1,1344,1312.1,1316.1,22175
2025-08-05,1315.1,1349.1,1304,1322.1,35077
2025-08-06,1295.6,1325.9,1286.8,1315.2,11648
2025-08-07,1334.3,1364,1280.4,1287.3,35673
2025-08-08,1330,1356.9,1320,1338,25118
2025-08-11,1308,1388.4,1300,1331,17532
2025-08-12,1280.7,1334.3,1275,1310,22392
2025-08-13,1285.1,1299.9,1275,1281,16561
2025-08-14,1282.8,1288,1271,1286.2,16203
2025-08-18,1539.3,1539.3,1330,1332,1677989
2025-08-19,1500,1559.9,1474.9,1551.6,416986
2025-08-20,1473.6,1498.8,1453.9,1477.6,70292
2025-08-21,1469.4,1510,1455.4,1504.9,60197
2025-08-22,1477.4,1500.9,1460.1,1469,27933
2025-08-25,1483.5,1500,1444.2,1498,30234
2025-08-26,1455.9,1485,1444.6,1484.5,21070
2025-08-28,1475.7,1483.3,1433.5,1455.9,27767
2025-08-29,1466.5,1487.9,1455.6,1475,13790
2025-09-01,1483.7,1493.5,1469.7,1479,19223
2025-09-02,1544,1561,1468.1,1489,91345
2025-09-03,1556.8,1581.1,1533,1551.5,56296
2025-09-04,1518.6,1599,1507.9,1570,187286
2025-09-05,1512.2,1535,1505.1,1530.7,16335
2025-09-08,1486.2,1527.4,1476.2,1512.2,16555
2025-09-09,1487.4,1508.8,1478,1490,13027
2025-09-10,1502.5,1526.9,1483,1485,27429
2025-09-11,1508.3,1534.8,1498.3,1502.5,120717
2025-09-12,1502.5,1526.4,1500.2,1515,35017
2025-09-15,1550.4,1574.4,1492.1,1492.1,59570
2025-09-16,1562.9,1606.9,1531.4,1567,69308
2025-09-17,1574.2,1600,1560.9,1575.4,28747
2025-09-18,1598,1610,1577,1598.2,54601
2025-09-19,1606.4,1650,1595,1597,63173
2025-09-22,1766.7,1797.8,1591,1591,430261
2025-09-23,1748,1776.5,1711,1750,82685
2025-09-24,1840,1905,1732,1748,353566
2025-09-25,1762.4,1857.9,1756.5,1824.6,78339
2025-09-26,1713.7,1772.7,1700,1755,36916
2025-09-29,1712.6,1762,1701.8,1717.9,34198
2025-09-30,1671.1,1747.1,1664.2,1726.3,41281
2025-10-01,1700.5,1733.2,1666,1671,38653
2025-10-03,1727.6,1747,1689.1,1697,29543
2025-10-06,1685.5,1763.7,1677,1734.5,32321
2025-10-07,1725.2,1752.6,1677.9,1692.9,33784
2025-10-08,1726.9,1742.4,1708.7,1742.4,23581
2025-10-09,1688.9,1738.9,1681.3,1738.2,18721
2025-10-10,1747.7,1784.5,1688.9,1688.9,38765
2025-10-13,1696.8,1747.7,1682.1,1747.7,27988
2025-10-14,1729,1741.2,1677,1710.4,51950
2025-10-15,1777.9,1798.9,1711,1730,43003
2025-10-16,1736.5,1828,1728.1,1779.8,43992
2025-10-17,1737.1,1772.5,1693.1,1750.4,65728
2025-10-20,1815.2,1832.3,1735.6,1769,70517
2025-10-21,1848,1864.4,1820,1837,23469
2025-10-23,1893.2,1925,1832,1847.9,129397
2025-10-24,1928.9,1935,1870.8,1900,112700
2025-10-27,1910.4,1965.1,1861.8,1936.9,129472
2025-10-28,1918.9,1961.9,1885.2,1909,74576
2025-10-29,1956,1975,1918,1919,46348
2025-10-30,1949,1994,1940,1994,70522
2025-10-31,1872.2,2019.8,1850,2005,289257
2025-11-03,1846,1927.7,1834.4,1878.3,113014
2025-11-04,1841.4,1857.7,1827.2,1857.7,32265
2025-11-06,1792.5,1840.6,1780.5,1815.8,31425
2025-11-07,1853.8,1860,1775.5,1800,62296
2025-11-10,1840.8,1915,1828,1879,61745
2025-11-11,1802,1864.9,1794,1840,35259
2025-11-12,1770.4,1815.5,1765.1,1802,25433
2025-11-13,1737.8,1801.9,1729.9,1779,68091
2025-11-14,1764.3,1774.1,1735.7,1740,33924
2025-11-17,1794,1814,1759.4,1778,21532
2025-11-18,1794.2,1819,1786.4,1815,25064
2025-11-19,1756.5,1805,1751,1805,21485
2025-11-20,1739.8,1774.8,1734,1764.9,13543
2025-11-21,1698.4,1745.9,1694.9,1739.8,18118
2025-11-24,1711.7,1750,1685.8,1685.8,66520
2025-11-25,1717.8,1729.3,1684.7,1713.4,20429
2025-11-26,1705.1,1731.7,1699.2,1701,16596
2025-11-27,1692.4,1730,1684.5,1730,12262
2025-11-28,1671.5,1704.1,1662.5,1697.9,18724
2025-12-01,1669.9,1709.6,1665,1688,15521
2025-12-02,1628,1678.4,1614.9,1668.3,29454
2025-12-03,1634.5,1647.9,1620,1644.3,16365
2025-12-04,1606.2,1634,1595.8,1634,12866
2025-12-05,1570.2,1613.4,1563.5,1611.8,11682
2025-12-08,1535.3,1570.2,1527,1570.2,31593
2025-12-09,1543.9,1598.7,1520.5,1535.3,152658
2025-12-10,1615.7,1649.8,1533.6,1535.2,99325
2025-12-11,1604.6,1634.6,1594.3,1614.1,26493
2025-12-12,1609.6,1630.2,1599.9,1600,16547
2025-12-15,1613.2,1628.1,1604.5,1617.7,19036
2025-12-16,1602.9,1626,1590.9,1618.8,15593
2025-12-17,1551.4,1604.7,1528,1604.2,32273
2025-12-18,1552.6,1578.4,1539.8,1554.9,16194
2025-12-19,1570.7,1574.4,1540,1554,13578
2025-12-22,1579.8,1598.3,1565.9,1570.7,63452
2025-12-23,1639.9,1650.5,1559.2,1581.4,62578
2025-12-24,1651.5,1729.5,1634.6,1635,65228
2025-12-26,1607.7,1660.7,1592.7,1653.2,16296
2025-12-29,1571.7,1609.8,1559.2,1602,19347
2025-12-30,1557.5,1575.2,1521.1,1572.6,21998
2025-12-31,1560,1573.1,1539.7,1550,15680
2026-01-01,1560.3,1580.8,1555,1563,6265
2026-01-02,1600.2,1624.8,1550.2,1550.2,25715
2026-01-05,1589.2,1625,1574.5,1586,17556
2026-01-06,1549,1594.8,1533.3,1594.8,18273
2026-01-07,1540.4,1562.4,1536.1,1549,11908
2026-01-08,1478.9,1550.4,1470,1531.3,39106
2026-01-09,1452.6,1495,1440.6,1470,19083
2026-01-12,1428,1458,1405,1458,20385
2026-01-13,1421.2,1454.3,1412,1429.9,12399
2026-01-14,1395,1433.1,1387,1420,18803
2026-01-16,1392.2,1449,1385,1395,20910
2026-01-19,1383.2,1398,1371.1,1375,17019
2026-01-20,1379.3,1407.1,1370,1383.3,43900
2026-01-21,1335.1,1370,1315,1355,59970
2026-01-22,1341.4,1365,1310.1,1336,46390
2026-01-23,1351.2,1386,1330.5,1341.4,50014
2026-01-27,1094.7,1299,1081,1299,851135
2026-01-28,1097.6,1155,1071,1117,205746
2026-01-29,1098.3,1112.4,1058.5,1097.6,77754
2026-01-30,1121.7,1143.5,1081,1095,71614
2026-02-02,1096,1140,1082.1,1115,72413
2026-02-03,1084.1,1137.9,1074,1136,123395
2026-02-04,1088.7,1123,1075.1,1085.1,83186
2026-02-05,1116.3,1131.2,1080.2,1082.8,127438
2026-02-06,1182.8,1189.7,1105.8,1112.2,117344
2026-02-09,1208.4,1253.7,1171.2,1194.8,97640
2026-02-10,1227.2,1237.8,1191.9,1217.2,37637
2026-02-11,1225.3,1240,1212.6,1234.7,110898
2026-02-12,1211.6,1234.8,1186.4,1234.8,34521
2026-02-13,1193.7,1219.8,1183,1191,30427
2026-02-16,1153.7,1187.8,1143.7,1177.1,35359
2026-02-17,1200.4,1210,1150,1154,38502
2026-02-18,1184.1,1213.9,1183.2,1213.9,85388
2026-02-19,1137.5,1193,1111.2,1184.2,55985
2026-02-20,1159.1,1170,1128,1148.9,85351
2026-02-23,1140.8,1170,1133.6,1170,30411
2026-02-24,1121,1144.8,1114.1,1140.8,21914
2026-02-25,1107.4,1138.9,1099,1130.5,38243
2026-02-26,1093.6,1118.3,1086,1112.7,36919
2026-02-27,1097.5,1109.3,1080,1096.7,58354
2026-03-02,1081.2,1103.2,1035.5,1045,52962
2026-03-04,1085.9,1115.7,1057.8,1060.2,66437
2026-03-05,1085.3,1097.6,1073.6,1094.9,105277
2026-03-06,1079.2,1105.9,1075,1080,45911
2026-03-09,1034.4,1075,1024.5,1075,76037
2026-03-10,1041.6,1057,1027.3,1049.9,51222
2026-03-11,1044.1,1076,1033.5,1042.1,72791
2026-03-12,1021.2,1050.4,1016.9,1047.8,54588
2026-03-13,990.4,1022.6,980.1,1018.2,66978
2026-03-16,972.8,998.7,961.9,998.7,64107
2026-03-17,1001.4,1010.4,970.9,974.8,158947
2026-03-18,1029.6,1038.4,1000.1,1004.8,57619
2026-03-19,985.8,1020,981.3,1020,34807
2026-03-20,977.9,1004.8,973.1,998.8,87514
2026-03-23,923.9,975,917.9,975,45269
2026-03-24,980.6,996.3,935.6,938,91056
2026-03-25,983.1,1005.9,979.1,979.1,62028
2026-03-27,945.2,982.1,935.5,982.1,185680
2026-03-30,894.1,938.8,883.2,928.2,175773
2026-04-01,955.2,972.9,914.4,925,58658
2026-04-02,951,960,911.1,942,42589
2026-04-06,965.35,969.15,928,951.15,32288
2026-04-07,979.05,985,951.1,955.7,26738
2026-04-08,1032.6,1040,999.85,1025,54506
2026-04-09,1040.2,1069.35,1031.85,1032,54860
2026-04-10,1081.25,1109.6,1041,1041,86430
2026-04-13,1058.1,1076.35,1030.2,1060.05,32444
2026-04-15,1091.7,1100,1072.1,1073.6,51364
2026-04-16,1090.95,1107,1081.1,1100,33579
2026-04-17,1116.2,1125,1083.3,1094.75,39198
2026-04-20,1098,1124.4,1090,1122,31514
2026-04-21,1131.25,1134,1104.65,1106.6,38730
2026-04-22,1123.5,1138,1118.7,1138,35594
2026-04-23,1203.8,1214.6,1106.4,1122.35,159623
2026-04-24,1148.55,1215,1140.6,1213.95,76566
2026-04-27,1189.4,1207.45,1142,1168.95,85448
2026-04-28,1176.9,1206.8,1170,1195.55,29530
2026-04-29,1160.45,1186,1156.25,1174.65,32133
2026-04-30,1142.85,1165.3,1131.3,1155.25,48259
2026-05-04,1217.7,1249,1165.1,1167.3,201648
2026-05-05,1226.4,1246.6,1198.2,1216,67792
2026-05-06,1223.4,1250,1212,1246.3,59659
2026-05-07,1209.8,1241,1206,1229.9,42634
2026-05-08,1188.6,1213.9,1181.5,1213.9,42819
2026-05-11,1199.6,1236.7,1143.1,1188,81463
2026-05-12,1121.6,1210.1,1115.1,1201,56520
2026-05-13,1122.9,1174.4,1117.8,1125.2,40951
2026-05-14,1118.9,1135.4,1106.5,1124.8,94088
2026-05-15,1113.1,1150,1109.2,1118,61172
2026-05-18,1086.9,1108.2,1065.9,1108.2,26880
2026-05-19,1098.8,1122,1083.2,1100.7,25923
2026-05-20,1044.8,1094.3,1039,1094.3,148033
2026-05-21,1042,1069.8,1037.2,1050.8,35914
2026-05-22,1049.1,1066.1,1030.2,1043,77782
2026-05-25,1052.2,1076,1037.2,1049.1,70666
2026-05-26,1147.9,1218,1119.9,1119.9,3255413
2026-05-27,1192,1215,1147.9,1170,381713
2026-05-29,1252.5,1347,1188.3,1209,912172
2026-06-01,1246.5,1334.3,1232,1262,270032
2026-06-02,1317.8,1326.2,1213.4,1244.8,253081
2026-06-03,1279.7,1333.3,1260.1,1333.3,123570
2026-06-04,1268.8,1293,1262.6,1293,45406
2026-06-05,1255.7,1289.4,1250.1,1274.2,38405
2026-06-08,1239.2,1280.1,1226.2,1234,92804
2026-06-09,1286,1292.4,1243.1,1250,59047
2026-06-10,1251.6,1295.7,1242,1295.7,34288
2026-06-11,1238.3,1270,1222.6,1245.4,75268
2026-06-12,1287.8,1341,1252.1,1260,260734
2026-06-15,1267.9,1331,1249,1313,184098
2026-06-16,1272.3,1285.2,1251,1274.3,67830
2026-06-17,1293.3,1316.8,1270,1280,97620
2026-06-18,1288.4,1305,1274.7,1299.6,43749
2026-06-19,1284.5,1299.7,1272,1284.9,41296
2026-06-22,1280,1294,1275,1275,34899
2026-06-23,1263.1,1284,1251,1277,46466
2026-06-24,1256.3,1272,1245.3,1269,19612
2026-06-25,1278.4,1285,1251.2,1262.8,40809
2026-06-29,1243.7,1277.9,1234.1,1277.9,58622
2026-06-30,1287.7,1304.6,1233,1256.1,100363
2026-07-01,1288.4,1300,1276.4,1289.1,57654
2026-07-02,1290.3,1299,1276.6,1299,39236
2026-07-03,1282.8,1301.9,1272.8,1299,37580
2026-07-06,1274.7,1282.8,1262,1282.8,29874
2026-07-07,1247.3,1314,1238.9,1284.9,134840
2026-07-08,1257.7,1285,1235.1,1244,66686
2026-07-09,1279.9,1306.5,1250.1,1250.1,150852
2026-07-10,1380.5,1395,1284.8,1284.8,658386
2026-07-13,1423.4,1439.4,1365.6,1384,517239
2026-07-14,1384.1,1473,1375.2,1424.7,224313
2026-07-15,1376.2,1406.2,1373,1381,60519
2026-07-16,1360.3,1388,1356.2,1380,79427
2026-07-17,1326.2,1361.7,1317,1360.3,68693
2026-07-20,1343.7,1359.5,1318,1332,46077
2026-07-21,1355,1358.7,1336.3,1343.7,32892
2026-07-22,1320,1355,1309,1354.9,53287
2026-07-23,1302.6,1345,1300.2,1322.8,44508
2026-07-24,1304.1,1310.4,1272.2,1305,35635
2026-07-27,1323.8,1368.9,1293.2,1330,246955
2026-07-28,1312.6,1350,1306.5,1329.6,43508
2026-07-29,1331.3,1337.4,1313,1315.7,32619
2026-07-30,1312.5,1338,1303.7,1331.3,30247
2026-07-31,1315.7,1335.3,1299.4,1327.8,64765
2026-08-03,1354,1365.5,1305,1315.7,70710
2026-08-04,1369.4,1375,1349.1,1350,47874
2026-08-05,1443,1468,1378.6,1390,283896
2026-08-06,1440.9,1468,1420.1,1449.6,95344
2026-08-07,1404.4,1476.1,1383.9,1440,191002
2026-08-10,1404.7,1444,1390,1444,63694
2026-08-11,1375.7,1417.1,1366,1405,47742
2026-08-12,1357.7,1377.7,1347.2,1370.5,30250
2026-08-13,1386,1390,1363,1371.9,30226
2026-08-14,1383.6,1401.5,1360,1386.6,39816
2026-08-17,1386,1396.3,1360.6,1378,28704
2026-08-18,1416.4,1424,1371.2,1389,75848
2026-08-19,1398.4,1415.9,1385,1413.4,26037
2026-08-20,1402.9,1418,1393,1409,37571
2026-08-21,1393.2,1420,1383.7,1405.2,29732
2026-08-24,1407.1,1419.9,1391.4,1400,27237
2026-08-25,1370.1,1415.9,1365,1415.9,19458
2026-08-26,1369.8,1383.2,1358.1,1368,13569
2026-08-27,1351.6,1372,1345.1,1369.8,22854
2026-08-28,1336.8,1358.3,1328.3,1354.3,21273
2026-08-31,1331.4,1350.9,1321.1,1331.1,23664
2026-09-01,1301.4,1338.9,1291.2,1331.4,59069
2026-09-02,1296,1311.7,1271.4,1296.4,35123
2026-09-03,1311.8,1322.1,1285.3,1300,32742
2026-09-04,1305.7,1318.5,1300.5,1317.2,19145
