Date,Close,High,Low,Open,Volume
2019-04-22,98.9154281616211,98.9154281616211,89.49491672518717,94.20517244340414,1066838
2019-04-23,103.81600952148438,103.81600952148438,100.43794935902972,103.81600952148438,746528
2019-04-24,109.00205993652344,109.00205993652344,101.81772241366195,101.81772241366195,233998
2019-04-25,105.7667236328125,112.5704323595798,104.67241961216318,110.38182431828118,941577
2019-04-26,103.3877944946289,105.62397632521318,100.96129483725872,100.96129483725872,1886188
2019-04-30,98.24932861328124,103.24505718683793,98.24932861328124,101.05644938399334,273582
2019-05-02,95.34705352783205,98.01144523427038,93.34876337794492,98.01144523427038,1542833
2019-05-03,95.77525329589844,97.53565140588174,91.58835558844991,97.53565140588174,718227
2019-05-06,93.5390853881836,97.82113901157156,92.1117341803876,92.1117341803876,474708
2019-05-07,92.25444793701172,94.87125804338255,89.44732727231234,93.5390696153179,468706
2019-05-08,91.35047149658205,92.49234948633602,86.68778972863402,89.5424919629022,897791
2019-05-09,92.3496322631836,95.014017007777,89.01914588752872,90.39891591063208,711118
2019-05-10,94.87127685546876,95.68011503845618,91.35048000907264,91.49321658606358,215851
2019-05-13,92.9681396484375,94.58580871612888,92.3020453181364,92.44478189173913,115680
2019-05-14,93.15846252441406,93.72940158973512,87.35390205052911,90.54165182013212,545794
2019-05-15,93.11087036132812,94.6333767775302,91.35047209072312,91.82625579952898,191792
2019-05-16,92.58750915527344,93.91969768191842,91.39804992799544,92.68266444147908,704340
2019-05-17,92.92056274414062,99.91458203458488,91.06500186471108,91.82625872702324,424897
2019-05-20,93.91971588134766,95.82285101377524,92.49236453202695,93.44393209824077,150333
2019-05-21,93.7769775390625,95.10916619578418,92.77782878663754,93.25361252400492,567578
2019-05-22,96.25105285644533,98.01145125714544,92.82541135186165,93.30119509582838,176780
2019-05-23,95.1091766357422,98.29693383392473,94.72855541197517,97.9163053502732,69621
2019-05-24,92.87297821044922,96.10830887197758,87.82967526913677,96.10830887197758,803107
2019-05-27,94.53822326660156,95.15674355166406,89.82796736474755,93.25360868063078,99551
2019-05-28,92.25444793701172,98.01143307498054,89.2570167139838,98.01143307498054,623443
2019-05-29,91.30290222167967,93.01572669130442,89.44734842948968,93.01572669130442,265737
2019-05-30,92.49234771728516,93.20602326220212,90.49405764349429,90.87468605275993,264681
2019-05-31,92.3496322631836,94.20518605423764,89.542503676344,91.68353063212211,339424
2019-06-03,91.58837127685548,92.77783064408736,89.49492569448087,90.49406720702537,481984
2019-06-04,90.4464874267578,91.35047358431592,90.11343301724165,91.35047358431592,201750
2019-06-06,90.82711029052734,91.35047529251077,87.4014689190349,89.92312411606527,217297
2019-06-07,90.39891052246094,90.63680239225688,88.2103024163847,89.49492432118981,231074
2019-06-10,89.68522644042969,90.4940572693482,88.59092249077145,89.63764516701205,243762
2019-06-11,93.5390853881836,94.20517971453492,88.21030173783832,88.97155861928297,1273790
2019-06-12,93.30118560791016,94.9188472689414,91.73109796050746,94.9188472689414,3216731
2019-06-13,94.3479232788086,95.63253800904278,91.92142314178965,92.44478819405153,217923
2019-06-14,92.15931701660156,95.3946481824986,91.82626982155725,95.3946481824986,242232
2019-06-17,92.3496322631836,93.4915104023116,91.0650102818094,91.11259156255812,173839
2019-06-18,93.15846252441406,94.20518535415002,91.49321934896192,92.44478687779171,249303
2019-06-19,89.39974975585938,94.11001250099682,87.59177759619087,92.3496143529664,410885
2019-06-20,93.44391632080078,94.68095685196565,88.54334999013822,89.49491739568562,116647
2019-06-21,91.77867126464844,94.11001571091596,89.97069904331333,92.30203622969786,221737
2019-06-24,93.82453918457033,94.87126181677432,90.11342507049912,91.35046552848377,297292
2019-06-25,94.3954849243164,95.06158647258296,92.0165663802572,92.0165663802572,199458
2019-06-26,91.92141723632812,94.44307251360516,90.87469445893494,92.44478225496658,262917
2019-06-27,91.11258697509766,92.34962761343893,89.54249916793644,91.20774227191995,155954
2019-06-28,92.06414794921876,93.25360722504844,89.63764812257286,89.63764812257286,260974
2019-07-01,93.2060317993164,94.11002526160811,90.39891063614742,90.39891063614742,599158
2019-07-02,94.0148696899414,94.87127461186633,91.82626158752868,91.82626158752868,857280
2019-07-03,93.30118560791016,94.77611070828968,92.58751006453464,93.34875962153868,615545
2019-07-04,94.0148696899414,94.58580872451924,91.1601672571685,93.25361280391516,120786
2019-07-05,93.44391632080078,94.20517314919196,92.3496196123278,92.58751146371463,109202
2019-07-08,92.3496322631836,93.44392912156287,91.3980647272822,92.3496322631836,288364
2019-07-09,91.73109436035156,93.49149251294445,90.6367904514805,92.11172275385664,234001
2019-07-10,88.21028900146484,91.5407746721117,83.92823599634747,90.9698357234059,822987
2019-07-11,83.9282455444336,88.21029903669823,83.26215123847913,87.63936002303964,123829
2019-07-12,84.68950653076172,87.49662771968177,82.0726959357101,83.92824963552046,1069894
2019-07-15,84.59434509277344,85.30802065779703,82.50089241277426,82.50089241277426,437879
2019-07-16,84.7370834350586,86.02169802706834,82.69121198710351,83.78551599506864,879114
2019-07-17,83.78550720214844,84.64191200035674,81.07353447487993,83.88066248418463,792167
2019-07-18,82.02511596679688,83.88067695611427,80.88323786558918,82.8339541533599,114457
2019-07-19,79.59861755371094,83.26215073403165,78.50431354922985,82.02511016202982,992961
2019-07-22,76.9342269897461,79.97924718999919,75.22140993324453,79.7889293437989,1800980
2019-07-23,80.88323211669922,82.16784670422307,76.12539493336398,76.17297620915069,668690
2019-07-24,80.93081665039062,83.64278250208639,79.2179922914861,79.2179922914861,317393
2019-07-25,77.60032653808594,81.26385967827862,76.1253941229995,80.88323125568697,604317
2019-07-26,76.36328887939453,78.02853193906981,74.65046454263225,77.60032948482103,661115
2019-07-29,78.31400299072266,79.7413541466176,76.41086811619606,77.98094857977378,892359
2019-07-30,79.21798706054688,80.59775690419471,78.17126435917095,78.31400092296839,1448935
2019-07-31,75.6020278930664,80.169554369401,66.41940818566472,77.74305456762015,1073337
2019-08-01,75.83992004394531,78.50431170892892,72.4142788031687,76.55359560493558,623114
2019-08-02,76.7439193725586,78.88494622093192,74.03195348326247,77.45759498868304,333065
2019-08-05,78.55188751220703,80.69291404604799,73.27068582477958,75.22140179289887,344865
2019-08-06,79.02767181396484,79.8840766263959,76.12538847442431,76.26812502979041,111098
2019-08-07,79.17040252685547,79.83650404386172,77.79063274000728,79.83650404386172,156108
2019-08-08,78.69462585449219,80.40745018245048,76.648761628171,78.50431526688952,286702
2019-08-09,79.07526397705078,80.78808851484632,76.50603443024194,80.31230472766805,437550
2019-08-13,79.31314086914062,79.93166112746069,77.55274264152436,79.07524902054699,88507
2019-08-14,80.21713256835938,82.12026731721836,77.64789630146998,78.2188352741511,197734
2019-08-16,81.1211166381836,86.59262890410213,78.02852274875137,80.88322480053496,881242
2019-08-19,84.30886840820312,85.54590890604157,81.83479467240922,83.73792943223268,63210
2019-08-20,85.50847625732422,86.27623207245915,82.82134554807615,83.49312639492264,46707
2019-08-21,87.13996124267578,89.73112447524807,82.05359510838193,84.4528230355276,190108
2019-08-22,88.14765167236328,91.07471330624826,83.54113744755763,88.4355620147292,93258
2019-08-23,87.3318862915039,88.33956483130441,84.40482563540662,88.1476222265577,67077
2019-08-26,87.42786407470703,88.14763245181251,86.37220525265816,86.37220525265816,141914
2019-08-27,91.2186508178711,95.00942810124644,86.3722073647695,87.0439882710837,173715
2019-08-28,90.01904296875,94.4336212931196,88.29159577484471,91.55454751785292,251911
2019-08-29,92.22632598876952,94.24167611286308,88.77143901577156,89.7311302483745,89660
2019-08-30,93.2340087890625,95.77719213105152,90.69082544707348,91.21865857683352,391507
2019-09-03,94.09770965576172,95.00941321748792,92.22630772957302,94.04972217488704,110229
2019-09-04,92.89811706542967,97.50463072867625,91.26663752734927,93.80982083533983,341835
2019-09-05,96.73687744140624,97.8405164816298,92.2263243358926,92.85012509027736,187801
2019-09-06,98.12843322753906,100.76758424343863,95.009436572385,96.73688380244646,150869
2019-09-09,98.27237701416016,100.6236174457372,96.92880791531788,100.04780420962268,116311
2019-09-11,95.24934387207033,99.2800436562997,94.24166526508186,98.27237237117345,139717
2019-09-12,93.52190399169922,95.92113197837044,92.13035468817502,94.14570473260628,214970
2019-09-13,93.76183319091795,96.73688195496902,93.09005223753672,94.19369865111727,82271
2019-09-16,94.6735382080078,95.96911986176912,92.89811095493764,95.05741615182744,192271
2019-09-17,92.22632598876952,96.59292402585812,91.41058990542965,96.59292402585812,402815
2019-09-18,91.41056823730467,93.3299502475368,89.3472311119329,92.13033649114172,459990
2019-09-19,91.12267303466795,91.74647375524076,88.86740026508555,90.35492449707742,449283
2019-09-20,88.00367736816406,92.41826260805088,83.63708693738917,91.02670601830826,693308
2019-09-23,91.31460571289062,92.13034164853131,87.42785399584852,88.29157741317586,74186
2019-09-24,90.97872161865234,93.28197446217288,87.81173797601826,87.81173797601826,306180
2019-09-25,90.83477783203124,91.65051392616374,89.49120862423842,90.786790341021,264686
2019-09-26,91.5065460205078,97.79252572980816,89.05933807921035,91.17065559584292,164700
2019-09-27,91.7944564819336,93.56988357775444,90.5948425899111,90.5948425899111,368311
2019-09-30,91.45858001708984,93.09005223052908,90.78679174189593,91.26663737195018,87841
2019-10-01,91.02669525146484,92.46623183632258,88.72343525132014,92.46623183632258,3242649
2019-10-03,92.70618438720705,93.76184342424972,89.39525210696766,90.88276932948015,227018
2019-10-04,90.01904296875,94.9134669223307,84.74074104742776,94.9134669223307,51450
2019-10-07,91.5065460205078,91.93841141381591,89.15530572599144,89.49119615065634,65780
2019-10-09,91.31460571289062,93.56987823678962,89.53917871841107,91.50654099591372,233246
2019-10-10,93.2340087890625,94.52959054536232,91.12268359188565,91.4585813954766,42051
2019-10-11,97.36066436767578,98.46431065600969,92.61019609763038,93.42593211183808,227031
2019-10-14,94.91346740722656,101.05549295687996,93.42594302032732,98.84820012248689,133995
2019-10-15,93.90576934814452,95.58522871372352,93.09003340637852,94.81748025400448,113848
2019-10-16,93.09004974365234,94.04974097812298,92.61020412641705,93.09004974365234,40029
2019-10-17,93.18601989746094,95.68121570951226,91.65051534557269,92.27431612905131,173562
2019-10-18,93.18601989746094,94.57757661781532,92.1303609756542,93.52191037414536,247224
2019-10-22,94.72152709960938,95.87316103714514,91.45858258125004,92.13036355341497,182847
2019-10-23,93.56989288330078,94.76950689462517,91.74647812171516,93.1860149353044,236159
2019-10-24,95.8251724243164,100.4796736475766,93.32997657160756,95.8251724243164,610490
2019-10-25,92.56221771240234,97.26470628036878,91.65051395779778,95.92113707211222,369725
2019-10-27,92.13035583496094,94.72151916407408,91.554542575365,94.24167356076698,24758
2019-10-29,90.97872161865234,94.19368542444012,90.21096578957068,92.32228333675192,129887
2019-10-30,89.3952407836914,93.09005060626862,88.77144001113244,91.17066811954145,362550
2019-10-31,87.42786407470703,90.2589574177728,83.9249898417545,89.8750794856107,835887
2019-11-01,87.85972595214844,92.61019412079128,85.89235620529347,87.33189290147156,238064
2019-11-04,88.14765167236328,91.07471330624826,84.692764173293,91.07471330624826,181753
2019-11-05,88.38756561279297,89.05935390334876,84.98066595461961,88.6754759261545,140267
2019-11-06,86.1802749633789,88.5795030267039,85.55647420254182,88.38756038852011,135661
2019-11-07,86.37220001220703,87.57181390126546,81.3818091624688,87.57181390126546,564261
2019-11-08,86.37220001220703,86.94801321458266,84.7407280518324,86.37220001220703,187473
2019-11-11,86.8040542602539,87.90770045395018,85.55646026370047,86.42018369015241,175102
2019-11-13,87.57181549072266,89.2512749658872,83.58909584238857,87.3318927085563,248986
2019-11-14,89.20329284667969,90.69081711433716,87.33189796195431,88.29158914834942,232508
2019-11-15,90.49889373779295,91.4585850507203,86.66012848608364,88.43555595062647,112074
2019-11-18,92.80213928222656,94.14570847250776,88.9153941825374,89.73113026603787,1049046
2019-11-19,93.76183319091795,94.86547960449852,90.8827594103756,90.8827594103756,519976
2019-11-20,93.8578109741211,94.96145009875896,90.78679445681894,94.0497463031372,312276
2019-11-21,94.72152709960938,95.96912870147392,92.13036355341497,93.13804233352582,370101
2019-11-22,94.72152709960938,96.30501918755638,91.17067226640022,96.30501918755638,500529
2019-11-25,92.03439331054688,94.72152444578435,91.17066971205998,94.72152444578435,262127
2019-11-26,92.13035583496094,92.99407938528626,90.30694107802142,91.602522742578,189588
2019-11-27,90.25895690917967,91.89042895934736,89.20329077121674,91.17066058629766,563816
2019-11-28,91.12267303466795,93.37795312611291,88.67546496115354,89.97104656735088,195196
2019-11-29,93.95378875732422,94.38564695505276,88.77145377526048,92.51425166907676,360778
2019-12-02,92.99407958984376,94.8174943507942,92.1303560376185,92.46624649629976,200030
2019-12-03,87.8117446899414,93.09004628332586,87.33189909054282,92.8021359949416,270794
2019-12-04,88.72343444824219,89.491190215295,87.37987283869221,87.8117308814959,192196
2019-12-05,85.60444641113281,89.10732052226037,84.7407302461351,88.3875521701874,240345
2019-12-06,85.41251373291016,87.33189606398679,83.06127330608629,85.46050121993208,362159
2019-12-09,83.68507385253906,85.6524438386425,83.34918338028956,83.97298415553186,414075
2019-12-10,83.78104400634766,85.60445141400575,81.66971899042674,83.49313371994758,146476
2019-12-11,83.68507385253906,85.316553366393,81.81367884867532,83.82902900403546,151239
2019-12-12,83.20523834228516,84.8367180544434,81.86167628997889,83.82903919334966,1872842
2019-12-13,84.45282745361328,85.84437679541058,82.5334450114857,82.5334450114857,773887
2019-12-16,88.24359893798828,88.96336730557991,83.58909829193493,83.82902108113214,189942
2019-12-17,88.38756561279297,88.77144358998721,85.50849176663122,85.50849176663122,414377
2019-12-18,88.05166625976562,89.39523538368772,85.60445080826958,89.34724789567302,168688
2019-12-19,84.54878234863281,87.95568859787889,84.06893681053403,87.95568859787889,85623
2019-12-20,83.10926818847656,85.89237452575075,82.14957685299332,84.54880519170143,173564
2019-12-23,86.8040542602539,87.23591963441078,82.24552168261164,82.24552168261164,141181
2019-12-24,86.4201889038086,87.04398227878734,83.9729736015333,86.80405949706868,89657
2019-12-26,85.26856231689453,87.28391238815124,84.93267185866223,87.28391238815124,59018
2019-12-27,89.97106170654297,91.60253403007611,84.98066974596556,85.65245074462891,224224
2019-12-30,90.2109832763672,91.60253274922526,89.10733680382613,91.1226870934999,204227
2019-12-31,89.92305755615234,92.13035012326723,88.38755318513704,92.13035012326723,149855
2020-01-01,87.76375579833984,89.92306096111668,87.37988518244742,89.01135726557818,83742
2020-01-02,85.74840545654297,89.25127972742183,85.41251500796284,89.25127972742183,379118
2020-01-03,87.57181549072266,89.63515288172583,85.84436853037994,85.84436853037994,85097
2020-01-06,84.02096557617188,89.10732442727317,82.62940897473027,87.42786486550278,145949
2020-01-07,83.10926818847656,85.60446419636024,82.10159667933745,83.78105651643314,220910
2020-01-08,82.5814437866211,84.21291615663655,81.6217524344087,82.43748861941644,67647
2020-01-09,83.78104400634766,84.88468301986828,83.10925577870171,83.10925577870171,86291
2020-01-10,83.82903289794922,85.60446032390618,83.49314241009739,84.88469185485361,80918
2020-01-13,89.34725952148438,89.97106033753064,84.02097714262075,84.02097714262075,211648
2020-01-14,94.00173950195312,96.4489547144986,88.4355355632883,89.25127152684946,998988
2020-01-15,98.22440338134766,100.91154195804636,94.28967050407452,94.8175036493822,848535
2020-01-16,99.37602996826172,107.96526356297062,98.70424171297432,99.32804247793295,896671
2020-01-17,100.19175720214844,102.59098506943236,98.94415578241583,100.57563512528634,468742
2020-01-20,98.22440338134766,101.10347728986902,97.8885128897262,99.37603733787437,169817
2020-01-21,94.38563537597656,99.75990504842092,93.95377723122768,98.32036813677352,129903
2020-01-22,94.04974365234376,96.88082994578636,91.65051549794724,93.3299752060248,310593
2020-01-23,94.337646484375,97.1207450654538,92.61019942134575,97.1207450654538,259241
2020-01-24,97.26470947265624,98.75223388095162,92.8501310622353,95.4412945817384,281871
2020-01-27,97.12073516845705,99.32802759941092,94.6735272873858,96.9287998796184,338075
2020-01-28,94.91346740722656,99.376033246061,94.4816019456123,97.88850885916176,82063
2020-01-29,94.86547088623048,99.0881135073319,93.09004368243286,95.9691171983844,142643
2020-01-30,95.68121337890624,99.23207534813554,94.2896640143105,98.4163392612393,666845
2020-01-31,95.44129180908205,97.88850742341262,94.14571008696832,97.79253976286032,298722
2020-02-03,94.48160552978516,96.92882127284498,91.45858379312293,91.45858379312293,195670
2020-02-04,93.95378875732422,96.9288306086628,91.65052795175542,93.28200038969018,223180
2020-02-05,92.99407958984376,95.92113338333787,92.1303560376185,95.92113338333787,156877
2020-02-06,91.5065460205078,95.44127811342966,90.45088726219151,93.1380253032349,105172
2020-02-07,92.22632598876952,93.56989517878624,90.40291118245136,92.56221645580794,260963
2020-02-10,92.99407958984376,95.63323041383804,90.01903830716823,92.51423398548116,127819
2020-02-11,91.31460571289062,95.87313824237523,90.30692717236514,94.9134471835364,129514
2020-02-12,87.37989044189453,92.51423711805292,86.61213452017269,91.17066791597124,153058
2020-02-13,85.36454010009766,88.4355567213474,84.59679143618301,87.47586540005629,88598
2020-02-14,86.1802749633789,87.33190150502972,84.40484033902803,85.36453156435803,157871
2020-02-17,84.2007827758789,90.28409937006748,82.55925664321677,88.3528886883548,195849
2020-02-18,82.51097106933594,85.45607022150334,81.64193218100947,84.20078036750127,124666
2020-02-19,86.56651306152344,87.72523642711991,82.51096654796879,83.04205238794087,208775
2020-02-20,84.15250396728516,87.38728027190933,82.60753694968685,86.56651723446497,266221
2020-02-24,84.53874206542969,86.66307065559808,82.60753157728266,83.18689325033009,222363
2020-02-25,85.31123352050781,85.84231942425286,82.80066101558944,83.62142411202639,304923
2020-02-26,83.6697006225586,85.93887160156264,83.18689797311161,84.7318649779452,169304
2020-02-27,82.17300415039062,85.74574794552788,80.82115534593284,85.74574794552788,120320
2020-02-28,78.93822479248047,81.97988263402769,77.73121829718261,79.17962609154004,88348
2020-03-02,78.93822479248047,86.03542151143533,73.53083716694263,78.21402089530176,169068
2020-03-03,78.6485595703125,81.97990273432188,76.42767149462438,81.11085637123314,102652
2020-03-04,75.94485473632812,81.78676210559432,74.15848648898199,78.40714371499979,134921
2020-03-05,77.7795181274414,78.40715574555357,75.31722140397903,76.5725113741725,123260
2020-03-06,75.8482894897461,76.57249337144201,73.38599334518682,73.38599334518682,129998
2020-03-09,73.38600158691406,76.95873819106247,69.81326498276566,72.46867951387111,220593
2020-03-11,75.0758056640625,76.76561479476487,70.48918088072749,70.48918088072749,142776
2020-03-12,69.66841888427734,74.68956313826823,68.55797139532264,72.4203923190028,353993
2020-03-13,67.59237670898438,70.87543647967479,58.9019282749721,58.9019282749721,140172
2020-03-16,64.50244140625,68.17173737746562,63.198868268347205,67.59237563116676,142676
2020-03-17,63.53682708740234,71.88930643418455,60.01236652413908,71.88930643418455,190919
2020-03-18,52.57720565795898,65.27491225804908,50.83911697577266,63.72994535910383,199255
2020-03-19,45.17745590209961,51.60355784634696,42.49991280629859,51.60355784634696,331837
2020-03-20,43.13278198242188,48.487867873819766,41.57494029969023,48.487867873819766,223396
2020-03-23,38.84871292114258,41.38020641622495,38.84871292114258,38.84871292114258,58295
2020-03-24,35.927757263183594,41.47757022494484,35.00278719816095,40.84469870669895,306871
2020-03-25,35.14883804321289,38.848718859709294,34.71069758553273,38.848718859709294,145598
2020-03-26,33.93177032470703,36.901411861958536,33.44494433029696,35.538297591935304,240503
2020-03-27,35.343563079833984,35.58697605381933,34.12649820990728,34.369911183892626,366800
2020-03-30,34.12649917602539,37.09613679987927,33.93176804848685,36.90140938652807,1080739
2020-03-31,34.32124328613281,35.830403595593104,33.883099011982736,35.0514825049867,884172
2020-04-01,35.19752502441406,36.025127826648344,34.02914175746895,34.85674455970323,731020
2020-04-03,36.90140914916992,36.95009100219459,34.56464306211273,35.29488200004469,178328
2020-04-07,38.65398406982422,38.70266592563532,36.99877497293439,38.65398406982422,214362
2020-04-08,40.55260467529297,40.55260467529297,37.972425555704746,38.94607749303051,340590
2020-04-09,41.672306060791016,42.548594371776055,40.89338518113083,42.548594371776055,135771
2020-04-13,39.87105178833008,43.716978089890354,39.627638778284336,40.55260895929571,299216
2020-04-15,39.43290710449219,40.79602142834726,38.94608109085648,40.79602142834726,676867
2020-04-16,40.50392150878906,40.99074750631868,39.04344351620021,40.64997079372299,152227
2020-04-17,42.45122909545898,42.49991467068676,40.99075097913556,41.86703933460478,151262
2020-04-20,44.544578552246094,44.544578552246094,43.03541871025342,44.39852926803911,127911
2020-04-21,46.686614990234375,46.73529684828046,44.54457980851732,44.54457980851732,377907
2020-04-22,47.66027069091797,48.97469953067503,44.495901388951445,48.68260464563879,244070
2020-04-23,48.68259811401367,49.16942409515381,46.73529418945312,49.16942409515381,150923
2020-04-24,46.97871017456055,47.70894919281796,46.73529716847474,47.70894919281796,60233
2020-04-27,47.85499954223633,48.58523857667012,46.248472180806864,47.22212422671859,100305
2020-04-28,49.51020431518555,50.24044333879706,47.319487244351,48.58523785662782,160122
2020-04-29,51.70092010498047,51.94433310681971,48.73128222537922,50.38649138072361,107935
2020-04-30,54.28110504150391,54.28110504150391,53.55086596022807,54.28110504150391,95862
2020-05-04,56.32577133178711,56.95864666934388,51.603560230345735,51.603560230345735,238303
2020-05-05,53.59954452514648,58.857267072531215,53.55086266556081,58.27307361493968,196150
2020-05-06,52.04169845581055,55.2547492088161,50.92199720643266,53.59954011963521,193682
2020-05-07,51.360145568847656,54.42715100792316,50.14308050797449,52.04170274577419,77258
2020-05-08,51.74960708618164,53.45349814546455,51.45750850466866,53.25876699585181,115964
2020-05-11,49.21812057495117,52.57722158576854,49.16943870520947,52.57722158576854,166374
2020-05-12,48.82865905761719,49.656261937567976,46.7839872199102,49.21811770704588,202449
2020-05-13,49.65625,51.26277722096911,47.22212009803921,51.26277722096911,257888
2020-05-14,48.3418197631836,50.53253660355408,47.17343670548187,48.58523274544698,235042
2020-05-15,48.19577407836914,49.31547536586489,45.95637521756528,47.75762993481917,244630
2020-05-18,45.81032180786133,48.48786457118592,45.81032180786133,47.75762563573375,110695
2020-05-19,44.155120849609375,46.63793665348402,43.52224921885127,46.44320549240923,133356
2020-05-20,41.96439743041992,44.78798956242146,41.96439743041992,42.01308299912032,137914
2020-05-21,39.87105178833008,41.96440144621079,39.87105178833008,41.18548055690197,242729
2020-05-22,40.60128402709961,41.76966702272156,37.92374136446841,37.92374136446841,997801
2020-05-26,42.061767578125,42.40254429597657,39.91973241312005,40.60128956301085,493846
2020-05-27,43.570926666259766,44.15511637611,40.40655769049789,42.159130534236176,982284
2020-05-28,45.71296310424805,45.71296310424805,43.81434092147972,43.81434092147972,3245527
2020-05-29,47.95235824584961,47.95235824584961,47.95235824584961,47.95235824584961,1701331
2020-06-01,50.33781051635742,50.33781051635742,50.33781051635742,50.33781051635742,28990
2020-06-02,52.82061767578125,52.82061767578125,51.60355275237615,52.82061767578125,867043
2020-06-03,55.44948196411133,55.44948196411133,55.44948196411133,55.44948196411133,175556
2020-06-04,53.69691467285156,56.47182166557079,52.72326257516931,56.42313980352428,1332734
2020-06-05,56.37445068359375,56.37445068359375,53.94032075276824,55.10870014821448,572169
2020-06-08,59.14935302734375,59.14935302734375,59.14935302734375,59.14935302734375,369731
2020-06-09,62.070308685302734,62.070308685302734,62.070308685302734,62.070308685302734,1481082
2020-06-10,60.512474060058594,65.13732111924318,60.36642477251454,65.03995740367226,1307515
2020-06-11,59.87959671020508,60.999297971761976,58.41911874166349,60.95061240146056,574821
2020-06-12,59.05199813842773,59.73355160000292,56.90996289211028,56.90996289211028,479790
2020-06-15,58.2730712890625,60.31774273774133,57.54283228186028,60.26906088009871,168541
2020-06-16,61.14533996582031,61.14533996582031,58.46779718001125,60.31773731769971,509580
2020-06-17,62.02163314819336,64.16366829121586,60.3664240052129,62.60582657675638,654504
2020-06-18,61.53480911254883,63.77420804139381,60.3664259323117,61.92426769650271,250606
2020-06-19,61.875587463378906,63.28738368849836,61.34007957500611,63.28738368849836,220112
2020-06-22,61.63217544555664,63.28738471162124,60.60984151228342,63.19002099004775,239431
2020-06-23,61.43743896484375,61.77821938919911,60.90193111421398,61.340075251706544,132295
2020-06-24,61.3400764465332,62.65450517042671,61.09666344476125,61.437440161566926,1428235
2020-06-25,61.3400764465332,64.40708175453493,59.49013614739127,61.24271273149948,1593120
2020-06-26,60.02565002441406,64.06630749444874,58.954630547035,61.43744251747861,2445149
2020-06-29,60.512474060058594,62.11899765210485,58.6625337507097,59.87959876628459,2044031
2020-06-30,61.3400764465332,62.26504659610417,60.90193230050616,62.26504659610417,630837
2020-07-01,60.31774139404297,61.972950516332446,59.9769609697609,61.972950516332446,882223
2020-07-02,59.49013519287109,61.24271174885919,59.149358481533184,60.31774161412938,303452
2020-07-03,59.0033073425293,60.36642157341033,58.808579921706986,59.49013332296003,158228
2020-07-06,59.39277267456055,61.92426641763724,59.14935967179596,59.19804152951134,309454
2020-07-07,60.17169952392578,61.24271907110267,59.44146044301846,60.220381386482,525115
2020-07-08,59.538822174072266,60.90193276589908,59.44145474410684,60.80456905012134,231140
2020-07-09,59.92827987670898,60.17169287678838,58.46780187623263,58.71121487631202,563667
2020-07-10,61.53480911254883,61.92426769650271,60.02564920707859,60.3664259323117,645314
2020-07-13,63.09264755249024,63.77420092692429,60.51246847206188,61.58348410119026,496249
2020-07-14,64.21235656738281,66.20834645388734,62.65451460708428,63.725530490516,698966
2020-07-15,67.23067474365234,67.37671660349868,62.800555095054186,64.74785912900936,1127081
2020-07-16,70.05426025390625,70.58977183920905,68.15564177578804,70.54108626659045,940222
2020-07-17,66.59779357910156,70.58976501130746,66.59779357910156,70.10293904571223,371255
2020-07-20,64.45576477050781,66.84121682523049,63.28738524502689,66.84121682523049,295568
2020-07-21,66.69515991210938,67.66881188162922,65.91623536514349,65.91623536514349,606385
2020-07-22,66.0622787475586,67.47407843432806,63.384736070456285,67.47407843432806,472598
2020-07-23,65.28337860107422,67.08463356454124,64.35840461611053,64.35840461611053,107249
2020-07-24,65.81886291503906,67.4740755004838,64.5044344163801,65.03994589986569,192080
2020-07-27,65.18600463867188,66.98726695297145,64.35840184550436,66.69516835379424,588786
2020-07-28,64.79654693603516,66.11097571861434,64.50444834951728,66.11097571861434,323912
2020-07-29,63.67684555053711,65.52678593106296,63.33606881873973,65.18600177088996,551712
2020-07-30,63.43342971801758,64.26103243798322,62.02163356555769,64.26103243798322,255362
2020-07-31,62.60582733154297,64.6018094987541,62.07031575369041,64.26103278029125,327169
2020-08-03,62.80055618286133,64.74786025054695,62.31373016593992,63.33606777282508,542933
2020-08-04,65.91624450683594,65.91624450683594,61.43744631157086,61.82690863906696,1470376
2020-08-05,69.17798614501953,69.17798614501953,69.17798614501953,69.17798614501953,1041975
2020-08-06,72.63444519042969,72.63444519042969,66.695168864788,72.63444519042969,1688859
2020-08-07,76.67509460449219,79.15791016303535,73.51072562081474,77.40533360072546,2128419
2020-08-10,79.79077911376953,83.44197414512034,77.2106072343152,79.35263868135756,902551
2020-08-11,77.8434829711914,81.20258719684455,76.04222805919679,79.88815833827421,2466389
2020-08-12,76.23695373535156,80.1315616926441,75.94485516720455,80.1315616926441,286530
2020-08-13,76.57772827148438,77.25928167330753,74.97120104904415,76.48036456099177,322347
2020-08-14,74.82514953613281,77.84346904157829,73.21862236163571,77.84346904157829,480066
2020-08-17,75.7988052368164,76.43168051015513,73.02389857658135,73.70545199194606,375175
2020-08-18,76.86981964111328,77.79479346459603,76.09090252638437,77.69742975380179,218856
2020-08-19,79.54735565185547,81.29993200780459,75.99353223133953,76.43167260613964,450689
2020-08-20,80.0828857421875,82.12755367971708,78.62240758275551,78.86582060932751,678646
2020-08-21,80.18023681640625,81.29993804764763,78.1355692014817,81.25125247866436,287428
2020-08-24,81.5433578491211,82.76042289164529,79.79078121653605,81.73808528457477,357803
2020-08-25,80.5210189819336,83.63670989906171,79.83946554013625,82.7604215964827,298969
2020-08-26,89.28388977050781,91.81539103631442,79.88815345629521,80.52102134437126,2166044
2020-08-27,87.62867736816406,93.32453991141972,86.168199412028,90.06280729505751,913148
2020-08-28,86.16819763183594,89.91675615613349,85.14586011231167,89.47861574969444,308419
2020-08-31,82.12753295898438,89.96543340845506,77.98951255128074,88.06680782319005,706383
2020-09-01,79.83946990966797,85.04850700956261,65.7215148646657,82.12755079335524,424986
2020-09-02,81.83546447753906,82.61438172432,79.40133415314321,79.54737602990598,169040
2020-09-03,82.76040649414062,85.97346054114512,81.78675465303309,81.83544021643807,165191
2020-09-04,81.83546447753906,84.70773528897568,79.06054996502681,80.08288767262356,1220540
2020-09-07,80.91047668457031,84.02616742492603,78.96317275748859,82.66305319029384,209218
2020-09-08,79.64474487304688,83.5393532789978,79.06054766945341,81.59204907602233,180641
2020-09-09,78.91450500488281,79.59605849773321,77.01587896901223,78.03821663666378,272029
2020-09-10,82.80912017822266,83.39330999559405,78.96318964280584,78.96318964280584,288817
2020-09-11,86.55766296386719,89.332569635817,81.29994075848195,82.61436945273448,492199
2020-09-14,97.17047882080078,103.83999396407089,87.628685635777,87.628685635777,4213337
2020-09-15,96.4889144897461,100.96771233289984,93.95742070260488,100.96771233289984,1013682
2020-09-16,94.7850341796875,97.2191645254852,93.51929085689846,97.17048637559505,558702
2020-09-17,101.7466278076172,103.69393168910268,93.81136300488885,95.36920462440229,3117226
2020-09-18,104.86231231689452,111.48314856549668,97.3651952537089,103.20710696893144,3335903
2020-09-21,101.1624526977539,115.37777159414176,99.40987598066975,105.88466380475036,2867267
2020-09-22,104.27813720703124,110.31478461358788,96.39155677477063,102.57424605192166,2704170
2020-09-23,109.58453369140624,112.74890263712088,106.27411546252206,107.00435444999468,2196512
2020-09-24,108.07536315917967,112.40811123340056,104.37548289048856,109.53584103970915,1631688
2020-09-25,108.4161376953125,112.11601789062055,107.24775838541233,110.02266481770612,878918
2020-09-28,108.1727523803711,110.65556833424569,107.49119884671504,110.60688275539464,587730
2020-09-29,113.13835906982422,115.6211746332999,106.22543137742409,108.95165994012775,1281272
2020-09-30,119.12632751464844,123.65381105877478,114.5988439705221,116.15669320215208,3795961
2020-10-01,121.17098999023438,122.68015358103374,117.8118935182943,121.5117741373264,1020906
2020-10-05,118.93158721923828,126.28265498725143,116.93559774969918,123.36169913624292,2146062
2020-10-06,117.3250732421875,119.85656711277532,116.83824721213692,119.61315409775004,579907
2020-10-07,113.2844009399414,118.39607358914196,111.093684090284,118.39607358914196,757405
2020-10-08,116.69219970703124,122.58279773233129,113.8199290570342,116.15669552278858,1577596
2020-10-09,112.94364166259766,118.44477741890798,112.1647170246087,117.3250760374398,547938
2020-10-12,110.41213989257812,115.08566510356998,108.17273728863648,113.72255822643194,641960
2020-10-13,116.15667724609376,120.14864863993644,108.61087485188364,110.80159167600917,2195622
2020-10-14,113.18704986572266,116.78955944923844,111.92129923996004,116.78955944923844,593649
2020-10-15,109.38980865478516,117.81190055180862,108.17274356644003,113.43046623376614,853431
2020-10-16,107.7345962524414,111.96998100477298,104.81364022622994,110.07136255908564,691017
2020-10-19,111.1423797607422,111.62920577158349,107.19908610157756,108.7569278505946,416436
2020-10-20,109.97398376464844,113.3330874181248,109.04901739204794,111.14237055087382,460104
2020-10-21,108.5622100830078,111.28843895778805,107.1990956456177,110.94765477715843,388851
2020-10-22,102.8663330078125,107.53985804729724,101.45453318205011,107.10171762834948,1417652
2020-10-23,102.62291717529295,104.18075881204103,101.01638996961924,103.20710686052664,572922
2020-10-26,98.58226776123048,103.74262647711916,97.6573013066728,103.10975117371764,492486
2020-10-27,96.4889144897461,99.65328358076648,93.86005698547936,98.53358226288417,738654
2020-10-28,95.22318267822266,98.92305636931664,94.83372033485055,95.02844779234844,329993
2020-10-29,92.39957427978516,96.24549662494444,92.01011200256488,95.22316650416322,345091
2020-10-30,91.71800994873048,97.02441748871117,90.74435800690372,92.54562004198306,1070363
2020-11-02,88.35892486572266,92.39958241963748,87.3852728010866,92.0101201081079,576288
2020-11-03,91.62064361572266,92.78903036947086,88.69968787391403,88.89442271372602,465637
2020-11-04,93.71399688720705,95.4178877397017,91.62064378275294,93.373220202383,366516
2020-11-05,94.7850341796875,96.2941979654326,93.81138204136842,96.00209935258636,294935
2020-11-06,92.98377227783205,95.41790244217316,92.6429955404994,95.41790244217316,228694
2020-11-09,94.44425201416016,95.41790409678036,93.5679636541268,94.44425201416016,239919
2020-11-10,91.96142578125,95.41789325309476,90.35490597019894,95.41789325309476,349979
2020-11-11,94.7850341796875,99.3125181085465,93.6653327349453,97.36521383190832,1680402
2020-11-12,95.46658325195312,97.07310313753426,94.979757243383,96.24550040864013,334232
2020-11-13,99.65328216552734,100.77298346750806,94.15214679974191,95.95340896867305,2102959
2020-11-14,101.8926773071289,109.38979429588596,100.28615011571674,100.77297608715226,263235
2020-11-17,104.76494598388672,105.54387049776122,100.28614860004508,103.01237697023114,803392
2020-11-18,101.25980377197266,105.15441160935622,100.52956480246324,105.10572604003896,333405
2020-11-19,101.25980377197266,103.06105841108756,99.50722727380008,101.25980377197266,335137
2020-11-20,101.45452880859376,103.83998050996468,100.2861494561823,101.06507397670644,263265
2020-11-23,103.06106567382812,104.86232043987792,101.16244719065746,101.45453834202002,391822
2020-11-24,102.76897430419922,104.08340305347768,101.79532227830772,104.08340305347768,218222
2020-11-25,99.2151336669922,104.18075705005836,98.82567140729832,103.79129479036447,388033
2020-11-26,99.0204086303711,100.2374736697236,96.78101341498774,99.3125072111659,371155
2020-11-27,104.0833969116211,104.66758660700847,98.97172407732532,99.3125007806034,578251
2020-12-01,106.03070068359376,108.07536832845712,103.54788519659002,104.86231386626112,590141
2020-12-02,105.6412353515625,107.88063778197778,104.18075744347638,106.90698584325372,271766
2020-12-03,104.57022857666016,107.49118464065415,103.98603884953644,105.64124431444957,260403
2020-12-04,105.25177764892578,106.80961933268055,101.45453343776563,105.15441393651145,489407
2020-12-07,110.99632263183594,112.1160238633584,106.32279028651396,107.7832682158802,998523
2020-12-08,107.68592071533205,115.37777378679344,106.3714918667273,112.94364353812692,1183096
2020-12-09,109.58453369140624,111.28842466217569,108.1727338586008,108.1727338586008,429166
2020-12-10,104.86231231689452,109.7792576485568,104.4728574785796,109.58453022939932,477553
2020-12-11,105.44651794433594,108.0753754570768,104.76495706550926,105.20310493654972,375057
2020-12-14,108.07536315917967,110.94763335287112,107.19907494518708,107.68590090536358,362789
2020-12-15,107.19908905029295,108.65956712299008,105.2031068079656,108.65956712299008,280070
2020-12-16,111.0450210571289,112.6515410227276,106.46885189161456,107.58855325277104,1664792
2020-12-17,108.51350402832033,115.37775306828996,106.03069607754648,111.6778727833578,1557305
2020-12-18,116.4974594116211,118.2500284963153,107.29644386057026,109.341118935276,3698887
2020-12-21,104.0833969116211,121.12230635927364,101.600581420756,115.86458424403727,2818415
2020-12-22,117.37374877929688,120.19733356943006,102.72028355651922,105.15441349861683,3443451
2020-12-23,119.07764434814452,123.26434355359042,115.57249115314283,120.63548608571452,3460088
2020-12-24,116.05931091308594,120.4407447426158,114.89093152989462,119.7105057710275,1378861
2020-12-28,126.72078704833984,129.8851556785425,116.15667299694324,116.83822634594485,4486662
2020-12-29,128.03526306152344,132.12459929061686,123.26436584199666,130.3720223762187,2732053
2020-12-30,130.6154022216797,134.07186959096884,124.62744871442848,127.6457756806809,2967113
2020-12-31,138.25857543945312,140.4979778721463,129.10625314883703,129.10625314883703,4016021
2021-01-01,140.1085205078125,144.7333676283124,137.38230672218168,137.38230672218168,2734406
2021-01-04,141.61769104003906,144.1005067974261,139.0862045644055,141.37427802180017,2237108
2021-01-05,140.30328369140625,143.12686904274557,137.57705464305096,139.08621847845774,1376388
2021-01-06,132.8061065673828,141.61765879251723,129.78779474256623,140.44927954237056,1817053
2021-01-07,131.73512268066406,138.2585883128054,130.566743215568,134.36398019131792,775346
2021-01-08,136.11656188964844,136.7981153649563,129.59309601441365,132.80613594897227,1226824
2021-01-11,133.04954528808594,138.6480445166042,132.41667740495387,138.30727521674504,723765
2021-01-12,132.02720642089844,133.6824117151307,128.91150838852087,133.58504058033793,451271
2021-01-13,131.34567260742188,135.14292500809705,129.49573941561437,132.41669594378612,714528
2021-01-14,130.56675720214844,133.0008875388272,127.25633103021384,132.56273219282298,469381
2021-01-15,131.978515625,135.82443758896505,129.982526294816,130.66407964111698,817322
2021-01-18,128.66810607910156,134.02319208833282,127.74313964885718,132.75745637155129,532034
2021-01-19,136.16522216796875,138.64802259128936,130.9074930707486,130.9074930707486,1297616
2021-01-20,137.625732421875,140.1085334301548,133.9745369899903,136.79812218128023,1247608
2021-01-21,135.62973022460938,138.84278488250482,134.3639796191656,138.6967281645204,677450
2021-01-22,131.5404052734375,136.26260906667028,130.56675316884284,135.3376425386558,425337
2021-01-25,130.1285858154297,133.43901157929412,123.45907842911954,132.61140142414033,813436
2021-01-27,132.51405334472656,136.0191919005308,127.40237995118773,130.95620408209027,591758
2021-01-28,129.44703674316406,132.903504483123,128.52207026939368,131.44302641187988,438527
2021-01-29,139.03750610351562,141.17953749414573,131.24829024176967,133.39032163239975,3405591
2021-02-01,134.2666015625,138.9401340191652,128.52206084616682,138.74540659529373,1632716
2021-02-02,131.39434814453125,137.43098820332878,130.76148022116817,136.8954914328302,825683
2021-02-03,131.83248901367188,134.0232062489144,130.85883690911965,133.29296717050022,810617
2021-02-04,132.9035186767578,134.3153113250505,131.63776790848576,132.61142005996385,665122
2021-02-05,129.15492248535156,136.2138989731267,128.6194258096095,132.5140335270027,847117
2021-02-08,134.9481658935547,136.019174121972,129.78780759940872,130.46936099144693,1051028
2021-02-09,133.19558715820312,135.82444440106744,126.672122190577,135.82444440106744,953248
2021-02-10,131.68641662597656,134.510001132189,130.95617771677522,134.36395929304817,757841
2021-02-11,130.9075164794922,132.36799456931192,129.93386441961235,132.31930899496766,357201
2021-02-12,132.07591247558594,132.90352277254854,130.03125180852174,131.589086384844,520110
2021-02-15,130.8101348876953,133.1955790016842,129.73911188627244,131.4430026615143,355705
2021-02-16,128.3273162841797,131.491684783927,127.64576296327604,130.03120701481285,435811
2021-02-17,129.5930938720703,132.1245802894723,126.67213772039406,128.91152555127815,496792
2021-02-18,128.960205078125,131.88116109283564,127.69445450040028,130.27464122744502,355391
2021-02-19,130.03125,131.3456715126698,127.84053262213058,129.83652253776222,427228
2021-02-22,128.3273162841797,132.0758669775238,126.8181529514121,132.0758669775238,692091
2021-02-23,133.73109436035156,137.91778564347007,127.06157290501336,129.00887670432388,929491
2021-02-24,138.35597229003906,141.08218634251577,132.46537398862952,133.73112471685218,1144061
2021-02-25,142.83473205566406,146.04778632619005,135.727070149773,139.67036335192995,1226980
2021-02-26,140.79010009765625,144.00314015355028,137.7230870578228,138.40464055886844,796540
2021-03-01,138.7454071044922,143.4676251486434,138.16120997398374,143.1268410130551,365330
2021-03-02,137.96649169921875,140.74140596803863,137.382309386718,138.7454163059709,370431
2021-03-03,137.67437744140625,139.23222647756128,136.40864181337346,138.94012792618852,741315
2021-03-04,136.6033935546875,138.9888382449848,136.31129495129858,137.6744019581107,863274
2021-03-05,134.3639678955078,138.06384824369056,131.63773948859688,136.6520559001964,591713
2021-03-08,141.37425231933594,144.5873065472922,135.09420056186394,135.33761353584927,2451558
2021-03-09,157.43951416015625,165.13137332367342,142.3965948081804,143.12683375591467,5176733
2021-03-10,155.4435272216797,169.4154385881744,150.9160516159025,165.95897120884734,12204967
2021-03-12,152.9607391357422,156.6119342310567,150.96474951228674,155.58959663301846,2819710
2021-03-15,148.48193359375,154.51857316850638,147.60565271524132,153.35019371157787,1324351
2021-03-16,157.09873962402344,162.01566982161583,149.3581951525287,149.6502936931651,3063018
2021-03-17,153.05807495117188,164.4497991534449,149.94239185794106,158.705258914574,2274355
2021-03-18,150.42922973632812,159.14341191798871,146.2425232836434,155.0053910352742,1707129
2021-03-19,153.20413208007812,154.56723879446358,141.4229381725722,148.04377404976358,1045666
2021-03-22,157.6829376220703,159.19210118570072,149.79636537646198,151.2081577978903,726098
2021-03-23,161.91831970214844,164.06035098700875,157.87765525933858,158.70526534648323,1639879
2021-03-24,167.41944885253906,180.12560969711814,161.9183213098945,162.50250356242998,5967360
2021-03-25,166.00765991210938,171.84957169787276,163.670901140504,168.63651724435292,1932407
2021-03-26,171.80087280273438,177.59409856958695,167.5654960006189,171.1680050177311,2148266
2021-03-30,174.47842407226562,178.85985778708854,170.63250189393762,177.204652466172,1341940
2021-03-31,172.87191772460938,176.03628676402414,170.7785569844846,174.72185060495158,774556
2021-04-01,171.07069396972656,175.74422764863098,168.68524897576356,172.82327095640997,774661
2021-04-05,171.1193389892578,174.67316284633452,168.4417959894259,170.8759259892731,663451
2021-04-06,168.2957763671875,172.7258816668096,167.03002562868727,172.67721094578275,448642
2021-04-07,193.56201171875,201.9354096217405,166.00765840760414,169.02598541226052,6940400
2021-04-08,189.083236694336,199.30658384412845,186.9898906016031,194.73042190080983,2329944
2021-04-09,188.98585510253903,190.5436893551852,181.4887229774132,190.3002763603889,1082181
2021-04-12,182.17030334472656,187.9148444606683,175.30605346432085,184.9938883291553,1186123
2021-04-13,182.9978790283203,189.57002961889103,181.0992607179498,182.0729126572936,498923
2021-04-15,181.8781890869141,188.6450672371014,179.1519606277505,183.6307655861442,645603
2021-04-16,186.5030517578125,195.26592014245443,183.0465840347424,183.33868261891405,1837470
2021-04-19,187.08721923828125,193.70805557539063,180.1256136272783,184.7504604636544,1883975
2021-04-20,187.8174743652344,192.7344201854964,186.9411934635744,190.54370307459507,503342
2021-04-22,188.8397979736328,191.12788606235355,185.4320160540276,187.8174604264012,428426
2021-04-23,190.93316650390625,195.21722943662311,188.8884913252114,188.8884913252114,1259231
2021-04-26,193.12388610839844,197.6513621055544,191.4199950557644,197.6513621055544,609780
2021-04-27,192.7344207763672,194.97382346794856,191.80945429805675,194.681724880916,427357
2021-04-28,188.98585510253903,194.7303958370314,188.3042868317093,194.63302469641283,832028
2021-04-29,190.54367065429688,203.49324367787503,189.86211730710824,199.59863614337024,2370175
2021-04-30,192.0528717041016,197.65137113273823,189.5700559426602,191.2252614980372,2137098
2021-05-03,197.1158599853516,199.59867575264948,190.1055680034381,190.1055680034381,1209199
2021-05-04,199.01446533203125,209.77332303716705,197.26190359563864,199.9881173441385,2039362
2021-05-05,197.0184936523437,203.931414131614,196.2882546319225,203.49327369071148,611290
2021-05-06,198.77102661132807,204.807680190751,196.7263665644984,200.57228854337347,1894171
2021-05-07,197.1158599853516,200.08550179107056,195.9961660396837,200.03681621587813,689464
2021-05-10,197.94346618652344,203.49327994083225,195.55802161789745,197.74873874644703,886723
2021-05-11,203.0064392089844,207.6799717160808,195.8014204507421,195.89877673535327,4704935
2021-05-12,202.7143402099609,212.64558748092296,201.5459607998625,204.85637160459976,2633976
2021-05-14,216.00469970703125,218.82828453249232,203.88272055831828,205.4892552542533,2615215
2021-05-17,232.0212554931641,234.16328674568325,216.88096516673988,217.7572459519866,2980589
2021-05-18,233.14097595214844,237.81450867431423,225.88727128942028,235.33169302284324,1866067
2021-05-19,233.67648315429688,236.4513973344544,230.75552711486816,230.75552711486816,949834
2021-05-20,236.69482421875,243.99721474557177,229.7818885773248,236.0132558841787,1414672
2021-05-21,238.59344482421875,242.147268968288,236.20800020307968,238.9342141376662,752726
2021-05-24,238.7394561767578,243.120889970259,235.6724584640069,238.5447287572855,851976
2021-05-25,231.87521362304688,240.73545260395105,227.980605694166,240.39466846747388,598984
2021-05-26,221.1650390625,233.3843742584384,220.04534523960027,233.3843742584384,1330730
2021-05-27,227.785888671875,238.5447465381072,221.5058360710995,224.91361816450103,3491394
2021-05-28,236.2079925537109,243.02355688296515,230.75553514760708,236.2079925537109,1028827
2021-05-31,236.88954162597656,238.25264852387,231.9239103353987,236.06193145863,395691
2021-06-01,229.0516357421875,239.17761072071465,226.95828985982635,239.03156886166647,478758
2021-06-02,233.18966674804688,233.9685913619793,227.7372093072709,229.7331989877381,313518
2021-06-03,233.4330596923828,235.52640548415047,231.7778543155491,235.3803636314225,232915
2021-06-04,233.09228515625,249.2549144583595,230.317385842932,233.67648230471204,1088890
2021-06-07,233.4817352294922,238.54472228208869,232.9462236979172,236.50004729125672,339929
2021-06-08,237.6197967529297,241.1249353808317,229.34375394554013,234.6501548918689,736026
2021-06-09,235.03956604003903,247.0154875506917,231.58311363157452,241.1248905010669,1085803
2021-06-10,235.6725006103516,240.73548870581703,235.13698896847245,237.03560764717795,262115
2021-06-11,236.88954162597656,239.81049771296333,236.01324588583,237.4737239293233,254491
2021-06-14,231.1450042724609,239.5184183358458,229.6845261118765,236.84087504144105,473477
2021-06-15,231.33973693847656,235.721171237639,230.0739862807016,232.89757133079453,326361
2021-06-16,230.36607360839844,233.6764845298713,229.0029518679237,233.0922873758463,483408
2021-06-17,233.18966674804688,241.70912221378973,227.15302698938507,229.68451341372645,601820
2021-06-18,230.6581878662109,237.57112405814493,214.20347251144216,237.2790254424606,625997
2021-06-21,232.5567779541016,234.65012373769216,224.03732325408163,224.03732325408163,373877
2021-06-22,237.5223999023437,250.8127584750368,235.5264103522232,241.46569343175267,2556173
2021-06-23,235.1369781494141,242.3419976241281,234.65015210769684,242.3419976241281,408585
2021-06-24,236.84083557128903,240.97885633666613,234.84484611311012,238.15527163946163,452693
2021-06-25,234.89356994628903,240.39469838782256,232.80022386667065,238.78817835990628,295548
2021-06-28,238.6421356201172,240.4920686671638,234.8935690929282,237.08428631762908,390461
2021-06-29,238.98287963867188,241.4656952018148,237.5710872146888,240.9301836322349,327012
2021-06-30,252.857421875,259.4295725004517,240.05388989062584,240.05388989062584,2951853
2021-07-01,255.6323089599609,266.78063573273226,252.46794010546685,257.72568443450285,2383250
2021-07-02,249.8877716064453,258.2125137596776,248.3786229416752,257.0441195128555,1091490
2021-07-05,251.83511352539065,257.7257266474502,249.49835439280284,253.58770515995985,533801
2021-07-06,245.3115997314453,253.9771107850261,243.51035258278336,253.5389555330211,445713
2021-07-07,246.2365875244141,249.9364829925901,243.6564156391671,245.31162108574537,288843
2021-07-08,244.2406005859375,251.8350740033769,242.53670965260807,247.69705316529132,379234
2021-07-09,244.04586791992188,248.86545720655897,238.7394674899104,241.5630672046852,710870
2021-07-12,242.43934631347656,248.1352164165536,241.90383474585173,247.0155077102925,331542
2021-07-13,240.4433441162109,244.77609228695312,239.9078325767373,244.77609228695312,362153
2021-07-14,242.78013610839844,248.670718919218,240.49204792832344,240.49204792832344,818048
2021-07-15,250.5693359375,263.47022430909936,244.1919126767933,245.5550194676964,2825663
2021-07-16,259.4295959472656,261.32819958255584,252.1758764196772,253.1495284521856,1596985
2021-07-19,262.15576171875,270.67521544220057,258.35852543042563,260.0137157543124,2634323
2021-07-20,261.5715637207031,266.7806070641067,255.0967848569196,261.912347811112,990301
2021-07-22,266.8780822753906,270.04245202395407,262.0584918498677,263.7137125268272,1044758
2021-07-23,277.4908142089844,290.5864452210892,269.2147723816989,269.60422723087106,3229031
2021-07-26,286.9839172363281,302.5623487063239,280.4117664599237,280.4117664599237,2481569
2021-07-27,286.1563415527344,307.3332743803142,283.7222113426677,305.72675438437096,2993307
2021-07-28,279.3894348144531,288.103601810243,274.76458812021025,287.7141469786908,874732
2021-07-29,281.5802001953125,288.73651938466776,280.022350887135,281.8236132211683,925736
2021-07-30,274.32647705078125,286.05897287953024,273.40149567754213,281.58019702501446,944827
2021-08-02,288.2010192871094,293.5561057941334,276.5171941808752,277.393475121142,1532281
2021-08-03,296.86651611328125,300.85849562249405,287.3734082416977,288.2010184603826,1994777
2021-08-04,297.25592041015625,306.6516852443424,291.6087511382867,299.69005021932395,1345097
2021-08-05,297.9375305175781,306.2135730319553,291.1219660939734,299.54405047472727,1960000
2021-08-06,301.9294738769531,305.67803980529266,298.2782790857456,300.274253686206,985333
2021-08-09,293.7995300292969,310.5950292604663,291.2193578292385,304.2176196986706,1331023
2021-08-10,295.2112731933594,306.60298279699884,293.06922709002623,293.7994660279582,1737643
2021-08-11,299.1545715332031,304.1202025851606,287.2273347511633,296.769112291395,2076948
2021-08-12,306.6030578613281,316.1448668144855,298.18097265793574,301.8808389638809,3039844
2021-08-13,323.64190673828125,326.6115630551808,308.1121757479045,309.5239532669388,3008613
2021-08-16,340.14532470703125,375.1480955137606,328.1207168271922,329.38645251412254,6806499
2021-08-17,349.4349670410156,354.95981773999125,343.4700715734764,347.0392207973006,2092633
2021-08-18,352.9062805175781,366.5961891094393,349.58159439930984,353.0040715472751,2777906
2021-08-20,324.79302978515625,351.9283805066951,319.3170611487002,351.9283805066951,3614664
2021-08-23,324.6463928222656,335.0604955393524,319.80602051070275,335.0604955393524,2047082
2021-08-24,308.1207275390625,327.2376946779664,296.7287741094229,326.406515706355,2883740
2021-08-25,314.13446044921875,316.8235492157101,302.9380607393581,311.640953711487,1306229
2021-08-26,311.49432373046875,316.6280398260657,308.02296573581424,314.18341311387667,885839
2021-08-27,327.72662353515625,330.9046379940144,309.09858148988656,311.5432079967005,1925459
2021-08-30,328.21551513671875,340.2919748087457,326.11314252504803,331.98024553899194,1580313
2021-08-31,329.34002685546875,331.39351881388774,322.983998790894,330.46457877096526,941828
2021-09-01,322.6418151855469,331.29576906266635,319.7571439987525,331.0024258213386,699580
2021-09-02,322.6907043457031,326.11318151300605,318.68151083853604,322.6907043457031,851350
2021-09-03,322.3973693847656,328.4111448793018,318.38817577453034,324.30416023630306,1073408
2021-09-06,322.3973693847656,326.6021152188944,318.77931006395085,324.2063692035396,846764
2021-09-07,322.1039733886719,323.9618835125687,315.84573567793075,323.668540276765,852973
2021-09-08,322.4951171875,330.3179220176796,319.21934153816807,330.3179220176796,711712
2021-09-09,322.25067138671875,323.1796414455304,318.9748955660998,320.0505074131864,509732
2021-09-13,320.1972045898437,323.42409977108787,317.60587651580124,320.7350105061733,1408510
2021-09-14,322.4951171875,324.59751985891654,317.9481178482846,320.6372070086588,806165
2021-09-15,323.81524658203125,327.5799776668277,319.2682468902067,322.49514219624103,2075403
2021-09-16,317.9970703125,326.9443985512422,315.7969061632206,326.6021448263604,1059689
2021-09-17,312.3743591308594,320.2949244335554,304.30709237752643,319.65932756677023,8357693
2021-09-20,307.33843994140625,317.5081103292904,303.18257477919894,305.67611178150304,1027298
2021-09-21,311.885498046875,313.5967368012029,299.4667820073839,307.33846834063803,736528
2021-09-22,330.6112976074219,336.2828192155981,309.9297631493453,314.7701057696942,4529467
2021-09-23,340.4386901855469,342.24771981575674,330.61130331034764,336.8695413615092,2884658
2021-09-24,361.0713195800781,367.4273482253605,347.1369490884976,349.09265021012294,5668307
2021-09-27,342.6877746582031,361.5602804003223,336.5762080523829,361.5602804003223,2315706
2021-09-28,333.5448303222656,345.37682800763275,327.57993596766266,345.2301265510591,1403944
2021-09-29,341.2698669433594,345.9635379904545,322.8862871936653,327.57995824076045,1628189
2021-09-30,334.1804504394531,343.22556870299354,332.4692118490536,343.22556870299354,656587
2021-10-01,330.5623779296875,335.40275025633684,327.5799455856352,332.4691985048237,715129
2021-10-04,333.5937194824219,341.12318088696475,330.5134961229749,333.25146581100967,760487
2021-10-05,334.0826416015625,336.5761784624997,328.5577918439415,333.44704469876206,983394
2021-10-06,328.3622131347656,338.727435260796,327.57994460668584,336.9673161518008,572636
2021-10-07,331.6380310058594,337.3584630874072,329.5356581462499,331.6380310058594,655406
2021-10-08,343.078857421875,347.0391400509547,330.5134723993148,334.91379969457194,2110387
2021-10-11,338.58074951171875,345.6701659274876,332.469183636056,345.6701659274876,822735
2021-10-12,332.4203186035156,339.55861594372163,329.73122949237023,337.35845212551175,785527
2021-10-13,333.5937194824219,340.29200192542976,330.122361859203,335.4027490242024,935211
2021-10-14,331.9313659667969,346.6480041351789,331.00239605009324,339.4607969527668,1301163
2021-10-18,329.5356750488281,337.3095997944972,326.74879467726936,334.131585124145,1274211
2021-10-19,338.0918273925781,346.35467647013354,329.5356350869091,329.5356350869091,2118081
2021-10-20,333.3492736816406,342.7366456946715,330.5135128239628,340.29201912052974,645950
2021-10-21,330.31793212890625,337.94518497678536,323.08184340781565,337.35846862823576,670780
2021-10-22,322.4462585449219,332.1758846514678,317.80146786080246,326.30878062942224,473538
2021-10-25,299.76007080078125,317.80142518240365,296.3865043461308,304.4537712930687,1907265
2021-10-26,316.4324645996094,321.17504604494985,299.22228782809816,299.22228782809816,1010879
2021-10-27,318.4859619140625,322.6907076835894,311.39654485131695,318.77930516621257,305739
2021-10-28,309.53857421875,324.3041232322397,307.4851119731902,322.9840190446441,341727
2021-10-29,301.8625183105469,309.0008163723686,293.5996680879863,309.0008163723686,1167197
2021-11-01,302.6936340332031,306.9962004433112,299.27115701529164,302.1558281527553,431162
2021-11-02,319.90380859375,325.37977776411697,309.9786312583774,316.6769136434856,1506192
2021-11-03,337.1139831542969,340.3408780904774,318.82816560492404,323.668537850826,1604013
2021-11-04,340.9275817871094,344.4967302582136,339.6563880330054,341.02537280857047,424551
2021-11-08,346.8925170898437,349.0926810460161,337.74960757031187,343.61671145343814,850320
2021-11-09,365.1783142089844,374.6145664196057,341.02539273657965,348.4570631774451,3263137
2021-11-10,390.7491149902344,400.9187555029585,364.7382824453744,370.06758027834735,5717263
2021-11-11,394.75830078125,407.4703586335655,386.3487796183149,395.6872409500937,1951823
2021-11-12,420.1334838867188,425.9517066103779,389.7223257375666,397.3984585425321,3407736
2021-11-15,413.63079833984375,423.898229504308,398.1318605661119,423.898229504308,1426928
2021-11-16,427.32073974609375,449.7135139612579,406.63920419124,413.4352483943497,3087752
2021-11-17,456.0695190429688,488.8275145144061,429.3252988613942,430.1075972552438,5651248
2021-11-18,439.4949645996094,478.5111976150452,432.94335363560793,463.5011849198829,3089988
2021-11-22,421.5513916015625,442.7218507201292,414.7064375318973,441.9884627840936,1324504
2021-11-23,453.2826232910156,461.0565473192656,412.6529437300744,412.6529437300744,2807173
2021-11-24,469.074951171875,488.8764260926864,459.6386688795157,464.479041352367,3004591
2021-11-25,465.0168762207031,481.5914570865277,461.3499361921255,471.3240250065104,1156680
2021-11-26,453.1359252929688,474.208621917586,446.584344709706,461.5454457387378,1788409
2021-11-29,432.0632629394531,450.78909463322304,416.5643260602018,444.92199144927656,1676835
2021-11-30,483.69378662109375,496.7480979185796,434.1656603855302,435.14351097198414,4415491
2021-12-01,495.379150390625,519.2387005294914,487.0674197795126,492.78785210960496,3519248
2021-12-02,478.364501953125,499.5349604346285,472.3018165943506,496.7480803932301,2007792
2021-12-03,486.8229064941406,493.0322635086432,474.4531028980367,480.1246242004116,1380149
2021-12-06,477.38671875,499.486120468625,474.5020472781159,480.12468874508994,1472124
2021-12-07,487.4584655761719,493.22777745518704,480.2223779732565,485.942809264793,908320
2021-12-08,496.2103271484375,502.6152370063198,489.1209098949437,495.7214018206103,1215141
2021-12-09,490.2942810058594,503.5930550293292,486.9695949603999,503.5930550293292,695098
2021-12-10,489.2186279296875,494.3523434189905,484.18270346564987,489.26753836313577,610808
2021-12-13,501.49066162109375,515.0828089776251,488.9253051519934,493.8145582035134,2734103
2021-12-14,505.4998168945313,519.2386041834495,496.7969237609033,503.1040712850937,1463312
2021-12-15,492.3966064453125,514.7405261397432,488.92524911326,506.5265580813373,1080257
2021-12-16,494.05902099609375,505.45100448266936,485.8939624294152,497.7748413796489,825434
2021-12-17,470.932861328125,501.6373646170611,469.0749511312031,497.62817113425126,1486547
2021-12-20,446.6332092285156,476.1153953964565,441.9395388350152,468.19480049599946,1730426
2021-12-21,470.8350830078125,473.76863492686425,453.9182788779338,454.7005474530277,1406999
2021-12-22,490.587646484375,495.5746605544492,475.9198878273771,479.1467827952641,1304382
2021-12-23,502.4196472167969,508.4823331253292,493.81457351594463,495.08576741210464,1215889
2021-12-24,527.1591796875,532.9285214999773,500.4638730242445,506.5265580495196,3335832
2021-12-27,543.5872192382812,547.5963831703277,515.1317285171473,532.9286229068367,2788256
2021-12-28,568.3267211914062,581.7232849463478,549.5519796991949,549.5519796991949,3277276
2021-12-29,557.0325317382812,579.6697338061028,549.8452951334409,571.5535870219967,1536114
2021-12-30,584.412353515625,591.5995305506655,547.6940208563302,557.032540531462,2011683
2021-12-31,599.3734741210938,606.1695470124429,588.1770739928901,594.6308634003069,2305039
2022-01-03,594.679931640625,617.0237964337365,588.7150065149007,602.3560358212071,2048224
2022-01-04,594.679931640625,599.8136478550103,578.496454684851,596.8800957325044,1295393
2022-01-05,581.0388793945312,595.6577588311769,577.9097453174111,595.6577588311769,1052466
2022-01-06,616.4859008789062,637.5585686261393,581.6743849415095,585.732488661131,4532927
2022-01-07,695.4962768554688,733.3879896542729,632.8649544756473,643.4257295900154,10670785
2022-01-10,729.0364990234375,783.2583264422672,704.1501894488874,708.9416812367587,6956266
2022-01-11,710.5062255859375,749.0335632889903,704.6880622338944,736.3215054263834,2970622
2022-01-12,698.4785766601562,721.9469878687848,690.0202059303333,716.7643923301972,1924412
2022-01-13,677.99267578125,726.9341450576944,672.761199051466,698.4786573692517,2968214
2022-01-14,668.703125,701.1188970419837,660.1469320444667,681.5618845721933,2705409
2022-01-17,712.8041381835938,715.7865702898163,671.2943722731679,672.369983956311,3855318
2022-01-18,698.5765380859375,720.5781780212458,695.887448760511,717.7423872229432,1515300
2022-01-19,683.6642456054688,695.1050494561792,667.8719351256068,694.2739003501915,2392297
2022-01-20,670.0722045898438,692.7094725875666,666.3075031984009,687.4290548364248,1765278
2022-01-21,658.6311645507812,696.0828251840487,652.177375396369,669.8275642400581,3585597
2022-01-24,617.1703491210938,683.2241365514524,596.4887877701856,660.0490684342218,3347587
2022-01-25,634.038330078125,647.337073885859,582.0166680950562,611.694408862893,3173710
2022-01-27,619.0283203125,644.7457795679372,612.9656345587002,634.6250495690708,1879733
2022-01-28,625.2376098632812,647.3370064519331,622.0106555890461,630.7135485823216,1737782
2022-01-31,631.9359741210938,644.4035697420514,628.904661019893,639.5143165573622,1424905
2022-02-01,609.1031494140625,643.3279196724129,601.3781059681583,640.4921291205587,3213931
2022-02-02,615.70361328125,638.536399401872,612.6233602224698,622.8907908407235,2586617
2022-02-03,608.0275268554688,620.9351674702439,606.4141090806642,617.7082722373669,1211245
2022-02-04,609.6898193359375,616.4858926108171,601.3780896417026,610.178744612069,1092654
2022-02-07,612.9166870117188,623.8686246475118,607.2451659970294,612.7700452453461,1483326
2022-02-08,600.3025512695312,617.9038633612922,592.0885817534021,615.7525799467566,1260852
2022-02-09,593.2620849609375,609.1032796617155,588.6661743211109,601.5738166581625,1129625
2022-02-10,596.1035766601562,599.6801241992991,588.4116251334627,596.7405157473419,867617
2022-02-11,566.5604858398438,591.204164791731,564.894695937362,584.0021487921383,1717365
2022-02-14,528.8844604492188,554.116095199691,526.238801349039,534.5676904899716,2203862
2022-02-15,565.1397705078125,572.1948433233047,522.1234727658955,539.908129258439,1942044
2022-02-16,580.4256591796875,595.7606403750949,574.1055489156342,580.7686493795848,1755003
2022-02-17,565.7276000976562,585.6679791855171,563.4249308247057,582.9733382120075,809128
2022-02-18,549.9517211914062,562.3960749952525,546.8651085440857,559.505448196513,791720
2022-02-21,529.7174072265625,547.5020618841868,520.4086473377039,541.1818918930855,1310508
2022-02-22,560.2403564453125,566.3645404904078,499.9783854415753,501.693156974202,3263475
2022-02-23,559.8483276367188,585.961869663897,553.6261812041836,567.3443520658801,1699117
2022-02-24,532.4120483398438,552.6463766559585,520.8496006477006,520.8496006477006,2762058
2022-02-25,554.8021240234375,576.1632672068849,542.945667164709,559.0155509209657,1560537
2022-02-28,557.0557861328125,563.1309887256372,538.9282011838995,554.6061124910675,950006
2022-03-02,552.6952514648438,568.1771740166824,546.9630401404821,553.1362045989811,1236561
2022-03-03,555.6839599609375,567.8343654743554,553.6262579689574,562.4450833171355,843878
2022-03-04,535.2047119140625,552.8913437355325,534.0288565987864,550.6866374468219,1089982
2022-03-07,531.28515625,550.1966221285644,517.4199814759057,519.3307386075497,1281374
2022-03-08,542.6516723632812,547.7470053041513,523.6422415156853,537.7033437578767,1291579
2022-03-09,565.6786499023438,568.3243095113667,543.0436883944001,549.6578075137134,1487687
2022-03-10,577.6329956054688,596.4464995355944,573.3215464400199,582.0424077856632,2331416
2022-03-11,566.1686401367188,577.6331263616846,561.9062313202606,577.6331263616846,954117
2022-03-14,554.1161499023438,570.2350136158834,552.646345791197,566.2175131615261,829227
2022-03-15,549.853759765625,566.8544706142628,546.7671471093495,557.2027805601055,713192
2022-03-16,565.1397705078125,567.7364487725778,554.6061727046759,560.3874270494593,1070459
2022-03-17,572.9786987304688,588.4116435872535,569.8431043220781,575.9183072746182,1361414
2022-03-21,579.8867797851562,589.8814610195429,577.1921385595687,578.1230265806151,1227301
2022-03-22,588.9015502929688,596.4465571581858,571.2638998682208,582.9733519726146,2576748
2022-03-23,586.598876953125,607.2251171530116,584.7860825657566,593.8008935713716,1948422
2022-03-24,590.2243041992188,594.6337164621027,579.6417267295935,582.0424187006822,883667
2022-03-25,580.376708984375,595.7606725223183,577.1431515059959,593.2130356742596,804734
2022-03-28,562.9839477539062,582.9243257841782,559.6033863869578,581.6014662198166,1079193
2022-03-29,560.9263305664062,573.1257183101021,556.9088295654171,566.2666315248182,873135
2022-03-30,585.5700073242188,587.9217181192919,564.9437656748316,565.1887330573813,1361207
2022-03-31,588.9505004882812,602.619690801914,586.010892240467,590.1753372582039,2496193
2022-04-01,596.0055541992188,600.6599337840051,587.0887667067468,591.6451234690174,1516439
2022-04-04,610.5076293945312,621.7271462005822,602.6196925348434,605.5593007911108,3451282
2022-04-05,610.164794921875,622.2171787055822,603.1097220366706,616.8768775727161,2453214
2022-04-06,609.0867919921875,617.3177188325475,602.619677907963,608.4988942777968,1981390
2022-04-07,589.489501953125,610.7037017986096,587.921734583499,610.4587344091998,1836392
2022-04-08,602.9136352539062,604.334457857917,591.2041838578273,592.8209923048881,1168261
2022-04-11,586.7948608398438,603.9425781035036,584.9821260802821,602.9137270289824,1491101
2022-04-12,558.4276733398438,583.0223748083213,544.0725606929755,583.0223748083213,1939425
2022-04-13,560.5343017578125,570.9699352269643,551.9114626383854,562.8370308280329,911053
2022-04-18,536.3314819335938,552.1563963642292,530.1093352849122,552.1563963642292,1593625
2022-04-19,535.106689453125,551.1275910460313,529.1295096555364,544.8074210527375,1202528
2022-04-20,533.68603515625,547.4531919415451,530.1094869685212,537.948444261956,660802
2022-04-21,534.2249145507812,541.4759136616799,530.5993850920851,537.5564352861151,746925
2022-04-22,531.481201171875,545.2483546610805,528.1496211972027,533.0489683326127,683058
2022-04-25,513.7945556640625,527.1697984506952,512.471755742962,527.1697984506952,867300
2022-04-26,510.9040222167969,527.1698332993469,509.5321808841271,525.9449963260678,1100622
2022-04-27,574.7423706054688,582.0424094189043,495.127983795223,495.127983795223,10369157
2022-04-28,562.2000732421875,587.9216452205882,546.9141343890452,582.4344004544557,3102545
2022-04-29,542.70068359375,562.396095881142,536.5764993886816,562.2001100252825,2188778
2022-05-02,526.6309204101562,538.8792902224378,524.2302279656504,529.3745432868087,955537
2022-05-04,519.5267944335938,543.6805404960289,513.5005733925451,531.0402604729176,1061141
2022-05-05,537.3605346679688,543.5337014406151,523.4463738142839,528.6396709466214,1031973
2022-05-06,531.7261962890625,538.6342641493511,514.5294391007764,517.3710845102645,1016778
2022-05-09,512.667724609375,527.1207994594498,509.5321303077224,520.3106946026934,933661
2022-05-10,499.1944885253906,523.7402055618967,494.34412292979766,509.2381500913578,697814
2022-05-11,474.2078857421875,509.0422366549683,469.2105450032316,504.63282363293297,1456362
2022-05-12,470.3862915039063,491.8454551950396,462.0084201309093,465.48694452478736,1126248
2022-05-13,486.6521301269531,499.2434578613166,474.9916902812036,485.0353516022605,1171080
2022-05-16,499.1454772949219,503.6528826141403,489.10181572528194,499.7334049284272,589068
2022-05-17,494.1481628417969,506.4945540747249,487.974997128576,505.6126476271992,1464328
2022-05-18,505.7596435546875,522.2214384515115,496.54884674719233,496.79381411115247,1369032
2022-05-19,491.9924926757813,494.3441735464932,482.73271373724975,487.9750216573907,781813
2022-05-20,497.43072509765625,504.3388227285649,491.1595665379696,501.448195861957,490768
2022-05-23,488.41595458984375,500.7133046106675,486.9951318816081,497.57771031129937,607359
2022-05-24,477.1474304199219,490.2286633746724,473.5708830814253,489.9347145072648,600672
2022-05-25,447.3104248046875,485.035400390625,443.537921265445,480.1360529119318,1413681
2022-05-26,451.033935546875,460.4406890749463,431.5345377573466,448.7802475749365,1072712
2022-05-27,466.5158386230469,474.8937102347233,453.0426340466281,459.55875973384775,1332350
2022-05-30,511.1979370117188,514.4314944440695,475.8246416035825,476.2165834282243,2204359
2022-05-31,519.6248168945312,521.9765277665038,503.6529549913189,513.4516506137181,1767883
2022-06-01,532.7550048828125,538.9281701431559,520.3106515382105,521.9764414799494,1493360
2022-06-02,526.1900024414062,533.7839922345551,521.6826259706523,531.0893506950506,752461
2022-06-03,541.1820068359375,561.7592699080758,532.3141982828157,535.0088398755956,2653372
2022-06-06,527.5618896484375,539.8102613452669,514.9705276601954,539.7122384877908,864218
2022-06-07,519.6737670898438,526.6308764463271,514.5294521981397,525.2100537054159,768545
2022-06-08,518.0570068359375,530.060407984442,514.9214125338062,524.328135633713,717182
2022-06-09,514.9215087890625,516.6852622241859,508.74834186288143,513.157755353939,461921
2022-06-10,499.7334289550781,511.4918625775505,497.1857623562272,509.5321236404718,731367
2022-06-13,477.3923645019531,488.9058294903618,474.746705266725,479.05812447322586,1019122
2022-06-14,460.881591796875,487.9749755213796,457.5990232298881,474.74673823314936,1151215
2022-06-15,471.5621337890625,475.2366439224838,463.4782114955357,467.152721628957,573447
2022-06-16,460.2936706542969,494.4911082198644,456.178207034143,487.1910988145516,1976162
2022-06-17,459.06884765625,466.07490840077145,446.3305445195771,455.6393045040688,977849
2022-06-20,445.3017272949219,468.37764314990017,442.4600816879433,461.4205633902463,913763
2022-06-21,460.93060302734375,464.8500809950988,449.17216912407866,453.4835889079605,1131883
2022-06-22,465.3890380859375,474.15885230277706,452.79770883820447,460.3426861613588,1103784
2022-06-23,482.92864990234375,487.9749714375658,468.3775830264186,469.3084709372448,995301
2022-06-24,486.2112121582031,501.6931368416288,482.1447301928508,491.8944427626907,1122557
2022-06-27,494.2461853027344,510.2180765950365,491.9924973434301,494.88309451703816,956794
2022-06-28,505.9065856933594,509.189184238771,486.9951172464928,493.8052218936311,957846
2022-06-29,513.8925170898438,515.4113026935188,496.8427656637012,501.49714529829095,1344232
2022-06-30,507.2294921875,523.0543494021823,501.6932053542562,515.2153930685221,871481
2022-07-01,489.29779052734375,504.5837591372669,485.427294438763,501.69313244799866,940281
2022-07-04,489.9837341308594,499.19453140265233,485.8683001508239,492.0904774897073,504958
2022-07-05,492.4334106445313,499.7334504605965,488.7588999793798,493.8542333963542,605554
2022-07-06,493.8541870117188,497.1857370545622,485.03536224365234,494.3931032306928,562495
2022-07-07,497.0877685546875,504.0448776529759,492.38440707526576,499.6354351490589,496666
2022-07-08,497.185791015625,512.4717615866206,494.8341101362206,500.71332728635394,809698
2022-07-11,488.17095947265625,493.1682696173209,480.3320040730358,491.8944513261792,1371697
2022-07-12,481.7528381347656,493.21732335173374,479.2051714306345,486.0152764797022,864420
2022-07-13,484.6924133300781,489.7877463879398,480.1360264070677,484.055504173656,439289
2022-07-14,473.5709228515625,488.31797693862296,470.3373654255595,486.79916125415633,629049
2022-07-15,480.8219299316406,483.8105196614172,471.1211988806466,475.530611211738,479651
2022-07-18,493.2662963867188,497.3817602152053,483.2226340917932,486.0152681251773,977023
2022-07-19,495.7159118652344,497.2837088491507,489.9346885213307,491.3064996685424,504848
2022-07-20,521.7804565429688,532.5590199645136,500.2723112086804,501.7910968204199,3726059
2022-07-21,523.6422119140625,529.129456428507,519.4287258047258,524.8670486187581,1155556
2022-07-22,522.9564208984375,532.9020615195285,516.5382869377985,525.9450112366669,911884
2022-07-25,519.8697509765625,531.0892687066632,517.3710957142401,524.2301822104517,981604
2022-07-26,509.9241027832031,534.0288681380314,499.7334362392588,522.5643832277157,3483599
2022-07-27,516.587158203125,533.979840004704,511.8347557424664,512.7656436311713,2704456
2022-07-28,525.2100830078125,532.5591046916904,520.5557026080231,524.2302134499621,1439333
2022-07-29,536.9194946289062,550.0987511232438,526.5328422357037,529.129520285626,2607171
2022-08-01,535.6946411132812,542.2597783998358,531.0892427297887,538.9281983420365,1217632
2022-08-02,521.4375610351562,534.7637618701131,519.8207524912414,531.7261904435597,1109694
2022-08-03,526.7777709960938,530.1093509133362,512.5206830391111,521.2905262216171,1262612
2022-08-04,509.777099609375,534.4208410815629,505.8086401561257,530.1093914246457,1735339
2022-08-05,525.112060546875,527.1697624628908,510.5119818646211,513.4026086944414,1390318
2022-08-08,520.7026977539062,527.9047149541179,517.3711173935485,525.1121106862377,548772
2022-08-10,513.2555541992188,522.6623358546619,510.56091348340846,520.8005601647833,475492
2022-08-11,539.5160522460938,541.3778279752977,517.4200098710224,517.4200098710224,2792400
2022-08-12,560.260986328125,570.8300937442208,543.3504624688553,543.694548939626,4350472
2022-08-16,554.263671875,569.9452902028407,551.8548864878467,565.3243659922394,1430894
2022-08-17,555.5419311523438,572.2067266889824,548.11898647613,555.4927845004726,2595353
2022-08-18,572.5999145507812,575.1561400589098,545.8575999686423,557.950614501592,2556656
2022-08-19,561.2933959960938,582.431611967098,557.1640580838574,575.5985487562448,2297524
2022-08-22,550.2327880859375,561.3917775238388,546.9391225631954,561.2934842280447,1179825
2022-08-23,546.3001098632812,553.9688473797144,536.5666730101925,545.6118767510627,1308038
2022-08-24,558.147216796875,566.1600392015257,545.6609100957651,545.6609100957651,1090404
2022-08-25,556.5741577148438,568.9621723271088,553.5263457115066,567.9789994217597,876543
2022-08-26,557.0657348632812,568.2739298003032,555.492682244241,560.4085466888804,667910
2022-08-29,541.0892944335938,545.5627800686706,530.3727435919858,533.1256162848703,1226458
2022-08-30,552.1007690429688,559.228773072126,543.0555657215873,543.694652155034,1014001
2022-09-01,560.6543579101562,569.257120964455,547.8731099437695,550.5768354751206,1677721
2022-09-02,554.7061157226562,567.8805954743713,551.5599507045384,563.6529643600754,1046948
2022-09-05,547.4306640625,559.1795923338176,545.4643182433042,554.7061675967694,841598
2022-09-06,551.8057861328125,556.4758573740256,545.7592488383132,550.4785267306596,651538
2022-09-07,539.5652465820312,551.4616740389047,536.3207881876506,547.9222157838553,1564784
2022-09-08,549.54443359375,554.4111508228169,543.7436902285019,546.6932085481662,1033841
2022-09-09,563.3088989257812,565.914270985056,549.5936256053847,552.5431441685621,1809385
2022-09-12,583.7588500976562,591.378439298931,565.3243600945724,565.3243600945724,5154807
2022-09-13,595.5079345703125,604.5531387258611,587.9866366564639,588.9206630652869,3824826
2022-09-14,594.4755249023438,601.7018217981451,572.8457208507764,580.0720177465779,2901814
2022-09-15,584.0046997070312,604.2580373434582,582.0383539167718,598.7522931339764,1245331
2022-09-16,563.161376953125,586.7575245350278,555.9350807594099,584.6928856248538,1537309
2022-09-19,561.637451171875,566.0617286865769,547.6272390419857,564.3411763197483,1164363
2022-09-20,564.7345581054688,578.1056860238637,561.4408927669612,569.4537761938367,894635
2022-09-21,589.4121704101562,592.7549823690222,564.2921140982185,572.2066441679916,2434486
2022-09-22,653.7608032226562,662.6585055763248,590.8868870198387,590.8868870198387,16988105
2022-09-23,649.828125,672.1953079498647,639.9472495886049,659.2665606151604,6875574
2022-09-26,634.539794921875,661.2820490055433,626.2811188025535,640.0455389960161,5347168
2022-09-27,641.1270141601562,663.3467573609938,638.2758487991679,640.0455479901452,3374301
2022-09-28,634.539794921875,648.8940948346708,629.4764306331788,638.8657195492403,1936990
2022-09-29,638.1775512695312,652.2861194037558,631.6394870193338,642.2577431011276,1988504
2022-09-30,648.7957763671875,656.759452309615,630.2137858240467,635.1296499880408,2612142
2022-10-03,647.1735229492188,662.6584952036056,642.208512101021,648.7957821410167,2048822
2022-10-04,643.9291381835938,661.3804581160008,639.0624200599756,658.4309392541855,1229492
2022-10-06,652.9251098632812,658.6275607856362,646.5344859058465,648.8941249087597,1340458
2022-10-07,669.9832153320312,681.4863507894701,651.0571361419068,653.8100083861201,3789910
2022-10-10,646.583740234375,661.6754216126348,641.5203753376585,661.6262749648071,2176544
2022-10-11,634.687255859375,649.975582507336,631.6885905052914,649.8772892202297,1504923
2022-10-12,661.331298828125,663.6417312224688,632.6717837654203,632.868430354072,2818472
2022-10-13,655.1864624023438,670.9663758753693,651.6470038611061,662.6585526425456,1502500
2022-10-14,658.4801025390625,676.3738627545132,655.3830836526536,671.5071445079204,1739517
2022-10-17,663.1500854492188,665.3130777147222,643.9782149284481,658.4800144249284,1102947
2022-10-18,649.1398315429688,667.5743212687252,647.8617189236038,663.6416301272304,1313671
2022-10-19,638.6199340820312,656.415399267275,604.9462628429194,649.8772755927871,8694486
2022-10-20,641.9136352539062,647.6651729382336,633.3108720459979,638.6199699065816,1898979
2022-10-21,699.9699096679688,706.2130331472474,645.1580242899241,646.4361369697638,10885981
2022-10-24,700.8546752929688,714.6683005248304,697.069484184629,707.8843845034314,1020778
2022-10-25,720.4690551757812,729.1209642865518,702.4770039550415,706.9012817966059,4280540
2022-10-27,721.4031372070312,751.3407649196646,713.7835470014375,720.8624040972892,4151722
2022-10-28,709.5558471679688,736.6422467762029,694.1200216536527,725.4832590998866,2929332
2022-10-31,697.3153076171875,722.6320071887667,694.9556688965943,715.7497975964927,1650152
2022-11-01,705.2791137695312,710.7849184668491,696.1356170497677,700.8056887085405,1114062
2022-11-02,696.7254638671875,708.9167711972733,691.416306476143,705.819812725921,998536
2022-11-03,687.4344482421875,706.1147318356811,683.7966968039384,688.2209744971343,1192540
2022-11-04,683.2560424804688,693.5793582874014,675.8822454755168,688.2210537955136,1118419
2022-11-07,678.4384765625,700.8548076363963,673.571758498429,684.3375142139524,1170259
2022-11-09,663.9365234375,685.0255902076217,660.6920654747352,679.4706403562681,930521
2022-11-10,652.728515625,663.4942109281327,646.927771482324,659.7090192471724,763477
2022-11-11,677.7501831054688,682.321960881187,665.116435931013,672.4902323382305,1590280
2022-11-14,671.26123046875,682.2236312127122,664.6248140562066,680.3555788859393,728161
2022-11-15,679.17578125,680.7980404282071,665.4113615836383,672.490217985103,705309
2022-11-16,665.4606323242188,680.0607876265161,661.0363537492411,680.0607876265161,543274
2022-11-17,684.0916748046875,691.8587645247609,659.8072927770295,662.6585181193628,1787535
2022-11-18,674.7515869140625,689.5483278829787,668.0660228226843,686.0089292487535,928162
2022-11-21,671.7037963867188,682.3220526394265,667.1320179961905,674.4075220996272,593612
2022-11-22,671.900390625,682.0762062391609,669.0491651830616,671.9986839127446,622028
2022-11-23,714.7666625976562,722.6320454047831,673.5716961420857,675.1448087083762,6881215
2022-11-24,706.1638793945312,721.058971650927,702.6736278780871,720.61653187941,1366119
2022-11-25,706.26220703125,717.6670483260165,703.9517747904192,709.8508120093333,1064805
2022-11-28,702.8703002929688,710.4898899436128,698.0527292848019,704.9349392918351,648702
2022-11-29,706.0164184570312,709.2609369552599,693.6776108612762,702.8703132594072,1232529
2022-11-30,702.8211059570312,712.21045492333,700.5598203452957,708.474349990425,852155
2022-12-01,700.5106811523438,717.5195600755435,697.0695760519462,710.8831430962055,2004198
2022-12-02,706.9013061523438,709.6541782358768,698.5934832508783,700.5106823832335,760559
2022-12-05,706.1146850585938,709.850729528174,700.0681486085406,709.8015828920156,556824
2022-12-06,703.36181640625,720.8131328937443,700.2647982094535,706.4587745949435,1112308
2022-12-07,698.2985229492188,706.7046388901747,694.2183315820339,703.9026202458924,559608
2022-12-08,702.0838012695312,705.9181998961692,694.6608572694608,701.0023349943854,560349
2022-12-09,685.5172729492188,706.9012825392446,681.8303747440418,705.6231698297383,1273739
2022-12-12,672.4902954101562,689.2042355007595,668.6558969155368,686.2547166612413,890689
2022-12-13,666.0013427734375,678.2417973041331,664.1824369136477,672.4902598742427,666285
2022-12-14,671.8511962890625,679.3233465461022,659.9056812197349,669.344117324496,967720
2022-12-15,683.5509033203125,708.8676034432871,671.8511227553845,674.7023479375252,3242482
2022-12-16,690.7772827148438,696.5288804110028,675.4398088746475,679.4707939199989,1889828
2022-12-19,698.1018676757812,707.687802929432,688.8108722744673,691.1213644686738,2281423
2022-12-20,692.4977416992188,706.3605142646057,689.6957232061851,698.9375715831097,770442
2022-12-21,692.4977416992188,715.7498025575235,683.3050999690644,696.2338463674048,2344372
2022-12-22,699.0850830078125,717.2737817739676,682.3711436010755,698.5443499109816,2301597
2022-12-23,639.5047607421875,692.9401785008789,612.0742155768854,691.1704794597865,2857330
2022-12-26,677.6519775390625,680.6997897786466,639.9964643470026,639.9964643470026,1618098
2022-12-27,685.2224731445312,695.005057049982,677.4062353504024,683.0103337692941,741070
2022-12-28,688.2210083007812,691.0722336241284,675.4889076455948,683.7967303902763,662900
2022-12-29,689.8433227539062,696.0864469685279,676.4229880146147,687.237890439267,625008
2022-12-30,692.3995361328125,706.6063969766349,689.3025173992606,695.1032616910167,662649
2023-01-02,685.0257568359375,696.8729789496687,682.4203245002692,695.8898059940376,404987
2023-01-03,680.10986328125,691.4654984366907,677.4061377676636,685.0257278514073,524130
2023-01-04,669.688232421875,679.3724613040797,664.280781572132,679.3724613040797,838579
2023-01-05,671.212158203125,678.3893084503248,665.8047071937383,671.212158203125,571885
2023-01-06,704.5909423828125,707.8354012256078,667.623602211234,671.0155610047494,2688877
2023-01-09,703.5584716796875,741.9022130598361,698.1018743310574,708.1302494628718,6183258
2023-01-10,707.34375,715.1107798512556,694.1200625851062,706.9013101964467,1393835
2023-01-11,691.2197265625,710.7357455138131,689.2042340280921,709.8508658606027,836999
2023-01-12,680.8963623046875,699.0359138427349,678.4875767602881,694.7099291912376,867422
2023-01-13,680.7489624023438,687.1887331079915,665.6080752400196,683.5018346114626,1673248
2023-01-16,681.5846557617188,692.5470582889362,676.4721443587816,684.1900881137115,634770
2023-01-17,690.4331665039062,696.0864106582636,680.355644315704,681.5846104362164,956920
2023-01-18,680.945556640625,696.0864439732319,673.9650527452691,691.6621657276394,619850
2023-01-19,683.6984252929688,685.3206244939247,674.4074298398258,677.4552416778221,632608
2023-01-20,685.0257568359375,691.0722945163145,675.194027279627,687.1396026937903,470408
2023-01-23,686.0579833984375,689.6957348425642,678.4383940256223,688.4667688146908,389484
2023-01-24,690.4823608398438,695.3982256614404,685.9106425606282,689.4991878755244,830672
2023-01-25,695.103271484375,703.5585348004583,676.1771923102955,689.0567338748649,908511
2023-01-27,685.6648559570312,705.770695265501,676.8654458395687,695.0541458555495,986918
2023-01-30,697.3645629882812,712.6528903932465,676.5212844001843,688.221066534517,1172465
2023-01-31,750.0625610351562,759.3534960866758,689.8923730388397,697.3644623944156,4110246
2023-02-01,730.1041259765625,765.891641306583,721.9929500577186,761.958949951992,2995906
2023-02-02,774.2486572265625,799.3195661272321,728.1870309554395,730.104170100178,6672636
2023-02-03,765.2526245117188,787.4723686895658,757.7313876173262,771.7907484862168,2260046
2023-02-06,763.237060546875,805.759285701741,760.0908954702114,770.8075033853166,3855942
2023-02-07,765.7442016601562,778.6238028652427,762.1556565214513,766.7765812284958,1266458
2023-02-08,789.6844482421875,796.3700116469848,765.1542735361309,766.8748260304299,2132640
2023-02-09,803.4979858398438,816.0334392744819,792.4864382721089,793.6662576558139,2842171
2023-02-10,842.5501708984375,847.0315467098202,802.7101285680274,805.6156557802767,3862427
2023-02-13,807.9301147460938,859.6384307955573,804.384425691465,847.0314629054982,2963766
2023-02-14,821.916015625,834.227519753595,810.14620565511,811.9683443350018,1685164
2023-02-15,831.322021484375,842.8948357651772,799.1644076580707,822.4085042102001,2129885
2023-02-16,853.0888061523438,861.8053274180357,833.3411045579782,835.2124773148506,1946554
2023-02-17,843.1903076171875,862.9380091955638,835.212476638599,848.1149094841603,1084471
2023-02-20,815.4156494140625,848.2627217638873,812.6085901149789,842.1069690660361,1033309
2023-02-21,809.7030029296875,832.7501633716887,805.3693894197955,818.7150482586827,1319818
2023-02-22,799.115234375,820.438787532654,795.4217824503331,801.7252977810089,1365678
2023-02-23,811.131103515625,815.5140108869438,800.0015161146378,802.7100469478976,1319393
2023-02-24,821.1281127929688,832.9963910594223,816.597443086658,817.3854274632462,1386710
2023-02-27,804.48291015625,820.4386314584675,793.1563264086242,820.4386314584675,968555
2023-02-28,817.1392211914062,833.5381095273809,803.5472717910775,808.6196358180608,1357971
2023-03-01,831.2727661132812,837.1822881472619,813.5934340053358,818.3703337183302,943939
2023-03-02,833.4395751953125,843.3380122504524,822.5069237267688,830.2385841999093,854661
2023-03-03,824.8215942382812,849.6908341343192,822.3592932584755,839.1521739177966,890758
2023-03-06,822.6055908203125,837.1824017932877,817.5824603406878,829.204570010344,592045
2023-03-08,809.801513671875,823.393402309047,806.4527604778215,823.393402309047,682924
2023-03-09,813.2979736328125,821.8667926440861,809.6045223447434,814.3321279705184,619748
2023-03-10,810.6879272460938,819.0105163415992,803.0055604328458,812.5592999828707,880339
2023-03-13,780.7463989257812,813.4950016311161,776.1172611068853,810.589474480922,892370
2023-03-14,766.7605590820312,785.9172735765922,756.4188945086705,780.5986791786689,1070179
2023-03-15,834.5231323242188,841.9100361157964,768.779688579177,778.1364333818422,5697021
2023-03-16,803.3995971679688,827.2346833119349,794.3875512953139,827.0376872053358,2959393
2023-03-17,856.0927734375,865.5479846764295,813.0517424616984,813.0517424616984,8212277
2023-03-20,876.1851806640625,881.5037749723743,839.2014309549356,855.3049158738527,5786626
2023-03-21,864.1692504882812,891.0575674850171,860.6727347034245,885.443508743665,2081037
2023-03-22,881.3067626953125,891.3037288102757,866.9269488881959,868.6997935868476,2187204
2023-03-23,868.1580200195312,878.54891727602,862.8394262950485,874.6092360326297,1052678
2023-03-24,872.688720703125,900.118790298788,863.7752029803866,868.9952691510424,3318023
2023-03-27,859.343017578125,880.4203374133411,853.9751895714455,878.0565044938664,1341967
2023-03-28,875.5450439453125,891.1067749949415,861.9531537909472,863.5782364606757,1838926
2023-03-29,882.439453125,895.1941844540221,876.7761607690239,879.7801559957613,1565811
2023-03-31,911.1498413085938,932.3749240976208,887.4625176253802,890.3188108416788,2707463
2023-04-03,798.9674682617188,914.4493891739417,748.5395300067318,914.4493891739417,11793483
2023-04-05,803.4488525390625,830.0417045385167,729.8260493183516,759.0289645414392,13319603
2023-04-06,784.193603515625,804.5321729030862,780.0569259761312,803.4980185469049,3822053
2023-04-10,787.78857421875,799.9031434816061,751.6912768795994,778.0871321236236,5533042
2023-04-11,824.3782958984375,830.5340478092681,788.6749348156198,789.906085197786,3923132
2023-04-12,838.6105346679688,851.956194829922,818.5181333104633,827.2839494187848,3867334
2023-04-13,855.9943237304688,858.3581568140758,822.8517872499419,829.3030040590381,3121347
2023-04-17,845.6526489257812,856.8807657644658,810.5895060047762,844.7170226182006,3010498
2023-04-18,853.6797485351562,862.1500398482357,842.402398040062,846.0466155081617,1689374
2023-04-19,840.4817504882812,858.850538927535,833.3410780029319,855.8957778991146,1049644
2023-04-20,843.48583984375,858.6043436732473,839.447630205562,842.1069272619746,1114666
2023-04-21,835.9020385742188,851.9069966647784,832.2578207091052,843.0919461857918,624965
2023-04-24,836.8869018554688,850.9712519892813,828.0226179805804,837.1823659616773,893943
2023-04-25,839.1521606445312,846.637531458833,835.2124791391578,842.1069217735612,578268
2023-04-26,891.845458984375,900.7097429499845,842.1069767328996,843.3873612827553,6855859
2023-04-27,905.6835327148438,934.4924541259476,893.3227938417515,895.2926346219979,4410295
2023-04-28,902.9749755859376,928.2874409046464,896.7699893301651,917.9457771067698,1332189
2023-05-02,921.196044921875,935.6743869320942,903.46747759053,907.4563932171284,1823170
2023-05-03,908.4906005859376,924.298560975676,904.5016248759651,921.8854939738372,795104
2023-05-04,895.5388793945312,920.9005798558006,892.3378880741768,912.528756402566,1267402
2023-05-05,871.2113037109375,900.0202246144662,866.7791620334715,896.3267732165779,1413402
2023-05-08,869.83251953125,883.4736437189046,861.3129335921761,875.5450461187409,892457
2023-05-09,867.2716064453125,889.2353183356431,864.3168453807451,874.7077431015202,1369218
2023-05-10,882.73486328125,886.4283145920502,869.536906551417,870.7680569883504,1315511
2023-05-11,884.2122802734375,895.6866268648041,878.3519919289831,890.3680327119882,754565
2023-05-12,885.0987548828125,897.2132639629506,881.848469421873,885.4434529821139,978246
2023-05-15,907.01318359375,911.0513330239488,881.5037222231723,887.3147763932323,1318656
2023-05-16,913.21826171875,920.9006292769288,906.6192826196932,911.0514246857318,1253828
2023-05-17,919.0784912109376,924.3477912815518,913.5136669298236,914.991047523241,933709
2023-05-18,926.859375,940.5005592653126,917.404162750898,925.3327603294894,1292090
2023-05-19,929.5186157226562,934.68944775714,917.945801169288,934.68944775714,620820
2023-05-22,924.6431884765624,932.5717850646246,920.9005032669868,930.749706510484,434700
2023-05-23,912.2333374023438,939.61411402714,910.0665003784878,927.7950685676792,688310
2023-05-24,964.8773193359376,972.8059167419472,898.050432365805,909.4755453757842,2376849
2023-05-25,1004.914306640625,1013.1384283321886,969.161706914596,969.654167131524,4131582
2023-05-26,991.617919921875,1001.6641207666788,976.2531845931928,1000.72843429463,1263515
2023-05-29,978.7647094726562,1004.6188716096698,976.0561782011596,997.330436142278,755851
2023-05-30,995.7545776367188,1002.6490208053212,979.0109299415416,979.995850394199,849973
2023-05-31,1047.0196533203125,1057.6075473574756,988.7615890606183,995.80373367694,3647832
2023-06-01,1083.707763671875,1101.5347955670777,1033.279776385841,1044.015430805118,3471313
2023-06-02,1098.038330078125,1134.6281418584404,1087.3519692810055,1092.4243326763642,3605727
2023-06-05,1098.777099609375,1127.0443853083234,1095.2314104559637,1112.9106823440827,1246760
2023-06-06,1113.994140625,1119.1156780344247,1068.6878073448383,1103.6031834874127,1602421
2023-06-07,1135.81005859375,1142.5075648241868,1103.16004635158,1119.608167511978,1472527
2023-06-08,1112.1226806640625,1132.4613070738371,1104.0955568958564,1130.6884026016442,1004343
2023-06-09,1122.4644775390625,1125.616174501589,1113.501726586691,1116.2594313715183,844970
2023-06-12,1125.0252685546875,1132.412171171593,1110.3007574301366,1122.8091977696158,1039973
2023-06-13,1076.271728515625,1129.605190309527,1034.2648509156647,1129.605190309527,1666475
2023-06-14,1024.021728515625,1088.2877869205838,1014.5665163824136,1087.3028664852586,4250112
2023-06-15,1047.6107177734375,1061.7443029551769,1024.465085937216,1026.2378707060882,2023195
2023-06-16,1068.0477294921875,1073.366323816047,1053.8648513717433,1057.8045330591142,951731
2023-06-19,1055.4898681640625,1077.7983371026817,1046.4285292266557,1072.824441474084,598534
2023-06-20,1042.4888916015625,1060.759212102382,1035.249751108052,1053.8154755748003,713778
2023-06-21,1047.1181640625,1083.4124573373942,1039.091038628137,1052.5844002322494,1454526
2023-06-22,1046.1824951171875,1056.9674466073368,1039.09111568961,1051.4026217996764,678274
2023-06-23,1051.2547607421875,1068.5401617857358,1028.1584255452224,1047.955301461127,867763
2023-06-26,1059.134033203125,1071.1501331442914,1036.23463595475,1055.7361062193718,809402
2023-06-27,1065.83154296875,1073.316913317164,1058.4938144839678,1063.0737179948196,636643
2023-06-28,1078.2415771484375,1089.9128595096631,1060.3160744714912,1071.3964286554783,982284
2023-06-30,1073.3663330078125,1086.170298601415,1064.2065249144175,1082.9200130896827,615804
2023-07-03,1060.119140625,1083.412534155248,1058.001537535059,1079.5221463289658,731607
2023-07-04,1044.7542724609375,1064.797377752367,1042.0457414694056,1061.7934427903897,559178
2023-07-05,1039.681884765625,1053.7662936910922,1034.2648229065271,1043.9170903109143,393246
2023-07-06,1069.37744140625,1073.5633535646443,1041.0609768053478,1044.0157383289202,827247
2023-07-07,1063.1229248046875,1073.8092852994844,1058.7892517284529,1073.563055240943,365571
2023-07-10,1044.902099609375,1068.49089562138,1040.66689370351,1065.142142141108,359010
2023-07-11,1038.5,1054.849653117256,999.9403457771186,1019.3925219200372,1655599
2023-07-12,1048.2508544921875,1052.338178064788,1039.0910464647095,1039.0910464647095,400805
2023-07-13,1031.7532958984375,1065.6837517319173,1029.2417010719537,1043.966211287344,655494
2023-07-14,1047.1181640625,1056.4749080122322,1016.8318612778412,1035.1020628524868,1063926
2023-07-17,1074.203369140625,1083.2645879766733,1048.9401389317154,1048.9401389317154,1904514
2023-07-18,1051.0084228515625,1092.7690674095595,1042.04567221209,1081.0484918520056,1090064
2023-07-19,1067.998291015625,1072.578194404027,1046.2808707873096,1054.8496292072664,739084
2023-07-20,1044.705078125,1066.077924128011,1041.4549127624784,1048.9402841716908,820217
2023-07-21,985.806884765625,1034.1171598337148,978.5676835191316,1034.1171598337148,3300062
2023-07-24,1040.864013671875,1065.6839617312824,946.508583386102,989.8450846025312,5088736
2023-07-25,1040.6668701171875,1090.3068823003473,1023.1845330251992,1062.0888888073705,5582911
2023-07-26,1048.004638671875,1073.5632759102127,1044.0156628117666,1073.5632759102127,1085934
2023-07-27,1068.49072265625,1078.487687365866,1044.0154781806557,1048.890785387897,1132793
2023-07-28,1055.34228515625,1080.4577571781674,1050.2699206823845,1068.4909494041674,865723
2023-07-31,1066.422607421875,1073.2185825102326,1049.432729815754,1060.7593148865014,587693
2023-08-01,1075.9271240234375,1099.1712226061163,1063.4678562804247,1071.9874422219818,1803367
2023-08-02,1083.1168212890625,1106.705734948716,1065.289787650333,1075.9269751340826,1881642
2023-08-03,1064.89599609375,1092.276834074915,1058.8388312047498,1091.2919135752986,708017
2023-08-04,1128.965087890625,1134.6283805888768,1073.5633114946836,1073.6617794957,3232540
2023-08-07,1133.6435546875,1166.539925150929,1122.8094286218509,1138.075697168902,1749988
2023-08-08,1129.8021240234375,1144.4281673638343,1124.0896580574176,1139.6513276505784,823381
2023-08-09,1122.2183837890625,1143.6895774424531,1116.5057970922671,1127.733914258303,937273
2023-08-10,1103.7508544921875,1127.3889394702903,1098.776959352905,1121.8241162524585,627851
2023-08-11,1124.9267578125,1148.6140191660804,1108.035350424566,1108.724746550796,1141520
2023-08-14,1112.5867919921875,1130.6528014145335,1092.9906778322218,1128.3327591676518,683774
2023-08-16,1121.0274658203125,1135.2926161412088,1100.049232695964,1111.599552847827,628546
2023-08-17,1139.4385986328125,1148.718403778012,1124.235649500967,1125.4202541964712,806270
2023-08-18,1137.9088134765625,1150.0021485477814,1131.2944272953805,1140.623643798673,607371
2023-08-21,1116.930419921875,1143.585113829548,1111.599457038512,1143.140796625602,841533
2023-08-22,1118.065673828125,1133.3180329494442,1112.783999479807,1124.433135478586,597113
2023-08-23,1162.2926025390625,1186.627372677919,1120.9778549715284,1120.9778549715284,2494389
2023-08-24,1158.2451171875,1180.852269508883,1151.976352459887,1170.6839496606249,806837
2023-08-25,1132.8739013671875,1157.99837023295,1128.6782550982275,1157.99837023295,743352
2023-08-28,1136.37841796875,1143.3875911032185,1118.5099251724132,1138.402248473027,565953
2023-08-29,1140.82080078125,1151.087817422696,1133.8116280531442,1139.882998704842,380847
2023-08-30,1140.8702392578125,1150.1006365739822,1136.77329014158,1148.422426338001,452111
2023-08-31,1160.861328125,1166.833881799053,1140.8703072843934,1144.374833694174,600600
2023-09-01,1185.3441162109375,1203.7063359280835,1155.0367888440724,1166.8833200117035,1370201
2023-09-04,1163.2308349609375,1195.907496797886,1160.0223990303923,1185.7885834784752,592639
2023-09-05,1151.0384521484375,1169.0057620768098,1147.5339259065984,1169.0057620768098,827361
2023-09-06,1152.519287109375,1164.810134801083,1145.1646142987845,1155.7277224511604,479574
2023-09-07,1149.607177734375,1161.1574979115578,1144.128108632109,1152.519401900243,573192
2023-09-08,1149.607177734375,1163.3294343570365,1146.1519393298493,1154.0990358639194,463159
2023-09-11,1151.927001953125,1174.7809581397737,1147.139053242367,1155.5797545486246,619542
2023-09-12,1129.8133544921875,1175.7680655430515,1115.5482066025595,1159.4790873050497,754731
2023-09-13,1122.903076171875,1140.179268247634,1097.9267107906978,1130.5046729907003,507021
2023-09-14,1154.2469482421875,1160.9600306366012,1125.519134851223,1131.689203041256,598321
2023-09-15,1154.69140625,1167.821240653837,1149.1136398242788,1162.440988739767,531104
2023-09-18,1125.96337890625,1154.6417816846404,1120.5337192518164,1154.6417816846404,396231
2023-09-20,1114.3638916015625,1138.402456786352,1108.6380192557042,1125.9636215447988,374334
2023-09-21,1063.818359375,1110.7108734944777,1051.8731325116544,1103.701700748972,1334931
2023-09-22,1060.017822265625,1077.3434236993337,1031.635505720678,1070.5316436267149,1024376
2023-09-25,1037.7559814453125,1069.4948338892384,1032.6225333074765,1065.1017938775783,504621
2023-09-26,1072.7032470703125,1079.0214203857429,1024.7248255813363,1035.633553286602,1243039
2023-09-27,1113.8702392578125,1119.4972938539445,1063.275674610533,1075.0727980660895,1051809
2023-09-28,1127.789794921875,1141.8081419787593,1111.599511505052,1120.7312126430818,1537776
2023-09-29,1137.5631103515625,1158.9855375871246,1125.6177626624776,1127.7896988373734,1058596
2023-10-03,1115.54833984375,1138.3528879989035,1104.047308521408,1137.661888558411,806736
2023-10-04,1124.77880859375,1130.3565747456355,1089.140516234168,1114.561199028666,879446
2023-10-05,1142.4991455078125,1156.9123995712328,1119.250282181448,1135.2924582215348,1081653
2023-10-06,1132.1336669921875,1148.9162546442672,1125.4205837276916,1148.9162546442672,399131
2023-10-09,1118.7073974609375,1132.3309567395806,1095.804151683465,1120.4844253700296,538664
2023-10-10,1150.150146484375,1159.972847070805,1116.535565989005,1121.4222119070484,1224492
2023-10-11,1208.0499267578125,1218.1195502152202,1159.331093080489,1160.960015162775,2853670
2023-10-12,1195.5616455078125,1222.1669274287208,1188.1081560262242,1216.1942540950672,882743
2023-10-13,1185.837646484375,1189.5890959865776,1174.8796299509738,1183.6658307783457,570022
2023-10-16,1213.43017578125,1220.1925456419217,1163.921530187561,1164.908740985006,1058192
2023-10-17,1183.3697509765625,1219.8965571579824,1180.8030265359148,1214.2695027877492,926161
2023-10-18,1189.4410400390625,1198.4246352123985,1159.972818496533,1186.627513049219,920040
2023-10-19,1197.7335205078125,1201.2381671024011,1165.007457910347,1167.6729994145664,512074
2023-10-20,1180.1119384765625,1201.2382759192135,1174.7809754943394,1196.499615377428,419527
2023-10-23,1137.168212890625,1186.8742555528534,1124.4825774508813,1181.7900955258044,510509
2023-10-25,1133.169921875,1163.0824580893675,1124.136918720433,1148.1261899821836,824513
2023-10-26,1106.021728515625,1121.2248007633984,1077.244506137544,1121.2248007633984,960493
2023-10-27,1114.0675048828125,1157.4060876593028,1095.804103163422,1116.4861233933443,1093767
2023-10-30,1170.23974609375,1197.9309376670217,1113.5738201509105,1120.5337047305077,3037769
2023-10-31,1201.978759765625,1238.653550742417,1184.653159109981,1184.653159109981,4684035
2023-11-01,1198.325927734375,1216.24382968423,1188.601924464134,1208.3461424784884,1169151
2023-11-02,1205.4832763671875,1262.6428149208691,1199.46131362694,1216.0465059202563,2217527
2023-11-03,1225.6224365234375,1250.0559083751934,1214.26951020848,1215.2567211923897,1375775
2023-11-06,1237.32080078125,1247.785212586199,1231.5456409156593,1234.1123652437943,579178
2023-11-07,1255.682861328125,1288.2115329253068,1235.1489468273207,1240.8746977658964,1710983
2023-11-08,1310.769287109375,1322.8626207693935,1264.6665857683083,1267.5294010029563,1411757
2023-11-09,1297.8861083984375,1325.8242247787423,1292.2590545311791,1312.5955747558155,808102
2023-11-10,1351.6890869140625,1359.7348796773056,1293.246251098606,1297.7381088003528,1439812
2023-11-13,1375.678466796875,1400.8523461677544,1357.5631698612292,1396.9035023448714,840457
2023-11-15,1375.2833251953125,1405.7881626581905,1356.4276232390123,1395.7679490542714,1329901
2023-11-16,1461.022705078125,1474.893066254253,1362.449722041073,1371.7295284874729,2299977
2023-11-17,1516.99755859375,1529.189588343467,1446.3625749181945,1461.0226317633658,2530940
2023-11-20,1603.23046875,1619.0258428263546,1473.41223805996,1519.416240955515,3968239
2023-11-21,1486.542236328125,1603.2305176744155,1473.1160715461965,1603.2305176744155,4639119
2023-11-22,1427.3094482421875,1470.697315470609,1399.5194396258466,1466.797880944872,4220073
2023-11-23,1427.951171875,1460.9240403548763,1401.938188510914,1431.455818807462,2311047
2023-11-24,1449.966064453125,1463.8857145700454,1417.7336032419205,1435.404703125,1609569
2023-11-28,1470.746826171875,1488.1217136637108,1458.554675322417,1463.885638208665,1138990
2023-11-29,1473.510986328125,1491.6262825005756,1443.6972649250667,1471.4378675102816,1052656
2023-11-30,1480.1253662109375,1485.2588147415145,1451.4962498084756,1468.0320325581736,1277831
2023-12-01,1464.0831298828125,1488.9113868716986,1457.1232450412565,1487.6773732834183,655282
2023-12-04,1478.1014404296875,1494.587813368244,1427.111976088626,1480.8162702584948,1382705
2023-12-05,1459.2457275390625,1486.7395253367224,1453.1743567700237,1482.691984993742,909831
2023-12-06,1443.4996337890625,1468.8710245374466,1437.5270805467007,1468.8710245374466,816079
2023-12-07,1440.2913818359375,1480.8164399461232,1436.3919467477394,1451.7924136213492,949044
2023-12-08,1459.68994140625,1465.5145095338437,1448.6332280694678,1449.176121732489,585545
2023-12-11,1444.5362548828125,1472.2275670191252,1442.3150305031877,1467.982512223299,459643
2023-12-12,1414.3277587890625,1456.1361174492506,1408.8980986900992,1456.0374204583716,794787
2023-12-13,1456.086669921875,1487.6281305077166,1427.161462834108,1433.9238334027157,2930070
2023-12-14,1463.984130859375,1484.66626833992,1457.123064362942,1478.0025957894798,1267288
2023-12-15,1499.178466796875,1530.0782165448034,1449.9166181883654,1474.3994970085698,3236009
2023-12-18,1474.3994140625,1499.1783824568015,1467.3902410837493,1499.1783824568015,1051979
2023-12-19,1482.05029296875,1500.5604964612824,1471.1415648401628,1479.5822658364125,750604
2023-12-20,1448.583984375,1525.1422428607186,1435.1085306103705,1491.1821615867052,1620470
2023-12-21,1497.0067138671875,1505.6448097096084,1407.8615165697452,1446.2640467595943,1600844
2023-12-22,1519.6629638671875,1526.1292429937614,1492.070469430289,1506.82922310414,1501194
2023-12-26,1508.161865234375,1538.0744001678636,1491.6754933592051,1527.5112929916716,754780
2023-12-27,1498.43798828125,1521.2919439222076,1477.0155607009262,1521.2919439222076,1347454
2023-12-28,1486.640869140625,1512.4070486748371,1482.7907226564005,1508.2608112359117,676529
2023-12-29,1494.4891357421875,1505.9901663586518,1472.918602561199,1486.6408576118204,786524
2024-01-01,1471.4378662109375,1496.5130475095175,1469.2166416561072,1494.489216933681,813082
2024-01-02,1449.0775146484375,1479.3355532358717,1439.945813702537,1479.2861444865605,912412
2024-01-03,1443.9932861328125,1469.6607686601578,1436.490507649724,1454.0629092759468,645767
2024-01-04,1453.5693359375,1466.0081690274194,1440.3406859333368,1441.327896821571,702692
2024-01-05,1487.2825927734375,1489.701211214895,1452.088500958017,1460.0848849481972,920923
2024-01-08,1486.83837890625,1499.8696356747273,1472.5238202158462,1494.8841722030306,474520
2024-01-09,1498.191162109375,1507.4709682027585,1487.233145774365,1498.586070551269,527738
2024-01-10,1513.295654296875,1522.6741581045942,1498.5861873808333,1504.3613472027048,867995
2024-01-11,1521.24267578125,1525.9319278263704,1503.5716960606426,1520.304873575886,971670
2024-01-12,1530.47314453125,1542.0234641448094,1522.2792456538386,1529.1897221256784,1117378
2024-01-15,1519.1201171875,1563.7419997858135,1505.5952561212434,1542.0233608998997,971076
2024-01-16,1526.5242919921875,1538.074611538853,1506.0396654264423,1520.3048149998936,658975
2024-01-17,1521.588134765625,1534.4218758447826,1485.752332625553,1510.3831951853583,699537
2024-01-18,1512.5057373046875,1528.5973225561374,1467.883854553722,1509.445407734849,535425
2024-01-19,1528.005126953125,1532.6449701244,1504.4600498453458,1520.7984389543565,451502
2024-01-23,1482.297119140625,1540.2463489213546,1459.4431634316672,1510.4326288945429,1188474
2024-01-24,1487.2825927734375,1495.0814622830223,1466.1562559346985,1482.2971296482206,362720
2024-01-25,1397.34765625,1485.3082461165145,1374.5431079735188,1480.915085192694,3520645
2024-01-29,1389.15380859375,1436.293127933898,1309.5846360711605,1397.3475865610037,3991414
2024-01-30,1438.6129150390625,1466.9952250801489,1348.7273249487705,1400.1116944615887,4649069
2024-01-31,1530.9666748046875,1539.9502696750476,1445.3754195443998,1479.8291032208836,3760276
2024-02-01,1505.1512451171875,1530.9668363521644,1497.0067545302484,1530.9668363521644,799018
2024-02-02,1556.9302978515625,1576.5758190092993,1518.3797842257318,1520.304797291372,1741817
2024-02-05,1573.959716796875,1602.243333947124,1552.5865761331509,1569.566676376957,1490086
2024-02-06,1653.52880859375,1663.4503261014534,1579.6360986251366,1589.3108134138338,2360284
2024-02-07,1633.883544921875,1673.3225745067366,1621.9876046693616,1673.3225745067366,1190359
2024-02-08,1689.117919921875,1698.9900293311202,1631.1192771425588,1648.6422713439692,1760816
2024-02-09,1707.848388671875,1715.9040684240902,1652.0519019909063,1705.0314043960573,1244945
2024-02-12,1688.228271484375,1743.58001809042,1672.8088804898516,1707.8484646766783,1305970
2024-02-13,1570.21044921875,1690.1556856570162,1557.459754618829,1683.8792169609585,1741851
2024-02-14,1618.445556640625,1626.9459793026188,1537.048860604653,1537.048860604653,1125325
2024-02-15,1624.227783203125,1670.3377882178363,1604.4098331886903,1645.726005801432,1207061
2024-02-16,1654.2264404296875,1665.1979230839895,1624.227795106407,1639.7954736537529,732658
2024-02-19,1611.7242431640625,1670.3378380052852,1601.2469722916258,1665.4945359946848,723151
2024-02-20,1600.9998779296875,1626.5506158568808,1592.3511673682522,1625.8092978087575,683799
2024-02-21,1553.5555419921875,1616.122834287597,1541.941559095157,1616.122834287597,931221
2024-02-22,1572.2366943359375,1576.9810572460235,1522.8154932481907,1569.6173465468412,1256999
2024-02-23,1565.3177490234375,1590.769667955,1553.3083728524389,1590.7201984902986,912832
2024-02-26,1572.97802734375,1595.66231059633,1549.848880882803,1562.6489238236304,530867
2024-02-27,1561.66064453125,1587.804534973258,1551.825872772436,1575.5480517192757,372335
2024-02-28,1554.0992431640625,1565.6637567407297,1544.1160633408726,1565.6637567407297,406548
2024-02-29,1552.369384765625,1572.5826076061564,1508.3845161053648,1551.77623383094,894886
2024-03-01,1560.375732421875,1577.4260481777487,1554.7911121153152,1561.7100808278435,313840
2024-03-04,1528.2022705078125,1565.5647447052231,1524.6934378209935,1564.625669542694,656766
2024-03-05,1476.06298828125,1510.2130864847843,1464.0042634826125,1505.369784648298,1654623
2024-03-06,1488.91259765625,1508.7305488413365,1451.0065580936302,1467.8097675538424,786342
2024-03-07,1478.97900390625,1503.9367120062263,1469.3912179051842,1502.4046064144222,389524
2024-03-11,1458.419677734375,1492.5203072713698,1445.0759531329422,1482.6360668258642,903550
2024-03-12,1439.4420166015625,1496.918779554518,1433.2643661846726,1457.925498386003,750703
2024-03-13,1399.2625732421875,1451.797337235349,1339.3640981145588,1443.4945508303665,1901824
2024-03-14,1412.8038330078125,1430.2990103599025,1354.437467675859,1369.01672180732,807970
2024-03-15,1412.8038330078125,1466.6235926874415,1388.1427022483338,1418.9321342574074,3445891
2024-03-18,1367.287109375,1411.4696184978566,1349.7425815540355,1410.530663863292,1584029
2024-03-19,1342.2305908203125,1379.3954371745522,1324.4884247369234,1374.8485893399532,1419084
2024-03-20,1331.950927734375,1373.3164516760094,1322.1655051340265,1356.2166666947317,772885
2024-03-21,1342.4775390625,1358.5888998518294,1314.702846507271,1354.1409914856358,1728137
2024-03-22,1369.6593017578125,1381.273285565811,1313.0226701352826,1343.2684251123228,1426909
2024-03-26,1411.9638671875,1423.8744261956608,1361.4059488966952,1371.9326899938746,1694996
2024-03-27,1464.8443603515625,1476.705448289632,1411.5189340928828,1423.2317343002812,1986064
2024-03-28,1469.193603515625,1481.3511475276498,1455.1085601180034,1477.694026627654,1535307
2024-04-01,1471.516357421875,1489.604566451064,1464.8444948441436,1479.670856127991,605816
2024-04-02,1494.0030517578125,1543.8196513497924,1466.870858028812,1478.6824779554663,1576132
2024-04-03,1488.2208251953125,1511.7947167184802,1476.755129343803,1493.508870193935,947682
2024-04-04,1492.6685791015625,1500.5759713736952,1480.2144604044,1499.3404413311744,827402
2024-04-05,1494.0030517578125,1519.8997153414623,1480.659326188027,1492.322779023032,1231267
2024-04-08,1476.2608642578125,1507.2972845022937,1470.6762439559177,1506.210042122681,726683
2024-04-09,1480.1651611328125,1514.265794227358,1474.4817222837216,1484.4154332306828,640593
2024-04-10,1473.0484619140625,1495.4856403772508,1463.8560696620675,1492.5203681227024,479928
2024-04-12,1457.6783447265625,1472.9989172597116,1436.229591443046,1472.7518112511125,732786
2024-04-15,1411.7659912109375,1437.1189692749645,1394.8144961549262,1401.5851761537024,974699
2024-04-16,1394.419189453125,1420.3653200383771,1388.735751324927,1402.1289450899203,425891
2024-04-18,1381.4215087890625,1403.4634146536523,1373.909509701996,1400.3993240512325,604718
2024-04-19,1392.986083984375,1397.6316288300393,1345.245153350554,1361.0599384009647,723681
2024-04-22,1362.69091796875,1420.3654404266515,1351.4723284962713,1403.463412344254,1104738
2024-04-23,1357.7979736328125,1378.3572406883284,1345.788718796553,1378.3572406883284,1157542
2024-04-24,1355.3271484375,1371.7844346934105,1348.6059366008358,1354.1410877184549,928780
2024-04-25,1358.045166015625,1368.8684816839914,1346.876046720785,1356.117787394102,515923
2024-04-26,1400.0531005859375,1439.1453173242207,1360.0713987899228,1360.0713987899228,1372375
2024-04-29,1491.0377197265625,1511.6958070613807,1390.7126759398564,1422.3422463947784,5381391
2024-04-30,1476.9031982421875,1514.2656763791897,1448.5354756747404,1514.2656763791897,3003671
2024-05-02,1494.69482421875,1512.1900025798443,1460.0506331026545,1482.586629411251,1216214
2024-05-03,1519.454833984375,1536.010936420048,1502.602156078007,1505.3697916137278,1728068
2024-05-06,1496.07861328125,1527.0163342126268,1488.0724026326734,1525.3854104037682,622922
2024-05-07,1492.4215087890625,1506.3582638705916,1468.0568316363492,1506.3582638705916,619783
2024-05-08,1481.894775390625,1492.3720463194686,1469.440656337198,1492.3720463194686,386513
2024-05-09,1479.0283203125,1501.4161494372008,1464.201959389815,1482.6360922684669,740751
2024-05-10,1446.9539794921875,1472.7518228618787,1419.426394048665,1470.7749747775003,635873
2024-05-13,1425.702880859375,1452.8845423679843,1407.2192786391806,1452.8845423679843,390414
2024-05-14,1480.115478515625,1492.5697175085404,1420.5135833886789,1433.1159894566115,665046
2024-05-15,1475.9642333984375,1491.5319124046491,1462.867614551942,1486.589792085217,500621
2024-05-16,1511.69580078125,1531.9090248032312,1484.563487593763,1484.563487593763,1287015
2024-05-17,1499.6368408203125,1522.12348676458,1490.5433883057408,1512.782928250621,464366
2024-05-21,1479.819091796875,1502.1574512136626,1460.0011413153052,1492.520316718296,759410
2024-05-22,1488.91259765625,1501.416186474267,1457.0359208861412,1468.9464793840689,643796
2024-05-23,1487.2322998046875,1489.6538905112543,1464.844470506591,1464.844470506591,619359
2024-05-24,1533.58935546875,1551.7269123287174,1482.6360483444212,1496.8199090754702,1761162
2024-05-27,1533.34228515625,1597.2932732673655,1522.173045069148,1548.86049456062,1682320
2024-05-28,1486.6392822265625,1546.8836814953895,1482.636116449255,1546.8836814953895,543748
2024-05-29,1458.765625,1489.9504523597511,1455.4544285300371,1484.612938303644,675969
2024-05-30,1452.390380859375,1472.6036052214197,1438.1570498428846,1458.7656679720722,574944
2024-05-31,1440.380859375,1475.22280502123,1423.5776515456123,1475.22280502123,619866
2024-06-03,1427.48193359375,1512.2887634958192,1423.3306009372418,1507.3466433536762,795009
2024-06-04,1365.7550048828125,1440.2327369430925,1278.0818351734952,1440.2327369430925,1516268
2024-06-05,1425.999267578125,1435.9824465812026,1309.019310403835,1359.0830105229063,1531081
2024-06-06,1459.21044921875,1473.740234251293,1423.330608532436,1450.0180574424191,1384239
2024-06-07,1507.0501708984375,1517.2309873500662,1441.3694379825629,1467.8592520180848,1811579
2024-06-10,1464.893798828125,1507.0499847905264,1452.9832416793606,1504.3318188622145,2163902
2024-06-11,1461.385009765625,1482.6361275944794,1454.663677724302,1479.3249310409656,856521
2024-06-12,1464.597412109375,1477.6940314516726,1455.4544891722994,1469.7866386412288,445042
2024-06-13,1470.1820068359375,1503.3435624634697,1465.8329167344082,1473.147279088266,1067007
2024-06-14,1462.818115234375,1481.5488232571297,1455.5038738366634,1475.7170972677595,619161
2024-06-18,1493.26171875,1497.4625212022174,1456.3441025072543,1462.8676774780738,881537
2024-06-19,1498.302490234375,1508.2855484627244,1471.3185875373845,1504.134215942334,602415
2024-06-20,1534.6270751953125,1542.2380123744067,1489.5549650170192,1508.3350209794105,932609
2024-06-21,1570.3587646484375,1619.681150608969,1537.3453760863006,1556.4713579947886,2620495
2024-06-24,1590.8685302734375,1603.2238310677326,1544.5114175617953,1574.0158517271252,946346
2024-06-25,1560.7711181640625,1612.1197017249635,1556.7679523095142,1592.3512197908744,576522
2024-06-26,1574.2137451171875,1611.1313629527856,1566.6028067751497,1566.6028067751497,845281
2024-06-27,1543.02880859375,1594.5256790782676,1532.0573254269782,1571.5942886638036,886087
2024-06-28,1615.8262939453125,1679.0359667393388,1547.674500662082,1561.0182259829337,4102178
2024-07-01,1643.551513671875,1699.545638047835,1625.9575177999625,1630.899637914856,2009863
2024-07-02,1644.3424072265625,1685.263191551701,1617.0619245622188,1667.125632360585,1000624
2024-07-03,1701.324951171875,1715.8053881048725,1655.6598068455812,1658.2790341371372,2052388
2024-07-04,1721.48876953125,1753.563081666958,1705.031484979566,1714.8662560068449,1335556
2024-07-05,1674.3409423828125,1726.6780704486273,1660.6512928400412,1726.6780704486273,847290
2024-07-08,1663.46826171875,1681.210546397575,1634.6063267667755,1674.340926628461,836199
2024-07-09,1699.6446533203125,1729.5444813584545,1671.721673416924,1711.9504846962573,868757
2024-07-10,1681.507080078125,1713.8286214924276,1641.673660071728,1709.9737432576817,731828
2024-07-11,1690.0567626953125,1720.401452076859,1676.3671143422998,1693.269140715131,895755
2024-07-12,1843.9547119140625,1906.3736001432032,1683.1875006030357,1698.5080748500905,6254949
2024-07-15,1819.1943359375,1869.455671209708,1805.949430468613,1860.5105065813664,1700105
2024-07-16,1847.0679931640625,1864.019489929144,1796.2136235260532,1826.6076633793623,1784986
2024-07-18,1836.78857421875,1860.2141773927333,1791.0244896044812,1838.4688469449973,1095617
2024-07-19,1798.63525390625,1886.901572699289,1789.047588572925,1828.634021323304,1929316
2024-07-22,1804.2694091796875,1832.4394965434844,1750.4496435587205,1779.1634124503291,860662
2024-07-23,1773.72705078125,1809.606893941532,1685.8067751840215,1804.26937966006,1082313
2024-07-24,1832.3900146484373,1863.6736619033225,1770.2181139146458,1789.0476414982834,2107689
2024-07-25,1753.414794921875,1826.4593563352933,1741.652645254759,1826.4593563352933,1828473
2024-07-26,1768.2410888671875,1793.9895826552408,1757.5661819267164,1784.1053425304185,621852
2024-07-29,1778.6690673828125,1817.711817125308,1753.6618908038402,1779.1632794048694,982427
2024-07-30,1815.63623046875,1820.627699716306,1766.8080564145723,1779.1633575083806,690502
2024-07-31,1821.2701416015625,1887.889947112801,1808.9148409005625,1818.700263187201,1678695
2024-08-01,1819.1448974609373,1877.906776491304,1809.8043389498923,1851.8123588326723,1107361
2024-08-02,1802.8359375,1853.2455623657625,1779.6079731010702,1797.1524994023896,700480
2024-08-05,1705.674072265625,1764.238200189567,1692.1820591694209,1749.0659143862886,990245
2024-08-06,1672.364013671875,1774.171690245817,1665.494514826138,1739.3792121455765,893983
2024-08-07,1719.11669921875,1729.742258808574,1680.3210514140433,1709.9737758507615,527624
2024-08-08,1688.52490234375,1751.4874679103648,1684.274630541344,1751.4874679103648,590227
2024-08-09,1742.5889892578125,1749.2292629052884,1715.3835391410637,1726.4837305770566,542188
2024-08-12,1787.3863525390625,1811.6186453195023,1700.7153311706852,1727.4748381296645,1157547
2024-08-13,1733.0745849609375,1805.2756769120367,1724.997153810267,1788.9226444283436,537720
2024-08-14,1771.628173828125,1777.5747312685376,1726.781219798347,1754.2344449217098,676739
2024-08-16,1799.22998046875,1839.418722865631,1777.723193077187,1783.9671264128374,1030355
2024-08-19,1818.1102294921875,1829.012250837408,1784.958222067428,1815.583015315604,590083
2024-08-20,1811.569091796875,1882.085374221963,1804.8297328202243,1824.6515903686388,1145083
2024-08-21,1814.0467529296875,1838.4772155977096,1801.8067805696155,1825.5930086959468,369853
2024-08-22,1816.0784912109373,1852.302860865933,1812.8574395749429,1830.5484220560347,419630
2024-08-23,1810.2310791015625,1837.7339055155064,1791.9454645276592,1826.5841110233669,385173
2024-08-26,1830.152099609375,1845.910500697842,1805.6721537114488,1828.5663751879288,543244
2024-08-27,1840.310791015625,1891.9963089318708,1810.528522545508,1823.6109001752973,1048434
2024-08-28,1830.5980224609373,1903.8892873414995,1826.1875868681807,1847.396997191336,1230446
2024-08-29,1841.3017578125,1859.290116558966,1821.9754479655385,1830.54842499169,466882
2024-08-30,1798.982177734375,1852.3525025271167,1790.9047469590696,1850.370316863632,837332
2024-09-02,1750.5673828125,1808.0507692113672,1748.2878208207178,1798.9822452639082,1040685
2024-09-03,1753.5406494140625,1763.6993512512097,1735.4036016433165,1751.261087437887,510324
2024-09-04,1734.1151123046875,1758.892433569731,1729.4570243000649,1744.323417059091,394125
2024-09-05,1707.5538330078125,1741.7465350822142,1700.1701189555636,1736.394609691358,714635
2024-09-06,1714.8880615234375,1733.074591705231,1700.3685266105665,1712.6084995024205,697793
2024-09-09,1734.8089599609375,1749.278891467122,1691.9441939235703,1702.9453004325114,387867
2024-09-10,1740.705810546875,1759.140112382231,1712.6083539367023,1756.9101535880427,636244
2024-09-11,1773.412109375,1781.9850874126057,1725.1459320969116,1734.4126267920242,584091
2024-09-12,1821.67822265625,1833.4721305344203,1786.4448241936504,1787.4359170226069,1070697
2024-09-13,1809.78515625,1843.383107247792,1800.07239787788,1829.55741031387,424813
2024-09-16,1742.1925048828125,1815.6820623338097,1732.479867750528,1815.6820623338097,724800
2024-09-17,1725.641357421875,1752.698119910635,1715.6313437322676,1742.341247916623,613375
2024-09-18,1711.8651123046875,1743.7287713894625,1700.7153178259337,1724.5015460472753,578778
2024-09-19,1661.517578125,1735.4035992921822,1651.2597912121375,1724.501577823185,764506
2024-09-20,1647.1961669921875,1680.794235750181,1611.6159127143478,1666.522475810688,1393739
2024-09-23,1677.8211669921875,1681.537765306018,1633.3210723179882,1665.0360445960075,921087
2024-09-24,1646.1060791015625,1686.74088447883,1615.481286949898,1682.8755983073172,2478741
2024-09-25,1640.010986328125,1663.4007547148983,1635.4519831567827,1657.1073389579242,793279
2024-09-26,1667.4639892578125,1671.2301901922929,1640.0603708425458,1640.0603708425458,515725
2024-09-27,1656.1162109375,1698.435828736412,1646.2052820868869,1684.857904604279,932127
2024-09-30,1613.4991455078125,1637.929608240513,1610.5258669841494,1623.2119037449836,990112
2024-10-01,1657.602783203125,1660.080515315536,1613.7965278488994,1626.8789050092255,581017
2024-10-03,1661.12109375,1698.039299614706,1625.4417538539085,1652.6968051634228,2440970
2024-10-04,1676.185791015625,1682.2810362704663,1629.1088804032129,1659.1885243558038,631401
2024-10-07,1690.7547607421875,1704.2832020346589,1627.1762526421487,1683.8667139840152,1056320
2024-10-08,1698.733154296875,1712.0633048099078,1670.536610951606,1684.857854320121,604128
2024-10-09,1726.0377197265625,1752.1033878597154,1698.7826676398197,1714.045400021989,668805
2024-10-10,1716.3250732421875,1759.0411516335666,1710.0316577303524,1734.4125180735257,500994
2024-10-11,1773.11474609375,1780.9938860109426,1705.7204309859346,1719.5461281185226,779711
2024-10-14,1775.740966796875,1785.7014980849058,1742.3907900100594,1774.0561573869743,395373
2024-10-15,1774.303955078125,1785.1563732723268,1744.4224817846894,1783.9671102586929,428986
2024-10-16,1745.760498046875,1798.8335699501822,1734.4621360468248,1783.967176810098,498761
2024-10-17,1776.236572265625,1806.6631956054764,1739.3679663297892,1745.7604668726672,863815
2024-10-18,1770.438720703125,1786.395291682655,1753.2432836384914,1764.1453051874023,344483
2024-10-21,1710.6759033203125,1781.5885258552291,1699.724278670946,1774.0562442104915,512449
2024-10-22,1674.8477783203125,1729.4073653935102,1666.0270280383202,1719.347870071299,719299
2024-10-23,1619.9908447265625,1727.623502602581,1606.5614883951991,1657.5531664535258,1734704
2024-10-24,1398.2833251953125,1585.7485622334511,1381.038285384421,1585.7485622334511,10867415
2024-10-25,1361.3651123046875,1423.209330238681,1326.5281744883844,1422.2182373903258,4221806
2024-10-28,1373.9024658203125,1410.3251281242956,1359.8289957178297,1373.605089571564,1600468
2024-10-29,1356.558349609375,1373.6050983765572,1297.3901543703037,1373.6050983765572,3516672
2024-10-30,1372.9610595703125,1395.805678605153,1349.125226640318,1356.8061967093447,1052040
2024-10-31,1380.840087890625,1417.16366437231,1365.7755252406305,1382.5745003462566,1490812
2024-11-01,1411.56396484375,1415.52833616857,1403.932598436676,1412.3072844671535,264384
2024-11-04,1391.097900390625,1427.1241012999967,1378.1146082491737,1417.3123788690998,1188723
2024-11-05,1377.6190185546875,1409.8295351755703,1365.7259047254383,1398.4815707900327,1105342
2024-11-06,1474.7957763671875,1490.554056029676,1382.376367319391,1395.904688050431,2696087
2024-11-07,1428.7099609375,1506.4611474227927,1422.218254310334,1497.4422265920618,1185243
2024-11-08,1409.680908203125,1445.2115631126,1403.3874927254296,1438.719977455692,669624
2024-11-11,1394.91357421875,1412.2576989803467,1388.5210737712523,1409.6808817837978,374499
2024-11-12,1378.015380859375,1418.2041191964122,1372.6634558241824,1417.2626294791196,503631
2024-11-13,1345.8544921875,1434.5573025869794,1327.073331004503,1385.5478093684058,1283088
2024-11-14,1344.86328125,1355.5671315225238,1329.0554000158688,1342.9306987483235,1185496
2024-11-18,1313.9412841796875,1344.318302802167,1311.4635521710516,1338.2230578643207,864715
2024-11-19,1293.5743408203125,1328.064420430673,1290.2047219130936,1310.3238341999588,1566382
2024-11-21,1278.7080078125,1309.531093707579,1271.8199605688844,1296.7954531897703,1017236
2024-11-22,1296.79541015625,1304.6746710188006,1273.6039339134622,1273.6039339134622,1208515
2024-11-25,1354.031005859375,1366.5188725796047,1296.795393662708,1296.795393662708,1165869
2024-11-26,1378.95703125,1407.3022629457123,1354.1797096658083,1362.7526871305415,1315079
2024-11-27,1400.6619873046875,1411.8117820028497,1365.6763608808037,1392.485471192702,1031365
2024-11-28,1398.531005859375,1410.1763460926384,1383.6646140722305,1407.351755849682,933891
2024-11-29,1356.60791015625,1396.4497934133044,1343.9218735758984,1389.5121436234583,1813988
2024-12-02,1329.30322265625,1357.6484526389354,1328.0643566519104,1348.8773055248137,1447488
2024-12-03,1417.95654296875,1431.0390416478724,1353.585108445232,1362.604029507169,5284048
2024-12-04,1444.1710205078125,1449.9688896841772,1413.893084500216,1437.0846821886923,2059361
2024-12-05,1479.8006591796875,1484.657038174055,1445.954815321107,1451.4554288423924,2083780
2024-12-06,1467.90771484375,1490.3559939112372,1461.366525700495,1486.540310326257,1481294
2024-12-09,1520.435546875,1539.5636876492,1467.3625963040745,1468.7996325716158,2490954
2024-12-10,1525.09375,1530.9411011207098,1504.4789700020228,1526.3326160820177,912142
2024-12-11,1535.0540771484375,1542.0413298638691,1513.4483264439784,1528.562491821847,816840
2024-12-12,1527.47216796875,1549.424897584776,1518.6019358425915,1536.1938329619952,1055627
2024-12-13,1519.4444580078125,1531.2880904191231,1493.6760433334175,1527.0759457127317,800589
2024-12-16,1520.683349609375,1541.1494419580258,1506.6593610373975,1521.3275841836462,884651
2024-12-17,1497.7890625,1536.1939102564102,1493.081371484698,1520.336424731183,1006052
2024-12-18,1507.10546875,1524.796453125571,1496.4016168509372,1506.46123415721,853116
2024-12-19,1499.6722412109375,1508.4433891523086,1451.951094026368,1451.951094026368,751957
2024-12-20,1438.323486328125,1522.2195195636084,1426.0835139313408,1502.4967478197673,1208534
2024-12-23,1402.94140625,1461.713134388472,1395.508210542377,1454.329541712101,935669
2024-12-24,1420.5333251953125,1433.1201550658284,1402.3962789890368,1402.5449671021383,530205
2024-12-26,1439.264892578125,1443.6753280568712,1413.892941503506,1420.2359595179123,817454
2024-12-27,1447.5902099609375,1458.393146352746,1437.084649820919,1443.0312069925917,412095
2024-12-30,1457.05517578125,1467.709423905275,1425.1915164974478,1447.986652018617,829082
2024-12-31,1451.653564453125,1455.7171416878612,1415.3301104026234,1455.7171416878612,615533
2025-01-01,1479.8006591796875,1485.895904193893,1445.5088719471692,1454.924253697939,966551
2025-01-02,1471.326904296875,1486.6392400764582,1459.7806486690124,1486.6392400764582,507047
2025-01-03,1437.0350341796875,1480.6431197227805,1431.1380800960433,1475.6381734036656,855167
2025-01-06,1438.7694091796875,1452.8429999189293,1419.8891634070476,1441.693205610398,1091378
2025-01-07,1460.474365234375,1470.6330667080908,1430.3947221405117,1439.017181339632,876238
2025-01-08,1415.577880859375,1459.8796801951073,1405.3695767255006,1458.095664779263,924955
2025-01-09,1417.411376953125,1441.643547260686,1401.2565160927468,1422.2181527851003,864314
2025-01-10,1357.4503173828125,1387.480357510519,1345.854458694164,1387.480357510519,1963609
2025-01-13,1298.5299072265625,1369.541739788422,1290.9481431058746,1339.957640053375,1057072
2025-01-14,1312.1573486328125,1323.1089731709922,1295.358372984634,1305.2196985862229,566294
2025-01-15,1330.145751953125,1357.797267957029,1300.8094264186864,1331.830682466679,640880
2025-01-16,1308.0938720703125,1366.7170382634968,1300.8093638294702,1366.7170382634968,1195665
2025-01-17,1302.940185546875,1315.774789030206,1288.420651698441,1315.1801575414083,1228331
2025-01-20,1322.2169189453125,1332.0287621488144,1294.2681495612874,1318.1038595084442,696049
2025-01-21,1300.6112060546875,1327.0733369722805,1292.385086939398,1318.1535012495392,781994
2025-01-22,1283.6634521484375,1314.585622651234,1257.647264000493,1308.242604010941,1085424
2025-01-23,1332.7225341796875,1352.693079711045,1283.663437104237,1291.6913861393602,1519850
2025-01-24,1311.11669921875,1360.027105071542,1303.9312763644823,1333.0198260675706,1437157
2025-01-27,1289.9073486328125,1315.4775926424045,1265.377800512442,1288.42070935279,2003383
2025-01-28,1247.885009765625,1301.8500891851097,1238.8660888355057,1279.5008965493105,1365219
2025-01-29,1357.8468017578125,1392.3863632367377,1212.3543236037046,1251.7502642235677,9955740
2025-01-30,1420.1864013671875,1465.826273907407,1398.0851041746166,1407.3517978015673,5161240
2025-01-31,1396.64794921875,1419.244913837864,1378.5110232588122,1417.2627282040123,1618605
2025-02-01,1403.83349609375,1411.2666928770125,1368.897471212416,1402.3964597755275,541837
2025-02-03,1401.0089111328125,1420.929854395264,1380.146478000579,1407.3519299432453,828289
2025-02-04,1409.646728515625,1464.4519320003556,1406.7177519332088,1409.8452497901728,1523505
2025-02-05,1421.114013671875,1430.99293131097,1399.5195536693798,1416.19946090887,1390475
2025-02-06,1424.2911376953125,1438.3398497105682,1412.277571580193,1429.7021145805838,489797
2025-02-07,1437.4464111328125,1443.3538124796696,1413.2208783640183,1435.6592349754787,541048
2025-02-10,1427.666748046875,1444.1481335212754,1407.8594648448184,1437.3470229285654,467753
2025-02-11,1370.478759765625,1426.6739752658486,1352.7564336631608,1421.2629980101392,866368
2025-02-12,1343.4732666015625,1378.0243292592736,1312.893477617317,1370.4787032441886,962838
2025-02-13,1330.7647705078125,1354.7917824830497,1322.4745078549497,1350.2742722843327,637262
2025-02-14,1333.04833984375,1343.5725118917749,1299.1425322818309,1332.3037033139744,595239
2025-02-17,1301.029052734375,1340.941524818233,1294.6747963655018,1331.4598917810576,794453
2025-02-18,1319.9427490234375,1323.7653137464797,1284.7463085998584,1295.6676450717273,537675
2025-02-19,1326.694091796875,1344.664629249845,1306.588905373012,1319.2477264547035,497257
2025-02-20,1332.45263671875,1338.8564623086947,1318.5527550188451,1325.94942930164,385983
2025-02-21,1300.731201171875,1335.3816488651728,1284.7463595773484,1332.4031024364774,1595171
2025-02-24,1272.5341796875,1294.228021582138,1244.2379906395608,1293.7315972128758,1341968
2025-02-25,1276.3070068359375,1285.739069508004,1256.003299352377,1261.0171125806964,534756
2025-02-27,1242.9969482421875,1286.1858690116824,1231.678569412206,1283.6541774091263,530052
2025-02-28,1188.8370361328125,1231.628790089938,1183.4756290102423,1225.1752736565766,979584
2025-03-03,1196.432373046875,1204.3254717239158,1134.1311171930615,1186.4045042304522,1100500
2025-03-04,1205.9637451171875,1213.5093712944376,1152.9455982128582,1152.9455982128582,902775
2025-03-05,1272.5838623046875,1288.717654200495,1206.013306341814,1210.2826043685695,1466330
2025-03-06,1317.311767578125,1321.9284172993252,1280.8245760821233,1290.703372647676,1600892
2025-03-07,1296.0648193359375,1320.737087235386,1286.9802287756957,1317.31180742945,708924
2025-03-10,1245.0322265625,1304.950619287183,1241.0608319004186,1296.6106662573427,621553
2025-03-11,1259.8258056640625,1268.8607050678756,1216.2894121279269,1232.1253012435318,673514
2025-03-12,1225.076171875,1274.7186124145708,1220.7573037875302,1265.8822337590543,536599
2025-03-13,1197.822265625,1237.5859045385732,1191.4184399889996,1233.1180853886144,483157
2025-03-17,1241.3092041015625,1249.599467288003,1206.360975048514,1206.360975048514,1351602
2025-03-18,1241.3092041015625,1241.3092041015625,1241.3092041015625,1241.3092041015625,0
2025-03-19,1254.067138671875,1268.2649232205097,1231.1820494038168,1247.96109507376,1069437
2025-03-20,1272.4349365234375,1299.6390165719788,1256.0033623936731,1263.8964614943689,937523
2025-03-21,1313.93603515625,1318.5031150804614,1254.2161597329766,1270.8463759811675,1028101
2025-03-24,1374.6488037109375,1389.4918442433827,1321.4817039570864,1322.2760314466727,1342704
2025-03-25,1333.2469482421875,1403.8881625565523,1328.3819650235591,1389.9882797589628,1115012
2025-03-26,1356.8768310546875,1365.1670942603598,1329.2755860517875,1334.2895209496526,946785
2025-03-27,1324.609130859375,1339.402600879782,1302.6175076905256,1325.453028023515,980944
2025-03-28,1298.10009765625,1339.3530132214446,1290.7034226744831,1325.453130208027,673910
2025-04-01,1261.5135498046875,1303.5606685376474,1250.7411655140313,1297.2561034530345,745532
2025-04-02,1302.5677490234375,1319.297345876825,1257.3931350622668,1269.9526948315995,745673
2025-04-03,1202.4390869140625,1275.760942254055,1191.7659629400714,1272.633565675375,4334432
2025-04-04,1125.8905029296875,1196.3330745414503,1107.5228007213989,1192.361679469388,2596684
2025-04-07,1057.6817626953125,1077.141572867408,1013.3013533341988,1013.3013533341988,2787712
2025-04-08,1105.2391357421875,1118.5433326986567,1053.5117421789982,1082.2050941439363,2319254
2025-04-09,1070.638427734375,1102.0621149821204,1055.4974842627737,1102.0621149821204,1492684
2025-04-11,1110.9481201171875,1130.408053622274,1092.183374690283,1121.919147874016,1271330
2025-04-15,1143.563232421875,1157.5623754801943,1121.9190813123057,1121.9190813123057,962970
2025-04-16,1140.981689453125,1161.136566752133,1135.123979019953,1145.846672373301,853859
2025-04-17,1128.07470703125,1143.7617658402944,1108.1184712938204,1131.847580779458,1419614
2025-04-21,1157.7608642578125,1173.547183092178,1128.8689908424758,1131.8475369924558,1225396
2025-04-22,1157.264404296875,1172.554298302525,1148.7259298357508,1159.6472653830224,765770
2025-04-23,1220.11181640625,1229.742400512562,1171.4622291199191,1173.4479265601774,2944078
2025-04-24,1204.9212646484375,1228.8488961952198,1199.3613356761662,1226.1682529470738,1137209
2025-04-25,1212.268310546875,1224.9768228874063,1169.178651026704,1211.2754618076883,1750752
2025-04-28,1222.3953857421875,1267.867908950931,1186.8514716630768,1212.2683765302168,5815225
2025-04-29,1255.755126953125,1265.8821355586522,1184.2700181215776,1220.2110938051635,4067879
2025-04-30,1244.63525390625,1277.7964286642834,1231.132534221998,1259.925149941706,2214690
2025-05-02,1227.6573486328125,1269.7541553890878,1224.2816390028452,1244.6350362102633,1083460
2025-05-05,1249.599365234375,1257.9393186583206,1224.2817230672183,1224.7781474234373,703377
2025-05-06,1232.5224609375,1262.3079233999947,1227.1610534547794,1254.9608184197746,894504
2025-05-07,1273.824951171875,1276.9027580692955,1203.3326896495032,1203.3326896495032,1379368
2025-05-08,1264.0948486328125,1307.1845041436056,1252.9749922675376,1274.2219775486274,1347598
2025-05-09,1235.3023681640625,1256.9465194261734,1226.3667294003692,1227.061796244849,874619
2025-05-12,1315.6239013671875,1326.942401760849,1277.2007018490167,1290.7034210917348,1900130
2025-05-13,1336.4736328125,1345.3100106273089,1305.596061974104,1320.4887927190557,1308106
2025-05-14,1341.8349609375,1368.7411353228226,1336.5728145725325,1339.3528392931464,987041
2025-05-15,1383.23681640625,1391.8746731646445,1343.32434552804,1343.32434552804,2261019
2025-05-16,1355.0400390625,1393.959662059872,1351.8628503052018,1393.959662059872,1270996
2025-05-19,1335.977294921875,1357.720707456259,1326.6444921448606,1355.0400642276115,777521
2025-05-20,1308.2767333984375,1352.0614596959233,1301.128270964792,1344.3171910616772,996510
2025-05-21,1322.0772705078125,1329.2258536814484,1299.4403934513357,1303.709570032576,544598
2025-05-22,1310.7587890625,1323.2687794857804,1299.7381928681646,1320.389494051893,418410
2025-05-23,1319.4959716796875,1340.3457951599537,1310.7588543137765,1310.7588543137765,633833
2025-05-26,1325.949462890625,1335.0836226172948,1319.5952068559466,1326.4458872496257,461591
2025-05-27,1320.290283203125,1350.274266224161,1311.9503296722696,1325.9494724576227,767481
2025-05-28,1322.176513671875,1335.381449345081,1311.5530814757262,1320.4887194267342,534000
2025-05-29,1336.67236328125,1351.267191893291,1325.453123569099,1325.453123569099,1367054
2025-05-30,1328.2330322265625,1342.3314352121283,1316.517369150357,1340.3457378227613,750022
2025-06-02,1322.0772705078125,1328.2330050071112,1313.538796147983,1328.2330050071112,425981
2025-06-03,1311.6524658203125,1342.331516585291,1307.2839070594096,1320.7867470835383,697264
2025-06-04,1308.87255859375,1321.4816892686097,1301.6247142232512,1315.5245967550022,488279
2025-06-05,1311.0567626953125,1319.4959769951308,1300.0361659079622,1309.5674895835798,609136
2025-06-06,1309.26953125,1315.524526534349,1300.631796045281,1311.0567073876286,508183
2025-06-09,1343.721435546875,1354.444128634672,1303.4118031444943,1306.0924461171062,1104628
2025-06-10,1359.90478515625,1381.052510466926,1344.7142731082004,1350.27420146299,1528737
2025-06-11,1372.116943359375,1386.0168255641731,1349.976368225647,1359.9048555147888,1193380
2025-06-12,1351.5650634765625,1381.4497868690812,1345.3100678188305,1378.3719799570854,685439
2025-06-13,1342.827880859375,1351.068573634902,1320.4887848746534,1330.4172719789742,589415
2025-06-16,1395.746826171875,1404.88098622528,1335.381573479153,1336.4736828685493,2803923
2025-06-17,1390.5838623046875,1414.9086554078804,1377.7760898598626,1404.8809077966464,1642441
2025-06-18,1411.6324462890625,1414.7102532728363,1380.854134056601,1387.6054330536922,1428464
2025-06-19,1383.0382080078125,1424.2414281315198,1338.4592781405245,1421.2628820984808,2691020
2025-06-20,1384.5274658203125,1397.9309228218,1368.4433658974665,1376.0882521527094,1659325
2025-06-23,1380.3575439453125,1402.7958994782234,1365.1669109302052,1380.0596408676256,907773
2025-06-24,1296.759765625,1356.8271167365538,1292.0934248440385,1356.8271167365538,5151483
2025-06-25,1286.13623046875,1302.6174946524743,1275.8105797472786,1299.4404272907989,2330802
2025-06-26,1266.775634765625,1288.221141670732,1253.7693415053743,1285.73902001048,2513780
2025-06-27,1258.03857421875,1285.9375986863083,1253.0743306765742,1267.371376317511,1467520
2025-06-30,1249.6986083984375,1275.314153300224,1246.8194441304945,1263.8963932667848,1414394
2025-07-01,1238.3802490234375,1259.428593274027,1226.168161366514,1255.9536227762271,1520826
2025-07-02,1232.720947265625,1254.067194758666,1230.3380860966986,1240.0680520375845,1581126
2025-07-03,1252.577880859375,1256.9464393271542,1229.841621658932,1231.1323734325997,1025367
2025-07-04,1254.76220703125,1260.9178203524566,1243.6422291254808,1256.8471650144104,573508
2025-07-07,1259.7265625,1262.407205688661,1248.110159221964,1254.7623186711023,720422
2025-07-08,1262.208740234375,1265.3858079464285,1251.4859246108067,1259.8258788516528,480241
2025-07-09,1250.5921630859375,1266.6763842917003,1248.010780778054,1262.2085652674352,394008
2025-07-10,1244.238037109375,1254.8615917267657,1234.706713103038,1250.691554150808,676226
2025-07-11,1259.329345703125,1268.3642448516384,1231.033157070427,1231.1324177033516,1095318
2025-07-14,1258.1378173828125,1262.5063758787471,1245.1315237223544,1259.329308534804,463763
2025-07-15,1282.661376953125,1287.2284571509022,1256.5494052786007,1258.1379391042587,1130498
2025-07-16,1277.20068359375,1291.596990777081,1274.1228766423028,1283.7534612446218,456473
2025-07-17,1272.9312744140625,1287.7247440555584,1265.8820729921642,1274.817711154462,395385
2025-07-18,1264.690673828125,1277.8954883111178,1256.847145160756,1275.8105303608922,334579
2025-07-21,1255.5565185546875,1265.981430542145,1247.3159465592078,1264.6907998716367,410123
2025-07-22,1247.0179443359375,1264.5913175247897,1242.3516040104353,1255.5564187599143,414910
2025-07-23,1264.988525390625,1274.6192306586106,1250.989382728138,1250.989382728138,752865
2025-07-24,1244.03955078125,1274.2221786470195,1242.0538531742568,1264.9886362955556,554957
2025-07-25,1218.4239501953125,1250.9894380130072,1216.2397314015348,1244.039496690713,815783
2025-07-28,1190.088623046875,1227.0045161137768,1177.3176707822754,1218.3242195331604,1380560
2025-07-29,1215.63037109375,1224.7096607168746,1185.399199998029,1190.088589086244,504050
2025-07-30,1265.616455078125,1279.983745462015,1189.4898509629186,1215.630366390246,4133160
2025-07-31,1223.6121826171875,1260.8273195081003,1209.2448922125334,1237.0814945353964,1955639
2025-08-01,1203.75732421875,1229.398852983946,1199.267553842468,1223.6121109079832,715193
2025-08-04,1214.2335205078125,1217.2267009199106,1192.3832791409316,1201.7619354574035,363103
2025-08-05,1207.548828125,1216.4284994561117,1198.1701715872778,1216.229002807728,336953
2025-08-06,1206.251708984375,1211.3400913386477,1192.3832820163127,1201.5624417112424,486218
2025-08-07,1206.7506103515625,1212.23810795961,1190.8867292715504,1192.2835712030733,392195
2025-08-08,1188.0931396484375,1206.2517189586422,1184.601095797027,1206.2517189586422,1236355
2025-08-11,1196.3741455078125,1206.052168252175,1183.1044525429545,1188.093086392785,628290
2025-08-12,1216.6280517578125,1224.2107508765607,1188.4920836742,1189.2903138099923,743202
2025-08-13,1213.23583984375,1224.1110867798625,1204.256298265959,1216.7278837906688,455057
2025-08-14,1210.2425537109375,1227.203908544479,1203.258466426538,1213.135985658752,704643
2025-08-18,1205.7528076171875,1226.6053215737647,1198.2698568045032,1212.3377799737857,663130
2025-08-19,1196.7733154296875,1211.2403542573077,1189.190615988948,1205.752856770969,596405
2025-08-20,1211.8389892578125,1218.6235804519654,1190.8867257258316,1199.167907172269,1116352
2025-08-21,1211.340087890625,1222.2153344084154,1205.453475390828,1211.8389512924243,560998
2025-08-22,1193.8798828125,1215.829872748789,1189.7892272283927,1209.74376353411,858810
2025-08-25,1200.265380859375,1234.6869566196813,1197.2722003584788,1210.6417642877138,1881697
2025-08-26,1197.3719482421875,1215.0317862666654,1188.492155067568,1197.2721999174264,921540
2025-08-28,1181.7076416015625,1203.358264358744,1173.3267121561682,1201.263062445601,1213402
2025-08-29,1187.793701171875,1194.6780401361384,1164.8459858195415,1177.3175702501576,730129
2025-09-01,1222.7142333984375,1225.2085504800336,1184.0023835749346,1189.290384505049,540595
2025-09-02,1203.3582763671875,1226.7051079863295,1201.76193783614,1222.7142007622997,1018542
2025-09-03,1213.6348876953125,1217.1269314487477,1200.3650727151305,1207.3491602220008,643844
2025-09-04,1222.1156005859375,1224.210802539788,1213.1360592470148,1218.2244416471729,504560
2025-09-05,1230.1971435546875,1246.5598874220086,1217.2266951636,1227.1042148353772,1009918
2025-09-08,1228.1019287109375,1235.3852611935945,1215.1314804563426,1230.197130608885,462820
2025-09-09,1237.580322265625,1251.6482455050048,1226.5055793662332,1231.1948465150865,963684
2025-09-10,1285.5709228515625,1288.963218174577,1237.5802903306844,1238.1789020246713,1543794
2025-09-11,1258.432861328125,1287.0675717657853,1254.1425873717767,1285.5709815660575,622590
2025-09-12,1250.0518798828125,1269.0086882912735,1247.158447925063,1262.6232126793336,454361
2025-09-15,1248.9544677734375,1253.9431018166406,1238.0792212006902,1243.1676035661926,347973
2025-09-16,1245.362548828125,1257.0360255180467,1241.1721449657875,1253.1448666214062,742090
2025-09-17,1293.951904296875,1296.0471062070055,1256.1380344223403,1259.1312148061902,1588234
2025-09-18,1298.441650390625,1324.9811582684624,1291.058447891107,1300.2374855113817,1993365
2025-09-19,1282.2784423828125,1306.8226192452212,1277.98829019261,1302.0334818591846,714104
2025-09-22,1259.5302734375,1268.110699128112,1247.158437380126,1254.1425246294546,761244
2025-09-23,1246.859130859375,1272.1016675682504,1243.7662021438518,1259.5303342708462,1018057
2025-09-24,1237.77978515625,1246.8590742481017,1235.185719957552,1246.8590742481017,391064
2025-09-25,1252.845458984375,1277.090268263059,1231.993066882147,1236.183470607758,1018183
2025-09-26,1210.0430908203125,1257.0359979286516,1205.2539535460478,1257.0359979286516,643346
2025-09-29,1207.0499267578125,1225.6076208085362,1201.8616743418884,1213.1360358560578,428466
2025-09-30,1095.2047119140625,1217.2267540949772,1063.7763162140693,1212.936479933085,5978196
2025-10-01,1150.5784912109375,1160.6556292741177,1103.0867201302233,1107.4767423865362,3024116
2025-10-03,1155.0682373046875,1157.9616693072553,1139.4039756732425,1150.5784668226129,589353
2025-10-06,1154.070556640625,1166.1431485201413,1145.4901304017344,1155.1681535699076,733234
2025-10-07,1167.8392333984375,1170.333550428336,1141.4992212041454,1157.363101872864,645531
2025-10-08,1158.1612548828125,1181.308466661072,1148.882347432622,1167.3402922242012,1506566
2025-10-09,1159.7576904296875,1166.043296376917,1142.6965860117418,1158.1613518617955,575948
2025-10-10,1151.4764404296875,1173.2269327239608,1148.2837634841146,1159.757621334444,739324
2025-10-13,1152.37451171875,1157.0637791964914,1133.1183347971407,1142.3972432190203,415973
2025-10-14,1153.9708251953125,1187.2949256174256,1139.4040378614286,1157.1636241214078,599444
2025-10-15,1163.14990234375,1167.3403060071616,1145.4900656643615,1153.3721314053666,411190
2025-10-16,1159.2587890625,1170.832395541844,1147.4855641481888,1167.340351754544,693986
2025-10-17,1142.1976318359375,1160.6555767063935,1138.4062214697444,1157.3630297150776,804419
2025-10-20,1143.9935302734375,1151.775848069696,1139.404011328926,1142.3971917439756,312821
2025-10-21,1149.7803955078125,1152.6738276035628,1145.3903732031729,1149.3812804268773,78204
2025-10-23,1158.36083984375,1176.5194192792094,1154.4696808810588,1157.263364698587,1191842
2025-10-24,1176.0205078125,1177.7167164155528,1158.360792509458,1167.0409667852948,467315
2025-10-27,1204.2562255859375,1211.2403130582668,1178.6146960117992,1186.197395194621,708504
2025-10-28,1187.59423828125,1226.006719418962,1177.517100340737,1220.2198553616074,812079
2025-10-29,1191.385498046875,1195.975016777722,1159.657860200119,1187.993202709182,446515
2025-10-30,1168.8369140625,1196.8730120130751,1163.4491651320732,1192.6826082854204,879409
2025-10-31,1164.0478515625,1178.4151423683325,1158.7599724041324,1167.3403988404627,385752
2025-11-03,1161.35400390625,1167.3403647511277,1146.088735034683,1164.0478175693156,385914
2025-11-04,1152.7735595703125,1166.7417346551008,1146.3880837444165,1157.363078453893,473254
2025-11-06,1156.5648193359375,1158.9593879347767,1140.900557814596,1152.7735306978589,477984
2025-11-07,1150.3790283203125,1153.7713238812098,1138.406306429728,1147.9844595836305,544548
2025-11-10,1190.1883544921875,1206.7505954368482,1144.5921654913463,1153.671577037616,2229653
2025-11-11,1209.7437744140625,1213.6349333872377,1168.0387444429052,1181.4083082465413,976816
2025-11-12,1241.4715576171875,1244.0656230465672,1203.7574342907003,1209.2449319190457,1128899
2025-11-13,1235.8841552734375,1248.8546038500722,1228.101959203151,1241.4715228637854,553299
2025-11-14,1219.421630859375,1241.1721235421126,1212.8366584210114,1231.294603988157,612843
2025-11-17,1213.23583984375,1224.2108351054944,1207.3492271175217,1219.421697546875,509828
2025-11-18,1192.38330078125,1214.5329093084586,1190.3878471369694,1213.2358157225462,881401
2025-11-19,1200.3651123046875,1216.12924477153,1187.2949153264651,1187.2949153264651,883112
2025-11-20,1193.8798828125,1223.3128238634329,1190.7869540436786,1200.3651071118582,966267
2025-11-21,1166.242919921875,1193.2812927484972,1160.4560555710143,1193.2812927484972,386138
2025-11-24,1195.4761962890625,1207.8480328977323,1162.4514637541993,1162.4514637541993,1478312
2025-11-25,1169.3358154296875,1196.8730508884091,1166.1431383708994,1195.5760791176365,450864
2025-11-26,1192.1837158203125,1194.7777810071511,1165.4445902505834,1169.834612301365,476916
2025-11-27,1216.1292724609375,1219.2222013135602,1191.285849728634,1191.7847131497936,750796
2025-11-28,1219.6212158203125,1226.1064397605132,1207.7482430173816,1216.228920477644,462489
2025-12-01,1255.33984375,1269.1085226658636,1209.7437765191507,1215.5306408270528,1195256
2025-12-02,1250.6505126953125,1259.8295503098934,1240.9726116931386,1250.7502610142672,486300
2025-12-03,1255.838623046875,1264.2195521824449,1246.1607222000782,1247.1584489592456,573428
2025-12-04,1266.91357421875,1281.9792249547463,1253.1448952827488,1255.8387089997454,828119
2025-12-05,1264.119873046875,1272.101687557037,1255.7389434526403,1272.101687557037,435214
2025-12-08,1217.7255859375,1258.5326373053597,1210.6417498616888,1258.1335222180971,454257
2025-12-09,1203.3582763671875,1220.2198837472804,1191.2858063730605,1205.2539816571666,547606
2025-12-10,1195.97509765625,1217.0272311199408,1189.2903766389163,1204.156530705468,494500
2025-12-11,1229.6982421875,1233.3897825138563,1192.2834883684077,1195.276668673935,420052
2025-12-12,1235.0860595703125,1237.181261541778,1217.2267250652976,1230.995403951199,382004
2025-12-15,1204.6553955078125,1234.8864452959751,1202.2608267639912,1234.1880852340723,760377
2025-12-16,1173.6260986328125,1207.2494435075887,1162.9503486599851,1204.6553781528312,932672
2025-12-17,1166.242919921875,1175.4219580720408,1161.4537824044162,1167.3403950800516,514626
2025-12-18,1158.1612548828125,1172.5284225836272,1147.385757314386,1165.3448387332198,402540
2025-12-19,1221.816162109375,1226.206184198184,1158.859628109187,1163.8482618935573,1651986
2025-12-22,1226.505615234375,1235.584904839291,1213.2357999552353,1222.2153412377988,500071
2025-12-23,1227.4034423828125,1234.4873999916824,1214.333245855822,1226.5055857104278,260961
2025-12-24,1214.5328369140625,1233.6891420401796,1210.5419298633867,1232.0928035784727,189895
2025-12-26,1206.451171875,1233.3897948951685,1202.260768122324,1214.532856215306,283503
2025-12-29,1185.4989013671875,1214.9318411311056,1179.9116558044652,1206.3514152534085,281890
2025-12-30,1159.0592041015625,1190.687217535657,1157.3631172158762,1180.3108341951563,485220
2025-12-31,1169.834716796875,1174.3244875649652,1157.4628796551274,1159.358585004664,289565
2026-01-01,1160.5557861328125,1181.3085526670666,1157.3631090319232,1175.3221917582807,284550
2026-01-02,1164.94580078125,1166.3426426759536,1148.1840634232778,1160.555778451963,413208
2026-01-05,1148.383544921875,1171.53075792689,1144.5921343709467,1164.9457854162238,555257
2026-01-06,1137.308837890625,1151.5762584841184,1128.4290447449423,1148.3835813452065,345389
2026-01-07,1205.7528076171875,1214.9318452302855,1136.809911821554,1137.2090268901277,2462611
2026-01-08,1177.616943359375,1239.8749957393009,1167.340309015869,1208.1473578519958,1377247
2026-01-09,1179.712158203125,1190.288037615495,1163.4491631212595,1171.3312289694816,473167
2026-01-12,1169.9344482421875,1178.5148745610627,1151.7758687814787,1167.440131184792,403250
2026-01-13,1170.93212890625,1182.805101989977,1158.759910863127,1170.0341504424216,266815
2026-01-14,1176.718994140625,1202.9591355004663,1165.1453877975848,1176.5193757080085,683650
2026-01-15,1176.718994140625,1176.718994140625,1176.718994140625,1176.718994140625,0
2026-01-16,1184.501220703125,1220.619004318756,1177.3176363846867,1177.3176363846867,734628
2026-01-19,1160.4560546875,1184.1022536968144,1151.3767648690218,1182.306296680928,527328
2026-01-20,1128.7283935546875,1166.242897407819,1117.2545351920676,1166.242897407819,757504
2026-01-21,1112.3656005859375,1127.2317538222371,1086.3249562392052,1127.2317538222371,1063983
2026-01-22,1106.678466796875,1138.6057229242172,1102.887178207443,1129.426685504733,497662
2026-01-23,1111.966552734375,1120.447230794709,1094.5063331983931,1111.4676893190613,749846
2026-01-27,1101.8895263671875,1113.7624999053094,1089.817056181833,1096.0029137599347,919507
2026-01-28,1103.286376953125,1114.8599838185944,1086.624265822138,1107.476780920559,735524
2026-01-29,1040.4295654296875,1107.576506618239,1032.6472476002089,1106.4790314866004,2536989
2026-01-30,1039.5316162109375,1055.295627165635,1015.9852263112352,1033.6450035119085,2183053
2026-02-02,996.230224609375,1009.0011156599372,982.3617975246506,988.7472734981378,1616312
2026-02-03,987.5499877929688,1060.583602718229,984.7563648945362,1059.5858759047594,1343955
2026-02-04,981.4000244140624,986.5,953.7000122070312,976.2000122070312,1305703
2026-02-05,959.5,988.0,955.5,981.4000244140624,891033
2026-02-06,958.4000244140624,960.5,943.2000122070312,959.5,887854
2026-02-09,964.0,971.2000122070312,955.0,959.0,960204
2026-02-10,973.5999755859376,993.9000244140624,964.0999755859376,970.0,1028511
2026-02-11,959.4000244140624,979.7999877929688,956.2000122070312,973.5999755859376,632882
2026-02-12,891.5,953.0,886.2000122070312,951.7999877929688,3179727
2026-02-13,861.7000122070312,873.5999755859375,812.9000244140625,870.0,6026791
2026-02-16,880.2999877929688,884.0999755859375,855.0999755859375,860.4000244140625,1230784
2026-02-17,879.2999877929688,891.5999755859375,872.0,879.0,1167303
2026-02-18,861.5999755859375,883.7999877929688,855.0999755859375,881.2999877929688,987144
2026-02-19,847.5,869.0999755859375,844.0,862.5,987912
2026-02-20,835.4000244140625,846.4000244140625,830.7000122070312,844.5,1311329
2026-02-23,812.7000122070312,841.9000244140625,801.4000244140625,835.4000244140625,2364931
2026-02-24,760.5,809.2999877929688,758.0,809.0,3617378
2026-02-25,788.7000122070312,805.0,764.0,764.0999755859375,5094300
2026-02-26,793.7000122070312,809.0999755859375,788.0,794.0,1399625
2026-02-27,771.0999755859375,808.4000244140625,768.0,800.0,2159691
2026-03-02,754.25,768.2999877929688,736.0,736.0,1681199
2026-03-04,736.1500244140625,753.25,725.25,745.0,1679348
2026-03-05,717.5,750.0,713.1500244140625,746.9000244140625,2330442
2026-03-06,698.5499877929688,742.4500122070312,695.4000244140625,717.5,2876869
2026-03-09,688.9000244140625,693.0,672.5,692.25,2067491
2026-03-10,693.25,703.4000244140625,684.3499755859375,696.9000244140625,1877386
2026-03-11,682.75,708.75,680.2000122070312,696.7000122070312,1785604
2026-03-12,671.25,683.7000122070312,665.6500244140625,682.0,1341404
2026-03-13,660.1500244140625,671.0,652.9000244140625,670.2000122070312,2471617
2026-03-16,631.9500122070312,664.0999755859375,629.2000122070312,660.0,3226454
2026-03-17,653.7000122070312,656.0999755859375,624.9000244140625,635.0,2692241
2026-03-18,688.25,698.8499755859375,654.0999755859375,658.0,4250732
2026-03-19,658.9000244140625,680.0,655.0,680.0,2473667
2026-03-20,660.9500122070312,679.7000122070312,658.0,671.0,1948255
2026-03-23,659.2999877929688,662.9000244140625,645.5499877929688,650.0,2233577
2026-03-24,665.0,681.7999877929688,644.4000244140625,680.0,1567450
2026-03-25,673.5999755859375,684.7999877929688,665.25,671.75,1220977
2026-03-27,660.0499877929688,682.0,658.0,673.5999755859375,1598377
2026-03-30,634.75,655.7999877929688,633.0,648.8499755859375,1656577
2026-04-01,674.2999877929688,683.0999755859375,648.7999877929688,650.7000122070312,1880678
2026-04-02,696.7999877929688,698.9000244140625,652.0499877929688,654.2999877929688,1767842
2026-04-06,694.8499755859375,704.4000244140625,684.3499755859375,696.7999877929688,1473246
2026-04-07,707.8499755859375,710.0,685.5,695.0499877929688,1906465
2026-04-08,721.1500244140625,740.0,711.0999755859375,740.0,2595624
2026-04-09,716.0499877929688,725.0,705.9500122070312,721.1500244140625,1769446
2026-04-10,716.4500122070312,723.0,706.0,723.0,1512797
2026-04-13,709.8499755859375,719.2999877929688,695.25,709.6500244140625,1240536
2026-04-15,728.6500244140625,736.0,720.0,723.9500122070312,1576485
2026-04-16,746.25,755.3499755859375,730.0499877929688,738.9000244140625,2570211
2026-04-17,747.7999877929688,762.7999877929688,740.0,749.9000244140625,1541544
2026-04-20,734.4000244140625,750.4500122070312,724.3499755859375,748.6500244140625,1674776
2026-04-21,744.7000122070312,749.2999877929688,730.0499877929688,734.0,745302
2026-04-22,735.9500122070312,743.9000244140625,721.25,743.9000244140625,1703203
2026-04-23,733.6500244140625,743.9500122070312,728.0,735.0,1046359
2026-04-24,709.5999755859375,733.9500122070312,690.1500244140625,733.5,2240743
2026-04-27,735.2999877929688,740.0,713.0999755859375,713.0999755859375,1703717
2026-04-28,734.4500122070312,739.7999877929688,722.9000244140625,736.0,1438774
2026-04-29,740.0499877929688,758.9000244140625,737.0,737.0,1272977
2026-04-30,759.0499877929688,767.2000122070312,727.6500244140625,738.0499877929688,2877480
2026-05-01,759.0499877929688,759.0499877929688,759.0499877929688,759.0499877929688,0
2026-05-04,768.5499877929688,777.1500244140625,756.5499877929688,767.0,2376007
2026-05-05,772.5,784.5999755859375,764.25,768.4500122070312,1260326
2026-05-06,748.5999755859375,795.2999877929688,722.5,783.9500122070312,11996230
2026-05-07,722.6500244140625,748.5499877929688,709.2000122070312,748.5499877929688,8691588
2026-05-08,729.1500244140625,735.7999877929688,704.0,722.5999755859375,4551374
2026-05-11,733.4500122070312,737.2000122070312,715.0,728.0,1990591
2026-05-12,712.0499877929688,733.0,703.25,733.0,2937642
2026-05-13,710.6500244140625,718.0499877929688,705.0,711.0,1300856
2026-05-14,709.0,716.7000122070312,693.0,711.0,1986342
2026-05-15,703.7000122070312,726.4500122070312,702.0,708.2000122070312,1215690
2026-05-18,707.75,711.7000122070312,690.4500122070312,702.0,1166215
2026-05-19,743.7000122070312,750.9000244140625,710.0,712.0,3215754
2026-05-20,750.7999877929688,760.9000244140625,741.5,745.0499877929688,3194714
2026-05-21,750.9000244140625,756.9500122070312,742.5,755.5999755859375,2354499
2026-05-22,751.0499877929688,764.5,744.4000244140625,752.0,1465191
2026-05-25,756.5999755859375,772.6500244140625,753.9500122070312,753.9500122070312,1495776
2026-05-26,784.7000122070312,797.5,753.9500122070312,756.4000244140625,2237901
2026-05-27,771.7999877929688,795.0,766.25,783.5,1268829
2026-05-28,771.7999877929688,771.7999877929688,771.7999877929688,771.7999877929688,0
2026-05-29,771.9500122070312,793.9500122070312,764.3499755859375,778.0,1432401
2026-06-01,786.0999755859375,805.8499755859375,776.0499877929688,776.0499877929688,2194206
2026-06-02,809.25,826.0,783.0,789.0499877929688,3897702
2026-06-03,774.25,800.7999877929688,770.5999755859375,800.7999877929688,2235273
2026-06-04,773.0,779.4500122070312,758.0,770.0,758769
2026-06-05,777.7999877929688,784.2999877929688,767.25,780.0499877929688,848126
2026-06-08,755.2999877929688,770.0,751.2000122070312,770.0,901646
2026-06-09,756.1500244140625,773.0,746.0499877929688,756.0,683944
2026-06-10,732.9500122070312,760.4000244140625,730.0,751.5,700519
2026-06-11,736.9000244140625,742.4500122070312,718.2000122070312,726.0,764143
2026-06-12,749.0,752.0,736.2999877929688,742.0999755859375,675160
2026-06-15,757.0,774.0,754.0499877929688,763.0,991468
2026-06-16,756.5499877929688,767.3499755859375,751.2000122070312,765.0,1065809
2026-06-17,752.0,767.7000122070312,748.2999877929688,760.0499877929688,981294
2026-06-18,745.9500122070312,758.7000122070312,741.4000244140625,752.0,724879
2026-06-19,760.0499877929688,769.8499755859375,711.0999755859375,729.9000244140625,2632393
2026-06-22,756.4000244140625,770.9500122070312,753.0,763.7999877929688,868628
2026-06-23,741.1500244140625,756.0,738.2000122070312,753.5,1050698
2026-06-24,736.0499877929688,753.7000122070312,733.0,740.1500244140625,1624553
2026-06-25,742.5999755859375,749.5,733.2000122070312,741.7000122070312,1108161
2026-06-26,742.5999755859375,742.5999755859375,742.5999755859375,742.5999755859375,0
2026-06-29,712.2000122070312,743.7999877929688,708.0499877929688,738.9000244140625,1861006
2026-06-30,671.5499877929688,716.0,669.3499755859375,712.5,5466149
2026-07-01,557.5499877929688,604.4000244140625,555.5,604.4000244140625,26085834
2026-07-02,558.7999877929688,570.5,551.8499755859375,561.0,9825945
2026-07-03,558.6500244140625,568.5,556.5,565.0499877929688,4156593
2026-07-06,558.0,562.0,543.3499755859375,560.9000244140625,4760308
2026-07-07,562.4000244140625,566.4000244140625,556.3499755859375,559.4500122070312,3766444
2026-07-08,554.5999755859375,567.7999877929688,551.0999755859375,562.25,2948579
2026-07-09,548.1500244140625,557.0,546.5999755859375,556.0499877929688,1950385
2026-07-10,561.75,567.4000244140625,554.0499877929688,554.0499877929688,4155099
2026-07-13,573.4500122070312,578.9000244140625,556.5999755859375,560.0,5545256
2026-07-14,555.5999755859375,576.5999755859375,552.5,573.4500122070312,3059510
2026-07-15,551.5999755859375,555.7000122070312,543.0,553.0,3117204
2026-07-16,551.3499755859375,562.7000122070312,550.0,554.9500122070312,1575224
2026-07-17,554.0499877929688,557.9500122070312,547.0,553.9000244140625,1542011
2026-07-20,561.2000122070312,565.9000244140625,552.4500122070312,555.0,1589210
2026-07-21,564.4500122070312,578.4000244140625,560.5999755859375,561.9500122070312,3564358
2026-07-22,554.9000244140625,564.4500122070312,551.0,564.4500122070312,1120151
2026-07-23,550.9000244140625,555.7999877929688,548.0,551.7999877929688,2116765
2026-07-24,583.2000122070312,587.0,546.1500244140625,547.0499877929688,9475364
2026-07-27,585.2000122070312,594.0999755859375,580.7000122070312,585.7000122070312,5068869
2026-07-28,602.4500122070312,606.4000244140625,587.0,587.0,8904454
2026-07-29,638.75,662.6500244140625,606.6500244140625,610.0,28550031
2026-07-30,589.75,621.0,580.1500244140625,610.0,15706759
2026-07-31,598.4000244140625,607.5,575.5,585.2999877929688,6237877
2026-08-03,619.25,622.5,598.4500122070312,602.1500244140625,4526739
2026-08-04,625.5999755859375,629.2999877929688,617.9000244140625,624.0,2143138
2026-08-05,623.0,630.5,621.5999755859375,630.0,1547858
2026-08-06,623.0,640.7000122070312,619.7000122070312,628.9000244140625,3620699
2026-08-07,629.9000244140625,637.25,620.5499877929688,623.0,2544167
2026-08-10,627.9000244140625,638.7999877929688,624.2999877929688,630.0,1469093
2026-08-11,627.0,634.1500244140625,621.1500244140625,628.0,1460035
2026-08-12,609.2000122070312,628.0,609.0,627.0,1196638
2026-08-13,620.5,621.9000244140625,608.0,611.7999877929688,1037204
