Date,Close,High,Low,Open,Volume
1995-01-03,24.3516,24.3516,24.3516,24.3516,50
1995-01-04,25.1725,25.1725,24.6252,24.6252,100
1995-01-06,24.6252,24.6252,24.6252,24.6252,50
1995-01-11,24.078,24.078,24.078,24.078,100
1995-01-12,24.078,24.078,24.078,24.078,150
1995-01-17,25.1177,25.4461,25.1177,25.4461,300
1995-01-18,25.9933,25.9933,25.9933,25.9933,50
1995-01-19,26.1027,26.2669,26.1027,26.2669,300
1995-01-20,26.2669,26.2669,26.2669,26.2669,150
1995-01-23,25.4461,26.2669,25.4461,26.2669,350
1995-01-25,24.078,24.078,24.078,24.078,50
1995-02-03,24.3516,24.3516,24.3516,24.3516,50
1995-02-07,24.078,24.078,24.078,24.078,100
1995-02-09,24.5705,24.5705,24.5705,24.5705,250
1995-02-13,23.8044,23.8044,23.5308,23.5308,100
1995-02-14,23.5308,23.5308,23.5308,23.5308,50
1995-02-16,22.4363,22.4363,22.4363,22.4363,50
1995-02-17,22.4363,22.4363,22.4363,22.4363,100
1995-02-20,22.4363,22.7099,22.4363,22.7099,150
1995-03-01,21.8891,21.8891,21.8891,21.8891,100
1995-03-02,22.3816,22.4363,21.4513,22.4363,250
1995-03-03,22.4363,22.4363,22.4363,22.4363,100
1995-03-06,23.093,23.093,23.093,23.093,10000
1995-03-07,22.7099,22.7099,22.7099,22.7099,10000
1995-03-08,22.8194,22.9288,22.8194,22.9288,10050
1995-03-09,22.9836,22.9836,22.9836,22.9836,20000
1995-03-10,21.8891,22.7099,21.8891,22.7099,1050
1995-03-14,22.3269,22.3269,21.8891,21.8891,100
1995-03-15,22.7099,22.7099,22.7099,22.7099,100
1995-03-20,22.1627,22.1627,21.8891,21.8891,200
1995-03-21,21.8891,21.8891,21.8891,21.8891,400
1995-03-30,21.3419,21.3419,21.3419,21.3419,50
1995-03-31,21.3419,21.3419,21.3419,21.3419,50
1995-04-10,20.7946,20.7946,20.7946,20.7946,200
1995-04-11,20.625,20.6578,20.521,20.521,200
1995-04-17,20.521,20.521,20.521,20.521,100
1995-04-18,20.521,20.521,19.9738,19.9738,100
1995-04-24,19.7002,19.7002,19.7002,19.7002,100
1995-04-26,19.0435,19.0435,19.0435,19.0435,200
1995-05-02,18.6057,18.6057,18.6057,18.6057,50
1995-05-03,18.5784,18.5784,18.3321,18.3321,100
1995-05-04,18.551,18.551,18.3321,18.551,250
1995-05-05,18.3321,18.4416,18.3321,18.4416,150
1995-05-08,17.7849,17.7849,17.7849,17.7849,100
1995-05-09,16.7999,16.7999,16.7999,16.7999,50
1995-05-15,17.5113,17.5113,17.5113,17.5113,50
1995-05-16,17.5113,17.5113,17.5113,17.5113,250
1995-05-17,17.5113,17.5113,17.5113,17.5113,150
1995-05-18,18.6057,18.6057,18.0585,18.0585,300
1995-05-22,17.9217,17.9217,17.9217,17.9217,50
1995-05-24,17.9217,17.9217,17.9217,17.9217,100
1995-05-30,19.153,19.153,18.6057,18.6057,250
1995-05-31,18.6057,18.6057,18.6057,18.6057,50
1995-06-01,18.8793,18.8793,18.8793,18.8793,50
1995-06-02,18.8793,18.8793,18.8793,18.8793,650
1995-06-06,19.9738,19.9738,19.9738,19.9738,150
1995-06-09,19.4266,19.4266,19.4266,19.4266,50
1995-06-12,19.4266,19.4266,19.4266,19.4266,450
1995-06-13,19.4266,19.4266,19.4266,19.4266,100
1995-06-14,19.4266,19.4266,19.4266,19.4266,50
1995-06-15,19.536,19.536,19.4293,19.4293,100
1995-06-16,19.5497,19.7002,19.4266,19.4266,300
1995-06-19,19.7002,19.7002,19.7002,19.7002,50
1995-06-20,20.2474,20.2474,19.9738,19.9738,200
1995-06-21,19.8096,19.8096,19.7002,19.7002,2200
1995-06-22,19.837,19.837,19.7002,19.7002,150
1995-06-23,20.2474,20.3842,19.5907,20.2474,10050
1995-06-26,19.7002,20.2474,19.7002,19.7002,1150
1995-06-27,20.2474,20.2474,19.9191,19.9191,1550
1995-06-28,20.1133,20.1133,19.9738,19.9738,200
1995-06-29,20.2474,20.2474,20.0832,20.0832,1750
1995-06-30,20.138,20.2474,20.138,20.1407,1250
1995-07-03,20.4663,20.521,19.7029,19.837,1600
1995-07-04,20.1653,20.1927,20.138,20.1927,350
1995-07-05,20.2474,20.2474,19.7002,19.7002,1250
1995-07-06,20.2474,20.2474,20.138,20.138,1100
1995-07-07,20.2474,20.3842,19.9738,19.9738,1750
1995-07-10,19.9738,19.9738,19.837,19.837,100
1995-07-11,19.9738,20.1106,19.9738,20.1106,100
1995-07-12,20.521,20.521,20.2474,20.2474,1000
1995-07-14,20.3842,20.3842,20.3842,20.3842,2500
1995-07-17,19.9793,19.9793,19.9793,19.9793,100
1995-07-18,20.3021,20.3021,20.3021,20.3021,100
1995-07-19,20.2857,20.2857,20.2857,20.2857,62400
1995-07-20,20.521,20.521,19.9738,19.9738,250
1995-07-21,20.1106,20.1106,20.1106,20.1106,50
1995-07-24,19.8698,20.3979,19.8698,20.3979,300
1995-07-25,20.2474,20.521,20.2337,20.2337,300
1995-07-26,20.4663,20.521,20.4116,20.4116,400
1995-07-27,20.521,20.521,20.521,20.521,100
1995-07-31,20.3787,20.521,20.3021,20.3021,550
1995-08-01,20.6606,20.7946,20.4116,20.4116,350
1995-08-02,20.3569,20.3569,20.3569,20.3569,150
1995-08-04,20.5758,20.5758,20.521,20.5758,350
1995-08-07,20.8494,21.4513,20.6852,20.6852,1700
1995-08-08,20.7946,21.6155,20.7946,21.6155,650
1995-08-09,21.0683,21.0683,21.0683,21.0683,600
1995-08-11,21.0683,21.0683,21.0135,21.0135,100
1995-08-14,20.521,20.7946,20.521,20.7946,350
1995-08-16,21.0683,21.3419,21.0683,21.0683,700
1995-08-18,21.6155,21.6155,21.6155,21.6155,100
1995-08-21,21.3419,21.3419,21.3419,21.3419,100
1995-08-22,21.071,21.6702,21.071,21.4513,1450
1995-08-24,21.0683,21.0683,21.0655,21.0655,150
1995-08-25,21.0683,21.123,21.0683,21.123,100
1995-08-28,20.9041,20.9041,20.9041,20.9041,50
1995-08-30,20.5292,20.7946,20.521,20.521,450
1995-08-31,21.0026,21.4513,20.8494,21.4513,300
1995-09-01,20.9588,20.9588,20.521,20.521,150
1995-09-05,20.7919,20.7919,20.2474,20.2474,250
1995-09-07,19.7221,19.7275,19.7139,19.7275,100
1995-09-14,19.9738,19.9738,19.4266,19.4266,250
1995-09-15,19.153,19.2077,19.153,19.2077,200
1995-09-18,19.153,19.153,19.153,19.153,50
1995-09-19,18.168,19.153,18.0585,19.153,350
1995-09-25,17.7849,17.7876,17.5113,17.5113,450
1995-09-26,17.6207,17.6207,17.5113,17.5113,300
1995-10-06,17.7849,17.7849,17.7849,17.7849,100
1995-10-09,18.0585,18.0585,18.0585,18.0585,50
1995-10-10,19.4266,19.4266,18.6057,18.6057,200
1995-10-11,18.6741,19.153,18.6741,19.153,300
1995-10-12,18.7152,18.7152,18.7152,18.7152,100
1995-10-13,18.6085,18.7152,18.6057,18.6057,300
1995-10-16,19.153,19.153,18.8821,18.6085,150
1995-10-17,19.153,19.153,19.1256,19.153,200
1995-10-18,19.7002,19.7002,18.8793,19.153,400
1995-10-20,18.551,18.551,18.551,19.7002,50
1995-10-23,18.3321,18.3321,18.3321,18.551,50
1995-10-26,18.4963,18.4963,18.4963,18.3321,50
1995-10-30,17.5113,17.5113,17.5113,18.4963,100
1995-10-31,17.5113,17.5113,17.5113,17.5113,100
1995-11-01,16.3074,16.3074,16.3074,16.3074,50
1995-11-02,16.4168,16.4168,16.3074,16.3074,100
1995-11-03,16.0885,16.4168,16.0338,16.3621,500
1995-11-06,15.8696,15.8696,15.8696,16.0885,100
1995-11-07,15.3224,15.3224,15.3224,15.3224,50
1995-11-08,14.5015,15.0488,14.5015,15.0488,400
1995-11-10,13.7354,13.7628,13.7354,13.7628,500
1995-11-16,13.1335,13.1335,13.1335,13.1335,50
1995-11-20,13.5712,13.5712,13.1335,13.1335,3350
1995-11-21,13.2593,13.2703,13.1909,13.5712,1200
1995-11-22,13.2429,13.2429,13.1471,13.2593,450
1995-11-23,12.641,13.3523,12.641,13.2429,800
1995-11-24,12.5315,12.641,12.3126,12.641,350
1995-11-27,12.5862,12.6683,12.5862,12.6683,150
1995-11-29,12.0965,12.0965,12.0965,12.0965,50
1995-11-30,12.3154,12.3154,12.3126,12.3126,250
1995-12-04,12.6957,12.6957,12.6957,12.6957,50
1995-12-05,13.2265,13.4071,12.8571,12.8571,300
1995-12-06,12.3154,12.3154,12.3154,12.3154,50
1995-12-07,13.1335,13.1335,13.1335,13.1335,100
1995-12-11,12.8598,12.8598,12.8598,12.8598,50
1995-12-12,12.8598,12.8598,12.5862,12.5862,100
1995-12-14,13.1335,13.1335,12.9146,12.9146,100
1995-12-15,12.8626,12.8626,12.8598,12.8598,400
1995-12-18,13.1335,13.1335,12.8626,13.1335,350
1995-12-19,12.8626,13.1335,12.8626,13.1335,150
1995-12-20,13.0076,13.0787,12.8598,13.0787,250
1995-12-21,12.8598,12.8598,12.5862,12.8598,150
1995-12-22,11.7654,12.5862,11.7654,12.8598,350
1995-12-26,11.9296,11.9296,11.2209,11.7654,1150
1995-12-27,12.1758,12.2032,11.9296,11.9296,450
1995-12-28,12.3126,12.3126,12.1758,12.1758,350
1995-12-29,12.3263,12.5862,12.3126,12.3126,650
1996-01-01,12.4768,12.4768,12.039,12.039,250
1996-01-02,12.0609,12.2579,12.0527,12.4768,600
1996-01-03,12.2032,12.2032,11.9569,12.0609,200
1996-01-04,12.2579,12.2579,12.1211,12.2032,450
1996-01-05,12.1758,12.1758,12.0691,12.0691,450
1996-01-08,12.0937,12.1484,12.039,12.0937,300
1996-01-09,11.883,12.039,11.7654,11.7654,750
1996-01-10,12.2579,12.3126,11.8748,11.8748,1300
1996-01-11,12.8598,12.8626,12.2743,12.3126,1350
1996-01-12,13.024,13.024,12.4221,12.4221,450
1996-01-15,12.5862,12.5862,12.4221,12.4221,200
1996-01-16,12.5862,12.5862,12.5096,12.5862,300
1996-01-17,12.6957,12.6957,12.5589,12.5589,1150
1996-01-18,12.6957,12.6957,12.5315,12.5862,1950
1996-01-19,13.6807,13.8996,12.6984,12.6957,6100
1996-01-22,13.273,13.6807,13.1335,13.6807,1250
1996-01-23,12.8899,13.128,12.8626,13.273,900
1996-01-24,12.8051,13.024,12.5862,12.5862,3050
1996-01-25,12.9748,13.0185,12.4768,12.6026,4950
1996-01-29,12.039,12.3673,12.039,12.9748,1050
1996-01-30,12.2004,12.5288,11.8228,11.9296,3100
1996-01-31,12.3126,12.5862,11.7654,11.9296,2700
1996-02-01,12.7504,12.8598,11.8748,11.8748,1400
1996-02-02,12.9146,12.9146,12.7504,12.7504,450
1996-02-05,13.6807,13.9543,12.9173,13.1335,1000
1996-02-06,13.8312,14.7751,13.6287,13.6807,2250
1996-02-07,13.6807,13.8996,13.6807,13.6807,300
1996-02-08,13.4618,13.4618,13.4098,13.6807,150
1996-02-09,13.3523,13.6807,13.2429,13.4618,500
1996-02-12,13.6807,13.6807,13.6807,13.3523,50
1996-02-13,13.1335,13.6752,13.1335,13.6807,450
1996-02-14,13.7299,14.2279,12.3673,13.1335,1350
1996-02-15,14.3374,14.3374,13.6807,13.7299,1450
1996-02-16,14.8846,14.8846,14.009,14.3374,2500
1996-02-19,15.0706,15.1582,14.5617,14.8846,1200
1996-02-20,14.9119,15.3224,14.8873,15.0706,750
1996-02-22,15.0515,15.7328,15.0488,14.9119,2300
1996-02-23,16.0885,16.0885,15.7054,15.8696,200
1996-02-26,16.4442,16.6904,16.1459,16.3347,850
1996-02-27,16.1432,16.4168,15.3224,16.4442,750
1996-02-28,16.4168,16.4168,15.6507,16.1432,600
1996-02-29,15.1856,15.8696,15.1856,16.4168,2350
1996-03-01,15.3224,15.6507,15.3224,15.1856,550
1996-03-04,15.9708,16.4168,14.9393,15.3224,1200
1996-03-06,15.2129,15.3224,15.2129,15.9708,100
1996-03-08,15.6233,15.7054,14.994,15.1035,550
1996-03-11,15.2676,15.2676,14.5863,15.6233,650
1996-03-12,14.7751,14.994,14.7751,14.994,200
1996-03-13,14.5043,14.7751,14.5043,14.7751,400
1996-03-14,14.3374,14.5015,14.3374,14.5043,200
1996-03-15,14.3374,14.3374,14.1185,14.3374,150
1996-03-18,14.3374,14.3374,14.2279,14.3374,300
1996-03-19,13.7354,14.2279,13.7354,14.2279,600
1996-03-21,13.8175,13.8175,13.7354,13.7354,150
1996-03-22,13.4618,13.4618,13.4071,13.4071,100
1996-03-25,13.1335,14.2279,13.1335,13.6807,350
1996-03-26,12.5342,13.1335,12.3126,13.1335,600
1996-03-27,13.6807,13.6807,12.8598,12.5342,1650
1996-03-28,13.7354,13.7354,13.7354,13.6807,350
1996-03-29,14.9393,15.1035,14.1732,13.7354,950
1996-04-01,15.336,15.5796,14.6657,14.6657,750
1996-04-02,15.6069,15.9243,15.2129,15.2129,1000
1996-04-03,15.8696,15.8696,15.4318,15.4318,750
1996-04-04,15.9517,15.979,15.8149,15.8149,600
1996-04-08,16.28,16.5536,16.1405,15.9517,1450
1996-04-09,16.674,17.1282,16.4168,16.28,1300
1996-04-10,16.5263,16.581,16.1432,16.674,1000
1996-04-11,16.5263,16.5263,16.2663,16.5263,900
1996-04-12,16.5536,16.5536,16.4223,16.5263,300
1996-04-15,17.0653,17.2377,16.6904,16.5536,500
1996-04-16,17.3827,17.5113,16.9093,17.0653,1200
1996-04-17,17.5113,17.5113,17.2404,17.3827,800
1996-04-18,17.7849,17.7849,17.6207,17.5113,1750
1996-04-19,17.7849,17.7849,17.514,17.514,500
1996-04-22,16.9641,16.9641,16.7999,17.7849,200
1996-04-23,16.8546,16.9641,16.7041,16.7041,700
1996-04-24,17.5085,17.5085,16.8546,16.8546,250
1996-04-25,17.566,18.3321,16.9941,17.5085,3800
1996-04-26,17.5113,17.6207,17.1829,17.566,1200
1996-04-29,17.5113,17.566,17.4566,17.5113,300
1996-04-30,16.9641,17.2924,16.9641,17.5113,350
1996-05-01,17.2924,17.2924,17.1036,16.9641,850
1996-05-02,17.0188,17.1829,16.8601,16.882,700
1996-05-03,17.1282,17.2924,16.9093,17.0188,1150
1996-05-06,17.4566,17.4839,17.1829,17.1282,2550
1996-05-07,16.9641,17.4018,16.9641,17.2377,300
1996-05-08,16.9777,16.9777,16.9777,16.9777,300
1996-05-09,17.0762,17.0762,17.0762,17.0762,200
1996-05-10,16.7999,16.9641,16.7999,16.9641,1800
1996-05-13,17.1829,17.2924,16.7999,16.7999,3700
1996-05-14,17.2951,17.3991,16.9668,17.1829,2200
1996-05-15,17.3745,17.4566,16.6932,17.2951,1150
1996-05-16,17.5085,17.5085,17.2377,17.2377,250
1996-05-17,17.5113,17.5113,17.2377,17.2377,250
1996-05-20,17.1829,17.4018,17.1829,17.5113,200
1996-05-21,17.2404,17.4018,17.1282,17.2377,700
1996-05-22,17.2377,17.2377,16.9641,17.2404,650
1996-05-23,17.2377,17.2377,17.2377,17.2377,500
1996-05-24,17.5113,17.9491,17.2377,17.2377,1550
1996-05-27,17.2568,17.5113,17.0735,17.5113,600
1996-05-28,17.2377,17.2377,16.9723,17.2568,400
1996-05-29,17.5113,17.5113,17.5085,17.5085,550
1996-05-30,17.2377,17.2377,16.9641,17.5113,250
1996-05-31,17.3416,17.3416,17.0735,17.0735,150
1996-06-03,17.2377,17.2404,17.2377,17.3416,100
1996-06-04,16.7999,16.7999,16.6904,17.2377,350
1996-06-05,17.7849,17.7849,16.5263,16.6904,11550
1996-06-06,18.0585,18.0585,16.4168,16.4168,200
1996-06-07,17.8478,18.8219,17.4018,17.7849,1950
1996-06-10,18.3321,18.3321,16.9641,16.9914,1200
1996-06-11,19.153,19.4266,18.3321,18.3321,700
1996-06-12,18.0585,19.153,18.0585,19.153,250
1996-06-13,18.0749,18.0749,18.0585,18.0585,200
1996-06-14,18.6057,18.6057,18.4416,18.4416,500
1996-06-17,17.5113,18.0585,17.0735,18.0585,900
1996-06-18,16.8573,17.224,16.6904,17.1282,1650
1996-06-19,16.9093,16.9641,16.6385,16.9641,700
1996-06-20,16.9641,16.9641,16.1596,16.4715,750
1996-06-21,16.4743,17.1009,16.4743,16.9641,550
1996-06-24,17.2377,17.5085,15.8696,16.1432,5900
1996-06-25,17.8807,17.8943,16.4223,16.4223,2050
1996-06-26,17.3471,19.153,17.3197,17.5113,2200
1996-06-27,18.0585,18.0585,17.6207,17.6481,2450
1996-06-28,17.5769,17.8943,17.5769,17.8943,450
1996-07-01,17.5687,18.053,17.473,17.5113,1550
1996-07-02,16.5728,17.7302,16.4715,17.7302,1100
1996-07-03,16.6904,16.7342,16.4743,16.6904,600
1996-07-04,16.6959,16.7999,16.6904,16.6904,19000
1996-07-05,16.7205,16.7999,16.6932,16.7452,850
1996-07-08,16.5673,16.5673,16.5673,16.5673,50
1996-07-09,16.9476,18.0585,16.1733,16.1733,1500
1996-07-10,16.6084,16.8546,16.4332,16.6904,650
1996-07-11,16.7835,16.7835,16.4332,16.4715,600
1996-07-12,16.6932,17.7794,16.6631,16.6768,1300
1996-07-15,16.7315,17.7302,16.7178,16.9039,350
1996-07-16,16.7588,17.6207,16.7588,16.9641,400
1996-07-17,16.9093,17.0735,16.7452,16.9641,300
1996-07-18,16.7452,16.7452,16.7452,16.7452,50
1996-07-19,16.6603,16.7999,16.6248,16.7999,500
1996-07-22,16.6986,16.6986,16.6904,16.6904,350
1996-07-23,16.9066,16.9066,16.6932,16.6932,550
1996-07-24,16.6904,17.9491,16.3074,16.3621,1100
1996-07-25,17.1829,17.1829,17.1829,17.1829,50
1996-07-26,16.581,16.5947,16.581,16.5947,400
1996-07-29,16.1432,16.3074,16.1432,16.2663,500
1996-07-30,15.3251,15.8723,15.3224,15.8723,1000
1996-07-31,15.3771,15.3771,15.3771,15.3771,50
1996-08-02,14.6247,14.7751,14.6247,14.7751,200
1996-08-05,14.901,14.9119,14.7751,14.8846,500
1996-08-06,14.4495,14.7751,14.2334,14.2334,850
1996-08-07,14.5015,14.5015,14.5015,14.5015,50
1996-08-08,13.957,14.7751,13.957,14.2279,1900
1996-08-09,13.7217,13.7217,13.708,13.708,100
1996-08-12,13.626,13.6807,13.2429,13.6807,40400
1996-08-13,13.7901,13.7901,13.1362,13.6807,400
1996-08-14,13.4071,13.4071,13.1335,13.1335,150
1996-08-16,12.039,12.6957,12.039,12.6957,150
1996-08-19,12.7258,13.1335,12.039,12.039,1050
1996-08-20,12.8544,13.7901,12.5862,12.8598,25100
1996-08-21,13.2402,13.6807,12.5862,12.6984,900
1996-08-22,13.3523,13.3523,13.3523,13.3523,50
1996-08-23,13.9187,14.5015,13.3004,13.4098,500
1996-08-26,14.3209,15.0488,13.7956,13.9817,2000
1996-08-27,15.0597,15.3224,14.1595,14.1595,1050
1996-08-28,15.7191,16.4168,14.8846,15.0433,2150
1996-08-29,15.4373,15.5385,14.994,15.5385,2850
1996-08-30,14.9585,15.0624,14.6712,15.0624,350
1996-09-02,14.942,15.2622,14.5015,14.7751,1050
1996-09-03,14.0966,15.2129,13.9543,14.2854,1450
1996-09-04,14.0637,14.7724,14.0637,14.7724,100
1996-09-06,14.2279,14.2279,14.1185,14.1185,500
1996-09-09,14.5891,14.994,14.1705,14.1705,2450
1996-09-10,14.5015,14.7724,13.8038,13.8038,1900
1996-09-11,14.5015,15.3224,13.8449,13.8449,650
1996-09-12,14.8518,15.3224,13.7491,15.3224,650
1996-09-13,14.5809,15.2129,13.9543,15.2129,550
1996-09-16,14.3073,15.4865,13.9543,15.4865,850
1996-09-17,14.3921,15.1856,14.3921,15.0488,750
1996-09-18,14.6821,14.7751,14.4495,14.7067,1100
1996-09-19,14.611,15.3224,14.5289,15.3087,1050
1996-09-20,14.7095,15.0323,14.5617,15.0323,1300
1996-09-23,14.7177,14.7751,14.5015,14.5015,1050
1996-09-24,14.6164,14.8435,13.9543,13.9543,1500
1996-09-25,14.6739,15.3771,14.2306,15.2676,1350
1996-09-26,14.663,14.994,14.3374,14.994,1050
1996-09-27,14.31,14.5015,14.31,14.5015,750
1996-09-30,13.9543,14.7615,13.9543,14.7615,500
1996-10-01,13.6807,14.7615,13.6807,14.4468,1550
1996-10-03,13.1335,13.4071,13.1335,13.1909,450
1996-10-04,12.3126,12.7367,12.3126,12.7367,800
1996-10-07,12.7531,13.1335,11.9296,12.7997,2200
1996-10-08,13.1116,13.626,12.6957,13.1198,3350
1996-10-09,12.8927,13.0787,12.5862,12.5862,500
1996-10-10,13.0322,13.0787,12.039,12.039,800
1996-10-11,13.2019,13.3907,12.9693,13.3496,700
1996-10-14,13.5822,13.626,12.6984,13.3523,800
1996-10-15,13.3332,13.5849,13.1335,13.1335,550
1996-10-16,13.314,13.3387,12.6957,13.1335,650
1996-10-17,13.6451,14.1732,13.2867,13.6807,1150
1996-10-18,13.6807,14.5015,13.4071,13.9406,2700
1996-10-22,13.3195,14.5015,13.1335,14.5015,1450
1996-10-23,13.6807,14.2279,13.4071,13.6807,650
1996-10-24,13.8093,14.6383,13.4344,14.2279,1350
1996-10-25,13.9406,14.4194,13.9406,14.4194,200
1996-10-28,13.8449,14.009,13.4645,13.9406,450
1996-10-29,13.771,13.9543,13.4618,13.4618,750
1996-10-31,13.6314,14.5836,13.4071,14.2142,1600
1996-11-01,13.3387,13.3715,13.3387,13.3715,200
1996-11-04,12.983,13.1335,12.9146,12.9146,500
1996-11-05,13.1061,13.1061,12.8763,12.8763,500
1996-11-06,13.0787,13.0787,12.8051,12.8051,200
1996-11-07,12.6245,12.641,12.6136,12.6136,300
1996-11-08,13.1335,13.3387,12.6957,13.3387,350
1996-11-13,13.128,13.128,12.0937,12.0937,200
1996-11-14,12.589,12.9693,12.5862,12.9666,600
1996-11-15,12.5862,12.5862,12.5862,12.5862,300
1996-11-18,13.035,13.4344,12.8051,13.0103,650
1996-11-19,13.0787,13.1307,12.5862,13.035,950
1996-11-20,12.7778,12.8598,12.6957,12.8598,250
1996-11-21,12.983,13.1198,12.8325,13.1198,350
1996-11-22,12.9693,13.0787,12.8598,13.0787,200
1996-11-25,12.7914,13.2839,12.7504,13.2839,200
1996-11-26,13.024,13.024,12.5862,12.8051,1000
1996-11-27,12.7778,13.2839,12.7778,13.2839,150
1996-11-28,12.1977,12.9693,12.039,12.9693,600
1996-11-29,12.2853,13.024,12.039,12.5862,800
1996-12-02,12.1156,13.0787,11.6833,13.0787,700
1996-12-03,11.7654,12.8051,11.7654,12.8051,100
1996-12-04,11.2592,11.7654,11.2182,11.2182,700
1996-12-05,10.8351,10.9445,10.6709,10.9445,500
1996-12-06,10.9993,11.1087,10.6162,10.7257,900
1996-12-09,11.054,11.1087,11.054,11.1087,150
1996-12-10,10.9445,11.4097,10.9445,10.9445,600
1996-12-12,10.4001,11.2154,10.4001,11.054,300
1996-12-13,11.1087,11.1087,11.1087,11.1087,50
1996-12-16,10.5095,11.1087,10.3317,10.3973,650
1996-12-17,10.3809,10.5615,10.1237,10.5615,950
1996-12-18,10.7612,11.1087,10.5068,10.6709,600
1996-12-19,11.0513,11.4918,10.753,10.764,750
1996-12-20,11.4918,11.7654,10.9473,11.2045,800
1996-12-23,11.4918,11.4918,11.4918,11.4918,50
1996-12-24,10.9829,12.2853,10.7804,12.2579,1050
1996-12-26,11.6559,11.6559,11.4781,11.4781,350
1996-12-31,12.0062,12.4357,11.4042,12.4357,300
1997-01-01,12.3591,12.8489,12.039,12.039,750
1997-01-02,12.4221,13.0213,12.3673,13.0213,550
1997-01-03,12.4631,12.4631,12.4631,12.4631,50
1997-01-06,11.6122,12.039,11.604,12.039,400
1997-01-07,12.039,12.039,11.9268,11.9268,350
1997-01-09,12.0062,12.0116,11.5492,11.9022,350
1997-01-10,11.8201,11.8201,11.8201,11.8201,50
1997-01-13,11.4371,11.4371,11.4371,11.4371,50
1997-01-14,11.2154,11.3823,10.9582,11.355,450
1997-01-15,11.7654,11.7654,11.3823,11.3823,1250
1997-01-16,11.7599,11.7654,11.2318,11.7654,950
1997-01-17,10.9445,11.3276,10.9445,11.3276,800
1997-01-20,11.0923,11.1087,11.0567,11.0567,300
1997-01-21,10.9445,10.9445,10.3262,10.6162,1500
1997-01-22,10.9035,10.9035,10.9035,10.9035,500
1997-01-24,10.9993,10.9993,10.9993,10.9993,50
1997-01-27,11.2182,11.2182,10.9445,11.054,350
1997-01-28,11.054,11.054,10.9418,11.054,800
1997-01-29,10.9993,10.9993,10.3973,10.3973,550
1997-01-30,10.9993,10.9993,10.9445,10.9445,150
1997-01-31,10.9993,10.9993,10.9993,10.9993,400
1997-02-03,10.6709,11.0294,10.452,10.452,250
1997-02-04,11.1525,11.3276,10.6709,10.6709,850
1997-02-05,11.4371,11.4371,11.4371,11.4371,50
1997-02-07,11.054,11.1634,10.9993,10.9993,2300
1997-02-10,11.054,11.054,11.054,11.054,50
1997-02-11,10.9993,10.9993,10.9993,10.9993,150
1997-02-12,10.9993,10.9993,10.9993,10.9993,150
1997-02-13,11.0567,11.0595,10.9445,10.9445,350
1997-02-14,11.1087,11.1087,10.9445,10.9445,200
1997-02-17,11.095,11.1634,10.9993,10.9993,300
1997-02-18,11.0047,11.0403,10.5068,10.5341,250
1997-02-19,10.9993,10.9993,10.9993,10.9993,450
1997-02-20,10.9993,10.9993,10.9445,10.9445,150
1997-02-21,11.0075,11.1634,10.9445,10.9445,900
1997-02-24,11.0266,11.1634,10.6709,10.6709,600
1997-02-25,11.1032,11.2017,10.4274,10.6436,750
1997-02-26,11.2565,11.2565,10.6737,10.6737,250
1997-03-03,11.2729,11.6559,11.2729,11.4918,350
1997-03-04,11.4918,11.4918,11.3002,11.4371,350
1997-03-05,11.4918,11.7654,11.4918,11.7654,250
1997-03-06,11.0266,11.4371,10.9445,10.9993,800
1997-03-10,11.1634,11.1634,10.4384,10.4384,20550
1997-03-11,10.9445,11.2729,10.9445,11.054,1200
1997-03-12,11.6012,11.6012,11.2182,11.2182,200
1997-03-17,11.002,11.002,11.002,11.002,50
1997-03-18,10.9445,10.9445,10.9445,10.9445,200
1997-03-19,10.6709,10.6709,10.4001,10.4001,200
1997-03-20,10.9993,11.2154,10.9993,11.2154,150
1997-03-21,10.6709,10.9993,10.2879,10.2879,10250
1997-03-25,11.2182,11.2182,11.2072,11.2072,300
1997-03-26,11.1634,11.1634,10.5752,10.5752,14050
1997-03-27,11.1634,11.1634,11.1634,11.1634,50
1997-03-31,11.2182,11.2182,10.452,10.7804,850
1997-04-01,11.2182,11.4918,10.9445,10.9445,750
1997-04-02,11.2182,11.2182,11.1634,11.2182,900
1997-04-03,11.2182,11.2182,11.1908,11.1908,200
1997-04-04,11.2182,11.2182,10.9445,10.9445,200
1997-04-07,11.1881,11.3796,10.9993,11.1087,350
1997-04-09,11.9296,11.9296,10.9993,10.9993,1350
1997-04-10,11.4918,11.9843,11.4918,11.5027,400
1997-04-11,11.4781,11.4781,11.0266,11.0266,100
1997-04-15,11.6888,11.7654,11.4644,11.4644,550
1997-04-17,11.7627,11.7654,11.1634,11.1634,550
1997-04-21,11.7654,11.7654,11.7654,11.7654,350
1997-04-22,12.3126,12.5862,11.7654,11.7654,32750
1997-04-23,13.1335,13.1335,11.9296,11.9296,7350
1997-04-24,13.2894,13.9543,12.9146,13.1335,7550
1997-04-25,14.113,14.113,13.2976,13.4071,7650
1997-04-28,13.6807,14.2279,13.6807,13.9543,450
1997-04-29,13.3879,13.7901,13.2292,13.6807,1450
1997-04-30,12.9282,13.4071,12.9282,13.4071,200
1997-05-05,12.039,12.3126,12.039,12.3126,150
1997-05-06,11.6559,11.7654,11.6559,11.7654,550
1997-05-07,11.6012,12.039,11.3823,11.6012,14200
1997-05-08,11.6559,11.6559,11.6012,11.6012,350
1997-05-09,11.3714,11.4918,11.2537,11.4918,100
1997-05-12,11.3823,11.6532,11.2182,11.2592,850
1997-05-13,11.251,11.4918,11.2318,11.4918,550
1997-05-14,10.9856,11.4918,10.9856,11.2182,650
1997-05-15,11.3823,11.3823,11.3823,11.3823,100
1997-05-16,11.2182,11.3823,11.1224,11.1224,300
1997-05-19,11.1087,11.1087,11.0595,11.0814,700
1997-05-20,11.1087,11.2127,11.1087,11.2127,600
1997-05-23,10.6709,11.4918,10.6709,11.4918,100
1997-05-26,10.1237,10.5068,10.1237,10.4575,200
1997-05-27,9.95954,10.1237,9.63394,10.1237,250
1997-05-28,9.48345,9.85009,9.36033,9.85009,200
1997-05-29,9.37127,9.37127,9.37127,9.37127,100
1997-05-30,9.52176,9.52176,9.36033,9.51628,450
1997-06-02,9.4643,9.4643,9.35759,9.36033,150
1997-06-03,9.54912,9.83915,9.46703,9.83915,500
1997-06-04,9.79537,9.79537,9.79537,9.79537,50
1997-06-05,9.35759,9.59016,9.24814,9.57648,450
1997-06-09,8.70639,9.08398,8.70639,9.08398,250
1997-06-10,8.37258,8.37258,8.20841,8.20841,250
1997-06-11,7.92659,8.31238,7.78705,7.98952,1500
1997-06-12,8.47655,8.48203,7.82535,7.83903,2350
1997-06-13,9.0703,9.0703,9.05661,9.05661,350
1997-06-16,9.70508,9.70508,9.43967,9.43967,900
1997-06-17,9.75433,9.93218,9.43967,9.79537,5900
1997-06-18,10.4028,10.4028,9.90482,10.069,2300
1997-06-19,10.816,11.054,10.7558,11.054,2550
1997-06-20,10.5889,10.753,10.3973,10.6709,1100
1997-06-23,10.7393,11.2182,10.3973,10.9445,2200
1997-06-24,10.2879,11.1634,10.1237,11.1634,1650
1997-06-25,9.93218,9.95954,9.90482,9.90482,100
1997-06-26,9.79537,9.95954,9.59016,9.59016,500
1997-06-27,10.214,10.452,9.85009,9.95954,3450
1997-06-30,10.3508,10.8214,9.9869,10.069,3950
1997-07-01,10.504,11.054,10.2605,10.9993,1650
1997-07-02,10.6135,11.2182,10.4575,11.2182,1100
1997-07-03,10.5068,10.8351,10.1784,10.7941,1450
1997-07-04,10.4466,10.6162,10.2058,10.3946,1350
1997-07-07,10.1237,10.6983,10.0416,10.6709,4450
1997-07-08,9.6312,10.2332,9.6312,10.1237,3100
1997-07-09,10.1237,10.1237,9.90482,10.069,1350
1997-07-10,10.1948,10.452,10.1237,10.452,1800
1997-07-11,9.9869,10.6709,9.9869,10.3973,1000
1997-07-14,9.28919,9.86104,9.28919,9.86104,600
1997-07-15,9.25909,9.57648,9.02925,9.30287,1000
1997-07-16,9.41231,9.57648,9.16606,9.22078,950
1997-07-17,9.19342,9.19342,9.02925,9.18521,950
1997-07-21,9.51081,9.83368,8.94717,8.94717,950
1997-07-22,9.34391,9.57648,9.05661,9.30287,1250
1997-07-23,9.43147,9.79537,9.36306,9.41231,1400
1997-07-24,9.22625,9.79537,9.22625,9.6312,2200
1997-07-25,9.38769,9.4041,9.08398,9.08398,850
1997-07-28,8.9499,9.63394,8.91434,9.30287,750
1997-07-29,9.57648,9.57648,8.75564,9.1387,2950
1997-07-30,9.04841,9.24814,9.02925,9.02925,650
1997-07-31,8.87329,9.6312,8.67629,9.2372,8950
1997-08-01,9.18521,9.43967,8.89245,8.89245,3300
1997-08-04,9.22899,9.30287,8.86508,8.86508,950
1997-08-05,9.05114,9.52176,9.03473,9.30287,1750
1997-08-06,9.04567,9.30287,8.86508,9.1387,750
1997-08-07,9.19342,9.30287,9.1387,9.30287,700
1997-08-08,9.36306,9.78169,9.11407,9.11407,15550
1997-08-11,9.57648,9.68593,9.57648,9.68593,150
1997-08-12,9.35485,9.79537,9.19342,9.79537,1050
1997-08-13,9.39042,9.41231,9.05935,9.41231,18750
1997-08-14,9.3056,9.51628,9.22078,9.34938,1700
1997-08-18,9.00189,9.02925,8.81036,8.84046,1100
1997-08-19,8.75564,8.91434,8.75564,8.8131,450
1997-08-20,9.3658,9.36853,9.19616,9.24814,1750
1997-08-21,9.33844,9.38495,9.11681,9.38495,1700
1997-08-22,9.28919,9.33023,9.28919,9.30287,550
1997-08-25,9.33023,9.33023,9.19342,9.28919,450
1997-08-26,9.19616,9.35759,9.19616,9.30287,500
1997-08-27,9.3056,9.37127,9.30013,9.30287,1150
1997-08-28,9.24814,9.30287,9.19342,9.2071,350
1997-08-29,9.31381,9.31655,9.19616,9.19616,650
1997-09-01,9.14143,9.24267,9.14143,9.22078,850
1997-09-02,9.08671,9.16606,9.08671,9.16606,700
1997-09-03,8.86782,8.97453,8.70092,8.86508,550
1997-09-04,8.87877,8.87877,8.75564,8.81036,1100
1997-09-05,9.19889,9.30287,8.98821,9.02925,1350
1997-09-08,9.47251,9.71329,9.08398,9.57648,4950
1997-09-09,9.52176,9.57648,9.37127,9.57648,3300
1997-09-10,9.14143,9.46703,9.11954,9.4643,1600
1997-09-11,9.11954,9.19069,9.06756,9.19069,650
1997-09-12,9.08398,9.08398,9.08398,9.08398,100
1997-09-15,9.11134,9.17427,8.97453,9.08398,600
1997-09-16,8.89245,9.01831,8.83772,8.83772,700
1997-09-17,8.54496,8.86508,8.54496,8.83772,600
1997-09-18,8.79668,8.96085,8.50939,8.56411,1800
1997-09-19,8.64619,8.64619,8.48203,8.48203,1100
1997-09-22,8.95264,9.02925,8.31786,8.31786,2050
1997-09-23,9.1387,9.40137,8.75564,9.02925,2750
1997-09-24,8.70092,8.91981,8.70092,8.91981,500
1997-09-25,8.48203,8.50939,8.48203,8.50939,200
1997-09-26,8.58326,8.58326,8.1017,8.1017,250
1997-09-29,8.48203,8.48203,8.27408,8.27408,300
1997-09-30,8.83499,8.90613,8.45466,8.45466,950
1997-10-01,8.76111,9.19342,8.53675,8.80215,1100
1997-10-09,8.78847,9.19342,8.37258,8.75564,900
1997-10-10,8.97179,8.97453,8.53948,8.53948,650
1997-10-13,9.06482,9.42052,8.75564,9.1387,2150
1997-10-14,8.77753,9.02378,8.70365,8.91981,1100
1997-10-15,8.39173,8.57779,8.38626,8.53675,550
1997-10-16,8.63799,8.75564,8.48476,8.4875,700
1997-10-17,8.72828,8.75564,8.48476,8.53675,1150
1997-10-20,8.63799,8.75564,8.4273,8.4273,1100
1997-10-21,8.73922,8.75564,8.61883,8.75564,450
1997-10-22,8.70912,8.7529,8.48203,8.48203,1650
1997-10-23,8.37258,8.50939,8.27408,8.48203,3150
1997-10-24,8.23577,8.2905,8.10444,8.10717,400
1997-10-27,8.15369,8.15369,7.93753,7.93753,200
1997-10-28,7.77063,8.09897,7.74874,8.09897,1400
1997-10-29,7.84724,7.9348,7.67213,7.71591,1000
1997-10-30,7.79799,7.89376,7.79799,7.89376,350
1997-11-03,7.67486,7.85271,7.65845,7.66118,850
1997-11-04,7.59552,7.66118,7.49702,7.66118,1000
1997-11-05,7.38757,7.49702,7.2234,7.49702,900
1997-11-06,7.11396,7.11396,7.11396,7.11396,100
1997-11-07,7.16321,7.36021,7.00451,7.12764,700
1997-11-10,6.8595,6.8677,6.81298,6.84034,400
1997-11-11,7.01819,7.05923,6.70354,6.73363,2550
1997-11-12,6.74458,7.00451,6.67617,7.00451,800
1997-11-13,6.67617,6.99904,6.43266,6.94979,750
1997-11-17,6.50653,6.55031,6.34784,6.48465,1150
1997-11-18,6.46002,6.8294,6.18641,6.23839,3650
1997-11-19,6.14536,6.7309,6.14536,6.7309,4350
1997-11-20,5.90732,6.10159,5.85533,6.0195,2750
1997-11-21,5.80061,6.0195,5.74589,6.00582,6100
1997-11-24,5.80061,5.80061,5.80061,5.80061,250
1997-11-25,5.80061,6.07422,5.80061,5.91006,1700
1997-11-26,5.93195,5.93195,5.80061,5.80061,900
1997-11-27,6.0195,6.07422,5.80061,6.07422,850
1997-11-28,5.99214,6.07422,5.81703,6.0195,700
1997-12-01,6.0195,6.29312,5.80061,6.29312,450
1997-12-02,5.74589,6.0195,5.74589,5.91006,1600
1997-12-03,5.50237,5.74589,5.47227,5.74589,3450
1997-12-04,5.36009,5.46954,5.25338,5.41755,550
1997-12-05,5.47227,5.527,5.1713,5.19866,1950
1997-12-08,5.527,5.6939,5.47227,5.6638,5800
1997-12-09,5.4367,5.80061,5.27254,5.74589,650
1997-12-10,5.45586,5.62003,5.28075,5.39019,900
1997-12-11,5.25338,5.36009,5.19866,5.20413,5700
1997-12-12,5.46954,5.47227,5.14941,5.47227,450
1997-12-15,5.19866,5.58172,5.19866,5.57898,300
1997-12-16,5.10563,5.24791,4.95241,4.97977,2050
1997-12-17,4.92231,4.97703,4.85391,4.87032,550
1997-12-18,4.70616,4.8156,4.67879,4.8156,700
1997-12-19,4.47906,4.78824,4.47085,4.70616,2300
1997-12-22,4.36688,4.54199,4.35046,4.44349,800
1997-12-23,4.50915,4.56935,4.34499,4.34499,1500
1997-12-24,4.54746,4.65143,4.47358,4.56935,5400
1997-12-26,4.69521,4.76088,4.51463,4.54199,5100
1997-12-29,4.72804,4.92505,4.53652,4.91957,1400
1997-12-30,4.8457,4.92505,4.60218,4.91957,1050
1997-12-31,5.0728,5.0728,4.96609,5.06185,650
1998-01-01,5.32726,5.32726,5.19866,5.25338,1750
1998-01-02,5.39019,5.5653,5.39019,5.4668,1350
1998-01-05,5.13299,5.47227,5.12478,5.47227,4100
1998-01-06,4.90042,5.1412,4.87853,4.90316,4850
1998-01-07,4.96335,5.04817,4.87032,5.03449,4250
1998-01-08,4.7773,5.03449,4.70616,5.03449,6150
1998-01-09,4.65143,4.90863,4.59397,4.84296,5350
1998-01-12,4.37782,4.65143,4.21365,4.59671,3050
1998-01-13,4.14525,4.37782,4.05496,4.26837,3650
1998-01-14,4.45443,4.54199,4.3231,4.48727,700
1998-01-15,4.26837,4.45443,4.21365,4.4517,2100
1998-01-16,4.26837,4.48179,4.24375,4.38056,1550
1998-01-19,4.18629,4.53652,4.18629,4.53652,850
1998-01-20,4.04675,4.40518,4.04401,4.40518,1800
1998-01-21,4.21365,4.3231,3.99476,4.3231,1250
1998-01-22,4.06316,4.19723,4.04948,4.04948,2150
1998-01-23,4.00844,4.10421,3.97287,4.07684,550
1998-01-27,3.71294,4.13157,3.6117,4.13157,800
1998-01-28,3.83606,3.99476,3.72388,3.82512,400
1998-01-29,3.88258,3.99202,3.72115,3.83333,3350
1998-01-30,3.89079,4.04948,3.83059,3.84427,3400
1998-02-02,3.98655,3.98655,3.83059,3.88531,2550
1998-02-03,3.99202,4.04948,3.83059,3.88805,1500
1998-02-04,4.04948,4.36414,4.00297,4.26837,500
1998-02-05,3.99476,4.04948,3.99476,4.04948,250
1998-02-06,4.10147,4.10421,3.99476,4.04675,1150
1998-02-09,4.04948,4.15619,4.02212,4.15619,1100
1998-02-10,4.01118,4.07411,3.98108,4.04948,1100
1998-02-11,3.88258,3.98929,3.79776,3.98929,500
1998-02-12,3.80597,3.83059,3.5433,3.55698,700
1998-02-13,3.47763,3.9674,3.42838,3.96466,5350
1998-02-17,3.44753,3.74851,3.44753,3.74851,3100
1998-02-18,3.39281,3.55698,3.39281,3.55698,3900
1998-02-19,3.40649,3.54056,3.17392,3.44753,5600
1998-02-20,3.14382,3.33809,3.09184,3.33809,12500
1998-02-23,3.00701,3.26968,2.8319,3.22591,8650
1998-02-24,2.98513,3.00975,2.91125,2.95503,3100
1998-02-25,3.17392,3.22864,2.92219,2.92219,1950
1998-02-26,3.34082,3.48857,2.90031,3.27516,11200
1998-02-27,3.48584,3.50226,3.36545,3.43385,5000
1998-03-02,3.70473,3.72115,3.48584,3.55698,5650
1998-03-03,3.67463,3.72115,3.43659,3.43659,6250
1998-03-04,3.53509,3.83059,3.42017,3.7403,19450
1998-03-05,3.50226,3.55698,3.42017,3.55698,11850
1998-03-06,3.44753,3.44753,3.36545,3.36545,4000
1998-03-09,3.28336,3.52962,3.17392,3.52962,14900
1998-03-10,3.3162,3.50226,3.26148,3.44206,19100
1998-03-11,3.29431,3.4448,3.29431,3.43385,26500
1998-03-12,3.39828,3.50226,3.33809,3.33809,10250
1998-03-16,3.49952,3.50226,3.40923,3.46942,1500
1998-03-17,3.58434,3.6117,3.50226,3.50226,4400
1998-03-18,3.94277,3.94277,3.75398,3.83059,3050
1998-03-19,4.33951,4.33951,4.13157,4.3231,12050
1998-03-20,4.47632,4.47632,4.35046,4.35046,1450
1998-03-23,4.47906,4.47906,4.47632,4.47632,200
1998-03-24,4.48179,4.48179,4.48179,4.48179,1150
1998-03-25,4.93052,4.93052,4.93052,4.93052,250
1998-03-26,5.42576,5.42576,5.42576,5.42576,750
1998-03-27,5.59814,5.59814,5.59814,5.59814,1700
1998-03-30,5.60087,5.60087,5.60087,5.60087,200
1998-03-31,5.60361,5.60361,5.60361,5.60361,100
1998-04-01,5.82797,0,0,0,100000
1998-04-02,6.41077,6.41077,6.41077,6.41077,50
1998-04-03,6.99904,6.99904,6.99904,6.99904,650
1998-04-06,7.00178,7.00178,7.00178,7.00178,150
1998-04-07,7.00451,7.00451,7.00451,7.00451,100
1998-04-09,7.70496,7.70496,7.70496,7.70496,150
1998-04-10,8.75564,8.75564,8.48476,8.48476,4150
1998-04-13,8.75838,8.75838,8.75564,8.75564,400
1998-04-15,9.63667,9.63667,9.6312,9.6312,1650
1998-04-16,10.6025,10.6025,10.3973,10.5889,15300
1998-04-17,9.97869,10.6983,9.56554,10.6025,133950
1998-04-20,10.909,10.9391,9.57648,9.84462,111750
1998-04-21,10.9418,10.9418,10.6189,10.9391,6050
1998-04-22,11.8393,12.0363,11.5465,11.686,20050
1998-04-23,12.63,13.024,11.4918,11.9843,23450
1998-04-24,13.667,13.667,13.667,13.667,10350
1998-04-27,13.6725,13.6725,13.6697,13.6697,600
1998-04-28,13.6779,13.6779,13.6779,13.6779,250
1998-04-29,15.046,15.046,15.046,15.046,900
1998-04-30,15.3634,16.5509,14.31,16.529,33700
1998-05-04,16.9011,16.9011,16.3895,16.4168,44250
1998-05-05,16.7151,17.0844,16.4469,17.0817,25850
1998-05-06,15.15,17.5113,15.0488,17.4839,136400
1998-05-08,15.4592,16.3621,14.3374,14.3374,136850
1998-05-11,16.2143,16.4168,15.8149,16.0338,68600
1998-05-12,14.8134,16.0858,14.611,15.8149,53300
1998-05-13,14.8052,15.4838,14.5562,14.7888,31500
1998-05-14,15.3306,15.4318,14.5562,15.0953,21000
1998-05-15,15.3005,15.596,15.2129,15.3224,20450
1998-05-18,16.8245,16.8327,15.1664,15.4783,60550
1998-05-19,17.9983,18.4416,16.581,17.2377,64950
1998-05-20,18.1762,19.4266,17.6207,19.4266,100800
1998-05-21,17.3909,18.1734,16.6904,18.1734,31200
1998-05-22,16.4004,18.0585,16.1432,17.4018,66050
1998-05-25,17.9792,18.0421,17.0735,17.2377,69550
1998-05-26,16.5618,18.6605,16.4168,17.867,61950
1998-05-27,16.9558,18.0585,16.6357,17.9491,46200
1998-05-28,16.9558,17.2814,16.6467,16.6904,17650
1998-05-29,16.6056,16.7452,15.8887,16.6084,35400
1998-06-01,16.4278,17.0735,16.1514,16.6904,17500
1998-06-02,14.9503,16.4278,14.8025,16.4278,55800
1998-06-03,15.1226,15.7601,14.9393,15.1582,13600
1998-06-04,15.3935,15.4865,15.2129,15.3224,16500
1998-06-05,14.7943,15.3169,14.7751,15.2676,16800
1998-06-08,13.4509,14.009,13.3195,13.8996,17000
1998-06-09,13.3688,13.6752,12.8051,13.626,12650
1998-06-10,13.169,13.5712,12.8626,13.0787,14250
1998-06-11,12.92,13.0185,11.8748,12.6957,11300
1998-06-12,12.474,13.0733,12.4494,12.8571,12700
1998-06-15,11.9569,12.3728,11.7681,12.3126,120000
1998-06-16,11.645,11.8748,11.2729,11.7654,35100
1998-06-17,11.645,12.19,11.3,11.7,8500
1998-06-18,11.855,12.19,11.7,11.7,7000
1998-06-19,11.9,12,11.5,11.655,4350
1998-06-22,11.9,12.1,11.02,11.02,4600
1998-06-23,11.7,12.045,11.3,11.3,2100
1998-06-24,12.855,12.855,12,12,5650
1998-06-25,13.755,14.14,13.5,14.1,5250
1998-06-26,13.745,13.8,12.5,12.5,3550
1998-06-29,14.01,14.1,13.625,13.8,2050
1998-06-30,13.825,14.3,13.7,14.2,2400
1998-07-01,13.61,13.8,13.605,13.8,1050
1998-07-02,13.39,14,13.205,14,2500
1998-07-03,13.035,13.2,12.995,13.05,1750
1998-07-06,13.1,13.5,13,13.3,900
1998-07-07,13.25,13.395,12.515,12.515,1050
1998-07-08,13.53,13.65,13.025,13.29,1700
1998-07-09,13.65,13.83,13.525,13.73,1850
1998-07-10,13.57,13.85,13.415,13.7,3500
1998-07-13,13.825,14,13.65,13.9,5650
1998-07-14,14.165,14.5,13.21,13.5,12550
1998-07-15,14.42,14.8,14.215,14.215,2250
1998-07-16,15.575,15.575,14.7,14.7,3950
1998-07-17,16.82,16.82,16.8,16.8,1100
1998-07-20,18.17,18.17,18.17,18.17,11700
1998-07-21,18.065,19.6,16.75,16.75,17550
1998-07-22,17.3,19.5,17,18.995,9250
1998-07-23,16.96,18.685,16.3,17.985,25800
1998-07-24,16.06,17.3,16,16.35,9250
1998-07-27,14.97,16.25,14.8,16.25,7000
1998-07-28,13.865,15.2,13.8,15.2,7400
1998-07-29,14.925,14.97,14.5,14.5,7350
1998-07-30,14.995,16,14.8,16,3750
1998-07-31,14.9,15.04,14.8,15,1150
1998-08-03,14.465,14.7,14,14.25,1050
1998-08-04,13.48,14.185,13.35,14.125,2750
1998-08-05,13.795,13.795,13.4,13.5,7000
1998-08-06,13.655,14,13.63,14,1850
1998-08-07,13.53,13.6,13,13.6,900
1998-08-10,13.155,13.375,13.11,13.2,1300
1998-08-11,12.42,13.02,12.205,13.02,4450
1998-08-12,12.485,12.625,11.5,11.5,1100
1998-08-13,13.075,13.1,12.3,12.3,2750
1998-08-14,12.96,13.1,12.6,12.6,3450
1998-08-17,12.605,13.1,12.6,12.8,1550
1998-08-18,12.525,12.7,12.35,12.7,6050
1998-08-19,12.05,12.75,12,12.7,7350
1998-08-20,12.19,12.49,11.955,12.39,8300
1998-08-21,12.535,12.7,12.3,12.4,3600
1998-08-24,12.51,12.6,12.39,12.39,1900
1998-08-25,12.925,13,12.415,12.5,6450
1998-08-27,13.185,13.5,13,13.2,7550
1998-08-28,12.7,13.1,12.63,13,2450
1998-08-31,13,13.715,12.82,13.2,8750
1998-09-01,12.835,13.6,12.8,13.1,10000
1998-09-02,12.555,13.3,12.45,13.1,16050
1998-09-03,12.5,12.8,12.5,12.78,4550
1998-09-04,12.635,12.785,12.51,12.69,3900
1998-09-07,12.65,12.75,12.61,12.695,4150
1998-09-08,12.61,13,12.5,13,5750
1998-09-09,12.735,13,12.71,12.75,3900
1998-09-10,12.885,13,12.64,12.79,2050
1998-09-11,12.8,12.84,12.61,12.615,2100
1998-09-14,12.655,12.9,12.655,12.9,1300
1998-09-15,12.72,12.805,12.66,12.75,4950
1998-09-16,12.975,13.09,12.815,12.99,10650
1998-09-17,12.965,13.2,12.96,13,2150
1998-09-18,13,13.7,12.9,13.09,19350
1998-09-21,13.73,14.04,13,13.015,26400
1998-09-22,14.295,14.6,13.825,13.875,31800
1998-09-23,15.44,15.44,15.4,15.44,13250
1998-09-24,15.87,16.65,15.625,16.375,86450
1998-09-25,15.735,16,15.4,15.4,17250
1998-09-28,15.525,15.9,15.5,15.9,17600
1998-09-29,15.135,15.66,14.8,15.66,29650
1998-09-30,15.315,16.345,14.9,16.345,22650
1998-10-05,14.765,15,14.625,14.72,22250
1998-10-06,14.885,14.95,14.545,14.565,14250
1998-10-07,14.915,15.02,14.8,15,8600
1998-10-08,14.635,15,14.61,14.95,7400
1998-10-09,14.39,14.72,14.35,14.7,15000
1998-10-12,13.38,14.31,13.3,14.3,14400
1998-10-13,13.2,13.5,12.85,13.5,10350
1998-10-14,12.73,13.61,12.145,13.61,16800
1998-10-15,12.205,12.4,11.9,11.9,12150
1998-10-16,11.415,12.2,11.25,12.105,20100
1998-10-19,10.505,11.35,10.505,11.1,15650
1998-10-20,10.515,11.315,9.715,10.105,49250
1998-10-22,9.885,10.8,9.75,10.8,15450
1998-10-23,10.545,10.68,9.9,10.19,23500
1998-10-26,11.39,11.39,11.025,11.39,9650
1998-10-27,12.305,12.305,11.89,11.89,24650
1998-10-28,13.255,13.29,13,13.1,21650
1998-10-29,12.5,13.105,12.3,13.105,9000
1998-10-30,12.58,12.89,12.45,12.79,4450
1998-11-02,12.06,12.5,12.06,12.5,4700
1998-11-03,11.975,12.1,11.85,12.005,13900
1998-11-05,12.03,12.365,12,12,6200
1998-11-06,12.095,12.3,12,12.295,5550
1998-11-09,12.05,12.3,12.025,12.19,1800
1998-11-10,12.19,12.5,11.83,11.95,3550
1998-11-11,12.305,12.6,12.29,12.4,3200
1998-11-12,13,13,13,13,5
1998-11-13,12.055,12.335,12,12,3250
1998-11-16,12.005,12.165,12,12,1850
1998-11-17,12.12,12.2,12,12,5100
1998-11-18,12.1,13.085,12,12.4,100900
1998-11-19,13.07,13.07,12.8,12.8,49850
1998-11-20,13.45,13.8,12.82,13.45,12700
1998-11-23,13.7,13.8,12.85,13.4,29050
1998-11-24,12.95,13.9,12.95,13.69,35300
1998-11-26,13.6,14.13,13.2,13.8,28750
1998-11-27,13,13.4,13,13.25,11150
1998-11-30,13.2,13.47,12,12.7,8850
1998-12-01,13.9,14,12.515,12.515,45950
1998-12-02,14.25,14.605,13.695,14.11,56600
1998-12-03,14.07,14.8,14.01,14.59,38900
1998-12-04,14,14.29,13.93,14.035,8000
1998-12-07,14.3,14.55,14,14.45,33300
1998-12-08,14.2,14.53,13.81,14.53,26350
1998-12-09,14.1,14.3,14,14.3,8600
1998-12-10,13.44,13.99,13.105,13.91,5450
1998-12-11,12.89,13.5,12.6,13.49,9250
1998-12-14,13,13.3,12.905,13.095,8350
1998-12-15,12.875,13.18,12.65,12.65,9650
1998-12-16,13.3,13.7,13,13,11200
1998-12-17,12.995,13.495,12.7,13.1,8900
1998-12-18,13,13,12.875,13,2200
1998-12-21,13.3,13.55,13,13,8000
1998-12-22,13.3,13.45,13.1,13.3,4950
1998-12-23,14.295,14.355,13.305,13.305,45750
1998-12-24,15,15,13.8,13.9,30950
1998-12-28,15.35,15.35,14.6,15.1,28150
1998-12-29,15.05,15.55,14.76,15.1,79200
1998-12-30,15.5,15.5,15.5,15.5,2
1998-12-31,15.05,15.595,14.85,15.205,37600
1999-01-01,14.925,15.01,14.5,14.825,3700
1999-01-04,14.3,15.2,14.2,15.19,26700
1999-01-05,14.3,14.635,14.1,14.4,5800
1999-01-06,14.8,15.445,14.63,15.445,5800
1999-01-07,14.5,15.2,14.5,15.1,5450
1999-01-08,15.25,15.4,14.35,14.79,10800
1999-01-11,15,16.2,14.8,15.005,27050
1999-01-12,14.45,15,14.15,14.9,5950
1999-01-13,14.755,15,14.7,14.8,2850
1999-01-14,14.4,14.75,14.4,14.69,2150
1999-01-15,14.2,14.8,14.105,14.8,2500
1999-01-18,14.1,14.21,14.025,14.21,1850
1999-01-19,13.9,14.025,13.625,14.025,3350
1999-01-21,14.745,14.8,13.6,13.6,3100
1999-01-22,14.305,14.69,14.3,14.6,2650
1999-01-25,14.48,14.48,14,14.215,3600
1999-01-27,14.71,14.995,14.5,14.9,2650
1999-01-28,14.5,14.975,14.5,14.94,2750
1999-01-29,14.115,14.5,14.115,14.215,2500
1999-02-01,14.08,14.15,13.9,14.01,2300
1999-02-02,13.55,13.81,13.105,13.56,4450
1999-02-03,13.85,14.2,13.72,13.9,3300
1999-02-04,14,14.3,14,14,4600
1999-02-05,13.7,13.995,13.7,13.95,3650
1999-02-08,13.4,14.2,13.4,13.8,3250
1999-02-09,13.1,13.205,12.8,13.055,6450
1999-02-10,13.82,14.15,13.725,14,8200
1999-02-11,13.85,14.4,13.65,14,7450
1999-02-12,13.55,13.9,13.43,13.895,3300
1999-02-15,13.3,14.45,13.3,14.45,9700
1999-02-16,14.1,14.1,13.2,13.6,26600
1999-02-17,14.3,15.19,13.825,15.19,16400
1999-02-18,13.625,14.69,13.55,14.2,8350
1999-02-19,13.27,13.8,12.95,13.75,19250
1999-02-22,12.8,13.895,12.65,13.895,5300
1999-02-23,12.29,12.7,12,12.4,13800
1999-02-24,12,12.6,12,12.6,7800
1999-02-25,12.295,12.35,12.105,12.2,2300
1999-02-26,12.495,12.495,12.05,12.295,2400
1999-03-01,12.39,12.785,12.175,12.7,4850
1999-03-03,12.8,13.385,12.725,13.18,7300
1999-03-04,12.145,12.9,11.9,12.8,10200
1999-03-05,11.95,12.35,11.8,12.35,10850
1999-03-08,12.05,12.375,11.82,12.375,30550
1999-03-09,11.765,12.29,11.725,12.29,14500
1999-03-10,12.5,12.5,12.5,12.5,2
1999-03-11,13.01,13.725,12.9,13,34900
1999-03-12,13,13.05,12.625,12.9,4250
1999-03-15,12.85,13.21,12.525,13.21,9950
1999-03-16,12.405,12.8,12.005,12.005,18650
1999-03-17,12.8,12.8,12.8,12.8,1
1999-03-18,14.475,14.475,13.25,13.25,65150
1999-03-19,14.5,15.4,14.325,15.4,35450
1999-03-22,16.915,16.915,16.1,16.915,120200
1999-03-23,18.2,18.27,17.2,17.5,135050
1999-03-24,19.2,19.66,18.21,19.66,180550
1999-03-25,17.8,19.59,17.665,18.5,98500
1999-03-26,16.635,17.6,16.38,17.3,67450
1999-03-30,17.97,17.97,17,17.7,75650
1999-03-31,19.41,19.41,19.385,19.385,11600
1999-04-01,20.2,20.965,18.9,20.965,287700
1999-04-05,18.585,18.97,18.585,18.6,40300
1999-04-06,17.625,17.89,17.1,17.1,102200
1999-04-07,17.8,18.4,17.5,18,65050
1999-04-08,16.8,18,16.625,18,28200
1999-04-09,15.6,16.7,15.46,16.7,41600
1999-04-12,15.425,15.87,14.375,15.1,46500
1999-04-13,14.755,15.64,14.755,14.83,53150
1999-04-15,13.58,14.6,13.58,14,53700
1999-04-16,14.67,14.67,13.4,13.8,56950
1999-04-19,14.645,14.645,12.575,12.8,64750
1999-04-20,14.45,14.99,14.05,14.7,66400
1999-04-21,15.545,15.6,14.7,14.88,52200
1999-04-22,14.62,15.79,14.5,15.41,47900
1999-04-23,14.05,15,13.8,14.635,45700
1999-04-26,12.93,13.3,12.93,12.97,25650
1999-04-28,13.4,13.6,12.235,12.4,42650
1999-04-29,14.095,14.2,13.4,13.55,36000
1999-04-30,14.15,14.3,13.8,13.99,24200
1999-05-03,13.41,14.385,13.41,14.06,23700
1999-05-04,13.92,14,13.53,13.6,34450
1999-05-05,14.5,14.95,14.12,14.35,56850
1999-05-06,14.8,14.87,14.4,14.67,37950
1999-05-07,14.365,14.78,14.36,14.7,22150
1999-05-10,13.74,14.5,13.7,14.25,25950
1999-05-11,14.245,14.25,13.7,13.85,42400
1999-05-12,13.95,14.595,13.515,14.275,38150
1999-05-13,14.17,14.375,13.8,14.2,13150
1999-05-14,14.205,14.45,14.075,14.25,16600
1999-05-17,13.97,14.3,13.855,14.015,18550
1999-05-18,14.25,14.3,13.85,14.05,26800
1999-05-19,14.2,14.55,14,14.45,32150
1999-05-20,14.25,14.36,14.11,14.29,12800
1999-05-21,14.29,14.4,14.155,14.4,17150
1999-05-24,14.315,14.34,14.02,14.34,12050
1999-05-25,15.46,15.46,14.325,14.35,12600
1999-05-26,16.7,16.7,16,16.7,155350
1999-05-27,15.375,16.7,15.375,16.7,53500
1999-05-28,14.7,14.95,14.2,14.615,36000
1999-05-31,15.225,15.4,14.65,14.995,40450
1999-06-01,14.06,15.15,14.06,15,53850
1999-06-02,14.5,14.6,14.25,14.45,12850
1999-06-03,14.56,14.78,14.5,14.78,14100
1999-06-04,14.265,14.68,13.5,13.5,17900
1999-06-07,14.22,14.25,14,14.25,10500
1999-06-08,14.915,14.915,13.855,14.025,21250
1999-06-09,14.4,14.5,14.25,14.3,9300
1999-06-10,14.37,14.59,14.27,14.59,5250
1999-06-11,14.16,14.26,13.905,14.25,24200
1999-06-14,13.6,13.87,13.51,13.53,9400
1999-06-15,13.165,13.7,13.05,13.7,15050
1999-06-16,13.435,13.56,13.2,13.49,8750
1999-06-17,14,14,13.4,13.4,22
1999-06-18,13.275,13.75,13.255,13.75,6400
1999-06-21,13.38,13.55,13.2,13.375,7150
1999-06-22,13.32,13.525,13.15,13.525,17600
1999-06-23,13.765,14.3,13.5,13.6,51750
1999-06-24,13.81,13.945,13.65,13.7,8450
1999-06-25,13.9,13.95,13.75,13.775,7000
1999-06-28,14.215,14.285,13.7,13.7,16750
1999-06-29,14.005,14.18,13.82,14,27700
1999-06-30,15.125,15.125,14.075,14.075,28250
1999-07-01,16,16,16,16,5
1999-07-02,16.6,16.6,16.5,16.5,12
1999-07-05,17.24,17.24,16.255,16.5,59500
1999-07-06,17.705,18.6,17.33,17.78,50450
1999-07-07,16.93,18,16.805,18,43500
1999-07-08,16.84,17.3,16.41,17,28250
1999-07-09,16.62,17,16.505,16.7,14750
1999-07-12,16.92,17.1,16.75,16.805,31100
1999-07-13,15.8,15.8,15.8,15.8,84
1999-07-14,16.51,16.51,16.51,16.51,5
1999-07-15,17,17,17,17,5
1999-07-16,16.79,17.145,16.7,17,12800
1999-07-19,16.73,17.05,16.555,16.99,18000
1999-07-20,15.875,16.625,15.635,16.5,48050
1999-07-21,17,17,16.9,16.9,20
1999-07-22,16.24,18.5,16.005,17.7,87800
1999-07-23,16.335,16.5,16.15,16.2,19700
1999-07-26,15.065,16.49,15.03,16.49,44500
1999-07-27,14.645,15.2,14.2,14.93,49900
1999-07-28,13.8,13.8,13.8,13.8,6
1999-07-29,15.245,15.5,15.04,15.5,16800
1999-07-30,14.915,15.4,14.6,15.34,19750
1999-08-02,14.59,14.8,14.46,14.7,24950
1999-08-03,14.665,14.9,14.355,14.355,44700
1999-08-04,15.185,15.4,15.09,15.2,22050
1999-08-05,15.45,15.75,15.355,15.59,20350
1999-08-06,16.54,16.69,15.465,15.465,47950
1999-08-09,16.375,17,16,16.975,34950
1999-08-10,16.5,16.5,16.5,16.5,15
1999-08-11,17.105,17.295,16.5,16.8,93850
1999-08-12,17.265,17.875,17.055,17.875,48300
1999-08-13,18,18.45,18,18.45,30
1999-08-16,18.47,20,18.2,18.4,134650
1999-08-17,18.465,19.4,18.1,19.4,97200
1999-08-18,19.1,19.9,18.8,19,93350
1999-08-19,17.82,19.45,17.62,19.2,34800
1999-08-20,17.945,18.445,17.65,18.06,65300
1999-08-23,19.385,19.385,19,19,23150
1999-08-24,20.22,20.85,19.305,20.7,193100
1999-08-25,19.905,21.445,19.51,21.435,128750
1999-08-26,20,20,20,20,40
1999-08-27,20,20,20,20,30
1999-08-30,19.94,19.94,19.94,19.94,13
1999-08-31,18.845,19.6,18.12,18.12,122500
1999-09-01,19.5,19.5,19.5,19.5,21
1999-09-02,18.915,19.65,18.8,19.65,31450
1999-09-03,20.08,20.37,18.87,19,145750
1999-09-06,19.685,20.465,19.45,20.2,135150
1999-09-07,20.7,21,20.7,21,622
1999-09-08,20.21,20.21,20.21,20.21,1050
1999-09-09,21.83,21.83,21.6,21.6,26450
1999-09-10,20.6,20.6,20.6,20.6,33
1999-09-14,22,22,22,22,10
1999-09-15,23.7,23.7,23.4,23.7,150
1999-09-16,22.62,23.4,22.31,23,82600
1999-09-17,22.89,23,21.51,22.3,95600
1999-09-20,22.08,22.95,22,22.6,58900
1999-09-21,21.725,22.2,21.5,22.2,53350
1999-09-22,20.4,20.4,20.4,20.4,6
1999-09-23,21.765,21.9,21.5,21.6,52100
1999-09-24,21.835,22,21.6,21.65,32600
1999-09-27,21.68,22.39,21.6,21.98,42600
1999-09-28,21.745,21.85,21.25,21.69,33850
1999-09-29,21.75,21.75,21.75,21.75,10
1999-09-30,21.255,21.55,20.8,21.55,62350
1999-10-01,20.5,20.5,19.7,19.7,55
1999-10-04,19.455,21.1,19.455,21.055,108300
1999-10-05,18.95,19.44,18.2,19.44,192600
1999-10-06,19.04,19.8,18.7,19.4,77400
1999-10-07,19.63,19.7,19.295,19.48,44750
1999-10-08,21.2,21.2,21.2,21.2,6
1999-10-11,22.9,22.9,22.9,22.9,20050
1999-10-12,24.7,24.7,24.7,24.7,29
1999-10-13,23.5,24,23.5,24,24
1999-10-14,28.855,28.855,28.855,28.855,17450
1999-10-15,27.025,31.165,26.65,31.165,145600
1999-10-18,28.64,29.19,26.055,26.8,137850
1999-10-20,27.5,30.9,27.5,30.9,61
1999-10-21,31,31,31,31,100
1999-10-22,30.03,30.5,29.015,29.505,58350
1999-10-25,27.985,32,27.985,30.9,40950
1999-10-26,27.5,27.5,27.5,27.5,11
1999-10-27,26.275,28.345,26.04,28.345,38150
1999-10-28,25.48,26.795,25,26.5,40300
1999-10-29,25.2,25.2,25.2,25.2,10
1999-11-01,22.2,22.3,22.2,22.3,45
1999-11-02,23.815,23.815,20.605,21.6,75450
1999-11-03,25.365,25.72,24.6,24.6,150750
1999-11-04,25.5,25.5,25.5,25.5,22
1999-11-05,25,25,24.1,24.1,28
1999-11-09,23.63,24,22.715,24,101500
1999-11-10,25.295,25.52,23.9,24.3,152550
1999-11-11,25,25,25,25,20
1999-11-12,25,25,25,25,15
1999-11-15,23.56,24.5,23.505,24.5,21150
1999-11-16,23.42,23.74,23.01,23.185,63200
1999-11-17,23.8,24.7,23.625,23.85,54100
1999-11-18,24,24,24,24,50
1999-11-19,23.4,24,23.4,23.9,101
1999-11-22,22.895,23.35,22.5,23.35,125
1999-11-24,23.6,23.85,23.6,23.85,63
1999-11-25,22.93,22.93,22.93,22.93,10
1999-11-26,23.245,23.475,22.505,22.6,30000
1999-11-29,23.05,24.4,23.05,24.4,11
1999-11-30,21.5,23.9,21.5,23.9,144
1999-12-01,24,24,24,24,50
1999-12-02,25,25,24.9,24.9,184
1999-12-03,25.01,25.01,25.01,25.01,100
1999-12-06,23.47,24,23.2,24,35550
1999-12-07,23,23,23,23,40
1999-12-08,22.87,24.16,22.61,23.6,76300
1999-12-09,22.62,22.89,22.51,22.715,19900
1999-12-10,22.205,22.85,21.92,22.6,39200
1999-12-13,22.165,23.59,21.86,22.8,34750
1999-12-14,21.305,22,21.21,22,52650
1999-12-15,23.01,23.01,22.1,22.995,52900
1999-12-16,24,24.8,24,24.8,100
1999-12-17,23.8,24,23.8,24,150
1999-12-20,25.3,25.425,22.7,22.7,120
1999-12-21,26.77,26.77,24.9,26.69,147250
1999-12-22,28.9,28.9,28.9,28.9,15
1999-12-23,31.23,31.23,31.23,31.23,20
1999-12-24,33.45,33.45,30,31,200
1999-12-27,32.34,32.9,31.7,32.9,205
1999-12-28,33,33.365,32.5,32.6,182
1999-12-29,32,32,31,31.1,168
1999-12-30,31.7,32.1,31.5,31.5,150
2000-01-03,34.345,34.345,34.345,34.345,156
2000-01-04,37.095,37.095,37.095,37.095,25
2000-01-05,38.505,40.065,38.3,40,252
2000-01-06,39.5,40,38.9,38.9,306
2000-01-07,39,39,39,39,105
2000-01-10,41.63,41.63,39.9,40,299
2000-01-11,42.345,44.79,41.3,44.5,1789
2000-01-12,44.99,44.99,42.51,44,927
2000-01-13,43.5,44.59,43.5,44.59,530
2000-01-14,42,42.2,40,42,550
2000-01-17,43.94,43.94,43.94,43.94,4
2000-01-18,44.565,47.4,43.905,45,6088
2000-01-19,45.185,46,45,46,2507
2000-01-20,43.665,46,41.5,45.99,3582
2000-01-21,41.835,44.4,41.2,44.4,2770
2000-01-24,41,42.5,40,42.5,2702
2000-01-25,39.815,41.3,38.6,38.7,4874
2000-01-27,41.455,42.08,41.205,41.47,2191
2000-01-28,43.26,43.68,41.8,41.8,2223
2000-01-31,43.635,45.29,42.7,43.315,4891
2000-02-01,44.42,45.1,43.55,43.6,3088
2000-02-02,46.315,46.8,45.3,46.5,4446
2000-02-03,45.915,47.39,45.6,47.39,1675
2000-02-04,46.19,47.5,45.3,45.5,3580
2000-02-07,46.335,47.2,46,46,3920
2000-02-08,45.605,46.8,45.2,46,6506
2000-02-09,44.62,46.9,43.725,46,1733
2000-02-10,45.51,46,44.6,44.625,988
2000-02-11,48.455,48.455,45.2,46,4368
2000-02-14,52.335,52.335,50.6,50.6,4264
2000-02-15,56.525,56.525,53.1,55.4,3618
2000-02-16,61.05,61.05,58.2,61,3581
2000-02-17,62.95,65.9,61,65,4484
2000-02-18,63.925,66.4,62.1,64.9,1926
2000-02-21,69.37,69.37,64.5,65,934
2000-02-22,74.5,74.92,72,74.92,5109
2000-02-23,76.395,79.065,73.6,75,2705
2000-02-24,69.59,79,69.3,75.6,2294
2000-02-25,64.87,70.2,64.03,64.04,2746
2000-02-28,62.875,65,59.1,59.5,4623
2000-02-29,63.425,63.425,63.425,63.425,1865
2000-03-01,67.5,67.6,67.5,67.6,16
2000-03-02,72.9,72.9,71,72,1906
2000-03-03,70.87,73.6,70,73.35,2180
2000-03-06,76.54,76.54,76.1,76.5,2299
2000-03-07,82.665,82.665,79.9,79.9,878
2000-03-08,80.215,89.28,80.1,85.6,1885
2000-03-09,73.81,77,73.8,77,1157
2000-03-10,80,81,75,77,470
2000-03-13,76,78,76,76,270
2000-03-14,70.3,71,70.3,71,20
2000-03-15,74.5,74.5,74.5,74.5,100
2000-03-16,73,73,73,73,10
2000-03-21,67.525,73.9,67.525,72.705,19556
2000-03-22,65.69,71.8,62.5,64.005,48353
2000-03-23,63.66,68.39,63.1,67.8,17775
2000-03-24,62.5,62.5,62.5,62.5,10
2000-03-27,58.2,58.2,58.2,58.2,30
2000-03-28,58.5,58.5,54.7,54.7,240
2000-03-29,63.28,63.28,61.505,63.275,16873
2000-03-30,63.195,68.345,60,66.99,58314
2000-03-31,60.535,61.485,59.24,60.4,27199
2000-04-03,55.705,61.995,55.695,60.5,20321
2000-04-04,51.25,54,51.25,51.53,22849
2000-04-05,49.265,50.99,47.15,47.6,24847
2000-04-06,49.375,50.99,47.2,50.99,27462
2000-04-07,53.325,53.325,51,51,17932
2000-04-10,57.595,57.595,57.5,57.59,1747
2000-04-11,59.88,61,53.63,54,42528
2000-04-12,64.67,64.67,60.7,61,41495
2000-04-13,69.065,69.845,59.7,59.7,86015
2000-04-17,63.54,68.2,63.54,68.2,8020
2000-04-18,63.8,68,62.1,64.5,45749
2000-04-19,60.12,67.77,59.01,67,37836
2000-04-20,61.305,61.45,55.31,56.5,68057
2000-04-24,57.91,60.2,56.41,59.01,25735
2000-04-25,57.605,59,54.03,57,49665
2000-04-26,62.215,62.215,59.3,60.9,15525
2000-04-27,59.26,63.5,58.5,62,22209
2000-04-28,57.97,62.99,57.525,61.9,16012
2000-05-02,54.5,59.8,53.335,59.8,49551
2000-05-03,50.65,54.4,49.9,54.4,31999
2000-05-04,53.69,53.9,51.49,51.5,18101
2000-05-05,56.26,56.7,53.1,54.395,37478
2000-05-08,55.455,59.3,55,57,35167
2000-05-09,55.115,55.9,52.23,52.5,34613
2000-05-10,56.3,60.98,56,59.8,48177
2000-05-11,56.3,56.3,56.3,56.3,100
2000-05-12,49.86,54.6,49.4,54.6,28777
2000-05-15,47.6,49.4,43.88,48.05,34361
2000-05-16,47.77,49.98,45.62,47.6,19123
2000-05-17,47.23,49.6,46.47,49,26202
2000-05-18,46.79,47.8,46.43,47.2,11845
2000-05-19,46.21,46.6,45.05,46.6,11890
2000-05-22,44.9,45.98,44.4,45.2,18177
2000-05-23,44.85,45.57,43.4,44.25,27021
2000-05-24,41.45,43.8,40.21,43.41,41538
2000-05-25,42.67,44.37,41,41,24564
2000-05-26,41.88,42.99,39.26,39.47,22326
2000-05-29,41.39,43.38,39.2,41.6,30146
2000-05-30,42.68,43.19,40.6,40.6,55919
2000-05-31,46.3,47.54,44.32,44.4,37034
2000-06-01,44.37,46.59,44.2,46.59,8993
2000-06-02,45.34,46.38,44.6,46,13057
2000-06-05,45.77,49.7,44.2,46.99,28838
2000-06-06,47.44,48,45.11,45.2,20994
2000-06-07,46.29,48.4,46,48,25523
2000-06-08,46.43,48,45.81,48,10878
2000-06-09,45.99,47.98,45.22,47.1,13931
2000-06-12,42.92,46.38,42.4,45.64,12901
2000-06-13,45.74,46.36,41.6,42.4,26948
2000-06-14,43.96,45.5,43.58,44.9,17199
2000-06-15,43.83,44.38,43.06,43.35,3885
2000-06-16,43.86,44.79,43.01,43.98,8276
2000-06-19,42.54,44.2,42.04,43.92,22287
2000-06-20,47.65,47.65,42.4,43.65,52307
2000-06-21,48.99,52.88,47.98,50,86212
2000-06-22,49.17,51,47.84,50.99,26534
2000-06-23,46.3,48.79,46,48,13932
2000-06-26,43.47,44.6,41.42,44.4,24850
2000-06-27,42.7,44.9,42.01,43.43,39427
2000-06-28,43.51,43.77,42,42,22489
2000-06-29,43.84,45.2,43.4,43.8,29935
2000-06-30,42.59,43.98,42.4,43.62,20938
2000-07-03,42.32,43.33,42.13,42.98,17673
2000-07-04,41.93,42.88,41.6,42.3,35747
2000-07-05,42.05,42.8,41.1,42.39,35145
2000-07-06,42.02,42.8,41.74,41.98,13876
2000-07-07,42.05,42.56,41.8,42.2,13673
2000-07-10,41.81,43.4,41.6,42.39,21345
2000-07-11,41.79,43.18,41.6,42.77,42528
2000-07-12,42.94,43.2,42,42.9,30760
2000-07-13,42.62,44,42.42,43.8,26270
2000-07-14,41.73,42.78,41.6,42.4,19144
2000-07-17,40.33,41.98,39.26,41.22,21975
2000-07-18,39.08,40.38,38.83,40.05,24519
2000-07-19,39.11,40.2,38.8,38.86,20334
2000-07-20,38.35,39.14,37.8,38.51,13163
2000-07-21,36.57,38.8,36.4,38.75,19835
2000-07-24,33.3,34.8,32.62,34.51,16065
2000-07-25,35.1,35.9,30.7,30.7,33404
2000-07-26,33.44,36.8,33.2,36.8,23334
2000-07-27,34.03,34.28,32.41,32.89,12324
2000-07-28,34.02,34.25,33.3,33.94,11909
2000-07-31,32.96,33.99,32.04,32.5,5405
2000-08-01,32.87,33.32,32.42,33,18646
2000-08-02,35.95,36.4,33.79,34.2,37913
2000-08-03,34.99,37.48,34.64,35.4,35854
2000-08-04,34.09,37,33.6,35.6,31457
2000-08-07,33.11,33.94,32.66,33.94,12387
2000-08-08,32.96,33.4,32.8,32.92,28612
2000-08-09,34.53,35.6,33.6,33.96,30113
2000-08-10,33.96,35.37,33.66,34.6,14714
2000-08-11,33.83,34,33.4,33.6,7767
2000-08-14,32.97,33.8,32.75,33.6,21701
2000-08-16,33.79,34.29,31,33.78,22923
2000-08-17,33.04,34.14,32.95,34.14,7643
2000-08-18,32.84,33.2,32.41,32.82,8586
2000-08-21,32.8,33.58,32.63,33.2,13692
2000-08-22,34.74,35,32.7,33.34,35013
2000-08-23,35.33,37.14,35.21,35.8,70056
2000-08-24,35.44,35.65,34.35,34.62,16858
2000-08-25,37.8,39.18,33.04,35.99,86940
2000-08-28,39.13,40.6,37.6,38.38,73420
2000-08-29,40.52,40.89,38.5,38.8,73701
2000-08-30,40.59,42.8,40.2,41.8,79996
2000-08-31,39.94,41.6,39.42,40.02,22414
2000-09-04,40,41.18,39.8,40.4,27559
2000-09-05,39.51,40.33,39,39.8,25152
2000-09-06,38.19,39.39,38,39.2,22410
2000-09-07,36.92,38,36.3,37.81,22760
2000-09-08,37.58,38.4,37.2,37.54,36734
2000-09-11,37.45,39.8,37.22,37.6,29887
2000-09-12,36.36,37.8,36.08,37.61,52007
2000-09-13,36.04,37.34,35.8,37.2,28425
2000-09-14,35.72,36.3,35.6,35.8,11218
2000-09-15,33.5,35.99,33.05,35.99,29777
2000-09-18,32.75,33.8,31.6,33.39,20146
2000-09-19,31.42,33.4,31.25,32.2,43480
2000-09-20,33.4,33.55,32.2,33,33468
2000-09-21,33.41,34.2,32.61,33.02,13853
2000-09-22,32.11,33.07,31.91,32.8,20943
2000-09-25,32.59,34.54,32.02,34.54,21165
2000-09-26,31.95,32.38,31.62,32.11,27124
2000-09-27,32.02,32.25,30.4,30.4,11421
2000-09-28,31.57,32.4,31.4,32.4,6297
2000-09-29,31.37,32,31.22,32,11643
2000-10-03,30.88,31.36,30.22,30.22,14423
2000-10-04,31.19,31.35,30.65,31.01,10593
2000-10-05,31.39,32.4,31.2,31.42,13137
2000-10-06,30.85,31.2,30.16,31,9464
2000-10-09,30.34,30.6,30.2,30.41,4476
2000-10-10,28.78,30.32,28.42,30.32,15602
2000-10-11,28.19,28.6,27.21,28,12708
2000-10-12,28.4,28.9,27.52,27.78,41883
2000-10-13,27.43,29,27.2,27.2,10312
2000-10-16,28.06,29.2,27.86,28.2,8783
2000-10-17,26.63,27.8,26.22,27.8,18023
2000-10-18,26.3,26.78,25.7,26.78,12074
2000-10-19,27.5,27.8,25.8,26.6,17897
2000-10-20,27.93,28.76,27.4,28.39,17356
2000-10-23,26.83,27.6,26.62,27.24,7187
2000-10-24,26.19,27.4,26.01,27.4,14244
2000-10-25,28.82,28.95,25.3,25.3,27707
2000-10-26,27.21,28.5,26.6,27.8,14659
2000-10-27,27.57,28.15,26.88,27.74,13837
2000-10-30,25.88,27.6,25.69,26.7,20624
2000-10-31,25.88,26.6,25.03,25.03,18636
2000-11-01,26.2,26.69,25.93,26.69,13813
2000-11-02,26,26.18,24.8,25.2,11126
2000-11-03,26.3,26.47,24.41,24.41,14480
2000-11-06,26.58,26.8,25.82,26.4,14009
2000-11-07,27.05,27.4,26,26,26755
2000-11-08,28.1,28.95,27.4,27.69,35221
2000-11-09,28.17,28.36,27.2,27.2,10378
2000-11-10,27.62,28.2,27.46,27.8,10306
2000-11-13,26.64,26.93,25.96,26.27,10189
2000-11-14,27.34,27.88,25.41,25.41,21633
2000-11-15,27.21,28.1,27.12,27.63,15368
2000-11-16,27.66,28.14,27,27,5033
2000-11-17,27.54,27.6,25.6,26.6,5520
2000-11-20,27.38,27.58,27.02,27.56,7369
2000-11-21,27.38,27.52,27,27,13665
2000-11-22,27.67,28.2,27.1,27.6,12798
2000-11-23,27.7,27.86,27.3,27.7,4164
2000-11-24,27.81,28.37,27.62,27.91,10281
2000-11-27,28.02,28.06,27.6,27.6,8778
2000-11-28,28.04,28.25,27.8,27.98,14404
2000-11-29,31.08,31.59,27.6,27.6,88092
2000-11-30,34.37,34.98,31.2,31.8,210761
2000-12-01,33.16,34.8,31.8,34.8,135070
2000-12-04,33.05,34.4,33,33.4,95896
2000-12-05,31.5,33.2,31.06,33.05,88189
2000-12-06,32.52,33.69,32.4,32.8,64004
2000-12-07,31.78,32.7,31.6,32.7,28791
2000-12-08,31.28,31.8,31.1,31.24,45381
2000-12-11,32.26,32.45,31.02,31.46,56727
2000-12-12,32.64,33.9,32.05,32.6,83104
2000-12-13,33.21,33.9,32.8,32.8,69895
2000-12-14,32.48,33.77,32.25,33.7,46924
2000-12-15,30.47,32.97,30.3,31.9,34497
2000-12-18,30.08,30.56,29.2,30,33110
2000-12-19,29.02,31.8,28.8,31.8,45526
2000-12-20,29.15,30.58,28.6,30.58,19405
2000-12-21,28.75,28.89,28.02,28.2,11079
2000-12-22,28.03,29.53,28,29,35877
2000-12-26,25.79,28.34,25.4,28.34,49491
2000-12-27,26.91,27.6,25.85,25.86,25033
2000-12-28,27.48,27.8,27.03,27.78,21668
2000-12-29,27.65,27.96,27.05,27.96,16787
2001-01-01,28.02,29,26.79,26.79,29243
2001-01-02,28.09,28.54,27.4,27.4,22291
2001-01-03,28.78,29.2,26.8,26.8,33767
2001-01-04,28.86,29.9,28.82,29.9,24415
2001-01-05,29.24,29.37,28.6,28.62,14133
2001-01-08,28.33,29.28,28.25,29.28,10983
2001-01-09,28.08,28.74,27.91,28.01,22621
2001-01-10,27.9,28.6,27.63,28.6,13017
2001-01-11,27.71,28.2,27.57,28,10441
2001-01-12,27.48,28.43,27.41,28.4,13728
2001-01-15,24.98,27.1,24.84,27.1,35539
2001-01-16,25.05,25.7,24.04,25.1,28931
2001-01-17,24.97,25.98,24.82,25,27162
2001-01-18,25.11,25.3,24.74,25.2,17057
2001-01-19,25.02,25.7,24.81,25.69,42248
2001-01-22,25.02,25.5,24.96,25.5,36508
2001-01-23,24.28,25.14,24.2,25.14,48085
2001-01-24,26.82,27.55,24.21,24.21,111286
2001-01-25,25.53,26.86,25,26.23,68424
2001-01-29,24.65,25,23.64,25,28931
2001-01-30,24.73,25.34,24.56,25.34,48345
2001-01-31,25.03,25.7,24.92,25,35166
2001-02-01,24.67,25,24.44,25,16884
2001-02-02,24.59,24.95,24.49,24.78,25219
2001-02-05,24.57,24.75,24.3,24.59,12838
2001-02-06,24.29,24.67,24.2,24.44,32080
2001-02-07,25.09,25.74,24.65,24.98,47495
2001-02-08,25.29,25.4,24.8,25.34,21001
2001-02-09,25.15,25.4,24.85,24.85,19917
2001-02-12,25.14,25.6,25.02,25.6,30916
2001-02-13,24.69,25.36,24.59,25.1,35390
2001-02-14,24.91,25.3,24.71,25.3,25105
2001-02-15,25.04,25.2,24.82,25.17,17331
2001-02-16,24.42,25.3,24.3,25.3,18071
2001-02-19,24.04,24.65,23.7,24.4,16349
2001-02-20,23.68,24.2,23.44,23.8,28312
2001-02-21,23.83,24.4,23.61,24,17398
2001-02-22,23.59,23.88,23.4,23.8,9724
2001-02-23,22.06,23.8,21.71,23.73,27398
2001-02-26,23.38,23.79,22.25,22.25,27805
2001-02-27,22.45,23.98,22.21,23.78,40905
2001-02-28,23.66,24.18,22.4,22.56,22555
2001-03-01,23.37,24.45,23.2,23.8,22974
2001-03-02,21.98,23.79,21.81,23.6,24736
2001-03-05,20.34,23,19.6,21.8,40978
2001-03-07,20.8,21.6,20,21.38,24303
2001-03-08,20.38,20.96,20.2,20.78,16096
2001-03-09,19.48,19.8,18.75,19.63,24877
2001-03-12,16.86,19.59,16.51,19.04,15677
2001-03-13,15.47,17.3,15,15.78,39382
2001-03-14,17.24,17.55,14.45,15.4,17922
2001-03-15,17,17.3,16.54,17,13660
2001-03-16,17.09,17.89,16.82,17,11462
2001-03-19,17.78,18.12,16.4,16.4,12615
2001-03-20,16.65,17.99,15.91,17.99,25225
2001-03-21,17.25,17.4,16.12,16.4,10592
2001-03-22,17.41,17.89,16.4,16.4,209512
2001-03-23,17.06,17.8,16.7,17.02,11660
2001-03-26,17,17.2,16.44,17.19,8522
2001-03-27,19.43,19.72,16.6,16.6,32910
2001-03-28,21.4,22.4,20.5,20.5,64323
2001-03-29,20.4,20.4,20.4,20.4,3240
2001-03-30,19.36,19.9,19.2,19.42,14520
2001-04-02,18.41,18.6,16.9,18.52,15485
2001-04-03,17.75,19,17.6,18.2,21384
2001-04-04,17.95,18.2,17.53,18,9723
2001-04-06,17.67,18.47,17.6,18.15,9572
2001-04-09,17.66,18.32,17.61,18.02,3618
2001-04-10,17.84,18.08,17.42,18.08,15561
2001-04-11,17.48,19,17,19,13115
2001-04-12,16.06,17.2,15.31,17.2,17917
2001-04-16,17.09,17.35,15.2,16.58,13599
2001-04-17,17.15,17.6,16.8,17.6,12771
2001-04-18,18.65,19,17.05,17.05,21568
2001-04-19,18.59,20.14,18.3,19,21760
2001-04-20,18.3,18.97,17.8,18.4,12420
2001-04-23,18.58,19.2,18.12,18.8,13865
2001-04-24,19.03,19.37,18.23,18.86,18571
2001-04-25,19.27,19.9,19,19.2,19064
2001-04-26,19.05,19.6,18.82,19.58,8352
2001-04-27,17.96,18.5,17.6,18.5,10919
2001-04-30,18,18.28,17.41,17.62,12439
2001-05-02,18.31,18.87,18.2,18.74,10839
2001-05-03,17.76,18.46,17.65,18.45,6706
2001-05-04,17.9,18.14,17.44,17.52,19141
2001-05-07,16.82,17.5,16.47,17.5,21058
2001-05-08,16.36,16.98,16.23,16.44,15704
2001-05-09,16.44,17,16.21,16.3,20867
2001-05-10,16.31,16.88,16.21,16.8,12843
2001-05-11,15.46,16.22,15.1,16.2,30291
2001-05-14,15.44,15.98,15.38,15.6,13930
2001-05-15,14.7,14.99,14.41,14.65,21442
2001-05-16,15.9,16.36,15,15,25231
2001-05-17,15.74,16.18,15.5,16,14230
2001-05-18,15.81,16.08,15.7,16,25467
2001-05-21,16.72,17.2,15.8,15.8,52151
2001-05-22,17.98,18.44,17.2,17.2,69559
2001-05-23,18.42,19,18.36,19,50233
2001-05-24,17.6,18.39,17.4,17.4,27377
2001-05-25,17.38,17.7,16.85,17.4,15051
2001-05-28,17.79,17.98,17.3,17.3,22296
2001-05-29,18.85,19.17,17.54,18,75794
2001-05-30,20.11,20.94,19.5,19.8,179378
2001-05-31,19.58,20.18,18.9,19.78,57273
2001-06-01,18.57,19.77,18.42,19.77,27966
2001-06-04,17.29,18.6,17.2,18.59,28869
2001-06-05,16.83,17.92,16.62,17.2,47724
2001-06-06,17.31,17.89,17.2,17.89,22984
2001-06-07,16.56,17.35,16.22,17.21,14981
2001-06-08,16.55,17.08,16.41,16.6,18211
2001-06-11,16.41,16.78,16.26,16.44,15965
2001-06-12,16.45,16.6,16.3,16.41,21320
2001-06-13,16.69,17.12,16.44,16.45,21130
2001-06-14,16.04,16.6,15.98,16.45,11107
2001-06-15,15.71,15.94,15.4,15.6,20655
2001-06-18,15.15,15.58,14.65,15.22,15597
2001-06-19,15.09,15.55,14.9,15.55,19940
2001-06-20,15.26,15.34,14.85,15.34,9868
2001-06-21,14.8,15.31,14.7,15.2,7801
2001-06-22,14.41,14.8,14.36,14.72,14425
2001-06-25,13.81,14.15,13.3,14.01,10376
2001-06-26,13.71,14.6,13.5,13.92,34897
2001-06-27,13.46,14.72,13.32,14.72,16410
2001-06-28,13.04,13.74,12.99,13.7,16461
2001-06-29,12.89,13.05,12.55,13.03,23578
2001-07-02,12.83,13,12.62,13,6461
2001-07-03,12.84,13.2,12.43,12.8,2159
2001-07-04,12.94,13.2,12.76,13,4338
2001-07-05,12.55,12.99,12.41,12.9,5850
2001-07-06,12.86,12.98,12.55,12.69,3330
2001-07-09,12.94,13.18,12.82,13.18,2166
2001-07-10,12.97,13.2,12.8,12.85,2655
2001-07-11,13.04,13.18,12.8,13,2280
2001-07-12,13.31,13.49,13.09,13.18,5377
2001-07-13,13.27,13.75,13.2,13.75,4467
2001-07-16,13.14,13.4,13.02,13.32,2968
2001-07-17,13.01,13.3,12.94,13.2,4753
2001-07-18,12.99,13.18,12.96,13.18,1545
2001-07-19,13.08,13.2,12.6,12.71,2601
2001-07-20,12.81,13.2,12.7,13,3972
2001-07-23,12.6,12.62,12.55,12.55,249
2001-07-24,12.49,12.62,12.42,12.62,3980
2001-07-25,11.59,13.07,11.4,12.98,7389
2001-07-26,11.53,11.68,10.42,10.42,2376
2001-07-27,11.84,12.99,11.05,12.99,1386
2001-07-30,11.91,12.24,11.83,12.01,1752
2001-07-31,12.28,12.6,12,12.6,1474
2001-08-01,11.76,13.97,11.42,13.97,4614
2001-08-02,11.44,11.98,11.2,11.45,3357
2001-08-03,11.59,11.8,11.11,11.41,2320
2001-08-06,11.77,12.03,11.75,11.78,1938
2001-08-07,11.77,12,11.64,11.8,1512
2001-08-08,11.81,11.95,11.43,11.8,3186
2001-08-09,11.87,11.94,11.79,11.8,1875
2001-08-10,11.78,12,11.68,12,3449
2001-08-13,11.59,11.8,11.33,11.33,1887
2001-08-14,11.93,11.98,11.66,11.78,4141
2001-08-16,11.91,11.96,11.61,11.61,2936
2001-08-17,11.92,12.1,11.82,12,9583
2001-08-20,11.8,12.04,11.64,11.66,3060
2001-08-21,12.1,12.12,11.85,11.87,3840
2001-08-23,12.49,12.78,12.19,12.3,8053
2001-08-24,12.35,12.55,12,12,6925
2001-08-27,13.09,13.8,12.4,13.8,8900
2001-08-28,12.45,12.8,12.4,12.8,8040
2001-08-29,12.52,12.6,12.1,12.1,3220
2001-08-30,12.55,12.7,12.51,12.68,1871
2001-08-31,12.56,12.65,12.41,12.64,3550
2001-09-03,12.21,12.4,12.18,12.4,5173
2001-09-04,12.36,12.4,12.2,12.2,3560
2001-09-05,12.18,12.4,12.1,12.4,6878
2001-09-06,12.13,12.99,12.1,12.38,3552
2001-09-07,11.97,12,11.3,12,4200
2001-09-10,12.25,12.5,12.2,12.31,2539
2001-09-11,12.16,12.49,12.02,12.24,2360
2001-09-12,11.19,11.68,11,11.68,9133
2001-09-13,11.54,11.89,11.39,11.78,3810
2001-09-14,10.41,11.26,10.24,11.24,12924
2001-09-17,9.21,10,9.1,10,10608
2001-09-18,9.79,10.36,9.4,9.9,5038
2001-09-19,10.37,10.58,10,10,5163
2001-09-20,9.78,10.19,9.6,9.8,5325
2001-09-21,9.2,10.4,9,10.4,8233
2001-09-24,9.13,9.4,9.03,9.4,9404
2001-09-25,9.62,9.78,9.2,9.2,12399
2001-09-26,10.68,11.5,9.78,9.8,22129
2001-09-27,10.46,10.76,10.12,10.12,5401
2001-09-28,10.83,11.26,10.68,10.9,8917
2001-10-01,10.63,10.8,10.57,10.6,1947
2001-10-03,10.26,10.79,10.24,10.62,2076
2001-10-04,10.18,10.48,10.1,10.39,4283
2001-10-05,10.42,10.54,10.11,10.2,9461
2001-10-08,10.43,10.56,10,10.4,4219
2001-10-09,10.69,10.85,10.18,10.18,6202
2001-10-10,10.92,11.05,10.79,10.79,1731
2001-10-11,10.97,11.04,10.8,11.02,3751
2001-10-12,10.89,11.36,10.85,11.14,4924
2001-10-15,10.99,11,10.3,10.3,3601
2001-10-16,11.05,11.38,10.95,11.11,3217
2001-10-17,11.36,11.49,11,11,6549
2001-10-18,11.14,11.48,11.05,11.4,4145
2001-10-19,11.15,11.27,11,11.16,4129
2001-10-22,11.45,11.8,11.22,11.22,6193
2001-10-23,11.56,11.8,11.5,11.8,5546
2001-10-24,11.57,11.65,11.23,11.3,3126
2001-10-25,11.57,11.8,11.44,11.75,4109
2001-10-29,11.71,11.9,11.27,11.27,2605
2001-10-30,11.24,11.65,11.2,11.44,3559
2001-10-31,11.02,11.25,10.61,10.86,7174
2001-11-01,11.06,11.55,11,11.54,4044
2001-11-02,10.99,11.1,10.89,11,4167
2001-11-05,11.03,11.11,9,9,4680
2001-11-06,10.49,11.02,9.4,10.8,126076
2001-11-07,10.08,10.56,10,10.56,42065
2001-11-08,10.24,10.38,9.8,9.8,19907
2001-11-09,10.39,10.48,10.11,10.11,14644
2001-11-12,10.66,10.88,10.42,10.45,12346
2001-11-13,10.73,10.89,10.1,10.1,6999
2001-11-14,10.78,10.8,10.65,10.65,4107
2001-11-15,11.23,11.4,10.61,10.61,18040
2001-11-19,11.96,12.54,11.31,11.68,30837
2001-11-20,11.27,12.36,11.03,12,18019
2001-11-21,11.7,11.8,11.24,11.3,11626
2001-11-22,12.02,12.36,11.82,12.15,20551
2001-11-23,12.08,12.3,12,12.05,14428
2001-11-26,12.3,12.8,11.8,11.8,30204
2001-11-27,11.85,12.78,11.76,12.28,20079
2001-11-28,11.47,12.09,11.38,12.09,8232
2001-11-29,11.35,11.45,11.2,11.3,7201
2001-12-03,11.57,12.26,11.46,11.98,8985
2001-12-04,11.66,11.8,11.4,11.8,8599
2001-12-05,12.1,12.6,11.82,11.82,25809
2001-12-06,11.81,12.6,11.71,12.59,21890
2001-12-07,11.73,12,11.6,11.82,10102
2001-12-10,12.32,12.62,11.63,11.99,19256
2001-12-11,12.04,12.4,11.8,12.2,21352
2001-12-12,12.1,12.4,12.02,12.22,12660
2001-12-13,11.49,12.01,11.4,12.01,16584
2001-12-14,11.32,12,11.2,11.61,9885
2001-12-18,11.35,11.78,11.04,11.78,11296
2001-12-19,10.72,11.4,10.42,10.84,14302
2001-12-20,10.32,10.69,10.22,10.42,12094
2001-12-21,10.09,10.46,10.02,10.46,8596
2001-12-24,10,10.39,9.5,9.8,6801
2001-12-26,10.05,10.5,8.84,8.84,11404
2001-12-27,10.36,11.6,9.82,10.1,14671
2001-12-28,10.53,10.82,10.4,10.6,20505
2001-12-31,10.82,11.16,9.61,9.61,19112
2002-01-01,10.31,10.97,10.22,10.6,26136
2002-01-02,10.12,10.6,9.51,9.51,31293
2002-01-03,9.86,10.5,9.6,9.6,40339
2002-01-04,9.78,10.44,9.6,9.6,67590
2002-01-07,11.56,11.74,9.6,9.6,64171
2002-01-08,11.68,13.16,11.33,12.4,92362
2002-01-09,11.1,11.69,10.64,10.64,16283
2002-01-10,10.75,11.02,10.18,10.18,8150
2002-01-11,10.5,10.82,10.01,10.01,8764
2002-01-14,10.53,11.18,10.01,10.01,20995
2002-01-15,10.2,10.79,10.01,10.05,29097
2002-01-16,10.29,10.5,9.71,9.81,13657
2002-01-17,10.44,10.62,10,10,16034
2002-01-18,10.61,10.83,10.11,10.11,11863
2002-01-21,10.59,11.1,9.68,10.2,48391
2002-01-22,10.44,11.08,9.61,9.61,58800
2002-01-23,10.33,10.55,9.8,9.8,42623
2002-01-24,10.53,10.8,9.86,9.86,21610
2002-01-25,10.48,10.64,10.12,10.12,13121
2002-01-28,10.48,10.79,10.16,10.16,9988
2002-01-29,10.32,10.56,10.01,10.01,8077
2002-01-30,10.16,10.42,9.6,9.6,9383
2002-01-31,10.15,10.6,9.71,9.71,30451
2002-02-01,10.28,10.5,9.6,9.7,9782
2002-02-04,10.43,10.6,9.91,9.91,12112
2002-02-05,10.54,10.68,10.02,10.02,10001
2002-02-06,10.58,10.9,10.05,10.05,23069
2002-02-07,10.6,10.8,9.7,9.7,10759
2002-02-08,11.87,12.2,9.66,9.66,61301
2002-02-11,13.03,13.77,10.88,10.88,160025
2002-02-12,13.25,14.8,12.51,13.2,73689
2002-02-13,12.63,13.3,12.6,13.3,35240
2002-02-14,12.82,13.1,12.62,12.82,25352
2002-02-15,12.92,13.13,12.81,13,35189
2002-02-18,13.56,15.4,13.28,15.4,41886
2002-02-19,13.37,13.8,13.21,13.62,27389
2002-02-20,13.41,13.69,13.02,13.05,67578
2002-02-21,14.01,14.74,13.47,13.74,114627
2002-02-22,14.23,14.68,14.02,14.68,78111
2002-02-25,13.92,14.78,13.75,14.78,35342
2002-02-26,13.68,14.1,13.6,14.01,18327
2002-02-27,13.34,13.98,13.2,13.98,15798
2002-02-28,11.87,13.81,11.62,13.25,32937
2002-03-01,12.12,12.26,11.2,11.2,13552
2002-03-04,12.75,12.95,12.04,12.04,10601
2002-03-05,12.97,13.2,12.7,12.82,21208
2002-03-06,12.81,13.15,12.7,13,12241
2002-03-07,12.59,12.94,12.51,12.8,6144
2002-03-08,12.45,12.6,12.11,12.12,10511
2002-03-11,14.94,14.94,12.72,12.72,83093
2002-03-12,17.93,17.93,15.77,15.77,360774
2002-03-13,19.68,20.76,18.12,18.4,1476605
2002-03-14,20.69,21.74,19,19.5,1539191
2002-03-15,24.01,24.58,20.31,20.4,1995699
2002-03-18,23.57,25.47,22.86,24.6,1008251
2002-03-19,21.83,24.01,21.42,22.2,660730
2002-03-20,22.47,23.74,21.5,22.11,981359
2002-03-21,25.59,26.18,22.5,22.8,1950701
2002-03-22,24.39,26.49,24.11,25.81,1157066
2002-03-26,23.28,24.75,23.1,24.4,489773
2002-03-27,23.41,24.18,23.22,23.48,288931
2002-03-28,24.46,25.24,23.19,23.78,666020
2002-04-01,23.72,24.97,23.61,24.82,221072
2002-04-02,23.47,25.08,23.1,23.77,365173
2002-04-03,26.05,26.6,23.2,23.45,1146542
2002-04-04,25.74,27.65,25.5,26.54,1092146
2002-04-05,26.19,26.88,25.02,25.96,834660
2002-04-08,25.47,26.98,25.21,26.63,461991
2002-04-09,25.8,26.34,24.9,25.45,460500
2002-04-10,26.62,27.27,25.6,25.74,716237
2002-04-11,27.64,28.85,26.76,26.76,1097149
2002-04-12,26.86,28.09,26.7,27.64,346466
2002-04-15,25.35,27.44,25.13,27.05,293134
2002-04-16,25.38,26.38,25.21,25.44,319451
2002-04-17,26.69,27.4,25.02,25.94,545880
2002-04-18,26.92,28.1,26.62,26.8,580699
2002-04-19,25.65,27.1,25.27,26.9,195665
2002-04-22,25.82,26.4,24.62,25.23,277041
2002-04-23,26.64,26.89,25.4,25.96,365821
2002-04-24,28.6,29.36,27.8,28,953536
2002-04-25,26.66,29,26.24,28.78,390905
2002-04-26,26,27.44,25.63,26.68,336832
2002-04-29,26.38,26.96,25.61,26.2,315473
2002-04-30,26.93,27.22,26.21,26.56,222460
2002-05-02,26.39,27.56,26.25,27.3,140261
2002-05-03,28.24,28.59,26.02,26.23,895026
2002-05-06,28.99,29.57,28.42,28.92,816193
2002-05-07,28.38,29.15,25.74,28.02,325536
2002-05-08,27.78,28.9,27.62,28.68,209625
2002-05-09,27.64,28.84,27.2,28.66,185265
2002-05-10,26.9,27.73,26.78,27.7,120703
2002-05-13,26.36,27.58,26.21,26.85,101718
2002-05-14,25.96,26.98,25.82,26.76,127242
2002-05-15,25.17,26.5,24.8,26.15,158326
2002-05-16,24.58,26,24.4,25.41,224324
2002-05-17,23.62,24.92,23.07,24.92,128615
2002-05-20,21.76,24.38,21.05,24.2,124549
2002-05-21,19.59,21.5,18.28,20.8,168614
2002-05-22,20.54,20.99,18.62,19.38,167390
2002-05-23,20.35,21.2,20.2,20.2,61378
2002-05-24,23.57,23.9,21.4,21.78,244847
2002-05-27,23.3,24.6,22.7,23.68,194867
2002-05-28,21.84,23.1,21.61,22.95,127236
2002-05-29,22.54,22.98,21.2,22.18,152975
2002-05-30,21.87,23.18,21.7,22.6,140000
2002-05-31,21.6,22.4,21,21.55,79064
2002-06-03,22.29,22.72,22,22.4,77072
2002-06-04,22.33,22.62,21.65,22.4,52863
2002-06-05,23.67,24.4,22.58,22.58,168604
2002-06-06,22.87,24.4,22.73,24.2,115825
2002-06-07,21.95,22.6,21.8,22.6,80457
2002-06-10,22.77,23,22.42,22.96,59048
2002-06-11,23.91,24.4,23.2,23.6,159012
2002-06-12,23.37,24.39,23.25,24.09,82288
2002-06-13,23.54,24,23.37,23.96,67181
2002-06-14,24.18,24.98,23.4,23.5,146442
2002-06-17,23.81,24.6,23.66,24.02,71309
2002-06-18,23.35,24.2,23.11,24.2,55468
2002-06-19,22.65,23.34,22.45,23.2,43428
2002-06-20,22.98,23.5,22.42,22.42,56679
2002-06-21,22.83,23.4,22.1,22.1,30840
2002-06-24,22.53,22.84,22.41,22.76,35094
2002-06-25,22.28,23.08,22.2,23.08,34005
2002-06-26,21.98,22.4,21.85,22.4,32871
2002-06-27,22.19,22.6,22.06,22.2,30502
2002-06-28,22.38,23,22.24,22.47,24052
2002-07-01,23.27,23.5,22.44,22.72,73814
2002-07-02,23.3,24,23.12,23.25,69383
2002-07-03,23.04,23.38,22.92,23.2,39456
2002-07-04,23.02,23.45,22.82,23.2,35301
2002-07-05,22.74,23.32,22.5,23.18,26416
2002-07-08,23.07,23.6,22.8,22.8,41248
2002-07-09,22.84,23.2,22.74,23.2,34632
2002-07-10,22.7,23.02,22.62,22.91,27414
2002-07-11,21.97,22.72,21.86,22.72,26551
2002-07-12,21.91,22.54,21.82,22.38,20131
2002-07-15,21.23,21.97,21.14,21.5,22981
2002-07-16,21.37,21.88,20.6,21.2,29706
2002-07-17,20.68,21.6,20.4,21.46,32943
2002-07-18,21.06,21.29,20.84,21.1,17733
2002-07-19,20.99,21.28,20.4,20.5,28271
2002-07-22,20.1,20.97,20,20.4,33762
2002-07-23,20.36,20.58,19.8,19.8,21925
2002-07-24,19.91,20.62,19.82,20.2,18501
2002-07-25,20.04,21.98,19.91,20.5,23540
2002-07-26,19.27,19.99,19.06,19.99,23439
2002-07-29,17.85,19.3,17.2,19.3,40699
2002-07-30,17.92,19.6,17.47,18.41,87623
2002-07-31,18,18.37,17.51,17.51,37948
2002-08-01,17.25,18.8,17.01,18.6,53037
2002-08-02,16.79,17,16.52,17,51493
2002-08-05,17.57,17.9,16.9,17.18,35801
2002-08-06,18.03,18.2,17.19,17.6,35875
2002-08-07,18.64,19.2,18.2,18.2,44654
2002-08-08,18.35,19.9,18.02,18.73,180586
2002-08-09,18.45,18.77,17.6,18.4,93276
2002-08-12,18.41,19,18.3,18.74,31247
2002-08-13,18.37,18.7,18.25,18.4,17570
2002-08-14,18.28,18.69,18.21,18.4,22834
2002-08-16,18.1,18.7,18,18.7,15462
2002-08-19,17.95,18.3,17.77,18.1,15081
2002-08-20,18.47,18.61,17.97,18.02,31328
2002-08-21,18.55,18.98,18.5,18.5,27651
2002-08-22,18.42,18.74,18.3,18.7,13453
2002-08-23,18.23,18.6,18.13,18.38,13323
2002-08-26,18.3,18.55,18.15,18.2,12180
2002-08-27,17.78,18.45,17.75,18.3,15733
2002-08-28,18.14,18.73,18,18.38,64539
2002-08-29,17.75,18.8,17.7,18.8,16677
2002-08-30,17.92,18.08,17.6,18.05,20652
2002-09-02,17.98,18.4,17.94,18.28,26410
2002-09-03,17.68,18.4,17.2,18.3,13117
2002-09-04,19.03,19.2,17.6,17.6,125248
2002-09-05,18.44,19.59,18.24,19.19,90072
2002-09-06,17.81,18.77,17.71,18.74,32114
2002-09-09,17.68,17.98,17.62,17.98,15766
2002-09-11,18.03,18.53,17.82,17.98,24066
2002-09-12,18.03,18.19,17.94,18,16759
2002-09-13,17.81,18.06,17.74,18,10820
2002-09-16,17.7,17.97,17.64,17.9,8377
2002-09-17,17.74,17.87,17.44,17.78,10668
2002-09-18,17.45,17.72,17.4,17.63,12031
2002-09-19,16.99,17.39,16.8,17.36,10203
2002-09-20,16.91,17.03,16.31,16.31,10588
2002-09-23,16.45,16.9,16.3,16.31,8441
2002-09-24,16.08,16.42,16,16.4,8664
2002-09-25,16.13,18.16,15.6,18.16,7674
2002-09-26,16.22,16.6,16.2,16.4,7327
2002-09-27,16.38,16.44,16.22,16.3,6547
2002-09-30,15.61,16.24,15.31,16.16,13142
2002-10-01,15.66,15.77,15.43,15.69,16110
2002-10-03,15.39,15.66,15.27,15.6,8980
2002-10-04,15.39,15.98,15.33,15.53,9073
2002-10-07,15.54,15.67,15.44,15.58,12231
2002-10-08,15.95,16.16,15.53,15.59,10917
2002-10-09,15.58,15.9,15.52,15.82,5337
2002-10-10,15.04,15.6,14.93,15.34,9716
2002-10-11,15.28,15.49,15.2,15.25,6508
2002-10-14,15.41,15.5,15.25,15.4,6484
2002-10-16,15.49,15.78,15.42,15.61,7414
2002-10-17,15.3,15.5,15.15,15.5,4010
2002-10-18,15.62,16.35,15.32,15.4,21686
2002-10-21,15.39,15.78,15.33,15.69,3000
2002-10-22,15.18,15.58,15.12,15.4,3693
2002-10-23,15.13,15.28,15,15.2,5184
2002-10-24,14.71,15.39,14.61,15.1,6262
2002-10-25,13.78,14.5,13.6,14.5,17710
2002-10-28,13.04,13.8,12.96,13.61,12013
2002-10-29,13.48,13.55,12.9,13.19,16514
2002-10-30,13.66,14.01,13.6,13.6,15861
2002-10-31,13.91,13.99,13.41,13.5,8629
2002-11-01,13.55,13.92,13.5,13.8,7293
2002-11-04,13.72,13.96,13.5,13.6,3716
2002-11-05,13.64,13.83,13.6,13.77,4311
2002-11-07,13.54,13.71,13.46,13.62,6197
2002-11-08,13.44,13.58,13.2,13.41,5593
2002-11-11,14,14.2,13.62,13.62,15118
2002-11-12,14.37,14.52,13.98,14,25932
2002-11-13,15.44,16.41,15,15,193958
2002-11-14,15.91,16.32,15.71,15.8,143976
2002-11-15,15.72,16.1,15.63,16.1,41525
2002-11-18,15.81,16.16,15.31,15.8,48834
2002-11-20,16.64,16.85,15.91,16.1,73963
2002-11-21,16.76,17.96,16.66,17.96,45241
2002-11-22,16.95,17.38,16.85,17.18,30614
2002-11-25,16.72,16.95,16.6,16.6,9497
2002-11-26,16.42,16.95,16.32,16.95,13569
2002-11-27,16.09,16.54,16.02,16.54,11251
2002-11-28,16.21,16.4,16.08,16.24,12405
2002-11-29,16.59,16.9,16.05,16.2,30997
2002-12-02,17.83,18.13,16.75,17.18,69062
2002-12-03,17.1,18.3,16.92,18,51501
2002-12-04,16.74,17.15,16.6,17,13835
2002-12-05,16.82,17.28,16.71,16.95,17642
2002-12-06,17.08,17.57,16.9,17.2,34881
2002-12-09,16.62,17.4,16.5,17.09,14001
2002-12-10,16.48,16.6,16.2,16.6,11438
2002-12-11,16.54,16.87,16.42,16.62,9951
2002-12-12,16.96,17.71,16.42,16.78,48480
2002-12-13,16.79,17.17,16.7,17.17,10346
2002-12-16,16.3,16.89,16.25,16.79,19033
2002-12-17,15.92,16.71,15.82,16.71,14167
2002-12-18,15.96,16.87,15.9,16.87,22025
2002-12-19,15.91,16,15.44,16,8963
2002-12-20,15.79,16.15,15.68,16.14,16247
2002-12-23,15.67,16.04,15.6,16.03,15251
2002-12-24,15.85,15.96,15.68,15.7,11626
2002-12-26,15.81,16.07,15.6,15.91,12839
2002-12-27,15.76,15.96,15.7,15.8,12210
2002-12-30,15.78,15.96,15.6,15.71,5765
2002-12-31,16.94,17.33,15.6,15.66,134677
2003-01-01,17.05,17.5,16.98,17,60098
2003-01-02,16.54,17.22,16.46,17.21,23010
2003-01-03,16.34,16.97,16.24,16.77,15885
2003-01-06,16.46,16.94,16.34,16.4,24953
2003-01-07,16.07,16.79,16.01,16.65,16814
2003-01-08,16.14,16.6,16.06,16.15,16998
2003-01-09,16.58,17.12,16.15,16.2,45178
2003-01-10,16.29,16.8,16.21,16.6,31856
2003-01-13,16.47,16.79,16.4,16.4,21705
2003-01-14,16.5,16.64,16.33,16.6,13236
2003-01-15,16.46,16.8,16.4,16.8,15010
2003-01-16,16.24,16.46,16.2,16.3,8160
2003-01-17,16.22,16.58,16.2,16.34,19152
2003-01-20,15.9,16.33,15.81,16.19,10760
2003-01-21,15.44,16,15.35,15.94,29016
2003-01-22,15.67,16.48,15.46,16.48,17313
2003-01-23,15.75,16.16,15.5,16.16,13431
2003-01-24,15.44,15.81,15.4,15.81,10873
2003-01-27,15.03,15.28,14.02,14.02,15086
2003-01-28,15.14,15.38,14.8,14.8,9533
2003-01-29,14.79,14.96,13.77,14.84,24137
2003-01-30,14.81,14.99,14.8,14.8,7955
2003-01-31,14.49,14.9,13.8,14.81,11948
2003-02-03,14.36,14.92,14.2,14.2,13642
2003-02-04,14.43,14.8,14.38,14.6,10160
2003-02-05,14.32,14.4,12.8,12.8,11339
2003-02-06,14.38,14.44,14.22,14.3,4739
2003-02-07,14.31,14.57,14.24,14.24,5520
2003-02-10,14.21,14.35,13.99,14.02,7690
2003-02-11,14.3,14.41,14.22,14.29,6589
2003-02-12,14.21,14.6,14.2,14.6,5884
2003-02-14,14.21,14.29,14.1,14.1,7126
2003-02-17,14.6,15,14.32,14.32,8563
2003-02-18,14.78,14.9,14.51,14.9,8844
2003-02-19,14.92,15.45,14.7,14.77,13946
2003-02-20,15.44,15.6,15.11,15.19,23994
2003-02-21,15.11,15.39,15.04,15.39,9525
2003-02-24,15.07,15.24,15.01,15.01,4093
2003-02-25,14.79,15.01,14.7,15.01,9141
2003-02-26,14.8,14.87,14.6,14.74,5421
2003-02-27,14.8,14.99,14.66,14.67,5168
2003-02-28,16.13,16.58,15,15,186961
2003-03-03,16.18,16.88,16.06,16.5,67985
2003-03-04,15.37,16.19,15.22,16.19,25850
2003-03-05,15.3,15.49,15.2,15.22,12875
2003-03-06,15.1,15.57,15.01,15.54,12810
2003-03-07,14.56,15,14.52,15,11627
2003-03-10,14.39,14.85,14.25,14.85,10279
2003-03-11,14.47,14.6,14.04,14.17,8183
2003-03-12,14.34,14.85,14.22,14.65,16565
2003-03-13,14.26,14.5,14.25,14.5,3600
2003-03-17,14.3,15.06,13.22,14,27823
2003-03-19,14.11,14.58,14,14.45,10296
2003-03-20,14.22,14.4,14.05,14.05,13086
2003-03-21,14.47,14.71,14.22,14.28,16493
2003-03-24,13.98,14.5,13.9,14.5,13987
2003-03-25,13.77,14.08,13.6,13.62,15925
2003-03-26,13.82,14.11,13.8,14,19752
2003-03-27,13.81,13.97,13.64,13.64,7842
2003-03-28,13.35,13.99,13.2,13.8,17600
2003-03-31,13.04,13.23,13,13.2,12855
2003-04-01,13.25,13.6,13.1,13.1,10328
2003-04-02,13.5,13.59,13.34,13.45,3973
2003-04-03,13.77,13.8,13.58,13.69,6100
2003-04-04,13.94,14.19,13.41,13.64,14069
2003-04-07,14.43,14.78,14.36,14.36,25542
2003-04-08,14.4,14.49,14.2,14.42,9512
2003-04-09,14.26,14.6,14.2,14.6,8848
2003-04-10,13.82,14.2,13.71,14.12,10623
2003-04-11,13.48,13.86,13,13.61,13465
2003-04-15,13.95,14.08,13.75,14.06,4769
2003-04-16,13.71,14,13.6,14,4814
2003-04-17,13.64,13.87,13.53,13.81,2699
2003-04-21,13.64,13.8,13.6,13.8,6736
2003-04-22,13.71,13.98,13.5,13.6,6343
2003-04-23,13.61,13.8,13.17,13.17,3815
2003-04-24,13.45,13.7,13.42,13.6,4349
2003-04-25,13.02,13.5,12.9,13.43,16136
2003-04-28,13.13,13.3,12.57,12.57,3713
2003-04-29,13.24,13.38,13.12,13.15,6260
2003-04-30,13.16,13.39,12.6,12.6,4032
2003-05-02,13.29,13.44,13.04,13.04,5330
2003-05-05,13.67,13.89,13.29,13.29,9842
2003-05-06,13.59,13.95,13.56,13.95,11831
2003-05-07,13.48,13.8,13.43,13.8,6075
2003-05-08,13.51,13.92,13.4,13.41,11092
2003-05-09,13.39,13.56,13.22,13.22,4404
2003-05-12,13.41,13.57,13.26,13.46,4262
2003-05-13,13.59,13.6,13.41,13.45,7826
2003-05-14,14.79,15.2,13.63,13.63,77908
2003-05-15,14.96,15.6,14.72,14.8,66438
2003-05-16,14.73,15.26,14.63,15.16,26373
2003-05-19,14.54,15.1,14.43,14.88,25407
2003-05-20,14.99,15.14,14.4,14.4,19919
2003-05-21,15.52,15.95,15,15,49948
2003-05-22,15.93,16.33,15.63,15.68,72820
2003-05-23,16.16,16.38,16.01,16.2,48178
2003-05-26,16.73,16.92,15.93,16.2,58497
2003-05-27,17.69,17.87,16.85,16.98,97049
2003-05-28,18.43,18.55,17.8,18.2,82372
2003-05-29,17.54,18.4,17.12,17.12,31725
2003-05-30,17.09,17.79,17,17.2,26464
2003-06-02,16.76,17.52,16.63,17.4,21836
2003-06-03,15.96,16.96,15.92,16.63,32083
2003-06-04,16.18,16.78,15.82,15.82,26384
2003-06-05,16.42,17.36,16.26,16.4,54344
2003-06-06,16.02,16.85,15.93,16.6,35709
2003-06-09,16.38,16.58,16.01,16.55,27006
2003-06-10,16.53,17.19,16.42,16.74,67621
2003-06-11,16.37,16.74,16.22,16.7,16742
2003-06-12,16.4,16.78,16.33,16.68,11135
2003-06-13,16.31,16.54,16.13,16.4,13962
2003-06-16,16.22,16.6,16.2,16.4,10019
2003-06-17,16.87,16.98,16.4,16.54,40172
2003-06-18,17.26,17.9,17,17,93773
2003-06-19,16.85,17.53,16.67,17.53,28860
2003-06-20,16.42,16.93,16.36,16.8,25604
2003-06-23,16.41,17.1,16.34,16.6,40261
2003-06-24,16.05,16.42,16,16.42,46025
2003-06-25,16.26,16.49,15.82,16.2,25723
2003-06-26,16.78,16.98,16.34,16.34,90152
2003-06-27,16.21,16.4,14.66,15.98,303800
2003-06-30,15.8,16.17,15.6,16,51905
2003-07-01,15.76,16.6,15.7,16,37280
2003-07-02,16.15,16.56,15.82,15.85,79777
2003-07-03,16.04,16.45,15.95,16.45,33295
2003-07-04,15.95,16.4,15.62,16.15,39641
2003-07-07,16.07,16.8,15.61,16.39,43939
2003-07-08,16.49,16.8,16,16.2,54956
2003-07-09,16.69,17.3,16.54,16.7,106424
2003-07-10,16.62,17,16.4,17,29390
2003-07-11,16.53,16.9,16.48,16.83,24096
2003-07-14,16.49,16.9,16.3,16.79,28004
2003-07-15,15.79,16.5,15.7,16.4,27486
2003-07-16,15.8,16.15,15.74,15.8,14300
2003-07-17,15.36,16,15.13,15.98,31869
2003-07-18,15.1,15.4,15.02,15.4,26377
2003-07-21,14.91,15.97,14.84,15.97,16283
2003-07-22,14.56,15,14.5,15,48519
2003-07-23,14.75,15,14.56,14.85,12785
2003-07-24,14.77,14.9,14.7,14.8,8473
2003-07-25,14.9,15.1,14.8,15,10501
2003-07-28,16.18,16.4,14.8,15.49,61466
2003-07-29,16.16,16.89,15.76,16.89,37826
2003-07-30,15.64,15.98,15.6,15.62,26902
2003-07-31,15.27,15.76,15.2,15.56,15904
2003-08-01,15.26,15.57,15.13,15.57,16118
2003-08-04,15.4,15.7,15.22,15.4,17939
2003-08-05,15.46,15.74,15.2,15.59,31544
2003-08-06,15.62,15.76,15.41,15.5,17851
2003-08-07,16.49,16.6,15.6,15.8,88928
2003-08-08,16.17,16.9,16.1,16.9,31853
2003-08-11,16.2,16.3,15.7,16.19,27878
2003-08-12,16.46,16.59,16.2,16.32,37675
2003-08-13,16.61,16.74,16.3,16.6,34583
2003-08-14,16.65,16.74,16.42,16.59,38438
2003-08-18,17.41,17.6,16.68,16.72,80878
2003-08-19,17.41,17.6,17.08,17.4,74335
2003-08-20,18.47,18.9,17.55,17.59,147772
2003-08-21,17.8,18.8,17.6,18.6,41109
2003-08-22,19.46,20.48,17.83,18.01,298694
2003-08-25,20.85,23.24,19.6,20.4,772155
2003-08-26,21.57,22.35,21,21.17,364707
2003-08-27,21.24,22.2,21.05,21.8,142748
2003-08-28,20.75,21.79,20.6,21.58,71949
2003-08-29,21.1,21.77,20.4,21,107565
2003-09-01,21.64,22.52,21.23,21.38,180523
2003-09-02,20.96,21.94,20.68,21.94,48725
2003-09-03,19.77,21.2,19.2,21.2,74628
2003-09-04,20.21,21.25,19.6,20.8,144820
2003-09-05,20.2,20.8,20,20.45,62318
2003-09-08,20.56,20.95,20.4,20.55,68656
2003-09-09,19.97,21,19.67,21,51979
2003-09-10,19.35,20.02,19.19,20.02,41145
2003-09-11,20.07,20.29,19.08,19.1,60789
2003-09-12,20.55,22.2,19.62,19.62,277413
2003-09-15,19.91,21.78,19.7,21.78,103586
2003-09-16,20.05,20.34,19.51,19.94,72094
2003-09-17,19.94,21,19.83,20.4,77615
2003-09-18,19.04,20.2,18.95,20,49194
2003-09-19,18.73,19.8,18.6,19.7,45909
2003-09-22,18.18,19,18.07,19,27090
2003-09-23,18.44,18.6,18,18.06,26314
2003-09-24,19.64,20.4,18.53,18.79,105767
2003-09-25,19.78,20.4,19.18,19.6,41390
2003-09-26,20.18,20.65,19.58,20.6,127587
2003-09-29,19.67,20.6,19.6,20.53,68078
2003-09-30,19.58,20.2,19.46,20.02,39504
2003-10-01,19.31,19.6,19.25,19.4,28971
2003-10-03,19.58,20.14,19.44,19.56,49039
2003-10-06,19.71,20,19.51,19.7,30218
2003-10-07,20.08,20.79,19.82,19.82,129748
2003-10-08,19.64,20.4,19.44,20.4,47243
2003-10-09,19.87,20,19.6,19.6,26824
2003-10-10,19.6,20.15,19.42,20,23490
2003-10-13,19.55,19.9,19.46,19.7,28157
2003-10-14,19.22,19.8,19.03,19.7,40062
2003-10-15,19.09,19.45,19,19.12,24631
2003-10-16,20.12,20.59,19.1,19.22,164128
2003-10-17,20.14,20.95,20.03,20.4,104187
2003-10-20,19.46,20.2,19.32,20.02,48819
2003-10-21,19.06,19.6,19,19.6,35504
2003-10-22,18.81,19.3,18.64,19.01,24412
2003-10-23,18.64,19.14,18.45,18.71,16201
2003-10-24,18.69,18.8,18.25,18.71,16542
2003-10-27,18.73,19,18.63,18.82,15196
2003-10-28,18.54,19.08,18.42,19.08,9412
2003-10-29,18.35,18.68,18.26,18.68,5158
2003-10-30,18.23,18.77,18.18,18.76,24523
2003-10-31,18.54,18.88,18.41,18.59,22950
2003-11-03,18.55,20.68,18.47,19.1,31564
2003-11-04,18.22,19.08,18.05,18.68,27953
2003-11-05,18.11,18.46,18.02,18.32,28864
2003-11-06,18.66,19.4,18.22,18.38,78807
2003-11-07,19.66,20.13,18.62,19,176769
2003-11-10,20.19,20.46,19.34,19.8,64610
2003-11-11,20.39,20.98,20.1,20.58,129657
2003-11-12,20.18,20.86,20,20.59,67468
2003-11-13,19.47,20.36,19.32,20.36,55629
2003-11-14,19.11,19.6,18.8,19,50267
2003-11-17,19.4,19.76,19.3,19.5,22740
2003-11-18,19.59,20.35,19.22,19.22,42614
2003-11-19,19.06,19.49,19,19.4,21684
2003-11-20,18.5,19.4,18.4,19.01,29034
2003-11-21,18.53,19.1,18.14,18.74,43034
2003-11-24,18.43,18.65,18.36,18.6,26759
2003-11-25,19.2,19.96,18.55,18.8,198866
2003-11-27,19.41,19.8,19.02,19.39,128666
2003-11-28,19.34,19.87,19.23,19.8,69424
2003-12-01,19.98,20.16,19.52,19.52,147906
2003-12-02,22.56,23,19.8,20.16,935821
2003-12-03,27.08,27.08,22.63,23,1421020
2003-12-04,26.45,29.94,26.1,27.54,1349727
2003-12-05,25.54,27.29,25.15,26.8,454873
2003-12-08,27.97,28.64,25.14,25.24,793228
2003-12-09,28.82,29.2,28,28.26,607115
2003-12-10,27.57,29,27,29,261358
2003-12-11,26.97,27.98,26.6,27.95,167368
2003-12-12,29.08,30.3,26.63,27.19,561187
2003-12-15,29.67,30.78,29.38,29.38,702200
2003-12-16,28.63,29.38,27.81,28.8,332042
2003-12-17,34.36,34.36,28.62,29,1826201
2003-12-18,36.98,39.6,34.72,35,2968757
2003-12-19,36.01,37.94,35.5,37.34,711883
2003-12-22,38.31,40.22,36.07,36.34,1906801
2003-12-23,38.97,40.63,37.4,38.6,1543212
2003-12-24,39.27,40.68,39,39.4,780066
2003-12-26,38.86,40.94,38.58,39.7,848735
2003-12-29,38.65,40.55,38.4,39.14,468340
2003-12-30,36.83,39.7,36.21,39,465678
2003-12-31,36.49,38.8,36.01,36.6,381540
2004-01-01,37.74,38.28,36.8,37,516060
2004-01-02,37.96,39.36,37.4,38.14,631411
2004-01-05,36.7,38.4,36.4,38,372922
2004-01-06,34.59,37.28,33.82,37.08,213755
2004-01-07,37.45,39.07,34.6,35,1780182
2004-01-08,38.95,39.3,36.65,37.78,953873
2004-01-09,36.53,40,35.85,39.74,568557
2004-01-12,36.47,37.71,36.24,36.86,248824
2004-01-13,36.74,37.18,35.6,36.8,228660
2004-01-14,36.95,38.36,36.62,36.88,444695
2004-01-15,36.82,37.6,36.54,37.24,219213
2004-01-16,36.03,37.15,35.6,36.6,225810
2004-01-19,36.19,36.59,34.6,36.34,189695
2004-01-20,34.64,37,34,36.2,154513
2004-01-21,30.08,34.8,29.43,34.78,212859
2004-01-22,26.93,31.1,26.3,31,356174
2004-01-23,30.51,31,26.64,26.9,281194
2004-01-27,33.32,34.35,29.48,30.94,374221
2004-01-28,31.6,33.6,31,33.6,264129
2004-01-29,31.51,32.94,31,31.98,240732
2004-01-30,30.36,32.78,30.02,31.82,229234
2004-02-03,29.08,31.83,28.43,30.2,265144
2004-02-04,29.63,30.3,28.73,29.4,183292
2004-02-05,29.1,30.48,28.47,30.4,134400
2004-02-06,29.2,29.8,28.8,29.52,85078
2004-02-09,29.41,30.25,29,29.6,117161
2004-02-10,29.72,30.4,29.26,29.63,158616
2004-02-11,29.56,30.3,29.2,29.9,143080
2004-02-12,29.79,29.86,29.3,29.84,118636
2004-02-13,34.14,35.4,29.8,30.03,1412792
2004-02-16,32.63,34.54,32.06,34.42,332184
2004-02-17,32.99,34.38,32.45,32.99,451356
2004-02-18,32.8,33.68,32.6,33.14,178628
2004-02-19,30.94,32.99,30.71,32.99,157797
2004-02-20,30.36,31.14,29.85,31.14,183896
2004-02-23,29.11,30.8,28.95,30.74,109014
2004-02-24,28.99,29.37,28.5,29.37,104364
2004-02-25,28.8,30.49,28.27,29.04,177858
2004-02-26,28.29,29.68,28.1,29.14,117980
2004-02-27,28.4,28.88,27.88,28.65,124604
2004-03-01,29.03,29.68,28.2,28.4,152274
2004-03-03,29.08,29.78,28.87,29.34,91899
2004-03-04,28.35,29.25,27.96,29.25,67185
2004-03-05,29.04,29.47,28.51,28.76,95735
2004-03-08,29.76,30,29,29.1,107096
2004-03-09,28.52,29.8,28.14,29.8,81758
2004-03-10,28.15,29.2,28,28.2,68516
2004-03-11,27.81,28.6,27.51,28.4,60597
2004-03-12,27.77,28.47,27.5,28,71293
2004-03-15,26.15,28.4,26.01,28.18,79477
2004-03-16,24.94,26.2,24.63,26,83283
2004-03-17,25.12,25.38,24.26,25.18,59547
2004-03-18,24.88,25.95,24.64,25.3,89876
2004-03-19,24.78,25.28,24.6,24.98,40874
2004-03-22,21.73,24.9,21.32,24.8,81431
2004-03-23,22.58,23.3,21.32,21.78,205157
2004-03-24,22.77,23.38,22.44,22.85,80658
2004-03-25,22.49,23.23,22.4,22.94,74157
2004-03-26,23.4,24.3,22.8,22.8,126212
2004-03-29,24.35,24.8,23.6,23.6,101666
2004-03-30,26.31,27.68,24.42,24.8,345593
2004-03-31,26.28,27.4,26.2,26.4,115508
2004-04-01,27.45,28.2,26.35,26.5,184431
2004-04-02,27.47,28.6,27.3,27.39,229376
2004-04-05,29.06,30.2,27.6,27.7,389469
2004-04-06,29.64,30.29,29.1,29.5,227504
2004-04-07,28.9,30,28.65,29.7,83309
2004-04-08,29.07,30.18,28.36,28.94,180610
2004-04-12,28.8,29.77,28.65,29.3,106930
2004-04-13,28.23,29.32,28.02,29.05,101379
2004-04-15,28.3,28.94,28.1,28.5,85646
2004-04-16,28.2,28.78,28.1,28.6,60591
2004-04-19,29.19,30.18,28.41,28.79,289576
2004-04-20,29.02,30.14,28.86,29.59,199004
2004-04-21,29.18,29.75,28.62,28.78,85349
2004-04-22,28.9,29.74,28.8,29.42,84688
2004-04-23,29.18,29.74,28.62,29,147540
2004-04-27,28.06,29,27,29,78642
2004-04-28,27.5,28.59,27.2,27.28,42005
2004-04-29,27.57,28,27.3,27.3,36396
2004-04-30,27.59,28.3,27.2,27.7,32094
2004-05-03,26.54,27.98,26.21,27.98,34190
2004-05-04,29.5,30,26.8,27.6,227134
2004-05-05,29.43,30.69,29.02,29.51,272621
2004-05-06,28.72,29.9,28.4,29.9,108502
2004-05-07,28.53,29.17,28.05,29,83730
2004-05-10,28.52,29.1,27.45,28.02,61512
2004-05-11,27.63,28.38,27.42,28,59594
2004-05-12,27.64,28.5,27.14,28.4,48432
2004-05-13,26.96,28.15,26.2,27.2,73503
2004-05-14,26.64,27.6,26.03,27,102422
2004-05-17,23.23,26,22.06,24.9,98090
2004-05-18,25.39,26,22.4,22.4,141093
2004-05-19,26.53,27.6,25.6,26.8,49552
2004-05-20,27.18,28.74,25.8,25.8,101255
2004-05-21,27.89,28.18,23.4,27.59,104028
2004-05-24,33.47,33.47,28.69,28.69,410951
2004-05-25,34.99,38,34.55,36.98,1233354
2004-05-26,35.28,36.2,34.63,35.6,421394
2004-05-27,36.13,36.88,35.05,36.02,358668
2004-05-28,36.27,36.58,35.9,36.4,280252
2004-05-31,36.43,36.68,35.4,36,171457
2004-06-01,36.43,36.7,36.02,36.02,59303
2004-06-02,36.36,36.6,36.15,36.5,52414
2004-06-03,35.89,36.6,35.81,36.2,43636
2004-06-04,35.85,36.19,35.67,35.9,46898
2004-06-07,35.84,36.16,35.71,35.93,37855
2004-06-08,35.88,35.98,35.77,35.84,19021
2004-06-09,35.88,36.18,35.8,36,19594
2004-06-10,35.83,36,35.8,35.83,23341
2004-06-11,36.02,36.28,35.98,35.98,37313
2004-06-14,35.92,36.39,35.85,36.39,25308
2004-06-15,35.98,36.14,35.88,36,18555
2004-06-16,36.13,36.65,35.89,35.89,49354
2004-06-17,36.06,36.28,35.91,35.91,11673
2004-06-18,36.06,36.29,36.05,36.2,17338
2004-06-21,36.15,36.4,36,36,28165
2004-06-22,36.18,36.34,36.03,36.03,25115
2004-06-23,36.02,36.2,36,36.1,19157
2004-06-24,36.17,36.27,35.91,35.95,35618
2004-06-25,35.94,36.26,35.87,35.96,31956
2004-06-28,35.83,36.2,35.71,36.2,11582
2004-06-29,36,36.28,35.85,36.2,24774
2004-06-30,35.88,37,35.7,36.56,120343
2004-07-01,36.03,37,36.01,36.56,14671
2004-07-02,36,36.3,35.93,36,34098
2004-07-05,36.01,36.32,35.72,36.32,12678
2004-07-06,36.09,36.16,36,36.01,17488
2004-07-07,36.2,36.4,36.1,36.1,9589
2004-07-08,36.13,38,36,36.3,151810
2004-07-09,36.27,36.6,36.02,36.36,16013
2004-07-12,36.28,36.58,36.22,36.58,9645
2004-07-13,36.33,36.4,36.2,36.3,17923
2004-07-14,36.24,36.54,36.2,36.54,18615
2004-07-15,36.27,36.36,36.2,36.2,14653
2004-07-16,36.32,36.38,36.23,36.3,9987
2004-07-19,36.42,36.48,36.25,36.38,12600
2004-07-20,36.31,36.39,36,36.21,5835
2004-07-21,36.44,36.6,36.32,36.32,11516
2004-07-22,36.42,36.58,36.41,36.42,7235
2004-07-23,36.42,36.7,36.05,36.05,11977
2004-07-26,36.55,37.1,36.48,36.5,36008
2004-07-27,36.5,36.78,36.43,36.78,19920
2004-07-28,36.58,36.63,36.45,36.45,10321
2004-07-29,36.61,36.68,36.5,36.61,11865
2004-07-30,36.62,36.82,36.52,36.6,19085
2004-08-02,36.51,36.64,36.2,36.2,39305
2004-08-03,36.21,36.64,36.02,36.2,23097
2004-08-04,32.77,36.24,32.4,36.24,107633
2004-08-05,34.08,34.76,32.6,33,117462
2004-08-06,33.43,34.76,33.37,34.2,25687
2004-08-09,34.09,34.38,33.23,33.6,25207
2004-08-10,33.95,34.4,33.75,34.4,18295
2004-08-11,34.15,34.5,33.8,34,25594
2004-08-12,33.65,34.98,33.4,34.39,12900
2004-08-13,34.44,34.96,33.62,34.02,55068
2004-08-16,33.78,35,33.69,35,16806
2004-08-17,33.96,34.26,33.02,33.02,29014
2004-08-18,33.28,34.2,33.2,34.2,18213
2004-08-19,33.58,33.85,33.35,33.56,10608
2004-08-20,33.13,33.73,33,33.21,21340
2004-08-23,32.88,33.5,32.8,33.4,15772
2004-08-24,33.53,33.8,32.8,33.58,16339
2004-08-25,33.38,34.19,33.24,34.19,6170
2004-08-26,35.13,35.4,33.46,33.9,76945
2004-08-27,34.44,34.9,34.11,34.41,17975
2004-08-30,35.03,35.2,34.85,35.14,14932
2004-08-31,36.18,36.36,35,35.16,57263
2004-09-01,37.15,37.48,36.02,36.28,101379
2004-09-02,35.96,37.28,35.6,37.19,20630
2004-09-03,36.28,36.87,36.02,36.6,24217
2004-09-06,36.28,37.16,35.6,35.6,26558
2004-09-07,36.3,36.7,35.2,35.2,14715
2004-09-08,36.09,36.54,36,36.2,17772
2004-09-09,35.57,36.22,35.5,36.2,8910
2004-09-10,35.58,36,35.5,35.57,4796
2004-09-13,35.56,36.44,35.4,36,13231
2004-09-14,35.19,36,35.03,35.65,9313
2004-09-15,35.37,35.95,35.27,35.95,6494
2004-09-16,35.29,35.7,35.04,35.7,4759
2004-09-17,35.07,35.98,35,35.8,8792
2004-09-20,35.04,35.78,34.8,35.6,8542
2004-09-21,34.91,35.5,34.8,35.1,3555
2004-09-22,34.35,35.2,34,35,16974
2004-09-23,34.16,35,34.02,35,15999
2004-09-24,34.34,34.78,34.03,34.4,10294
2004-09-27,34.11,34.87,33.85,33.85,9639
2004-09-28,34.02,34.4,33.92,34.4,8316
2004-09-29,33.75,34.39,33.63,34.2,12367
2004-09-30,33.76,34.4,33.64,33.82,11988
2004-10-01,33.62,34.9,32.81,34.9,36289
2004-10-04,33.64,34.38,33.1,34.38,10327
2004-10-05,34.84,35.97,33.7,33.95,93495
2004-10-06,34.13,35.42,34.04,35.25,45620
2004-10-07,33.77,34.6,33.58,34.6,23458
2004-10-08,34.87,35.28,33.82,34.2,64426
2004-10-11,34.92,35.26,34.8,34.82,24747
2004-10-12,34.46,34.99,34.02,34.82,8012
2004-10-14,34.97,35.4,33.39,33.39,17732
2004-10-15,34.44,35.01,34.22,35.01,3348
2004-10-18,34.27,34.96,34.02,34.96,8569
2004-10-19,34.41,34.98,34.4,34.9,6621
2004-10-20,34.4,34.7,34.4,34.7,2721
2004-10-21,34.47,34.6,34.4,34.4,5418
2004-10-25,34.32,34.5,34.2,34.5,17102
2004-10-26,34.38,34.45,34.04,34.1,12187
2004-10-27,34.32,35.2,34,34.78,10817
2004-10-28,34.6,34.7,34.2,34.4,12842
2004-10-29,35.07,35.58,34.68,34.68,31451
2004-11-01,34.14,35.58,33.8,35.38,24283
2004-11-02,34.36,35,34.2,34.98,12092
2004-11-03,34.54,35,34.4,34.64,8911
2004-11-04,34.22,35,34.03,34.8,17854
2004-11-05,36.26,37.06,34.2,34.78,130935
2004-11-08,38.57,39.48,36.4,36.6,608830
2004-11-09,38.41,40.19,38.21,38.7,447951
2004-11-10,37.84,38.76,37.6,38.64,67226
2004-11-11,38.84,39.57,37.85,38.2,176098
2004-11-12,39.14,40,39,39,116320
2004-11-16,38.94,39.15,37.7,39,123684
2004-11-17,39,39.38,38.8,39.01,68749
2004-11-18,39.93,40.9,37.2,39.6,484587
2004-11-19,41.7,42.8,40.17,40.2,537857
2004-11-22,43.77,45.7,40.62,41.94,549914
2004-11-23,43.42,45.56,43.13,44,187765
2004-11-24,44.54,45.18,42.6,44,173189
2004-11-25,45.91,46.6,43.2,45,322102
2004-11-29,50.06,50.93,44.2,46,412268
2004-11-30,47.29,50.39,46.23,50.2,165554
2004-12-01,49.74,50.58,44.34,46.31,278318
2004-12-02,48.77,50.4,48.43,50.4,49236
2004-12-03,49.34,49.6,47.01,49.28,56342
2004-12-06,49.88,51.58,49.4,49.9,106032
2004-12-07,52.6,53.5,49.6,49.6,222835
2004-12-08,54.38,55.48,52.2,52.22,184313
2004-12-09,53.92,55.2,53.32,54.3,154511
2004-12-10,50.93,54.3,50.42,54.3,47965
2004-12-13,51.07,52.9,50.81,51.26,93956
2004-12-14,52.59,53.4,51.59,51.59,99132
2004-12-15,53.53,54.6,51.8,52.22,99497
2004-12-16,54.3,54.6,52.6,54.6,63002
2004-12-17,52.03,54.7,51.61,54.36,63815
2004-12-20,52.94,54.3,51.62,52.4,107481
2004-12-21,53.22,53.98,52.8,53,81049
2004-12-22,55.71,57.78,52.8,53.2,278553
2004-12-23,56.18,56.96,54.44,55.96,66699
2004-12-24,56.33,56.75,55.8,56.7,36131
2004-12-27,56.7,57,56,56,29072
2004-12-28,56.81,57.4,56.2,56.98,74999
2004-12-29,55.72,57.4,54.25,56.06,58419
2004-12-30,53.23,56,51.66,56,77045
2004-12-31,63.88,63.88,53.63,53.63,276216
2005-01-03,57.65,65.9,56.7,65.6,284407
2005-01-04,58.47,60.79,58.2,58.4,98566
2005-01-05,55.24,58.9,52,58.9,98386
2005-01-06,53.05,55.9,52.52,55.2,59865
2005-01-07,58.74,61,53.01,53.01,173273
2005-01-10,58.94,61.28,57.4,59.1,151673
2005-01-11,58.5,59.4,57.62,59.4,55503
2005-01-12,57.43,59.39,56.6,59,77644
2005-01-13,64.73,67,58,58,238171
2005-01-14,66.85,68.38,63.22,64.6,208996
2005-01-17,63.43,69.18,62.2,69.18,74929
2005-01-18,64.51,67.8,63.6,63.8,103852
2005-01-19,64.94,67.57,63.84,67.38,46382
2005-01-20,63.54,66,61.73,65.2,34138
2005-01-24,62.9,65.4,62.3,65.4,23252
2005-01-25,63.97,64.8,62.3,62.3,33727
2005-01-27,67.06,68,64,67.8,63969
2005-01-28,79.34,79.98,67,67.36,782093
2005-01-31,81.39,85.73,79.34,79.8,589475
2005-02-01,83.2,85,76,81.6,736054
2005-02-02,82.8,86.4,81.83,83,399173
2005-02-03,82.21,84.35,81.2,83.4,175314
2005-02-04,81.05,83.4,80.12,82.4,140670
2005-02-07,78.62,81.86,78.1,81.38,83439
2005-02-08,82.56,83.2,78.5,79.69,247207
2005-02-09,83.09,84.97,82.56,82.6,167377
2005-02-10,82.17,84.26,81.8,83.48,80231
2005-02-11,81.16,84,80.32,83,52842
2005-02-14,79.84,83.37,79,82.6,74639
2005-02-15,79.12,81.38,78.8,80.8,60966
2005-02-16,79.24,81.8,78.6,80.19,76604
2005-02-17,79.07,80.67,78.6,79.2,34945
2005-02-18,83.27,84,79.4,79.6,165894
2005-02-21,79.71,84.8,79.02,83.2,75599
2005-02-22,78.88,80.8,78.61,80.02,54666
2005-02-23,77.53,79.66,77.22,79.66,37915
2005-02-24,77.11,79.26,76.72,79.26,42161
2005-02-25,76.93,79.56,76.2,77.89,99386
2005-02-28,76.75,78.6,76.45,76.84,37910
2005-03-01,79.1,80.74,77,77.02,73115
2005-03-02,80.71,82.2,80,80.2,98179
2005-03-03,83.13,83.8,80.71,81.67,116682
2005-03-04,83.18,84.99,81.02,83.8,80025
2005-03-07,86.7,88.95,75.7,75.7,180993
2005-03-08,91.64,93.2,85.1,86.4,213594
2005-03-09,93.27,99.1,90.2,92,383724
2005-03-10,93.41,97.8,92.4,93.06,112957
2005-03-11,94.41,95.4,93.6,93.6,69536
2005-03-14,94.83,95.4,91,91,57116
2005-03-15,91.7,95.6,90.22,94.6,38842
2005-03-16,91.04,93.4,90.82,92,17942
2005-03-17,99.75,106.3,94,94,790162
2005-03-18,104.06,105.2,99.24,101.6,451291
2005-03-21,105.32,114.88,99.6,114.88,722903
2005-03-22,104.98,110.94,102.63,106,494250
2005-03-23,102.17,108,99.45,103.6,181491
2005-03-24,97.92,104.7,94.26,102.6,305310
2005-03-28,102.14,107,97.61,99.6,113579
2005-03-29,100.11,105.3,97,103.1,270163
2005-03-30,100.77,102.56,98.44,100.2,152603
2005-03-31,101.82,103.69,101.2,102.78,68749
2005-04-01,102.9,103.6,101.4,102.8,44779
2005-04-04,104.05,105.16,101.6,103.3,77698
2005-04-05,104.09,106,103.06,103.2,78449
2005-04-06,106.55,107.4,101.04,101.04,108349
2005-04-07,106.7,108.2,106.42,108.2,47745
2005-04-08,105.22,106.8,104.8,106.8,12247
2005-04-11,105,105.8,102.4,105.22,37588
2005-04-12,105,105.3,100.6,100.6,3747
2005-04-13,105.52,111,101.61,110,5305
2005-04-15,103.67,109,102,108.9,12314
2005-04-18,103.08,104,98,100,6821
2005-04-19,104,104.2,102.2,102.2,15555
2005-04-20,104.35,104.4,104,104,9753
2005-04-21,105.57,106.98,104,104,7256
2005-04-22,105.11,106,96.62,96.62,2407
2005-04-25,105.01,105.4,96.8,98,2582
2005-04-26,105,105.38,105,105,9659
2005-04-27,105,105.2,98,98,14842
2005-04-28,104.73,106,98.25,98.25,11053
2005-04-29,105,105.4,104.65,105,22049
2005-05-02,105,105.8,105,105,10242
2005-05-03,106.02,106.1,102,102,5565
2005-05-04,105.33,106.4,105,105,4441
2005-05-05,105,107,105,106,6259
2005-05-06,105,106.99,105,106.99,6675
2005-05-09,105.02,105.8,104.2,105,10584
2005-05-10,104.01,104.5,103.01,103.01,7811
2005-05-11,105.06,105.5,102.33,102.33,9359
2005-05-12,105.56,106,105,106,6760
2005-05-13,108.63,109,106,107,7213
2005-05-16,113.85,114.06,109,109.2,11023
2005-05-17,116.15,117,114,114,24112
2005-05-18,120.02,122,116,119.8,27278
2005-05-19,123.02,124,120.2,120.6,7638
2005-05-20,114.99,128,112.42,126,9353
2005-05-23,113.2,115,111.11,115,25785
2005-05-24,113.9,115,112,115,10467
2005-05-25,116.01,119.8,114,114,4193
2005-05-26,114.49,117.36,114,116,2012
2005-05-27,114.15,118,111.6,118,5304
2005-05-30,114.21,116,113.91,113.91,2413
2005-05-31,114.78,115.19,111.2,111.2,1463
2005-06-01,121.73,124,115,115,17435
2005-06-02,121.14,125.4,120.02,124,9238
2005-06-03,124.04,124.97,121.03,121.03,4035
2005-06-06,125.44,127.98,124.22,126,23618
2005-06-07,124.11,127,124,127,4520
2005-06-08,124,126.6,118,118,7453
2005-06-09,124.08,128.2,123,128.2,3842
2005-06-10,124.02,127,124,124.03,5965
2005-06-13,120.89,125,118,125,3794
2005-06-14,120.04,125,111,125,7346
2005-06-15,121.2,127.98,119.01,127.98,3438
2005-06-16,121.1,122,120,120,10769
2005-06-17,119.94,120.4,118.4,120,9773
2005-06-20,118.95,119.4,118,118,4945
2005-06-21,119.51,120.4,118.01,119,9877
2005-06-22,115.14,120.6,115.01,120.6,2988
2005-06-23,116.84,118.1,115.05,116.41,4632
2005-06-24,118.67,120,110,120,1307627
2005-06-27,115.04,120.79,114,120,7693
2005-06-28,111.54,117,111,117,3592
2005-06-29,110.98,116,110,116,6521
2005-06-30,106.67,111.59,105,111,4418
2005-07-01,113.33,114,110.4,110.4,19723
2005-07-04,113.16,118.8,112.61,118.8,3564
2005-07-05,113.24,114.8,108.2,108.4,12619
2005-07-06,115.88,116.79,110.77,113.8,11304
2005-07-07,115.89,117,111,111,13181
2005-07-08,115.59,121,115,121,7616
2005-07-11,116.04,118,113,113,4233
2005-07-12,115.47,116,113.4,116,4930
2005-07-13,115.07,116,114.02,116,1782
2005-07-14,113.46,114.02,112,114.02,11410
2005-07-15,114.49,115.4,111.2,111.2,3184
2005-07-18,113.8,115.8,110.8,110.8,4855
2005-07-19,114.12,114.6,111.02,111.02,4233
2005-07-20,115.07,124.8,111.2,120,4282
2005-07-21,115,117,114,117,4085
2005-07-22,114.07,119.8,109.6,119.8,5632
2005-07-25,114.31,115,113.6,113.6,7263
2005-07-26,114.14,115,110.2,112.4,8059
2005-07-27,112.7,113.8,111,111,1950
2005-07-29,109.8,111.8,108,110.82,7604
2005-08-01,109.94,111,109.02,110,4670
2005-08-02,106.51,109.8,105.8,109.8,28730
2005-08-03,109.47,110,106,106.4,7766
2005-08-04,110.01,110.57,108.4,108.42,4632
2005-08-05,111.13,113,109.2,109.2,4514
2005-08-08,113.87,116,110,110,7106
2005-08-09,113.85,114.2,112,112.02,4883
2005-08-10,115.84,116,114,115.96,5313
2005-08-11,116.41,117.2,108,116,3278
2005-08-12,115.41,120,114,119.95,4135
2005-08-16,115.35,116,114,115.2,24016
2005-08-17,113.51,115,112.43,115,6563
2005-08-18,113.29,117,112,116,7208
2005-08-19,112.98,115,112,113.14,4240
2005-08-22,114.65,117,110,110,10915
2005-08-23,111.83,115.58,111.5,115.1,3476
2005-08-24,111.51,112.7,111,112.05,4585
2005-08-25,111.6,112.9,111,111,2481
2005-08-26,111.62,113.6,111,111,40206
2005-08-29,112.51,112.96,111,112.2,2037
2005-08-30,111.13,113,109,111,5004
2005-08-31,116.04,116.8,109,109,7368
2005-09-01,118.41,125.8,117.8,121.95,14874
2005-09-02,118.35,120,118,119,3367
2005-09-05,118.8,120,118.42,118.42,3411
2005-09-06,119.16,119.8,116,116,2144
2005-09-08,118.05,119.8,115,119,8063
2005-09-09,117.2,118.25,115.01,115.04,2115
2005-09-12,115.42,118,115,117,4973
2005-09-13,114.08,115.1,113.41,115,3145
2005-09-14,114.11,115,113,114,7634
2005-09-15,113.39,115,113,114.45,5334
2005-09-16,112.93,114,112,113.2,12401
2005-09-19,114.01,115.6,113,113,2404
2005-09-20,112.01,113.2,110.05,110.8,10522
2005-09-21,112.16,115,110,110,7530
2005-09-22,109.03,116,108.2,114,13673
2005-09-23,108.72,110,107,107,7300
2005-09-26,111,112.7,110.2,110.2,2743
2005-09-27,110.94,112,110.42,112,2953
2005-09-28,111.13,112,109.32,112,2146
2005-09-29,112.32,113.6,111,112,11948
2005-09-30,113.19,115,111,113,11850
2005-10-03,116.17,123.98,115.13,118,22690
2005-10-04,115.56,118.4,115.05,118.4,2959
2005-10-05,114.89,117.57,114.28,117,4417
2005-10-06,111.52,117.2,111,117.2,1709
2005-10-07,111.08,114,111,112,1542
2005-10-10,113.43,117.98,111,116,4755
2005-10-11,110.59,114,108,114,2780
2005-10-13,110.5,111.8,110,110.95,5429
2005-10-14,110.05,111,109.01,110.2,7104
2005-10-17,110.11,110.28,106.01,106.01,7841
2005-10-18,112.8,114,107.21,107.21,4671
2005-10-19,115.22,121.78,112,120,17999
2005-10-20,114.98,116.2,114.01,115.62,16968
2005-10-21,115.83,116,114,114,6252
2005-10-24,115.61,116,109.06,116,4069
2005-10-25,117.28,118,115.21,116,103741
2005-10-26,117.04,118.2,116.46,117,5176
2005-10-27,116,117,114.2,116.4,7769
2005-10-28,116.96,119,110,118.8,36294
2005-10-31,117.99,118.8,113,113.2,5712
2005-11-01,117.11,118.4,117,118,1595
2005-11-02,117.58,118,116.41,117,25960
2005-11-07,118.11,118.4,113.23,113.23,12870
2005-11-08,119.51,120,118,118.2,5418
2005-11-09,120.23,120.8,119.8,119.98,2265
2005-11-10,120.19,120.49,119.02,120,2758
2005-11-11,120.26,120.78,119.2,119.3,1642
2005-11-14,120.26,120.6,120,120,3607
2005-11-16,120.28,121.42,118.02,120.2,1593
2005-11-17,120.68,121.2,118.22,118.47,2914
2005-11-18,123,126,120.01,120.01,14137
2005-11-21,124.21,126,123,123,89137
2005-11-22,125,125.78,124.4,125,61623
2005-11-23,124.65,125.6,120.05,120.05,37558
2005-11-24,123.71,125,122.61,124.6,3035
2005-11-25,119.65,123.2,119.2,123.2,3871
2005-11-28,121.23,122,119.32,119.8,4915
2005-11-29,117.81,120.2,116,120.2,2934
2005-11-30,115.89,118.44,115.6,118.44,1596
2005-12-01,118.54,122,114.01,122,5081
2005-12-02,119.71,120,118,119.02,3532
2005-12-05,121.59,125,117.31,118,19046
2005-12-06,117.93,121.77,115.02,115.02,1922
2005-12-07,119.71,120.1,119.15,119.54,2201
2005-12-08,120.6,129.96,120,129.76,4640
2005-12-09,123.06,124,121,121,8252
2005-12-12,119.39,122.01,116.2,121.05,6407
2005-12-13,119.85,120.4,119,119.2,1741
2005-12-14,119.72,121.93,117,121.93,860
2005-12-15,120.18,120.89,118.46,119.99,4418
2005-12-16,120,121.2,120,120.8,1607
2005-12-19,119.86,121,119,120,2000
2005-12-20,121.9,122,119,119,4648
2005-12-21,123.06,123.99,122,123.8,4714
2005-12-22,123.25,124.38,122.15,123.99,6071
2005-12-23,120.54,124.4,120,124.4,4253
2005-12-26,118.14,121.93,117.2,118,1278
2005-12-27,120,122.77,119.12,122.77,3937
2005-12-28,120.01,122.78,118.9,122.78,4344
2005-12-29,119.94,121.2,119.24,121.2,2594
2005-12-30,120.1,121.2,118.02,118.02,4695
2006-01-02,120.09,120.28,119.54,120,2285
2006-01-03,118.35,120.39,118.2,120.2,1632
2006-01-04,117.38,125.98,116,125.98,1807
2006-01-05,116.3,117.57,110.05,117.38,4599
2006-01-06,116.11,116.98,116,116.6,1950
2006-01-09,118.42,118.44,115.6,117,8507
2006-01-10,118.08,118.4,116.71,118.4,10189
2006-01-12,116.08,118.29,112.42,112.42,6517
2006-01-13,117.33,118.4,116.23,116.23,2386
2006-01-16,118.07,119.2,116.38,117.5,4296
2006-01-17,114.43,118.04,109.82,118,7656
2006-01-18,114.58,118.4,111,113.34,6301
2006-01-19,119,120,117,117.65,3589
2006-01-20,120.19,120.8,119,120.77,4893
2006-01-23,120.12,120.6,120,120,4986
2006-01-24,121,121.6,120.45,120.97,3036
2006-01-25,137.2,144,123,123,68250
2006-01-27,152.8,162.02,138.32,142.9,96779
2006-01-30,147.78,157,146.2,157,33808
2006-01-31,145.62,148,142,142,12342
2006-02-01,140.07,148,138,145,29104
2006-02-02,142.27,148,135.02,148,8932
2006-02-03,142.04,143.52,138.02,138.02,4875
2006-02-06,142.29,143.8,136.11,136.2,4651
2006-02-07,142.04,143,139.01,139.01,4309
2006-02-08,145.07,155.4,142,142,10156
2006-02-10,146.61,150,146,146,6121
2006-02-13,149.67,152,145.2,145.2,5974
2006-02-14,145.69,162.4,144,162.4,4133
2006-02-15,153.43,155,148.4,148.4,71426
2006-02-16,153.92,155,150,150,13261
2006-02-17,154.19,157.6,150,151,18902
2006-02-20,155.6,157,154,154,13968
2006-02-21,158.69,159,154.3,154.42,16201
2006-02-22,160.46,161.59,158.22,159,21826
2006-02-23,157.91,164,157,164,6186
2006-02-24,155.71,156,148,148,1938
2006-02-27,153.99,157.6,152,152.01,5629
2006-02-28,155.72,158,152.02,154,9326
2006-03-01,154.69,156.4,154.01,156.4,4477
2006-03-02,154.5,155.55,153,153.2,5139
2006-03-03,155.47,156,153.2,153.2,3295
2006-03-06,155.82,156.4,148.46,156.4,3037
2006-03-07,158.49,160,156.4,160,2894
2006-03-08,158.7,160.97,156,158,4188
2006-03-09,156.99,157,153.21,155.3,1274
2006-03-10,159.59,164.2,158,158,16038
2006-03-13,160.61,164,158.45,163,3146
2006-03-14,158.09,163,151,151,8700
2006-03-16,160.08,160.81,158,158,39442
2006-03-17,160.58,161,158,160.8,16691
2006-03-20,161.94,164,160,160,34908
2006-03-21,161.68,163.22,160.03,161,9428
2006-03-22,161.83,162,160,160,9418
2006-03-23,163.94,169.6,161,161,7468
2006-03-24,166.22,166.98,164.21,164.21,3222
2006-03-27,167.89,168,166.01,166.4,12990
2006-03-28,166.96,168,165.01,168,12696
2006-03-29,164.56,166,157,165.11,14221
2006-03-30,172.47,176,163.45,164,9884
2006-03-31,177.38,180,172,172,23399
2006-04-03,177.04,178.8,172.05,172.05,2593
2006-04-04,175.45,177.59,174,174.41,2249
2006-04-05,175.63,177.2,174.22,175,3058
2006-04-07,167.88,177,166,177,3228
2006-04-10,166.38,171.59,164.02,165,2499
2006-04-12,166,167,166,166.01,2242
2006-04-13,166,166.1,161.53,166,17422
2006-04-17,165.89,167.39,164,167,4280
2006-04-18,165.81,166,165.05,166,11171
2006-04-19,165.37,166,164.2,165.2,8772
2006-04-20,165.91,167.79,164.44,165.65,5466
2006-04-21,166,175.8,165.11,175.8,1739
2006-04-24,165.37,166.53,164.56,165,1673
2006-04-25,164.61,166,160,160,1822
2006-04-26,168.25,169,165,165,2050
2006-04-27,171.98,175.93,168.7,168.7,3964
2006-04-28,170.44,174,165.2,173.6,1646
2006-05-02,170.84,172,170,172,2637
2006-05-03,172.93,173.38,170.6,171,993
2006-05-04,173.93,176,173.1,173.4,1967
2006-05-05,176.72,177.98,173,174,3746
2006-05-08,182.4,183.6,178,178,4594
2006-05-09,184.99,185.4,181,183,2771
2006-05-10,186.22,187,185,185.8,2657
2006-05-11,185.51,186.77,180,180,2220
2006-05-12,187.42,189.8,180.41,180.41,1479
2006-05-15,184.03,186,182.05,184,3045
2006-05-16,177.32,184.8,174,180.02,5882
2006-05-17,181.94,182,180.6,181.4,3035
2006-05-18,179.67,181,176.25,180,4406
2006-05-19,172.38,180,172,180,7657
2006-05-22,154.62,172.8,147.04,172.8,4016
2006-05-23,158.22,158.99,143.01,156,2267
2006-05-24,164.07,173,150,150,5760
2006-05-25,166.86,169.6,160,163,7050
2006-05-26,161.08,169.99,160.61,161.2,1568
2006-05-29,158.34,164.2,158.01,164.2,729
2006-05-30,155.84,159,154,159,499
2006-05-31,148.7,161.39,142.16,147.2,5461
2006-06-01,147.29,166.2,146.4,166,5422
2006-06-02,142.8,146,133.6,145,2114
2006-06-05,137.17,143.61,135.01,143.61,3360
2006-06-06,138.07,149.88,130.2,149.88,3101
2006-06-07,128.52,138.64,124.03,128.71,6718
2006-06-08,116.1,129,104,120,6799
2006-06-09,118.78,120,116,116,2314
2006-06-12,136.09,142,116,124.99,7536
2006-06-13,143.06,145,125.6,129,28211
2006-06-14,139.51,144.77,134.72,134.72,12388
2006-06-15,143.05,145,138,138,8895
2006-06-16,146.74,150,131,140.8,6228
2006-06-19,149.41,155.99,144,144,2660
2006-06-20,154.13,155,146,146.02,4388
2006-06-21,160.03,160.99,150,150.01,7291
2006-06-22,163.76,175.95,160.05,175.95,4189
2006-06-23,163.38,164,159,159,1548
2006-06-26,159.04,166,159,166,8201
2006-06-27,160.42,164,158,158.01,102623
2006-06-28,159.97,161,158.01,159.6,99202
2006-06-29,163.9,166,161,161.6,5543
2006-06-30,156.94,165,156,165,2351
2006-07-03,151.6,159.2,150,155,17391
2006-07-04,148.8,154.94,146,154.94,8296
2006-07-05,145.5,150,140.2,150,19082
2006-07-06,141.48,144,135.45,140.4,6673
2006-07-07,136.55,149.13,136,149.13,2082
2006-07-10,141.54,144,134.21,139.67,4206
2006-07-11,143.78,150,141,142.6,3112
2006-07-12,142.46,143.2,140.8,143,980
2006-07-13,145.71,155.8,138,155,3172
2006-07-14,142.95,145.99,140,144.2,4968
2006-07-17,135.75,142.01,131.01,142.01,1262
2006-07-18,133.78,136,131.4,131.4,1381
2006-07-19,129.82,136,125.03,136,72203
2006-07-20,127.52,139.8,126.01,139.16,2652
2006-07-21,121.48,129.58,121,129.58,1842
2006-07-24,117.36,121.59,116.31,120,1893
2006-07-25,120.77,125.98,118.22,121.8,5708
2006-07-26,122.4,124,120.01,124,3672
2006-07-27,122.01,123.58,121.71,122,13451
2006-07-28,127.55,130,120.26,120.26,2797
2006-07-31,133.1,134,126.44,127.21,2794
2006-08-01,133.76,135.96,130,131.8,1889
2006-08-02,135.81,136.96,128.32,128.32,914
2006-08-03,137.18,139,135,138.8,2716
2006-08-04,136.7,141.8,134.02,138,2018
2006-08-07,132.8,140,132.12,140,493
2006-08-08,134.24,145.8,130.4,145.8,705
2006-08-09,134.44,135.58,130.3,130.3,657
2006-08-10,132.8,135.96,130,130.22,853
2006-08-11,135.89,137,133,133,865
2006-08-14,137.2,139,136,136,1225
2006-08-16,137.52,139.59,136.01,138.18,916
2006-08-17,136.96,138.96,135.8,136.01,1485
2006-08-18,135.42,138.4,134.41,136,915
2006-08-21,138.2,139,136,137.8,754
2006-08-22,136.92,140.79,136,140.79,859
2006-08-23,135.6,137,135,136.6,590
2006-08-24,135.84,137.11,135,136,1247
2006-08-25,136.34,138.48,134.61,137,2317
2006-08-28,135.66,138.35,134.01,137,712
2006-08-29,136.2,138,136,137.2,547
2006-08-30,135.06,139.78,134.2,136,1304
2006-08-31,135.97,137.2,134,134,1115
2006-09-01,141.37,143,137.02,137.59,4539
2006-09-04,148.74,153,143,143,4859
2006-09-05,146.21,148.79,145,147.99,1085
2006-09-06,144.12,148,142,146.6,1282
2006-09-07,144,144.01,142.6,143.4,1066
2006-09-08,143.45,144.09,139,139,1034
2006-09-11,141.95,146.99,140.2,146.99,406
2006-09-12,140.22,146.4,139.6,146.4,703
2006-09-13,139.29,145.39,137,140.6,3834
2006-09-14,140.18,142.3,138.61,140.42,1735
2006-09-15,139.53,141.83,139.24,141,527
2006-09-18,140,140.58,136.41,136.41,2387
2006-09-19,138.28,141.2,138,140,1803
2006-09-20,140.2,142.01,138,138,1844
2006-09-21,140.46,141.51,140,140,4458
2006-09-22,141.97,142.2,140.6,141,2946
2006-09-25,144.75,150,143.01,143.01,4741
2006-09-26,152.98,154.8,145.21,150,7327
2006-09-27,155.92,162.96,153.59,157,5387
2006-09-28,157.9,159,155,155.2,5760
2006-09-29,160.31,162,159.8,159.8,3728
2006-10-03,162.49,167,160,160,1710
2006-10-04,161.36,163.4,156.52,162,1194
2006-10-05,163.46,169.75,162.62,169.75,909
2006-10-06,163.04,164.8,162,162.6,1185
2006-10-09,162.24,164,162,162,1953
2006-10-10,163.04,166.2,162.6,166.2,582
2006-10-11,163.03,163.55,162.4,162.4,2481
2006-10-12,163,163.4,162.4,162.4,1077
2006-10-13,163.81,164.88,163.01,163.69,1545
2006-10-16,164.1,165,163.21,165,832
2006-10-17,168.06,168.4,165,165,3067
2006-10-18,167.55,168,166.43,168,1234
2006-10-19,168.37,168.6,166,166,1597
2006-10-20,184.54,185.21,168,168,24187
2006-10-23,182.79,185.99,181,184,3246
2006-10-26,186.24,189.75,183.41,185.8,3495
2006-10-27,186.13,189,173.44,173.44,2553
2006-10-30,187.4,193.6,186.41,193.59,3708
2006-10-31,187.25,187.96,186,187,2924
2006-11-01,187.8,188.4,187,187.6,1659
2006-11-02,188.11,188.6,187.22,187.22,1414
2006-11-03,190.45,192,188,188,33060
2006-11-06,209.5,209.5,192,192,36606
2006-11-07,195.23,219.8,191,219.8,17630
2006-11-08,194.63,200,192,196.8,6132
2006-11-09,201.62,205.4,192,194.4,5407
2006-11-10,199.37,202,198.41,200.2,3200
2006-11-13,192.34,201,192.02,198.2,1773
2006-11-14,191.35,209.6,190.24,209.6,2804
2006-11-15,183.33,193.55,181.04,192,2484
2006-11-16,183.11,188,182.2,186,1337
2006-11-17,175.24,181.2,173,180,1149
2006-11-20,164.79,179,160.8,179,5587
2006-11-21,177.88,181.26,168.04,172,3040
2006-11-22,189.76,191.6,178.2,178.2,7057
2006-11-23,182.28,194,180.01,194,2482
2006-11-24,177.72,188.98,175.4,183.02,7563
2006-11-27,179.1,185.98,178.22,180,4727
2006-11-28,176.08,180,173.81,173.81,1928
2006-11-29,174.39,180.2,172.2,174.81,11474
2006-11-30,174.65,179.8,174.1,179.6,497
2006-12-01,174.85,177,170.23,170.23,1544
2006-12-04,171.18,179.8,168.31,179.8,1281
2006-12-05,174.52,176,170.85,170.85,1178
2006-12-06,175.59,176.8,170.42,170.48,1419
2006-12-07,174.22,179.9,172.01,179.9,522
2006-12-08,174.86,186,172.4,174.7,3009
2006-12-11,179.71,182,168.81,176.5,2185
2006-12-12,171.27,181.2,170.02,172.21,1405
2006-12-13,177.78,180,168,170,1746
2006-12-14,177.98,180,174.08,179.4,1093
2006-12-15,176.94,179.79,176,178.4,410
2006-12-18,173.13,176.4,169.4,169.4,1034
2006-12-19,172.99,177.59,165,165,1896
2006-12-20,173.23,177.78,166.2,166.2,642
2006-12-21,170.68,173.2,169.62,173.2,641
2006-12-22,172.68,176.99,170.2,176.99,913
2006-12-26,171.8,174,171.6,173.4,822
2006-12-27,172.23,174.99,171,173,508
2006-12-28,171.9,173,170,170,810
2006-12-29,171,173.79,170,173.79,1407
2007-01-02,173.11,175.23,170.01,174,1402
2007-01-03,173.56,176.42,168.4,175,1015
2007-01-04,174.83,175,173.2,173.7,618
2007-01-05,173.21,176.47,173.02,175,802
2007-01-08,170.42,174.59,170.21,173.6,594
2007-01-09,174.48,178.2,172.02,172.2,1773
2007-01-10,189.74,191.7,174,174,9414
2007-01-11,186.56,194,184.4,191.2,2854
2007-01-12,188.98,190.98,188.2,190,2068
2007-01-15,186.72,194.19,186.22,190.22,1360
2007-01-16,185.68,189.8,185.2,188,757
2007-01-17,184.88,189.98,184,186.22,552
2007-01-18,189.42,191,186.81,188,2235
2007-01-19,190.99,191.8,189,189.02,1946
2007-01-22,190.4,194,189.78,194,530
2007-01-23,193.69,195.2,189.02,190,1672
2007-01-24,193.79,207.97,191,198,9640
2007-01-25,198.82,207.8,195,200,191941
2007-01-29,206.45,207.8,199.02,206,4865
2007-01-31,208.03,212.86,206.01,207.6,5685
2007-02-01,204.05,211.08,193.74,209.69,2918
2007-02-02,203.98,206.97,201.24,206,1417
2007-02-05,208.29,211.76,201.3,210,3013
2007-02-06,212.59,213,207.01,208,4718
2007-02-07,223.89,227.99,210.09,218,146568
2007-02-08,238.76,244.97,215.6,225.86,10558
2007-02-09,239.11,249.6,232.2,240,6522
2007-02-12,236.4,244,216.42,244,6883
2007-02-13,230.98,240,222.2,222.2,3127
2007-02-14,229.48,236,216,218,4965
2007-02-15,231.21,245,226.2,230,5541
2007-02-19,232.77,236,228,233,3289
2007-02-20,225.24,237.4,220.54,237.4,737372
2007-02-21,222.75,232.38,220.42,226.4,41206
2007-02-22,211.59,225.99,208.03,225.99,13344
2007-02-23,211.35,213.8,206.4,213.8,2612
2007-02-26,209.13,213.4,207.01,207.01,4586
2007-02-27,217.39,225,209.2,209.22,14400
2007-02-28,199.46,216.98,198.4,212,21147
2007-03-01,198.97,207.99,192.2,196,3467
2007-03-02,197.79,206,194,205.99,8884
2007-03-05,183.62,193.99,180.2,190.3,3545
2007-03-06,180.25,188.4,176.01,176.01,4383
2007-03-07,179.02,187.38,176.25,186.6,2645
2007-03-08,186.24,186.95,180,180.11,2511
2007-03-09,188.89,192.97,186.4,188.45,3010
2007-03-12,194.05,205.4,185.1,205.4,92910
2007-03-13,194.15,196.9,191.6,196.9,29334
2007-03-14,200.35,207.45,192,192,63232
2007-03-15,207.75,209.8,197,198.5,43321
2007-03-16,216,219,205,205,57785
2007-03-19,237.6,237.6,217.5,218,69930
2007-03-20,225.75,249.5,225.75,246,111911
2007-03-21,214.5,215.65,214.5,215.65,8898
2007-03-22,204.5,214,203.8,203.8,89888
2007-03-23,194.5,207.7,194.3,197.5,60378
2007-03-26,203.65,204.25,192,192,85844
2007-03-28,199.1,206.9,193.5,206,33318
2007-03-29,202,204.8,200.1,203,8743
2007-03-30,207.6,209.4,201.2,201.55,14352
2007-04-02,197.45,203.7,197.25,200.1,27757
2007-04-03,199.5,203,189.1,198,35163
2007-04-04,196.3,199.95,192.1,199.95,47461
2007-04-05,192.55,195.8,190.2,195.5,16396
2007-04-09,193.4,198.95,193,198.95,18834
2007-04-10,191.2,194.5,189.1,193.25,11401
2007-04-11,193.6,196.35,192.2,193.7,13622
2007-04-12,193,195.4,191.7,194.8,19745
2007-04-13,196.15,196.9,193.05,193.05,10298
2007-04-16,195.3,199,194,194,19540
2007-04-17,193.95,198,193.75,195.05,16803
2007-04-18,202.7,210,195.2,196.9,31530
2007-04-19,214.85,217.85,196,204,52914
2007-04-20,227.9,230,218,228,77517
2007-04-23,228.8,238,221.1,230,36210
2007-04-24,223.4,232.9,222,223,13375
2007-04-25,228.25,232,222.05,224,20682
2007-04-26,231.8,235.5,209,235.5,36586
2007-04-27,228.6,232,224.1,225,100848
2007-04-30,228.1,231.95,222,225,19715
2007-05-03,226.15,230,223,225,15489
2007-05-04,225.7,230,219,226.8,21696
2007-05-07,223.6,228,218,225,37468
2007-05-08,213.05,221.5,207,221.5,16936
2007-05-09,207.8,213.75,205.6,210,9158
2007-05-10,205.05,213.9,204,213.9,9985
2007-05-11,203.7,208,196,201.1,9305
2007-05-14,212.2,215,206,209,38127
2007-05-15,218.6,221,212,212,15449
2007-05-16,240.5,240.5,222,223,58469
2007-05-17,257.65,264.55,246.5,250.8,137689
2007-05-18,262.55,269,247,269,126600
2007-05-21,249.45,265,249.45,264,37511
2007-05-22,245,254,237,237.35,86107
2007-05-23,245.3,250.9,238.5,245,14218
2007-05-24,254.95,256.85,242.15,242.15,25038
2007-05-25,258.55,264.95,250.1,254.95,29013
2007-05-28,250.45,263.85,248,255.1,11113
2007-05-29,253.1,258,245.25,255.9,14569
2007-05-30,254.9,259,246.55,246.55,18474
2007-05-31,249.1,258.75,247,258,19936
2007-06-01,253.35,255.9,250,255.9,15692
2007-06-04,251.95,258.5,247.3,257,60690
2007-06-05,253.9,255.95,246.1,251,17355
2007-06-06,253.2,255,246.1,250.1,22433
2007-06-07,246.55,256,240.6,250,22357
2007-06-08,256.3,258.9,243.5,245,2489180
2007-06-11,245.05,259.9,245,258.9,47529
2007-06-12,248.1,251.95,236.35,251.95,21449
2007-06-13,244.55,250,240,243.8,80876
2007-06-14,247.2,250,242.05,250,22075
2007-06-15,250,251,246.95,246.95,30521
2007-06-18,249.95,251,246.1,250,494059
2007-06-19,245.5,248.85,241.5,248.1,10462
2007-06-20,252.3,253.95,245,245.1,557815
2007-06-21,244.9,257.25,243,254.5,21193
2007-06-22,237.15,247.4,234,244,28046
2007-06-25,225.4,237,225.3,237,63544
2007-06-26,218.6,230,214.15,230,285826
2007-06-27,220.5,224.95,218.05,223.7,48491
2007-06-28,231.55,231.55,218,218,45116
2007-06-29,243.05,243.15,233.1,233.1,135136
2007-07-02,249.75,252.65,245.1,252.65,119257
2007-07-03,244.6,252.9,241.2,252.9,24944
2007-07-04,243.45,248,241,247.7,53551
2007-07-05,239.45,242,236.25,242,9235
2007-07-06,238.2,243.95,237,240.15,11638
2007-07-09,238.15,242.95,234.3,242,32442
2007-07-10,232.6,245,232,245,10302
2007-07-11,236,237,231,231,84601
2007-07-12,235.55,240,229,239,32167
2007-07-13,240,242.5,233.5,234,132509
2007-07-16,239.4,242.75,235,242.75,622671
2007-07-17,234.65,244,233.05,240,9816
2007-07-18,227.4,235.3,220.2,235.3,36488
2007-07-19,233.4,235,226.2,227,16304
2007-07-20,231.55,235.9,230,233.1,8569
2007-07-23,224.45,232,223,227,9113
2007-07-24,220.65,225.85,220.05,221,10054
2007-07-25,219.9,224.65,218,223,71153
2007-07-26,222.15,228.4,218.5,228.4,17559
2007-07-27,215.5,220,215,216,114306
2007-07-30,214.25,217,212,215.1,228828
2007-07-31,213.8,219.45,213,215.6,6826
2007-08-01,209.55,217,204,214.9,49076
2007-08-02,219.85,230,213.9,214.5,95140
2007-08-03,214.3,220,212,220,29642
2007-08-06,222.15,229,206.1,208,15314
2007-08-07,219.75,229.5,216.3,227,16986
2007-08-08,223.75,225.7,220,221,12809
2007-08-09,222.85,230.95,221,230.95,50940
2007-08-10,210,221.7,207.35,207.35,1051311
2007-08-13,205.1,210,204,210,1085847
2007-08-14,203.95,210.5,201.5,207.9,59062
2007-08-16,189.75,199.9,187,199.9,34826
2007-08-17,183.25,196,174.8,190.5,691131
2007-08-20,194.45,200,190,194,40729
2007-08-21,192.4,196,190,194.3,29486
2007-08-22,194.05,196,189,190,132877
2007-08-23,195.35,199.45,190,199,29300
2007-08-24,197.25,199.6,191.3,194.2,10983
2007-08-27,201.8,203,198,200,16679
2007-08-28,208.75,210.9,201.65,203.95,28887
2007-08-29,205.95,207,200,200.1,96394
2007-08-30,201.1,212.2,200,212.2,9782
2007-08-31,201.8,202.9,194.5,194.5,3004196
2007-09-03,200.8,205,200,203,27880
2007-09-04,201.1,202.5,200.1,202,54477
2007-09-05,202,206,199,201.05,78549
2007-09-06,202.55,205.5,199,200,64696
2007-09-07,210.5,218.9,203.15,203.15,71568
2007-09-10,210.9,214.65,207.15,211,37602
2007-09-11,208.8,212.9,208,212.15,8113
2007-09-12,215.2,216.5,208.2,208.2,37041
2007-09-13,224.15,228,217,218,57153
2007-09-14,220.3,230,215,229.6,48983
2007-09-17,214.1,221,213,217.3,13713
2007-09-18,216.35,227,212.25,227,16596
2007-09-19,218.85,223,217,218,31146
2007-09-20,233.7,235,218.05,225.8,74755
2007-09-21,239.7,241.9,232.95,233,47403
2007-09-24,237.4,241,232.5,239.9,24403
2007-09-25,238.4,239.8,234.5,236.5,31814
2007-09-26,239.05,241.8,235.5,240,18042
2007-09-27,235.45,238.5,230,235.5,14227
2007-09-28,243.25,247.1,237,237,31087
2007-10-01,238.85,243.5,235.1,242,26614
2007-10-03,248.05,249.9,240,240,88630
2007-10-04,244.25,246.5,238.5,241,28753
2007-10-05,244.5,246.6,243.2,244,57905
2007-10-08,255.7,259.7,236,238.25,48524
2007-10-09,272.25,276,243,243,63089
2007-10-10,270.1,279.8,265,279.8,32402
2007-10-11,266.55,270,261.1,265,18915
2007-10-12,254.1,262,251,259.2,248977
2007-10-15,256.6,269,224.9,224.9,227180
2007-10-16,268.05,273.95,249,263.95,94521
2007-10-17,245.15,265,232,265,349129
2007-10-18,245.25,251,245,247,279879
2007-10-19,239.2,245.15,231.1,231.1,18659
2007-10-22,235.85,239,205.05,205.05,3799
2007-10-23,235.2,245,234,243,37557
2007-10-24,231.85,244.5,230,235.55,52134
2007-10-25,235.05,239,231.15,239,4043
2007-10-26,241.25,243.85,235.05,235.05,43161
2007-10-29,239.75,242.9,235,242.1,237438
2007-10-30,247.1,250,240,240,21239
2007-10-31,260.45,264,236.05,239.1,48776
2007-11-01,253.8,268,244.4,244.4,24985
2007-11-02,252.4,255,245,252,13134
2007-11-05,270,289.75,246,247,147828
2007-11-06,267.85,286,265,275.5,54234
2007-11-07,255.65,278,250,273.85,73537
2007-11-08,245.15,254.5,242.05,250,48667
2007-11-09,252.6,255,247,248,3863
2007-11-12,240.8,247,239.65,244.6,29963
2007-11-13,241,250,240,250,116903
2007-11-14,245.05,269,243.5,269,36724
2007-11-15,253.5,264.45,245,245.05,234207
2007-11-16,255.2,260,252.5,255,27991
2007-11-19,253.85,265,251,260,43531
2007-11-20,240.05,254.95,235,251,61996
2007-11-21,240.05,249,235,245.9,36020
2007-11-22,239.25,243.95,231,235.35,33210
2007-11-23,245.25,251,240,240,25428
2007-11-26,237,249.8,233,235.05,26093
2007-11-27,232.65,241.5,230.1,235.05,40106
2007-11-28,230.7,238.8,227.05,233,37203
2007-11-29,235.9,238,230.55,234,44672
2007-11-30,231.45,237.25,229.9,237.25,86003
2007-12-03,239.05,243,236,236.5,243535
2007-12-04,237.65,267,234,246,60998
2007-12-05,244.8,267,238,243.65,248664
2007-12-06,230.1,255,226.2,255,203071
2007-12-07,228.5,240,225,238,169334
2007-12-10,230.65,235,229,234.9,165794
2007-12-11,235.7,240,228.4,237.95,117589
2007-12-12,238.8,240,230,236,41874
2007-12-13,255.6,268,238.1,239,131649
2007-12-14,253.95,273,251.3,260,444149
2007-12-17,240.4,262,236,262,62348
2007-12-18,249,252.6,235,242.5,115483
2007-12-19,248.2,262,243,254.9,178921
2007-12-20,248.1,249.5,242,246,28714
2007-12-24,249.45,255,246,250.05,19383
2007-12-26,262.55,272,249,254,110854
2007-12-27,261.65,270,258.3,269,439804
2007-12-28,270.55,274.9,253,253,282761
2007-12-31,262.3,273,257.1,270,225835
2008-01-01,261.9,272,261,266.95,35757
2008-01-02,258.9,266,257,265.9,27166
2008-01-03,259.8,270,258,265,74785
2008-01-04,254.8,265.55,253,265.5,33174
2008-01-07,250.15,260,248.3,250.15,75830
2008-01-08,242.45,256,234,253,105394
2008-01-09,245.05,248.4,238.25,241,578766
2008-01-10,243.45,262.9,242.6,250,265583
2008-01-11,246.2,253.8,240,240,15668
2008-01-14,247.55,253,246,253,298299
2008-01-15,250,260,245,245,110705
2008-01-16,248.85,253.95,243,246,36028
2008-01-17,245.05,248.65,243.05,246,48738
2008-01-18,241.5,246.9,236,236,32693
2008-01-21,219.5,235,194,235,50259
2008-01-22,209.75,218.3,175.65,201.1,125769
2008-01-23,209.75,250,206.1,228.95,68058
2008-01-24,209.55,230,206.1,216,63732
2008-01-25,223.45,229,211.6,211.6,27713
2008-01-28,235.3,243.15,212,212.1,28992
2008-01-29,231.55,247.8,222,241.6,38248
2008-01-30,226.3,240,226,230,33206
2008-01-31,214.05,229,210.1,229,578079
2008-02-01,214.75,220,212,220,130275
2008-02-04,228.6,231.9,218.5,223.9,21778
2008-02-05,227.9,233,224.6,233,7285
2008-02-06,229.85,230.9,215,220.05,9982
2008-02-07,223,231.9,222,231.9,17221
2008-02-08,212.55,225.1,209,225.1,490659
2008-02-11,199.65,214.8,195,205,23577
2008-02-12,189.55,199,165.25,199,39637
2008-02-13,194.8,208,190,191,31503
2008-02-14,199.5,201,196,201,27356
2008-02-15,205,208.95,195.5,196.8,256145
2008-02-18,194.95,215,191,210,251769
2008-02-19,199.55,201.95,197.1,201.5,241519
2008-02-20,198.95,201,195.05,195.05,5308
2008-02-21,197.5,203,196.4,200,7162
2008-02-22,193.3,197.45,192.25,197.45,7957
2008-02-25,196.55,199,191.5,192,27184
2008-02-26,196.35,205,193.05,198.5,52083
2008-02-27,198.3,202,196,197.6,38448
2008-02-28,198.75,202,195,195,31458
2008-02-29,199.9,220.9,196.1,204,930025
2008-03-03,195,205.6,188,190.05,76140
2008-03-04,187,197,184.05,193.5,146597
2008-03-05,180.9,188,179,188,22246
2008-03-07,167.15,177.8,155.55,176.5,320618
2008-03-10,166,174.95,157,163.9,449678
2008-03-11,163,170,160.2,169,284757
2008-03-12,159.5,170,159,168.5,36845
2008-03-13,144.9,157,142.05,151,469909
2008-03-14,153.15,160,148,148,214466
2008-03-17,134.1,149.8,129,149.8,112372
2008-03-18,122.3,139.95,120.15,138.9,189046
2008-03-19,125,129.8,122.5,126,370244
2008-03-24,140.55,146,124,127,744781
2008-03-25,144.55,155.1,142.2,145,394083
2008-03-26,139.95,149.9,134.35,146,779291
2008-03-27,142.55,149.9,136.1,137.45,951823
2008-03-28,149.95,160,145,146.4,175800
2008-03-31,148.25,153,145.05,148.5,143156
2008-04-01,147.85,153,147,153,92578
2008-04-02,147.8,153,146.05,153,107512
2008-04-03,150.85,157.9,147,150,200298
2008-04-04,145.25,157.4,140.5,150,1153592
2008-04-07,155.45,162,141.5,146.95,73616
2008-04-08,165.8,175.9,154,155.45,140508
2008-04-09,172.1,176.95,164.1,164.1,57214
2008-04-10,177.75,181,167.2,167.2,241584
2008-04-11,174.95,181.9,174.25,175,366585
2008-04-15,169.1,173.2,167.55,173.2,41171
2008-04-16,167.75,171.5,166.15,169.5,88527
2008-04-17,165,171,164.8,168,75247
2008-04-21,165.45,173,163.25,172,56827
2008-04-22,166.55,169.95,161.6,168.95,13722
2008-04-23,166.7,174.45,165.2,166.65,273799
2008-04-24,165.05,171.5,164.6,170.9,23951
2008-04-25,164.55,168.95,162.55,168.95,39036
2008-04-28,162.35,167.6,161.6,164.55,20067
2008-04-29,159.9,163.9,158.2,160.5,26079
2008-04-30,158.65,162,156,157.5,22488
2008-05-02,159.3,162.65,158.05,161.9,44979
2008-05-05,156.9,160,156,157.7,24316
2008-05-06,155.35,157,153.05,154.1,213564
2008-05-07,153.95,156.05,153,156.05,10568
2008-05-08,149,153.95,148.15,153.5,583093
2008-05-09,155.75,172.2,148.2,150.5,408602
2008-05-12,162.35,164.9,157,157,514837
2008-05-13,164.9,171.4,161.1,164.8,250032
2008-05-14,162.5,165.4,161.1,165.4,19997
2008-05-15,163.85,165.5,161,163,19220
2008-05-16,168,172,163.15,165.1,88573
2008-05-20,166.85,171.9,165,169.9,30746
2008-05-21,168.3,170,165,167,22336
2008-05-22,169.15,170.5,163.5,164.5,34225
2008-05-23,170,175,167.5,169,47841
2008-05-26,169.9,171.9,165.1,165.1,52579
2008-05-27,170.6,171.9,165.1,170,48028
2008-05-28,171.85,174,166.25,169,39432
2008-05-29,172.15,177.5,170,170.1,32869
2008-05-30,177.15,178.9,171.25,171.25,36641
2008-06-02,170.4,182,170,181.95,53880
2008-06-03,169.95,175.8,166.95,166.95,98894
2008-06-04,169.85,176,165.55,170.95,56150
2008-06-05,166,174.95,159.05,172.7,71478
2008-06-06,161.95,170.1,158.2,169.9,65726
2008-06-09,161.1,164,153.25,156,54540
2008-06-10,157.2,163.4,155,163.4,36950
2008-06-11,152.45,162,150.1,155.6,95901
2008-06-12,159.35,162,151,152.5,100199
2008-06-13,161.55,163,157,158,358919
2008-06-16,177.4,179,165,166,82145
2008-06-17,178.65,179.8,172.3,177,74277
2008-06-18,181.55,187.5,176,180,56413
2008-06-19,178.9,186,177,184,66505
2008-06-20,173.7,187.5,172,182.8,104510
2008-06-23,179.65,183,165.1,176.95,37877
2008-06-24,179.15,184.95,175,181,83572
2008-06-25,178.1,180,171.95,172.05,49612
2008-06-26,164.15,178.5,162.05,174.25,107093
2008-06-27,156.9,162,147.6,159.95,294042
2008-06-30,155.4,164.85,152.2,158.5,71400
2008-07-01,153.95,159.7,148.1,159.7,120905
2008-07-02,156.65,160,145,155,99271
2008-07-03,149.6,153.4,146.15,153,99174
2008-07-04,149,154.5,148,154.5,18478
2008-07-07,146.8,155,146.5,155,16783
2008-07-08,147,148.4,143,143,14927
2008-07-09,153.4,156.5,150,150,92204
2008-07-10,156.9,158,150.5,153.4,76751
2008-07-11,159.4,167.5,155.5,158.45,85031
2008-07-14,160.3,162,150,151,14898
2008-07-15,147.65,159,145.15,157.5,13581
2008-07-16,152.25,154,149.9,149.9,20054
2008-07-17,150.15,156.5,148.25,156.5,11571
2008-07-18,154.8,155.9,152,155,11377
2008-07-21,170.3,174,158.55,158.55,225236
2008-07-22,180.05,190,175,175,243705
2008-07-23,194.9,206.5,187,187.35,429261
2008-07-24,190,198,187.05,196.05,435371
2008-07-25,195.7,199.4,185,187.15,345309
2008-07-28,194.75,201,190.05,196,506059
2008-07-29,186.25,195,184,190,13477
2008-07-30,184.15,189.95,180.25,189.5,12518
2008-07-31,192.65,195,183.2,185,56803
2008-08-01,196.4,198,184.05,192,24942
2008-08-04,215.2,221,192.55,193,89908
2008-08-05,215,217.5,206,216,65546
2008-08-06,220.35,232.9,214.1,219.8,135071
2008-08-07,225.4,228,215.55,221.8,56484
2008-08-08,221.1,226,218,218,37257
2008-08-11,218.2,227,215.2,223,68648
2008-08-12,219.1,229,215,224.9,35506
2008-08-13,215,219,214.5,219,10542
2008-08-14,214.1,216,209.5,213,34768
2008-08-18,216.3,220,208.5,208.6,38098
2008-08-19,214.45,218.9,206.1,214,43352
2008-08-20,213.4,220,210,219.85,243250
2008-08-21,209.4,217,207,216.9,6683
2008-08-22,202.15,213.5,201,213.5,11846
2008-08-25,197.25,208,196,204.95,17611
2008-08-26,208.65,213,197,197,24463
2008-08-27,205.7,215.65,203.95,208.65,34100
2008-08-28,201.25,208,201,208,5867
2008-08-29,201.1,207.8,200.2,207.35,10812
2008-09-01,201,202,200,202,24786
2008-09-02,211.3,214.9,202.45,203,27302
2008-09-04,208.4,218.6,206,213,58028
2008-09-05,200.5,209.55,199.15,209.55,10894
2008-09-08,204.9,207.9,204,205,10683
2008-09-09,201.4,206,176.6,206,14083
2008-09-10,196.75,203.95,192,200.05,14481
2008-09-11,197.45,198.8,195,197.1,57622
2008-09-12,194.8,204,192.1,200,48136
2008-09-15,186.3,193.85,185,190,30082
2008-09-16,178,185,176.5,181.05,197237
2008-09-17,178.25,185,176,185,7326
2008-09-18,176.8,183.95,155,174,44656
2008-09-19,180.1,185,180,181,65933
2008-09-22,183,189,179.25,183.95,169136
2008-09-23,185.6,188.6,179,179,352322
2008-09-24,180.75,188,180,186,122420
2008-09-25,175.15,181.05,174,181.05,8801
2008-09-26,172.3,176,166.95,175.95,270816
2008-09-29,166.55,172,157,172,130945
2008-09-30,165,170,154,159,289404
2008-10-01,156.7,174,154.35,174,64498
2008-10-03,159.25,184.7,156,157.05,280877
2008-10-06,138.9,159.95,137,159.95,107665
2008-10-07,137.95,147,131,140.95,164097
2008-10-08,129.3,139.5,126,132,35839
2008-10-10,121.3,125.75,121,125.75,45754
2008-10-13,113.95,125,112.2,125,396236
2008-10-14,113.35,126.8,108.5,120,356503
2008-10-15,110,118.5,103.2,112.75,230414
2008-10-16,110.8,114,106,106,26910
2008-10-17,109.5,120,107.05,111,20513
2008-10-20,107.9,113,107.05,109,15612
2008-10-21,107.15,115,105.15,111,58389
2008-10-22,100.35,109.45,98,107.05,36648
2008-10-23,90.55,102,90.05,102,48008
2008-10-24,89.95,91.05,80,90,68083
2008-10-27,96.1,98.75,86.15,86.15,49973
2008-10-28,103.7,105.2,99.5,100,12248
2008-10-29,98.8,112.9,97.15,112,41384
2008-10-31,97,108,96.05,100,24963
2008-11-03,97.6,104,96.05,99,22044
2008-11-04,91.95,101,90.5,101,119258
2008-11-05,101.1,105,91,95.5,151235
2008-11-06,103.45,108.65,95,95,116135
2008-11-07,112.15,113,100.2,103,54385
2008-11-10,122.3,126,113.1,117,46823
2008-11-11,124.35,125.75,117,122,48682
2008-11-12,132.05,141,119.15,125,115503
2008-11-14,125.7,135,123,130,60904
2008-11-17,127.8,129.9,116,120.1,31141
2008-11-18,113.2,121.5,112,121.5,83832
2008-11-19,106.45,118,103.05,115.7,16301
2008-11-20,97.4,106,97,98.25,61406
2008-11-21,97.8,100,96.55,97.3,20681
2008-11-24,95.6,100,95,100,22220
2008-11-25,96.25,100,95.2,99,54844
2008-11-26,94.45,101,92,98.9,84567
2008-11-28,96.9,98,93,94.95,44068
2008-12-01,94.25,96.95,93.05,95.9,34802
2008-12-02,93.8,96,91.5,92,12917
2008-12-03,93.25,94.5,91.9,92,34131
2008-12-04,98.3,109,90.3,94.85,101789
2008-12-05,93.65,97.5,92.6,97.5,34553
2008-12-08,93.9,96.05,91.15,96.05,79796
2008-12-10,104.15,109,93.45,97,801386
2008-12-11,99.95,107.7,97.25,105.2,101888
2008-12-12,99.4,103,94.1,95,91975
2008-12-15,112.15,115,100.1,101,568932
2008-12-16,109.9,114.65,106.6,114.65,64053
2008-12-17,118.55,126,109.5,109.5,82335
2008-12-18,123.15,124,115,116,86588
2008-12-19,122.55,127,119.1,124.5,26733
2008-12-22,118.5,128.8,117,125,35717
2008-12-23,116.8,121.75,115,120.6,24974
2008-12-24,116.8,119,115,118.4,15007
2008-12-26,115.45,118.1,115,116.1,11620
2008-12-29,118,120.95,115,115.05,147219
2008-12-30,118.45,120,116.05,118.1,9258
2008-12-31,115.6,121.9,115,121.9,19087
2009-01-01,116.05,118.9,115,117.5,15134
2009-01-02,121,122.5,117.2,118,62685
2009-01-05,119.55,122.5,118.1,121.9,9217
2009-01-06,119.8,123,118,121,24351
2009-01-07,107.9,122.6,100.05,120.5,194955
2009-01-09,103.35,109.85,101.65,106.5,160923
2009-01-12,106.05,108,102.35,103.35,147556
2009-01-13,102.95,105.5,100.65,105,128919
2009-01-14,110.35,113.7,103.5,103.5,57431
2009-01-15,107,109.45,104.3,107,322085
2009-01-16,107.35,110.5,106.05,108,16811
2009-01-19,106.5,110,105.1,107.1,6629
2009-01-20,105.6,109,103.15,109,6704
2009-01-21,108.45,113.7,104.5,104.5,79095
2009-01-22,103.1,112.25,100.1,108.1,255932
2009-01-23,108.35,112.1,104,104,239902
2009-01-27,107.45,113.45,106,109.9,10587
2009-01-28,124.75,127.7,104,107.1,174448
2009-01-29,114.4,124.75,111.5,124.75,66328
2009-01-30,115,115.9,110,110,14842
2009-02-02,114.7,118,112.25,115,21088
2009-02-03,114.55,127.9,113,114,1135786
2009-02-04,113.5,118,113,116.45,43919
2009-02-05,111.6,116,110.2,114,24284
2009-02-06,109.25,114.5,106.55,111.2,45449
2009-02-09,108,111.5,106,108.2,95626
2009-02-10,110,112.9,108,109.2,41371
2009-02-11,108.05,109.75,107.05,109,10280
2009-02-12,110.65,113.85,107.1,107.1,17199
2009-02-13,117.35,118.7,109.25,111.85,61642
2009-02-16,113.3,120,112.1,117.95,14910
2009-02-17,113.15,115,108.1,112,15982
2009-02-18,109.2,115,108.5,112.8,124720
2009-02-19,107.1,111.45,106,110.5,8550
2009-02-20,106.05,110,105.4,107.5,14208
2009-02-24,105.45,108,103.05,104.1,1360930
2009-02-25,104.05,120,101.25,104.25,17277
2009-02-26,104.5,109,103.65,109,8496
2009-02-27,104.15,106.6,103.05,104.05,81828
2009-03-02,104.75,108,103.05,105,31958
2009-03-03,101.95,105,99,102.05,38992
2009-03-04,102.85,104,99.5,104,28577
2009-03-05,102.35,104.6,98,100.1,78655
2009-03-06,101.5,102.9,98.2,100,47324
2009-03-09,101.35,103.55,97.05,99.5,109149
2009-03-12,101.55,103,98,98,27559
2009-03-13,101.65,104.95,100.45,104.95,8798
2009-03-16,101.45,102,99.25,101.55,24850
2009-03-17,102.4,106.4,101,102,35878
2009-03-18,101.95,105,101,103.7,14364
2009-03-19,101.85,103.7,100.05,103,17838
2009-03-20,101.55,104,98.6,101,91163
2009-03-23,100.45,104,99,99.15,132297
2009-03-24,101.4,103,100.1,101,52274
2009-03-25,100,101.85,97.05,101.8,86695
2009-03-26,99.75,100.2,99.1,100.2,35773
2009-03-27,99.1,101.2,97,100,263376
2009-03-30,97.95,102.1,97.05,98.1,207984
2009-03-31,98.2,100,97.2,99.25,19495
2009-04-01,100.45,106,98,99.25,6291977
2009-04-02,104.05,111.5,102.2,104,2994933
2009-04-06,104.95,109.7,104,106.5,799634
2009-04-08,110.25,114.4,102,102,620151
2009-04-09,113.95,118.4,112.15,113.8,840891
2009-04-13,114.6,117,112.2,115.9,278571
2009-04-15,119.75,122.8,114.75,115,562075
2009-04-16,120.05,136.5,114,124.8,1795842
2009-04-17,123.45,132.7,121,124,861192
2009-04-20,124.2,128,122.55,125.7,948407
2009-04-21,118.95,124.8,117.55,121,238445
2009-04-22,122.9,130.9,120,120.5,435226
2009-04-23,131.2,134.7,121,124.7,422825
2009-04-24,139.55,141.75,130,133.7,809171
2009-04-27,145.45,148.9,138,139.7,747804
2009-04-28,142.35,145.2,135.1,143,276449
2009-04-29,141.15,143.3,137.5,141,193639
2009-05-04,146.8,148.6,138.1,144,236887
2009-05-05,146.6,148,142.05,145.05,61597
2009-05-06,145.45,147.2,140.5,145,206750
2009-05-07,146.85,148.35,143.2,143.3,103157
2009-05-08,147.25,147.95,143.1,145.1,49740
2009-05-11,147.6,148,143.5,145.8,144216
2009-05-12,146.85,147.7,144.1,144.1,40120
2009-05-13,144.3,147.9,142.75,147.6,20718
2009-05-14,145,146.5,136.6,142,147491
2009-05-15,141.95,148.5,139,145.05,712843
2009-05-18,164.05,170.35,160,160,25990
2009-05-19,176,184.9,158,175.15,1266185
2009-05-20,184.35,189.4,175.55,179.3,177192
2009-05-21,178.5,196,171.1,189.95,211592
2009-05-22,179.2,181.9,171.5,177,317543
2009-05-25,185.6,195.8,175.5,180,176962
2009-05-26,177.35,191.9,172.5,187.5,130955
2009-05-27,177.4,185.8,176.15,180.1,145461
2009-05-28,180.75,185,175.2,177.1,109891
2009-05-29,191.15,196.45,182,183.8,143218
2009-06-01,185.95,195,182.1,193,245110
2009-06-02,195.7,216.9,184.5,187,955332
2009-06-03,203.4,226.7,195.2,197.5,1446699
2009-06-04,230.2,236,200,202.9,1180742
2009-06-05,222.35,241.5,220.75,234.75,540313
2009-06-08,217.3,227.9,212.05,223,325269
2009-06-09,224.55,225,208,212,281570
2009-06-10,237.55,239.9,220.55,227,844769
2009-06-11,244.85,254,225,237,806479
2009-06-12,228.2,245.05,226,245.05,143933
2009-06-15,218.6,231.5,217,227.95,86054
2009-06-16,228.55,230.5,214.5,218,123985
2009-06-17,230.35,251.45,228,248,832374
2009-06-18,210.05,234,207.55,234,294012
2009-06-19,206.15,217.7,202.15,215,181458
2009-06-22,206.15,210.7,203,209.7,131230
2009-06-23,202,204.9,198.1,204.5,143886
2009-06-24,216,222.2,202,204,274088
2009-06-25,209.45,217.25,205.5,217.05,100506
2009-06-26,214.6,219.9,203.6,212.8,411743
2009-06-29,220.85,232.1,218,222,440687
2009-06-30,212,228.7,210,226,175040
2009-07-01,209.8,217.8,208,212.9,549781
2009-07-02,210.55,216.4,200,211.4,930891
2009-07-03,207.35,214.5,204.6,211.1,965938
2009-07-06,189.4,221.8,186.65,209.7,1274710
2009-07-07,193,197.55,190,195,910045
2009-07-08,194.3,196,182.5,192.85,374729
2009-07-09,197.75,201,185.15,195,292144
2009-07-10,198,200,193.2,198,270114
2009-07-13,196.85,199,187,194.9,171510
2009-07-14,197.75,201.5,195.7,196.9,612722
2009-07-15,196,199,193.05,198.5,290201
2009-07-16,196.15,202.75,194.15,198.5,162641
2009-07-17,213.25,215.95,195,196.95,9646206
2009-07-20,211.3,218.3,209.05,217.7,627308
2009-07-21,214.75,218.7,206.15,212.1,1582673
2009-07-22,215.5,221.8,213.5,218.95,485625
2009-07-23,211.05,222.7,210.1,215.5,456542
2009-07-24,199.75,216,197.65,213.5,494792
2009-07-27,198.1,205,194.7,200.65,252583
2009-07-28,199.9,209,195.3,199.45,379390
2009-07-29,193.7,200.8,191.5,200.15,221600
2009-07-30,189.85,200.5,187.6,193.95,438489
2009-07-31,208.25,210,192,193.45,858178
2009-08-03,204.3,208,202.1,208,343393
2009-08-04,218,223.45,204,204,1763206
2009-08-05,218.8,224.9,215.4,219.9,434143
2009-08-06,213.65,222,211.1,219.8,566041
2009-08-07,211.65,214,207.55,214,548818
2009-08-10,212.7,216.7,208.05,215,974218
2009-08-11,212.95,215,209.6,210.1,721290
2009-08-12,205.9,212.4,204,212,107665
2009-08-13,211.9,240,207.3,235,349172
2009-08-14,206.4,213.45,205.25,213,116573
2009-08-17,200.25,206.4,197,202.1,138225
2009-08-18,200.15,205.65,198.6,200,206208
2009-08-19,194.9,205,192,202,122437
2009-08-20,194.1,199,190.8,195,277122
2009-08-21,191.7,196.7,190.05,192.7,532319
2009-08-24,191.35,195,188.15,194,446158
2009-08-25,191.25,194.55,188.55,190.5,638837
2009-08-26,188,193.9,185.1,192.9,689300
2009-08-27,184.75,188.9,181.45,187.5,743203
2009-08-28,184.15,187.6,181.5,185.4,744481
2009-08-31,184.6,187,180.5,183,337096
2009-09-01,184.25,194.65,183.4,185.5,1435856
2009-09-02,181.1,187.7,180.3,184.5,348739
2009-09-03,178.4,185,177,183.5,303315
2009-09-04,181.4,183.4,176,178.5,696871
2009-09-07,180.85,184.9,180.1,183.95,393056
2009-09-08,185.4,187,181.05,182,1251386
2009-09-09,184.25,190,183.5,187.35,416521
2009-09-10,184.2,188.4,183.05,187,519873
2009-09-11,182.5,186.45,180,184.5,252578
2009-09-14,182.55,184.7,180.05,182,106930
2009-09-15,185.35,188.35,182.95,182.95,230235
2009-09-16,186.6,188.9,185.65,187,125127
2009-09-17,196.45,202.2,186.15,187,2156018
2009-09-18,195.9,201.5,194.1,197.8,601077
2009-09-22,192.9,197.7,192.25,195.95,187987
2009-09-23,187.7,198.7,186.9,194.25,623046
2009-09-24,186.1,188.35,182.55,186.95,281206
2009-09-25,185.4,191.8,183.5,185,484748
2009-09-29,185.2,188.65,184.25,188.65,127615
2009-09-30,184.6,189.75,184,186.2,277490
2009-10-01,184.6,187.5,184,185.1,313752
2009-10-05,182.5,190.4,181,184,535846
2009-10-06,183.35,185.15,180.1,184.8,144778
2009-10-07,181.45,186.65,179.2,185.1,361253
2009-10-08,175.3,183.9,172,182.95,469817
2009-10-09,175.8,179.8,172.55,175.5,438487
2009-10-12,176.7,178.6,175.55,177.9,95501
2009-10-14,178,181.45,177,178.5,310662
2009-10-15,177.85,183,176.9,179.7,285545
2009-10-16,185,189,178,178.95,683068
2009-10-20,186.8,189.9,184.05,186.5,274969
2009-10-21,185.75,188,180.5,187.9,354691
2009-10-22,181.6,186.8,180,185.5,168414
2009-10-23,186,190.7,183,184.5,347881
2009-10-26,183.2,186.95,182,186.95,114691
2009-10-27,179.1,181.85,174.25,181,135924
2009-10-28,181.85,182.9,174.1,178,248877
2009-10-29,179.55,181.4,175,179,230700
2009-10-30,179.45,185,175.1,181.2,194712
2009-11-03,172.2,181,167.25,178,196510
2009-11-04,178.75,180,170.25,176,155780
2009-11-05,181.35,182.95,172.8,177.05,134589
2009-11-06,180.15,187,176.4,184.7,213251
2009-11-09,185.15,189,183.6,184.7,227669
2009-11-10,185.35,190.9,180,187.7,948619
2009-11-11,190.15,193.45,184.6,186.2,448629
2009-11-12,190.25,195.4,185.5,188.1,226237
2009-11-13,192.65,196,190.2,191,303669
2009-11-16,193.4,197,192.5,194,150458
2009-11-17,190.7,195.9,188.6,194.5,94181
2009-11-18,196.8,198.8,190.9,192,349992
2009-11-19,199.3,206.8,193,196,810844
2009-11-20,209.75,212.4,198.2,198.4,787361
2009-11-23,212.05,214.75,207,210.05,447282
2009-11-24,227.45,232.4,216,217,3700692
2009-11-25,225.05,236.6,223.1,230,1456126
2009-11-26,226.4,231,224.05,228.9,762627
2009-11-27,221.7,230.7,212.15,221.5,698112
2009-11-30,222.4,229.6,221.25,224,288699
2009-12-01,225.55,228.4,222.55,224,429654
2009-12-02,223.7,229.2,222.2,228.9,212401
2009-12-03,222.8,228,221.5,226.6,171295
2009-12-04,228.2,235.5,220.35,221,657332
2009-12-07,220.9,231.4,218,229.7,542465
2009-12-08,218.55,223.6,217.4,221.5,329588
2009-12-09,219.5,224.8,218,218.55,189090
2009-12-10,218.65,221.7,218,220.7,97680
2009-12-11,218.5,223.65,214.1,220.9,186726
2009-12-14,213.75,220.95,212.55,218.2,182091
2009-12-15,212.95,219.4,210.15,215.3,255878
2009-12-16,211.45,218.8,203,213.4,1207071
2009-12-17,210.9,213.9,204.1,207,386531
2009-12-18,214.1,218.8,209,211,301054
2009-12-21,215.5,221.1,206.5,214.1,251336
2009-12-22,223,224.5,216,216,404909
2009-12-23,224.7,226.8,222.5,224.85,245984
2009-12-24,224.4,229.8,221,224,214208
2009-12-29,227.35,244.8,226.5,227.9,716175
2009-12-30,221.45,233,220.15,229.05,355360
2009-12-31,222.05,226.25,220.5,223.65,183366
2010-01-04,229.7,230.9,221.6,226,903073
2010-01-05,227.2,233.45,226.25,231.9,309256
2010-01-06,225.9,231,224,228.5,250409
2010-01-07,221.85,228,221.1,226.7,153867
2010-01-08,216.95,224.7,216.25,223,212640
2010-01-11,217.55,224.5,216.15,218,264448
2010-01-12,215.95,220.9,215,219,163214
2010-01-13,217.4,221.5,208.15,214,117013
2010-01-14,223.9,225,218.1,220.9,210228
2010-01-15,222.05,225.9,221.5,223.2,90292
2010-01-18,225.75,227,218.05,218.05,103649
2010-01-19,222.55,228.15,220.55,225.75,191960
2010-01-20,222.8,225.7,222,222.05,56094
2010-01-21,218.6,224,217.25,220,165890
2010-01-22,214.25,217,205.4,213,226055
2010-01-25,207.8,213.7,206.2,212.85,147812
2010-01-27,190.35,209,188.1,209,394454
2010-01-28,208.25,218.9,194,194.8,2039587
2010-01-29,209.05,210.9,196.45,201,684690
2010-02-01,200.1,208,199,205,516377
2010-02-02,197.25,205.5,195.2,204.85,133678
2010-02-03,205.35,206.5,199.45,200,190020
2010-02-04,201.15,208.3,200.5,206,106251
2010-02-05,199.25,202.8,192.75,193.8,88279
2010-02-08,199.15,205,196.05,203.8,113971
2010-02-09,200.3,202.5,196,197,162877
2010-02-10,197.8,208.75,196,203.45,1080914
2010-02-11,197.8,202,197.3,200.5,62091
2010-02-15,197.8,201,196.5,199.1,51346
2010-02-16,197.15,200,196,200,35827
2010-02-17,197.8,205.9,196.7,199.7,360681
2010-02-18,201.95,209,197,197,1145167
2010-02-19,198.45,201.95,197.5,200,145620
2010-02-22,193.9,203,192.9,200.95,164539
2010-02-23,190.9,197.9,190.05,194,141202
2010-02-24,191.55,193.8,188.5,189.95,153446
2010-02-25,194.2,196.6,191.2,192,371367
2010-02-26,195.2,204.8,194.1,197,758482
2010-03-02,200.2,200.95,195.3,196.5,300689
2010-03-03,205.95,207,200.15,202,436281
2010-03-04,207.95,211.45,206.9,206.9,497754
2010-03-05,215.3,216.7,208,208,485220
2010-03-08,209.3,219.7,208,217.9,213297
2010-03-09,203.4,210.8,202.6,210.35,126659
2010-03-10,199,204.95,197.5,204.9,163577
2010-03-11,196.4,200.95,195.2,199,201263
2010-03-12,192.8,199.9,192.1,198.6,328935
2010-03-15,190.2,194.9,186.25,194.45,466618
2010-03-16,193.55,195,186.55,188.1,401258
2010-03-17,193.6,194.8,190.75,194,348618
2010-03-18,196.9,199.75,191.05,192.25,329652
2010-03-19,196.3,198.85,192.65,197.85,508560
2010-03-22,202.5,204,191.85,191.9,700100
2010-03-23,204.4,207.95,201,203,451133
2010-03-25,203.85,208.4,202,206.15,237557
2010-03-26,203.05,205,199,205,121845
2010-03-29,203.6,210.3,201,203,257291
2010-03-30,206.6,208.7,204,204.95,129554
2010-03-31,207.2,209.7,206,208.5,138225
2010-04-01,216.9,217.95,208.05,208.8,389913
2010-04-05,213,219.9,209.2,217,238768
2010-04-06,213.9,218.5,213,214.8,167840
2010-04-07,218,222.9,214.1,215.35,1515663
2010-04-08,216.45,219.45,213.1,215,441676
2010-04-09,219.85,220.9,217,217.85,322959
2010-04-12,216.65,218.8,214.5,217.05,1051046
2010-04-13,214.9,218.15,213.5,215.4,327214
2010-04-15,193.4,219.85,190.55,216.95,1544651
2010-04-16,184.85,197.9,176.2,193,6161352
2010-04-19,181.5,187.9,175.65,183.9,1165312
2010-04-20,190.1,191.95,184,185.95,1126137
2010-04-21,187.55,192.8,184.5,191.95,455864
2010-04-22,187.15,189.9,186,188,288841
2010-04-23,189.95,190.9,182.75,187.2,350685
2010-04-26,184.7,192.4,184,190.05,393132
2010-04-27,184.35,186.5,183,186,273576
2010-04-28,178.9,183,177.25,180.55,277922
2010-04-29,181.4,184.85,177.35,181,310810
2010-04-30,179.15,183.9,178.55,183,329790
2010-05-03,179.25,183,176,178.5,426005
2010-05-04,172.55,182,171.5,178,530026
2010-05-05,174.75,177.95,166,166,681132
2010-05-06,181.45,183.3,173,174,348634
2010-05-07,176.75,178.65,174.25,178.65,193410
2010-05-10,176.9,180,176.2,179.8,254324
2010-05-11,174.15,179.8,173.15,179.8,236311
2010-05-12,172.6,175.85,171.2,175.85,83065
2010-05-13,181.75,186.75,172.65,174,800575
2010-05-14,178.6,181,176.65,178.4,405846
2010-05-17,184.3,185,172.65,175.5,458587
2010-05-18,181.45,184.9,180.15,183,155825
2010-05-19,173.45,180.9,172.1,180.4,277396
2010-05-20,175.25,178.9,174.1,174.1,244609
2010-05-21,175.4,178,170.55,170.55,157048
2010-05-24,174.8,179.4,173.5,178,57479
2010-05-25,170,175,167.15,174.8,110998
2010-05-26,172.55,175.9,168.05,173.35,544390
2010-05-27,166.6,171.05,160.95,171,1192699
2010-05-28,162.75,169,160.55,169,1123567
2010-05-31,162.9,164,158.4,163.1,480117
2010-06-01,160.5,165.6,160,163.75,306243
2010-06-02,161.35,163.2,160.1,161.25,273528
2010-06-03,162.5,165,161.5,161.5,493611
2010-06-04,161.8,164.25,160.05,162.05,260109
2010-06-07,159.2,161.05,156.6,160,207705
2010-06-08,160.8,162.2,159.5,160.95,346786
2010-06-09,163.5,170.7,161.1,161.95,1032352
2010-06-10,164.65,166.9,162.6,164.5,355496
2010-06-11,162.05,165.95,161.5,164.05,536009
2010-06-14,162.45,164.4,161.05,163.7,250242
2010-06-15,161.8,163.8,161.1,163.8,352423
2010-06-16,161.75,165.2,161,164,285439
2010-06-17,161.85,164.5,160.55,162.75,843868
2010-06-18,164.35,168.2,161,163,2347608
2010-06-21,168.2,176.9,166.25,171,3085434
2010-06-22,166.85,168.95,165.8,168,1578940
2010-06-23,163.95,167.9,162.8,167.5,1408347
2010-06-24,163.45,167.5,162.6,164,308718
2010-06-25,161.15,165,160.3,164.8,360843
2010-06-28,165.15,165.85,160.1,162.45,597575
2010-06-29,156.9,165,156.5,163,814337
2010-06-30,153.75,165.5,151.6,165.5,860031
2010-07-01,156.45,158.05,154.3,154.4,793181
2010-07-02,158.35,159.4,156.35,158,517759
2010-07-05,157.9,158.85,155,156,118803
2010-07-06,156,159.5,155.65,158.45,143808
2010-07-07,154.8,157.65,154.6,156.1,142112
2010-07-08,155.1,158.2,142.4,156,239064
2010-07-09,154.4,157.4,154,156.5,459958
2010-07-12,157.7,159.75,151.7,155.4,851985
2010-07-13,167.9,169.1,158,159,2180617
2010-07-14,164.1,169.95,163.5,169.9,1220316
2010-07-15,164.6,168.3,163.1,164.9,927566
2010-07-16,163.2,169.65,162.2,165.75,672254
2010-07-19,161.65,166.5,161.25,164.5,504339
2010-07-20,159.05,163.9,158.5,162.9,1084132
2010-07-21,159.8,161.9,158.65,160.25,300721
2010-07-22,158.35,160.9,157.6,158.05,330683
2010-07-23,156.5,164.45,155.4,159.5,953047
2010-07-26,153.9,160,153,157.35,811648
2010-07-27,154.9,156.3,153.35,154.5,289426
2010-07-28,153.5,155.85,153.1,155.5,205860
2010-07-29,153.9,156.3,152.2,153.1,158895
2010-07-30,154,155.3,152.5,154.45,220947
2010-08-02,155.35,158.05,153.55,154.7,434036
2010-08-03,154.6,156.9,153.85,156.5,268955
2010-08-04,153.2,155,152.7,155,413410
2010-08-05,155.35,159.85,152,153.2,1279758
2010-08-06,162.75,164.9,153.2,156,3027427
2010-08-09,165.85,167.5,162.25,164.15,1863429
2010-08-10,164.85,168.2,164.25,166.7,1191727
2010-08-11,159.65,166.85,158.6,165,435352
2010-08-12,158.1,159.7,157.5,157.5,337662
2010-08-13,154.65,159,154,158.1,828471
2010-08-16,152,156.65,150.1,154.65,550053
2010-08-17,150.05,153.9,149.65,153.45,390177
2010-08-18,152.45,153.05,150.35,150.5,1035095
2010-08-19,152.8,153.6,152.2,153.3,568157
2010-08-20,152.6,153.7,151.2,153.7,239266
2010-08-23,152.55,154.1,151.5,153.95,213690
2010-08-24,156.95,158.5,150.95,153,1137155
2010-08-25,154.95,159,154.1,157.55,409196
2010-08-26,152.85,155.8,152.15,155.8,162867
2010-08-27,152.55,155.5,150,152,253649
2010-08-30,153.7,155,152.2,153.15,366066
2010-08-31,154.3,156,150.1,153,1445724
2010-09-01,154.4,157.9,152.5,155.75,249982
2010-09-02,152.9,158,151.75,156.4,562661
2010-09-03,157.3,158.4,151.55,154.1,750887
2010-09-06,158.45,160.75,156.5,159,455997
2010-09-07,155.35,159.95,154.55,159.8,264607
2010-09-08,163.9,165.5,155.15,155.5,1785330
2010-09-09,171.7,172.5,163.15,165,2381842
2010-09-13,170.8,174.5,166.9,172.85,1018125
2010-09-14,164.95,171.8,164.1,171.15,563427
2010-09-15,161.55,166.5,161.1,166,236068
2010-09-16,162.3,163.9,159.1,162,469834
2010-09-17,170.6,173.4,162.3,163.1,1723440
2010-09-20,174.95,176,171,171.9,1264282
2010-09-21,169.65,176.2,167.35,176,405738
2010-09-22,168.2,172,164.85,170.4,380006
2010-09-23,169.8,172,166.4,168.1,362896
2010-09-24,171.45,172.4,169.1,170.8,763992
2010-09-27,169.35,172.35,167.2,172,546461
2010-09-28,170.25,177.4,168,169.9,1518932
2010-09-29,169.4,175.4,167.5,172.4,872574
2010-09-30,169.7,171.25,165.5,169,296783
2010-10-01,170.45,173.7,168.3,171.4,308240
2010-10-04,171.3,172.95,168.55,171.9,534569
2010-10-05,174.9,181.6,171.55,171.55,2343165
2010-10-06,173.85,179.4,172.1,177,686644
2010-10-07,169.4,178,168.3,175,625956
2010-10-08,165.4,171.1,163.6,171,421147
2010-10-11,167.1,168.75,166.3,167.1,166705
2010-10-12,169.25,173.9,167.2,168.4,533885
2010-10-13,168.9,170.9,167.3,170,657071
2010-10-14,172.15,179.4,170.1,170.5,2433542
2010-10-15,171.5,176.5,170.1,173,540655
2010-10-18,170.55,172.25,166.25,171,277070
2010-10-19,171.55,174.65,170.1,171,452944
2010-10-20,170.5,175.2,169.05,173,386882
2010-10-21,170.25,175.25,168.6,171.5,617531
2010-10-22,169.15,174.8,168,171,838008
2010-10-25,167.75,172.45,167,170.5,436776
2010-10-26,165.95,170.2,165,168.5,480441
2010-10-27,167,169.9,166.1,166.1,409946
2010-10-28,166.7,169.8,162.2,165.1,535821
2010-10-29,158.25,167.45,155.15,165.2,988913
2010-11-01,158.9,162.7,158.05,159.95,359263
2010-11-02,160.65,161.9,157.15,160,335561
2010-11-03,160.65,162.35,159.2,161.95,272526
2010-11-04,162.45,165.9,160.25,161.85,471353
2010-11-05,163.2,164.4,162.15,164.4,56597
2010-11-08,166.9,170.85,162.1,164.1,2169751
2010-11-09,167.05,170.35,165.65,167.9,1129505
2010-11-10,170.1,172,166,168.3,1383087
2010-11-11,169.75,177.15,167.35,170.1,2266230
2010-11-12,162.7,171.8,161.8,170.1,528231
2010-11-15,162.15,164,160.1,164,466809
2010-11-16,158.35,163.65,157.2,162,779322
2010-11-18,161.65,162.45,154,159.75,997673
2010-11-19,158.7,161.6,156.8,160.5,422922
2010-11-22,161.25,162,157.55,160.25,226148
2010-11-23,157.4,160.5,154,160,314836
2010-11-24,157.9,161,156.1,158.45,192204
2010-11-25,155.5,158.85,152.7,158.45,438239
2010-11-26,149,156.75,132,156,1103426
2010-11-29,148.35,150.75,146.75,150.75,111484
2010-11-30,149,152,146.05,147.5,213902
2010-12-01,154.05,156.5,147.5,150,1105432
2010-12-02,161.05,164.9,154.15,155.65,780629
2010-12-03,155.1,164.55,153.5,163.7,765209
2010-12-06,152.55,158.2,151.8,157.45,338631
2010-12-07,151.05,154,150,153.95,208930
2010-12-08,147.45,151.25,147,150.1,283149
2010-12-09,144.7,148.5,142.4,148,573101
2010-12-10,146.95,148.1,140,141.5,158749
2010-12-13,148.65,150,144.65,148.05,269063
2010-12-14,146.75,150.9,145,149.8,514583
2010-12-15,145.4,147.95,145.1,146.5,159123
2010-12-16,142.9,145.9,141.2,145.9,422673
2010-12-20,138.4,143,136.05,142,919571
2010-12-21,136.55,138.25,135.85,137.8,297094
2010-12-22,137.1,139.65,135.4,136.7,301019
2010-12-23,137.95,140.8,136.1,138.4,336497
2010-12-24,141.25,142.9,138.2,140,574740
2010-12-27,140,142.8,139.35,142.4,201694
2010-12-28,141,142.35,139.2,141,235226
2010-12-29,142.95,144.45,141.1,141.7,310223
2010-12-30,145.3,146.9,142.7,144.95,633037
2010-12-31,147.6,148.45,145.15,146,161582
2011-01-03,149.25,150.7,146.5,147.4,133417
2011-01-04,151.95,152.9,150.35,151.6,261135
2011-01-05,148.45,153,147.9,153,297957
2011-01-06,146.6,150.15,146,149.8,153740
2011-01-07,142.05,147.4,141,146.1,145338
2011-01-10,141.8,145.75,139,142.8,452978
2011-01-11,143,144.6,141.5,142.9,134307
2011-01-12,146.25,146.8,142,144.6,128320
2011-01-13,146.2,147.4,143.6,144.85,158295
2011-01-14,144.1,149.25,142.8,146.1,215365
2011-01-17,143.2,145.7,142,144.85,71287
2011-01-18,141.2,146.9,140.8,143.55,208947
2011-01-19,142.6,143.5,140.05,141.5,187992
2011-01-20,145.4,145.85,141.5,142,141548
2011-01-21,145.9,147.95,144.05,144.05,128267
2011-01-24,145.1,147.75,143.8,145,111010
2011-01-25,144.6,146,142.3,145.8,88223
2011-01-27,144.95,145.5,142.6,144.3,275452
2011-01-28,144.05,145.35,141.6,145,321243
2011-01-31,145.35,146,141,144.05,234315
2011-02-01,146.15,149,141,143.1,231761
2011-02-02,146.7,149.9,142,148,188795
2011-02-03,150,151.9,147.55,148,535152
2011-02-04,150.1,153.8,149.5,151.45,320796
2011-02-07,149.5,153.7,147.75,151,207462
2011-02-08,146.05,150.45,144.3,150.45,147706
2011-02-09,146.15,151,143.05,145,650764
2011-02-10,145.2,150,143.35,149.5,170833
2011-02-11,152.15,153.7,142.1,147.4,384832
2011-02-14,152.5,156,152.05,154,1005499
2011-02-15,147.7,154,145.5,154,383206
2011-02-16,147.2,148,146,147.7,122440
2011-02-17,148.3,151,148,149.4,245181
2011-02-18,147.15,149.9,144.05,148.35,241383
2011-02-21,145.95,148.85,144.4,146.95,81486
2011-02-22,143.55,147.3,143.1,144.55,105070
2011-02-23,144.9,146,143.5,143.5,123714
2011-02-24,138.85,145,137,143.7,332518
2011-02-25,140.55,141.9,137,139,211766
2011-02-28,141.15,149.8,140,142.7,284267
2011-03-01,143,143.9,141,142.4,110336
2011-03-03,147.65,148.7,143.5,144,326257
2011-03-04,148,151,147,147,520500
2011-03-07,143.9,147.05,143.3,147.05,34531
2011-03-08,143.15,146.9,142.75,146.9,94835
2011-03-09,144.25,145.5,142.8,143,53690
2011-03-10,143.95,144.95,142.1,144,541432
2011-03-11,144.15,146,140.55,143.25,191242
2011-03-14,145.7,146.3,142.5,144,396524
2011-03-15,141.75,143.5,137.4,143.5,803714
2011-03-16,144.9,145.95,141.45,142,110547
2011-03-17,142.85,145.75,142.5,145,39209
2011-03-18,144.05,146.35,143.3,145,810098
2011-03-21,142.5,146,141.5,145,223445
2011-03-22,142.2,144.8,141.55,143,98512
2011-03-23,142.9,145.1,141.7,142.7,588115
2011-03-24,143.8,144.45,142.45,142.65,74865
2011-03-25,146.65,147.7,144.25,146,294236
2011-03-28,150.1,151.45,145.5,147.15,301379
2011-03-29,158.45,162.25,152,152.8,1501243
2011-03-30,161,162,158,162,258512
2011-03-31,159.75,165,157.9,159.95,700359
2011-04-01,163.9,164.9,158.95,160,263488
2011-04-04,167.1,168.5,162.1,164.05,216551
2011-04-05,165.8,168.8,164.35,168.8,120330
2011-04-06,167,170.8,163.5,166.05,191589
2011-04-07,169.5,170.9,164.5,167.1,498868
2011-04-08,166.7,171.9,164.5,165.65,887953
2011-04-11,167.05,169.2,163.45,166,597478
2011-04-13,168.1,169.1,166.25,169,121229
2011-04-15,166.95,168.35,164.05,164.05,474965
2011-04-18,157.7,168.5,157.1,164.3,339708
2011-04-19,158.8,159.7,155.75,155.75,115303
2011-04-20,158.5,162,155,155,100175
2011-04-21,161.1,162.5,159.1,159.4,99413
2011-04-25,159,162,158.6,162,36708
2011-04-26,158.35,160.2,156.1,159.2,89855
2011-04-27,162.6,165.2,158.55,159,251279
2011-04-28,163.75,166,160.25,166,304381
2011-04-29,167.6,168.9,161.5,165.4,351750
2011-05-02,166.15,169.5,165,168.5,151082
2011-05-03,164.3,168.4,163.05,168.4,86477
2011-05-04,169.5,170.75,163.75,166.7,487393
2011-05-05,166.3,173.75,165.65,170,520175
2011-05-06,166.25,168.45,165,166.3,64237
2011-05-09,165.95,167,164.6,166.15,48995
2011-05-10,166.45,167.9,165.1,165.15,101293
2011-05-11,174.75,176,166.35,167.6,427250
2011-05-12,172.95,179,171.55,175,462625
2011-05-13,173.4,178.25,171.55,175.15,333076
2011-05-16,167.85,175.35,166.2,173.4,146045
2011-05-17,167.05,170.85,165.5,167.9,114593
2011-05-18,165.75,168.45,165,168.45,60943
2011-05-19,160.9,167.95,160.3,167.95,52766
2011-05-20,165.15,166.5,159.1,162,96357
2011-05-23,160.5,166.4,155.15,155.15,38706
2011-05-24,160.9,161.9,158,161.8,23559
2011-05-25,157.85,162.45,155.1,160.4,104250
2011-05-26,163.4,170.9,155.8,158.9,671481
2011-05-27,167.25,171,163,171,115205
2011-05-30,163.25,169.4,162.55,169.4,100673
2011-05-31,168.1,168.5,163.25,165.4,122088
2011-06-01,166.15,169.5,162.9,167,237321
2011-06-02,163.1,167.1,162.2,164.95,73126
2011-06-03,167.6,171,162.25,163.1,258778
2011-06-06,166.7,168.65,165,167,37701
2011-06-07,167.85,168.9,165.5,167.8,55721
2011-06-08,167.75,170.8,165.5,165.5,138438
2011-06-09,167.35,169.75,165.25,165.25,67452
2011-06-10,166.55,168.55,165.95,168,28035
2011-06-13,179.05,183.9,166.05,168,2954990
2011-06-14,176.5,181.7,175.3,181.7,592759
2011-06-15,179.55,181.65,171.1,172.6,741504
2011-06-16,176.95,181.9,175.5,177.05,324030
2011-06-17,177.65,181.5,176,177.6,362226
2011-06-20,170.15,179.9,168,179.5,288310
2011-06-21,172.6,176,170.25,173.65,170037
2011-06-22,176,177.25,171.45,174.4,246296
2011-06-23,176.5,179,173.4,173.4,182766
2011-06-24,178.6,182.85,168,168,5788541
2011-06-27,176.75,180.5,175.8,179,157333
2011-06-28,188.35,191.65,177.5,178,1649479
2011-06-29,183.95,191,182.15,190.1,974128
2011-06-30,183.35,186.8,181.3,183.2,465997
2011-07-01,183.9,188.8,183.2,183.7,237714
2011-07-04,183.15,186.4,182.6,185.9,99998
2011-07-05,179.8,185.75,179.05,182,281612
2011-07-06,179.35,182.9,178.1,179.8,159737
2011-07-07,182.6,184.5,175.8,176.6,273942
2011-07-08,180.05,184.9,179.2,183.95,131779
2011-07-11,178.45,183.05,177.9,180,235030
2011-07-12,176.65,180.2,175.05,175.05,139819
2011-07-13,182.8,184.9,177.7,177.95,433554
2011-07-14,180.7,184.35,180,181.95,172318
2011-07-15,179.1,182.45,178.1,182,79079
2011-07-18,178.75,182,178.1,182,96419
2011-07-19,181.15,183.4,178.3,178.3,130036
2011-07-20,178.8,182.5,177.9,181.55,68648
2011-07-21,177.65,181.2,177.05,177.3,58714
2011-07-22,179.65,181.7,177.95,180,115283
2011-07-25,184.95,185.35,180,181.8,1139467
2011-07-26,180.9,187,180.05,187,149343
2011-07-27,179.95,182.3,177.25,181.45,129652
2011-07-28,182.65,184.4,175,177.5,348250
2011-07-29,182.4,188,181.1,184.85,664240
2011-08-01,183.5,185.5,180.1,183.2,131819
2011-08-02,185.8,187.6,181.05,181.95,706546
2011-08-03,185,187.5,182.1,184,757825
2011-08-04,182.1,192.6,180.65,186,1483496
2011-08-05,178.9,180.3,171.45,175.45,315359
2011-08-08,180.85,182.25,171.05,174.9,282316
2011-08-09,179.75,181.9,174.1,176.95,303605
2011-08-10,180,184.2,178.7,183.8,891011
2011-08-11,180.05,183.45,174,174,766969
2011-08-12,186.3,189.8,180.95,183,661965
2011-08-16,184.9,187.9,177.3,177.3,615388
2011-08-17,184,185.8,182.95,183,578501
2011-08-18,183.9,186.7,175.55,175.55,293163
2011-08-19,174.8,183,172.2,180.2,244523
2011-08-22,181.4,183.7,166,174.05,458221
2011-08-23,183.95,184.8,179.5,182.45,119255
2011-08-24,185.8,189.55,176,176,429981
2011-08-25,181.45,186,180.1,186,97158
2011-08-26,176.4,184,174.6,177.5,98111
2011-08-29,183.25,184.95,178.5,180,166116
2011-08-30,194.35,195.9,184.55,184.55,1340908
2011-09-02,193.45,199,192.1,194.05,277377
2011-09-05,193.35,196.75,191,191.2,108436
2011-09-06,191.45,194.6,189.75,193.95,132527
2011-09-07,200.75,204.75,192,192.3,871935
2011-09-08,198.7,205.95,197.5,204,286531
2011-09-09,206.25,209.45,197.15,200,798822
2011-09-12,200.55,206.8,198.1,205.05,316849
2011-09-13,204.05,208.65,201.95,202,317598
2011-09-14,203.55,206.2,200,201.5,159462
2011-09-15,209.3,211.4,204.55,206,539477
2011-09-16,207.6,211.95,206.6,210.1,319202
2011-09-19,209.95,211.9,204.2,204.2,226189
2011-09-20,212.2,214.6,207,209.95,611006
2011-09-21,209.85,213,208.5,213,276506
2011-09-22,199.9,209.6,194.55,207.5,1607148
2011-09-23,202.05,203.75,196.5,196.5,147730
2011-09-26,201.7,204.3,198.45,202,112250
2011-09-27,205.5,207.5,203.15,203.5,142554
2011-09-28,191.55,206.45,190.4,206.45,347178
2011-09-29,193.85,197.7,183.05,191.5,1479130
2011-09-30,188.9,191.2,186,190,153147
2011-10-03,183.1,188.9,182,188.85,198585
2011-10-04,184.85,187.4,181.5,181.5,107866
2011-10-05,173.4,185.7,172.15,185.1,181583
2011-10-07,170.3,179.8,168,178.05,246152
2011-10-10,178.5,179,171.05,172.8,126994
2011-10-11,177.95,183.3,177.5,178.5,104519
2011-10-12,179.7,194,178.3,194,945971
2011-10-13,179.15,181.85,178.15,181.85,207868
2011-10-14,177.95,180.5,176,180.5,74154
2011-10-17,180.95,189.65,177.5,180,552780
2011-10-18,180.15,183.8,178.3,179.9,205859
2011-10-19,186.4,187.8,180.55,182.4,680225
2011-10-20,182.85,189.05,181,189.05,127193
2011-10-21,180.35,185.5,179.5,183.65,65577
2011-10-24,177,184,175.5,182,77050
2011-10-25,179,181.6,176.1,179,73206
2011-10-26,180.15,183.05,178.05,178.05,12202
2011-10-28,183.9,185.8,181,181.6,590034
2011-10-31,189.6,191.9,184.2,188.5,288768
2011-11-01,184.6,192.5,183.05,190.05,143996
2011-11-02,185,188.7,180.95,182.8,97151
2011-11-03,184.8,186.45,181.7,183,42702
2011-11-04,187.2,188.4,185,186,32347
2011-11-08,183.5,188.9,182.15,187.4,44495
2011-11-09,185.7,189,181.25,184.95,338604
2011-11-11,180.1,187,177.8,186.7,162423
2011-11-14,182.5,186.2,180.3,181.5,168650
2011-11-15,176.6,181,175,180,243342
2011-11-16,174.35,177,168.4,175,248725
2011-11-17,171.55,177.8,170,174.95,107102
2011-11-18,166.35,170.8,163.25,170.3,501522
2011-11-21,164.2,168.25,161,164,122730
2011-11-22,165.65,167.85,162,164,61943
2011-11-23,158.45,164.95,153.4,164.5,451740
2011-11-24,166,167.8,157,159.5,97916
2011-11-25,162.7,167.9,160.55,167.9,35655
2011-11-28,166.3,167.4,162.85,162.9,88477
2011-11-29,164.2,168,162.25,164.6,100374
2011-11-30,165.85,167.4,162.1,164.2,99029
2011-12-01,162.6,173,161.05,167,131388
2011-12-02,166.9,169.25,163.3,164.4,92374
2011-12-05,170.3,171.45,165.35,167.5,101024
2011-12-07,170.35,174.4,169.1,172,128302
2011-12-08,170.35,173.6,164,172,113628
2011-12-09,167.35,180,165.35,167.5,19191700
2011-12-12,161.65,171.9,160.2,169,136090
2011-12-13,161.55,163.5,159.2,161.25,76070
2011-12-14,162.2,164.85,159.35,160.3,77498
2011-12-15,157.9,160.35,155,160,458677
2011-12-16,154.65,162.7,153,159,459483
2011-12-19,150,156,146.5,156,1386708
2011-12-20,150,151.95,148,151.05,286805
2011-12-21,148.95,154.6,144,152,1282902
2011-12-22,148.1,150.5,145.4,147.25,131843
2011-12-23,147.15,150,145.1,149.2,85449
2011-12-26,147.7,150.7,146.25,147.4,26132
2011-12-27,149.9,150,147.7,148.5,396865
2011-12-28,145.75,150,143,149.95,128088
2011-12-29,144.95,148,140.25,145,351042
2011-12-30,146.15,150,140.4,142,664802
2012-01-02,144.5,148.35,143,147.95,137970
2012-01-03,144.3,148,142.3,148,1086918
2012-01-04,144.55,145.5,143.6,144.95,66820
2012-01-05,143.7,145.6,142.25,143.2,321953
2012-01-06,143.1,145.85,140.15,144,211238
2012-01-09,146.45,147.7,140.6,144.9,1271012
2012-01-10,151.9,153.75,146.5,146.5,396478
2012-01-11,152.1,155.25,150.15,153,318347
2012-01-12,150,153.6,140.7,153.55,270167
2012-01-13,152.8,154.5,150.15,151.95,247369
2012-01-16,151.4,156,149,152.4,689369
2012-01-17,151.9,154.7,150,151.05,274603
2012-01-18,150.9,155,150,152.75,483029
2012-01-19,159.8,160.8,149,152.8,524698
2012-01-20,156.05,164.8,155.15,161,661734
2012-01-23,158.75,162.5,155.5,156.5,650328
2012-01-24,163.2,164.1,157.85,159.6,466892
2012-01-25,162.45,164.9,160.9,164.9,234419
2012-01-27,163.35,166.5,162.1,163.5,313797
2012-01-30,158.35,166.5,157.6,163,394005
2012-01-31,162.65,163.5,159.3,160.2,291293
2012-02-01,164.35,166,158.25,164.6,468863
2012-02-02,163.35,166.8,160.5,166.7,295004
2012-02-03,167,168.15,161.4,163.6,238017
2012-02-06,167.05,168.95,165.3,167.1,1330569
2012-02-07,170.9,174.9,167.25,170.8,933775
2012-02-08,173.8,175,168.25,172.05,626452
2012-02-09,173.3,175.4,171.4,172.6,174742
2012-02-10,170.85,177.4,169.1,172.45,212804
2012-02-13,173.05,174.65,171.65,172.55,197009
2012-02-14,177.6,179.75,172.65,174,503923
2012-02-15,185.35,189,180,180,565012
2012-02-16,179.8,185.85,179,185.85,248008
2012-02-17,181,185.8,179.5,180.5,796686
2012-02-21,181.7,183,178,180.55,1627689
2012-02-22,172.8,182.9,171,182.05,1511922
2012-02-23,167.65,173.7,165.5,172.8,274352
2012-02-24,162.9,172.5,158.2,168.55,1598783
2012-02-27,159.25,164.7,155.2,164.7,120851
2012-02-28,163.15,166.9,156.1,159.35,1008078
2012-02-29,163.15,168.45,162,166.5,198768
2012-03-01,162.2,163.8,158,158,169388
2012-03-02,168.95,174,162,163,516674
2012-03-05,172.2,173.9,159,159,430966
2012-03-06,170,177,168.6,175,329517
2012-03-07,165.45,171.6,163.6,169.85,129965
2012-03-09,174.5,176,167,167.75,308389
2012-03-12,171.8,176,170.05,176,116273
2012-03-13,178.8,180,171.15,173.7,240568
2012-03-14,185.35,187.55,175.35,175.35,334239
2012-03-15,175,190.5,173.35,185,696603
2012-03-16,180.35,182.5,175.15,176.5,334496
2012-03-19,173.7,181,171.35,179.1,126428
2012-03-20,174.35,175.75,171.15,174.05,140227
2012-03-21,177.15,178.4,174.15,175.15,109377
2012-03-22,171.8,177.05,170.25,177.05,113032
2012-03-23,172.35,173,169.15,170.5,83558
2012-03-26,178.25,181.25,172.6,173.95,449304
2012-03-27,172.3,181.9,171.5,179.3,233662
2012-03-28,167.55,174.95,166.1,174.85,122705
2012-03-29,165.45,169.7,162,165.1,585247
2012-03-30,169.1,172,164.55,165.4,543673
2012-04-02,167,168.75,166.2,168.75,171754
2012-04-03,169.2,170.8,167.25,167.5,471981
2012-04-04,175.05,177.9,169.05,169.5,9795026
2012-04-09,182.2,184.25,172.15,175,2029369
2012-04-10,181.9,183.8,178.15,183,415405
2012-04-11,188.25,189.35,178.25,179.7,502820
2012-04-12,204,207.6,190.1,190.1,5877975
2012-04-13,192.75,204.9,191.5,204,1988682
2012-04-16,195.2,198,191.35,194,696377
2012-04-17,199.5,205.35,195.75,198,1681701
2012-04-18,199.15,205.25,198,200.75,727195
2012-04-19,197.8,204.35,197.05,199.8,457308
2012-04-20,193.9,199.25,190,197.4,1462755
2012-04-23,198.25,200.95,195,195,792870
2012-04-24,199.95,204.2,196.25,199.3,898399
2012-04-25,198.25,201.15,195.65,198,311844
2012-04-26,200.6,208.7,195.25,197.25,710213
2012-04-27,198.45,203.75,195.75,202,210864
2012-04-30,198.25,200,197.35,199.5,343924
2012-05-02,193.2,199.75,192.15,199.7,455424
2012-05-03,186.55,193.25,185.3,193.1,207669
2012-05-04,184.5,190.7,182.25,185.95,329085
2012-05-07,189.35,191,178.25,182,246941
2012-05-08,186.65,193.15,184.3,190.35,141314
2012-05-09,189.75,194.8,185.35,187,403163
2012-05-10,189.65,193,188.5,190.35,273848
2012-05-11,188.9,191.1,184.1,185.1,155318
2012-05-14,186.2,190,185.05,189.4,45002
2012-05-15,186.75,188,182.05,186.1,57977
2012-05-16,190.75,192.6,184.6,184.6,321645
2012-05-17,194.85,197.6,191.55,192,200402
2012-05-18,195.15,198.5,191.6,192,217976
2012-05-21,189.7,195.35,187.7,194.6,113914
2012-05-22,189.2,191.75,183.55,188.1,368546
2012-05-23,188.95,190.95,187,188.65,88474
2012-05-24,190.3,195.65,188.55,189.9,712803
2012-05-25,189.15,191,183,190,180085
2012-05-28,189.2,193.8,187.25,189.4,291015
2012-05-29,191.2,192.4,186.8,189.5,204231
2012-05-30,184.4,190.45,180.5,189.7,393462
2012-05-31,184.4,186.2,180.4,183.8,222816
2012-06-01,184.6,188,183.25,185,96200
2012-06-04,186.9,188.4,181.35,182,87240
2012-06-05,190.7,191.5,187.25,187.85,259995
2012-06-06,193.35,194.1,191,191.6,138775
2012-06-07,195.05,195.9,193.55,193.75,115629
2012-06-08,195.95,196.9,193,194.25,104988
2012-06-11,196.45,202.2,195.55,196.15,270841
2012-06-12,198.75,200.7,193.7,195.6,107216
2012-06-13,198.05,200.4,197.3,199.2,67246
2012-06-14,193.05,199.65,192.2,198,587699
2012-06-15,194.45,195.6,190.35,193.1,83689
2012-06-18,191.85,199.1,191,195.85,96022
2012-06-19,194.9,202,190.55,191,89591
2012-06-20,194.4,198.45,193.15,196.65,217937
2012-06-21,194.25,195.5,193.8,194,72955
2012-06-22,192.5,195.5,191.8,193.75,57273
2012-06-25,192.75,194.5,191,193.7,78044
2012-06-26,194.6,197.6,189.05,193.7,479951
2012-06-27,193.05,198.2,192.05,195.35,825775
2012-06-28,189.4,195.65,187.1,194.6,256472
2012-06-29,192.1,195,190,190,193277
2012-07-02,189.1,194.8,187.85,193.1,165377
2012-07-03,186.7,189,185.5,189,218282
2012-07-04,191.85,194.7,187.25,187.5,624773
2012-07-05,191.5,194.5,190.8,192.05,146109
2012-07-06,189.25,191.55,188.6,191.5,63352
2012-07-09,189,191.7,187,188.65,71502
2012-07-10,188.9,190,183,183,37904
2012-07-11,188,190.75,187.2,188.45,89083
2012-07-12,188.45,189.2,186.05,186.95,63456
2012-07-13,187.8,191.75,187.1,189.25,99419
2012-07-16,186.05,189,185.55,188.5,53867
2012-07-17,187.65,190.7,181,181,145677
2012-07-18,187.4,188.9,186.3,186.8,30341
2012-07-19,185.45,188.7,185.1,188.2,91017
2012-07-20,182.5,186.45,182,185.1,140741
2012-07-23,182.5,184.95,180.2,184.5,104242
2012-07-24,182,184,181,184,55289
2012-07-25,179.05,182.65,178.2,182.65,327576
2012-07-26,176.7,179.65,175.2,179.4,164985
2012-07-27,177,182,175,178.75,119353
2012-07-30,178.9,181.75,177.05,178.65,143327
2012-07-31,175.85,180,174.9,178.95,137716
2012-08-01,174,176.9,173.1,176.2,2195856
2012-08-02,177.15,179.95,175.1,175.1,350313
2012-08-03,177.05,179,176.5,177.65,124205
2012-08-06,178.35,180,176.55,178.2,272678
2012-08-07,185.65,187.25,177.35,177.75,670023
2012-08-08,182.1,187.55,181.3,187.05,155438
2012-08-09,181.9,185.6,181.1,183.7,108951
2012-08-10,180.9,187.55,179.55,184,327415
2012-08-13,182.45,183.4,177.7,180,68910
2012-08-14,181.7,183.4,181.2,183.4,62805
2012-08-16,183.75,184.15,180.5,181.7,194545
2012-08-17,184,185,181,184.2,86076
2012-08-21,186.5,187.35,176.25,176.25,178942
2012-08-22,189.3,193.25,186.45,186.75,1165927
2012-08-23,189.4,192.9,186.05,190,330225
2012-08-24,187.2,191.2,186.45,189.5,124821
2012-08-27,188.15,194,187,189.9,137715
2012-08-28,184.1,188.8,181.2,188.15,183023
2012-08-29,182.2,184.35,181.5,183.1,158456
2012-08-30,182,183.9,178.2,180.3,296939
2012-08-31,180.1,181.65,179.25,180.5,99029
2012-09-03,179.95,181.35,178.15,180.45,22455
2012-09-04,179.05,180.85,177.4,180.25,42251
2012-09-05,181,182.8,178.7,178.75,172021
2012-09-06,179.15,182.6,178.25,179.05,84290
2012-09-07,180.85,184.8,179.25,181.4,133265
2012-09-10,190.3,192.45,184.25,186.1,902165
2012-09-11,187.15,195,185.35,193.5,399930
2012-09-12,188.45,190,185.05,188,131232
2012-09-13,192.3,194.45,187.1,189.25,458013
2012-09-14,191.3,195.4,190.6,194.25,160663
2012-09-17,192.15,194.3,191,193.65,127329
2012-09-18,191.9,196,191.2,192.85,268345
2012-09-20,192.1,193.7,188,188,131136
2012-09-21,200.35,209,195.65,196.65,1831553
2012-09-24,196.8,201,192.05,200.35,951065
2012-09-25,198.1,199,192.1,195.4,425504
2012-09-26,203.25,204.6,193,193.1,1043527
2012-09-27,212.7,224,203.3,205.3,2825057
2012-09-28,224.3,228.4,213.9,215,1377118
2012-10-01,219.7,228,215.8,224.2,855145
2012-10-03,233.15,235,216,221.9,1651649
2012-10-04,231.2,243,226,236.1,2016754
2012-10-05,228.2,264.8,226.1,264.8,3023734
2012-10-08,220.75,229.4,218,229.4,673044
2012-10-09,219.65,225,218.2,225,591148
2012-10-10,224.9,228.45,216.5,216.55,694826
2012-10-11,230.25,231.85,221.6,228.5,539888
2012-10-12,237.15,239,222.95,231.45,769688
2012-10-15,242.3,244.9,232.3,238.45,747820
2012-10-16,237.9,244.8,232.75,244.8,581229
2012-10-17,238.75,242.2,233.65,242,279143
2012-10-18,239.45,243.45,236.1,238,417647
2012-10-19,237.6,239.7,235,235.65,128527
2012-10-22,243.7,244.45,237,237,433850
2012-10-23,242,244.6,240,244.45,170582
2012-10-25,243.35,245.5,239.65,241.65,591965
2012-10-26,246.35,250.45,239,241,754817
2012-10-29,242,247,240.05,246.45,133797
2012-10-30,242.3,245.5,240,242.3,156179
2012-10-31,242.1,247.2,242,242.7,76304
2012-11-01,238.15,243.55,235,242.05,66453
2012-11-02,239.4,242,231.3,238.9,109300
2012-11-05,237.85,243.6,237.1,243.05,98314
2012-11-06,233.35,240,230,238.7,241062
2012-11-07,242.75,244.4,234.4,235.1,224849
2012-11-08,241.95,245.4,238.15,243.95,98835
2012-11-09,244.45,248.95,237,239.1,290826
2012-11-12,247.05,248,240.05,243.95,234323
2012-11-13,245.2,249.9,244.5,249.9,64335
2012-11-15,243.95,247.5,242.8,242.8,138087
2012-11-16,240.3,245,239.35,244.1,225694
2012-11-19,241.25,245,239.85,245,441166
2012-11-20,242.05,244.5,241,241.7,165619
2012-11-21,241.5,243,239.55,242.8,1291997
2012-11-22,233.55,235,231,233,293452
2012-11-23,233.95,237.65,231,233.95,70018
2012-11-26,239.65,240.75,232,234.6,146890
2012-11-27,238.05,242,236.25,240.7,57734
2012-11-29,243.35,246,238,238.7,176839
2012-11-30,239.4,245.8,235.9,243.5,352053
2012-12-03,243.2,244.3,234.9,235,94354
2012-12-04,246.1,248,243.65,243.65,137238
2012-12-05,249.05,266.7,246.95,246.95,849564
2012-12-06,250.5,255.45,249,249.95,392946
2012-12-07,248.05,253.15,247,251,408241
2012-12-10,243.2,251.5,242.25,249.4,180982
2012-12-11,240.5,248.7,240,242.9,156013
2012-12-12,239.25,243.9,235,242,479727
2012-12-13,240.6,244.4,215.25,239.3,160695
2012-12-14,240.3,242.5,239.5,241.2,159862
2012-12-17,245.55,248,236.05,240.15,324627
2012-12-18,240.05,246.2,239.4,246.2,287697
2012-12-19,239.65,240.5,235,238.9,341420
2012-12-20,237.5,242.45,235,240.05,238115
2012-12-21,240.35,243.25,231.1,231.1,530743
2012-12-24,240.15,243,239,240.35,159309
2012-12-26,240.75,242.6,239.2,240,94374
2012-12-27,237.6,241,236,238.65,78411
2012-12-28,239.65,240,236,236,183960
2012-12-31,241.65,242.4,236.1,237.05,659384
2013-01-01,245.15,246,242.5,243.95,97964
2013-01-02,248.4,249.4,245.95,246,119421
2013-01-03,253.5,256.5,246.2,250,167978
2013-01-04,251.45,256.9,250.05,254.4,235616
2013-01-07,250.6,256.5,249.95,255.65,154184
2013-01-08,254.05,256.95,251,252.1,149908
2013-01-09,260.65,262.9,252.6,253.1,232000
2013-01-10,257.85,264.5,255.25,264.5,305024
2013-01-11,251.05,260,250.5,258,29686
2013-01-14,251.05,253.1,243,253.1,59516
2013-01-15,250.1,253.1,249.2,251.6,58022
2013-01-16,246.05,253.95,244.05,253,51253
2013-01-17,245.1,248.5,244,246,83826
2013-01-18,247.3,250.6,245.1,246.65,104382
2013-01-21,244.85,248.6,244,248.6,49462
2013-01-22,246.1,248,239.55,244.1,163882
2013-01-23,245.45,248.9,242.05,248.9,26076
2013-01-24,246.05,246.9,245,246.8,28602
2013-01-25,250.15,251.5,246.05,246.75,56453
2013-01-28,249,250.9,201.55,201.55,636228
2013-01-29,248.3,251.75,246.65,251.75,252708
2013-01-30,245.9,252.65,245,248.45,44329
2013-01-31,249.9,250,242,245.1,88328
2013-02-01,246.65,250,246,247,19146
2013-02-04,244.7,253.85,242.2,249.9,80248
2013-02-05,243.1,245.6,242.1,243.45,23668
2013-02-06,249.75,250,242.2,244.9,83054
2013-02-07,244.95,249.25,244.5,249.25,22951
2013-02-08,246.9,249,242.55,246.8,80014
2013-02-11,244.55,253.55,243.5,249.9,98167
2013-02-12,245.3,250,242.4,247.65,36533
2013-02-13,249.25,250.05,243.4,243.4,62845
2013-02-14,240.8,249,240,247.8,93258
2013-02-15,241.1,246,238.5,243.5,164516
2013-02-18,241.8,243,239,242.85,41576
2013-02-19,242.05,244,241.05,241.95,534184
2013-02-20,244.4,247.85,242.5,244.85,83422
2013-02-21,242.4,246.5,240.5,244.4,34449
2013-02-22,246.9,248.5,241,241.65,84403
2013-02-25,244.8,249,243.5,246.9,139290
2013-02-26,238.25,244,236.55,242.15,28439
2013-02-27,242.45,242.95,238,241,27523
2013-02-28,242.8,245.95,237.4,244.55,190341
2013-03-01,237.65,241.5,235.25,241.1,547302
2013-03-04,233.95,236,230,232.05,33494
2013-03-05,234.05,235.5,232.2,234,43146
2013-03-06,232.5,235.4,231.5,234.85,18917
2013-03-07,233.65,234.9,232.4,232.55,80917
2013-03-08,231.65,240,230.15,240,33786
2013-03-11,223.7,234,220.55,232.55,236560
2013-03-12,227.35,235,221.5,223.7,156745
2013-03-13,225.05,229.55,224.1,227.25,24296
2013-03-14,228.05,230,223.15,226,45460
2013-03-15,231.3,273,218.25,273,476725
2013-03-18,229.4,231,222.1,222.1,135918
2013-03-19,224.25,230,223.3,228.4,45844
2013-03-20,219.7,225.25,211.3,221.7,160452
2013-03-21,226.55,228.95,220.05,224.95,136160
2013-03-22,226.45,228.45,216.4,217.6,186504
2013-03-25,229.6,233.5,225.15,230.5,157990
2013-03-26,223.4,228.05,220.1,227.05,47093
2013-03-28,224.05,225.5,219.1,220,51908
2013-04-01,224.9,225.45,222,222.05,46609
2013-04-02,227.75,230,223,223,123947
2013-04-03,226.75,234.9,222.95,234.9,137616
2013-04-04,219.95,224.2,215.75,223.95,191565
2013-04-05,217.3,221.5,214,218,86999
2013-04-08,216.7,221,214.65,216.2,123667
2013-04-09,215.45,219,212.4,216.05,116353
2013-04-10,221.65,226,215.05,216.3,166591
2013-04-11,217.5,222,216.05,222,44210
2013-04-12,215.6,216.8,212.5,215.55,256346
2013-04-15,216.1,218.2,214.4,215.8,115224
2013-04-16,213.5,218.65,212.5,215.95,70884
2013-04-17,212.65,215.95,211.2,213.5,82017
2013-04-18,211.95,214.65,211.1,212,87109
2013-04-22,217,219,209.6,212.1,285212
2013-04-23,212.35,225,210,219.1,308932
2013-04-25,212.95,213.9,208.35,208.35,263950
2013-04-26,211.5,213.9,209.7,213.9,128773
2013-04-29,210.5,212,209.35,210.5,88710
2013-04-30,216.9,219.9,210,210.5,170208
2013-05-02,220.25,221.95,216,220,205512
2013-05-03,223.2,224.8,217.5,218.2,66726
2013-05-06,227.1,228.9,219.6,222,95426
2013-05-07,227.7,229.35,217.7,226.7,386661
2013-05-08,225.7,229.95,224.1,228,48224
2013-05-09,215.6,228.85,214.1,224,286706
2013-05-10,211,215.85,208.5,215,1374545
2013-05-13,210.8,216,208.5,216,90650
2013-05-14,211.9,214.95,207.5,210.9,547569
2013-05-15,212.6,214.85,210,210,265227
2013-05-16,212.9,215,210.65,212.4,74403
2013-05-17,212.45,214.45,209.65,211.4,53100
2013-05-20,213.25,215,212,212,29569
2013-05-21,213.95,216.8,211.1,213.2,606511
2013-05-22,214.2,223.8,208.7,215.1,370638
2013-05-23,214.5,217.2,212.6,214,74764
2013-05-24,216.8,218.45,213.5,215,54550
2013-05-27,215.95,218,215,216,42353
2013-05-28,218.1,219.8,214,214,219985
2013-05-29,218.75,222,217.05,219.5,112148
2013-05-30,213.2,224.7,212.35,222.05,439951
2013-05-31,213.7,215,210.6,213.3,199918
2013-06-03,210.25,215,209,215,572613
2013-06-04,207.05,212,205.5,211.45,500083
2013-06-05,206.05,208.95,205.55,207.25,823947
2013-06-06,206,206.95,204.4,205.9,201582
2013-06-07,202.75,208,202,205.95,32883
2013-06-10,199.2,205.35,197.2,202,37441
2013-06-11,193.65,199.3,183.5,197,498308
2013-06-12,198,200,190.2,190.2,38666
2013-06-13,198.35,202.25,196,197,77073
2013-06-14,200.15,202.5,198.3,198.3,19169
2013-06-17,200,200.75,198.1,198.15,18184
2013-06-18,204.25,205.5,200.6,201.15,481351
2013-06-19,205.95,210,202.5,204.4,387555
2013-06-20,201.1,205,198.2,205,134222
2013-06-21,195.85,201,193.4,198.3,319019
2013-06-24,189.95,198.9,188.05,195.8,73595
2013-06-25,186.85,191,178.2,188,350734
2013-06-26,191.3,195,186.9,189,376622
2013-06-27,196.5,197.8,190,191.25,44597
2013-06-28,200,202.2,195,195,16778
2013-07-01,205.65,206,200,200,14322
2013-07-02,211.95,214.5,205.75,205.75,97091
2013-07-03,211.25,212.6,208.3,211.9,51202
2013-07-04,209.35,212.85,208.6,210,11792
2013-07-05,213.25,214.95,209,210,17493
2013-07-08,200.95,214.9,200,212.95,381301
2013-07-09,208.7,209.9,201,201,53999
2013-07-10,208.1,211.65,204.55,209,700270
2013-07-11,207.35,210.5,206.25,209.9,60515
2013-07-12,205.9,210,203,209,129643
2013-07-15,205.9,207,202,203,21090
2013-07-16,205.75,206.6,198.2,203,23443
2013-07-17,206.8,214.8,205.2,213.95,363556
2013-07-18,200.55,207.05,198.2,206.05,138700
2013-07-19,199.7,200.95,198.35,199,45424
2013-07-22,200.35,202.05,199.1,199.5,104761
2013-07-23,197.9,203.5,196.35,200,215302
2013-07-24,195.15,197,192.85,197,23130
2013-07-25,196.95,198.7,193.1,194,35362
2013-07-26,196.3,199.7,193.05,195.1,33661
2013-07-29,194.6,195.05,190.5,195.05,28606
2013-07-30,190.15,196,188.35,194.6,219870
2013-07-31,190.05,192,177,191,125529
2013-08-01,188.75,192.05,186.55,192.05,19583
2013-08-02,195.6,202,183,188.55,45723
2013-08-05,192.15,195.55,186,195,22252
2013-08-06,182.2,191.9,178,191,122977
2013-08-07,185.15,186.9,176.65,185,40878
2013-08-08,185.45,188.8,182.5,188.8,46643
2013-08-12,186.85,187.75,182.5,185.4,47504
2013-08-13,184.95,187,183,185,80115
2013-08-14,182.65,185.95,181.9,185.95,726788
2013-08-16,180.85,183.45,173.15,182.15,161615
2013-08-19,176.7,181,173,181,118624
2013-08-20,173.85,175,170.15,175,107458
2013-08-21,173.9,175.8,170.75,174,92313
2013-08-22,171.85,173.9,166.25,170,215549
2013-08-23,171.4,173.45,167.05,171.6,254504
2013-08-26,170.05,171.65,168.25,170,71758
2013-08-27,168,170,160.5,169.85,222440
2013-08-28,164.2,166.25,159.05,166,182857
2013-08-29,164.35,169.7,162.25,163,340509
2013-08-30,161.5,167.95,160.1,163,86427
2013-09-02,160.4,162.6,156.2,162.25,434589
2013-09-03,155.8,160.1,153,160.1,207441
2013-09-04,151.05,157.6,150.2,155.8,794264
2013-09-05,153.15,156.4,152.05,152.05,273405
2013-09-06,156,157.6,152.15,153.95,693574
2013-09-10,157.95,158.5,154.5,155,301498
2013-09-11,162.55,181.9,156.1,157.9,1694902
2013-09-12,160.45,166,159.45,162,434732
2013-09-13,164.3,170.95,160.1,160.1,274772
2013-09-16,171.15,173.4,164,164,190093
2013-09-17,172.05,174.7,167.5,172,65309
2013-09-18,175.85,176.9,169.3,170.05,145562
2013-09-19,192.5,199.8,173,176.15,500777
2013-09-20,181.45,190.25,176.65,190.25,311737
2013-09-23,182.9,186.9,178.05,180,52735
2013-09-24,184.6,188.9,183,185.9,55835
2013-09-25,185.5,187.85,181.1,186.85,139241
2013-09-26,188.95,190.5,183.4,185,111987
2013-09-27,186.3,189,184.6,185.6,51231
2013-09-30,191.85,193.4,182.5,185.1,80971
2013-10-01,188.7,193.05,186.5,190.25,36822
2013-10-03,187.95,192.1,187,187,21992
2013-10-04,183.7,189.1,182.85,185.15,70759
2013-10-07,184.8,186.65,181.25,181.25,80566
2013-10-08,185.9,189.9,185,189.9,224258
2013-10-09,193.95,195.4,183.95,184,255350
2013-10-10,193.05,197.4,190,194,53862
2013-10-11,189.35,194.95,188.2,192.05,233490
2013-10-14,190.85,196,187.55,191.5,266247
2013-10-15,188.35,194.8,187.3,193.75,33902
2013-10-17,189.95,193.8,189,190.45,139789
2013-10-18,187.5,191.95,183.3,191.95,108297
2013-10-21,186.85,191.95,185.5,191.95,49512
2013-10-22,186.8,189.2,186,186.3,21804
2013-10-23,185.5,189.85,183.5,189.85,439929
2013-10-24,185.65,188.1,183.4,187.65,60232
2013-10-25,184.3,190,183.5,188,237769
2013-10-28,184.85,190.6,182.2,186.45,120683
2013-10-29,187.1,188.2,182.75,188.2,42238
2013-10-30,189.85,191,188,189.9,185782
2013-10-31,189,190.45,187.1,187.95,162210
2013-11-01,188.5,190.8,185.55,190.45,79076
2013-11-05,193.8,196,188.5,191.95,236981
2013-11-06,194.1,195.8,193.15,195,173637
2013-11-07,193.2,196.75,190.55,196.75,127093
2013-11-08,189.85,192.9,185,192.9,835621
2013-11-11,186.2,191.95,185,191.95,353099
2013-11-12,190.05,193.4,184.15,185,510997
2013-11-13,188.45,190.5,183.2,190.5,140696
2013-11-14,200.55,204.1,188.4,190,668999
2013-11-18,202.9,209.85,198,204.8,449043
2013-11-19,202.9,206.75,198,206.75,407024
2013-11-20,208.2,212.45,202.55,204.6,732715
2013-11-21,199.7,214.4,197.3,206.5,248369
2013-11-22,200.8,203.85,195.6,199.05,118851
2013-11-25,211.4,213.95,201.05,201.05,217855
2013-11-26,210.05,213,207.75,213,188933
2013-11-27,212.9,218,209.75,213,361296
2013-11-28,214.1,216.8,213.25,215.95,653449
2013-11-29,210.1,216,207.3,214.25,86919
2013-12-02,211.35,216,208.25,213.4,72651
2013-12-03,214.2,216,210.2,213.6,159049
2013-12-04,210.35,216.95,210,216.95,22908
2013-12-05,213.5,221.5,211,215,317147
2013-12-06,212,216.5,211.05,216.5,240307
2013-12-09,203.8,219,199.65,219,941959
2013-12-10,205.85,207.8,200.65,205,76241
2013-12-11,207.2,208,202.6,202.6,132130
2013-12-12,208.05,210.9,205,210.9,22767
2013-12-13,208,210.9,205.7,210.9,353626
2013-12-16,205,211.05,202.6,211.05,32908
2013-12-17,202.8,209,201,209,420429
2013-12-18,201,202.5,199.2,201,1121986
2013-12-19,197.1,204.7,196.35,204,44465
2013-12-20,200.05,201.65,197,201.5,111671
2013-12-23,200.45,203.8,198.75,201.4,402010
2013-12-24,205.25,207,200.65,203.65,93860
2013-12-26,207.85,210,206,206,143012
2013-12-27,211.1,214.4,206,206,116254
2013-12-30,214.85,216.45,211.45,215.3,357477
2013-12-31,216.15,220,213.05,216.85,35642
2014-01-01,215.8,217.75,212,215.95,11514
2014-01-02,216.7,222.5,214,218.95,213702
2014-01-03,215,218.8,214.05,218.8,46925
2014-01-06,207.5,214.15,205.3,212.25,48900
2014-01-07,208.55,210,205.2,205.2,38582
2014-01-08,207.9,210,206.7,209.95,122567
2014-01-09,203.2,209.65,201.05,209.65,49953
2014-01-10,199.2,205.95,196.35,205.95,325011
2014-01-13,197.45,202.95,197,197.45,200193
2014-01-14,192.15,201.5,190.85,196.25,128114
2014-01-15,211.3,215.25,190.5,190.5,312287
2014-01-16,202.1,212.4,200.5,212,151349
2014-01-17,197.6,206,196.3,204.8,116509
2014-01-20,198.25,201.45,196,198.3,52025
2014-01-21,197.7,203,196.3,202,47200
2014-01-22,198.95,201.9,198,201.8,147361
2014-01-23,197.25,199,196.05,199,16889
2014-01-24,195,199.85,193.5,199.85,16590
2014-01-27,192.95,197.5,191.2,192.1,31274
2014-01-28,191.45,196,190.6,191.05,117144
2014-01-29,191.2,194.6,190.55,194,45300
2014-01-30,190.05,193.9,189,189,16393
2014-01-31,189.95,193.75,189.2,193,65175
2014-02-03,187.9,196,187.05,188.8,34283
2014-02-04,188.95,189.9,185.4,186,41096
2014-02-05,187.9,191.95,186.05,188.95,113209
2014-02-06,187.75,189.95,186.2,189,33535
2014-02-07,187.55,191,186.4,187.6,86437
2014-02-10,183.65,189.1,181.95,186.05,55933
2014-02-11,184.35,186,180.8,182.6,104847
2014-02-12,186.65,188.4,182.1,186.9,113486
2014-02-13,186,192,185,192,156015
2014-02-14,184.9,187.55,183.25,185,118828
2014-02-17,183.2,187,183,184.9,30863
2014-02-18,182.45,185,180.65,182.1,93703
2014-02-19,179.8,183.7,178.05,182,456486
2014-02-20,179.75,181,177.1,179.95,60231
2014-02-21,181.8,183.4,180.8,182,131539
2014-02-24,179.9,185,179,180,597596
2014-02-25,182.4,183.9,179.6,183.9,413438
2014-02-26,191.5,197.1,180.35,181,1230263
2014-02-28,192.45,195.3,190.5,193.9,81368
2014-03-03,190,194.4,188.5,194.4,38151
2014-03-04,190.05,192,186.2,190,100290
2014-03-05,188.8,193.05,186.25,190.05,47949
2014-03-06,196,198.45,187.7,188,106802
2014-03-07,193.8,197,190.05,197,185294
2014-03-10,190.5,193.3,188.5,190.3,135359
2014-03-11,192,196,189.95,189.95,475066
2014-03-12,190.85,193.45,189.7,190.85,55590
2014-03-13,196.8,201.9,191.4,192.95,388040
2014-03-14,198.65,217,196.6,198,937558
2014-03-18,203.95,204.9,199,199,220594
2014-03-19,198.75,205.8,197.55,205,121744
2014-03-20,199.35,202.45,197.6,198.75,74775
2014-03-21,200.5,203.75,196.7,200,132746
2014-03-24,199.9,201.65,198.1,201.3,124080
2014-03-25,200.75,205,197.8,198,119060
2014-03-26,208.1,209.5,199.9,200,188591
2014-03-27,205.7,211.85,203,208.45,85439
2014-03-28,205,211.9,204,205.7,84040
2014-03-31,208.05,211.5,205,205.35,167466
2014-04-01,206.45,208.35,205,207.15,45774
2014-04-02,205.7,207.8,203,206.05,88416
2014-04-03,203.5,207.95,201.75,207.5,68501
2014-04-04,200.55,204.75,200.05,201.05,334645
2014-04-07,200.9,204.05,199,200.8,645280
2014-04-09,200.65,202.9,198.1,202.85,379470
2014-04-10,210.7,212.4,198,203.9,147767
2014-04-11,212.45,219,210.6,216.8,338153
2014-04-15,208.65,213.8,205,212.8,142532
2014-04-16,203.05,212.6,200.6,209.9,96796
2014-04-17,210.05,213,202.35,203.05,355918
2014-04-21,212.95,214.9,210,210,60456
2014-04-22,210.35,215,209,212.95,77633
2014-04-23,210,212.25,208,212.25,1276330
2014-04-25,215.65,219,208.2,208.2,224239
2014-04-28,212.05,215.65,210.3,212.55,205415
2014-04-29,210.05,216,207,214,695212
2014-04-30,213.7,215,210.05,210.05,312059
2014-05-02,214.9,217,211.9,217,120275
2014-05-05,224.6,231.6,212.85,212.85,644349
2014-05-06,226.15,229.55,221.75,225.8,176652
2014-05-07,237.9,240.9,224,226.15,325417
2014-05-08,229.25,244.6,227.8,239,277087
2014-05-09,229.1,234.4,225.1,231,134597
2014-05-12,220,227.45,216.95,225.1,1099577
2014-05-13,222.15,224.5,218.3,223.95,338111
2014-05-14,222.6,224,214,222.15,1258294
2014-05-15,225.75,227,219.9,224.2,96065
2014-05-16,237.8,239,227,232,195907
2014-05-19,244.7,245,235.4,235.4,414521
2014-05-20,261.4,275,244.35,246,489320
2014-05-21,259.25,266.7,253.3,261.8,135413
2014-05-22,258.6,266.85,257,259.7,151695
2014-05-23,253.65,259.95,250.25,259.3,164124
2014-05-26,248.25,268.8,246,254,336386
2014-05-27,240.4,253.85,230.3,248.6,214747
2014-05-28,247.45,255,240.75,240.75,64292
2014-05-29,242.8,251.65,232.25,245,112796
2014-05-30,263.65,267.55,242.4,242.4,449095
2014-06-02,290.6,295.5,256,264,1314084
2014-06-03,299.75,311.9,294.45,294.45,1131715
2014-06-04,325.85,346.8,295.5,302.7,2156615
2014-06-05,304.9,330.25,302,328.45,1872537
2014-06-06,314.45,319,311,311.1,779996
2014-06-09,308.5,319,305,316,630353
2014-06-10,312.95,318,309.25,311,520337
2014-06-11,307.65,320,305,315,380431
2014-06-12,308.65,316.4,300.05,300.3,276800
2014-06-13,300.45,315.75,295.55,305.7,293737
2014-06-16,298.35,302,291.25,297.45,110872
2014-06-17,305.5,313.05,298.05,298.05,429320
2014-06-18,295.9,311,293.4,308.45,217270
2014-06-19,310.55,317.8,294.5,296.15,1295052
2014-06-20,303.85,320,302,317.5,848732
2014-06-23,302.15,306.8,301,304,175276
2014-06-24,298.2,309,296.3,302.15,277106
2014-06-25,293.85,301.3,292,298.4,185593
2014-06-26,291.25,295.9,290,295,144568
2014-06-27,289.85,295.5,280.35,290,522863
2014-06-30,288.25,299,286.2,290,854345
2014-07-01,295.5,296,288.25,288.25,388924
2014-07-02,294.25,297.35,291.35,295.2,230516
2014-07-03,294.6,299.75,292.3,292.3,371857
2014-07-04,294.05,303.05,291.05,292.55,637588
2014-07-07,308.05,310,294.55,294.55,929914
2014-07-08,299.75,318,288.7,314.3,1544955
2014-07-09,294.65,317,291,299,898290
2014-07-10,297.1,307.3,285.05,299.65,4204244
2014-07-11,305,318.4,297,300,1931575
2014-07-14,304.25,311.1,297.35,306,508251
2014-07-15,304.95,310.35,302.15,306,467094
2014-07-16,309.25,314,304.7,306.45,544304
2014-07-17,321.25,325.4,307.1,307.1,1145726
2014-07-18,316.6,320.95,315,319,355039
2014-07-21,320.8,326,318,319.5,585591
2014-07-22,316.85,326.8,315,321.7,694037
2014-07-23,319.9,330,315.25,330,1006084
2014-07-24,322.1,334.9,315.2,321.65,2781402
2014-07-25,321.2,323,314.5,322.95,537192
2014-07-28,315.7,323,314.1,321.9,254895
2014-07-30,316.8,318.9,304.25,314.95,311078
2014-07-31,306.9,316,304.2,315,332609
2014-08-01,302.75,308,300.45,303.8,747606
2014-08-04,299.45,305.05,298,302,475790
2014-08-05,304.9,312.5,296.95,297.55,607467
2014-08-06,306.8,312,304.15,305.5,305633
2014-08-07,305.65,311.7,300.3,309.4,748264
2014-08-08,303.7,305.5,302,302.1,173332
2014-08-11,301.45,307,299.9,301.6,397877
2014-08-12,303.75,306.7,299.65,300,848527
2014-08-13,299.45,306,293.3,306,650815
2014-08-14,313.45,322.7,291.5,297.05,793869
2014-08-18,315,316.65,305.7,310.6,408685
2014-08-19,312.45,315.95,309.6,315,181204
2014-08-20,311.7,315,308,308.05,158694
2014-08-21,309.5,313.8,307.55,309.1,142398
2014-08-22,313.7,319,309,309.1,447926
2014-08-25,324.4,328,314.15,318,434565
2014-08-26,329.65,333,326.05,327.95,748487
2014-08-27,329.95,331.8,321.25,330,305442
2014-08-28,325.5,329.9,321,327.15,299728
2014-09-01,330.55,332,323.55,323.55,811994
2014-09-02,340.45,352,328.15,328.15,1196505
2014-09-03,336.3,343.35,332.5,338.15,394894
2014-09-04,338.25,341.8,330,334,393533
2014-09-05,338.85,342.75,335.05,335.05,437229
2014-09-08,362.9,373,334.2,340,651877
2014-09-09,361.85,369.9,356.1,364.9,499135
2014-09-10,362.2,362.95,357.15,360.1,140080
2014-09-11,359.4,367,345.05,364.7,450522
2014-09-12,358.25,362,350,354.15,153862
2014-09-15,357.85,360,350.05,356,99137
2014-09-16,345.95,358.95,340,355.2,106051
2014-09-17,339.2,347.8,330,347,216607
2014-09-18,353.4,357,336,341,181325
2014-09-19,356.35,359.9,350,355,121461
2014-09-22,354.65,366,353.1,361,296274
2014-09-23,350.3,360.4,348.9,353,167588
2014-09-24,334,354.65,329,349,310318
2014-09-25,334.2,339,327.1,333,202664
2014-09-26,328.3,334.2,318,334.2,356748
2014-09-29,328.1,337.95,327,327,63967
2014-09-30,319.95,331.8,315.55,328,164034
2014-10-01,316.65,322.75,315,317,547294
2014-10-07,318.05,319.95,315,315,374455
2014-10-08,318.1,323,315,316.25,149208
2014-10-09,319.35,321,315.05,318.05,597862
2014-10-10,319.5,327.5,316.25,317.5,76448
2014-10-13,314.3,327,306.3,317.1,351705
2014-10-14,316.4,319.45,312.1,312.1,46983
2014-10-16,315,318,312.2,312.2,235654
2014-10-17,321.15,324.15,309,312.65,150455
2014-10-20,323.7,340,318.7,325,271945
2014-10-21,324.8,328.85,323,324,71475
2014-10-22,321.2,330,315.25,329,317442
2014-10-23,325.55,326.75,323.85,326,12822
2014-10-27,325.45,339,320.55,325.5,110714
2014-10-28,327.9,333.7,324.95,327,166768
2014-10-29,351.7,354,328.6,329.1,356418
2014-10-30,347.4,352.75,330,330,1102895
2014-10-31,355,357.3,344,344,307135
2014-11-03,364.95,371.9,355,355,180535
2014-11-05,397.05,404,360,370,1035803
2014-11-07,403.9,413,385.25,397,471050
2014-11-10,396.15,408.35,386.2,406.9,307440
2014-11-11,421.05,425.95,395.4,397.5,573470
2014-11-12,437.9,442.8,423.8,424.7,717844
2014-11-13,404.5,442.35,400,434.7,837317
2014-11-14,411.25,415.3,404.2,407,284954
2014-11-17,404.4,420.9,403,416,342299
2014-11-18,405.5,409,402.7,407,307671
2014-11-19,406.4,414,403.05,405.45,190273
2014-11-20,402.95,413.75,398,409,223370
2014-11-21,397.9,404.5,394,404,202761
2014-11-24,398.05,402,393,401,159371
2014-11-25,379,394.1,375,394.1,304934
2014-11-26,375.25,383.95,373,376,148275
2014-11-27,380.45,383.9,372,372,261110
2014-11-28,365.4,384.8,361.25,377.05,465333
2014-12-01,375.65,379.7,362.05,362.05,184050
2014-12-02,373.45,378.35,369.35,372,57455
2014-12-03,398.35,407.8,376.1,376.1,1056177
2014-12-04,399.9,406.9,395.7,406,318768
2014-12-05,395.85,402.7,394,402.7,130536
2014-12-08,384.8,403,379,402,451425
2014-12-09,388.3,402,384.15,397.8,519446
2014-12-10,407,424,391.1,392,2659351
2014-12-11,399.45,413.25,396.2,408.15,802947
2014-12-12,385.5,404.45,382.1,401,459113
2014-12-15,392.2,396.95,377,385.5,399603
2014-12-16,368.35,391.25,362.1,389.45,418205
2014-12-17,361.7,375.95,357.85,365,296468
2014-12-18,367.7,384,363.1,368.55,267993
2014-12-19,370.05,377.8,368,373,320301
2014-12-22,378.65,388,371.2,371.2,535071
2014-12-23,380.45,388,369.5,379,463489
2014-12-24,387.45,400,375.25,379.05,1502283
2014-12-26,382.3,390.85,378.1,388,475607
2014-12-29,385.15,388.8,380.1,380.1,223128
2014-12-30,387.55,391,383.1,388.9,206838
2014-12-31,396,398.65,385,387,353419
2015-01-01,390.85,397.9,389.2,397.5,75762
2015-01-02,387.5,395.3,386.05,392.4,119076
2015-01-05,393.15,415.6,385.2,385.2,1717309
2015-01-06,384.95,395.8,383,391,473381
2015-01-07,386,393.4,381.2,387.8,181727
2015-01-08,390.3,394.8,388.9,388.9,258021
2015-01-09,392,395,388.4,392.95,263367
2015-01-12,396.75,406,384.15,390.15,551774
2015-01-13,405.1,408,396,396,293186
2015-01-14,407.8,423.95,405.6,420.2,726041
2015-01-15,400.15,411.9,399,411.9,190030
2015-01-16,406.1,409,400.9,401.1,125772
2015-01-19,404.3,411.8,401,406.1,407987
2015-01-20,418.05,425.4,405.05,405.9,890214
2015-01-21,427.3,428.95,415.95,420,984509
2015-01-22,421.45,428.95,420,428.95,359354
2015-01-23,454.05,469.9,423.05,424.95,3098152
2015-01-27,492.25,505.9,463,463.4,6453544
2015-01-28,498.25,521.85,492.6,496.2,2666279
2015-01-29,485.6,501.35,479.6,499,672099
2015-01-30,474.55,488,468.1,485.9,717638
2015-02-02,499.35,511,472.95,473.75,1231942
2015-02-03,499,521,480,502.8,1418347
2015-02-04,504.75,509,495,499.1,833228
2015-02-05,485.25,519.9,477.35,500.1,696040
2015-02-06,471,488.6,462.05,480.85,466121
2015-02-09,457.2,469,451.5,469,409929
2015-02-10,459.5,474.9,447.5,454,305765
2015-02-11,468.55,477.75,460,461,403781
2015-02-12,457.3,477.7,452.25,470.5,533827
2015-02-13,471.9,485,468.25,470.1,634352
2015-02-16,469.3,478.9,467.1,475.75,154244
2015-02-18,471.45,479.95,468,471,202555
2015-02-19,464.75,473.45,462.55,472.9,121975
2015-02-20,461.35,483.2,457.05,465,583983
2015-02-23,454.6,475.55,449,464.9,354855
2015-02-24,447.7,457.95,440,454.8,322858
2015-02-25,439.8,453.7,433,446.2,586293
2015-02-26,441.15,453,436.35,445,268287
2015-02-27,440.3,450.2,436.25,444.95,294719
2015-03-02,470.3,478.1,465.1,470,667863
2015-03-03,473.95,485.5,471.15,473.45,730359
2015-03-04,465.4,477,462.6,475.15,324334
2015-03-05,468.4,473.95,459,468.9,343830
2015-03-09,460.2,471.9,455.65,460.6,262668
2015-03-10,455.5,464.95,455,461.9,127594
2015-03-11,463.85,471.3,450.25,457,246950
2015-03-12,488.7,514,483.5,484,2291312
2015-03-13,469.8,519.7,460.25,516,4542136
2015-03-16,457,475,454.15,475,599975
2015-03-17,458.6,464.4,453.85,461,547182
2015-03-18,454.45,460,451.65,459.95,293884
2015-03-19,459.7,463.9,455.1,459,390252
2015-03-20,445.2,458,440,458,313606
2015-03-23,445.65,455,440,448,242770
2015-03-24,438.35,444.95,437.05,444.9,155392
2015-03-25,437.95,447.9,437,440.1,233725
2015-03-26,444.85,451,432.5,436.9,340222
2015-03-27,435.6,452,427,448,314986
2015-03-30,445.55,449.5,430.3,437,300928
2015-03-31,431.25,451,423.25,447.95,594163
2015-04-01,449.7,453.5,431.5,431.6,694070
2015-04-06,458.5,462.9,450,452,363222
2015-04-07,466.95,471.95,457,460.75,232346
2015-04-08,469.8,472.9,462.15,469.8,210753
2015-04-09,488.15,492,471.4,479,796639
2015-04-10,490.15,499.95,487.1,497.9,746017
2015-04-13,483.15,491.5,462,491.5,213897
2015-04-15,479.9,491.85,474,478.5,168767
2015-04-16,479.75,483,476.3,480.05,170650
2015-04-17,463.9,480,461.4,480,149543
2015-04-20,446.25,466.2,438,465.1,242527
2015-04-21,438.15,447.5,436.1,444,280985
2015-04-22,438.4,446.4,434,437.5,456595
2015-04-23,438.05,444,432,438.9,201260
2015-04-24,425.7,439,424,438,269338
2015-04-27,409.5,425.7,404.3,425.5,843820
2015-04-28,427.95,436,407.05,410,185415
2015-04-29,427.2,429.1,419,427.35,90474
2015-04-30,428.3,433.75,405.8,429.9,84261
2015-05-04,455.1,458.4,426.1,432,243413
2015-05-05,440.65,457.35,439,452.35,91193
2015-05-06,424.9,441.5,421.25,441.5,166320
2015-05-07,429.8,444.7,423,423,352905
2015-05-08,424.15,434.25,421.3,432,146934
2015-05-11,423.15,433.5,420.25,425.35,140904
2015-05-12,426.85,433.45,419.5,426.65,205043
2015-05-13,433.75,437.9,426.55,429,190385
2015-05-14,454.35,478,429.75,433.9,728828
2015-05-15,447.95,459.25,445.75,457.2,86043
2015-05-18,452,464.8,445,449.9,176920
2015-05-19,468.05,470.7,446.15,452,202892
2015-05-20,468.25,472,460.35,465.65,168846
2015-05-21,458.95,470.45,456,468.7,83143
2015-05-22,456.1,469.5,451.6,465.75,172364
2015-05-25,474.15,476.25,456,457,273899
2015-05-26,465.2,478.8,462.1,478.05,184232
2015-05-27,480.3,485,458.3,464,1082733
2015-05-28,472.9,482,465.1,479.9,255844
2015-05-29,469.8,482,465.2,474.95,316940
2015-06-01,488.1,490,465.5,470.3,359863
2015-06-02,484.8,498.85,481,489,445210
2015-06-03,485.65,508.4,475.1,484.7,604467
2015-06-04,477.5,483.8,465.1,479.9,246668
2015-06-05,486.95,493,469.05,470,194853
2015-06-08,483,485,474.7,483.1,164996
2015-06-09,483.5,488.5,478.15,481,323385
2015-06-10,484.5,487.9,478.1,480.1,119594
2015-06-11,481.4,489,479.5,484.5,181004
2015-06-12,467.2,481.2,464,479,269640
2015-06-15,469.1,478.25,462,467.2,334115
2015-06-16,480.55,483.7,463.1,472.9,107986
2015-06-17,484.25,487.05,475.95,481.3,174233
2015-06-18,483.15,488.7,481.1,482,83279
2015-06-19,484.55,486.85,476,485.15,120103
2015-06-22,489.45,491,484.6,485,154274
2015-06-23,489.65,493,486,492.9,110296
2015-06-24,489.3,491,486,489.65,248852
2015-06-25,496.85,501,486.75,491.9,381334
2015-06-26,486.75,496.65,481.25,492.4,181254
2015-06-29,489.4,493,469.65,481.9,134771
2015-06-30,483.2,491.45,480,490,282608
2015-07-01,486.05,487.5,480,480,90721
2015-07-02,489.1,507.7,486.9,489,195820
2015-07-03,504.05,509,486.05,489.5,217697
2015-07-06,517.15,545,492,492,627876
2015-07-07,506.5,521.35,502.6,516,174406
2015-07-08,492.45,516.5,486.35,499,305590
2015-07-09,489.8,504.95,486.05,496,162112
2015-07-10,495.35,498.9,486.15,490.35,101101
2015-07-13,495.55,503.55,492.75,496,102837
2015-07-14,496.65,500,494.85,498,97958
2015-07-15,514.2,517.9,496.65,496.65,225333
2015-07-16,529.95,537,515,516,389554
2015-07-17,536.7,543.9,520,530.1,186082
2015-07-20,539.55,544.4,518.3,536,193106
2015-07-21,529.85,548,525.1,536,168134
2015-07-22,547.6,553.9,521.55,521.55,343444
2015-07-23,539.3,549.4,532.5,548,255019
2015-07-24,542.9,545,536.95,539,188342
2015-07-27,536.85,547.4,535,543,82331
2015-07-28,529,547.7,521.65,540,198342
2015-07-29,543.65,547.95,532.7,532.9,144995
2015-07-30,552.75,564.8,542.1,543.7,518439
2015-07-31,548.85,561.95,545.45,557,84086
2015-08-03,562.7,563.95,536.95,545.1,134449
2015-08-04,561.1,569.5,555.1,563.95,111433
2015-08-05,567.95,575.95,557.1,557.1,297550
2015-08-06,567.2,575,561.1,568,165869
2015-08-07,566.55,575.95,556,573.5,151208
2015-08-10,555.5,569.85,553.1,566.05,96801
2015-08-11,562.15,571,556.35,557.5,129643
2015-08-12,556.2,572.3,543.1,568,277660
2015-08-13,553.7,570,535,551,195046
2015-08-14,563.3,569.5,550,550,209580
2015-08-17,564.15,568.35,552,567,140993
2015-08-18,556.25,568,552,568,238081
2015-08-19,549.35,559.95,544.2,552.9,293572
2015-08-20,544.1,557.95,541,545,109367
2015-08-21,544,548.95,533,539.8,165544
2015-08-24,513.65,534.5,472,534.5,383442
2015-08-25,514.3,534,496.8,509,380133
2015-08-26,498.25,521,489,510,197281
2015-08-27,505.8,515,497.25,509.4,120952
2015-08-28,504.2,518.1,499,505.5,111123
2015-08-31,500.85,509,495.6,497.5,142436
2015-09-01,486.3,504.85,479,500.85,104849
2015-09-02,491.45,502,485,495,341046
2015-09-03,509.35,513.35,486.8,489,293737
2015-09-04,502.8,509.5,495.8,509,105130
2015-09-07,489.9,505,484.05,500,120900
2015-09-08,485.35,492.75,473,487.6,194377
2015-09-09,509.05,515.05,486.05,490,114803
2015-09-10,506.35,508.9,495,503,137823
2015-09-11,506.95,516.25,503.5,507.95,81501
2015-09-14,506.8,512.5,499.5,512.5,179320
2015-09-15,495.2,510.1,490.35,500.1,977127
2015-09-16,498.85,502.45,492.5,501,684466
2015-09-18,495,505,489.5,500,429957
2015-09-21,523.45,525,491.05,491.05,738015
2015-09-22,529.15,537,507.1,521,409775
2015-09-23,519.4,537.9,513.45,528.7,630236
2015-09-24,505.7,518,502.5,518,422743
2015-09-28,509.5,525,508,522,146388
2015-09-29,511.35,513.05,495.5,504,185959
2015-09-30,511.8,515,505.5,512,153531
2015-10-01,516.55,518.95,507,513.15,101592
2015-10-05,524.35,528,513.2,513.6,283930
2015-10-06,515.4,523.95,509.65,523,103926
2015-10-07,525.7,526.95,515.05,519.05,391360
2015-10-08,526.75,527.95,515.5,526,74009
2015-10-09,514.45,527.95,511.5,522.25,228577
2015-10-12,524.75,527,514.45,514.45,159564
2015-10-13,526.65,531.95,517.3,524,167281
2015-10-14,540.2,557.8,521.3,528.95,424230
2015-10-15,547.65,554.95,523.75,542,422490
2015-10-16,535.05,552.75,531.8,550,230959
2015-10-19,539.35,544,534,535,321792
2015-10-20,547.25,550,534.1,534.1,314230
2015-10-21,544,550,541.7,548,82416
2015-10-23,527.5,571,522.7,549,499981
2015-10-26,534.45,537.65,527,533,112296
2015-10-27,530.4,537.6,528.75,531.75,121491
2015-10-28,528.8,545,525.1,529,76674
2015-10-29,527.8,535,525.2,534.85,74318
2015-10-30,529.25,535,526,527.95,347906
2015-11-02,532.45,542,520.2,529.25,56907
2015-11-03,529.8,537.5,522.45,532.1,457039
2015-11-04,529.4,534.65,526,530.05,90162
2015-11-05,526.05,529.95,522.6,529,38002
2015-11-06,532.25,538.7,525,527.7,45588
2015-11-09,528.65,533,509,527.25,50639
2015-11-10,521.25,528.65,520,528.65,325125
2015-11-11,527.75,532,516.15,516.15,9909
2015-11-13,531.6,534.45,518.05,527.8,57600
2015-11-16,538.8,544.8,527.9,531.55,75968
2015-11-17,549.6,554.8,536.05,540.1,839574
2015-11-18,563.45,569,545.05,554,554741
2015-11-19,575.8,580.95,553.1,563.45,516430
2015-11-20,576.55,586,567,579,429385
2015-11-23,555.75,570,551,570,259224
2015-11-24,542.05,566,539,565,271926
2015-11-26,541.1,545.6,532,540.05,178509
2015-11-27,540.65,549,536.15,548.7,77869
2015-11-30,527.7,544,523.2,539.6,199998
2015-12-01,535,537,528,533.45,73488
2015-12-02,531.75,541.3,528.1,535,115260
2015-12-03,539.4,543.25,528.3,529,140900
2015-12-04,537.9,540.9,534.05,535,163780
2015-12-07,534.05,538,530,535,81413
2015-12-08,528.25,534.55,522.4,531,84962
2015-12-09,515.1,528.05,511.65,525,161415
2015-12-10,506.85,518.9,502,516.35,85908
2015-12-11,491.05,506.85,484.1,506.85,379176
2015-12-14,486.8,489,480,480,664471
2015-12-15,486.85,488.5,481.25,488,336693
2015-12-16,481.8,492,480,492,221319
2015-12-17,500.2,505.6,482,486,482619
2015-12-18,500.2,508,496,496,366666
2015-12-21,499.5,502.85,494.45,498.95,77683
2015-12-22,499.4,502.65,497,502.65,65782
2015-12-23,499.8,504.95,498.2,501.8,292312
2015-12-24,496.3,501.85,487.5,499.8,138101
2015-12-28,513.95,530,507,515,1138269
2015-12-29,508.6,517.35,505,514,256572
2015-12-30,501.55,513.9,499.95,506.5,223418
2015-12-31,507.9,514.7,500.05,502.8,187080
2016-01-01,523.85,528,504.15,508.4,278353
2016-01-04,517.5,524,513.5,524,380217
2016-01-05,514.2,519.9,505.55,517.5,278635
2016-01-06,510,515,507.3,514,350303
2016-01-07,500.4,507.5,489,507,408156
2016-01-08,490.05,503.35,487.5,497.05,233769
2016-01-11,476.9,487,472.05,487,236906
2016-01-12,469.1,481,465,480,213406
2016-01-13,460.55,476,445.1,476,308348
2016-01-14,479.6,488.45,446.1,456,503340
2016-01-15,478.25,495,466,487.9,1543797
2016-01-18,448.85,486.95,443,482,292065
2016-01-19,458.65,465.6,445.85,451.5,347829
2016-01-20,446.55,464.7,441.5,455,599347
2016-01-21,455.1,463,451.1,451.1,806028
2016-01-22,459.7,463.3,453.15,459.4,2195648
2016-01-25,471.6,480,463.15,469,759662
2016-01-27,348.6,348.6,332,332,20503
2016-01-28,365.8,366,351,366,89141
2016-01-29,365.7,369,347.55,353.2,48143
2016-02-01,371.15,377.4,352.9,375,46105
2016-02-02,371.2,380,356.1,377.85,59106
2016-02-03,358.2,371,352.65,357.1,64208
2016-02-04,361.85,366.5,350.1,362.6,80931
2016-02-05,366.4,372,350.1,356.35,241720
2016-02-08,369.45,373.95,360.65,369.8,43992
2016-02-09,360.7,368,356,360.6,140897
2016-02-10,360.1,368.95,337,368.95,194582
2016-02-11,332.15,356,325,351.05,100166
2016-02-12,314.65,349,311.05,311.05,127474
2016-02-15,329.3,337,316,316,70757
2016-02-16,330.25,339,317.8,329.3,61061
2016-02-17,346.15,350.95,327.6,331,106629
2016-02-18,345.2,387.7,340.3,354,424194
2016-02-19,346.25,350.05,336,340,67885
2016-02-22,346.7,355,343.15,352,86825
2016-02-23,338.35,347.9,329,347.9,84756
2016-02-24,324.5,339.2,320,332.55,123262
2016-02-25,311.85,323.55,302.8,320.6,441824
2016-02-26,327.1,330.75,310.55,323,71492
2016-02-29,336.4,343.6,315.6,323.85,80703
2016-03-01,325.15,339.9,324,336.5,61922
2016-03-02,329.2,344.95,327,331,111006
2016-03-03,321.7,332.05,320.3,332,81493
2016-03-04,321.4,332,320,323,33074
2016-03-08,314.25,328.9,311.5,322,66713
2016-03-09,315.25,327,311,317.25,61955
2016-03-10,330.45,337,312.25,320.85,147885
2016-03-11,334.25,337,327.85,331.95,135207
2016-03-14,337.65,341.65,331.1,331.1,74412
2016-03-15,344.6,348,332.4,335.05,77763
2016-03-16,340.15,344.9,335,335,157433
2016-03-17,339.2,346.6,334.6,343.95,83329
2016-03-18,333.05,340,322.4,333.3,86238
2016-03-21,329.3,344,327.95,339.95,92930
2016-03-22,329.05,341.75,327,335,126408
2016-03-23,327.75,334.4,325.1,330.35,64233
2016-03-28,319.8,332.5,315.55,329.8,187764
2016-03-29,320.8,327.6,316.3,324.95,203686
2016-03-30,324.65,328.45,319,319,191636
2016-03-31,344.05,349.4,322,324.8,170840
2016-04-01,344.9,347.8,335.95,341.8,62766
2016-04-04,337.8,346,335.5,346,229571
2016-04-05,340.15,343.5,336,337.5,43018
2016-04-06,345.3,349,339.2,343.7,31498
2016-04-07,348.5,356.95,341.45,344.1,587947
2016-04-08,341.75,351.9,341.4,349.1,36918
2016-04-11,345.8,348,333,341.5,33191
2016-04-12,350.7,357,345.6,346,114227
2016-04-13,353.1,363.8,350,350.75,352685
2016-04-18,357.85,364.4,343,343,106030
2016-04-20,359.7,372,354,360.2,103582
2016-04-21,360.6,366,352.1,359.95,70017
2016-04-22,372.35,374.25,358,362,90731
2016-04-25,373.45,375.05,367,372.35,151456
2016-04-26,374.7,379,370.1,375,132378
2016-04-27,367.75,374.95,364,373.2,26019
2016-04-28,349.05,368.7,344.05,365.05,253180
2016-04-29,365.2,367,350.45,354.65,220550
2016-05-02,372.75,374.5,358.25,364.95,131924
2016-05-03,370,376.7,368,371.2,69278
2016-05-04,367.1,372,361,362.55,81742
2016-05-05,360.9,368.7,355.95,368.7,164701
2016-05-06,362.3,370,356.4,360.95,85194
2016-05-09,369.45,370.35,361.75,367.85,113391
2016-05-10,360.85,370.1,359.45,367.75,105703
2016-05-11,362.8,365,358.05,361,150584
2016-05-12,369.95,370.05,364,364.95,176544
2016-05-13,373.75,377.4,365.3,369.95,209678
2016-05-16,383,390.85,373.25,375.85,85947
2016-05-17,379.35,386,373.3,383.9,63931
2016-05-18,379.9,380.5,374,378.85,33835
2016-05-19,377.4,382.3,371.95,382.3,63214
2016-05-20,368.15,374.05,359.95,370.25,190382
2016-05-23,372.55,377,370.4,374.65,173903
2016-05-24,380.45,384.45,370.6,371.95,49299
2016-05-25,382.1,385.55,374.8,383.85,47073
2016-05-26,366.3,379.95,365,377.55,261917
2016-05-27,380.45,382.8,365.25,368.95,136266
2016-05-30,381.95,382.95,375,379.25,231335
2016-05-31,356.05,383.5,345,378,873463
2016-06-01,363.1,376,359.15,369.5,359556
2016-06-02,369.9,373,345,366.8,135859
2016-06-03,380.6,382.8,363.55,363.55,210270
2016-06-06,399.2,407,371.25,375,483055
2016-06-07,398.8,404.95,391.7,399,480473
2016-06-08,424.6,448,403.75,404.95,895813
2016-06-09,419.75,442.5,415,421,449065
2016-06-10,442.25,454,425.7,425.95,937363
2016-06-13,434.2,467,429.95,440,967757
2016-06-14,433.05,451,429.75,435.8,316501
2016-06-15,434.75,443.35,429.25,436.95,458141
2016-06-16,428.75,454,425.75,435.3,1161468
2016-06-17,473.85,514.5,456,460,8217917
2016-06-20,500.15,530,471.2,473.75,7609858
2016-06-21,504.85,515,486.7,506,2182451
2016-06-22,504.2,513,498,509.9,2467264
2016-06-23,506.3,508.7,496.1,503.05,1546484
2016-06-24,535.25,540.65,475.05,480,3732927
2016-06-27,552.05,564.7,523,535,2478506
2016-06-28,538.9,553.7,535,545.5,980407
2016-06-29,540.5,547.4,528.2,543.5,761996
2016-06-30,532.75,544.9,528.65,542,328768
2016-07-01,529.15,538,523.65,533,428096
2016-07-04,528.75,535.75,522.25,533.8,394206
2016-07-05,508.5,530.95,423,527.75,1351993
2016-07-07,498.1,520.9,492.6,506.4,751801
2016-07-08,504.4,518,495.2,502.6,781963
2016-07-11,505,524.1,501.5,513.3,717670
2016-07-12,507.85,515,505.15,507.5,575898
2016-07-13,506,523,500.2,511.4,2201759
2016-07-14,504.6,524.45,500,516.1,1224820
2016-07-15,513.4,533.95,502.25,507,1482145
2016-07-18,505.65,520,502,513,431694
2016-07-19,511.45,520,502,509.2,2066489
2016-07-20,559.95,565,509,511,3237726
2016-07-21,555.9,592.4,548,566.7,2071009
2016-07-22,555.25,578.4,551,557.9,841198
2016-07-25,584.85,601,544,558,1509478
2016-07-26,578.1,594.7,572.1,581.95,901467
2016-07-27,593.8,598,575.3,580.05,659867
2016-07-28,589.05,618,576.1,594,1130069
2016-07-29,579.95,594.95,567,589.05,658441
2016-08-01,556.3,585.45,551.2,583,634317
2016-08-02,532.55,561.9,523,560,636881
2016-08-03,549.25,554.7,533.65,536,840961
2016-08-04,550.75,569,541,554.5,840650
2016-08-05,551.6,556.15,476.7,552,691117
2016-08-08,542.2,568.4,538.1,562.4,820935
2016-08-09,534,546.8,511.25,523,1813078
2016-08-10,517.15,540,510,535,880800
2016-08-11,510.65,517,500,512,577403
2016-08-12,507.75,521,488.3,512.4,1115758
2016-08-16,500.45,510.45,497.8,507,318796
2016-08-17,516.8,523.6,500,502,409208
2016-08-18,507,525,505.5,521.9,1031068
2016-08-19,498.95,510.15,493.25,508,1365931
2016-08-22,500.35,505,492.35,500.2,373151
2016-08-23,512.3,524.35,500.7,502,725916
2016-08-24,523.55,528.7,513,514.55,399373
2016-08-25,533.45,539.6,517.1,521.6,599266
2016-08-26,547.65,551,530.35,535,652186
2016-08-29,546.6,549.95,530.3,545,345259
2016-08-30,565.35,569.45,546.4,548.6,590885
2016-08-31,579.8,583.4,562.4,568.8,911811
2016-09-01,568.95,580,552.7,580,417767
2016-09-02,572.05,574.75,555.1,568.95,253070
2016-09-06,595.7,604.8,567.9,573.5,570890
2016-09-07,580.25,599.75,575,597,436791
2016-09-08,599.1,628,582,582,1380728
2016-09-09,593.95,602.75,582,600,316996
2016-09-12,605.3,609.75,581.55,585,537563
2016-09-14,606.8,619.65,602.4,606.05,291254
2016-09-15,599.4,612.8,583.1,603.7,478466
2016-09-16,586.45,606.8,580.1,604.5,585602
2016-09-19,570.1,584.6,568,575.15,643819
2016-09-20,569.1,577.2,566.4,574,374039
2016-09-21,567.75,574,564.5,569.5,186871
2016-09-22,569.1,574.75,566.1,574.4,317259
2016-09-23,565.6,592,564,571.75,839516
2016-09-26,560.25,569.5,558.15,565.7,663353
2016-09-27,552.15,569.8,550.5,565,644953
2016-09-28,551.7,563,548.3,549.5,311038
2016-09-29,553.95,560,536.25,558.8,524669
2016-09-30,555.6,564,540,548.1,290786
2016-10-03,558.55,564,555,563.75,351677
2016-10-04,558.4,560,553,558.6,308422
2016-10-05,562.25,569.15,553,558.55,493393
2016-10-06,555.1,564,551.65,561,179105
2016-10-07,549.35,556.75,545.35,554.9,181694
2016-10-10,543.65,552.85,542,549,127819
2016-10-13,549.95,562.5,537.85,548,350066
2016-10-14,553.5,559.5,548.95,552,188065
2016-10-17,538.85,558,533.7,555,610149
2016-10-18,553.75,566.6,542.2,545,2184795
2016-10-19,555.6,560,551.25,558.5,178953
2016-10-20,558.15,562.9,552.35,554,284291
2016-10-21,561.8,573.75,556.65,558.2,1666476
2016-10-24,558.55,564.8,554,564.8,108849
2016-10-25,555.3,560,551.2,555,122347
2016-10-26,550,555,545.1,555,139126
2016-10-27,556.9,560,546,550.05,163137
2016-10-28,562.8,568,548.3,556.95,129780
2016-11-01,558.2,565.95,555,563.2,209488
2016-11-02,546.85,560,541.55,556,115203
2016-11-03,540.7,553,537.55,547,96904
2016-11-04,542,551.55,522.2,540.75,275404
2016-11-07,551.65,555,536.1,543.05,120625
2016-11-08,565.15,567.7,550.05,551.65,555289
2016-11-09,554.9,559.5,520,538,574309
2016-11-10,573.2,580,559.85,564.9,832728
2016-11-11,558,570.8,545.25,570.8,155492
2016-11-15,492.9,548.85,485.95,547,565024
2016-11-16,532.55,537.95,495.3,502.5,637364
2016-11-17,525.8,546.95,510.1,530,441016
2016-11-18,524.5,536.65,520.15,524,216452
2016-11-21,504.35,528.8,499,522,132759
2016-11-22,531.4,537.95,509.45,510,234303
2016-11-23,548.65,554,520,533.05,179716
2016-11-24,540.2,548,531.15,536,273286
2016-11-25,536.3,545.65,532,540,72569
2016-11-28,538.7,542.95,531,531,44574
2016-11-29,558.1,560,539,541.9,259551
2016-11-30,534.05,556.9,526.3,556.9,302325
2016-12-01,545.8,549,532.4,539.9,223009
2016-12-02,532.85,546,530,543.95,57332
2016-12-05,545,548.3,533.25,534.95,116770
2016-12-06,544.15,549.3,536.1,543,154144
2016-12-07,541.5,547.3,535,539,224980
2016-12-08,542.55,547.5,539.25,545,149828
2016-12-09,542.5,548.6,537.95,539.2,345420
2016-12-12,545.15,548,536.25,542.5,479540
2016-12-13,557,560,541.1,545.15,120777
2016-12-14,556.7,566.6,551.5,551.5,154630
2016-12-15,556.5,563.2,541,551.2,160434
2016-12-16,559.6,562,547.3,553.5,135451
2016-12-19,558.9,568,548,559.6,108694
2016-12-20,543.05,560.75,538.5,560,151222
2016-12-21,536.35,550.4,532.55,549.5,82494
2016-12-22,530.25,539,527.5,534,122361
2016-12-23,529.2,535,526.25,533,140800
2016-12-26,525.45,534.95,516.75,534.95,183333
2016-12-27,531.3,535.4,522,522,87924
2016-12-28,532.3,541.3,529.3,534.3,86633
2016-12-29,542.85,547.35,534.6,534.6,124122
2016-12-30,548.75,553.8,532,544.5,168589
2017-01-02,557.55,568,545.25,551,61775
2017-01-03,555,561.5,551,556.65,109407
2017-01-04,559.45,560.15,550.05,557.65,227416
2017-01-05,553.65,562.8,552,554,346446
2017-01-06,546.45,561,543.2,556.8,84924
2017-01-09,543.95,551.95,541.05,546.4,124487
2017-01-10,543.45,550,541,550,181870
2017-01-11,558.65,562,537.2,545.2,450076
2017-01-12,554.2,560,549.1,559.3,357171
2017-01-13,551.2,557.7,539.95,549,330610
2017-01-16,557.75,559.65,545.5,545.5,69034
2017-01-17,554.55,562.25,549.1,556.1,74469
2017-01-18,554.65,560,550.5,555,217823
2017-01-19,565.9,572.95,555.55,558,885847
2017-01-20,562.55,565.6,556,559.75,442882
2017-01-23,564.7,566.95,555,565.2,184885
2017-01-24,563.05,569.4,554,561.1,191940
2017-01-25,563.85,565.45,557.5,561,169972
2017-01-27,569.95,579,556.5,560.25,469643
2017-01-30,565.1,572.95,562.25,565,366738
2017-01-31,564.65,571.45,561,566,302364
2017-02-01,581.7,602.4,559.2,565.5,727196
2017-02-02,601.7,607.5,577,580,646551
2017-02-03,599.2,604.6,586.55,598.3,418168
2017-02-06,601.2,606.85,597.15,605,498232
2017-02-07,615.6,618.85,600.55,604.8,939252
2017-02-08,617.85,629,607.3,617.8,731923
2017-02-09,627.35,639,607.05,618,679725
2017-02-10,622.45,637,609.1,630,287407
2017-02-13,610.6,624,608,624,161018
2017-02-14,604.7,618,587,610.95,306445
2017-02-15,603.6,610.45,595,598,226201
2017-02-16,599.6,609,591,602.05,235988
2017-02-17,601.1,608.6,595,608.6,194149
2017-02-20,594.75,606.95,590,606.95,92000
2017-02-21,564.85,585,560,575.55,21755788
2017-02-22,572.6,574.7,565.2,567.7,704381
2017-02-23,578.25,579.85,567.7,572.6,541532
2017-02-27,567.15,575.2,562.6,573,453050
2017-02-28,563.6,583.95,561.1,577.15,715112
2017-03-01,563.65,568.7,554.4,568.7,665397
2017-03-02,563.8,569,560.5,564,671731
2017-03-03,561.7,567.55,555.15,562.35,346213
2017-03-06,556.7,566.3,554.1,561.2,171037
2017-03-07,552.4,558,550.05,555,144999
2017-03-08,542.8,556.35,539.5,552,326138
2017-03-09,536.55,545.7,512.3,541,1606744
2017-03-10,536.05,539,523.25,535,423916
2017-03-14,539.45,547,536.05,542,403156
2017-03-15,558.9,565.5,536,541.15,717300
2017-03-16,565.25,566.7,555.5,558.9,389961
2017-03-17,565.75,570.05,552.55,565.4,426539
2017-03-20,559.75,570,555.55,565.65,505338
2017-03-21,563.05,566.45,554.05,562.2,308541
2017-03-22,560,563,544.9,563,508633
2017-03-23,578.7,581.4,564,564.7,914853
2017-03-24,575.35,584,571.5,579,744934
2017-03-27,580.3,581.5,573.95,575.7,474641
2017-03-28,571.7,586.95,569,578.5,711182
2017-03-29,565.25,577.7,562.6,572,458324
2017-03-30,572.7,575,568,571,307182
2017-03-31,576.95,583.25,573.35,573.7,1109146
2017-04-03,567.7,579.6,563.35,577.65,786239
2017-04-05,595.55,606.2,560,569,2653585
2017-04-06,602.2,607,585,593.9,1029130
2017-04-07,633.4,653.6,600,600,3135493
2017-04-10,654.05,669,634.6,639,2953741
2017-04-11,652.45,675.95,645.65,656.9,1576610
2017-04-12,659.05,668.2,640.1,653,1058252
2017-04-13,655.85,668.5,651.55,659.85,539476
2017-04-17,659.25,666.05,648.25,655,326839
2017-04-18,644,666.35,635.25,660,650050
2017-04-19,654.5,658.9,636.65,642,577455
2017-04-20,650.95,666.6,647,655.7,460321
2017-04-21,631.1,643.9,625,630,3572489
2017-04-24,645.6,647.7,626,634.05,870839
2017-04-25,649.95,659,644.8,645,877291
2017-04-26,639.75,655.95,632.25,652,875683
2017-04-27,654.65,659,636.15,640.1,1307695
2017-04-28,655.9,669.35,651.25,655.1,918970
2017-05-02,655.15,661.85,647.05,656.3,337817
2017-05-03,643.1,655.15,638.65,649,664126
2017-05-04,639.45,648.05,637.35,644.8,273091
2017-05-05,618.2,641.75,609.35,639.45,441062
2017-05-08,629.05,632.1,606.65,615,481987
2017-05-09,626.9,634.5,624.25,630,228354
2017-05-10,643.15,647,626,626,464654
2017-05-11,653.05,659.7,639.05,642.5,609049
2017-05-12,645.95,654.95,642,652.5,230893
2017-05-15,676.7,680,644.95,645,953319
2017-05-16,673.6,683.95,663.75,680.9,511672
2017-05-17,671.1,682.55,666,671.95,360677
2017-05-18,652.95,673.5,649.65,668,560912
2017-05-19,641.2,661.55,627.65,657,394290
2017-05-22,633.75,649.95,625.5,649.95,366621
2017-05-23,621.5,635.2,608,634,473611
2017-05-24,569.8,619.6,541.3,619.05,4531639
2017-05-25,563.2,578.5,547.2,565,2204678
2017-05-26,562.1,576.8,558.85,567,1774859
2017-05-29,537.05,562.15,532.95,562,877968
2017-05-30,559.7,568.9,514,538,3273227
2017-05-31,583.7,589.05,558.05,565.25,4268084
2017-06-01,609.7,634.9,585.95,585.95,5168540
2017-06-02,619.75,627.35,608.9,613,1585033
2017-06-05,608.3,623.05,604.45,620,405546
2017-06-06,617.65,625.7,610,610,1932040
2017-06-07,614.1,623.5,610.55,618.45,284496
2017-06-08,620.75,630.5,597.25,620,1561392
2017-06-09,598.65,614.75,587.05,608.1,2412395
2017-06-12,580,598.85,568.85,598.85,1741219
2017-06-13,595.3,604.6,580.1,582.2,1925307
2017-06-14,595.75,599.9,585.85,597,740009
2017-06-15,590.55,602.75,588.5,594.7,1071132
2017-06-16,606.65,616,592.55,595,1051142
2017-06-19,610.15,618.35,605.95,610,538104
2017-06-20,614.9,620,606,610.5,623553
2017-06-21,615.95,621,603.7,610,428934
2017-06-22,602.15,626.95,591.85,616.05,1165386
2017-06-23,601.15,609.5,595.5,603.45,787387
2017-06-27,615.7,620.9,600.65,607.9,508332
2017-06-28,618.5,622,606.6,612.5,224862
2017-06-29,610.15,625,607.5,622,612194
2017-06-30,631.1,640.2,599.7,610,646040
2017-07-03,620.4,636.4,616.25,631.1,467353
2017-07-04,620.45,639.95,616.5,620.55,1355319
2017-07-05,597,625.5,593.45,624,1584225
2017-07-06,603.1,605.8,591.1,595.1,933264
2017-07-07,594.15,606.7,591,602,590544
2017-07-10,597.1,603.65,593,596.65,65629
2017-07-11,595.5,602,586.45,599.8,1060455
2017-07-12,593.55,599,588.9,592.25,367937
2017-07-13,582.9,600.95,581.65,594,805974
2017-07-14,599.55,603.15,567.4,567.4,1131546
2017-07-17,600.85,605.75,589,601.2,1222463
2017-07-18,591.1,597.15,575,575,1715508
2017-07-19,593.6,596,590,593.4,324287
2017-07-20,592.15,601.3,586.9,587.1,581142
2017-07-21,594.25,596.5,586.5,586.5,499467
2017-07-24,598.85,604.05,591,592,913806
2017-07-25,613.6,616.5,595,597,680133
2017-07-26,604.55,624,601.5,613.8,2451463
2017-07-27,602.5,614,600,602,940006
2017-07-28,604.05,609,597,603.95,866779
2017-07-31,609.45,619.4,588,600,1086247
2017-08-01,600.15,609,597.45,605.1,281593
2017-08-02,609.9,613,598,602,512960
2017-08-03,613.65,623.4,600.6,609,874519
2017-08-04,608.15,613.6,603.1,611.95,177052
2017-08-07,609.8,622.5,604,604,277226
2017-08-08,600,617.15,595.2,607,323007
2017-08-09,587.1,601.2,581,600,509047
2017-08-10,597.15,605.8,576.65,589.15,784012
2017-08-11,610.75,615,583.8,587.55,586357
2017-08-14,601.2,629.75,594.35,614.9,743862
2017-08-16,607.35,623.55,601.55,602.9,1008315
2017-08-17,599.95,614.75,596.2,614.75,694320
2017-08-18,596,601.65,590.2,597.6,330303
2017-08-21,596.9,602.85,590.25,596,669451
2017-08-22,601.4,605.9,591,593.05,594090
2017-08-23,606.2,608.4,597.2,601.4,314745
2017-08-24,601.25,609.1,598.75,602.6,469824
2017-08-28,605.5,608.7,596.65,602,383527
2017-08-29,599.6,606.55,597.1,603,359435
2017-08-30,599.7,605.65,596.7,599.9,674990
2017-08-31,601.55,606,597.85,600,575753
2017-09-01,610.45,612.6,597.1,602.95,556590
2017-09-04,604.25,613,599.85,613,279938
2017-09-05,602.5,608.95,598.9,604.1,283756
2017-09-06,596.25,610.85,594.1,602.5,420665
2017-09-07,599.2,607.5,595.55,596.9,627466
2017-09-08,600.5,605,597.15,599.6,461168
2017-09-11,599.8,606.6,598.65,603.05,373444
2017-09-12,596.8,602.2,595.7,599.95,660539
2017-09-13,593.75,603,592,596.8,575453
2017-09-14,599.75,601.5,593.7,594,527164
2017-09-15,615.75,629,600,601,3299237
2017-09-18,628.55,636,610.1,620,2364253
2017-09-19,646.55,652.9,627,627,2900241
2017-09-20,634.8,650.45,632.65,646.9,651926
2017-09-21,645.75,651.2,631,645,1772265
2017-09-22,633.75,646.7,631.2,643.3,1065572
2017-09-25,619.8,630,605.5,630,1569995
2017-09-26,606.15,616.95,602.95,616,624926
2017-09-27,587.8,608.35,584.2,607.25,541668
2017-09-28,583.9,598.55,580.25,589,804578
2017-09-29,590.9,610.3,582.95,586,1381868
2017-10-03,600,603.5,589.9,597,481839
2017-10-04,593.8,598.55,591.65,598,290457
2017-10-05,587.9,595.25,585,592.15,343040
2017-10-06,595.5,599.85,587.9,588,574361
2017-10-09,597.35,599.95,589.6,592.55,383055
2017-10-10,593.1,604,591.4,599.9,254762
2017-10-11,590.9,601.7,587,593.6,1515744
2017-10-12,591.45,596.55,590.05,592,225579
2017-10-13,584,596.15,581.4,592,498728
2017-10-16,580.05,589.2,567.25,584,597026
2017-10-17,575.75,594.8,573.1,580.7,1215791
2017-10-18,567.7,576.75,565.55,576,281749
2017-10-19,561.3,569.85,557.55,568.6,60241
2017-10-23,575.65,577.95,564.05,566.65,531612
2017-10-24,572.9,583,570.7,579,328474
2017-10-25,574.95,578,557.1,575,486498
2017-10-26,573.9,581.5,563.55,573.4,591087
2017-10-27,555,581.5,552.95,578.5,556260
2017-10-30,581.5,590.95,556.05,556.05,1094798
2017-10-31,587,593.5,575,583.5,470384
2017-11-01,578.55,590.05,572.85,587,315471
2017-11-02,581.2,587,573.55,575.5,339881
2017-11-03,569.5,585,567.5,584.2,416429
2017-11-06,567.25,574,562.25,569.5,318028
2017-11-07,551.8,567.6,546,567.5,814253
2017-11-08,544.7,558.5,540.95,558.5,545387
2017-11-09,550.55,555,543.65,547.5,418421
2017-11-10,556.2,565.9,547.95,550.55,502943
2017-11-13,562.4,572.5,550.2,560,1366453
2017-11-14,564.6,569.9,551.25,560,376777
2017-11-15,550.85,563.4,548.65,563.4,320045
2017-11-16,546.3,555.7,541.7,552,653440
2017-11-17,572.35,578.05,552,552.55,1121729
2017-11-20,565.3,571.05,563.1,567.6,363850
2017-11-21,575.65,587.5,563.6,564.9,948092
2017-11-22,585.55,588.65,576.3,577.9,712948
2017-11-23,566.8,573,561,573,845708
2017-11-24,562.45,573.5,560.55,568,369398
2017-11-27,565.15,569.15,560.1,568,161930
2017-11-28,556.15,568.1,552.8,565,183081
2017-11-29,552.15,558.8,550,555.5,263869
2017-11-30,547.95,559.9,542.1,555,886989
2017-12-01,547.15,555.45,545.85,548,296651
2017-12-04,546.5,552.95,533.1,547.5,616600
2017-12-05,544.25,548.1,533.6,541.35,628187
2017-12-06,529.75,544,525.6,542,938548
2017-12-07,542.35,543.85,520.15,530.75,730062
2017-12-08,552.3,555.9,538.3,541,1294024
2017-12-11,556.65,564.9,549.8,553.95,275495
2017-12-12,562.35,566.8,550.4,557,486752
2017-12-13,555.05,564.7,550.5,564.7,619000
2017-12-14,552.15,559.65,547.1,555.1,209353
2017-12-15,556.05,558.8,551,555,474667
2017-12-18,557.05,562,536,551.55,542639
2017-12-19,568.8,572.4,555.45,557.95,587174
2017-12-20,575.1,581.2,563.5,563.5,297519
2017-12-21,590.65,593.9,573.6,574,616437
2017-12-22,591.3,594.5,585.6,593,860958
2017-12-26,586.85,599.4,584.3,590,370398
2017-12-27,606.6,611.25,585.85,589.5,624439
2017-12-28,599.9,611.15,595.55,607,1684331
2017-12-29,592.5,606,583.85,601,594703
2018-01-01,597.05,601.35,587.45,590,273396
2018-01-02,584.6,604.75,581.2,596.5,1060073
2018-01-03,584.1,592.15,578.7,585,953859
2018-01-04,589.6,596.55,583.25,586.95,2120682
2018-01-05,588.9,592.15,583.25,590,613079
2018-01-08,588.5,598,585.6,588.9,480514
2018-01-09,584.65,593,581,590.05,274229
2018-01-10,574.45,581.65,563,580.1,844535
2018-01-11,574.95,578.55,573,575.4,587229
2018-01-12,569.5,578.9,560,575,506228
2018-01-15,556.8,575.5,554.35,568,769022
2018-01-16,559.35,566,552.1,556.2,493994
2018-01-17,555.7,565,548,559.35,323142
2018-01-18,549.65,559.95,542.1,559.9,504969
2018-01-19,548.4,558.3,545.05,550.85,434624
2018-01-22,544.35,556.15,542.5,546.25,443023
2018-01-23,540.9,550,537,545,666593
2018-01-24,520.7,542.65,515,537.6,1285099
2018-01-25,537.3,541.8,521.1,521.1,1305759
2018-01-29,523.75,539.8,522.15,536,494357
2018-01-30,527.75,533.65,517.6,523,1470772
2018-01-31,534.25,538.85,526.65,532.9,643910
2018-02-01,540.7,551.35,533.85,535,1539894
2018-02-02,544.65,557.35,528,537.5,621205
2018-02-05,530.55,540.65,524.1,540.65,340575
2018-02-06,525.95,533,508.5,510,763928
2018-02-07,515.35,534.8,512.9,526,745041
2018-02-08,519.25,526.75,510.15,515.8,295347
2018-02-09,528.35,535.9,513.2,518,950063
2018-02-12,524.45,539.3,516.65,528.35,370469
2018-02-14,518.05,531.1,515,528.4,338108
2018-02-15,518.45,523.2,513.15,517.7,596947
2018-02-16,500.75,522.35,486.1,521,1379325
2018-02-19,497,504.45,485.65,501.05,329677
2018-02-20,499.35,502.45,493,497,530226
2018-02-21,499.7,503.5,495.25,498.3,462360
2018-02-22,494.95,503.6,491.65,492.65,394421
2018-02-23,498,508.95,495.95,496,336370
2018-02-26,509,512,499.15,500.5,967784
2018-02-27,497.95,511.6,495,511.35,304603
2018-02-28,495.45,501.5,492.5,498,277015
2018-03-01,494.95,501,492.1,495.9,118748
2018-03-05,483.6,496.65,480,494.95,275625
2018-03-06,490.2,494,484.1,485,638482
2018-03-07,481,491.4,476,491.4,300971
2018-03-08,480.4,485.6,471.75,482.25,464055
2018-03-09,475.05,486,472.25,479.7,610258
2018-03-12,470,481.75,467,479,273159
2018-03-13,471.35,480,468.7,471.1,329312
2018-03-14,457.6,471,452.5,469,417607
2018-03-15,458.75,464.3,455,455,400308
2018-03-16,447.25,462.95,442.85,460,522399
2018-03-19,430.2,448.35,427.4,448.2,426381
2018-03-20,425.25,440.55,417.3,431,821143
2018-03-21,435.5,440.95,427.8,432,771180
2018-03-22,439.15,443.55,426,436.8,932912
2018-03-23,447.05,456.15,428,428,1489017
2018-03-26,456.65,465.6,443.1,448.5,810364
2018-03-27,465.5,469.6,455.05,455.95,610931
2018-03-28,453.45,467,448.5,467,1005153
2018-04-02,460.4,479,444.45,452.25,271056
2018-04-03,464.5,468.85,456.05,462,438736
2018-04-04,450.65,470.35,446,463,558536
2018-04-05,458.95,463.5,451.45,455,373812
2018-04-06,452.45,461.55,449.95,458.5,202784
2018-04-09,454.8,459,453.05,456.1,249405
2018-04-10,457.85,462.95,455.85,459.5,200750
2018-04-11,456.1,463.55,454.85,463.5,223031
2018-04-12,450.65,460.8,448.1,452,299270
2018-04-13,434.8,450.6,433,447,387024
2018-04-16,425.65,437.65,424,433,514265
2018-04-17,430.85,439.6,425.6,425.6,1424675
2018-04-18,436,440,427.3,434.1,320745
2018-04-19,448.65,454,428.3,437,870698
2018-04-20,478.65,498.1,448.9,449,3770258
2018-04-23,500.5,509,472,473.65,1886785
2018-04-24,522.4,526.4,498.5,504.25,2072523
2018-04-25,502.65,522,499.25,522,743566
2018-04-26,506.85,514.15,499.45,504,255777
2018-04-27,508.4,521.55,504.05,504.05,335538
2018-04-30,515.7,519.65,506.2,508.3,281017
2018-05-02,511.1,527.85,508.1,513.65,792661
2018-05-03,511.65,516,495,508,214887
2018-05-04,508.85,520,502.8,511.5,409092
2018-05-07,509.1,512.65,504,508.85,136588
2018-05-08,523.05,528.6,504.5,508.5,675124
2018-05-09,514,531.5,510.7,525,580302
2018-05-10,516.15,528,512.55,515.5,1311984
2018-05-11,515,522.35,510.85,518,384427
2018-05-14,498.85,515.3,492.75,515.3,250388
2018-05-15,502.2,508.45,492.3,493,278291
2018-05-16,489.8,501.25,485.75,498,289243
2018-05-17,488.3,490.4,478.05,485,490179
2018-05-18,488.15,491,478,487.5,503607
2018-05-21,460.6,492,456.35,492,318892
2018-05-22,474.6,478.4,459.65,463.2,202533
2018-05-23,466.25,490,463.7,473,407005
2018-05-24,459.35,472.45,457.4,469.9,184007
2018-05-25,474.2,476,457.2,459,689703
2018-05-28,473.6,487,459.55,483.9,837111
2018-05-29,475.1,479.75,471.3,473.6,724253
2018-05-30,483.65,485,468.45,474.3,623394
2018-05-31,490.1,493,479.3,485,1296191
2018-06-01,481.8,490.1,479.45,490,600393
2018-06-04,466,487.05,460.9,482.5,226665
2018-06-05,454.05,476.15,451.15,463.3,254095
2018-06-06,463.2,468.35,451.5,456,282371
2018-06-07,483.5,492,465.35,467.9,1486865
2018-06-08,475.8,486.75,471.3,477.6,293777
2018-06-11,481.95,485,474.45,480,251148
2018-06-12,488.55,505,482,485.85,2075164
2018-06-13,485.4,494.45,482.65,488.4,920227
2018-06-14,478.6,487,473.25,485.7,883322
2018-06-15,469.55,483.5,468,475.1,561412
2018-06-18,469.9,472.6,459.15,469.25,328395
2018-06-19,454.7,475.1,452.3,469.9,517611
2018-06-20,461,467.9,446,454,748772
2018-06-21,449.9,465,448.5,458.1,272277
2018-06-22,449.95,454.8,447.5,449.3,248822
2018-06-25,453.2,461.25,448.3,452.15,596721
2018-06-26,452.55,461,448.8,450.35,584845
2018-06-27,431.75,454.6,429,453.9,399935
2018-06-28,424.65,434.95,416.25,434.95,605488
2018-06-29,432.55,437.45,422.7,428.5,447873
2018-07-02,429.95,437.5,422,437,466097
2018-07-03,423.6,433.8,420.1,429.95,619346
2018-07-04,407.95,427,405.75,425,573764
2018-07-05,419.6,424.8,403.25,408.95,923363
2018-07-06,417,420.65,412.55,417.75,196802
2018-07-09,450.4,453.75,416.25,423,1560843
2018-07-10,457.05,461.4,443.1,450.5,851587
2018-07-11,459.25,467.85,451,451.3,743129
2018-07-12,455.75,478.8,454.65,457,870629
2018-07-13,444.55,456.95,438,456.95,584411
2018-07-16,428.35,444.9,423.55,444,315326
2018-07-17,444.45,447.8,425.15,428.6,622416
2018-07-18,433.85,450.4,428,443.9,203327
2018-07-19,440.35,446.9,429.55,432.05,309096
2018-07-20,456.75,462.45,437.9,440,689111
2018-07-23,453.7,460.3,449.05,456.3,238773
2018-07-24,467.85,473.45,448,448,559595
2018-07-25,459.9,472,457.55,471.5,400898
2018-07-26,471.5,475,458.5,458.5,900786
2018-07-27,495.25,499.5,470,470,2019329
2018-07-30,479.5,499.4,463.35,499.4,1223710
2018-07-31,497.2,498.5,474.5,476.5,772758
2018-08-01,506.05,513.85,498,499.7,1446403
2018-08-02,518.95,524.7,498.45,504.9,859516
2018-08-03,518.75,522,515.6,518.65,480603
2018-08-06,522.4,534,518,519.95,830310
2018-08-07,490.5,524,484.2,524,1151995
2018-08-08,498.7,508,490,490.1,592469
2018-08-09,500.6,509.5,498.55,501,346508
2018-08-10,487.05,512,485.15,500.6,566123
2018-08-13,481.2,488.9,477.25,486,331620
2018-08-14,467.5,484.35,456,480.05,541337
2018-08-16,464.75,474.25,460.15,466,302694
2018-08-17,463.75,471.1,461.2,465.95,209411
2018-08-20,482.95,484.95,465.3,468.25,453817
2018-08-21,482.9,487.95,474.5,481.95,342778
2018-08-23,476.1,493.5,473.25,484.3,445851
2018-08-24,469.7,479.25,464.2,475.4,254804
2018-08-27,480.35,497.45,465.8,473,370419
2018-08-28,484.5,493,477.55,483.95,622108
2018-08-29,472.35,490.65,470.5,487,222488
2018-08-30,463.8,479.55,460.1,475,563839
2018-08-31,448.05,470,447,464.05,642620
2018-09-03,448.2,458.35,446.15,451.25,266763
2018-09-04,442.15,452.65,439,448.7,364026
2018-09-05,441.25,447.65,430.3,444.55,535761
2018-09-06,450.25,455.3,441.45,443.5,655677
2018-09-07,473.45,479,449.1,450,503112
2018-09-10,504.65,519.35,472.5,483.5,4930798
2018-09-11,469.1,509.7,464.5,505.9,2787118
2018-09-12,471.55,475.45,461.35,470.4,877953
2018-09-14,491.4,497.8,456.2,473.55,1894425
2018-09-17,474.45,489.3,473,487.25,509493
2018-09-18,461.55,478,458.55,474.45,269258
2018-09-19,445.5,468.9,441.7,467,526361
2018-09-21,450.95,469.4,416,449,1346597
2018-09-24,448.4,457.6,436.8,450,384044
2018-09-25,446.45,456.2,426,446,476924
2018-09-26,443.15,465.25,437.5,449,650655
2018-09-27,419.05,446.45,416.4,446,805010
2018-09-28,408.3,428,400,423.05,842840
2018-10-01,400.75,416.8,386.5,405.5,817092
2018-10-03,392.65,405.85,370.55,403,2732381
2018-10-04,359.45,404.95,351.7,384,2768714
2018-10-05,359.35,366.95,353,360,850391
2018-10-08,365.7,378.45,354,356.15,1007570
2018-10-09,373.2,379.75,365.85,365.95,1229317
2018-10-10,379.05,385.95,372,380,926688
2018-10-11,367.35,378,350,350,900223
2018-10-12,372.2,381.45,368.25,372.45,947661
2018-10-15,370.65,379.5,355.05,377,846046
2018-10-16,392,395.6,372.4,372.4,849753
2018-10-17,384.95,402.3,381.65,392.55,532025
2018-10-19,389.95,392.4,367.55,372,553074
2018-10-22,364.4,399,361,394,366480
2018-10-23,378.2,383.75,356.8,362.55,708967
2018-10-24,382.65,386.2,365,378.2,605916
2018-10-25,372.95,379,368.3,370.6,818891
2018-10-26,366.75,377.65,361.7,372.95,415676
2018-10-29,378.4,380.05,363,368.3,261839
2018-10-30,367.05,381.9,364.3,381,397489
2018-10-31,377.2,378.95,353.8,363,1568182
2018-11-01,400.85,403.9,377.05,378,1168901
2018-11-02,407.15,411.7,390,401,1302592
2018-11-05,405.4,415.4,400.45,412,491188
2018-11-06,389.2,410,386.55,405.4,437002
2018-11-07,393.4,398.9,386.5,390,98859
2018-11-09,405.65,409.8,393.7,396,409260
2018-11-12,403.85,413,397.8,409.55,396026
2018-11-13,408.05,409.6,393.45,398.2,432434
2018-11-14,392.9,413,386.1,413,586788
2018-11-15,428.45,447.9,396,396,3060836
2018-11-16,420.5,433,413,427.6,650289
2018-11-19,437.55,444,421.5,421.8,752713
2018-11-20,430.45,437,422.3,437,792714
2018-11-21,429.2,435.9,416.75,426.7,772171
2018-11-22,424.6,439,420,438,891753
2018-11-26,414.55,429.35,411.45,424,412332
2018-11-27,424.9,429.7,417,417,309670
2018-11-28,430.05,444,425.5,427.55,573545
2018-11-29,447.25,452,425.6,433,952977
2018-11-30,447.3,451.5,433.55,450,505079
2018-12-03,438.05,451,435.85,451,292467
2018-12-04,434.25,446.45,426.55,439,936417
2018-12-05,432.95,445,419.65,435.9,873603
2018-12-06,428.45,441.95,423.45,426,1010350
2018-12-07,428,436.3,420.1,430.45,456698
2018-12-10,407.25,424.75,402.2,419,609486
2018-12-11,437,444,399.05,400.2,897872
2018-12-12,429.5,436.9,423.2,430.55,524117
2018-12-13,443.65,453.95,426,432,837471
2018-12-14,431.55,442.4,426.25,442.4,528282
2018-12-17,446.55,452.95,429.55,430,1127513
2018-12-18,440.95,451.95,439.1,442.1,571406
2018-12-19,440.35,445.95,437.05,443,1154615
2018-12-20,441.1,447,436.05,436.05,406479
2018-12-21,438.75,449.5,435.05,443.1,494336
2018-12-24,440.7,446,439,442.8,184198
2018-12-26,446.15,450,423,440,540968
2018-12-27,436.8,452,433.8,448,378724
2018-12-28,443.6,449,432.95,441,357482
2018-12-31,446,448.6,439.35,443.9,336246
2019-01-01,443.55,450.5,440.35,449.25,248423
2019-01-02,428.55,445.5,425.5,444,335661
2019-01-03,424,441,421.05,428.65,345873
2019-01-04,441.35,443.95,422.85,425,816429
2019-01-07,435.9,447.5,430.55,442.45,679511
2019-01-08,434.65,443,430.95,437.1,591298
2019-01-09,439.85,442.75,436.1,438,411019
2019-01-10,458.55,463.8,438.8,441,1454372
2019-01-11,454.75,464.7,451,459.2,924536
2019-01-14,448.25,457.35,442.15,450.9,395114
2019-01-15,460.5,464.95,449.05,449.1,656648
2019-01-16,452.65,463.8,451.15,463,319021
2019-01-17,457.2,462.5,454.8,455,376767
2019-01-18,457.15,461.75,452.05,456.05,201683
2019-01-21,438.95,457.6,436.25,456.1,420224
2019-01-22,436.2,444.95,431.15,433.7,496038
2019-01-23,438.95,442.35,429.7,438.4,251164
2019-01-24,441,447.1,432.3,436.55,225365
2019-01-25,429.4,446.7,425.55,443.75,268590
2019-01-28,400.15,425.55,390.95,425.55,1532629
2019-01-29,411.35,415,389.4,397.95,403191
2019-01-30,418.7,421.2,406.5,412,275829
2019-01-31,398.15,425,391.55,419.15,806267
2019-02-01,375.4,405.95,372,405.95,1056343
2019-02-04,371.05,379.95,362.4,374,581687
2019-02-05,368,376.05,360.9,371,648702
2019-02-06,374.95,378.9,361.1,365.05,1233258
2019-02-07,392.85,404.55,376.25,376.95,1263953
2019-02-08,396.2,406.05,381.75,392.85,726117
2019-02-11,377,398.05,370.75,397.7,912956
2019-02-12,392.1,396.1,370.05,372,869280
2019-02-13,384.65,399.75,382.2,391,677640
2019-02-14,386.5,395,376,376,409512
2019-02-15,387.15,392.4,383.55,392.4,358215
2019-02-18,389.65,392.05,382.35,391,258178
2019-02-19,385.4,395.9,380.1,391,380179
2019-02-20,395.8,400,384.35,388,329028
2019-02-21,407.6,410.95,394.65,396,1002202
2019-02-22,404.45,411.05,401.9,408.6,341532
2019-02-25,414.7,416.15,403.4,404.05,482590
2019-02-26,399.45,410,396,407,694538
2019-02-27,398.7,408.3,395.6,404.25,988441
2019-02-28,394.65,404,392.3,400,442861
2019-03-01,401.65,405.75,397.05,397.75,412459
2019-03-05,407.65,411.2,397.7,403,595112
2019-03-06,408.25,420.85,403.8,411.35,988792
2019-03-07,409.7,416,404.9,406.2,367651
2019-03-08,421.6,425.9,405.65,409.7,934674
2019-03-11,428.85,430.75,415.2,424,656864
2019-03-12,429.7,438.5,426.95,430,309489
2019-03-13,432.2,435.9,421.5,430.95,443209
2019-03-14,435.95,444.5,433.55,434.5,836971
2019-03-15,438.75,443.35,435.75,438.95,428908
2019-03-18,452.5,458.85,439.05,439.05,816770
2019-03-19,449.85,457,446.6,455.9,491626
2019-03-20,454.6,457,446.7,447.8,635607
2019-03-22,452.75,462.5,446.25,456,783751
2019-03-25,445.45,452.1,442.05,450,1048779
2019-03-26,436.95,448,434.5,445.45,548492
2019-03-27,448.55,451,437.75,438,1039172
2019-03-28,438.15,454.4,434.05,450,686819
2019-03-29,435.2,440.2,432.1,440,685088
2019-04-01,441.85,445,433.6,438.7,432103
2019-04-02,437.05,453.95,435,442.75,712770
2019-04-03,434.6,445,432,439,393413
2019-04-04,439.6,446.5,432.05,433.8,547091
2019-04-05,439.1,442.7,435.85,439.75,172985
2019-04-08,426.15,443,422.5,441,384320
2019-04-09,424.3,431,421.05,428.4,268462
2019-04-10,416,426.85,412.1,424,408469
2019-04-11,436.75,438.7,410.9,416.9,1343812
2019-04-12,437.8,441.15,434.45,437.9,610874
2019-04-15,435.35,440.9,432.4,439,245174
2019-04-16,434.9,440,428.6,435,308738
2019-04-18,442.85,474.5,436.95,446,2717148
2019-04-22,434.15,447.15,430.65,441.85,594547
2019-04-23,432.35,439.6,427.8,431,283646
2019-04-24,444,448.35,430.4,434.8,267635
2019-04-25,438.45,456.85,436.1,446.9,958348
2019-04-26,434.35,444.15,432.1,440,224303
2019-04-30,417.65,437.2,416.25,434,275649
2019-05-02,421.5,425,413.6,418.4,406394
2019-05-03,422.05,424.75,414,421.6,534425
2019-05-06,424.45,428.95,414.95,419.55,327906
2019-05-07,407.95,428,405.3,427.1,414315
2019-05-08,411.5,416.8,400.55,404.7,413369
2019-05-09,408.95,418.4,402.95,409.4,650341
2019-05-10,410.9,415,407.7,409,402368
2019-05-13,402.1,414,399.05,414,425589
2019-05-14,405.85,407.95,394.4,400.15,345418
2019-05-15,399.35,408.85,395.4,408,442364
2019-05-16,399.2,402.9,394.35,398.2,138604
2019-05-17,402.95,409.45,395.1,398.95,253457
2019-05-20,414.7,419.5,404.4,415,265950
2019-05-21,412.35,418.25,406.5,418.25,638859
2019-05-22,408.4,415.65,400.55,415.5,274223
2019-05-23,413.75,426.75,410.05,416.8,325278
2019-05-24,428.2,437,410.55,410.55,729074
2019-05-27,445.75,449,427.5,428.1,618269
2019-05-28,428.9,449.9,425.75,448.5,760632
2019-05-29,440.4,443.95,422.35,425,554814
2019-05-30,452.45,460,433.85,441,857318
2019-05-31,450.1,457.9,443.6,453.2,1339969
2019-06-03,448.2,464.4,444.65,453.9,1207906
2019-06-04,449.95,456.75,444.75,450.9,303243
2019-06-06,445.15,453.5,442,450.45,503297
2019-06-07,432,447.7,430.55,442.2,211016
2019-06-10,438.25,443.3,432,433.95,434544
2019-06-11,440.9,442.15,432.15,438.7,274108
2019-06-12,437.85,439.75,435,438.3,774583
2019-06-13,430.35,441.8,426.25,439,539732
2019-06-14,426.95,433.75,419.4,430,402469
2019-06-17,413.35,427,406.4,424.4,586449
2019-06-18,415.55,418.3,411.55,411.55,215557
2019-06-19,413.7,425.5,402.65,416,1017392
2019-06-20,421.4,423.5,413.7,413.7,487939
2019-06-21,420.5,423.3,407,419.85,589895
2019-06-24,419.15,424.65,415.55,419.7,213331
2019-06-25,425.2,429.5,415.95,418.55,148497
2019-06-26,430.4,432.6,422.75,423.55,344640
2019-06-27,420.65,430.4,417.45,430.4,741022
2019-06-28,407.95,422.7,406,417,623825
2019-07-01,404.45,411.3,401.55,409.45,900843
2019-07-02,411.05,413,403,405.3,318057
2019-07-03,419.6,421.45,409.1,409.1,391407
2019-07-04,415.25,422.2,412.45,420,840005
2019-07-05,416.2,427.5,411.45,414,960945
2019-07-08,400.45,416.5,398.7,412.55,315685
2019-07-09,417.15,419.25,400,401.1,438728
2019-07-10,410.5,418.25,406.4,414,258331
2019-07-11,407.8,415.4,406.15,412.55,88616
2019-07-12,418.5,441.85,408.5,408.5,1834262
2019-07-15,414,426.55,408,422.7,383450
2019-07-16,420.25,423.55,413.95,413.95,482208
2019-07-17,427.55,429.75,419.7,421,517674
2019-07-18,422.35,432.3,418.85,428,406018
2019-07-19,406.75,430,405,424.45,259005
2019-07-22,414.5,416,400.5,408.1,277851
2019-07-23,407.95,415.5,402.9,412.5,1635482
2019-07-24,408.3,417.5,406,406,585320
2019-07-25,414.15,420.9,406,406,428228
2019-07-26,424.85,426.85,414,414,375851
2019-07-29,415.8,427,409.55,426,594085
2019-07-30,412.95,424.55,410.7,417.9,494652
2019-07-31,417.2,418.45,403.75,412.1,260496
2019-08-01,406.45,420.5,402,417,472366
2019-08-02,414.3,418.9,402,402,2473931
2019-08-05,405.05,415.9,398.85,414,607117
2019-08-06,413.3,432.9,403.1,403.35,2504814
2019-08-07,394.6,421,383.6,418,1382172
2019-08-08,399.7,404.8,370.05,396.9,1723337
2019-08-09,400.4,404.5,394.2,400,766033
2019-08-13,396,405.95,393.15,399.5,425103
2019-08-14,406.95,410.6,395.05,397.9,680526
2019-08-16,419.65,423.75,397.4,407,877824
2019-08-19,418.95,424.7,414.6,421.3,309944
2019-08-20,440.2,443.5,412.3,419,1051709
2019-08-21,447.9,451.8,430.1,431.9,2217799
2019-08-22,439.55,454,435.35,443.4,1440299
2019-08-23,447.15,451,436,439,673179
2019-08-26,449.1,462.95,446.2,454.5,1671484
2019-08-27,439.2,459,435.85,456.2,1007310
2019-08-28,430.25,444.25,427.8,442,996349
2019-08-29,426.95,432.3,422.6,432.3,634887
2019-08-30,421.3,433.6,418,427,849142
2019-09-03,417.8,422,414,418,197296
2019-09-04,419,425,406,419,677045
2019-09-05,412.95,422.35,411,420,870234
2019-09-06,405.8,414.25,402,411.35,1911751
2019-09-09,398.55,406.3,396.1,403.8,1467866
2019-09-11,401.1,410,399.25,399.55,691150
2019-09-12,414.35,420,400,402.7,2801157
2019-09-13,407.15,418.35,404.55,415.4,929235
2019-09-16,407.65,416.8,405.6,407,731290
2019-09-17,403.4,410.9,402.65,409.2,538850
2019-09-18,404.5,410,402.35,404.95,360318
2019-09-19,399.35,407.75,393.05,402.9,894402
2019-09-20,399.65,420,395,399.35,2076508
2019-09-23,407.25,433.3,402.15,405,1418081
2019-09-24,415.1,421,406,409.75,566108
2019-09-25,415.95,420.9,412.15,414.8,584319
2019-09-26,415.3,419.9,411.05,417.95,340435
2019-09-27,430.85,435.5,412.4,417,996134
2019-09-30,426.8,437.15,420,433,829999
2019-10-01,420.65,430.6,411.4,428.9,362839
2019-10-03,418.6,428.3,414.1,417,374399
2019-10-04,405.15,422.25,403.7,419.4,462660
2019-10-07,409.1,412.75,398.15,406,470499
2019-10-09,415.65,417.75,405,410,232902
2019-10-10,407,418,402.55,415.65,447187
2019-10-11,409.3,413.6,402.95,407.95,212019
2019-10-14,411.95,416,405.9,409.55,285550
2019-10-15,408.85,422,406.3,409.05,524099
2019-10-16,405.05,417.1,396.8,407.5,1901490
2019-10-17,405.35,410.25,403.3,406.95,381723
2019-10-18,410.4,411.5,405.25,406,352631
2019-10-22,435.1,445.55,407.35,411.4,1260877
2019-10-23,423.6,435.05,416.1,432,1657648
2019-10-24,416.1,424.8,414.05,424.65,537823
2019-10-25,404.65,422.8,401.75,415,1012573
2019-10-28,412.65,414,406.25,408.6,44539
2019-10-29,414.25,418.5,412,412,579405
2019-10-30,411.25,419.7,405.6,417.8,704787
2019-10-31,406.15,413.6,403,412,981630
2019-11-01,403.6,410.4,402.75,407.95,527407
2019-11-04,431.95,443.9,404.5,405.45,2439720
2019-11-05,428.7,442.35,423.05,431,1942276
2019-11-06,438.7,443.45,423.65,428.5,1136020
2019-11-07,478.25,489.05,414.1,423.8,9028838
2019-11-08,482,497.15,465,474.85,5903904
2019-11-11,469.55,489.85,467.8,484.7,1508727
2019-11-13,472.35,482.85,457.35,469,2656610
2019-11-14,479.35,488,466.6,470,2253411
2019-11-15,476.45,486,473.45,480,1369781
2019-11-18,484.6,495,473,474,1711776
2019-11-19,488.1,494.8,479.25,487.6,1621918
2019-11-20,506.85,510.4,481.4,488.1,3070849
2019-11-21,507.1,521.1,500.25,509.1,2729272
2019-11-22,507.25,512.35,498.5,506.5,1259741
2019-11-25,511.45,516.6,506.9,509.5,837330
2019-11-26,507.1,512.3,499.7,511.45,1347475
2019-11-27,500,510,495.1,509,545911
2019-11-28,511.4,515.9,496.1,496.1,1468416
2019-11-29,504.9,517.2,502.7,510,767933
2019-12-02,506.1,519,500.35,506,988885
2019-12-03,526.85,529.3,504.65,507.8,2601191
2019-12-04,515.35,529.7,512,529.5,1677422
2019-12-05,527.3,533.4,495.95,510.2,1284514
2019-12-06,517.1,535,506.6,527,1320165
2019-12-09,518.7,525.9,513.9,517.1,755202
2019-12-10,508.4,524.9,504.4,520,1311291
2019-12-11,508.8,516.7,500.55,508.85,871701
2019-12-12,505.2,516,498.35,510.1,794198
2019-12-13,501.6,512,499.5,507.45,923299
2019-12-16,500.8,505.6,499,504.7,595208
2019-12-17,510.1,517.5,501.1,502.7,1833544
2019-12-18,533.15,541,503.5,510,3576058
2019-12-19,533.8,543.4,529.5,537.45,3158510
2019-12-20,534.6,536.25,528.5,533,1363129
2019-12-23,526.05,542,521.4,532.1,1440508
2019-12-24,527.25,532.25,522.6,525.65,1204229
2019-12-26,527.55,532,524.8,526.5,1028988
2019-12-27,529.95,539,524.05,526.15,1003061
2019-12-30,540.15,544.7,529,530,1667156
2019-12-31,534.45,542.85,533.35,540.15,520557
2020-01-01,542.2,545.95,535,537,1947334
2020-01-02,553.15,556,542.25,543,1282447
2020-01-03,564.05,567.7,547,550,2368674
2020-01-06,554.05,566.8,547.8,563.95,1534549
2020-01-07,559.4,563.05,554,554,1103885
2020-01-08,558.85,566.35,552.65,557,1172012
2020-01-09,505.3,568.2,468.75,562.5,21157560
2020-01-10,510.9,522.8,500,516,6147019
2020-01-13,509.65,520.4,508.4,513.45,1678732
2020-01-14,500.35,511.8,496.1,511.7,1660408
2020-01-15,510.95,514.15,493.05,501,2265439
2020-01-16,528.75,535.8,513.5,514.1,5532572
2020-01-17,524.05,537.9,518.2,537.9,4562374
2020-01-20,516.8,528.95,515,524.05,1324438
2020-01-21,524.35,527.35,510,515,1559439
2020-01-22,519.55,534.5,514.45,534.5,2172923
2020-01-23,518.3,524.35,515,519.55,898061
2020-01-24,527.05,533.5,519.25,520.6,2259819
2020-01-27,514.15,526.1,511.75,525,1149627
2020-01-28,511.95,518,506,514.95,1102932
2020-01-29,512.75,517.55,508.05,513,637947
2020-01-30,499.95,513,497,512.7,796091
2020-01-31,506.4,511.85,498,498,1672907
2020-02-03,477.1,486.8,440,442,6500205
2020-02-04,483.55,492.4,470,474.85,3753994
2020-02-05,483.7,492,475.35,481.55,1791289
2020-02-06,480.55,488,472,488,1841348
2020-02-07,479.65,490,476.75,478.5,923649
2020-02-10,478.2,482.6,473.25,482.6,403602
2020-02-11,482.6,486.2,477.2,480.5,414473
2020-02-12,491.55,512,482.8,482.8,3564722
2020-02-13,491.6,496.65,483.75,494.6,1252153
2020-02-14,486.95,494,481.6,494,749983
2020-02-17,491.95,496.15,475.45,486.95,1075322
2020-02-18,502.15,505.75,486.3,491.55,1809725
2020-02-19,516.75,523,501.35,502,1547819
2020-02-20,565,597.05,542,542,26621596
2020-02-24,592.2,609.65,548.3,554.9,16452997
2020-02-25,590.25,602,578.6,592.2,6316124
2020-02-26,588.15,593.6,581.8,586.95,2156219
2020-02-27,597.65,607.6,586.15,590,3245996
2020-02-28,577.3,595.75,570.6,591.75,4532180
2020-03-02,573.95,596.7,570.35,589,2742411
2020-03-03,591.4,594.15,575.1,575.1,2342889
2020-03-04,590.95,611.9,581.45,581.95,5590702
2020-03-05,605.2,610.55,590.55,597.8,2950492
2020-03-06,520.8,559.75,477,559.75,14305858
2020-03-09,500.2,507.5,475.25,480,5239734
2020-03-11,501.7,518.75,495,499.95,3169499
2020-03-12,444.35,487.5,440.1,485,1635846
2020-03-13,429.9,457.6,355.5,399.95,2788845
2020-03-16,401.15,423.4,390.3,401,1353701
2020-03-17,376.05,415.5,372.55,398,1052586
2020-03-18,357.35,382.45,350.25,380.3,2851414
2020-03-19,378.1,398.85,318.65,339,2769455
2020-03-20,407.75,414,369,374.3,1588783
2020-03-23,288.55,382.65,276.35,367,1152843
2020-03-24,303.2,326,278.65,317.4,1822240
2020-03-25,351.95,377.45,292.95,300.25,1704880
2020-03-26,423.2,439.9,345.1,352.3,2433318
2020-03-27,408.45,475.9,392.35,439.2,2360493
2020-03-30,397.85,411.6,385.2,385.2,1065922
2020-03-31,384.6,413.65,379.65,407.95,1706240
2020-04-01,382.4,401.9,375.3,380,936704
2020-04-03,333.85,375,326.65,373,2323689
2020-04-07,360.2,367.2,328.1,335,2791277
2020-04-08,355.2,396,351.5,354.9,1541128
2020-04-09,352.2,390.7,347.4,370,1825836
2020-04-13,350.95,368.9,347.15,355,1434385
2020-04-15,395.9,412.95,353,353,4990393
2020-04-16,426.7,435.45,387.05,393.05,5300471
2020-04-17,420.6,449,413.65,438,1816629
2020-04-20,442.2,455,418.6,423.2,1928444
2020-04-21,421.1,434,407.55,434,1479123
2020-04-22,439.5,446.35,411.35,420,1222948
2020-04-23,423.85,454.15,420,440,1573809
2020-04-24,420.15,432.75,400.55,415,1930567
2020-04-27,451.95,457.85,432.8,433,2576292
2020-04-28,477.15,492.75,430,460,13467202
2020-04-29,473,480,462.7,480,2262910
2020-04-30,469.8,489.85,460.25,477.9,2081814
2020-05-04,462.7,466.35,444,452.2,2091702
2020-05-05,452.6,472.1,450,465.9,1956312
2020-05-06,459.1,465.55,441.85,453.25,1925929
2020-05-07,442.7,470,438.7,461,1861769
2020-05-08,450.95,460.15,443.35,450.4,2586205
2020-05-11,441,471.35,438,459.35,1987234
2020-05-12,446.9,453.55,441,441,1376291
2020-05-13,450.45,461.6,443.05,459,1758308
2020-05-14,448.65,457,443.5,452.1,645891
2020-05-15,449.1,454,447,450,479335
2020-05-18,417.75,450.85,407.15,450,1933057
2020-05-19,425.85,438.95,418.5,420,1749717
2020-05-20,434.95,439,411.65,424.4,966310
2020-05-21,440.05,447.1,429.3,438,1004745
2020-05-22,429.25,438,424.2,435.55,989345
2020-05-26,438.2,443.9,421.35,431.3,987573
2020-05-27,443.7,448.7,413,427.35,3414848
2020-05-28,466.1,470.7,431,443.75,2271001
2020-05-29,480.35,491.35,451.4,467.4,1521799
2020-06-01,479.45,498.15,475,479.05,1211046
2020-06-02,462.45,486.9,456.9,483,2789434
2020-06-03,451.7,479.7,450,464,4002712
2020-06-04,460.8,473.45,452.3,452.3,2965249
2020-06-05,473.35,475,461.45,466.2,1005279
2020-06-08,476.8,487.8,474.3,481.25,1400015
2020-06-09,466.3,485.85,464.15,479,796727
2020-06-10,482.95,485.2,466,469.8,1124587
2020-06-11,476.05,493.9,467.95,484.95,1988750
2020-06-12,488.9,498,461.5,461.5,1650423
2020-06-15,475.55,491.3,471.45,489,1118019
2020-06-16,485.9,492,468.65,482,1057720
2020-06-17,490.15,505.95,479.4,480,2243431
2020-06-18,491.1,501,487.4,489.95,1210365
2020-06-19,503.8,515,489.3,491.1,1349689
2020-06-22,495.3,506.05,491.5,504,886169
2020-06-23,495.95,506,488.25,496,813829
2020-06-24,506.65,517.85,496.2,496.2,1190286
2020-06-25,536,548,499.1,504,3492641
2020-06-26,515.55,533,511.15,530,1417517
2020-06-29,516.3,522.25,496.3,515.55,954941
2020-06-30,542,554,517.15,524.2,1413320
2020-07-01,536.7,545,519,537.9,2414676
2020-07-02,545.45,549.3,525,544,825630
2020-07-03,554.95,562.35,535.6,541,931730
2020-07-06,559.95,566.95,555.6,561,1124970
2020-07-07,559.3,573.8,554.3,561,2324044
2020-07-08,547.1,560.35,545.1,560,984162
2020-07-09,560.1,565.3,547,547,953804
2020-07-10,561.75,576.8,553,568,1258066
2020-07-13,560.5,565.8,550.5,559,684025
2020-07-14,553.9,559.7,545.75,555,542930
2020-07-15,534.75,557.75,531.3,556.8,1643351
2020-07-16,580.9,587,529.15,537.4,3756264
2020-07-17,574.75,581.85,565,578,1255257
2020-07-20,569.15,580.65,562.4,580,713226
2020-07-21,568,577.85,560.15,572,604518
2020-07-22,565.9,594,548.55,570.8,1627702
2020-07-23,570.1,579.8,561.65,565,1053850
2020-07-24,561.45,582.3,557.3,568.3,1082561
2020-07-27,554.05,568.85,549.1,564.2,799614
2020-07-28,567.7,575.2,556.35,557.5,1385470
2020-07-29,562.3,573,558,569.8,496836
2020-07-30,562.6,577.5,546,567,1299113
2020-07-31,558.4,565.9,538.1,560.35,1056610
2020-08-03,542.9,560.6,540.1,559,443506
2020-08-04,538.6,549.8,530,545,1292009
2020-08-05,549.6,554.7,536,541.9,2879020
2020-08-06,539.35,548.4,536.2,545,1111594
2020-08-07,535.9,545,530,545,475324
2020-08-10,528.6,541.5,525.2,541.5,497388
2020-08-11,530.2,537.9,529.1,531.6,564583
2020-08-12,530.85,541,528.15,535,713101
2020-08-13,529.65,537.1,522.2,532,740907
2020-08-14,523.1,537.5,520.3,529.6,583006
2020-08-17,521.15,528.75,514.9,525,385587
2020-08-18,543.15,548.75,517.4,521.5,1175395
2020-08-19,540.1,553.85,536.45,548.6,842893
2020-08-20,537.1,543.9,532.05,538.95,331374
2020-08-21,557.35,569,535.35,541,3171005
2020-08-24,549.45,565,543.45,562,931876
2020-08-25,619.85,631.25,580,580,10808367
2020-08-26,618.6,637.95,607.15,620,3489202
2020-08-27,603.4,641.75,597.1,620,3812464
2020-08-28,598.1,612.05,587.7,609,2009912
2020-08-31,589.25,618.2,575.4,608.9,2107134
2020-09-01,603.25,609,575,587.1,2068412
2020-09-02,594.85,614,586.6,609,1666821
2020-09-03,615.55,626,589.1,590,2445132
2020-09-04,593.9,605.5,590.9,604.85,832780
2020-09-07,590.95,599.75,583.55,599,1145712
2020-09-08,584.6,604.1,579,590.95,1537355
2020-09-09,593.85,598,578.25,583,800168
2020-09-10,589.15,600.6,580.2,594.45,813471
2020-09-11,597.85,600.9,580.55,590,1060801
2020-09-14,620.3,631.9,605,605,2241135
2020-09-15,618.65,632.8,611.25,621,993214
2020-09-16,620.85,629.25,615,619.95,1052156
2020-09-17,621.4,626.3,606.5,620,1076561
2020-09-18,610.5,628,606.15,622.9,858384
2020-09-21,600.2,621.3,592.15,612.9,1027792
2020-09-22,594.9,609.8,588.05,599,5420363
2020-09-23,588.3,604.85,582.05,592.95,1600811
2020-09-24,579.8,589.35,567.3,588,1213281
2020-09-25,594.25,601.7,571.7,586.3,748956
2020-09-28,619.55,624.4,596,603.1,5211564
2020-09-29,605.9,629.65,601.1,622.7,912352
2020-09-30,612.2,617.6,597.4,610,1339794
2020-10-01,618.3,622.05,612.35,615,647748
2020-10-05,612.3,624.95,600,618,1457608
2020-10-06,621.4,645,610.1,611.1,3121100
2020-10-07,609.6,625.85,607.15,624.6,848567
2020-10-08,606.2,614.9,601,610,705696
2020-10-09,601.9,608.3,599.05,606,597376
2020-10-12,587.95,606,579.35,601.8,819211
2020-10-13,585.4,598.65,581.55,586.95,456278
2020-10-14,595.9,598,581.6,584.1,1251397
2020-10-15,579.75,607.35,573.1,597,1114052
2020-10-16,579.5,592.7,577.4,584.8,425934
2020-10-19,586.6,589.15,581.1,582.35,281483
2020-10-20,579.8,587.85,574.3,586.6,459920
2020-10-21,574.3,593,570.1,582,563696
2020-10-22,575.35,584.1,566.05,570,894289
2020-10-23,591.1,593.9,574.1,578,1280598
2020-10-26,575.25,590.3,568.5,590,512309
2020-10-27,578.6,584,570.1,574.9,1057794
2020-10-28,585.05,593.55,576.7,579.05,1394525
2020-10-29,590.4,595.5,573.05,584.9,996982
2020-10-30,590.55,601.85,583,589,1027049
2020-11-02,601.5,627,588.8,609.95,2465081
2020-11-03,602.65,613.45,601,605,432844
2020-11-04,613.85,617.35,600,604.6,561711
2020-11-05,619.15,630,611.1,617,2058081
2020-11-06,621.15,624,608,618.3,697624
2020-11-09,619.2,630.3,615.1,629.05,1035541
2020-11-10,612.55,623.2,609.55,617.75,850121
2020-11-11,612.9,617.1,604.5,612.6,1053440
2020-11-12,608.3,620,604.25,613.95,622682
2020-11-13,606.75,608.45,599,606.5,394546
2020-11-16,613.2,616.45,606.05,609.7,67263
2020-11-17,613.25,616.2,601.1,612,1686818
2020-11-18,619.3,631.15,612.15,612.15,3489685
2020-11-19,612.75,625.5,608.55,620,1521740
2020-11-20,618.1,623,611.5,613,808139
2020-11-23,633.25,647.9,618,621.1,2321068
2020-11-24,636.3,646.45,630.45,636.9,1732972
2020-11-25,630.05,646.5,628.4,643.8,1511323
2020-11-26,637.15,639.35,624.95,630.4,417909
2020-11-27,648.65,665,632.65,642,3440682
2020-12-01,640.1,653.4,632.8,653.4,1804684
2020-12-02,637.75,644.9,629.75,644.9,682736
2020-12-03,634.95,642,631.1,642,630462
2020-12-04,637.55,639.85,631,638,863619
2020-12-07,648.7,651,634.5,638,2478830
2020-12-08,637.1,652.4,630.35,652.05,1505324
2020-12-09,635.65,640,634,637.1,1144734
2020-12-10,638.55,646.4,632.1,638.05,2232621
2020-12-11,634.1,642.8,621.5,638.5,1699797
2020-12-14,636.9,641,626.3,632,2248707
2020-12-15,639.95,643,633.05,637.5,1449628
2020-12-16,641.4,656.5,635,640.85,3485380
2020-12-17,658.5,671.7,644.1,646.1,4399702
2020-12-18,648.25,663.45,644,651,2997018
2020-12-21,643.15,689.7,636,645,14312298
2020-12-22,641.85,655,623.8,647.9,2414877
2020-12-23,684,688.4,642.4,643,2950685
2020-12-24,682.3,697.5,672,686,2212430
2020-12-28,695.5,703,681.45,687.9,1737265
2020-12-29,680.3,697.55,679.05,694.55,1426651
2020-12-30,683.85,690.25,673,681.95,852229
2020-12-31,675.05,689.65,669.45,680,836482
2021-01-01,690.95,692.4,675,675,885106
2021-01-04,689.3,697.5,680.1,690.75,1100430
2021-01-05,701.5,705.8,679.05,686,1547797
2021-01-06,709.4,716.5,697.2,707.55,1966993
2021-01-07,723.85,733,697.4,711,2059439
2021-01-08,726.85,740.45,718,728,2251641
2021-01-11,715.25,733.35,710.1,728,1540749
2021-01-12,719.9,726.65,707.5,715.25,1014153
2021-01-13,717.2,734.5,708.2,723,973568
2021-01-14,720.15,725.9,713.3,716,1048756
2021-01-15,707.55,724.25,703.25,716,852193
2021-01-18,692.95,708.7,686.4,708,1361865
2021-01-19,712.5,722,694.2,700.3,1198671
2021-01-20,715.2,726,708.55,716,1013272
2021-01-21,704.7,751.8,694.65,730.5,2812779
2021-01-22,702.1,716.7,697,710,968159
2021-01-25,698.05,710,680.75,705.5,1431566
2021-01-27,682.1,702.5,673.3,695.5,1477397
2021-01-28,673.65,692.35,670,678,896352
2021-01-29,683,692.75,670.65,677,1065233
2021-02-01,704.9,714.15,659.1,689,3097002
2021-02-02,696.3,718.65,686.7,709.9,1294020
2021-02-03,700.65,706.7,692.3,698,625616
2021-02-04,718.95,724.75,695.5,701,960212
2021-02-05,715.8,727.4,705.7,725,800166
2021-02-08,728.95,736.9,715.15,718.05,771911
2021-02-09,738.05,750.8,718.35,730.9,2105126
2021-02-10,776.9,798.95,742.75,747.4,7208761
2021-02-11,817.75,831.65,777,778,3253359
2021-02-12,809.4,825.45,804,820,1208971
2021-02-15,818.8,847.8,812.95,812.95,1792460
2021-02-16,852.75,859.85,821.75,822.3,3555872
2021-02-17,868.1,885,840.15,852.75,4085783
2021-02-18,869.55,879.7,858.35,871.25,1402706
2021-02-19,838.7,870,829.05,867,1153212
2021-02-22,836.1,871.6,830,844,2165552
2021-02-23,850.15,861.95,839,839,2172253
2021-02-24,852.7,935.15,765.15,850,552560
2021-02-25,889.05,953.7,885.35,909.4,6832524
2021-02-26,866.1,883.7,855.5,877,1978817
2021-03-01,861.1,897.65,858.75,868,1695818
2021-03-02,892.95,906,868,868.9,2406331
2021-03-03,923.95,939.7,901.1,904,2547802
2021-03-04,915.55,929,905.15,915.25,834588
2021-03-05,917.75,943.1,910,911.95,1901448
2021-03-08,915.4,924.5,901.65,924.5,525304
2021-03-09,915.15,930,911.25,919,730126
2021-03-10,931.45,935.8,916.05,920,628524
2021-03-12,892.8,944.55,888.05,944.55,980640
2021-03-15,893.55,897.2,873.7,896.9,1193991
2021-03-16,875.9,907.05,870.05,896,735304
2021-03-17,862.4,877.9,851.95,877.9,764999
2021-03-18,862.6,885.4,855.45,865,874610
2021-03-19,859.95,867.05,845.2,853.2,2677566
2021-03-22,845.05,864.15,840.9,861,650232
2021-03-23,868.8,874.95,831.15,845.1,1129947
2021-03-24,843,877,839.7,862,737348
2021-03-25,846.65,857.95,832.9,843,720163
2021-03-26,863.9,884.15,848.4,865,1616319
2021-03-30,867.15,884.9,857.5,865,575841
2021-03-31,859.45,877.15,854.15,868.1,823746
2021-04-01,880.3,883.9,861.2,862.6,368923
2021-04-05,870.05,877,851.45,874.1,748683
2021-04-06,889.3,898,862.65,873.5,1355429
2021-04-07,889.9,902.95,884.05,894.95,740186
2021-04-08,893.85,909.75,888.45,891,734310
2021-04-09,886.15,903.6,878.15,886,516847
2021-04-12,849.3,876,838.15,875,516691
2021-04-13,874.15,876.5,846.3,853.8,293386
2021-04-15,876.45,881.8,852.25,875,426756
2021-04-16,872,893.9,869,880.8,498017
2021-04-19,858.2,864.1,845.65,864.1,356039
2021-04-20,848.4,883.55,843,865,395434
2021-04-22,854.35,859.45,834,841.6,395862
2021-04-23,863.6,868,853.65,859,502189
2021-04-26,881.85,891.2,856.6,867.4,728507
2021-04-27,891.15,898,880.55,886.2,576252
2021-04-28,919.5,931.65,891.15,891.15,660310
2021-04-29,914.55,929,912.45,925,253990
2021-04-30,895.9,919.7,890.25,915.4,669783
2021-05-03,895.1,904.35,881.5,898.9,506876
2021-05-04,896.7,921.2,890.3,900,310498
2021-05-05,889.55,907.25,875.25,899.15,496453
2021-05-06,931.45,951.3,891.05,892.9,1282486
2021-05-07,916.7,940.25,911,935,552454
2021-05-10,910.6,929.05,907.75,929,444429
2021-05-11,918.05,921.5,904.4,910.6,292451
2021-05-12,891.05,919,886,919,342530
2021-05-14,881.5,900,865.45,899.4,297331
2021-05-17,898.1,903.2,876.2,877.1,410173
2021-05-18,890.2,905.55,885.25,896.25,370695
2021-05-19,884.85,889.9,873,889.9,485493
2021-05-20,884.35,893.4,875.95,888,235681
2021-05-21,902.75,914.4,880.05,889,775770
2021-05-24,900.35,914.9,895.75,914.9,372196
2021-05-25,928.15,934,899.05,900,946774
2021-05-26,934.3,964.8,925.55,937.05,2346723
2021-05-27,943.1,958.75,926.45,934,1010666
2021-05-28,935.25,960,930.5,943,773149
2021-05-31,933.1,948.8,927.95,938.2,569105
2021-06-01,936.45,942.8,928.9,933.1,322947
2021-06-02,949.85,974.5,929.65,935,1279278
2021-06-03,959.05,964.95,943.7,953.4,321898
2021-06-04,958,986,952.1,967.85,1398765
2021-06-07,983.65,1002.5,958.3,961,1648479
2021-06-08,1014.4,1027.3,975.1,994.5,2804202
2021-06-09,997.45,1050,981,1039,4508624
2021-06-10,1027.95,1037.65,1009.4,1009.45,1856737
2021-06-11,1016.95,1043.7,1005.55,1030,1132051
2021-06-14,1000.6,1020.85,990.05,1020.85,983069
2021-06-15,1024.7,1028,1002,1010.2,870593
2021-06-16,1022.15,1044.05,1019,1024,1039422
2021-06-17,1005,1039.4,986.65,1003.1,9939255
2021-06-18,978.2,1017.5,968.5,1003,1624780
2021-06-21,1019.4,1025.6,963.45,975,1331678
2021-06-22,1004.25,1032.5,1002,1024.25,811505
2021-06-23,1015.55,1020,1000,1005,569191
2021-06-24,1027.45,1039.8,1010.1,1014,1006330
2021-06-25,1084.55,1090,1024.05,1029.3,2168927
2021-06-28,1079.6,1093.25,1063.6,1089,818595
2021-06-29,1079.5,1097.55,1070,1073,979696
2021-06-30,1060.4,1085,1057.35,1085,677206
2021-07-01,1050.6,1074.85,1046.8,1065.9,306853
2021-07-02,1034.85,1058.65,1032.4,1051,652655
2021-07-05,1031.25,1042.5,1014,1037.5,960748
2021-07-06,1040.15,1056.35,1032.15,1035,861383
2021-07-07,1051.45,1059.8,1037,1040.15,606530
2021-07-08,1048.75,1067.4,1040.8,1040.8,811327
2021-07-09,1077.25,1079.1,1036.85,1048.75,664999
2021-07-12,1071.9,1082.6,1064.1,1080,494502
2021-07-13,1078.85,1083,1055.15,1072,805173
2021-07-14,1074.45,1079,1064.2,1076.5,548232
2021-07-15,1058.75,1091,1054.35,1076,723207
2021-07-16,1064.5,1090,1058,1067.9,625948
2021-07-19,1065,1071.25,1047.1,1064.5,365562
2021-07-20,1047.75,1068.85,1035.1,1067.75,286154
2021-07-22,1056,1077,1047.85,1052.5,380240
2021-07-23,1081.5,1120,1058,1058,2125615
2021-07-26,1116.5,1125,1063,1078,888681
2021-07-27,1123.95,1145,1115,1127.65,1933936
2021-07-28,1114.8,1134.45,1108.8,1127.95,1346064
2021-07-29,1114.85,1148.05,1110.5,1118,1014364
2021-07-30,1122.1,1135,1106.15,1120.4,768829
2021-08-02,1103.25,1132.7,1099.8,1124.7,899835
2021-08-03,1124.7,1131,1087,1107,895538
2021-08-04,1108.5,1140,1104.15,1134.5,1582480
2021-08-05,1081.75,1110.9,1073.6,1110.9,706422
2021-08-06,1088.1,1108.35,1081,1084.7,493425
2021-08-09,1067.1,1100,1052.45,1089.9,385184
2021-08-10,1028.25,1092.4,1000,1076.75,1904182
2021-08-11,1061.95,1081.1,1010.25,1016.55,1802433
2021-08-12,1078.9,1109,1032.8,1057.8,1144931
2021-08-13,1078.6,1098.4,1066.45,1085.15,538719
2021-08-16,1054.5,1082.8,1048.25,1080,921559
2021-08-17,1077.4,1082.4,1044,1046.5,611438
2021-08-18,1066.8,1085,1059.3,1077,723108
2021-08-20,1036.4,1075.3,1032.05,1050,582652
2021-08-23,1041.05,1083,1034.3,1040.05,1301351
2021-08-24,1043.8,1056.65,1019.15,1052,1859658
2021-08-25,1021.35,1061.6,1017.05,1054.7,593752
2021-08-26,1024.45,1038.7,1013.35,1013.35,490524
2021-08-27,1019.8,1036.1,1009,1025,617699
2021-08-30,1063.3,1069.95,1016.5,1024.8,855063
2021-08-31,1088.15,1094,1059.3,1061,913776
2021-09-01,1074.1,1102.55,1070,1089,705333
2021-09-02,1086.8,1100.75,1043,1077.95,1051640
2021-09-03,1066.9,1099.3,1048,1092.5,859737
2021-09-06,1071.6,1090.95,1069.05,1070,738029
2021-09-07,1090.95,1112.65,1061.35,1076.95,1418888
2021-09-08,1089.6,1105,1074.25,1091,833192
2021-09-09,1085.35,1097,1075,1075,538913
2021-09-13,1094.9,1111.65,1070.5,1094,590667
2021-09-14,1093.7,1115.4,1088.1,1101,628172
2021-09-15,1130.85,1137,1093.95,1098.8,1122884
2021-09-16,1104.45,1136.45,1101,1128,473774
2021-09-17,1081.7,1122.75,1073,1114.1,3421832
2021-09-20,1048,1080.1,1041.95,1080.1,616108
2021-09-21,1046.35,1056.9,1028.75,1050,536055
2021-09-22,1039.2,1066,1035.1,1050,270710
2021-09-23,1041.2,1054.8,1022.85,1054.8,730906
2021-09-24,1045.25,1065,1041,1052,748894
2021-09-27,1030.05,1056.1,1019.25,1050,972222
2021-09-28,1003,1034.8,983.2,1026,937602
2021-09-29,1004.3,1008.65,982.05,986,1336616
2021-09-30,1014.3,1026,997.7,1009.6,785594
2021-10-01,1012.75,1024.45,993.75,1017.15,901962
2021-10-04,1019.35,1028.2,1010.5,1013.45,398371
2021-10-05,1015.2,1026.8,1004.7,1024,473749
2021-10-06,1020.85,1045.6,1013,1018,1305712
2021-10-07,1026.65,1038,1024.05,1025.95,273771
2021-10-08,998.9,1032.95,996.15,1032.95,524861
2021-10-11,994.95,1007.75,985.5,997,676703
2021-10-12,999.9,1014.9,992,999.85,885062
2021-10-13,993.65,1011,990.5,1000.8,562910
2021-10-14,988.25,998,982.5,996.9,817971
2021-10-18,1001.6,1016.3,992.6,994.05,514982
2021-10-19,981,1009.9,975.15,1009.9,1496561
2021-10-20,979.5,988,959.3,981,2492736
2021-10-21,980.1,992,966.4,984.35,953559
2021-10-22,977.05,1000.95,966.05,985,570015
2021-10-25,958.35,979.85,944.25,973,1185724
2021-10-26,975.9,993.9,954.65,956.5,1689758
2021-10-27,980.75,992.25,975.05,980,1451076
2021-10-28,980.25,993.15,974.3,980.75,637750
2021-10-29,973.6,989,956.15,970.2,367794
2021-11-01,989.65,996.15,973,973,438184
2021-11-02,983.7,992.95,980.45,990,396350
2021-11-03,980.05,991.8,965.55,987.5,578125
2021-11-04,979.75,988,972.65,988,16379
2021-11-08,1000.1,1009.4,979.75,981,412181
2021-11-09,1000.75,1013.9,992.55,1005.1,636700
2021-11-10,993.05,1026.5,975,1021,797294
2021-11-11,964.65,998.4,962.3,998,490633
2021-11-12,973.55,982.95,955.1,956.3,1248970
2021-11-15,964.9,987.4,960.5,980,318792
2021-11-16,959.3,975.85,954.1,964,429440
2021-11-17,948.6,958.85,944.85,952.8,762507
2021-11-18,949.9,957,937.1,946.95,603082
2021-11-22,923.55,952.45,915.3,950,750893
2021-11-23,946.25,953.7,910.5,913.75,618887
2021-11-24,940.9,962.75,937.85,950,478680
2021-11-25,954.95,958,935.15,942.9,233942
2021-11-26,942.1,961.1,933,950,466813
2021-11-29,937.65,951.8,910.25,932.3,439740
2021-11-30,940.25,958.75,926.25,932.85,462327
2021-12-01,968.4,975,944.3,944.95,552794
2021-12-02,965.35,970.65,958.75,969,196690
2021-12-03,974.1,984.9,960,960,254241
2021-12-06,955.05,988.8,941.55,975.95,1067454
2021-12-07,969.35,971.8,946.4,950,734868
2021-12-08,979.55,981.5,967.85,970,396861
2021-12-09,972.1,987.5,969.65,980,224791
2021-12-10,991.75,996.5,968.5,972.5,463657
2021-12-13,996.05,1000,990,997,228298
2021-12-14,996.05,999.5,982.05,995.05,326854
2021-12-15,979.4,1016,974.35,997,366013
2021-12-16,976.75,989,974.3,981,129556
2021-12-17,946.35,979.8,936,977,520367
2021-12-20,934.3,945.7,881,942.5,372744
2021-12-21,965.35,970,924,926,288349
2021-12-22,951.95,976,949.4,971,229254
2021-12-23,963.5,969.9,953.25,953.25,128365
2021-12-24,949.15,968.05,946.5,966,116245
2021-12-27,955.25,965.25,939.55,949.15,204449
2021-12-28,969.5,995,955.45,960.3,445626
2021-12-29,960.9,988.3,958,972,426693
2021-12-30,982.2,990,953.25,955,286433
2021-12-31,980.35,987.15,969.05,982.2,202398
2022-01-03,1017.35,1020.75,981.8,983,445918
2022-01-04,1027.15,1041.7,1010.1,1016,478153
2022-01-05,1013,1032.25,1006.1,1021,289439
2022-01-06,1016.1,1019.55,990,1004,571703
2022-01-07,1033.95,1036.95,997.85,1008,1113706
2022-01-10,1053.75,1072.65,1034.1,1041.8,1077013
2022-01-11,1068.8,1080.7,1046.15,1053,1185695
2022-01-12,1052.75,1068.8,1042.2,1066,302278
2022-01-13,1051,1057.6,1043.5,1055,362711
2022-01-14,1031.3,1059,1022,1054.1,605040
2022-01-17,1020,1035.7,1016.2,1031.3,347930
2022-01-18,1017.5,1038.55,1010.5,1029.1,476014
2022-01-19,995,1019.85,991.05,1018,360574
2022-01-20,972.1,1000,965.95,1000,679625
2022-01-21,933.25,971.9,928,971.9,1505922
2022-01-24,909.3,934,891.2,934,838522
2022-01-25,884.85,919.5,872.8,890,1198055
2022-01-27,894.3,903.8,862.7,885,865685
2022-01-28,913.4,945.45,895,909.6,639411
2022-01-31,952.15,955,890,907.55,1206887
2022-02-01,928.85,960.2,923.5,951,957544
2022-02-02,925.15,935.5,917,934,620013
2022-02-03,907.05,925,899,925,497782
2022-02-04,884.4,909.95,880.5,908,740569
2022-02-07,869.3,884.4,851.05,875,1157647
2022-02-08,858.85,881.25,855.3,865,398616
2022-02-09,879.15,880,861.95,863.95,384437
2022-02-10,878.3,885,858.15,879.5,1737453
2022-02-11,861.05,878.7,857.35,875,376602
2022-02-14,826.5,852.45,818.1,850,391509
2022-02-15,857.9,865,822.35,834,765084
2022-02-16,847.1,867.25,842.65,856,369426
2022-02-17,855.3,859,843,847.1,384621
2022-02-18,853.05,881.1,839.4,854.8,789572
2022-02-21,842.7,856,831.75,852,319346
2022-02-22,832.2,839.95,814.95,815,504251
2022-02-23,831.8,845.5,825.1,837.95,324587
2022-02-24,809.75,818.05,802,815,915583
2022-02-25,817.8,842.9,810.7,828,608971
2022-02-28,829.8,847.05,795.25,817.8,838877
2022-03-02,853.55,859,815.5,815.5,891755
2022-03-03,815.6,861.1,812.05,859,309571
2022-03-04,789.55,811.85,781.15,806,383707
2022-03-07,779.15,798.25,755.05,757,981210
2022-03-08,774.5,786.15,756,772.1,316217
2022-03-09,785,796.95,771,774.5,762769
2022-03-10,773.6,805.45,765.7,803,347901
2022-03-11,787.6,791.25,767.85,768,412172
2022-03-14,779.4,786,770.5,786,165085
2022-03-15,774.4,799.75,766.4,783,672260
2022-03-16,780.9,800,776.25,779.1,314597
2022-03-17,805.1,814.5,787.2,787.2,990944
2022-03-21,778.55,805,766.35,805,767844
2022-03-22,784.05,794,769.15,782.6,577994
2022-03-23,770,795,765,787.95,592082
2022-03-24,747.65,768.35,744.75,752.2,731750
2022-03-25,732.1,753.75,728.05,749,427695
2022-03-28,703.05,736,700,735.75,995173
2022-03-29,740,741.8,703.6,703.6,1551942
2022-03-30,744.2,749.9,738.7,745,1249036
2022-03-31,753.9,765,743.8,747.45,843788
2022-04-01,774.25,777,751.5,751.5,520790
2022-04-04,791.25,795.75,773.8,773.8,345275
2022-04-05,779.85,794.9,772.35,791.25,936951
2022-04-06,776.6,791,769,781,336563
2022-04-07,780.35,794,771,777.95,326773
2022-04-08,801.2,807.8,779.55,799,1425297
2022-04-11,795.7,806,793,805.4,533932
2022-04-12,774,795,760.95,795,1061845
2022-04-13,785.5,794,774.45,778.1,356022
2022-04-18,772.8,789.35,754.95,785.5,464281
2022-04-19,741.25,784,726,773.2,605000
2022-04-20,740.2,748.95,733.7,742.05,455199
2022-04-21,747.45,759.8,741.4,746,391800
2022-04-22,741,769,735,741.5,513725
2022-04-25,723.7,737.3,713.3,736.6,325619
2022-04-26,753.6,757,729,737.1,398383
2022-04-27,749.25,759.9,740.9,741,483162
2022-04-28,766.3,773.5,744.3,755,1022429
2022-04-29,757.6,779.4,750.9,766.35,366772
2022-05-02,734.6,750.75,732.3,750.7,271279
2022-05-04,717.9,747,713.85,739.4,400573
2022-05-05,730.05,733.95,719.2,719.2,193767
2022-05-06,710.4,726.95,701.75,723.4,246488
2022-05-09,707.55,713.95,696.5,704,236062
2022-05-10,702,718.15,698,700.25,245032
2022-05-11,721,743.95,711.9,711.9,1719079
2022-05-12,709.15,727,702.55,715,906187
2022-05-13,715.95,739.8,712.35,712.45,372416
2022-05-16,721.4,729.95,707.3,719.5,416465
2022-05-17,738.85,740.15,716,724,224095
2022-05-18,735.4,749,734.5,739.5,451173
2022-05-19,708.1,733.7,703.5,725,524489
2022-05-20,718.4,721.4,705.5,713.1,267874
2022-05-23,728.85,741.05,716.1,721,233312
2022-05-24,716.7,727.55,708.75,723.8,550301
2022-05-25,730.45,740,713.9,719.5,418916
2022-05-26,768.4,774.4,732,733.9,710118
2022-05-27,749.9,777,744,768.2,438254
2022-05-30,772.7,779.05,752.4,752.4,280795
2022-05-31,794.7,806,771.35,773.95,866654
2022-06-01,807.05,825,791.6,796,1170675
2022-06-02,810.1,811.75,794.45,804.95,398547
2022-06-03,801.55,819.1,797.75,815.65,328188
2022-06-06,813.05,817.6,791.3,794.3,293669
2022-06-07,810.9,814.2,802,809.35,310966
2022-06-08,825.4,832.95,805.65,810.9,904020
2022-06-09,829.55,831,815,822,176963
2022-06-10,829.4,831.55,822.05,826,289419
2022-06-13,814.65,825,791,825,325558
2022-06-14,808.6,820.9,796,796,243232
2022-06-15,822.2,826.6,808.2,808.2,291781
2022-06-16,797.75,832,793,826,480386
2022-06-17,784.6,802,780.75,795,402655
2022-06-20,787.7,799.35,772,779.05,391819
2022-06-21,813.65,819.2,787.05,787.05,308315
2022-06-22,801.1,814.45,795,811,422509
2022-06-23,800.6,823.75,798.9,800.5,536695
2022-06-24,818.3,823.7,803.1,812,216442
2022-06-27,821.25,835.95,814.5,825,984794
2022-06-28,815.55,824.5,803.75,814,381582
2022-06-29,777.85,824,765,814,877102
2022-06-30,782.35,789,770.8,771,292035
2022-07-01,803.35,808.4,772.15,782.35,320516
2022-07-04,807.95,814.7,791.25,798,438152
2022-07-05,807.55,821.4,802,807.95,245251
2022-07-06,824.4,826.95,802.2,802.2,455295
2022-07-07,860.15,863.5,815,830,1253606
2022-07-08,838.7,868.75,831,868.75,738345
2022-07-11,830.75,861.25,827.55,839.05,1184873
2022-07-12,835.2,840.05,820,831.4,334288
2022-07-13,826.55,844.2,822.25,844.2,249113
2022-07-14,834.5,839,821.5,826.55,534633
2022-07-15,837.55,840,829.3,838.9,322892
2022-07-18,848.7,852.8,839.45,844,460373
2022-07-19,831.05,850.95,828.1,850.95,485226
2022-07-20,835.65,844,824.65,843,505209
2022-07-21,840.45,846.25,834.45,835.65,217818
2022-07-22,846,853,838.8,845,348490
2022-07-25,850.5,852.95,840.6,846,284034
2022-07-26,813,858,810,854.75,488180
2022-07-27,819.35,829,807.05,811,461446
2022-07-28,826.45,830.55,818.75,828,429018
2022-07-29,860.25,878.5,829.1,830,891732
2022-08-01,874.6,885,848,858.1,739240
2022-08-02,848.8,869.35,838,856.05,806275
2022-08-03,828.4,848.8,812.3,848.8,480050
2022-08-04,822.55,833.65,815.3,828.6,288994
2022-08-05,820.7,829,815.5,829,933024
2022-08-08,794.9,823.8,790,823.8,460476
2022-08-10,779.5,795.8,774.05,792,322450
2022-08-11,783.1,786.2,767.5,785,396935
2022-08-12,793,796.65,775.05,785,270068
2022-08-16,816.3,822,797.7,798.8,481775
2022-08-17,837.95,854.7,817,819.95,702380
2022-08-18,834.55,844.15,828.4,834,170928
2022-08-19,814.75,840.25,808.35,835.5,333585
2022-08-22,801.1,820,798.35,810,332808
2022-08-23,799.2,819.15,795.15,798.5,460623
2022-08-24,803.55,806.2,788.15,802.05,320996
2022-08-25,810.55,819.5,807.05,808,250831
2022-08-26,804.45,839.15,801.5,822,713437
2022-08-29,809.05,822.3,789.9,804.5,609456
2022-08-30,824.3,825.95,808,813.3,391455
2022-09-01,822.9,837.7,815.05,820,363257
2022-09-02,815.2,831.15,812.75,825,153041
2022-09-05,804.1,826,801.55,816.55,196450
2022-09-06,800.2,811.9,788.45,804,285209
2022-09-07,812.7,814,795.05,799.9,269448
2022-09-08,806,823.3,802.4,816.8,232879
2022-09-09,796.35,814.55,793.5,810,212793
2022-09-12,786.95,804.95,784,799.9,603961
2022-09-13,795.75,804.85,785,790.9,1255244
2022-09-14,793.35,795.25,786,790,356413
2022-09-15,813,817,795.9,795.9,693203
2022-09-16,822.95,829.5,803.05,817,958531
2022-09-19,849.45,856.9,817.35,827.1,1444306
2022-09-20,823.4,855.95,785,854.25,741749
2022-09-21,809.15,828.95,805,822.9,402233
2022-09-22,809.95,811.95,796.55,807.8,241293
2022-09-23,781.65,816.45,773.3,812.7,341777
2022-09-26,772.25,781.4,761,773.8,771786
2022-09-27,768.6,783.7,755.55,776.15,511774
2022-09-28,753,768.15,750,762.5,414461
2022-09-29,769.85,779,750,756.5,337497
2022-09-30,762.6,773.1,752.5,771.8,311564
2022-10-03,753.4,769.45,749.5,765,203349
2022-10-04,767.45,769.95,759.2,759.2,115187
2022-10-06,769.95,774.55,759.85,770.2,750749
2022-10-07,771.3,777.95,761.55,770.1,204408
2022-10-10,758.2,771,755.6,755.6,342176
2022-10-11,750.8,761,744.35,761,711088
2022-10-12,746.7,754.55,735.6,752.1,211779
2022-10-13,739.5,751.6,729.45,747,237153
2022-10-14,714.45,759.6,665.55,745.65,7732708
2022-10-17,713.7,734.7,706,718,2632953
2022-10-18,724.85,732.95,706.05,715,1046655
2022-10-19,725.55,742.4,718.3,727,910394
2022-10-20,709.85,742.9,707.25,726.2,755839
2022-10-21,698.5,711.5,671.5,709.8,1504154
2022-10-24,698.8,709.9,692.2,702.2,30974
2022-10-25,681.3,703.3,676,702.25,362919
2022-10-27,677.45,683.5,667.8,683.5,586764
2022-10-28,701.7,703.8,678.1,678.1,902232
2022-10-31,708.05,717.4,701.7,705,367651
2022-11-01,717.4,720.05,703,710,587383
2022-11-02,721.5,723,711.55,714.65,513080
2022-11-03,720.2,731.6,711.55,719.85,338657
2022-11-04,712.15,722.45,707.35,722,852967
2022-11-07,712.6,715.75,707,715.75,197358
2022-11-09,698.05,713.15,691,713,507211
2022-11-10,680.05,696.25,673.15,694.8,487260
2022-11-11,689.6,695,676.4,683.5,552324
2022-11-14,674.4,693.05,671.5,693.05,611602
2022-11-15,675.6,681.95,667,674.4,563202
2022-11-16,655.7,679,651.8,679,734939
2022-11-17,650.05,653.9,640.35,651,1133541
2022-11-18,661.5,664.5,645.05,650,539822
2022-11-21,655.75,667.7,649.25,664,405331
2022-11-22,644.8,659.95,633,655,11063847
2022-11-23,642.65,648,625.2,625.2,2622303
2022-11-24,657.25,662.3,645.05,645.9,1055099
2022-11-25,665.75,672.95,657.25,657.25,815429
2022-11-28,684.4,703.4,681.15,685,3413847
2022-11-29,694.65,699.35,675.65,675.65,1045758
2022-11-30,705.6,709,684.75,691.9,1325991
2022-12-01,701.25,711.65,697.4,708,666464
2022-12-02,706.2,711,698.75,701.25,337560
2022-12-05,720.05,722,707.05,707.2,544781
2022-12-06,713.95,724.2,711.05,718.95,247590
2022-12-07,704.45,722.95,702,716.9,396776
2022-12-08,706.8,710.7,696.95,706,328723
2022-12-09,697.35,729.45,694.15,715,811324
2022-12-12,701.95,705,695.1,697,436489
2022-12-13,703.8,706.4,699.6,704,127675
2022-12-14,705.1,712.95,703.45,710,561476
2022-12-15,706.4,723.9,703.6,707,705686
2022-12-16,705,717.5,696,706.5,545185
2022-12-19,716.15,722.4,703.2,704.4,448496
2022-12-20,699.7,719,688.1,719,518782
2022-12-21,688.75,710.95,678.6,687.5,11835926
2022-12-22,689.3,700.15,683,691,763461
2022-12-23,671.3,691.5,666.35,685,843320
2022-12-26,683.9,686.95,664.1,670.5,593138
2022-12-27,680.85,690.3,678.05,683.95,781614
2022-12-28,672,684.8,670,678.6,628726
2022-12-29,678.9,681.05,656.45,672,658273
2022-12-30,677.5,684.25,674,679.1,626447
2023-01-02,683.55,686.4,673.9,680.9,319995
2023-01-03,709.75,712.5,677.7,681.65,1518204
2023-01-04,713.85,725.75,707.15,713.25,1623734
2023-01-05,735.4,741.9,712.6,717,2354166
2023-01-06,741.55,759.4,733.9,738,2342833
2023-01-09,740.05,750,728.15,750,1001593
2023-01-10,770.2,780,738.55,740.1,2419925
2023-01-11,798.55,808.45,764,772.4,3899944
2023-01-12,795.7,803.7,788.1,799.95,993474
2023-01-13,799.55,802.9,787.8,793.2,899698
2023-01-16,806.4,809,795.8,804.85,452537
2023-01-17,801.85,813.25,798.7,810,555618
2023-01-18,828.35,831,801.8,801.85,2994305
2023-01-19,839.55,841.8,826.05,828.45,1858595
2023-01-20,835.75,841.8,828.05,839.05,2046226
2023-01-23,843.35,848.55,828.65,830.75,2219900
2023-01-24,852.8,860.9,844.65,846,1615579
2023-01-25,853.85,874.4,845.05,852.8,1652856
2023-01-27,838.2,860.3,831.55,860.3,1628331
2023-01-30,834.55,845.7,831.15,832.5,1424294
2023-01-31,835.65,843.2,828.25,837.1,1018073
2023-02-01,752.95,861.85,710.3,845.15,6477722
2023-02-02,722,740,695,724.5,2387563
2023-02-03,719.35,728.45,705.2,721,379989
2023-02-06,710.5,723.75,695.45,717.95,495571
2023-02-07,714.2,724,702.6,714.05,516491
2023-02-08,757.1,761.1,712.5,714,1269644
2023-02-09,745.2,761.45,738.95,761.45,461973
2023-02-10,743.15,748.6,733.9,740.75,481220
2023-02-13,737.45,746.4,735.5,740,450397
2023-02-14,721.4,749.05,714.15,734.3,732412
2023-02-15,745.25,750.4,707.6,721,2192098
2023-02-16,738.85,748.45,734.3,743,1255310
2023-02-17,719.6,741.1,712.55,739.8,569516
2023-02-20,718.95,738.05,715,722,906050
2023-02-21,708.95,727.45,705.15,715.25,481588
2023-02-22,701.85,711.05,697.05,707.9,383338
2023-02-23,690.05,705.3,684.8,700,429537
2023-02-24,693.6,703.2,688.95,689.1,220883
2023-02-27,699.45,700.4,678.55,694,506675
2023-02-28,692.45,705.95,685.1,702.95,649099
2023-03-01,699.6,705.2,681.5,696,726959
2023-03-02,686.55,700.45,685.4,699.05,254457
2023-03-03,689.45,695.65,686.55,690,358713
2023-03-06,698.25,706,690.65,692.85,813084
2023-03-08,686.7,696.4,682.55,696.4,378117
2023-03-09,675,691.05,673.05,686.7,350927
2023-03-10,675.75,680.05,658.5,669,1100224
2023-03-13,647.3,681.65,645,674,1500442
2023-03-14,654.95,659,637.6,647.3,688132
2023-03-15,647.5,662.7,644.1,659.85,384522
2023-03-16,646.55,654.4,635.15,643.65,404928
2023-03-17,644.7,661.35,643.15,647.75,237203
2023-03-20,615.35,659.9,611.5,648,865281
2023-03-21,629.7,642.5,614.1,617.2,1767484
2023-03-22,646.4,672,635.1,644.9,3116755
2023-03-23,632.95,647.85,625.1,647.85,860438
2023-03-24,619.65,635.2,615.3,627.1,1408058
2023-03-27,622.05,631,617.7,619.65,440082
2023-03-28,608.95,625.25,604.65,622.5,514302
2023-03-29,627.5,631.9,607.7,608,647762
2023-03-31,635,636.8,625,635.35,318936
2023-04-03,634.35,641.6,624.4,634.95,282325
2023-04-05,618.9,645.95,617.4,636.95,989754
2023-04-06,634.05,636,614.25,617.4,1888842
2023-04-10,627.2,637.65,620.55,634.05,493750
2023-04-11,620.4,638.1,618.45,630.5,1858672
2023-04-12,620.05,636.4,617.35,623.45,1153448
2023-04-13,625.7,629.95,618.15,623.2,810144
2023-04-17,637.5,640,621.3,629,340781
2023-04-18,649.9,652,632.8,639.8,685032
2023-04-19,636.3,654.5,633.05,654.5,475360
2023-04-20,641.15,645,633.4,638.95,220461
2023-04-21,623.6,649.95,618.6,645,740218
2023-04-24,622.95,629.8,615.1,628.1,546645
2023-04-25,618.6,632.85,617,628,321757
2023-04-26,614.75,621.6,599.1,619.95,1339808
2023-04-27,620.65,622.9,609.75,614.65,389171
2023-04-28,639.75,642.7,620.65,622,917596
2023-05-02,648.85,650.7,630.5,646.45,822662
2023-05-03,638.75,653,635.1,648.95,499364
2023-05-04,652.2,655.05,637.15,639.6,1008138
2023-05-05,635.4,659.5,632.05,656.25,961327
2023-05-08,659.7,662.5,636,638.95,1216674
2023-05-09,667.95,673.95,660.2,660.2,1323325
2023-05-10,663.6,675,659,672.85,518020
2023-05-11,674.9,678.5,658.2,663.55,1248161
2023-05-12,657.25,679.8,654.1,678,472898
2023-05-15,671.9,676.6,635.75,650,821338
2023-05-16,681.6,689.9,673.55,677.35,2295738
2023-05-17,672.45,682.55,668.85,681,507708
2023-05-18,673.2,679.15,669.45,672.65,203980
2023-05-19,672.4,678.2,660.6,675.1,384627
2023-05-22,676.05,681,669.95,670.4,380634
2023-05-23,676.3,683,670.5,677.2,451535
2023-05-24,679.85,691,671.15,671.55,413569
2023-05-25,675.45,684.35,671.6,679.85,301771
2023-05-26,687,689,676.15,679,265811
2023-05-29,696.95,708.9,687.55,687.55,953527
2023-05-30,698.7,700,690.15,700,198839
2023-05-31,706.55,710.4,695.4,698,724020
2023-06-01,703.2,715.9,702,706.65,305604
2023-06-02,697.75,708.5,691.45,704.05,232627
2023-06-05,692.25,699.65,685.05,698,481437
2023-06-06,688.15,692,678.1,692,385198
2023-06-07,703.3,714.45,689.75,691.8,1021061
2023-06-08,703.75,712.6,695,703.3,357558
2023-06-09,686.2,709.25,684.4,709.25,458492
2023-06-12,684,695.95,681.3,689.8,250226
2023-06-13,679.2,690.45,677.3,685.1,468045
2023-06-14,675.05,683.05,673.3,682.8,173611
2023-06-15,671.35,679.5,668.3,675.45,377191
2023-06-16,690.1,697.7,670.1,670.1,1357468
2023-06-19,689.35,699.9,680.05,697.1,604369
2023-06-20,703.2,709.4,679.6,690.45,1212034
2023-06-21,738.9,755,708.1,708.8,4547225
2023-06-22,762.95,792.35,743.85,744.95,5787706
2023-06-23,747.4,782.45,744.15,765,2187413
2023-06-26,745.8,757.2,732,748,718629
2023-06-27,776.4,799,748.75,752.85,1190273
2023-06-28,797,809.45,782.7,787.4,3357557
2023-06-30,810.85,824.2,796.85,798.85,2013340
2023-07-03,806.05,813.4,801.5,813,576962
2023-07-04,795.9,811,789.1,808.7,592954
2023-07-05,808.05,815,792.2,796.6,697283
2023-07-06,805.9,814,800.45,809,351958
2023-07-07,802.2,815.95,794.1,804.85,449327
2023-07-10,809.35,814.2,799.4,803.5,377727
2023-07-11,819.2,828.7,812,812,1053155
2023-07-12,828.75,831.85,817.1,821.6,636578
2023-07-13,823.55,839,817.7,817.7,684328
2023-07-14,825.3,830.1,821.25,823.2,447922
2023-07-17,824.7,830.6,820.3,825,301631
2023-07-18,830,834.4,819.65,825.2,636629
2023-07-19,822.35,836,815.1,832.35,498146
2023-07-20,817.1,827.5,814,822.95,437119
2023-07-21,802.15,815.75,796.55,810.05,454381
2023-07-24,806.8,816.7,791.35,800.55,460286
2023-07-25,811.8,820.25,798.2,806.2,683449
2023-07-26,818.3,825,807,815,478449
2023-07-27,811.9,825.7,807.55,822.6,219985
2023-07-28,814.7,819.9,802.8,812,225261
2023-07-31,814.75,825.45,805.9,821.4,341740
2023-08-01,810.25,820,804.05,814.95,303642
2023-08-02,776.9,814.3,769.55,810.25,687041
2023-08-03,769.6,781.4,763,770,516206
2023-08-04,771.1,793.95,763.45,771.15,617380
2023-08-07,785.25,789,770.15,774.75,727771
2023-08-08,810.95,814,786.3,792.8,2070529
2023-08-09,789.7,816.85,785.15,816.45,662082
2023-08-10,855.1,886.55,821,821,11920054
2023-08-11,834.6,858.1,815,855.1,4649552
2023-08-14,845.75,852.8,821.05,834.6,1303638
2023-08-16,857.9,860.65,834,840,848420
2023-08-17,858.25,869.8,850.1,857.9,780021
2023-08-18,871.5,876.5,850.7,859.45,1743361
2023-08-21,873.35,879.65,866.7,874.4,736696
2023-08-22,883.75,898.6,866,875,1538573
2023-08-23,881.5,889.15,858.6,884,1342683
2023-08-24,904.35,939,900,920,5815614
2023-08-25,906.5,921.95,895.3,910.85,1685240
2023-08-28,927.55,932,886.7,910.35,1421527
2023-08-29,929.95,936.9,922.9,932,930921
2023-08-30,934.25,945,929.8,934,891152
2023-08-31,933.7,943.85,903.35,943.85,1648909
2023-09-01,937.25,945,925.2,937.45,651761
2023-09-04,921.65,940.35,916.25,938.05,1181458
2023-09-05,920.35,934,916.35,920.05,1479612
2023-09-06,932.45,937.15,897.05,924,279465
2023-09-07,937.65,952.2,929,934.75,786475
2023-09-08,935.5,950.7,927.65,937.65,1323618
2023-09-11,954.3,961,937.5,941.9,655400
2023-09-12,929.35,958.75,912.3,958,712172
2023-09-13,934.35,942.45,913.1,921,636106
2023-09-14,939,950,932.25,934.35,448564
2023-09-15,935.25,947.1,931.7,943,1000139
2023-09-18,939.65,947.9,933.5,935.95,299707
2023-09-20,934.55,946.65,930.55,935.1,614781
2023-09-21,927.1,939.15,922.5,930.55,359291
2023-09-22,918.3,936.55,910.25,928.9,572229
2023-09-25,916.4,921.9,907.5,915,949684
2023-09-26,913.9,926,908.65,917.35,263949
2023-09-27,918.95,922.7,909.05,912.5,1097268
2023-09-28,906.25,927.5,900,923.8,487717
2023-09-29,909.75,916,906.3,911,497749
2023-10-03,894.5,914.25,891,909.75,771592
2023-10-04,884.3,897.95,872.95,897,490098
2023-10-05,911.9,918.9,885.55,888.7,1252302
2023-10-06,917.65,923.95,913.25,919.85,384015
2023-10-09,896.35,915,892.55,909.3,400292
2023-10-10,893.85,906.25,887.4,900.05,1146038
2023-10-11,909.65,916.05,896.95,898.6,1242557
2023-10-12,920.3,923.95,904.2,912.7,1093149
2023-10-13,915.9,928.35,912,921.75,416980
2023-10-16,922.25,923.5,908,915.9,849725
2023-10-17,937.55,941.4,915,925,717689
2023-10-18,929.6,940.45,923,940.45,519283
2023-10-19,938.9,947.55,913.5,924.05,963903
2023-10-20,927.4,943.55,922.3,933.3,1229294
2023-10-23,890.15,927.55,879.5,927.5,507507
2023-10-25,884.9,897.9,877.55,890,1062548
2023-10-26,886.9,890.9,862.95,875.9,693694
2023-10-27,905,912.9,891.3,891.3,290529
2023-10-30,923.15,926.95,896.25,909.5,764331
2023-10-31,914.1,933.4,911.45,924.95,311956
2023-11-01,883.8,923,872.25,919.45,3656404
2023-11-02,879,907.7,876.55,888,762778
2023-11-03,890.6,895.05,869.05,885,632192
2023-11-06,905.25,908.2,891.1,895.3,325621
2023-11-07,914.15,915,902,906.9,491385
2023-11-08,935.85,940.65,913.05,914.15,1078022
2023-11-09,929.25,940.15,921.25,940.15,629265
2023-11-10,936.9,940,918.65,928.6,389872
2023-11-13,917.95,939.2,915,939.2,395638
2023-11-15,940.65,945.8,918.35,922.8,809612
2023-11-16,926.7,945.35,910.4,942.65,749315
2023-11-17,951.85,969.25,922.9,926.7,2185294
2023-11-20,949.25,953.4,938.25,950,744185
2023-11-21,979.25,989.15,949.25,949.25,2003231
2023-11-22,973.65,985.85,958.65,985,747364
2023-11-23,973.3,984.8,967.35,979.3,341100
2023-11-24,969.35,980.9,958.1,978.4,548728
2023-11-28,1005.3,1014.95,969.35,974.65,2072808
2023-11-29,1014.35,1019.45,1000.1,1015,714321
2023-11-30,1019.2,1025.25,1007,1018.8,740938
2023-12-01,1020.3,1024.6,1011.3,1022,1105208
2023-12-04,1023.35,1031.95,1004,1030,547378
2023-12-05,1022.65,1044,1018.55,1032.9,895023
2023-12-06,1022.45,1030.9,1011.85,1027.75,732286
2023-12-07,1031.85,1036.15,1008.95,1022.4,595111
2023-12-08,1035.8,1039.95,1026.05,1036,389168
2023-12-11,1036.7,1040.95,1029.55,1035,197580
2023-12-12,1047.05,1051.8,1034,1040.95,724081
2023-12-13,1056.85,1062,1041.2,1052.95,715080
2023-12-14,1018.3,1067.5,1011,1067.5,1443043
2023-12-15,973.9,1029.2,968.75,1025,2900846
2023-12-18,973.15,981.5,961.55,973.9,449545
2023-12-19,963,978.3,961.1,974.5,332211
2023-12-20,933.15,978,925.05,964.9,522155
2023-12-21,939.1,946.45,921.4,926,246114
2023-12-22,939.35,949.8,929.7,942.9,294691
2023-12-26,930.15,944,924.05,938,920495
2023-12-27,955.7,959.65,934,936,488366
2023-12-28,951.2,965.45,939,961.6,455260
2023-12-29,954.3,963.2,945.5,953,287071
2024-01-01,955.2,963.4,950.1,957.2,180805
2024-01-02,932.2,959.95,929.45,959.95,554096
2024-01-03,933.05,939.7,926.05,932.2,362277
2024-01-04,939.7,943.4,935.8,938,389609
2024-01-05,948.15,950,938.15,943.7,1545793
2024-01-08,911.1,955,908.5,949.8,614056
2024-01-09,946.65,950,915.15,915.9,1693838
2024-01-10,930.35,954.35,923.5,948.05,252569
2024-01-11,949.65,952.95,928.35,928.35,1563751
2024-01-12,937.7,952.5,931.2,951,573359
2024-01-15,927.65,947.7,916.25,947.7,754441
2024-01-16,918.85,935.1,914.95,930.2,420936
2024-01-17,927.95,947.25,914,915.8,1348443
2024-01-18,898.95,912.5,891.2,906.05,1126585
2024-01-19,905.7,910,898.95,905,757902
2024-01-22,889.15,915.2,885.1,911.05,301224
2024-01-23,865,893.4,862.25,890,972024
2024-01-24,893.2,895.8,864,869.6,762200
2024-01-25,878.2,896.65,870.7,890.05,437094
2024-01-29,901.8,905.55,870,879.95,1004778
2024-01-30,876.1,905,874.2,905,978239
2024-01-31,890.3,894.55,854.25,880,2901717
2024-02-01,900.45,907.85,872.15,890.35,1187926
2024-02-02,887.55,902.7,882.25,902,564052
2024-02-05,871.2,900,866.7,888,570208
2024-02-06,913,918,861.75,875.55,1839099
2024-02-07,960.25,970.5,920,932,7019769
2024-02-08,996,1005.9,961.9,961.9,3337092
2024-02-09,987.35,1005.2,973.65,992.05,989168
2024-02-12,962.15,985.5,954.25,985.5,494478
2024-02-13,979.25,984.5,949.9,966.3,867305
2024-02-14,968.6,976,946.35,973.4,957267
2024-02-15,949.25,983.4,938.7,976,1289969
2024-02-16,972.05,989.2,945.95,954.2,1525067
2024-02-19,979.85,984.85,961.95,977.2,554934
2024-02-20,964.8,984.95,957.05,965,414540
2024-02-21,953.1,970.5,949.8,966,425358
2024-02-22,950.35,958.1,941.3,958.1,572167
2024-02-23,930.2,953.2,920.7,953.2,1024950
2024-02-26,925.25,938,920,929.5,851672
2024-02-27,935.4,942,913.05,922.3,1175846
2024-02-28,964.35,979.95,941.5,945,3335190
2024-02-29,969.7,978.9,958.6,964.45,1641805
2024-03-01,968.45,977.7,955.7,963.95,594819
2024-03-04,1000.6,1005.1,959.25,973.2,1164390
2024-03-05,978.5,1004,975.9,1004,620347
2024-03-06,980.55,984.1,962.4,979.9,462045
2024-03-07,978.4,992,975.25,985.7,972665
2024-03-11,991.55,1010,982.75,995,1256809
2024-03-12,979.4,995,968.35,993.45,577139
2024-03-13,951.95,1000,945.75,990,1264419
2024-03-14,960.55,984,930.85,950.6,1494019
2024-03-15,962.75,994,952.9,972.5,2154818
2024-03-18,955.25,961,935.5,961,630906
2024-03-19,961.5,967.05,947.65,954.2,1395397
2024-03-20,944.25,971.95,939.55,966.6,889215
2024-03-21,952,965,943.1,946.6,1244775
2024-03-22,944.05,956.75,932,956.75,691009
2024-03-26,987.75,1010,974.05,985,4885903
2024-03-27,1015.8,1021,976.75,981.95,2108851
2024-03-28,1002.2,1027.4,999,1024.6,1220800
2024-04-01,1017.65,1022.75,1001.5,1007.45,426625
2024-04-02,1014.1,1036,1010.3,1025,655902
2024-04-03,1007,1015,992,1014,592100
2024-04-04,1022.8,1039.65,996.65,1024.95,993545
2024-04-05,1014.6,1026.95,1008.05,1020,626816
2024-04-08,1036.65,1043.55,1016.15,1020,815714
2024-04-09,1034.1,1046.25,1025.3,1045,164683
2024-04-10,1044.8,1047.35,1029.1,1034,422479
2024-04-12,1034.25,1056.2,1005,1043.5,672399
2024-04-15,1023.05,1031.95,1000,1027.35,588216
2024-04-16,1001.8,1028,999.25,1015,1161258
2024-04-18,1005.15,1035,1002.15,1009.95,482242
2024-04-19,1021.6,1032.35,988.3,1005.05,1123130
2024-04-22,1060.3,1063.1,1018.85,1032,2112037
2024-04-23,1058.9,1092,1046.25,1072.5,3824095
2024-04-24,1030.75,1065,1026.4,1065,2120357
2024-04-25,1017.75,1038.45,998.15,1037.95,1914169
2024-04-26,998.85,1024.2,995.15,1017.75,757025
2024-04-29,975.85,1002.3,972,1002.3,1655438
2024-04-30,1010.9,1019.6,969.05,983.95,1710267
2024-05-02,1023.85,1038.35,1012,1021.1,1049815
2024-05-03,1001.65,1032,998,1023.85,1005079
2024-05-06,987.85,1011.7,980,1011.7,505893
2024-05-07,969.65,996.6,966,991.35,690893
2024-05-08,982.8,1005.9,967.65,973.6,3587353
2024-05-09,962.7,983.95,952.35,982.8,1048835
2024-05-10,976.1,996.7,954.5,980,1307701
2024-05-13,966.7,977.85,956.1,977.85,851218
2024-05-14,976.15,983.7,960.15,965.75,2331789
2024-05-15,1000.5,1002.7,978,978.05,942181
2024-05-16,1000.7,1005,992.5,1000.05,919024
2024-05-17,1020.15,1025,991.6,991.6,654800
2024-05-20,1024.8,1030,1001.05,1025,32164
2024-05-21,1004.05,1028,996.4,1028,463442
2024-05-22,977.95,1009.25,966,1009.25,1077832
2024-05-23,960.9,983.6,947.95,981.65,1148256
2024-05-24,963.65,971.7,952.55,966,914854
2024-05-27,957.75,972.45,951.25,965,456231
2024-05-28,979.05,995.8,950.6,957.7,2504134
2024-05-29,971.75,984.2,963.1,980,1551773
2024-05-30,926.7,973,916.85,973,1833517
2024-05-31,918.15,933.3,909.15,925,1139664
2024-06-03,937.35,944.35,924.85,935,819395
2024-06-04,902.6,934.9,864,925,2635250
2024-06-05,926.25,938.6,899.45,905,1066481
2024-06-06,927.2,939,924.05,927.55,1174484
2024-06-07,936.85,947.3,919.7,932.1,826457
2024-06-10,954,959.6,933,939,1205869
2024-06-11,953.6,966,945.55,953.55,672875
2024-06-12,964.7,966.2,945.3,953.6,456795
2024-06-13,987.8,995,940.15,949.95,3054699
2024-06-14,993.5,999.65,983.3,996,1017821
2024-06-18,990.7,998.7,979,993.5,1167291
2024-06-19,987.95,997.95,976.45,995,566029
2024-06-20,987.35,1004.9,983.5,995.05,597561
2024-06-21,989.25,1000.8,983.7,989.85,921849
2024-06-24,988,992.9,975.55,988.5,815545
2024-06-25,979.65,990.7,969,988.2,512230
2024-06-26,971.7,986,968.85,979.65,810551
2024-06-27,972.1,983.3,966.65,967.1,907462
2024-06-28,971.7,980,966.95,972,929770
2024-07-01,995.7,1000.9,971.5,972.8,2095006
2024-07-02,980.4,997.65,967.7,994.75,1006320
2024-07-03,996.95,1000,980.25,983.6,676259
2024-07-04,1002.45,1023.75,999.65,1005,1039890
2024-07-05,996.1,1008.5,991.1,1007,268424
2024-07-08,992.85,1006.7,989.1,1002,568553
2024-07-09,1013.4,1017.85,988.15,992.85,1063480
2024-07-10,1037.75,1044,989,1019.8,1714076
2024-07-11,1032.75,1044.15,1029,1039.85,666819
2024-07-12,1018.25,1039.35,1012.45,1032.8,253573
2024-07-15,1038.05,1049.45,1005.95,1020,1183665
2024-07-16,1039.45,1047.4,1022.5,1047,1422466
2024-07-18,1038.6,1041.75,1016.45,1040,1002503
2024-07-19,1013.3,1038.95,1006.6,1038.95,366541
2024-07-22,1026.1,1030,999.75,1010.25,389615
2024-07-23,1031.7,1042.2,995,1026.45,570999
2024-07-24,1094,1098,1026.2,1036,2545173
2024-07-25,1097.05,1100,1078.75,1090.05,913036
2024-07-26,1108.25,1132.5,1095.45,1100,1015488
2024-07-29,1097.6,1124.5,1095.65,1114.95,419966
2024-07-30,1087.7,1101.3,1083.7,1094,173219
2024-07-31,1112,1119.35,1083.35,1087.7,380706
2024-08-01,1103.05,1122,1095.85,1119,497579
2024-08-02,1105.1,1111.6,1081.75,1097,336371
2024-08-05,1068.65,1092.15,1059.3,1059.3,576475
2024-08-06,1059.05,1084.9,1053.5,1070.1,354498
2024-08-07,1084.1,1087.85,1054.9,1064.05,671578
2024-08-08,1106.6,1110.95,1069.35,1077,849512
2024-08-09,1092.2,1131.95,1087.5,1122.8,1068787
2024-08-12,1076.85,1105.8,1070,1088.05,524853
2024-08-13,1052.55,1083.65,1046.1,1070,383563
2024-08-14,1040.25,1050.95,985.05,1022,2388138
2024-08-16,1017.25,1060,988.55,1030,2520132
2024-08-19,991.5,1031.9,989.1,1031.9,1032864
2024-08-20,1018.4,1024,994.05,997.35,1528607
2024-08-21,1047.25,1050,1015.4,1019.65,1306453
2024-08-22,1057.85,1061.95,1042.5,1045,682344
2024-08-23,1061.65,1073.05,1045,1050.1,552824
2024-08-26,1072.95,1075.75,1060,1060,297080
2024-08-27,1085.45,1090.75,1072.55,1075.45,1031218
2024-08-28,1070.2,1087.9,1063.1,1085.45,1286899
2024-08-29,1037.9,1069.95,1031.15,1067,1310712
2024-08-30,1074.85,1088,1032,1037.9,1569058
2024-09-02,1114.25,1118,1076,1086.75,1824372
2024-09-03,1128.3,1133.9,1101.85,1106,725550
2024-09-04,1133.3,1152.95,1119.1,1120,1695933
2024-09-05,1117.25,1150,1105,1150,24718398
2024-09-06,1121.7,1140,1106.1,1117,1527417
2024-09-09,1122.55,1132.85,1110.5,1130.45,1139913
2024-09-10,1136.2,1140,1115.25,1124.95,545537
2024-09-11,1142.8,1155,1133.75,1143.9,1283102
2024-09-12,1149.5,1160,1142,1150,493884
2024-09-13,1140.4,1155,1136.15,1154.85,647295
2024-09-16,1133.55,1146.4,1124.65,1140,209087
2024-09-17,1150.15,1152.35,1131,1138.6,548208
2024-09-18,1140.55,1159.15,1137.75,1159,416068
2024-09-19,1154.5,1161.9,1142.1,1148.1,1074860
2024-09-20,1159.1,1177.6,1145.15,1166,1176971
2024-09-23,1195.95,1199.2,1161,1168.95,642408
2024-09-24,1178.3,1201.85,1172.9,1200,902692
2024-09-25,1179.6,1191.4,1170.2,1186.45,966543
2024-09-26,1195.4,1198.95,1172.15,1185,414906
2024-09-27,1182.8,1212.85,1178.65,1197.9,525506
2024-09-30,1191,1200.25,1174.85,1178.6,574532
2024-10-01,1185.75,1199.5,1177.55,1180.2,410506
2024-10-03,1169.9,1201.85,1166.5,1184.7,552810
2024-10-04,1160.8,1189.95,1158.15,1169.5,927330
2024-10-07,1151.65,1186.9,1145.6,1166.65,715473
2024-10-08,1154.1,1164.15,1132.35,1152,2057619
2024-10-09,1189.75,1196.5,1147.1,1160,748873
2024-10-10,1183.75,1209.25,1180.4,1198.8,552401
2024-10-11,1185.55,1201.15,1177.65,1179.8,487937
2024-10-14,1199.1,1202.4,1164.1,1185.55,822476
2024-10-15,1183.85,1210,1173.7,1204.7,880085
2024-10-16,1196.25,1207,1180.45,1180.5,793665
2024-10-17,1173.7,1202.4,1169.95,1197,684440
2024-10-18,1196.65,1202.5,1158.6,1175,493545
2024-10-21,1193.25,1212,1180.2,1205.8,1301701
2024-10-22,1170.45,1204.55,1164.15,1199.5,1248284
2024-10-23,1271.9,1298.6,1195,1195,5991955
2024-10-24,1287.8,1303.25,1255.75,1259.2,2663628
2024-10-25,1274.85,1306.45,1262.9,1287.8,1950590
2024-10-28,1266.45,1281.6,1258.4,1270.7,550450
2024-10-29,1272.6,1293.15,1244.85,1250,1630913
2024-10-30,1252.8,1279.9,1244.4,1279.9,885655
2024-10-31,1283,1287,1250.35,1259,994951
2024-11-01,1286.25,1299,1278,1289.75,44174
2024-11-04,1255.75,1296.1,1245.35,1293,532635
2024-11-05,1251,1265.9,1226.55,1253.2,461746
2024-11-06,1228.45,1262.3,1225.1,1252.7,930855
2024-11-07,1235.8,1240,1216.7,1230,498082
2024-11-08,1219.05,1244.7,1214.05,1242,296773
2024-11-11,1208,1224.45,1200.15,1218.8,447624
2024-11-12,1223.3,1236.95,1207.35,1210.8,931840
2024-11-13,1197.55,1228.25,1191.35,1228.25,306537
2024-11-14,1232.65,1235.15,1193.6,1193.6,873917
2024-11-18,1237.65,1244.25,1215.05,1234.2,963456
2024-11-19,1189.6,1245.05,1180.9,1240,1786975
2024-11-21,1173.5,1188.55,1166,1177.9,671436
2024-11-22,1166.45,1176.85,1150.9,1173.1,659880
2024-11-25,1169.8,1194.95,1161.25,1180.95,526644
2024-11-26,1177.9,1182.15,1159.25,1175.8,298248
2024-11-27,1188.05,1204.95,1175.9,1175.9,1349026
2024-11-28,1140.3,1197.75,1093.85,1184,2972444
2024-11-29,1133.95,1159.95,1125.55,1147.15,966284
2024-12-02,1114.65,1132.25,1100.6,1123.65,1415546
2024-12-03,1142.35,1144.6,1114,1120,2255910
2024-12-04,1169.95,1175,1138.05,1144.6,1161490
2024-12-05,1168.1,1176.9,1150.95,1165.1,1151933
2024-12-06,1161.45,1177.35,1155.75,1168.1,922783
2024-12-09,1186.15,1189.15,1154.05,1164.75,278836
2024-12-10,1165.25,1198.35,1159.25,1190.1,633022
2024-12-11,1144.9,1168.25,1135.4,1160.05,456454
2024-12-12,1127.1,1148.2,1120.75,1145,721211
2024-12-13,1127.85,1130.65,1109.1,1124,630833
2024-12-16,1151.2,1161.6,1135.05,1139,1001894
2024-12-17,1145.5,1155.6,1137,1155.6,270754
2024-12-18,1142.4,1154,1136.75,1145.95,233419
2024-12-19,1133.9,1139.15,1104.2,1116.9,296919
2024-12-20,1109.2,1143.05,1102,1135.7,273321
2024-12-23,1100.7,1109.8,1087.05,1107.85,269022
2024-12-24,1103.9,1114.65,1098,1101.05,191790
2024-12-26,1114.2,1117.95,1096.1,1105,285116
2024-12-27,1106.1,1116.1,1102,1113.6,100722
2024-12-30,1114.25,1117.75,1098.35,1106.1,128027
2024-12-31,1113.9,1121.7,1093.3,1114.25,368048
2025-01-01,1102.55,1117.95,1097,1110.9,123907
2025-01-02,1122.8,1125,1099.65,1100,256963
2025-01-03,1109.8,1130.35,1105.15,1124.55,286379
2025-01-06,1092.3,1102.5,1066,1093.3,1287489
2025-01-07,1111.45,1117.95,1076,1086.95,423949
2025-01-08,1088.9,1114.95,1086.6,1114.8,194452
2025-01-09,1089.95,1106.1,1086.05,1093.9,162965
2025-01-10,1077.65,1090.65,1075.05,1089.7,213365
2025-01-13,1068.9,1072.15,1051.1,1052,639893
2025-01-14,1051.4,1075.5,1043.55,1068.9,745831
2025-01-15,1034.65,1056.1,1022.5,1054,543843
2025-01-16,1063.15,1119.4,1041.05,1049,2619890
2025-01-17,1088.3,1099.95,1054.4,1057.85,926404
2025-01-20,1075.85,1099.05,1060.05,1087.8,429373
2025-01-21,1053.1,1079.45,1045.5,1071.85,928917
2025-01-22,1038.75,1069.95,1019.4,1063.7,661115
2025-01-23,1056.4,1062.35,1023.5,1034.4,648845
2025-01-24,1040.3,1066.75,1020,1056.05,328372
2025-01-27,1040.5,1048,1029.15,1040.3,1318950
2025-01-28,1043.4,1060,1035.05,1044.95,1138267
2025-01-29,1073.85,1075.65,1037.55,1045,781623
2025-01-30,1081.6,1088.5,1066.05,1076.8,229496
2025-01-31,1115.75,1119.95,1074.5,1074.5,331730
2025-02-03,1083.45,1119.35,1077.75,1115.75,1075095
2025-02-04,1100.85,1114.85,1078.5,1083.45,760436
2025-02-05,1118.5,1169.4,1114.4,1133,2187710
2025-02-06,1108,1144,1092.55,1121.95,586441
2025-02-07,1112.55,1119.7,1097.3,1107,248073
2025-02-10,1090.9,1119.2,1088.55,1113.95,339955
2025-02-11,1060.3,1086.65,1053.6,1082.15,737135
2025-02-12,1090.8,1105.75,1029.6,1062,1282273
2025-02-13,1079.85,1105.05,1075.3,1097.9,917145
2025-02-14,1057.85,1092.6,1050.05,1079.85,195078
2025-02-17,1065.65,1073.85,1035,1035,392089
2025-02-18,1062.05,1066.35,1046.4,1065.65,216848
2025-02-19,1047.15,1071.55,1038.95,1052.4,537834
2025-02-20,1046.25,1053.55,1028.5,1043.05,493626
2025-02-21,1052.2,1066.05,1039.1,1045,903624
2025-02-24,1036.3,1044,1017.65,1037,963259
2025-02-25,1015.8,1046.8,1011.3,1026.8,1265288
2025-02-27,1026.1,1035.95,1002,1002,2234089
2025-02-28,998.1,1026.1,994.8,1020.95,1035745
2025-03-03,986.5,1000.6,979.45,1000,1784130
2025-03-04,1003.3,1008.75,970.45,977.35,3303985
2025-03-05,1014.55,1018,994,1001.4,2044157
2025-03-06,1025.4,1036,1010,1010.05,851164
2025-03-07,1036.6,1043.65,1017.2,1027.3,642199
2025-03-10,1039.9,1046.3,1026.1,1038.55,400507
2025-03-11,1086,1091.45,1043.35,1044.15,2247898
2025-03-12,1061.8,1089.8,1054.5,1082.1,2192272
2025-03-13,1052.55,1068.7,1049.05,1061.8,158109
2025-03-17,1040.1,1056.05,950,1055.05,1565372
2025-03-18,1075.8,1079,1046.15,1049.95,526687
2025-03-19,1102.2,1109.55,1073.5,1076.7,525704
2025-03-20,1121.5,1136.9,1099,1103,848703
2025-03-21,1140.05,1144.9,1122,1122,1121161
2025-03-24,1157.35,1166.8,1140.05,1145.25,505488
2025-03-25,1138.45,1167,1130,1167,852554
2025-03-26,1117.6,1144,1112.65,1144,588485
2025-03-27,1147.3,1151.6,1118.05,1121.95,760398
2025-03-28,1147.7,1158.55,1143.3,1150,462831
2025-04-01,1141.75,1152.85,1112.6,1116.7,395552
2025-04-02,1144.3,1149.45,1130,1141.5,317768
2025-04-03,1147.8,1151.15,1115.3,1115.4,757127
2025-04-04,1165.05,1169,1135.9,1140.5,904913
2025-04-07,1128.45,1145.5,1085,1085,620359
2025-04-08,1132.35,1143.3,1121.05,1129.4,1766425
2025-04-09,1164.55,1169,1127.7,1133.9,854381
2025-04-11,1163.3,1189.5,1157.5,1171,636001
2025-04-15,1195.3,1197.9,1161.2,1180,1157296
2025-04-16,1209.7,1212,1191.3,1199,540675
2025-04-17,1218,1223.8,1198.1,1209.9,2868366
2025-04-21,1237.4,1245.9,1213.2,1233,3079334
2025-04-22,1236,1245.3,1228,1243.9,595009
2025-04-23,1241,1244.2,1224.1,1236,386333
2025-04-24,1247.7,1250.8,1229.4,1248,487846
2025-04-25,1266.4,1281.3,1242,1242.2,1775323
2025-04-28,1283.1,1294.9,1258.6,1260,1338121
2025-04-29,1306.8,1311.1,1283.2,1290,1005265
2025-04-30,1305,1314.9,1294.5,1304.9,683613
2025-05-02,1303.3,1315.4,1288.7,1300,676922
2025-05-05,1283.2,1313.2,1279,1312.9,957865
2025-05-06,1269.2,1290,1258,1280.1,597045
2025-05-07,1289.8,1295,1254,1261,818393
2025-05-08,1271.2,1298,1261.1,1297,592853
2025-05-09,1268.2,1271.2,1248.6,1257,511736
2025-05-12,1293,1304.9,1280.5,1304.9,519081
2025-05-13,1290.1,1301,1275.2,1293,664675
2025-05-14,1338.2,1351,1317.7,1321,2678065
2025-05-15,1358.4,1364,1323.2,1338.2,1383441
2025-05-16,1355.2,1372,1344,1344,930342
2025-05-19,1390.9,1398.5,1356.1,1364.9,2038882
2025-05-20,1377.4,1397.8,1371.2,1396.6,924376
2025-05-21,1396.7,1400,1368,1371.4,1436181
2025-05-22,1414,1425.9,1380.9,1394.7,2964396
2025-05-23,1470,1475.4,1414,1414,5351992
2025-05-26,1476.5,1494.3,1467.2,1474.1,1536703
2025-05-27,1484.1,1488.5,1463.5,1476.5,964016
2025-05-28,1503.5,1506.1,1478.7,1484.9,817253
2025-05-29,1489.6,1501.9,1445.7,1480,1657455
2025-05-30,1502.7,1516.1,1487.5,1489,1171440
2025-06-02,1522.3,1533.4,1496.6,1502.7,1074211
2025-06-03,1513.2,1530.6,1507.6,1524,1016329
2025-06-04,1505.5,1523.3,1501.8,1506.1,950116
2025-06-05,1504.2,1515.5,1492.3,1505,1107694
2025-06-06,1508.1,1518,1497.9,1508,1829889
2025-06-09,1524.5,1530.5,1470,1514,644150
2025-06-10,1522.9,1547.6,1511,1521,659735
2025-06-11,1536.1,1553.7,1521.7,1522.9,643552
2025-06-12,1514.4,1538.9,1511.6,1537.4,372527
2025-06-13,1526,1531.8,1497.3,1500,729511
2025-06-16,1577,1586.8,1533.7,1538.4,1533088
2025-06-17,1585.8,1594.6,1573.6,1585,1157325
2025-06-18,1586.6,1606.1,1576,1584.1,889232
2025-06-19,1576.3,1601.1,1567.5,1584.8,523308
2025-06-20,1595.3,1609,1574.7,1576.3,2008915
2025-06-23,1599.9,1619.2,1581.7,1589,913548
2025-06-24,1618.4,1622.6,1581.2,1610,506897
2025-06-25,1627.8,1629.9,1606.1,1618.4,928252
2025-06-26,1634.3,1636,1618.9,1626.1,549494
2025-06-27,1641.1,1658,1608.7,1636.7,6420988
2025-06-30,1647.1,1659.7,1616.3,1649,793747
2025-07-01,1653.9,1666.9,1637.8,1637.8,769028
2025-07-02,1644,1656.7,1638.2,1645.1,549765
2025-07-03,1618.9,1648.1,1611.5,1640,373808
2025-07-04,1589.9,1624.2,1574.3,1610,1218649
2025-07-07,1568.5,1597.9,1564.8,1585,349489
2025-07-08,1572,1583.3,1562,1569,772077
2025-07-09,1563.7,1572.9,1553.7,1565,791509
2025-07-10,1582.8,1593.3,1559.2,1563.7,922722
2025-07-11,1567.2,1594.4,1557.6,1572.7,937494
2025-07-14,1578.5,1592.5,1558.8,1560,1049890
2025-07-15,1582.8,1586,1560.6,1580.7,750051
2025-07-16,1569.3,1585.3,1564.3,1579.5,517618
2025-07-17,1537.6,1573.3,1509,1572.8,2157923
2025-07-18,1539.1,1550.1,1528.9,1529.9,637166
2025-07-21,1541.7,1555,1529.1,1532,483925
2025-07-22,1562.4,1582.9,1535,1539.9,982580
2025-07-23,1549.7,1574.7,1544.1,1569.9,444719
2025-07-24,1525.8,1545.5,1520.4,1531.5,475006
2025-07-25,1526.7,1534.4,1515.5,1525.8,383171
2025-07-28,1527.5,1555,1522,1529,315645
2025-07-29,1504.9,1528.6,1499.3,1524,965548
2025-07-30,1508.2,1513.4,1481,1509.9,667653
2025-07-31,1501.4,1509.7,1486.5,1500,325620
2025-08-01,1472.5,1501.4,1467.6,1497.3,471006
2025-08-04,1481.6,1489,1451.1,1453.1,841528
2025-08-05,1475.4,1489,1465.6,1483.1,283471
2025-08-06,1489.7,1495,1458.4,1476.9,465281
2025-08-07,1504.9,1510,1479.8,1491.3,272182
2025-08-08,1551.5,1575,1530.3,1544.3,1440860
2025-08-11,1556.4,1559.8,1525,1552,571573
2025-08-12,1588.4,1595.6,1535,1550,545170
2025-08-13,1588,1600,1573.1,1573.1,290674
2025-08-14,1598.3,1605,1583.7,1588,244891
2025-08-18,1640.2,1674.8,1613.3,1625,1178775
2025-08-19,1637.3,1643.1,1605.1,1640.1,369737
2025-08-20,1643.6,1650,1621,1630,128829
2025-08-21,1659.2,1674.5,1650.7,1664,833570
2025-08-22,1638.7,1659.2,1633.5,1651,401276
2025-08-25,1651.2,1671.8,1631.4,1645,562788
2025-08-26,1622.8,1657.1,1618.2,1645,438975
2025-08-28,1608.7,1646.5,1599.8,1630.2,534015
2025-08-29,1602.2,1622.8,1594.4,1612.8,344013
2025-09-01,1629.2,1634.7,1600.8,1618.2,850091
2025-09-02,1623.9,1642,1617.1,1630,427322
2025-09-03,1617.4,1623,1594.3,1622.4,477682
2025-09-04,1566,1662.9,1551.2,1662.9,1321358
2025-09-05,1577.4,1608.2,1574.3,1580.9,561180
2025-09-08,1583.8,1604.8,1561.9,1576.6,572162
2025-09-09,1597.5,1600.8,1564.6,1583.8,797797
2025-09-10,1609.4,1615,1595,1604,342179
2025-09-11,1605.4,1619,1594.2,1610.1,249196
2025-09-12,1586.7,1607.7,1581.1,1603.9,198071
2025-09-15,1581.2,1587.4,1570.1,1581,350846
2025-09-16,1564.1,1589.5,1561.1,1570,842075
2025-09-17,1538,1572.2,1535.1,1570,632461
2025-09-18,1555.4,1558.7,1534.9,1538,376290
2025-09-19,1561.7,1571.7,1552.1,1558.9,572828
2025-09-22,1556.7,1578.8,1552,1559.7,444712
2025-09-23,1584.5,1591.9,1551.5,1558.7,384921
2025-09-24,1584.9,1594.3,1574.6,1586,344824
2025-09-25,1565.6,1596.2,1560.4,1586,453561
2025-09-26,1545.6,1578.4,1541,1552,532878
2025-09-29,1559.8,1565,1535.1,1545.6,711014
2025-09-30,1575.9,1588.2,1557,1558.9,341732
2025-10-01,1621.9,1630,1560,1566,743952
2025-10-03,1604.1,1647.9,1599.9,1622,716078
2025-10-06,1605.4,1628.7,1596.3,1596.3,377043
2025-10-07,1587.1,1611.8,1581.4,1611.1,464320
2025-10-08,1568.7,1597.1,1564.9,1591.9,330385
2025-10-09,1596.2,1601.2,1550,1568,342605
2025-10-10,1581.7,1602.9,1579.2,1601,528833
2025-10-13,1607.5,1612.5,1581.7,1581.9,811956
2025-10-14,1611.1,1622,1601.7,1617.9,660665
2025-10-15,1609.1,1635.8,1602.5,1621,445150
2025-10-16,1552.4,1600,1541.5,1600,971233
2025-10-17,1547.6,1562.5,1530.3,1562.5,497648
2025-10-20,1533.3,1550,1525.1,1549.4,348976
2025-10-21,1540.8,1548,1529.6,1547.9,70924
2025-10-23,1531.8,1548,1526.3,1547.8,749624
2025-10-24,1518,1539.6,1511.9,1537.7,271304
2025-10-27,1513.6,1539.4,1501.9,1512,882108
2025-10-28,1524.1,1528.4,1508.1,1519.4,738454
2025-10-29,1518.8,1545.4,1509.8,1526,1137033
2025-10-30,1556.2,1564.7,1514.7,1519.8,1344090
2025-10-31,1546.5,1567.4,1543.1,1556.2,330398
2025-11-03,1559.9,1568.8,1531,1531,591451
2025-11-04,1592.4,1600,1561.5,1566,1155844
2025-11-06,1584.2,1612,1581.2,1604.8,471640
2025-11-07,1618.1,1633.8,1562.1,1576.2,352093
2025-11-10,1619.1,1638,1612.4,1625.1,466129
2025-11-11,1635.5,1642,1600.3,1634,693696
2025-11-12,1718.8,1727.7,1600,1600,4176641
2025-11-13,1707.4,1729.9,1691.8,1718.8,658661
2025-11-14,1673.4,1707.6,1662,1707.4,688238
2025-11-17,1698.3,1707.9,1678.1,1688,698271
2025-11-18,1679.8,1707.1,1677.5,1702,719728
2025-11-19,1668,1688.5,1656,1676,609918
2025-11-20,1692.6,1701.7,1660.5,1677,514684
2025-11-21,1661.5,1717.2,1646.4,1700,817662
2025-11-24,1679.6,1686,1639.8,1669.8,1130095
2025-11-25,1697.9,1702.7,1670.1,1682,814292
2025-11-26,1736.7,1740.8,1704.9,1710,827564
2025-11-27,1728.4,1751.4,1724.1,1747,593016
2025-11-28,1702.1,1750,1693.2,1735.8,275775
2025-12-01,1713.4,1717.7,1702.2,1709.6,171625
2025-12-02,1691.8,1717.4,1670,1715,506292
2025-12-03,1664.8,1693.8,1661.5,1688,276739
2025-12-04,1689.4,1693.5,1648.2,1661.1,529661
2025-12-05,1690.2,1694.8,1665.7,1685,415985
2025-12-08,1695.3,1712.8,1678.7,1700,801332
2025-12-09,1690.9,1705,1665.1,1705,471550
2025-12-10,1698.8,1717.3,1675.5,1675.5,662831
2025-12-11,1703.6,1719.6,1688.6,1702.9,370735
2025-12-12,1719,1724.9,1707.5,1711,547322
2025-12-15,1698.3,1724.9,1677.6,1724.9,528241
2025-12-16,1669.6,1719.8,1663.2,1719.8,578739
2025-12-17,1663.9,1680,1642.2,1680,350114
2025-12-18,1686.6,1690,1655,1658.4,245270
2025-12-19,1689.9,1693.5,1660.5,1686.6,605147
2025-12-22,1692.7,1702.3,1679.4,1682,265280
2025-12-23,1697.6,1701.9,1677.3,1692.8,242565
2025-12-24,1678.5,1710.4,1673.9,1704.8,326259
2025-12-26,1672,1680,1661.9,1678.5,184519
2025-12-29,1650.2,1679,1633.3,1664.8,727473
2025-12-30,1634.4,1661.3,1625.4,1635.4,3100083
2025-12-31,1671.8,1683.4,1636,1636,695541
2026-01-01,1674,1691,1664.6,1677.5,315743
2026-01-02,1671,1689.9,1660,1681.2,311456
2026-01-05,1703.7,1727.3,1671,1678.2,1164247
2026-01-06,1731.3,1747.3,1642.5,1714,1339017
2026-01-07,1727.1,1752.2,1722.6,1742.7,888331
2026-01-08,1695.1,1732,1683,1728,561297
2026-01-09,1679.9,1698.4,1666.3,1690,293078
2026-01-12,1662.3,1710.9,1652,1690,345894
2026-01-13,1646.1,1675,1635.6,1671.7,888298
2026-01-14,1649.1,1658.3,1627.6,1631,422995
2026-01-16,1651.7,1662.7,1637.4,1655,322530
2026-01-19,1652.2,1667.6,1640.8,1640.8,292566
2026-01-20,1624.7,1658.3,1616.6,1641.8,346482
2026-01-21,1619.8,1626.7,1585.7,1610.5,766421
2026-01-22,1627.7,1642.8,1609.4,1619.8,403089
2026-01-23,1599,1628.9,1592.1,1628,387475
2026-01-27,1576.6,1601.4,1564.8,1586.4,1347946
2026-01-28,1623.9,1628.7,1576.6,1576.6,752975
2026-01-29,1585,1645.3,1577,1625.8,996155
2026-01-30,1613.6,1624.7,1561.4,1567.2,714787
2026-02-02,1641.6,1653.4,1601.9,1601.9,491917
2026-02-03,1674.7,1684.6,1654.7,1663.5,570969
2026-02-04,1708.2,1711.4,1657.5,1666.8,640949
2026-02-05,1701.5,1713.4,1688.8,1708.9,432611
2026-02-06,1704.6,1720.7,1686.2,1686.2,484599
2026-02-09,1753.2,1756.4,1707,1712,914516
2026-02-10,1747.2,1759.5,1725.6,1759.5,818309
2026-02-11,1734.1,1768,1717.5,1754.2,987320
2026-02-12,1813.5,1821,1738.5,1743,1536113
2026-02-13,1824.9,1848.5,1817.3,1821.3,1588459
2026-02-16,1848.3,1857.4,1815.9,1815.9,693364
2026-02-17,1857.9,1865,1835,1841,551161
2026-02-18,1836.4,1863.3,1827.1,1850,835001
2026-02-19,1832,1852.2,1824.4,1836.4,794058
2026-02-20,1849.3,1852.2,1810.3,1834,1289579
2026-02-23,1870,1892.5,1859,1868.3,701482
2026-02-24,1841.9,1868.3,1839.4,1865,783572
2026-02-25,1854.7,1857.5,1836.4,1844.6,378587
2026-02-26,1856.9,1869.6,1839.4,1861.9,568774
2026-02-27,1813.4,1854.6,1806.2,1854.6,538734
2026-03-02,1806.8,1828.2,1765.5,1765.5,413785
2026-03-04,1747.8,1784.9,1726,1782.9,677553
2026-03-05,1748.6,1773.5,1714,1764.2,833743
2026-03-06,1701.5,1748.5,1693.3,1741.6,1221346
2026-03-09,1707.6,1720.1,1644.4,1654.5,739745
2026-03-10,1733.2,1743.2,1712.7,1734.9,971222
2026-03-11,1725.5,1756,1709.4,1733.2,916684
2026-03-12,1696.2,1722,1677.9,1722,827123
2026-03-13,1628.1,1700.7,1623.5,1681,1044000
2026-03-16,1645.2,1656.9,1604.4,1628.1,789154
2026-03-17,1654,1670.9,1621.5,1637,459172
2026-03-18,1668.7,1684.8,1655,1655,722792
2026-03-19,1627.9,1650,1623.3,1635.1,1070360
2026-03-20,1639.3,1647.9,1621,1621,1037290
2026-03-23,1567.5,1630.5,1553.5,1630.5,1451852
2026-03-24,1583.5,1599,1548.2,1594.9,1556964
2026-03-25,1585.9,1625.9,1579.5,1579.5,1030341
2026-03-27,1557.1,1574,1541.1,1560.2,832203
2026-03-30,1490.7,1556.8,1473.6,1534,1255227
2026-04-01,1477.4,1549.6,1468.2,1515.1,1626305
2026-04-02,1464.2,1479.3,1433.6,1451.2,926587
2026-04-06,1498.8,1504.4,1445.4,1449.6,800765
2026-04-07,1491.2,1497.1,1460.6,1497,570308
2026-04-08,1586.7,1626,1519.5,1550,1510721
2026-04-09,1607.4,1614.2,1564.3,1598.3,1027529
2026-04-10,1654.8,1664.6,1607.5,1615,1046318
2026-04-13,1646.4,1653.4,1606.7,1640,556221
2026-04-15,1699.5,1716.2,1674,1674,895274
2026-04-16,1695.2,1722.4,1682.1,1718,864591
2026-04-17,1683.2,1709.9,1669.8,1709.9,863071
2026-04-20,1688.8,1694.4,1655,1680,1079196
2026-04-21,1648.8,1693.6,1645,1688.8,649042
2026-04-22,1627.4,1656.6,1616.2,1647.1,772235
2026-04-23,1595.4,1625.2,1588,1620,617255
2026-04-24,1587.3,1605.5,1566.6,1582.6,795360
2026-04-27,1603,1605.9,1579.5,1580.1,555511
2026-04-28,1610.8,1622.1,1592.9,1601.8,387035
2026-04-29,1610.4,1634.1,1601.3,1624.7,333323
2026-04-30,1585.7,1608.9,1572.1,1598,422851
2026-05-04,1606.7,1615,1585,1593.2,534755
2026-05-05,1596.2,1605.8,1580,1590,417763
2026-05-06,1652.8,1657,1604.9,1604.9,612555
2026-05-07,1707.4,1716.8,1642.3,1658,682760
2026-05-08,1699.7,1718.8,1686.1,1718.8,634495
2026-05-11,1695.5,1703.9,1677,1694,935011
2026-05-12,1653.7,1694.1,1640.6,1690.1,558153
2026-05-13,1597.9,1698.8,1590.1,1670.5,1151417
2026-05-14,1631.4,1642.7,1605.6,1606,835639
2026-05-15,1604,1625.5,1593.2,1624.4,590391
2026-05-18,1601.7,1611,1560,1575,491442
2026-05-19,1617.9,1640.1,1603.7,1619,642035
2026-05-20,1625.4,1637,1603.6,1610.9,507391
2026-05-21,1626,1648.7,1602.3,1632.4,446480
2026-05-22,1680,1687.2,1623.3,1632,1105535
2026-05-25,1726.8,1735.4,1671.3,1700,509868
2026-05-26,1725.6,1748,1714.2,1725.6,890169
2026-05-27,1682.3,1725.7,1674.2,1721,696946
2026-05-29,1674,1689.3,1653.6,1688,805981
2026-06-01,1624.4,1679.9,1618.6,1674,838434
2026-06-02,1595.4,1611.7,1583,1600.1,515020
2026-06-03,1559.6,1588.6,1541,1588.6,882314
2026-06-04,1581.5,1596.6,1541,1546,649677
2026-06-05,1604.2,1622.4,1576,1580.1,310836
2026-06-08,1577.5,1603.2,1569.9,1580,254507
2026-06-09,1594.1,1600.9,1573.7,1584.3,613802
2026-06-10,1598.3,1627,1585.1,1606.1,857632
2026-06-11,1562.1,1604.9,1554.5,1603.1,301033
2026-06-12,1579,1592.5,1548.1,1573.9,529818
2026-06-15,1632.6,1645.5,1594.9,1594.9,785218
2026-06-16,1612.3,1644,1598.4,1624,295127
2026-06-17,1631.8,1640,1603.1,1612.3,353108
2026-06-18,1688.2,1697,1632.6,1635,1061168
2026-06-19,1669.3,1691.6,1646.5,1690.9,366339
2026-06-22,1686.6,1709,1670.1,1676.3,640616
2026-06-23,1688.6,1713.6,1678.1,1693.6,895899
2026-06-24,1662.3,1688.6,1653,1688.6,298066
2026-06-25,1611.4,1666.4,1608,1651,644179
2026-06-29,1601.5,1638.2,1563.9,1619.4,4724470
2026-06-30,1584,1604.3,1575.1,1601.5,626509
2026-07-01,1608.9,1615,1573.2,1580,259175
2026-07-02,1618.3,1629.6,1608,1616.7,670618
2026-07-03,1596.6,1634,1592,1633,396091
2026-07-06,1581.8,1612.2,1575.5,1592.1,780015
2026-07-07,1608.9,1619,1573.8,1575,1258127
2026-07-08,1559.1,1609.4,1547.6,1596.4,1095696
2026-07-09,1576.8,1596,1554.8,1560,841514
2026-07-10,1633.1,1638.1,1584.3,1587,774815
2026-07-13,1631.8,1662,1618.1,1629.8,1039927
2026-07-14,1611.6,1625,1588.5,1625,559352
2026-07-15,1611.1,1637.4,1586.3,1625,383229
2026-07-16,1578.4,1619.5,1566,1615,462450
2026-07-17,1538,1586.7,1531.3,1580.6,713068
2026-07-20,1543.1,1560.8,1528.7,1538,513632
2026-07-21,1539.4,1550.6,1524,1550,592403
2026-07-22,1523.3,1540.8,1511.3,1539.4,433346
2026-07-23,1503.9,1529.9,1500,1523.3,256885
2026-07-24,1515.5,1520.8,1484.8,1497.5,1113093
2026-07-27,1511.1,1532.6,1500.9,1522.8,556988
2026-07-28,1506.7,1516,1493.2,1510.5,902096
2026-07-29,1515.1,1529.7,1488.2,1514,1146452
2026-07-30,1510.8,1530.9,1498.6,1510.2,888963
2026-07-31,1499,1520.5,1494.4,1517.9,516369
2026-08-03,1542.5,1542.5,1510,1519.1,500008
2026-08-04,1519.3,1548.5,1495.3,1544,667396
2026-08-05,1523,1536.2,1502.9,1522.2,646093
2026-08-06,1518.8,1544,1513.2,1525.2,1101308
2026-08-07,1497.4,1524,1497.4,1510,359409
2026-08-10,1514.5,1523,1477.6,1498.9,353560
2026-08-11,1499,1510,1467.5,1510,1564135
2026-08-12,1516,1531.6,1495,1500.4,489596
2026-08-13,1512.4,1518,1492.5,1518,477103
2026-08-14,1538.1,1574.9,1511.2,1555,3968060
2026-08-17,1571.7,1571.7,1522.2,1533,698365
2026-08-18,1584.5,1587.9,1547,1570,1054783
2026-08-19,1546.1,1578.5,1546.1,1576.6,286749
2026-08-20,1575,1585.3,1550.1,1550.1,434748
2026-08-21,1585,1590,1561.3,1572.5,454882
2026-08-24,1569.8,1589,1562.8,1585,344705
2026-08-25,1592.5,1600.4,1570,1587.7,944667
2026-08-26,1600,1604.9,1580,1599.1,188993
2026-08-27,1568,1590.9,1568,1590,732972
2026-08-28,1564.4,1588.3,1553.6,1571.9,305736
2026-08-31,1573.1,1576.2,1547,1561.3,389651
2026-09-01,1534.7,1561.1,1525,1558.8,302527
2026-09-02,1505,1531.5,1494,1531.5,547750
2026-09-03,1537,1540,1510,1510,266040
