Date,Close,High,Low,Open,Volume
1995-05-17,142,142,142,142,100
1995-05-18,145,145,140,140,400
1995-06-01,140,140,140,140,100
1995-06-02,137,138.95,137,138.95,300
1995-06-05,140,140,137.55,137.55,300
1995-06-06,137.5,137.5,136.1,136.1,300
1995-06-08,136,136,136,136,100
1995-06-09,137,137,137,137,100
1995-06-20,128,128,128,128,100
1995-06-22,116.05,116.05,116.05,116.05,200
1995-06-23,115,115,115,115,200
1995-06-30,103.5,103.5,103.5,103.5,100
1995-07-07,90,93,90,93,200
1995-07-10,92,92,92,92,100
1995-07-11,97,97,97,97,100
1995-07-12,92,92,92,92,100
1995-07-14,105.1,105.1,105.1,105.1,200
1995-07-17,115.5,115.5,115.5,115.5,100
1995-07-18,140,140,130,130,200
1995-07-19,138,140,138,140,400
1995-07-20,137.95,138,135,135,400
1995-07-21,124,124,124,124,100
1995-07-24,120.5,122,120.5,122,200
1995-07-25,130,130,121,121,800
1995-07-26,129,129,121,121,200
1995-07-27,125,125,125,125,100
1995-07-28,120,120,120,120,700
1995-07-31,122,125,120,120,400
1995-08-01,122,123,120,120,700
1995-08-02,127,127,127,127,100
1995-08-03,121.9,125,121.5,125,700
1995-08-04,117.05,117.05,117.05,117.05,100
1995-08-07,121.25,125,121.25,125,300
1995-08-14,119.95,119.95,119.95,119.95,100
1995-08-16,121.05,121.05,121.05,121.05,300
1995-08-18,125,125,125,125,100
1995-08-22,122,122,122,122,100
1995-08-23,124,124,124,124,100
1995-08-25,124,124,124,124,100
1995-08-28,121.5,121.5,121.45,121.45,200
1995-08-30,122.75,122.75,122.75,122.75,100
1995-08-31,120,120,119.95,120,300
1995-09-01,115,115,115,115,200
1995-09-05,106,110,106,110,800
1995-09-07,107,107,107,107,100
1995-09-08,97,97,97,97,100
1995-09-11,106.5,106.5,106.5,106.5,100
1995-09-12,105,105,103,103,400
1995-09-13,105,105,105,105,200
1995-09-14,105.5,106,105,106,200
1995-09-15,105,105,105,105,100
1995-09-19,105,105,105,105,100
1995-09-20,105,105,105,105,100
1995-09-25,109,109,109,109,100
1995-09-26,108,109,108,109,200
1995-09-27,112,112,110,110,500
1995-09-28,112,112,112,112,100
1995-09-29,112,112,112,112,100
1995-10-05,113,113,113,113,200
1995-10-06,113,113,113,113,200
1995-10-09,112,113,110,110,800
1995-10-10,115.25,115.25,115.25,112,100
1995-10-19,106,106,105,115.25,200
1995-10-20,100,104,100,106,300
1995-10-27,100,105,100,105,200
1995-10-30,95,95,95,95,200
1995-10-31,99,99,94,94,200
1995-11-02,95,95,95,95,200
1995-11-03,95,95,95,95,200
1995-11-07,96,96,95,95,700
1995-11-08,97.5,98,95,97,400
1995-11-09,93.65,96.5,92,96.5,700
1995-11-10,90,91,89,89,500
1995-11-13,87,88,87,88,400
1995-11-14,83,85,81,84,1000
1995-11-15,83,85,81,85,1100
1995-11-16,91,91,87.1,89,900
1995-11-17,90.5,91,89.9,90,600
1995-11-20,89,90.05,89,89,500
1995-11-21,88.25,89,87,89,800
1995-11-22,85,85,80,81.05,3100
1995-11-23,84.5,85.5,84.5,85,1100
1995-11-24,83,85,81,85,1900
1995-11-27,84.2,85,80.5,85,1800
1995-11-28,84,85,81.5,83.5,2400
1995-11-29,82.25,82.5,80,80.5,1200
1995-11-30,85,85,80,81.9,1500
1995-12-01,85,85,85,85,300
1995-12-04,88.5,88.5,86,86,200
1995-12-05,89.5,90,83.75,85,900
1995-12-06,90,90,86,90,500
1995-12-07,89.75,90,87,88.5,800
1995-12-08,92,92,89,91,400
1995-12-11,91.75,91.9,91,91.9,400
1995-12-12,88.05,91.5,88.05,91.5,1100
1995-12-13,90,91.75,89.95,88.05,1100
1995-12-14,90.25,92,90,92,1400
1995-12-15,91,91,90,91,1100
1995-12-18,90.25,92.5,90,91,1200
1995-12-19,88,90,88,90.25,500
1995-12-20,91.9,93.25,90,88,700
1995-12-21,90,92,90,91.9,400
1995-12-22,90,90,90,90,100
1995-12-26,97.75,98.5,92.5,92.5,600
1995-12-27,97,97,97,97.75,100
1995-12-28,97.25,97.25,96.5,97,300
1995-12-29,97.5,97.5,96,96,300
1996-01-01,95.5,95.5,94.5,95,400
1996-01-02,95.5,95.5,94,94,800
1996-01-03,93,93,93,93,200
1996-01-04,92.6,93,91.5,92,2500
1996-01-05,92,93,92,93,200
1996-01-08,89,91,86,91,2300
1996-01-09,83,87,83,85,1600
1996-01-10,84,85,82,82,900
1996-01-11,83.95,83.95,83.75,83.75,200
1996-01-12,81.5,83,81.5,83,200
1996-01-15,82,82,82,82,100
1996-01-16,81.5,81.5,79,79,500
1996-01-17,78.5,81,76,81,200
1996-01-18,76.7,80,76,76,900
1996-01-19,81.5,84,73,76,1100
1996-01-22,82.5,82.95,81,82.2,800
1996-01-23,74.5,80,74.5,80,800
1996-01-24,64.9,65,63,74.5,1300
1996-01-25,59,59.5,59,59,800
1996-01-30,63,63,59,59,300
1996-01-31,62,63,61,62,400
1996-02-01,66,66,65,65,200
1996-02-02,71,71,70,70,300
1996-02-05,73.5,75,69,75,800
1996-02-06,70.25,72,70.25,72,600
1996-02-07,70,70,70,70,100
1996-02-08,70,70,70,70,200
1996-02-09,71,71,68,70,800
1996-02-12,70,73,70,72.5,300
1996-02-14,71,71,70,70,200
1996-02-15,71.95,71.95,71,71.5,600
1996-02-16,76.2,78,73,73,1700
1996-02-19,74,78,74,76.2,200
1996-02-20,72,74.95,72,74.95,300
1996-02-22,74,74,72,73,900
1996-02-23,72,72,72,72,200
1996-02-26,72,74.45,72,72,800
1996-02-27,68,71,67,72,700
1996-02-28,67,70.1,67,68,700
1996-02-29,65,67,65,67,700
1996-03-01,63,63,63,63,100
1996-03-04,63,63,63,63,100
1996-03-06,63,63,61,61,500
1996-03-07,63,63,62,63,300
1996-03-08,62.5,62.5,60,61.5,500
1996-03-11,61,62,61,61.5,600
1996-03-12,61,61,60.05,60.9,600
1996-03-13,61.45,61.45,60.75,60.75,300
1996-03-14,61.5,62,61,61,400
1996-03-15,62.5,62.5,62,62,200
1996-03-18,62,62.5,60.95,60.95,700
1996-03-19,55.8,60,55.8,60,400
1996-03-21,59.5,59.5,58,58,300
1996-03-22,59.25,59.25,59.25,59.25,200
1996-03-25,59,59,57.5,58,700
1996-03-26,57,58.5,56.3,58.5,600
1996-03-27,58,60,58,57,800
1996-03-28,59.25,59.95,58,58,1300
1996-03-29,60.25,65,58.5,59.25,2300
1996-04-01,58,61.95,58,60.25,600
1996-04-02,60,62.9,58.5,58,900
1996-04-03,60.55,63,60.5,63,700
1996-04-04,56.05,59.95,54.75,59.95,700
1996-04-08,60,60,58.5,60,400
1996-04-09,61.9,64.5,59.1,61,1700
1996-04-10,64,64,63,61.9,200
1996-04-11,59.25,61,59.25,64,1100
1996-04-12,60.3,61.5,59.15,59.25,1000
1996-04-15,60.5,60.5,60,60,300
1996-04-16,60,60,58.5,58.5,1300
1996-04-17,60,60,60,60,400
1996-04-18,61,62,60.25,62,400
1996-04-19,61.5,62.25,61.25,62,900
1996-04-22,60.2,61.5,60,60,1200
1996-04-23,59.85,61,56.05,58.5,1300
1996-04-24,61,61,60,59.85,500
1996-04-25,61.5,61.5,60.25,61,300
1996-04-26,60,60,60,60,100
1996-04-30,60,62,60,62,200
1996-05-01,61,61.5,60,60,600
1996-05-02,61.5,61.5,60,60.1,400
1996-05-03,61.4,61.75,59.75,61.75,1100
1996-05-06,58.3,58.5,57,57,400
1996-05-07,60.7,62,58.25,58.3,1400
1996-05-08,60.95,60.95,57.55,60.7,500
1996-05-09,59.95,59.95,59.95,60.95,200
1996-05-10,57.1,57.1,57.1,57.1,200
1996-05-13,56.25,57,56.25,57.1,300
1996-05-14,59.75,59.75,56.05,56.25,200
1996-05-15,59.95,59.95,56,59.75,400
1996-05-16,56.05,56.05,56.05,56.05,100
1996-05-17,54,55,54,56.05,600
1996-05-20,49,53,49,53,300
1996-05-21,49.55,51.75,46,48.5,3800
1996-05-22,50,54.5,50,54.5,500
1996-05-23,49,50,45,45,800
1996-05-24,50,53.9,50,53.9,300
1996-05-27,50,55,50,55,400
1996-05-28,49.5,49.5,48,50,300
1996-05-29,49,54.45,48,54.45,800
1996-05-30,48.5,53.9,48.5,49,200
1996-05-31,46.5,48,45,48.5,900
1996-06-03,49.95,49.95,43,43,400
1996-06-04,50.35,52.75,45.1,49.95,2400
1996-06-05,49.95,49.95,49.5,49.95,900
1996-06-06,53.95,54.8,49.1,54.8,1100
1996-06-07,51.85,52.9,49.5,52.9,1000
1996-06-10,54,57,51,57,2900
1996-06-11,54.85,59,51,59,2000
1996-06-12,53,60,53,60,400
1996-06-13,55.9,56.85,51.1,55.5,1600
1996-06-14,56.9,61,56.9,61,200
1996-06-17,59,62.55,58,62.55,1800
1996-06-18,61.95,64.65,53.25,64.5,3200
1996-06-19,67.4,68,64,67,6400
1996-06-20,68.5,74,66.25,73,5300
1996-06-21,67.85,72.9,66.1,72.9,5300
1996-06-24,66.6,72,62.25,72,2900
1996-06-25,66,69.9,65,69.9,5500
1996-06-26,64.6,66,64,65.7,3100
1996-06-27,63.95,66.95,61.5,66.5,3300
1996-06-28,64.95,65.9,63,65.9,3900
1996-07-01,64.3,70.5,63.3,70.5,2600
1996-07-02,64,65.95,63.1,65.95,1700
1996-07-03,63.3,68.95,62.15,68.95,4600
1996-07-04,62.7,67.4,60.75,67.4,2700
1996-07-05,63.6,65.95,62.6,65.95,3400
1996-07-08,62.85,62.85,62,62.5,2000
1996-07-09,62.8,64.9,61,64.9,2600
1996-07-10,62.2,69,61.05,62.75,3400
1996-07-11,62.75,62.95,60.25,62.95,3100
1996-07-12,62.25,63,60,60,4000
1996-07-15,61.8,64,60.8,64,2200
1996-07-16,55.65,63.95,55.55,63.95,7800
1996-07-17,59.2,59.9,58,59.75,8500
1996-07-18,63.95,64.6,61,63,8500
1996-07-19,66.35,67.8,63.9,63.9,7300
1996-07-22,69.55,69.55,68.5,68.5,1300
1996-07-23,62.9,67,62.25,64.1,10600
1996-07-24,59.3,59.35,57,57.55,1100
1996-07-25,59.5,59.95,55.5,55.5,1600
1996-07-26,58.8,59.95,53.55,53.55,12800
1996-07-29,59.9,61.6,58.5,61.6,900
1996-07-30,60.8,61.4,57.25,59,3100
1996-07-31,58.8,62,55,62,300
1996-08-01,59,61,59,61,300
1996-08-02,57.95,61.25,55,61.25,700
1996-08-05,54,58.75,52.5,58.75,500
1996-08-06,51.5,56,51.5,52.1,600
1996-08-07,53.45,53.45,52,52,500
1996-08-08,54.95,54.95,52,54,1400
1996-08-09,53.25,55.9,53.25,55.9,300
1996-08-12,52.7,52.7,52,52,500
1996-08-13,50.25,53.4,50,53.25,1000
1996-08-14,51.8,55,50,55,500
1996-08-16,50,54.8,50,54.8,300
1996-08-20,54,54,54,54,200
1996-08-21,53.35,58,52,58,600
1996-08-22,53.2,53.2,53.2,53.2,100
1996-08-23,48.85,51.9,48,51.9,600
1996-08-26,51.9,51.9,51.9,51.9,100
1996-08-27,50.95,50.95,50.95,50.95,100
1996-08-28,50.5,51,48,49,700
1996-08-29,52.5,54.9,49,50,1400
1996-08-30,53.7,53.7,51.1,51.1,400
1996-09-02,53.45,54.9,52,52,500
1996-09-03,50.8,56,50,56,2100
1996-09-04,51.15,54.95,50,52.25,2100
1996-09-05,52.95,56.5,50.55,56.5,300
1996-09-06,52.95,52.95,52,52,400
1996-09-09,53.25,54,52.1,54,600
1996-09-10,51.65,54,50,54,800
1996-09-11,52.9,52.9,52.9,52.9,100
1996-09-12,56,56,56,56,100
1996-09-13,54.7,58,52.5,58,400
1996-09-16,51.9,58,51.9,58,200
1996-09-17,50.15,55,48.5,55,1700
1996-09-18,51.05,53.5,47,53.5,1600
1996-09-19,51.55,54,50,53,1700
1996-09-20,50.9,50.9,50.5,50.5,200
1996-09-23,49.75,49.95,49.05,49.75,500
1996-09-24,49.45,49.45,46.5,48.3,1900
1996-09-25,47.45,52,46,52,300
1996-09-26,46.5,46.5,45,45,800
1996-09-27,45.95,45.95,44.05,44.05,1100
1996-09-30,45.7,45.7,43.35,43.9,700
1996-10-01,47.2,48,44,48,1300
1996-10-03,46.35,50,44,50,1900
1996-10-04,45.95,47.45,43.5,47.45,500
1996-10-08,46.5,46.5,46.5,46.5,100
1996-10-09,49,49,49,49,100
1996-10-10,52,52,52,52,100
1996-10-16,51.95,51.95,51.95,51.95,100
1996-10-24,48.4,49.45,48.4,49.45,200
1996-10-28,46,46,46,46,100
1996-10-29,43,43,43,43,200
1996-10-31,40.4,42,40.2,42,400
1996-11-01,41.95,41.95,39.2,40,300
1996-11-04,40.95,40.95,39.1,39.1,200
1996-11-06,38.9,38.9,38.9,38.9,100
1996-11-07,39.05,40.2,39.05,40.2,200
1996-11-08,38.5,38.5,38.5,38.5,100
1996-11-11,38.5,38.5,38.5,38.5,200
1996-11-14,38,38,38,38,100
1996-11-15,37,37,37,37,100
1996-11-19,35,35,35,35,100
1996-11-20,35.9,35.9,35.05,35.5,400
1996-11-22,36.25,36.25,35.5,35.5,200
1996-11-25,36,36,35.85,35.85,200
1996-11-26,36,37,36,37,600
1996-11-28,35.05,35.05,35.05,35.05,100
1996-12-02,35,35,35,35,200
1996-12-03,37.25,37.25,37,37,200
1996-12-04,39.25,39.25,39,39,200
1996-12-10,36.5,36.5,36.5,36.5,100
1996-12-11,35.95,37,33.95,36,500
1996-12-12,35,35,35,35,200
1996-12-16,34.95,35,34,35,700
1996-12-17,37,37,37,37,100
1996-12-18,34.5,35,34.5,34.5,300
1996-12-19,33,33,33,33,200
1996-12-20,34.95,34.95,34.95,34.95,100
1996-12-23,35,36.95,35,36.95,300
1996-12-24,34.5,34.75,34.5,34.75,500
1996-12-26,34,36.5,34,35,2800
1996-12-31,34,35.7,34,35,800
1997-01-01,34.7,35,34.5,35,2900
1997-01-02,35.7,36,34.5,35.25,4300
1997-01-03,36.15,36.25,36,36,3000
1997-01-06,35,37,35,37,2000
1997-01-07,34.5,36.5,34,36.5,1700
1997-01-08,35,36.25,35,35,7600
1997-01-09,36.05,36.5,35.5,35.5,3800
1997-01-10,38.6,38.6,37.6,37.7,1800
1997-01-13,41.2,41.25,39,39,4500
1997-01-14,39.95,41.3,39.85,41.25,2200
1997-01-15,40.15,42.65,39.6,40,6700
1997-01-16,40.3,42.9,40,42.9,5000
1997-01-17,38,40,38,39,800
1997-01-20,38,38,38,38,100
1997-01-21,35.4,35.4,35.4,35.4,100
1997-01-22,36.3,37.45,36.25,37.25,500
1997-01-27,36.5,37.25,36.5,36.5,600
1997-01-28,36,36.25,35.4,36.25,500
1997-01-29,36.85,36.85,35,35.5,500
1997-01-30,34.8,35,34.8,35,300
1997-01-31,34,34,34,34,100
1997-02-03,33.75,33.75,33.75,33.75,100
1997-02-04,34,34,33.5,33.75,800
1997-02-05,34.25,34.25,34.25,34.25,100
1997-02-06,34,34.25,34,34.25,400
1997-02-07,34.45,34.45,34,34,500
1997-02-10,34,34,33.05,33.05,400
1997-02-11,34,34.25,34,34,700
1997-02-12,34,34.05,34,34,700
1997-02-13,34.5,34.5,33.55,33.55,200
1997-02-14,34,34,34,34,100
1997-02-17,33.75,33.75,33.6,33.6,700
1997-02-18,34,34,32.55,33,600
1997-02-19,34,34,34,34,5000
1997-02-20,32.55,33.75,32.5,33.5,1300
1997-02-21,32.55,32.75,32.5,32.55,700
1997-02-25,30.65,30.75,30.5,30.75,400
1997-02-26,30.5,31,30.5,30.6,500
1997-02-27,31.05,31.7,31,31.7,600
1997-03-03,33.5,34.8,33.5,34.8,2500
1997-03-04,32.25,34,32.25,33.5,1500
1997-03-05,33.95,33.95,33,33,200
1997-03-06,33,33,33,33,100
1997-03-10,31.75,32,31.5,32,1100
1997-03-11,32,32,31.5,31.9,400
1997-03-12,32,33,32,33,300
1997-03-14,32,32,30.05,30.05,1000
1997-03-17,30.7,32,30.7,32,300
1997-03-18,30.25,30.5,30.25,30.25,400
1997-03-19,30,30,30,30,400
1997-03-20,30.5,30.5,30,30,500
1997-03-21,32.45,32.45,30.25,30.25,400
1997-03-25,31.8,32.5,31.8,32,29800
1997-03-26,32.5,32.5,32,32.25,800
1997-03-27,31,34.5,31,34.5,1400
1997-03-31,29.35,29.35,29.35,29.35,100
1997-04-01,30,31.8,28,31.8,1900
1997-04-02,30.5,31.35,30.3,30.75,2000
1997-04-03,30.25,32.25,30,31,2800
1997-04-04,30,30.45,30,30.05,800
1997-04-07,29.3,31.35,29,29.25,1800
1997-04-09,29.75,30,29.05,29.3,1400
1997-04-10,29.5,30,29.5,30,10200
1997-04-11,29,30,28.55,30,3200
1997-04-15,29.7,29.75,29.7,29.75,200
1997-04-17,28,29.5,28,29.5,21000
1997-04-21,28.05,29.45,28,29.25,2300
1997-04-22,28,28.7,28,28.7,1100
1997-04-23,28,28,28,28,800
1997-04-24,28,28.1,28,28.1,900
1997-04-25,26.75,28.45,26.5,28.45,400
1997-04-28,27.45,27.45,26,26,6800
1997-04-29,27,27,27,27,200
1997-04-30,27,27,26.95,26.95,200
1997-05-02,27,27.45,26.15,27,1900
1997-05-05,26,26.5,26,26.5,300
1997-05-06,25.5,27,25.1,27,1700
1997-05-07,26,26.5,26,26,2000
1997-05-08,25.95,26,25.5,25.9,700
1997-05-09,25.95,26,25.95,26,200
1997-05-12,25.05,25.5,24.5,25.35,1700
1997-05-13,24.25,24.35,23.5,23.65,1900
1997-05-14,24.75,24.75,24,24,1100
1997-05-15,23.55,25,23.5,25,1900
1997-05-16,23,24.45,23,24.45,300
1997-05-19,21.55,23,21.55,23,1700
1997-05-20,21.5,22,21,22,700
1997-05-21,21.5,21.5,20.75,21.5,300
1997-05-22,20.5,20.5,20.5,20.5,400
1997-05-23,20.5,20.5,20,20,400
1997-05-26,21.75,21.75,21,21,200
1997-05-27,20.25,21,20.25,21,5000
1997-05-28,19.6,20,19.55,20,5800
1997-05-29,20.3,20.3,19.55,19.55,300
1997-05-30,20.45,20.45,20.45,20.45,100
1997-06-02,20.5,20.65,20.25,20.5,800
1997-06-03,20,20.55,20,20,1500
1997-06-04,20.2,20.9,20,20.6,3600
1997-06-09,19,20.25,19,20.25,1400
1997-06-10,18.5,18.5,18,18,1900
1997-06-11,18.7,18.75,18.55,18.75,500
1997-06-12,18.3,19.5,18.3,19.5,400
1997-06-13,17.3,18.8,17.2,18.8,14700
1997-06-16,17,18.5,16.2,16.2,6700
1997-06-17,16.5,18,15.9,17.5,15200
1997-06-18,17.7,17.7,17,17,1000
1997-06-19,18.7,18.95,18.3,18.75,2200
1997-06-20,18,19.75,17.5,19.75,21700
1997-06-23,17.9,18.75,17,18.75,9900
1997-06-24,16.85,17.5,16.8,17.25,6200
1997-06-25,16.55,17.25,16.5,17.25,8800
1997-06-26,17,17.25,16.85,17,7200
1997-06-27,17.25,17.5,16.75,17,8900
1997-06-30,17.95,18,17.25,17.5,4800
1997-07-01,17.5,18.35,17.5,18.35,3500
1997-07-02,18.6,18.6,18.1,18.45,3600
1997-07-03,19.9,19.9,19,19.4,2900
1997-07-04,20.95,20.95,20.3,20.3,3000
1997-07-07,20.95,20.95,20.95,20.95,1000
1997-07-08,21,21,21,21,100
1997-07-09,22.25,22.25,22.25,22.25,500
1997-07-10,23.85,23.85,23.85,23.85,400
1997-07-11,24.75,25.15,23.75,23.75,9100
1997-07-14,24.25,25.15,24.25,24.75,5000
1997-07-15,24.75,25.15,23.1,24.15,5000
1997-07-16,25.45,25.5,24.55,24.55,2800
1997-07-17,24.9,26,24.4,25.45,6500
1997-07-21,23.2,25.15,23.2,25.15,2500
1997-07-22,24.25,24.5,23.1,24,1600
1997-07-23,25.95,25.95,25,25.25,10200
1997-07-24,26,27,25.75,26,3800
1997-07-25,26.8,27.85,25.5,26,2000
1997-07-28,27.25,27.25,26.1,26.1,2900
1997-07-29,29.05,29.05,27.25,28,8600
1997-07-30,31.05,31.05,31.05,31.05,200
1997-07-31,33.25,33.25,33.25,33.25,200
1997-08-01,34.8,34.8,34.8,34.8,2000
1997-08-04,34.8,34.8,34.8,34.8,14800
1997-08-05,34.85,34.85,34.85,34.85,100
1997-08-07,37.25,37.25,36,36,1200
1997-08-08,39.9,39.9,39.85,39.85,6900
1997-08-11,40.8,41.7,39,39.9,10800
1997-08-12,41.75,41.75,41,41.75,3300
1997-08-13,41.3,43.7,40.1,41,14200
1997-08-14,38.9,42.95,38.5,42.8,9700
1997-08-18,36.85,38.6,36.3,38.4,7600
1997-08-19,36.65,37,35.35,37,6300
1997-08-20,34.45,35.95,34.3,35,5400
1997-08-21,35.5,36.45,34.55,34.6,4500
1997-08-22,36.65,37.3,35.6,36.25,3300
1997-08-25,39.25,39.25,37.1,39.15,16000
1997-08-26,42,42,41.1,41.9,14600
1997-08-27,44.6,44.95,43.9,43.9,14100
1997-08-28,41.8,46.9,41.5,44,28000
1997-08-29,40.5,41,39,39,12400
1997-09-01,40.15,42,38.5,40,10800
1997-09-02,39.5,40.9,38,40,20300
1997-09-03,38.75,39,37,37.05,2300
1997-09-04,38.45,40,37,38.05,3400
1997-09-05,38.9,39,37.75,38,2200
1997-09-08,40.8,41.6,39.1,41.6,2000
1997-09-09,40.9,41.35,40,40,3600
1997-09-10,40.15,41,39.25,40,1500
1997-09-11,41.85,42.95,39.05,40.5,3400
1997-09-12,39.8,42,39.7,41,3200
1997-09-15,39.2,40,39.2,39.7,700
1997-09-16,37.85,39.25,37,39,4600
1997-09-17,37.7,37.7,35.6,36,300
1997-09-18,35.1,35.65,35.1,35.65,1400
1997-09-19,32.7,33.95,32.7,33.5,1600
1997-09-22,31,31.9,31,31.15,1800
1997-09-23,30.2,31,30.2,30.5,5000
1997-09-24,29.3,31,28.9,31,3400
1997-09-25,30.95,31,30.05,31,900
1997-09-26,31.3,31.3,29.55,29.6,1700
1997-09-29,31.8,31.8,31,31.05,900
1997-09-30,32.15,32.9,31,31.3,2000
1997-10-01,31.2,32,31,32,1500
1997-10-09,29.5,30.7,29.05,29.55,2900
1997-10-10,29.5,29.5,28.55,29,1600
1997-10-13,29.2,30.05,29.2,30.05,600
1997-10-14,28.4,30,28.1,28.1,1000
1997-10-15,29.75,29.75,29,29,800
1997-10-16,31,31.25,30,31,1600
1997-10-17,31.9,32,30.5,32,2300
1997-10-20,33.85,33.85,32.45,32.45,1500
1997-10-21,32.5,33.6,32.5,33,2100
1997-10-22,31.6,32,30.6,30.6,900
1997-10-23,31.5,31.9,31,31,300
1997-10-24,31.35,31.45,31,31,700
1997-10-27,31.3,31.6,31,31,1600
1997-10-28,30,30.05,29.15,30,900
1997-10-29,30,31,28.1,28.1,800
1997-10-30,31.5,31.75,31,31,300
1997-11-03,30,30.25,29.75,30.25,700
1997-11-04,29,29.75,29,29.75,1400
1997-11-05,29.25,29.25,29.25,29.25,100
1997-11-06,28,28.5,28,28.5,800
1997-11-07,28.5,28.5,27.25,28,700
1997-11-10,28,28.5,28,28.5,500
1997-11-11,28.5,28.9,28,28.9,600
1997-11-13,28,28,27.5,27.5,600
1997-11-17,26.5,28,26.5,27,600
1997-11-18,25.75,26.5,25.75,26.5,400
1997-11-19,24.7,25.5,24.55,24.65,700
1997-11-20,26.25,26.25,26.25,26.25,100
1997-11-21,26.05,26.7,26.05,26.6,400
1997-11-24,25.7,27,25.7,27,300
1997-11-25,26,27,26,26.05,600
1997-11-26,27.5,27.5,25.5,25.5,700
1997-11-27,27.8,28,27.4,27.4,1500
1997-11-28,27.4,28.4,27.4,28.4,400
1997-12-01,27.5,27.5,26,26,500
1997-12-02,28.95,28.95,27.5,28,1000
1997-12-03,30.8,30.9,29.25,30,900
1997-12-04,31.25,31.5,31,31,2500
1997-12-05,29.5,31.25,29.5,31.25,1400
1997-12-08,29.3,29.5,28.8,29.5,900
1997-12-09,28,28,28,28,200
1997-12-10,26.25,28,26.25,28,700
1997-12-11,26,26,26,26,100
1997-12-12,25.5,26,25.5,26,200
1997-12-15,25.5,25.55,25.5,25.55,400
1997-12-16,25.7,26,25.3,26,500
1997-12-17,27.5,27.5,26.5,26.5,800
1997-12-18,28.5,29.4,27.5,27.5,1300
1997-12-19,28,28,27.5,27.5,300
1997-12-22,27.9,28.15,27,27,600
1997-12-23,28.35,28.35,27.1,27.1,300
1997-12-24,28,28,28,28,100
1997-12-26,28,28,27.35,27.4,400
1997-12-29,28.2,28.25,27.95,27.95,600
1997-12-30,29.5,29.5,27.8,27.85,700
1997-12-31,30,30,29.85,29.9,400
1998-01-01,29.75,30,28.15,28.15,900
1998-01-02,29.95,29.95,29,29.05,600
1998-01-05,31.5,31.5,28.6,28.75,1500
1998-01-06,29.95,31.5,29.5,31.5,3100
1998-01-07,31.2,31.6,30.1,30.1,1200
1998-01-08,30.1,31.75,30.1,31.75,400
1998-01-09,28.6,29,28.6,29,700
1998-01-12,27.8,30.45,27.8,30.45,800
1998-01-13,28.75,29.8,28.15,29.5,700
1998-01-14,29.25,29.25,29.25,29.25,100
1998-01-15,28.5,29.5,28.5,29.5,400
1998-01-16,29,29,28.25,28.25,300
1998-01-19,28.5,28.55,28.5,28.55,200
1998-01-20,28.35,29.25,28.1,29.25,500
1998-01-21,29,29,28.85,28.85,600
1998-01-22,28.5,28.5,28.5,28.5,100
1998-01-27,27.5,27.95,27.5,27.95,200
1998-01-28,26.55,26.55,26.55,26.55,100
1998-01-29,26.1,26.1,25.5,25.65,1200
1998-01-30,27.5,27.5,27,27,400
1998-02-02,26.45,27.25,26.35,27.2,500
1998-02-03,27,27,27,27,200
1998-02-04,26.85,26.85,26.05,26.05,200
1998-02-05,25.75,26.05,25.7,26.05,400
1998-02-06,24.15,24.5,24.15,24.5,300
1998-02-09,25.25,25.25,24.5,24.5,300
1998-02-10,24,25,23.5,23.5,1800
1998-02-11,23.55,24,23.55,24,1100
1998-02-12,24.85,24.85,24,24,200
1998-02-17,25,25,25,25,100
1998-02-18,24.75,24.95,24.6,24.95,400
1998-02-19,24.75,24.75,24.75,24.75,400
1998-02-23,24,24.75,24,24.75,400
1998-02-24,24.7,24.75,24,24,1700
1998-02-25,27,27,24.75,24.75,1000
1998-02-26,27.95,27.95,26.5,26.5,700
1998-02-27,27.1,28,27,28,1100
1998-03-02,28.45,28.75,27,27.1,2100
1998-03-03,26,27,25.8,27,1200
1998-03-04,27,27.85,27,27.85,300
1998-03-05,27.05,28,27.05,27.95,800
1998-03-06,27.25,27.25,27,27,500
1998-03-09,29.5,29.5,28.75,28.75,1100
1998-03-10,29,30.85,28.75,29,1300
1998-03-11,28.5,28.5,27.8,27.8,200
1998-03-12,27.9,27.9,27,27,500
1998-03-16,28,29,27.1,27.1,900
1998-03-17,27.6,28.5,27.25,28,800
1998-03-18,28.8,29.45,28.55,28.7,700
1998-03-19,28,29,27.5,29,800
1998-03-20,29.5,30.8,29.45,30.65,900
1998-03-24,28.25,30.7,28.25,29.75,2200
1998-03-25,30,30.8,30,30,600
1998-03-26,32,33,31.5,32,2400
1998-03-27,33.4,33.45,32.45,33.4,800
1998-03-30,33.35,33.75,33,33.75,2000
1998-03-31,32.25,33,31.75,32.45,2600
1998-04-01,35.5,35.5,34,35,2600
1998-04-02,34,35,34,34.5,2300
1998-04-03,34.25,35,34.25,34.95,500
1998-04-06,33,33.5,32.25,32.25,1900
1998-04-07,33,33.5,32,32,1000
1998-04-09,35.5,36.05,35,36,1800
1998-04-10,36.05,38,36.05,38,500
1998-04-13,35.4,37,34.3,34.3,2800
1998-04-15,38.95,38.95,36,36,8300
1998-04-16,42.85,42.85,39.05,39.05,9400
1998-04-17,41.2,43,40,42,4100
1998-04-20,39.05,39.5,38.4,38.6,2300
1998-04-21,39.4,40,36.4,38,7500
1998-04-22,39.85,42,39.5,41.9,5700
1998-04-23,37.85,39,37.55,39,1700
1998-04-24,35.5,36,34.5,34.6,1500
1998-04-27,33.5,36.5,33.5,36.5,2500
1998-04-28,34.05,36,34,34,3200
1998-04-29,34,34.9,34,34.55,900
1998-04-30,36,36,34,34,400
1998-05-04,36.9,36.9,35.15,36.9,700
1998-05-05,35.95,37,35,37,1700
1998-05-06,33,36,33,36,200
1998-05-08,36.3,36.3,33.1,35,1700
1998-05-11,35.95,36.05,35.95,36.05,400
1998-05-12,34,34,33,33.1,1000
1998-05-13,33,34,33,34,1700
1998-05-14,34,34,33,34,500
1998-05-15,35.05,35.05,35.05,35.05,100
1998-05-18,34.35,35.4,33,34.05,1000
1998-05-19,35.5,37.75,35.05,37.7,2100
1998-05-20,37.95,39,36.6,36.9,3000
1998-05-21,37,39,37,39,2000
1998-05-22,36.75,37.25,36.6,37.25,500
1998-05-25,36.6,37.55,36.55,37.45,2300
1998-05-26,34.7,36.25,34.05,36.25,3100
1998-05-27,36,36.7,36,36,1800
1998-05-28,36.3,36.75,35,35,3000
1998-05-29,35.1,35.1,34.7,35,700
1998-06-01,36,36.2,34,34,1500
1998-06-02,34,35.25,33.5,34,1300
1998-06-03,31.5,31.5,31.5,31.5,100
1998-06-04,31.35,31.5,31.25,31.4,1000
1998-06-05,29.1,29.2,29.1,29.2,200
1998-06-09,28.55,29,27.5,27.5,1400
1998-06-11,29,29,27.6,27.6,500
1998-06-12,27.75,28,27.75,27.75,300
1998-06-15,25.05,25.2,25,25.05,600
1998-06-16,22.9,24.95,22.7,23.05,1000
1998-06-17,24.25,24.25,24.25,24.25,100
1998-06-18,26.7,26.7,26.7,26.7,100
1998-06-19,28.6,28.6,26.75,26.75,200
1998-06-22,26.5,26.5,26.5,26.5,500
1998-06-23,25,25.5,23.95,25,600
1998-06-24,27,27,25,25,200
1998-06-25,27,27,25.8,25.8,600
1998-06-26,27,27.25,27,27,1200
1998-06-30,25,26.5,25,26.05,600
1998-07-01,25,25,25,25,100
1998-07-02,26.9,26.9,25.15,25.15,800
1998-07-03,25.35,26,25.35,26,1000
1998-07-06,26.35,26.5,25.5,25.5,1600
1998-07-07,26.4,26.7,26.3,26.35,700
1998-07-08,27.85,27.85,27.85,27.85,100
1998-07-09,28.5,28.95,26.9,26.9,1100
1998-07-10,28.5,28.5,27.9,28.25,1400
1998-07-13,28.8,28.8,28.8,28.8,100
1998-07-14,29.7,29.7,28,28,1200
1998-07-15,28.8,28.8,28.65,28.65,200
1998-07-16,31,31,29.5,29.5,1400
1998-07-17,31.95,32,30.1,30.15,3900
1998-07-20,34.5,34.5,31.5,31.5,2700
1998-07-21,35.5,37.3,35,36.4,5100
1998-07-22,37.15,38,36,36.25,4900
1998-07-23,34.75,36.8,34.6,36.8,5100
1998-07-24,32,35.5,32,35.5,4100
1998-07-27,29.5,32.75,29.5,32.75,2000
1998-07-28,29.05,30,28.15,29,2400
1998-07-29,31.4,31.4,30,30,1600
1998-07-30,32.45,32.7,30.7,30.7,1900
1998-07-31,33.6,34.5,32.25,32.25,900
1998-08-03,32,32.95,32,32,1000
1998-08-04,32,32.1,32,32,600
1998-08-05,33.05,33.25,30,30.9,2000
1998-08-06,34,35,34,34,4600
1998-08-07,34.35,34.45,33,34,2400
1998-08-10,34.45,35.2,34,34,4100
1998-08-11,34.95,35.2,34,34,2900
1998-08-12,35,35.5,34.1,34.5,1200
1998-08-13,34.5,34.75,33.4,33.5,1400
1998-08-14,34.2,35,34.15,34.75,1300
1998-08-17,34.5,35,34,34,3400
1998-08-18,32.75,35,32.5,34,1400
1998-08-19,33.25,33.85,33.25,33.85,400
1998-08-20,34.5,34.9,33.5,33.5,1800
1998-08-21,34.25,34.95,34,34.1,3900
1998-08-24,34.6,34.75,33,33,3000
1998-08-25,35.4,36,34.9,35.75,6400
1998-08-27,38.25,38.25,38.25,38.25,200
1998-08-28,41.25,41.25,40,40,4100
1998-08-31,44.55,44.55,42,42,8300
1998-09-01,46.15,46.8,43,43,13200
1998-09-02,49.85,49.85,47.5,49.8,20900
1998-09-03,53.85,53.85,53.5,53.5,7500
1998-09-04,58.2,58.2,58.15,58.15,8100
1998-09-07,62.9,62.9,61.8,61.8,7800
1998-09-08,57.9,67.95,57.9,67.85,23100
1998-09-09,53.3,53.3,53.3,53.3,3800
1998-09-10,49.05,49.05,49.05,49.05,3200
1998-09-11,45.15,45.15,45.15,45.15,2500
1998-09-14,48.8,48.8,41.55,41.65,28500
1998-09-15,51.8,52.45,47.5,49.9,19000
1998-09-16,50.3,53.75,50,52.25,14400
1998-09-17,46.3,50,46.3,49.25,8700
1998-09-18,44.3,46,42.6,42.7,14400
1998-09-21,47.3,47.8,45,46.5,9000
1998-09-22,44.55,46.5,44.1,46.5,8500
1998-09-23,46.5,48.15,43.5,43.5,4400
1998-09-24,47.25,47.95,46.25,47,1200
1998-09-25,45.9,46.4,45.5,46,2100
1998-09-28,46.45,46.8,45.25,46.8,2300
1998-09-29,44.4,46.25,44,46,3000
1998-09-30,46.05,46.95,43.05,43.05,2600
1998-10-05,42.5,43.25,42.5,43.2,3200
1998-10-06,42.65,43,41,41,2400
1998-10-07,44,45,42.05,45,1200
1998-10-08,42.1,44,42,44,1400
1998-10-09,42,42,41,42,1700
1998-10-12,39.5,41.05,39.5,41.05,300
1998-10-13,38.35,40,37.5,40,2100
1998-10-14,38,38,37.1,37.5,900
1998-10-15,37,38.25,37,38.25,800
1998-10-16,36.85,39.25,36.5,38.9,1800
1998-10-19,35,35.95,35,35.95,500
1998-10-20,33.95,35,33.5,35,1500
1998-10-22,36.7,36.7,34.05,34.05,1100
1998-10-23,39.65,39.65,37,37,1400
1998-10-26,42.85,42.85,41.05,41.05,2100
1998-10-27,43.15,46,42.2,46,2100
1998-10-28,43.35,46,43.2,46,4600
1998-10-29,42.05,43.5,42.05,43.25,2400
1998-10-30,39.2,43.7,38.7,42.5,4900
1998-11-02,38,39.5,38,38.75,1200
1998-11-03,36.15,38.5,36,37.1,4300
1998-11-05,38,38.6,37,37,1200
1998-11-06,38.1,39.25,38.1,39.05,1100
1998-11-09,39,39,38.25,39,900
1998-11-10,38.55,39.7,38,39,1900
1998-11-11,38,39,38,39,500
1998-11-12,37.7,37.7,36,37.05,1100
1998-11-13,37.8,38.35,37.8,38,600
1998-11-16,37.35,38.25,37.1,37.15,900
1998-11-17,36.5,36.9,35.25,36.6,2200
1998-11-18,38,38,36.8,37.2,900
1998-11-19,37,38,36.35,37.5,2000
1998-11-20,36.05,36.05,36.05,36.05,200
1998-11-23,36.5,36.5,35.9,35.9,400
1998-11-24,35.9,35.95,35.25,35.4,2600
1998-11-26,35,35,34.25,35,1100
1998-11-27,34.3,34.3,34.15,34.15,200
1998-11-30,34,34,33.95,33.95,600
1998-12-01,33.5,33.9,33.5,33.6,1500
1998-12-02,33.75,34.9,33,34.9,600
1998-12-04,32.3,33,32.25,33,300
1998-12-07,34,34,33,33,900
1998-12-08,33.25,33.5,33.1,33.3,800
1998-12-09,35.1,35.1,33.75,33.8,1500
1998-12-10,36.2,36.2,35.05,35.1,1400
1998-12-11,35.25,36,35,36,1400
1998-12-14,34.75,35.75,34.35,34.4,1000
1998-12-15,34.1,34.8,34.1,34.5,1800
1998-12-16,34.75,34.75,33.7,34.1,800
1998-12-17,34.5,34.5,34,34,800
1998-12-18,34.95,34.95,34.75,34.75,400
1998-12-21,36.45,37.5,35.5,35.5,2200
1998-12-22,37.9,37.9,37,37.1,1800
1998-12-23,40.95,40.95,40,40,1100
1998-12-24,43,43,41,43,6500
1998-12-28,45.5,45.6,43.5,45.6,3500
1998-12-29,46.95,46.95,42.05,42.6,5200
1998-12-30,47,49.95,45,46.05,8200
1998-12-31,44.05,46,44,45,2300
1999-01-01,43,45,42.5,45,1300
1999-01-04,44.05,45.35,44,44.5,2100
1999-01-05,42,45.1,41.15,45.1,2400
1999-01-06,45.4,45.4,44.5,45.25,3200
1999-01-07,45.5,49,45.5,46.75,9300
1999-01-08,45.85,47.5,43.6,47.5,4200
1999-01-11,42.7,46,42.7,46,2100
1999-01-12,40,42,39.5,41,4600
1999-01-13,41,42,40.65,42,1100
1999-01-14,41.7,41.7,40,40,1500
1999-01-15,40.1,41.95,40.1,41.95,1100
1999-01-18,39,40.5,38,38.05,1300
1999-01-19,39,40,39,40,3500
1999-01-21,40.75,40.75,37.6,39,2400
1999-01-22,40.75,41.2,40.2,40.2,800
1999-01-25,38,38.55,38,38.5,1600
1999-01-27,38.1,38.75,35.6,37.7,3600
1999-01-28,35.7,37.5,35.7,37.5,900
1999-01-29,36,36,33.7,34,1300
1999-02-01,35.75,37,35.5,35.5,1900
1999-02-02,33.15,34.95,33.1,34.25,3300
1999-02-03,35.8,35.8,34,34,600
1999-02-04,36.2,36.45,33.5,34.35,1400
1999-02-05,38,38,35,35,2900
1999-02-08,39.5,41,39,39.25,2200
1999-02-09,40.9,40.9,38,39.25,3200
1999-02-10,44.2,44.2,42.5,44.2,3900
1999-02-11,47.75,47.75,45,47.5,7000
1999-02-12,51.6,51.6,48.55,51.5,15200
1999-02-15,54.8,55.75,51.5,51.5,24700
1999-02-16,57.55,59,53.7,53.7,31600
1999-02-17,59.5,62.15,57.55,62,45400
1999-02-18,54.75,62.55,54.75,62.55,12100
1999-02-19,50.4,55,50.4,55,5600
1999-02-22,46.4,53,46.4,53,3600
1999-02-23,43.55,45.8,42.7,42.7,8600
1999-02-24,46,46,43,43,3900
1999-02-25,46.5,48.6,46,46,5900
1999-02-26,46.1,47,45.1,46,2800
1999-03-01,53.8,53.8,51.5,53.8,7000
1999-03-03,58.1,58.1,57.2,58.1,31200
1999-03-04,62.75,62.75,60.1,62.75,99100
1999-03-05,67.8,67.8,67.8,67.8,51200
1999-03-08,73.25,73.25,69.05,73.25,144300
1999-03-09,79.15,79.15,73.5,74,135400
1999-03-10,85.5,85.5,85.5,85.5,54000
1999-03-11,92.35,92.35,86.1,92.35,173000
1999-03-12,85.6,89.85,85,88.05,87000
1999-03-15,78.75,86,78.75,86,41400
1999-03-16,72.45,75.75,72.45,72.8,90900
1999-03-17,78.25,78.25,75,75.45,30300
1999-03-18,84.55,84.55,77.25,79,49000
1999-03-19,81.9,88.9,78.35,88.9,24000
1999-03-22,74,81.8,74,81,18000
1999-03-23,71,74.5,70,70.75,35600
1999-03-24,73.95,76.5,73,74.9,27200
1999-03-25,70.4,72.8,69,71.3,10700
1999-03-26,67.75,76,66,76,11100
1999-03-30,62.9,66.5,62.5,64.5,23900
1999-03-31,67.95,67.95,64.35,66,22200
1999-04-01,66.85,68.7,66,68.45,15000
1999-04-05,61.5,64.5,61.5,64.5,10500
1999-04-06,57.5,57.9,56.6,56.75,14900
1999-04-07,58.5,60,57.1,59.9,12500
1999-04-08,55,58.2,55,58.15,5900
1999-04-09,51.7,52.9,50.75,51.3,8000
1999-04-12,52.05,53,47.7,48.1,9500
1999-04-13,51,51.95,50,50.05,12400
1999-04-15,47,49.8,47,47.4,6800
1999-04-16,50,50,47.6,47.9,3600
1999-04-19,50.95,50.95,46.5,47,4600
1999-04-20,55.05,55.05,52.55,52.8,13600
1999-04-21,59.45,59.45,59.2,59.25,8900
1999-04-22,58.25,64.25,57.55,60.1,16300
1999-04-23,56.25,61.2,55.9,61.2,11500
1999-04-26,51.75,54.05,51.75,54.05,6700
1999-04-28,47.65,47.7,47.65,47.65,1600
1999-04-29,51.5,51.5,49.25,50.5,7300
1999-04-30,52.95,53.5,50.65,51.5,3800
1999-05-03,49.4,50.25,48.75,50.25,6200
1999-05-04,47.5,48,45.5,46,10400
1999-05-05,49,49.4,47.6,48.6,7600
1999-05-06,50.35,50.9,48.3,48.9,5300
1999-05-07,49.85,51.95,49,50.4,5500
1999-05-10,53.6,53.85,48,50.25,11800
1999-05-11,54.35,57,52.5,57,14400
1999-05-12,50,54.95,50,54,7000
1999-05-13,51.45,52.85,50.05,52.85,6200
1999-05-14,50,51.45,49.55,50.25,3700
1999-05-17,48.4,49,47.65,48,2300
1999-05-18,47,47.9,46,46,6800
1999-05-19,48.7,49.05,48,48.1,3300
1999-05-20,47.05,49,47,48.5,2600
1999-05-21,46.25,47.2,46,46.2,1500
1999-05-24,46.6,46.95,45.15,45.15,1800
1999-05-25,46.15,46.95,45.85,45.85,4300
1999-05-26,46.5,47.1,46.4,46.55,3100
1999-05-27,45.95,47.05,45.75,46.5,4300
1999-05-28,43,45.15,42.4,45.15,3000
1999-05-31,45.35,45.35,43.5,43.95,2400
1999-06-01,43,45,43,44,3700
1999-06-02,44.45,44.65,43,43,1900
1999-06-03,48.05,48.05,45,45,4900
1999-06-04,51.9,51.9,49.65,49.65,6900
1999-06-07,50.9,54,50.9,52.2,8900
1999-06-08,54.55,54.55,50,50,8800
1999-06-09,55.6,56.5,54,56.3,7900
1999-06-10,55.5,56.9,55.3,56,4600
1999-06-11,55.65,55.95,53,53,5000
1999-06-14,51.7,54,51.2,52.05,6200
1999-06-15,51.3,52.1,50.5,50.5,5100
1999-06-16,53.3,54,52.1,52.1,4800
1999-06-17,53.8,54.75,53,54.75,2100
1999-06-18,53.9,55.5,53.55,54.2,7100
1999-06-21,54,54.45,53.75,54.05,2300
1999-06-22,53.3,54,53.1,54,4900
1999-06-23,55.5,56.5,55,56,4500
1999-06-24,54,54.9,53,54.1,4100
1999-06-25,53,54.4,52.75,54,4300
1999-06-28,54,55,51,52.5,8100
1999-06-29,54.2,57.1,53.5,57.1,6500
1999-06-30,58.5,58.55,54.25,54.5,6900
1999-07-01,60.15,62,58.05,58.05,15300
1999-07-02,65,65,58.55,61.25,17200
1999-07-05,70.2,70.2,67.5,67.5,13700
1999-07-06,75.7,75.85,69.05,75.6,34700
1999-07-07,76.2,78.75,75.5,78,25600
1999-07-08,70.1,75.25,70.1,75.25,10400
1999-07-09,64.65,68,64.5,68,18300
1999-07-12,69.3,69.8,64,69.5,13500
1999-07-13,64.4,68.5,63.8,68.5,17600
1999-07-14,65.65,67,63.05,63.5,8600
1999-07-15,64.15,65.4,64,65,7000
1999-07-16,62.85,63.3,61.2,63.2,6700
1999-07-19,63.3,63.4,61,63,7300
1999-07-20,62.95,64.8,62.5,63.3,7100
1999-07-21,62.4,68,62,65,46000
1999-07-22,62.1,66.2,61,64.85,27500
1999-07-23,62.4,62.75,58,58,5300
1999-07-26,62.55,63,57.9,60,23000
1999-07-27,61.55,62.2,59.2,60,17500
1999-07-28,63.75,64.75,62.5,64.7,9300
1999-07-29,63.65,64.75,62.5,64.5,3800
1999-07-30,65.25,68.4,63,64,19800
1999-08-02,63.6,65.4,63.5,63.55,7500
1999-08-03,62.5,63.85,61.6,63,7400
1999-08-04,63.4,65,62.8,65,3400
1999-08-05,62.55,63.95,62.25,63.5,3000
1999-08-06,62.6,63,62,63,3300
1999-08-09,61,63,60.5,60.75,3600
1999-08-10,60.45,62,58.4,58.4,7700
1999-08-11,63,64.75,58.25,58.25,11400
1999-08-12,68.05,68.05,64,64,19000
1999-08-13,73.4,73.5,69.1,71.4,35500
1999-08-16,78.75,79,74.35,76.5,37500
1999-08-17,79.1,82.5,75.3,79,39000
1999-08-18,85.45,85.45,82.5,84.7,34600
1999-08-19,78.65,89,78.65,89,14400
1999-08-20,79.55,81,73.05,74.5,10200
1999-08-23,84.2,85.9,77.5,80.4,38200
1999-08-24,85.25,87.9,80.35,87,35300
1999-08-25,84.85,92.1,83.05,88.9,63300
1999-08-26,91.65,91.65,85,89.9,172500
1999-08-27,93.95,97.4,91.9,93,57300
1999-08-30,89.3,96,88.55,93.9,40200
1999-08-31,85.9,89,85,88,41200
1999-09-01,92.8,92.8,87,92.8,75400
1999-09-02,93.05,100.25,92,99.9,43500
1999-09-03,100.5,100.5,97,99.95,44300
1999-09-06,108.55,108.55,105,108.5,48000
1999-09-07,117.25,117.25,114,115,48300
1999-09-08,126.65,126.65,126.65,126.65,23400
1999-09-09,136.8,136.8,134,136.8,35200
1999-09-10,125.9,146.8,125.9,146.8,38400
1999-09-14,121.35,124.9,115.85,118,83800
1999-09-15,117.85,128,115.1,122.05,55300
1999-09-16,127.3,127.3,127.3,127.3,100
1999-09-17,106.4,108,100.6,105,49100
1999-09-20,110.7,113,106.05,107,40600
1999-09-21,105.5,113.45,105,112,48300
1999-09-22,113.95,113.95,109.1,112,12600
1999-09-23,115.9,120.4,112,117.9,40900
1999-09-24,114.65,119.7,113,119.7,22100
1999-09-27,108.85,114.9,107.15,114,20400
1999-09-28,107.05,109.35,104,106,30700
1999-09-29,115.65,115.65,110,111.9,23900
1999-09-30,116.4,124.9,113.1,122,59500
1999-10-01,116.65,118,110,110,26200
1999-10-04,112.85,118,110.1,117.9,32300
1999-10-05,113.85,115.9,108,111.5,37700
1999-10-06,122.55,123,116.5,119,62400
1999-10-07,132.35,132.35,128,128,44000
1999-10-08,142.95,142.95,136,142,43400
1999-10-11,154.4,154.4,150.9,152.7,16600
1999-10-12,166.75,166.75,164.1,166.75,44400
1999-10-13,180.1,180.1,166.75,179.85,32000
1999-10-14,194.55,194.55,194.45,194.45,22400
1999-10-15,179,209.4,179,209.4,16500
1999-10-18,178.9,189.4,164.7,165.4,104500
1999-10-20,180.7,192,178,184.8,70200
1999-10-21,166.45,187,166.25,185,30000
1999-10-22,156.35,167,154,167,29900
1999-10-25,141.65,155,141.65,155,7400
1999-10-26,130.35,131,130.35,131,18000
1999-10-27,119.95,125,119.95,121.3,13000
1999-10-28,110.8,119,110.35,111.6,59400
1999-10-29,105.9,111.9,101.95,107.25,30000
1999-11-01,97.45,107,97.45,107,31400
1999-11-02,105.25,105.25,90.3,90.5,48300
1999-11-03,112.15,113.7,106.1,112.4,48200
1999-11-04,110.45,115,106.05,115,17100
1999-11-05,119.3,119.3,107.5,107.5,71500
1999-11-09,129.9,129.9,121,127.7,92200
1999-11-10,139,139,139,139,1700
1999-11-11,150.15,150.15,150,150,4900
1999-11-12,161.55,162.2,154,158.9,115400
1999-11-15,157.25,168,151,168,86000
1999-11-16,169.35,169.85,147,147,131900
1999-11-17,164,175,163.05,171,115700
1999-11-18,163.7,165.4,159.5,163,49500
1999-11-19,161.2,163.75,158.1,162.1,29800
1999-11-22,169.4,171,163,163,73200
1999-11-24,182.95,182.95,175,178,81700
1999-11-25,180.05,196.85,175.9,193,118700
1999-11-26,189.8,194,175.5,184,173800
1999-11-29,187.95,196,185,193.95,98800
1999-11-30,186.4,190,185,187.4,66200
1999-12-01,172.5,187.95,171.5,187,82000
1999-12-02,186.3,186.3,163.6,167,81200
1999-12-03,188.1,196.8,181.5,196.8,111800
1999-12-06,189.6,194.95,180,188.5,110300
1999-12-07,195.45,203.8,187,189,152100
1999-12-08,192.25,210,190.1,203,83000
1999-12-09,191.6,193.5,187.3,190.2,24900
1999-12-10,190.35,193.8,188,190.5,19700
1999-12-13,190.75,198.8,186.25,198,28300
1999-12-14,187.1,191,183.5,186,47200
1999-12-15,176.05,190,175,190,16900
1999-12-16,190.15,190.15,178,178,13100
1999-12-17,205.4,205.4,192.15,200,45000
1999-12-20,221.85,221.85,210,211,28900
1999-12-21,239.6,239.6,228,238,38000
1999-12-22,258.8,258.8,252,257,36500
1999-12-23,278.95,279.5,251.2,279.45,47700
1999-12-24,301.3,301.3,256.65,285,79900
1999-12-27,298.5,309.5,278,300,54700
1999-12-28,322.25,322.4,290.25,294,43800
1999-12-29,346.2,347.5,312.55,334,43100
1999-12-30,323.7,353,318.5,336,24200
2000-01-03,346.5,348.7,327,329,22400
2000-01-04,318.8,347,318.8,335,8700
2000-01-05,293.3,303,293.3,303,21000
2000-01-06,315.95,316.8,270,280,46900
2000-01-07,294.95,323.95,290.7,323.95,16200
2000-01-10,272,297,271.5,297,4700
2000-01-11,250.25,270,250.25,268,9300
2000-01-12,230.7,255,230.6,250,5500
2000-01-13,233.8,246.9,221,221,12400
2000-01-14,228.35,231.85,225,231,6800
2000-01-17,225.55,228.9,222.05,225,4600
2000-01-18,218.8,223,213.5,213.5,8700
2000-01-19,236.3,236.3,228,228,2900
2000-01-20,255.2,255.2,245,249,7900
2000-01-21,275.65,275.65,255.1,269,14100
2000-01-24,254,289.9,254,289.9,10900
2000-01-25,241.65,250,236.55,250,13000
2000-01-27,245.25,260.9,245,255,9300
2000-01-28,239.7,254,237.65,254,7300
2000-01-31,220.55,226,220.55,225,3700
2000-02-01,216.6,228.9,203,212,17500
2000-02-02,226.05,233.95,222,222,12800
2000-02-03,225,230,210,210,5000
2000-02-04,215.25,232,212.1,227,10600
2000-02-07,198.05,215,198.05,215,6400
2000-02-08,184.55,191,182.25,191,23900
2000-02-09,190,199.35,183,195,28000
2000-02-10,187,193.45,181.2,189,11100
2000-02-11,175.55,188.5,172.1,188.5,21300
2000-02-14,161.9,169.8,161.6,163,11800
2000-02-15,152,159,148.95,151,18900
2000-02-16,164.2,164.2,150,154,15700
2000-02-17,177.35,177.35,171,174,3100
2000-02-18,191.55,191.55,181.1,190,27100
2000-02-21,184.3,194,180.1,192.9,18700
2000-02-22,176.1,185,172,180.15,18600
2000-02-23,177.4,188,172,185,7200
2000-02-24,166.9,177.5,166.55,175,3100
2000-02-25,155.05,165,154.25,165,7400
2000-02-28,167.45,167.45,145,150,5600
2000-02-29,155.75,179.4,154.25,172.05,21600
2000-03-01,168.25,168.25,155,155,5900
2000-03-02,155,179,155,178.7,12800
2000-03-03,147,152,142.6,143.15,7700
2000-03-06,135.9,148.5,135.9,147,4600
2000-03-07,146.5,146.8,125.25,125.25,16600
2000-03-08,143.15,155,139.05,154.75,13300
2000-03-09,136.05,142,131.7,140,3400
2000-03-10,136.45,138.95,133.05,138.9,24900
2000-03-13,130.15,140.4,127.5,134.5,9200
2000-03-14,122.2,133.9,120,133,20800
2000-03-15,130.55,132,127,128,11600
2000-03-16,131.15,134.95,124,132,8100
2000-03-21,121.1,129,120.8,126,6900
2000-03-22,129.5,130.65,125,127,3600
2000-03-23,123,133,123,130,7100
2000-03-24,119.9,120,116.25,119,1500
2000-03-27,129.5,129.5,118,124.5,7300
2000-03-28,139.9,139.9,127,127.2,9700
2000-03-29,150.55,151.1,148,149.7,15100
2000-03-30,146,150.9,141,150,15700
2000-03-31,144.05,146.5,140.25,145,3900
2000-04-03,138.35,150,133,147,7900
2000-04-04,127.3,132.55,127.3,132.55,7000
2000-04-05,124.2,126,120,120,2400
2000-04-06,119.25,128,116,128,2300
2000-04-07,128.8,128.8,121.05,124,6000
2000-04-10,139.1,139.1,131.1,134.9,12200
2000-04-11,139.25,144.7,131.15,140,13800
2000-04-12,148.8,148.8,148.7,148.7,7900
2000-04-13,143.55,148,140,148,19500
2000-04-17,132.1,135.75,132.1,135.75,7300
2000-04-18,137.55,139.8,133.75,133.75,5300
2000-04-19,134,142.8,133.5,140,6300
2000-04-20,128.5,134,123.3,134,4900
2000-04-24,129,131.4,124.1,129,2900
2000-04-25,120,125,118.7,125,7900
2000-04-26,129.5,129.6,120,120,11300
2000-04-27,127.95,133.9,123.2,131,7700
2000-04-28,123.95,125.9,122,125.85,2600
2000-05-02,114.1,122,114.1,119,9000
2000-05-03,105.2,108,105,105,5500
2000-05-04,113.65,113.65,108,111,8100
2000-05-05,115,120.15,113,118.7,4900
2000-05-08,106.75,120,106,114.9,10700
2000-05-09,99.8,106,99,99,15700
2000-05-10,107.3,107.8,104.65,107.7,9700
2000-05-11,104,108.5,104,105,2000
2000-05-12,99.5,103,98.05,99.1,2000
2000-05-15,97.25,98.65,91.55,95.05,3600
2000-05-16,89.9,95,89.6,92.1,10100
2000-05-17,93.55,96.75,91.5,94.95,4400
2000-05-18,92.5,96,92,95.95,3800
2000-05-19,88.7,91.1,88.6,91,1800
2000-05-22,81.6,85,81.6,85,2500
2000-05-23,75.1,76.75,75.1,76.75,4000
2000-05-24,70.65,72,69.1,70.5,3900
2000-05-25,73.6,75.95,66.85,69.35,4100
2000-05-26,74.35,76.5,72.25,76,2900
2000-05-29,75.55,76,70,73.5,4600
2000-05-30,81.6,81.6,76,77.5,2200
2000-05-31,88.15,88.15,88,88,2200
2000-06-01,95.15,95.2,86.5,93,5800
2000-06-02,102.8,102.8,90.1,90.1,7500
2000-06-05,110.55,111.05,108.6,111.05,6900
2000-06-06,110.9,114.5,102,107,12600
2000-06-07,112,112,112,112,50
2000-06-08,105.75,111.9,103.55,109,3200
2000-06-09,105.7,107.7,104,105,2500
2000-06-12,99.75,101.1,97.75,99,2200
2000-06-13,97.4,99.75,93.1,93.1,2800
2000-06-14,100.5,102,95,95,2500
2000-06-15,98.05,100,96.7,99.9,1100
2000-06-16,95.8,97.8,95.25,97.7,1900
2000-06-19,94.5,98.9,92.3,98.9,1300
2000-06-20,100.9,102.05,87,95,19400
2000-06-21,105.05,109,104.75,105.5,14700
2000-06-22,100.5,104.9,100,104.5,2200
2000-06-23,97.95,104,97.5,99,3000
2000-06-26,91.5,94.6,90.2,94.5,1700
2000-06-27,87,92.45,86.55,87.1,6400
2000-06-28,86.9,88.8,85,88.8,4300
2000-06-29,90.2,93.8,88,89.75,5600
2000-06-30,89.8,91,86.5,86.5,2200
2000-07-03,89,91,87.2,88,1700
2000-07-04,87.2,90.8,85.1,88.15,6700
2000-07-05,88.65,91.5,88.1,89,2500
2000-07-06,88,88,87,87.05,700
2000-07-07,87.95,88,86.9,88,1800
2000-07-10,86,89.6,86,89,2900
2000-07-11,87.25,89.5,82,85.95,8100
2000-07-12,94.25,94.25,94.25,94.25,500
2000-07-13,101.8,101.8,101.8,101.8,500
2000-07-14,102.4,108.5,100,108.5,14500
2000-07-17,96.4,104.9,96,99,13700
2000-07-18,98.05,102.15,95.1,95.85,21800
2000-07-19,96.15,98.7,96,98.45,8842
2000-07-20,97,101,95.2,101,6218
2000-07-21,96.75,97.35,96.1,97,3151
2000-07-24,93.65,96.05,92.1,96.05,9253
2000-07-25,96.25,97,90.25,90.25,8275
2000-07-26,95.55,98.2,95.1,98,6100
2000-07-27,95.35,95.8,94.1,95,1013
2000-07-28,96.95,97.5,93.5,94.1,3475
2000-07-31,99.1,100.45,95.25,95.25,6700
2000-08-01,101.1,103.45,99.05,99.5,8195
2000-08-02,98.65,100.1,96,100.1,5440
2000-08-03,99,102,98.75,98.9,7580
2000-08-04,97.55,99,97.05,99,3020
2000-08-07,92.3,97,92.1,97,5785
2000-08-08,94.95,95,93,93,3100
2000-08-09,97,98,93.8,95.6,3104
2000-08-10,98.45,102,96.25,99,3096
2000-08-11,99.05,99.95,97,98.7,3131
2000-08-14,103.55,107,97.25,98,18239
2000-08-16,99,111.85,98,111.85,3237
2000-08-17,99.6,101.9,99.2,101.9,110
2000-08-18,98,101.7,98,101.7,595
2000-08-21,99,105,99,105,1065
2000-08-22,91.5,95.9,91.1,95,2772
2000-08-23,96,97,94,95,770
2000-08-24,97.4,98,90,95,806
2000-08-25,99.8,105.2,97.1,98.5,2180
2000-08-28,98.95,99.9,95,99,1620
2000-08-29,94.6,97.5,94.05,96.05,1591
2000-08-30,97.85,102,97,101,1181
2000-08-31,96,96,95.1,95.1,1000
2000-09-04,96,103.7,90.3,90.3,802
2000-09-05,94.7,97.5,94.2,96,2152
2000-09-06,97.9,97.9,96.1,96.95,2305
2000-09-07,97.1,100,96.9,100,673
2000-09-08,97.25,98.45,97.25,97.4,1299
2000-09-11,98.5,102,97.5,98,2850
2000-09-12,95.1,98,95,98,1362
2000-09-13,95,100,95,100,2511
2000-09-14,90.8,95,90,95,1660
2000-09-15,89.3,93.1,89,92,1520
2000-09-18,86,90.5,85,90.5,974
2000-09-19,80.8,86,80,85,2985
2000-09-20,87.25,87.25,83.5,83.5,110
2000-09-21,87.1,89.95,87,89.95,205
2000-09-22,85,86.95,85,86.95,750
2000-09-25,87,88,87,88,200
2000-09-26,82.05,87.45,81,86,770
2000-09-27,85,85,75.5,75.5,222
2000-09-28,80.9,84,79,84,713
2000-09-29,79.1,82,79.1,82,350
2000-10-03,77.55,80,75.05,76,2302
2000-10-04,78,78.15,75.1,75.1,1421
2000-10-05,77.9,78.25,77.1,78,700
2000-10-06,75.25,75.25,75.25,75.25,1
2000-10-09,75.05,78.45,75.05,76.25,550
2000-10-10,70.5,75.05,70,75.05,953
2000-10-11,70.25,70.25,67.1,67.1,613
2000-10-12,71,75.9,70,73.5,155
2000-10-13,71.65,75,70,75,507
2000-10-16,70.5,75,70.5,73,1260
2000-10-17,67.1,69.5,66.5,66.5,859
2000-10-18,67,69,65.25,65.25,301
2000-10-19,68.05,68.1,68,68.1,125
2000-10-20,70,71.8,64.25,71.8,599
2000-10-23,65.6,67.35,64.65,67.35,1600
2000-10-24,62.75,65.95,62,65,1719
2000-10-25,67,67.8,65,65,650
2000-10-26,72.2,72.25,72,72,745
2000-10-27,76.45,77,69.45,70,1202
2000-10-30,76,79.75,73.25,79.75,603
2000-10-31,73.35,74,71,71.5,1601
2000-11-01,73,77.5,72.5,77.5,311
2000-11-02,72.3,73.85,72.25,73,700
2000-11-03,74,74,72,74,1050
2000-11-06,74,75.75,73.9,75.75,125
2000-11-07,73,74,71.1,71.6,1100
2000-11-08,78.1,78.5,76,78.5,2343
2000-11-09,78,79.4,76.1,77.95,730
2000-11-10,71.95,79,71.8,79,5432
2000-11-13,68.75,73,68.2,73,2370
2000-11-14,69.65,70.4,68.75,69.9,2455
2000-11-15,72.35,73.45,72,72.25,1200
2000-11-16,70.5,71.7,70.4,71.5,450
2000-11-17,70.55,72.7,70.1,72.45,1756
2000-11-20,71,71,69.25,71,1900
2000-11-21,70,74,68.5,74,1680
2000-11-22,71,72.5,68.25,72.5,1500
2000-11-23,70.35,71,69,70.5,1742
2000-11-24,68.35,69.5,68.25,69.05,2001
2000-11-27,70.8,71,69,69,2710
2000-11-28,68.2,69.8,68,69.2,3390
2000-11-29,69.8,70.95,68.2,68.2,1475
2000-11-30,71.35,72.9,70,70,1200
2000-12-01,69.2,70.7,69,70.1,1290
2000-12-04,70.8,71.45,68,68.85,1235
2000-12-05,71.65,72,70.5,71.1,952
2000-12-06,74.6,75,72,72,1750
2000-12-07,72.5,74.4,72,73.25,1318
2000-12-08,75.1,78,72,72,3537
2000-12-11,74.6,78,72,76,4763
2000-12-12,75.25,75.85,73,73,8168
2000-12-13,80.8,81.3,77,79.9,30188
2000-12-14,79.85,85.4,79.25,82.5,46697
2000-12-15,75.85,79.3,75.25,79.3,9282
2000-12-18,75.5,76.5,72.5,74.9,5909
2000-12-19,69.9,76,69.5,74.5,12739
2000-12-20,73.4,75,71,71.9,4378
2000-12-21,71.75,72.2,70.95,72.2,4274
2000-12-22,68.85,73,68.25,73,4850
2000-12-26,66,69.5,65.8,67.5,5346
2000-12-27,69,69,68.75,69,600
2000-12-28,71.95,72,68.5,69,2480
2000-12-29,70.85,74.5,70.5,74,2366
2001-01-01,69.8,71,68.75,70.8,1955
2001-01-02,70.4,71.1,69,69,2355
2001-01-03,71.1,74,70.05,71.5,2995
2001-01-04,71.2,73.9,71.15,73.8,1501
2001-01-05,71.45,71.45,71,71,900
2001-01-08,69.9,70.5,68.5,68.8,1401
2001-01-09,68.35,70.95,67,67,3692
2001-01-10,68.4,69,68,68,601
2001-01-11,68.45,68.45,67,68,2224
2001-01-12,67.75,71.25,67.15,67.15,3014
2001-01-15,66.9,68.4,65.25,68.4,1393
2001-01-16,65.1,68,64.3,64.3,4010
2001-01-17,70.25,70.35,66,66,4885
2001-01-18,71.15,72.05,68,71,3195
2001-01-19,68.9,75.45,68.7,74,3076
2001-01-22,70,71,68.5,69.95,2030
2001-01-23,66.1,70.95,65,70.95,6680
2001-01-24,69.2,69.5,66.5,67,3635
2001-01-25,69.8,70,67,68,3165
2001-01-29,67.85,70,67.55,70,910
2001-01-30,65.45,67.5,65,67.05,3316
2001-01-31,66,68,66,67,1550
2001-02-01,66.55,67,64.05,64.05,955
2001-02-02,65.45,67.9,65,65.1,1199
2001-02-05,64,65,63.6,65,1631
2001-02-06,65,65,63.25,63.25,2433
2001-02-07,66.55,67.65,66,66,1680
2001-02-08,67.15,67.95,66.6,67.95,1266
2001-02-09,70.85,72.55,66.05,69,10961
2001-02-12,70.7,74.05,70.1,72,8268
2001-02-13,67.15,72,66.1,72,7503
2001-02-14,68,68.95,67.25,67.3,3400
2001-02-15,67.3,71.1,67,69.25,5105
2001-02-16,65.3,67,65.1,67,1390
2001-02-19,66,66.95,65,66.95,1600
2001-02-20,63.5,66,63.5,65.2,3345
2001-02-21,64.1,66.4,64,66.4,1361
2001-02-22,64,65,63.25,63.9,2120
2001-02-23,61,63.5,60.7,62.8,2880
2001-02-26,60.25,61.95,58,58.05,2174
2001-02-27,57.05,61.8,56.95,61,4994
2001-02-28,60.7,61.4,55.5,55.5,4955
2001-03-01,61.1,63.35,61,63.25,2825
2001-03-02,57.65,58.35,57,58.35,1000
2001-03-05,53.5,57,53.05,53.65,4413
2001-03-07,52.5,57.45,51,57.45,1879
2001-03-08,49.25,52.1,49.1,52.1,6136
2001-03-09,48.25,50,45.55,48.5,1337
2001-03-12,44.4,49.2,44.4,49.2,3451
2001-03-13,41.55,47,41.1,42.5,4611
2001-03-14,44.85,44.85,41.4,43,1050
2001-03-15,44.7,46.45,43,43.8,1460
2001-03-16,44.95,47.95,44.05,45,2825
2001-03-19,42.7,46,42,42,1075
2001-03-20,41.9,43,41,43,3280
2001-03-21,42.05,43.85,39.55,39.55,1955
2001-03-22,43.9,45,42.5,43,1066
2001-03-23,43.5,46.95,42.75,46.9,3920
2001-03-26,41.65,43.45,41.1,43.45,820
2001-03-27,41.4,43,40.05,41,4875
2001-03-28,43.3,43.4,41,41.5,650
2001-03-29,43,43.2,42.25,42.25,370
2001-03-30,41.45,44,40.55,44,850
2001-04-02,39,39.15,38.5,39,495
2001-04-03,40.1,41,39.6,40,900
2001-04-04,39.9,40.45,39.85,40.45,110
2001-04-06,38.5,39.9,38.5,39.4,1420
2001-04-09,37.5,39.5,37.1,39.25,591
2001-04-10,36.15,36.35,36,36.2,1266
2001-04-11,36,37,36,37,1250
2001-04-12,37.15,38.75,36.25,36.25,1851
2001-04-16,37.7,39.8,36.05,39.8,1104
2001-04-17,35.4,38.25,35.05,38.25,1547
2001-04-18,37.9,38,37.4,37.45,701
2001-04-19,40.95,40.95,40,40.9,1150
2001-04-20,43.5,44.2,39.15,44.2,3561
2001-04-23,44.25,44.6,42.75,42.75,1502
2001-04-24,43.95,45,42.15,42.55,2147
2001-04-25,45.95,46.75,44,45.9,1275
2001-04-26,45.95,46.75,44,44,841
2001-04-27,42.3,44.95,42.3,44.95,2160
2001-04-30,40.5,42.25,40,42.25,275
2001-05-03,42,42,42,42,50
2001-05-04,41.9,41.9,40,40,400
2001-05-07,41,41,41,41,50
2001-05-08,41,41,40,40,350
2001-05-09,42,42,41,41,650
2001-05-10,41.1,42.75,38.9,38.9,1279
2001-05-11,39.65,41,37.85,41,4257
2001-05-14,41.45,41.95,40.15,41.95,101
2001-05-15,38.65,39.9,38.15,38.15,985
2001-05-16,41.75,41.75,38.45,38.6,1150
2001-05-17,41.7,44.9,41.05,44.8,2601
2001-05-18,42.1,43.8,42,42,1050
2001-05-21,42.8,42.8,40.05,40.05,1525
2001-05-22,42.25,43.7,42.1,43.15,1550
2001-05-23,42.55,45.4,42,44.4,5590
2001-05-24,40.25,43,40,43,3650
2001-05-25,40.4,41.75,40,41.75,1648
2001-05-28,39.25,40,39,39.5,4720
2001-05-29,40.3,41.5,40,40.2,3122
2001-05-30,43.4,43.55,41.9,41.95,4635
2001-05-31,43.1,43.8,42.1,42.1,1101
2001-06-01,44.85,45.4,43.1,43.25,2955
2001-06-04,42.55,43.5,42.5,43,1250
2001-06-05,42.35,44.5,42,42.5,5758
2001-06-06,43.75,43.75,43,43,1100
2001-06-07,42.3,44.5,41.8,44.45,1778
2001-06-08,42.65,42.65,41.7,42,1254
2001-06-11,42.8,42.8,41.9,42,351
2001-06-12,42.25,42.9,41.85,42.85,2609
2001-06-13,43.5,43.7,42.5,42.9,675
2001-06-14,42.35,44.2,42.3,44.2,701
2001-06-15,40.6,42.45,40.2,42.45,2075
2001-06-18,39.5,43,39.5,43,760
2001-06-19,39,39.7,38,38.65,2289
2001-06-20,39.05,41.2,39,41.2,1251
2001-06-21,39.85,39.95,38.15,39.95,382
2001-06-22,38.35,39.2,37.5,37.55,853
2001-06-25,37.3,37.45,36.2,36.2,1044
2001-06-26,36.05,37,35.3,35.3,1821
2001-06-27,37.05,38.25,36.25,38.25,980
2001-06-28,37,38.8,36.5,38.8,1855
2001-06-29,37.8,39.7,36.05,37,2174
2001-07-02,39.2,39.2,39.2,39.2,1
2001-07-03,39,39,39,39,100
2001-07-04,35.9,37.5,35.9,37.5,100
2001-07-05,37.95,37.95,36.5,36.5,21
2001-07-06,36.95,37,36,36,201
2001-07-09,38.25,39,36.7,38.95,452
2001-07-10,37.3,37.95,36.5,36.5,338
2001-07-11,36.8,38,36.7,38,2737
2001-07-12,36.65,37,36.5,36.8,389
2001-07-13,39,39.25,36.45,36.45,612
2001-07-16,37.7,38.05,37.7,38.05,500
2001-07-17,39,40,38,38,1410
2001-07-18,38.9,38.9,37.65,38.5,425
2001-07-19,38.7,38.7,37.6,37.6,150
2001-07-20,37.8,39.8,37.5,38.8,669
2001-07-24,36,36.05,35.05,35.2,400
2001-07-25,33.9,34.05,33.2,34,600
2001-07-26,32,34.1,32,34.1,1530
2001-07-27,33.05,34.2,32,32.5,1050
2001-07-30,34,34,30.5,30.5,262
2001-07-31,33.5,34,33.1,34,450
2001-08-01,34.5,34.5,34,34,200
2001-08-02,35.9,35.9,35,35,19100
2001-08-03,37.2,38.4,35,35,1550
2001-08-06,40,40.2,38.75,38.75,6075
2001-08-07,40,40.4,39.55,40,701
2001-08-08,43.2,43.2,40.15,40.15,3840
2001-08-09,46.7,46.7,41.15,43.9,5060
2001-08-10,50.45,50.45,46,47,7223
2001-08-13,46.45,54.5,46.45,51,17905
2001-08-14,50.2,50.2,43.3,43.3,15775
2001-08-16,50,52.3,48.7,51.95,6613
2001-08-17,48.6,50,47.5,48.75,4455
2001-08-20,51.85,52.35,50,50,5211
2001-08-21,50.6,52.3,50.35,50.6,1101
2001-08-23,51.15,52.9,50.9,50.9,1578
2001-08-24,53.5,53.9,50.05,50.05,4169
2001-08-27,52.6,56.45,52.25,56.45,2006
2001-08-28,53.7,54,52.9,52.9,1757
2001-08-29,53,54,52.45,53,1986
2001-08-30,51.45,52.4,51,52.3,3009
2001-08-31,49.8,51.3,49.75,51,771
2001-09-03,48.5,50,47.5,50,560
2001-09-04,48.5,48.5,45.5,45.5,2211
2001-09-05,48.65,51.9,47,47.4,2240
2001-09-06,49,49.75,47.8,49.75,865
2001-09-07,52.65,52.85,47,47.5,4423
2001-09-10,56.75,56.9,52.5,52.5,8830
2001-09-11,54.75,58,53.8,58,1833
2001-09-12,50.4,53.1,50.4,50.5,4490
2001-09-13,50.4,51.35,49.1,50,3180
2001-09-14,46.7,49,46.45,48.25,3451
2001-09-17,43.35,45,43,45,2319
2001-09-18,44.8,46,44,46,2392
2001-09-19,45.8,46,45,45,1578
2001-09-20,44.25,45,44.25,45,760
2001-09-21,41.4,43.6,41,43.6,2599
2001-09-24,43.05,43.3,42.25,43,400
2001-09-25,42.55,44.4,42.55,44.4,55
2001-09-26,41.25,43.45,41.25,43.45,101
2001-09-27,42.9,43.9,42.75,43.9,625
2001-09-28,42.9,43.7,42.5,42.7,1196
2001-10-01,42.5,43.4,42.5,43.4,250
2001-10-03,41.85,43.5,41.55,43.5,461
2001-10-04,42.6,42.6,42,42.55,301
2001-10-05,42.2,43,42.2,43,559
2001-10-08,40.5,40.5,40.5,40.5,2
2001-10-09,41.35,41.35,41.35,41.35,100
2001-10-10,42,42.25,41.75,42.1,650
2001-10-12,42.95,43.9,41.15,43.9,450
2001-10-15,45.3,45.5,43,43,1344
2001-10-16,46,46.75,45,45.95,1261
2001-10-17,49.5,49.7,46.5,46.5,5797
2001-10-18,49.1,51.2,49,50,2450
2001-10-19,52.9,53,51,51,3592
2001-10-22,57.15,57.15,56.9,56.9,3514
2001-10-23,61.75,61.75,61.45,61.7,8212
2001-10-24,59.85,66.5,57,63,11284
2001-10-25,56.5,62.5,56.3,62.5,6849
2001-10-29,61.05,61.05,59.5,60.25,5898
2001-10-30,61,62.75,60.05,62.75,8938
2001-10-31,59.35,60.95,58.7,59.1,3028
2001-11-01,59.45,60,58.65,58.65,2201
2001-11-02,58,59.1,56.75,59.1,8641
2001-11-05,62.65,62.65,55,55,12454
2001-11-06,63,66,61,64.5,16990
2001-11-07,61.75,62.4,58.5,61.1,13550
2001-11-08,62.25,63.25,61.5,61.9,7122
2001-11-09,60.85,62.6,60,62.6,13741
2001-11-12,64.7,65.4,63.4,63.4,14887
2001-11-13,65,65.4,62.15,62.15,7616
2001-11-14,63.8,65,63,65,3357
2001-11-15,63.6,65.2,62.7,63.05,7615
2001-11-19,64.45,66.5,63.15,64,8812
2001-11-20,62.7,63.85,62.4,63.55,3291
2001-11-21,61,63,60.3,62.95,2240
2001-11-22,63.35,65,60,60,8661
2001-11-23,60.25,64,60,61,8914
2001-11-26,65.1,65.1,63,63.8,8972
2001-11-27,68.4,69.65,67.1,68.5,15314
2001-11-28,66.45,67.9,65.3,65.3,3893
2001-11-29,64.8,68,62,62,6115
2001-12-03,69.55,69.9,67,69.75,5444
2001-12-04,69.65,70.9,68.5,70.8,6164
2001-12-05,68.4,70.35,68.25,68.4,1844
2001-12-06,67.65,70,67.15,68.55,5232
2001-12-07,65.6,68.5,64.8,67,5013
2001-12-10,65.85,67,63,63,3265
2001-12-11,66,67.85,64.5,67.85,1705
2001-12-12,64,65,64,64.5,1743
2001-12-13,62.15,64.9,61.5,64.9,5309
2001-12-14,63.4,64.65,61,63.8,5860
2001-12-18,62.35,64,61.2,61.25,1807
2001-12-19,60.15,63.8,60,63.8,925
2001-12-20,57.55,58.1,57.1,58.1,2757
2001-12-21,53.35,58,53,58,3162
2001-12-24,51.95,52.5,49.25,52.15,1728
2001-12-26,52,52,51.9,51.9,350
2001-12-27,51.9,52.5,50.5,51.6,655
2001-12-28,52.3,52.45,51,51,815
2001-12-31,54.95,55,53.05,55,170
2002-01-01,53.1,54,53.1,54,565
2002-01-02,56.9,57,53.75,53.75,550
2002-01-03,55.3,55.5,54.25,55,460
2002-01-04,52.85,54.25,51.6,51.6,2573
2002-01-07,53.1,54.7,53,53.05,820
2002-01-08,51.45,54,51.4,54,1790
2002-01-09,51.8,53,51.3,51.5,1070
2002-01-10,51.55,51.9,50.2,50.2,800
2002-01-11,49.55,51,49,51,1585
2002-01-14,51.2,52.4,50.05,51,1560
2002-01-15,50.25,52,49.05,50.65,1990
2002-01-16,51.3,51.45,51,51,205
2002-01-17,51.45,51.5,50,50.65,904
2002-01-18,51.25,53.65,50,50,1822
2002-01-21,51.45,51.9,50.85,51.75,625
2002-01-22,51.5,52.75,51.1,52.3,1475
2002-01-23,51.55,54,51.3,52.2,2035
2002-01-24,52,52.5,52,52.05,1270
2002-01-25,51.25,54,51,53.95,1495
2002-01-28,50,53.35,50,52,1895
2002-01-29,50,50.55,49.5,50.55,1434
2002-01-30,50.3,50.35,49.6,50.35,223
2002-01-31,50.35,51.4,50,50,440
2002-02-01,48,50,45,45,2705
2002-02-04,46.7,49.9,45.55,46.55,4940
2002-02-05,46.5,47.5,46.5,47,370
2002-02-06,49.4,50,48.3,49.45,3240
2002-02-07,48.35,50.95,45.15,50.95,3125
2002-02-08,47.3,48.15,47.25,48,635
2002-02-11,46.85,49,46.75,48,3542
2002-02-12,46.9,48,46.75,47.35,1675
2002-02-13,47.5,48.45,46.7,47.5,3590
2002-02-14,53.15,54.9,50.2,50.95,10670
2002-02-15,52.8,56.9,52,54,4839
2002-02-18,52.15,53.5,51.1,53,3740
2002-02-19,52.5,54.8,52.05,54.8,1210
2002-02-20,50.65,53.4,50.3,53.4,2519
2002-02-21,51.45,52.35,51.3,52,1605
2002-02-22,52.15,52.45,51,51.1,2181
2002-02-25,52.55,53,52.2,52.8,2530
2002-02-26,54.2,55,53,53.4,7495
2002-02-27,53.15,56.5,52.75,56.4,4719
2002-02-28,51.05,53.95,51,52.5,4209
2002-03-01,50,54,48.15,54,1240
2002-03-04,49.4,51.85,49.3,50.1,1767
2002-03-05,49.05,51.95,48.5,49.6,4567
2002-03-06,49.75,49.75,47.3,47.3,1870
2002-03-07,50.05,50.9,48,48,1406
2002-03-08,49.4,50.8,49.4,50.6,1072
2002-03-11,49,49.75,48.15,49.75,659
2002-03-12,48.25,49.5,48.2,49.35,1711
2002-03-13,48.15,50,46.2,46.2,1395
2002-03-14,48.65,49.15,48.55,48.75,680
2002-03-15,48.6,49.9,47,49,2049
2002-03-18,49.1,51.1,49,49,2575
2002-03-19,48.9,50.95,48.55,50.95,4226
2002-03-20,48.75,50.95,48.4,50.95,2897
2002-03-21,48.95,49.25,48.05,48.9,1308
2002-03-22,47.7,48.75,47.4,48,506
2002-03-26,48,50.35,48,50.35,356
2002-03-27,47.35,47.55,46,47.25,1788
2002-03-28,49.8,50,47.4,48,3066
2002-04-01,48,49,48,49,1100
2002-04-02,57.6,57.6,50.75,50.75,12138
2002-04-03,57.55,63,55.25,63,23265
2002-04-04,59.45,60.9,56.55,58.25,8680
2002-04-05,59.05,60.5,58.65,60.5,2325
2002-04-08,61.05,62.25,57,60,7413
2002-04-09,60.3,62.8,59.4,62.8,3900
2002-04-10,60.5,62,60,60,4045
2002-04-11,60.7,62,58.75,61.5,5940
2002-04-12,64.45,65,58.8,60.9,18213
2002-04-15,62.2,67.5,62,66,6929
2002-04-16,63.4,63.7,60.35,60.35,5529
2002-04-17,63.25,63.8,62.5,62.85,4919
2002-04-18,62.5,65.5,61.25,64,4348
2002-04-19,61.15,62.3,60.7,60.8,2705
2002-04-22,59,61,59,61,1028
2002-04-23,59,60.5,59,59,925
2002-04-24,58.55,59.05,58.4,59.05,1705
2002-04-25,57.35,59.5,56.35,59.5,2349
2002-04-26,58,59,57.6,59,276
2002-04-29,57.15,58.35,56.5,56.9,1622
2002-04-30,59.05,59.25,55.4,55.4,973
2002-05-02,58.1,60.25,57.4,59,825
2002-05-03,58.3,61.3,57.35,57.35,2526
2002-05-06,59.2,59.2,58.55,59,649
2002-05-07,59.1,60,56.4,58.1,1650
2002-05-08,58.7,59.5,58.7,59.5,1251
2002-05-09,57.85,58.6,57.1,58,1962
2002-05-10,57.45,59.4,56.25,59.4,2075
2002-05-13,56.55,57.5,56.5,57.5,570
2002-05-14,56.8,57.4,56.8,56.8,589
2002-05-15,56,58,55.7,58,594
2002-05-16,54,56,54,54.5,1101
2002-05-17,53.3,54.35,53.2,53.5,450
2002-05-20,50.2,53.9,49.35,52.15,1411
2002-05-21,47.75,48.65,47.05,48.6,1506
2002-05-22,48.55,51,47.25,47.25,1260
2002-05-23,49.9,50,48.5,49,335
2002-05-24,52.3,52.75,50.55,52.7,1081
2002-05-27,50.45,52.9,50.05,51.15,851
2002-05-28,49.05,50.05,48.2,50.05,1127
2002-05-29,48.65,51.4,48.5,51.4,929
2002-05-30,48.9,50.5,48.5,50.5,1850
2002-05-31,49.25,49.65,48.5,48.5,547
2002-06-03,49.7,50.25,48.1,48.5,505
2002-06-04,49.5,51.5,49.5,51.5,437
2002-06-05,50.1,52.5,50.1,52.5,500
2002-06-06,50.85,52,50.55,52,1001
2002-06-07,49.1,50.75,49,50.5,926
2002-06-10,51.15,51.15,51,51,648
2002-06-11,53,53,51,51.5,3645
2002-06-12,53.25,54.5,52.6,54.5,1000
2002-06-13,53.55,54.8,53.35,54.35,1308
2002-06-14,55.25,55.5,53.5,53.5,3113
2002-06-17,55.65,56.85,50,50,3149
2002-06-18,54.3,57.2,54.25,55.25,2550
2002-06-19,53.4,53.7,53.4,53.7,250
2002-06-20,53.25,53.5,52.8,52.8,302
2002-06-21,54.9,54.9,52.75,52.75,200
2002-06-24,54.5,55.6,52.85,53,3706
2002-06-25,53.8,54.2,53.1,53.5,2275
2002-06-26,53.5,53.5,53.1,53.1,563
2002-06-27,53.55,54.3,52.55,52.7,950
2002-06-28,55,55.45,53.85,54.75,3442
2002-07-01,55.1,55.5,54.35,55.4,1323
2002-07-02,55.7,63.85,52.5,63.85,1305
2002-07-03,62.7,66.85,56.95,57,23583
2002-07-04,64.8,66.75,63,63.5,18592
2002-07-05,69.85,74,65,66.45,31866
2002-07-08,71.3,73.9,70.3,71.55,9180
2002-07-09,73.25,75,71.1,72,13229
2002-07-10,68.6,74.1,68.1,74.1,7180
2002-07-11,64.8,68,64.55,65.7,4641
2002-07-12,66.2,69.35,65,65.3,5952
2002-07-15,64.1,67.75,64,66.25,4001
2002-07-16,64.55,66.5,64.1,65,3018
2002-07-17,62.1,63.55,62,63.3,1411
2002-07-18,63.25,63.5,61.5,63,1361
2002-07-19,66.25,67.9,64.65,64.7,5028
2002-07-22,63.75,67,62,63.5,4352
2002-07-23,62.5,65.45,62,65.45,5200
2002-07-24,58.2,62.9,58.05,62.75,5378
2002-07-25,57.65,60.2,56.4,60,4609
2002-07-26,57.4,58,55.1,55.1,1021
2002-07-29,59.35,59.85,55.15,56,2190
2002-07-30,55.65,60,55,60,1010
2002-07-31,53.6,55,53.5,55,495
2002-08-01,54.05,55,53,53.5,4663
2002-08-02,53.45,54,53,53,1100
2002-08-05,56,56.5,54.5,54.5,550
2002-08-06,57.5,58,56.05,57.4,1611
2002-08-07,57.05,58,56.6,57.5,1715
2002-08-08,56,62.75,55.75,62.75,1279
2002-08-09,56,56,55.3,56,750
2002-08-12,55,55.25,54.5,55.25,1289
2002-08-13,55.5,57,54.25,55.9,1050
2002-08-14,56.25,57.5,56,57.4,1805
2002-08-16,57.95,57.95,57.9,57.9,200
2002-08-19,55.15,57,55.05,56.25,1320
2002-08-20,55.1,55.25,53,53,1270
2002-08-21,55.5,56,54.85,56,1165
2002-08-22,55.4,56,55.2,56,975
2002-08-23,58,58,55.1,56,1141
2002-08-26,56.6,57.5,55.35,57,1470
2002-08-27,56.8,57,55.5,56.8,1332
2002-08-28,57.2,59.4,56.5,56.5,6272
2002-08-29,56.4,56.5,56.25,56.5,593
2002-08-30,56,56.5,55.5,56,383
2002-09-02,56.95,56.95,55.6,55.6,1390
2002-09-03,55.35,55.55,51.25,55.5,550
2002-09-04,56.75,58,56,57.5,642
2002-09-05,55.85,55.85,55.6,55.8,201
2002-09-06,54.5,55,54,55,2280
2002-09-09,55.25,55.75,52,52,482
2002-09-11,53.75,54.4,53.1,53.1,500
2002-09-12,51.9,53.1,51.5,53.1,1247
2002-09-13,52,53.5,52,53.5,700
2002-09-16,52,52,49.5,49.5,400
2002-09-17,53.15,53.15,52,52.5,137
2002-09-18,50.7,53.5,50.5,53.4,430
2002-09-19,49.5,51,48,48,2500
2002-09-20,48.45,50.25,47.15,47.15,2183
2002-09-23,48.05,49.9,48,49.75,3486
2002-09-24,49,49.2,46.6,49.2,2420
2002-09-25,46.85,47,45.15,45.15,378
2002-09-26,48.2,49.35,48,48.75,1160
2002-09-27,49,49.3,47.75,47.75,202
2002-09-30,47,48.95,47,48.5,1738
2008-10-13,111.7,117.9,93.65,93.65,1080
2008-10-14,110,120,107,120,215
2008-10-15,119,119,105,105,56
2008-10-16,100,104.05,100,104.05,150
2008-10-17,103.25,113.5,101,113,155
2008-10-21,109,115,97,114,431
2008-10-22,99.3,114,95,102,10441
2008-10-23,103.5,103.5,103.45,103.45,200
2008-10-24,89.3,90,83,90,105
2008-10-27,84.95,85,74,85,2978
2008-10-28,87.75,99.95,81,81,192
2008-10-29,104.9,105,98.95,98.95,119
2008-10-31,109.9,110,109,110,5523
2008-11-03,105,105,105,105,2000
2008-11-04,106,106,105,105,1084
2008-11-05,105,119,105,119,112
2008-11-06,99.7,106,96,99,5350
2008-11-07,100,109.95,100,109.9,734
2008-11-10,99,100,99,100,50
2008-11-11,95,95,95,95,4
2008-11-12,110,113,110,113,2
2008-11-14,99.85,108,94.05,94.1,325
2008-11-17,107.95,118,107.95,118,20
2008-11-18,109,116,99.6,105,1414
2008-11-19,108.65,130,88.1,130,3859
2008-11-20,101.8,104,94,100,279
2008-11-21,112,112.9,112,112.9,2
2008-11-25,92.1,100,92.1,100,249
2008-11-26,100,100,92.1,92.1,150
2008-11-28,94.65,99.95,88.15,94,3525
2008-12-02,102,102,85.1,98.95,6701
2008-12-03,99.9,102,98,101.9,300
2008-12-04,102,102,102,102,100
2008-12-05,92.2,100,92.2,100,100
2008-12-10,100,100,98.85,98.85,335
2008-12-12,102,102,97.5,101.9,5060
2008-12-15,103.85,105,98.25,98.3,3447
2008-12-16,102.9,103,102.9,103,1205
2008-12-17,103,103,100,100,1165
2008-12-18,96,96.5,96,96.5,100
2008-12-19,104,105,104,105,250
2008-12-22,107,107,98.9,99,608
2008-12-23,100,100,100,100,265
2008-12-26,105,105,105,105,300
2008-12-29,100,100,100,100,2
2008-12-30,100.15,108,96,96,60
2008-12-31,109.5,110,109.5,110,1220
2009-01-01,109.9,109.9,109.9,109.9,32
2009-01-05,108,118,103.55,118,60
2009-01-07,107,107,92.4,105,540
2009-01-09,108.95,110.9,105,110,1384
2009-01-13,109,113.95,102.5,102.5,350
2009-01-14,105,108.95,104,104.1,7546
2009-01-16,100,117.5,100,117.5,399
2009-01-19,105,105,96,96,11
2009-01-20,104,104,96.2,96.2,7
2009-01-21,104.9,104.9,104.9,104.9,20
2009-01-23,93,103.8,87.5,88,1030
2009-01-27,95,95,94.95,94.95,120
2009-01-29,92.3,96,92,92,214
2009-02-02,97.7,102,88.5,101.9,106
2009-02-03,91,91.6,91,91.6,100
2009-02-05,95.5,98.5,87,98,445
2009-02-06,91,96.9,87.6,96.5,220
2009-02-10,91.1,93,90,90,520
2009-02-11,93,93,89,89,200
2009-02-12,97.95,97.95,97.95,97.95,20
2009-02-16,95,99,95,95,300
2009-02-25,91.5,91.5,91.5,91.5,5
2009-02-26,91.55,93.3,86,86,250
2009-03-02,87.5,88.2,84,84,110
2009-03-03,86.55,93,81.5,81.5,2097
2009-03-04,86,90,86,90,210
2009-03-05,86,86,86,86,100
2009-03-06,82,82,82,82,171
2009-03-09,88.4,92.8,78.2,78.2,1713
2009-03-12,88,88,84.9,84.9,742
2009-03-16,91.95,96.65,76.85,76.85,1800
2009-03-17,87.6,98.85,86.2,86.2,1479
2009-03-18,94.15,94.15,86.85,86.85,880
2009-03-20,95.35,95.35,90,90,45
2009-03-23,93.65,93.65,82.2,82.2,400
2009-03-26,95.35,95.35,88.1,88.1,273
2009-03-27,92,92,90,90,400
2009-03-30,95.35,95.35,95.35,95.35,50
2009-04-01,95,95.35,95,95.35,50
2009-04-06,106,106,106,106,100
2009-04-08,110,110,100.6,100.7,630
2009-04-09,110,110,103.05,110,600
2009-04-13,104.1,104.1,104.1,104.1,300
2009-04-15,110,115,105,105,3745
2009-04-16,115.95,121,103,103,603
2009-04-20,102.65,111.75,100.5,100.55,398
2009-04-21,119,122.8,101.2,101.2,1426
2009-04-22,113.45,136,103.6,103.7,17621
2009-04-23,118,119,109,110,1482
2009-04-24,123,123,113,113,38
2009-04-27,118.9,124.8,110.5,124.8,170
2009-04-28,113,122.9,113,114,312
2009-04-29,117.2,123.55,115,123.55,463
2009-05-04,117.1,120.25,115.5,120.2,4419
2009-05-05,123.1,130,119.45,119.45,1025
2009-05-06,113.2,127.95,113.2,121.15,173
2009-05-07,126.85,130,114,115.5,1287
2009-05-08,128.1,131.9,120.75,120.75,960
2009-05-11,125,136,120,136,2500
2009-05-13,125,130,125,130,130
2009-05-14,123.65,126.95,120,120.4,9
2009-05-15,126.85,135,110.1,127,708
2009-05-19,131.25,140,130,130,2610
2009-05-20,143.9,145,135.1,142.8,1111
2009-05-21,148.65,149.9,127.1,127.15,567
2009-05-22,153.7,165,146.1,156,15942
2009-05-25,152,159.5,150,155,4645
2009-05-26,139.15,153.6,139,150,2004
2009-05-27,146.85,152,120.15,145.9,8745
2009-05-28,141.9,169.8,133,169.8,3816
2009-05-29,141.35,148,140.5,148,780
2009-06-01,144.45,146.9,142.65,146,2930
2009-06-02,142,146.9,141,146.9,6597
2009-06-03,144,147.8,143.15,147.75,750
2009-06-04,147,148,141.5,141.5,2129
2009-06-05,142.7,147.9,140.1,147.9,1745
2009-06-08,141,149.8,141,141.3,390
2009-06-09,137.1,144.9,137.1,144,61
2009-06-10,136.65,146,136.5,140.2,2545
2009-06-11,137.25,141.95,131.5,131.5,3243
2009-06-12,135,147.95,123,147.95,365
2009-06-15,135.35,145.9,129,129,469
2009-06-16,138.15,138.15,137,138.05,867
2009-06-17,141,142.9,132,132,359
2009-06-18,134,141,130.1,141,584
2009-06-19,133,142.95,133,139.9,2109
2009-06-22,135,135,135,135,149
2009-06-24,137.5,137.5,127.1,136.95,449
2009-06-25,140,140,140,140,1625
2009-06-26,134,139.9,121.7,135,505
2009-06-29,145.5,160,132.85,160,1132
2009-06-30,141.25,159,140,159,852
2009-07-02,136,144,136,136,163
2009-07-03,140.6,140.6,136,136,114
2009-07-06,143.9,143.9,143.9,143.9,1
2009-07-07,145,149,131,137,782
2009-07-08,140,149.5,130.5,130.7,292
2009-07-09,149,166.1,147.6,166.1,398
2009-07-10,146.55,152.6,144,144,1126
2009-07-13,140,140,140,140,106
2009-07-14,148.4,149.85,134,134,704
2009-07-15,149.85,149.85,142,142,1421
2009-07-16,145,150,140.1,140.1,3079
2009-07-17,151.8,151.8,145.75,145.75,1050
2009-07-20,137.5,143.5,131,131,3017
2009-07-21,134.3,138,132.1,137,1788
2009-07-22,128.95,135.5,128,135.5,1036
2009-07-23,128.05,132.4,127.25,127.25,361
2009-07-24,131.85,131.85,121.3,130.75,359
2009-07-27,128.9,129.4,123.35,124.5,502
2009-07-28,133.35,137,126.6,126.6,117
2009-07-29,129.5,134,123,128.65,1134
2009-07-30,126.8,132.95,124.85,132.9,918
2009-07-31,127.5,127.55,126.05,126.05,198
2009-08-03,131,131,131,131,2
2009-08-04,129,129,129,129,1
2009-08-05,126.6,130,126.6,130,700
2009-08-06,126,130,120,123,741
2009-08-07,123.5,129.5,123.1,123.5,164
2009-08-10,125,125,125,125,200
2009-08-11,121,122.25,121,122.25,50
2009-08-12,121.5,125,120.05,125,51
2009-08-13,128.7,129.45,123,125,340
2009-08-14,129,129,125,125,552
2009-08-17,127,129,127,129,152
2009-08-18,124.05,124.05,124.05,124.05,4
2009-08-19,124,125.9,124,125.9,50
2009-08-20,123.5,128.7,123.5,124,198
2009-08-24,127.1,131,124.05,131,1538
2009-08-25,128.5,128.5,126.7,126.7,52
2009-08-26,130.95,133,129,133,126
2009-08-27,129.35,136,127.2,127.2,1301
2009-08-28,137.55,147.9,133.3,136,11899
2009-08-31,135.75,141.25,134.05,141.25,1191
2009-09-01,140.25,142,134.2,138.5,1342
2009-09-02,134,136,134,135,620
2009-09-03,133.8,137.55,131.25,131.25,609
2009-09-04,132.95,137,132.6,137,1880
2009-09-07,136.25,137.6,134,137.6,3921
2009-09-08,144.65,153.75,136.65,139,34407
2009-09-09,147.75,155.4,142.6,144.2,93201
2009-09-10,145.2,154,143.05,151,15608
2009-09-11,140.15,147.95,137,142.3,4873
2009-09-14,140.65,145,138,143.25,3067
2009-09-15,141.15,147.6,140,147.6,2412
2009-09-16,138.2,141.9,138,141,1214
2009-09-17,136.7,140,136.2,140,1231
2009-09-18,136.35,142,122.2,122.2,3324
2009-09-22,136.85,139.9,135,135,1493
2009-09-23,135.65,139.5,135,139.5,1927
2009-09-24,139.8,141.9,132,135,1297
2009-09-25,140.75,143.5,139.05,139.05,1192
2009-09-29,142.45,150,141.6,144,12640
2009-09-30,140.75,145.7,140.35,145.7,3242
2009-10-01,138.6,143.8,138.4,138.6,654
2009-10-05,133.15,137.5,133,135,510
2009-10-06,133.85,135.2,130,133.1,1575
2009-10-07,130.15,136.75,128,136.75,1758
2009-10-08,130.15,133.95,130.05,133.95,805
2009-10-09,134.9,136.9,131,135,1193
2009-10-12,131.7,139.4,131.1,139.4,661
2009-10-14,136.1,138,131,134.85,742
2009-10-15,137.25,138,133.5,138,891
2009-10-16,135.15,136.95,132.1,132.1,1461
2009-10-20,136.05,145,131,139.9,80549
2009-10-21,130.45,139.9,128.15,137,71558
2009-10-22,126.45,133.9,126.1,130,10463
2009-10-23,123.9,130,123,125.1,13175
2009-10-26,120.05,127.5,117.55,127.5,3482
2009-10-27,114.35,117.2,112.55,115.5,4249
2009-10-28,111.45,113.5,106.4,111.1,3855
2009-10-29,110.4,121,102.5,102.5,3721
2009-10-30,111.05,118,109,109,4143
2009-11-03,104.7,110.5,103,108.25,2017
2009-11-04,113.2,114,104.5,107.5,6298
2009-11-05,110.8,113,109.45,113,2330
2009-11-06,113.65,117,110.35,110.4,1885
2009-11-09,115.65,116.85,113.5,116.85,1170
2009-11-10,111.1,116.4,110.2,114.25,1941
2009-11-11,111.15,113,107.8,107.8,10519
2009-11-12,109.05,112.5,109,112.5,4681
2009-11-13,110,111.8,108.1,109.35,1363
2009-11-16,109.95,113.2,109.7,113.2,1698
2009-11-17,112.15,112.8,110.5,112.5,971
2009-11-18,112.4,112.95,110.1,111.65,609
2009-11-19,108.55,112,105.2,112,2662
2009-11-20,111.2,111.25,108.6,109,139
2009-11-23,110.95,111.7,110,110,611
2009-11-24,113.6,114.8,110.4,111,1781
2009-11-25,118,123,114.7,117,6544
2009-11-26,116.1,122.9,114.7,122.9,5017
2009-11-27,115.3,116,110.7,110.7,1585
2009-11-30,115.6,118.75,111,111,254
2009-12-01,115.65,119.4,111.25,111.25,1789
2009-12-02,116.9,118,115.15,117,5482
2009-12-03,118,119,115.8,117,15089
2009-12-04,121.05,123,116.2,120,19544
2009-12-07,128.85,139.9,123.1,124.9,58039
2009-12-08,127.6,135,126.15,133.95,14958
2009-12-09,126.1,129.95,125.25,126.3,2613
2009-12-10,127.5,129,123.1,123.1,1077
2009-12-11,120,129.5,118.95,127.9,5979
2009-12-14,119.55,124.65,118.15,121,2676
2009-12-15,118.15,121,116.35,118.7,2755
2009-12-16,118.05,122,117.55,118.05,1940
2009-12-17,119.7,121,118.05,120,889
2009-12-18,119.2,120.95,118.05,120.8,8080
2009-12-21,118.8,120.9,117.75,119.15,1130
2009-12-22,119.9,120,118,118.25,6264
2009-12-23,120,122.9,119,120,4850
2009-12-24,119.7,123.9,118.5,119.1,6752
2009-12-29,130.15,131.9,121.9,122.7,12978
2009-12-30,128.3,132,127,131,3297
2009-12-31,127.2,130.85,126.35,128.5,2788
2010-01-04,126.25,129.5,125,128.1,4878
2010-01-05,125.9,127.35,124.85,127.35,7339
2010-01-06,127.55,129,125.95,128.7,6372
2010-01-07,126.9,128.7,125,125,1218
2010-01-08,126.3,129,125.5,127.9,2355
2010-01-11,125.85,127.2,124.4,127.2,6304
2010-01-12,125.7,126.25,124.55,126.2,7427
2010-01-13,123,126.3,122.6,125.85,7871
2010-01-14,126,127.9,123.7,123.8,8885
2010-01-15,126.1,128.95,125.4,127.9,4038
2010-01-18,124.6,130,123,124.75,19996
2010-01-19,124.35,128,123.2,126.3,8777
2010-01-20,122.8,126,122.3,126,4814
2010-01-21,118.95,125.65,118.2,125.65,11533
2010-01-22,117.4,117.6,114.6,114.6,2911
2010-01-25,115.7,119.7,113.9,114.6,5942
2010-01-27,112.35,119,112,119,1409
2010-01-28,107.35,116,106,116,7188
2010-01-29,100.95,107.35,99.1,101.2,18984
2010-02-01,103.2,105,99.9,101,5892
2010-02-02,104.4,107,101.25,102.5,4094
2010-02-03,102.5,105.85,101.6,105.85,2818
2010-02-04,100,103.65,99,102,5744
2010-02-05,98.3,100,97.9,98.5,2634
2010-02-08,99.6,101.7,98.2,101.7,1457
2010-02-09,100.15,101.8,98.3,98.3,1565
2010-02-10,100.5,102,99.4,101.9,1521
2010-02-11,100.5,102,100,100.05,730
2010-02-15,99.95,101,99.2,101,1732
2010-02-16,100.95,101.8,99.65,100.05,778
2010-02-17,100.75,102,100.4,100.4,1552
2010-02-18,101,102.5,99.35,100.1,1509
2010-02-19,99.95,101.75,98.5,99.9,3141
2010-02-22,97.3,100.95,97.2,97.25,802
2010-02-23,97.05,114.7,96.05,98.8,12083
2010-02-24,99.15,100.75,96.55,100.75,1753
2010-02-25,97.8,100.65,96.6,99.5,5959
2010-02-26,98.55,102.45,97.75,102.45,66
2010-03-02,100.8,102.5,98.65,102.5,313
2010-03-03,100.65,101.5,99.2,99.2,1524
2010-03-04,100,102.45,99,101.75,2974
2010-03-05,99.55,101.8,98.4,101.8,5296
2010-03-08,100.3,100.8,99.35,100,901
2010-03-09,99.15,100.85,99.1,99.9,2837
2010-03-10,100,100.4,98,99.15,3195
2010-03-11,100.9,102,100,100,1475
2010-03-12,100,102,99.3,102,5442
2010-03-15,99.45,101.45,98.15,98.4,1440
2010-03-16,98.5,98.5,97.5,97.5,425
2010-03-17,98.5,99.95,98.05,99,1855
2010-03-18,101.7,103,97.4,97.4,6962
2010-03-19,102,106,100,100.05,2383
2010-03-22,100.5,100.5,98.3,98.3,127
2010-03-23,99.8,110,99,108,3888
2010-03-25,103.95,108.95,99,101,21950
2010-03-26,102.25,108,102.05,108,3059
2010-03-29,104.45,106,101.55,103,1836
2010-03-30,102.45,105.65,101.15,103,3903
2010-03-31,100.55,103.85,100.15,101.55,1071
2010-04-01,100.1,103,100,103,5630
2010-04-05,102.5,106,101.5,102,19603
2010-04-06,101.65,104.15,101.05,103.85,7642
2010-04-07,99.9,103.35,99.4,103.35,10381
2010-04-08,98.55,102.45,98.35,102.45,5975
2010-04-09,99.6,101.6,98.65,101.6,4737
2010-04-12,99.15,100.5,99,100.15,7120
2010-04-13,100.3,102.8,99.6,99.9,1072
2010-04-15,99.65,102,98.75,101.85,1099
2010-04-16,99.85,100.85,98.05,98.05,2074
2010-04-19,97.8,100.1,97.5,97.6,1743
2010-04-20,99.3,101.9,96.55,98.1,5756
2010-04-21,103.25,105.3,99.1,101.75,28053
2010-04-22,101.15,104.9,101.05,104,6776
2010-04-23,100.5,102.95,100.35,102.8,2886
2010-04-26,101.6,103.75,96.15,103.7,6805
2010-04-27,101.5,102,101,101.3,946
2010-04-28,108.1,114,101.25,102,103737
2010-04-29,106.9,113.1,105.5,108.1,58830
2010-04-30,107.15,111.65,106.3,109,16466
2010-05-03,105.9,108,105.7,108,3150
2010-05-04,102.15,109.7,102.1,109.7,8607
2010-05-05,101.7,102.4,99.1,100.3,7427
2010-05-06,102.35,103.5,100.9,101.95,2195
2010-05-07,98.2,101.35,97.05,100.55,6951
2010-05-10,100.35,101.5,98.3,101.5,3484
2010-05-11,99.9,105.9,99.9,105.9,1762
2010-05-12,98.95,101.4,98.25,100.1,1205
2010-05-13,99.4,103.8,98.75,103.8,1571
2010-05-14,97.25,99.95,96.95,99.5,2420
2010-05-17,96.5,97,94.2,97,28673
2010-05-18,96.2,98.95,95.5,98.95,1720
2010-05-19,93.9,99,93.9,94.3,2979
2010-05-20,93.3,98.6,91.5,98,803
2010-05-21,93,94.8,90,92.35,1741
2010-05-24,93.45,95.3,93.1,94.05,476
2010-05-25,87.05,95.6,85,95.6,8696
2010-05-26,89.5,90,86,90,9235
2010-05-27,90.7,91.4,87.8,87.9,1398
2010-05-28,96.05,97.85,90.7,97.85,27532
2010-05-31,90.6,96,90.1,91,3173
2010-06-01,89.05,90.7,88,89.2,2691
2010-06-02,88.45,91.55,88,89.2,2196
2010-06-03,89.55,91.75,87.3,91.75,1501
2010-06-04,89.75,91.85,88.2,91.85,2101
2010-06-07,88.15,89,87.25,88.2,595
2010-06-08,88.45,90,87.5,90,781
2010-06-09,87.15,91,85.4,87.25,4586
2010-06-10,88.3,90.85,88.3,90.85,131
2010-06-11,90.65,92.7,88.05,88.05,3320
2010-06-14,91.3,94,90.55,92.4,3590
2010-06-15,92.25,95,91.15,95,1319
2010-06-16,92.8,93.95,91.55,93.8,847
2010-06-17,96.25,103.65,94.4,94.4,138114
2010-06-18,94.7,98.7,93.55,97.9,14000
2010-06-21,96.95,97.7,94,94,6460
2010-06-22,97.75,98.8,95,98.8,9339
2010-06-23,97.75,98.8,96,98,3622
2010-06-24,96.65,103.9,96.6,103.9,6444
2010-06-25,96.05,97.95,95.55,96.5,3595
2010-06-28,95.25,97,94.15,94.15,2906
2010-06-29,96.5,98.4,95.15,96,3465
2010-06-30,95.15,97,85.3,85.3,4429
2010-07-01,96.05,97,95,96,1767
2010-07-02,96.6,98.9,96.3,98.9,6237
2010-07-05,96.7,97.4,95.6,97.4,1035
2010-07-06,97.15,101,92.2,92.2,14653
2010-07-07,96.05,98.7,95.55,98.65,15771
2010-07-08,96.25,99,95.55,96.2,9501
2010-07-09,96.6,98.45,95.75,98.45,4337
2010-07-12,96.75,98.8,96.6,98.8,2221
2010-07-13,97.9,98.75,97,98,4857
2010-07-14,97.35,98.5,97.2,97.2,7431
2010-07-15,100.4,103.7,96,97.1,19775
2010-07-16,104.8,107.9,103.7,105.5,78677
2010-07-19,104.4,106.45,103.5,104.1,11792
2010-07-20,100.8,107.9,100.05,107.9,9175
2010-07-21,102.7,103.9,101.5,103.9,2492
2010-07-22,102.3,103.6,101.75,102.9,3398
2010-07-23,99.35,104,98.25,102.5,13012
2010-07-26,103.3,107,100.2,101,30440
2010-07-27,107,111.8,102.1,105,77105
2010-07-28,103.2,107.5,102.5,107.1,6080
2010-07-29,99.65,106.95,99,106.95,11939
2010-07-30,96.55,100.5,96.15,99.4,13419
2010-08-02,96.4,99,96,99,8724
2010-08-03,96.9,101.5,95,97,42640
2010-08-04,96.75,98,96.3,96.3,1052
2010-08-05,95.8,98.65,95.25,96.95,6971
2010-08-06,95.85,98.75,94.6,98.75,11820
2010-08-09,95.5,96.5,95,96,4284
2010-08-10,97,97.9,94.85,97.9,4912
2010-08-11,99.55,104.85,98.2,99.4,49852
2010-08-12,98.25,99.75,97.5,99,4917
2010-08-13,97.35,99.95,97.1,99.8,4805
2010-08-16,97.5,98.95,97.15,98.1,6010
2010-08-17,96.4,97.45,95.75,95.75,4282
2010-08-18,96.7,98.4,96.65,98.35,619
2010-08-19,99.35,103.45,95.75,96.65,19627
2010-08-20,99.65,103.7,99,100.5,14175
2010-08-23,99.8,101.45,99.55,100,3777
2010-08-24,98.4,100,97.7,99.15,2746
2010-08-25,97.85,99.9,97.05,97.05,4465
2010-08-26,96.05,97.95,96.05,97.5,1383
2010-08-27,95.15,98.85,95,96,3594
2010-08-30,95.75,99.85,95.05,96,3708
2010-08-31,94.9,96.5,92.6,95,6021
2010-09-01,96.25,97,94.55,95,5684
2010-09-02,96.6,96.9,95.2,96.5,995
2010-09-03,96.05,100.35,95.5,95.95,12938
2010-09-06,100.1,102.75,99,99,7199
2010-09-07,99,101,98.35,101,14644
2010-09-08,99.9,100,98.05,98.1,2987
2010-09-09,99.75,102,98.25,100.5,23290
2010-09-13,100.55,102.4,100,102.4,7519
2010-09-14,99.1,102,98.65,101.75,2929
2010-09-15,99,99.9,98.95,99.25,2750
2010-09-16,97,99.15,96.4,97.55,1805
2010-09-17,98.45,99.25,96.8,96.8,1640
2010-09-20,98.75,99.5,97,97.2,9941
2010-09-21,98.9,99.5,97.25,99.05,5182
2010-09-22,99.15,100,95.3,95.3,4871
2010-09-23,101.6,102.9,98.1,98.1,6045
2010-09-24,101.65,102.5,101,102.4,2518
2010-09-27,102.95,106.5,99.3,101.4,44304
2010-09-28,104.9,106.7,102,103.7,16911
2010-09-29,110.6,113.7,105,105.5,75136
2010-09-30,114.15,115,110.35,110.45,39711
2010-10-01,117.25,119.6,113.4,115.1,47127
2010-10-04,115.5,119.7,115.1,119.7,14832
2010-10-05,120.9,123.8,113.15,115,54679
2010-10-06,122.35,126,121.05,121.9,31216
2010-10-07,119.15,126.9,118,123,19341
2010-10-08,116.9,120,115.15,120,10486
2010-10-11,117.45,119.9,115.15,116,11238
2010-10-12,115.85,117.85,115.5,117.5,6068
2010-10-13,118.2,120.9,115.5,116.75,5689
2010-10-14,121.95,126,117.1,117.1,21038
2010-10-15,120.35,126.45,118.2,121.25,19994
2010-10-18,121.15,122.3,117.1,120.1,10806
2010-10-19,126.4,131.8,121.2,123,27757
2010-10-20,128.85,130,126.2,126.2,10619
2010-10-21,136.55,143,129,129,99521
2010-10-22,138.8,142,136.5,138.1,27849
2010-10-25,141,143,135.55,135.55,54092
2010-10-26,147.15,150,140,143.95,42246
2010-10-27,148.5,153.45,148,149.9,49697
2010-10-28,146.25,150.1,145,150.1,9747
2010-10-29,144.35,152.9,136.1,152.9,34379
2010-11-01,138.65,146,136.6,144.45,15195
2010-11-02,135.45,139.95,133.1,138.75,7696
2010-11-03,136.15,139.7,134.05,136,10123
2010-11-04,136.05,138.25,134,138.25,4512
2010-11-05,136.3,141,135.85,141,932
2010-11-08,135.5,136.05,133.05,136.05,3442
2010-11-09,135.2,136.95,133.3,136.5,5097
2010-11-10,135.9,137.6,135,137,4611
2010-11-11,141.85,151,135.05,135.05,33406
2010-11-12,141.25,144.95,138.1,144,9436
2010-11-15,140.45,143,138,138.5,4955
2010-11-16,132,139,130.45,138.5,6368
2010-11-18,129.95,137.45,127,127.35,5087
2010-11-19,124.45,131.2,121.3,131.2,6653
2010-11-22,127.05,129.9,124.3,129,5120
2010-11-23,124.25,128.7,120,124.05,7473
2010-11-24,128.95,131.7,124,124,6871
2010-11-25,127.75,130,125.05,128.95,6816
2010-11-26,118.2,126.15,112.05,126.15,5479
2010-11-29,118.85,120,115.5,119,9448
2010-11-30,140.4,142.65,118,119.95,23453
2010-12-01,144.35,150,137,146.45,88718
2010-12-02,156.35,159.8,140.55,141.8,166519
2010-12-03,154.4,164.9,152.15,162.3,90063
2010-12-06,149.7,159.7,145.6,156,12590
2010-12-07,138.9,146.95,137.7,146,48346
2010-12-08,136,140,133,136,20904
2010-12-09,121.3,136,120.5,133.1,34406
2010-12-10,120.85,127.4,116.1,126.9,9088
2010-12-13,126,126.5,120,124.95,5311
2010-12-14,128.25,129,124,124,761
2010-12-15,126.3,130.75,124.5,124.5,360
2010-12-16,125.5,127.15,122,124.4,1501
2010-12-20,124.05,124.05,124.05,124.05,8
2010-12-21,127.5,127.9,125.1,127.9,2001
2010-12-22,128.4,128.65,127.8,127.8,4225
2010-12-23,127.15,127.15,126,126,195
2010-12-24,131.35,133,127.6,127.6,1236
2010-12-27,130,131.45,127.25,127.25,145
2010-12-28,131.55,133.1,128.3,128.35,1197
2010-12-29,128.1,129,128.1,128.65,362
2010-12-30,131.6,131.85,122.5,122.5,764
2010-12-31,135.7,136,132,133.6,1443
2011-01-03,137.85,139.5,134.2,137.9,1780
2011-01-04,137.3,139.9,135,136,1326
2011-01-05,136.3,139.85,136.15,136.15,393
2011-01-06,134,136,134,136,226
2011-01-07,134.65,134.9,132.15,132.15,906
2011-01-10,129,131,128,129,1083
2011-01-11,125.35,130.9,125,130.9,2284
2011-01-12,128.95,130.9,122.25,130.9,916
2011-01-13,128.55,134.9,124.6,134.9,240
2011-01-14,124.8,131,123.1,125,2496
2011-01-17,126,129,126,126,367
2011-01-18,126.45,126.5,123.35,125,804
2011-01-19,128.5,128.9,123.05,128.9,603
2011-01-20,124.05,128.5,123.5,123.5,761
2011-01-21,123,124,123,124,120
2011-01-24,124.2,127.5,120.1,120.1,525
2011-01-25,125,127.9,125,127.9,27
2011-01-27,122.05,127.35,122,127.35,176
2011-01-28,115.95,119.4,115.95,119.4,1425
2011-01-31,110.35,120,110.15,120,2565
2011-02-01,111.8,111.8,108,110.5,1427
2011-02-02,111.45,115.4,107.5,107.55,2488
2011-02-03,117.05,117.05,117.05,117.05,1375
2011-02-04,120.75,122.9,118.2,122.9,3499
2011-02-07,121.4,122.5,120.25,122.5,2396
2011-02-08,118.55,121,117.05,120,1252
2011-02-09,114.65,119,112.75,116.5,2174
2011-02-10,111,112,108.95,109.35,7001
2011-02-11,109.65,113.9,105.5,105.5,1732
2011-02-14,115.15,115.15,110.5,114.9,404
2011-02-15,119,119,115,115,347
2011-02-16,119,119,118.95,118.95,355
2011-02-17,124.95,124.95,118.5,118.5,2630
2011-02-18,120.5,130,118.7,130,1243
2011-02-21,120,125.7,118.5,118.55,216
2011-02-22,119,119,119,119,60
2011-02-23,121.4,122.5,113.3,113.3,1420
2011-02-24,116.55,117.1,116.5,117,540
2011-02-25,112.7,114.6,112.7,114.6,251
2011-02-28,117.8,117.8,107.75,107.75,327
2011-03-01,116,119.5,113.35,113.35,560
2011-03-03,115.3,119.6,115.3,119.6,527
2011-03-04,119,119,114.75,114.75,31
2011-03-07,118.3,118.5,115,115,838
2011-03-08,122.95,124.5,120,120,128
2011-03-09,123.9,124,120,123,1431
2011-03-10,122.55,124,120,122.1,561
2011-03-11,123.7,125,118,124,1967
2011-03-14,127.05,129.5,127,128,1611
2011-03-15,124.95,125,122,124.5,1069
2011-03-16,124.55,125,122.4,124,237
2011-03-17,122.8,122.8,122.8,122.8,100
2011-03-18,122.05,122.05,122.05,122.05,100
2011-03-21,116.55,121.95,115.1,120.15,1378
2011-03-22,116,116.5,113.6,116,748
2011-03-23,115.75,117.9,112.6,112.6,401
2011-03-24,116.65,116.65,113.6,113.65,1059
2011-03-25,114.8,118,111.4,111.4,660
2011-03-28,113.95,116.9,113,113.6,2091
2011-03-29,115.8,119,112,112,890
2011-03-30,119.4,120.45,119.25,120.45,4
2011-03-31,117,120.95,116.3,120.95,370
2011-04-01,120.65,122.5,117.5,117.5,1265
2011-04-04,125.8,130,122.6,124.35,2694
2011-04-05,126.5,127.5,125.5,127.4,510
2011-04-06,130,131.75,128,128.85,5794
2011-04-07,133,133.9,130,133.85,353
2011-04-08,130,134.5,127,127,10062
2011-04-11,132.45,132.95,129,129,1116
2011-04-13,134.25,134.75,130.15,130.15,1900
2011-04-15,137.5,139.75,121.5,134.95,2015
2011-04-18,130.65,135.05,130.4,135,1001
2011-04-19,129.6,133.95,128.3,130,901
2011-04-20,129,132.8,128.5,128.55,477
2011-04-21,127.35,131.4,127.25,130,272
2011-04-25,132.8,134,126.25,126.25,2114
2011-04-26,130.85,131,127.5,128.8,454
2011-04-27,129.5,130.9,127,129.95,283
2011-04-28,129.95,129.95,127,129,1945
2011-04-29,127.95,127.95,127,127,1233
2011-05-02,127.95,129.9,127,128.85,875
2011-05-03,128.9,128.9,121.7,121.7,21
2011-05-05,126.85,126.9,123.25,124,414
2011-05-06,131.75,131.8,131.7,131.8,62
2011-05-09,123.65,126.3,121.6,126.3,2355
2011-05-10,130.7,131.4,130,131.4,2
2011-05-11,127.85,129.9,122.55,129.9,104
2011-05-12,123.3,128.2,123.25,128.2,212
2011-05-13,126.3,128.85,123,123.05,540
2011-05-16,125.95,129,124.5,127,2471
2011-05-17,125.1,127,124.4,124.5,451
2011-05-18,125.8,127,124.4,125,635
2011-05-19,125,126,124,125.8,809
2011-05-20,126.2,130.9,126.05,130.7,2717
2011-05-23,124.8,129.9,122,123.65,2210
2011-05-24,125.3,126,122.15,125,757
2011-05-25,122.5,125.45,113.5,121.5,1553
2011-05-26,123,125,120.1,120.1,815
2011-05-27,124.15,130,123,123,1897
2011-05-30,124.2,127.8,123.5,124,1140
2011-05-31,124,127.45,123.5,123.75,607
2011-06-01,127.75,130,122.8,126,585
2011-06-02,127,142,118.1,142,1490
2011-06-03,125.5,129.75,122.8,122.8,219
2011-06-06,125.25,129.9,125,125.25,584
2011-06-07,126,129.7,126,129.7,204
2011-06-08,125.7,130.5,125.1,130.5,10
2011-06-09,130.4,134.9,121,121,2083
2011-06-10,128,130.5,127.95,130.5,1351
2011-06-13,130.65,132,126,126,2519
2011-06-14,125.95,139.5,125.05,128,3285
2011-06-15,129.95,137.7,124.65,124.65,7919
2011-06-16,128.15,132,126.6,131.9,1793
2011-06-17,125.65,132,125,132,231
2011-06-20,123,126,121.5,126,136
2011-06-21,126.7,126.95,120,120,1582
2011-06-22,124,129,116.95,122,607
2011-06-23,121.45,124,118,124,766
2011-06-24,121,124.75,118.5,118.55,2535
2011-06-27,120.25,123,120.25,122.75,56
2011-06-28,124,124,120,120.3,575
2011-06-29,123.15,126.35,123.1,125.5,811
2011-06-30,125,125,125,125,500
2011-07-01,129,129.95,124,124,1950
2011-07-04,122.95,130,122.75,129,6089
2011-07-05,122.45,125,120.5,124.7,2576
2011-07-06,119.75,121.5,118,121.5,1884
2011-07-07,112.45,119.9,110.2,119.2,7633
2011-07-08,112.2,116.7,110.25,110.25,2353
2011-07-11,109.6,114.7,108.25,114.7,1282
2011-07-12,104.7,110,103.6,108,5906
2011-07-13,109.1,109.9,104.55,104.55,2063
2011-07-14,109.9,110,106.35,107.1,370
2011-07-15,110.35,111,107.1,108.95,1671
2011-07-18,111,115.4,110,115.4,2139
2011-07-19,111.9,113,109.35,109.35,203
2011-07-20,112.95,115.95,105.3,115.95,1104
2011-07-21,111.45,113.5,111,111,189
2011-07-22,111.7,119,111.15,111.15,13506
2011-07-25,113.95,115.9,113,114.2,1223
2011-07-26,111.45,113,110,113,2415
2011-07-27,109.15,114.65,104,104,755
2011-07-28,110,113.5,107.2,113.5,1312
2011-07-29,108.15,110,107.15,110,259
2011-08-01,108.35,110.95,107.1,107.85,233
2011-08-02,108.15,109.9,105.65,105.65,506
2011-08-03,105.25,108.65,104.8,107.55,1831
2011-08-04,103.55,107.85,103,106.3,537
2011-08-05,101.3,104.75,99.5,102,2004
2011-08-08,97,101,92,92,2401
2011-08-10,99.1,102.5,97.2,102.25,771
2011-08-11,96.7,96.7,96.7,96.7,10
2011-08-12,93.45,101.85,93.45,97.55,636
2011-08-16,94,95.1,93.95,95,464
2011-08-17,90,93.1,90,93.1,31
2011-08-18,90.8,94.9,81.25,90,1361
2011-08-19,86.2,93.45,85,85,882
2011-08-22,90,90,83.5,83.5,13
2011-08-23,90.75,92,85.7,90,482
2011-08-24,90,94,90,93.75,418
2011-08-25,92.9,92.9,92.9,92.9,30
2011-08-26,87.65,92.7,87.15,92.7,514
2011-08-29,90,92,84,84,231
2011-08-30,91.1,92,90,90,459
2011-09-02,89.95,91,85.7,91,1065
2011-09-05,93.45,94.9,90.1,94.9,125
2011-09-06,88.2,90.2,86.65,90.2,349
2011-09-07,90.25,93.5,85,86.85,2808
2011-09-08,90.6,92.45,89.15,89.35,388
2011-09-09,91.5,91.5,90.05,90.05,2
2011-09-12,87.5,90,87.5,90,1035
2011-09-13,89.5,93,89.5,90,296
2011-09-14,88.1,91.45,88.05,88.05,304
2011-09-15,89.3,96.95,89.2,92.95,91
2011-09-16,89.2,89.2,89.2,89.2,1
2011-09-19,91,92,89.2,89.2,760
2011-09-20,89.5,95.95,87,88,1001
2011-09-21,91.5,91.5,90,90,240
2011-09-22,91,92,91,91.05,63
2011-09-23,88.15,90,87.65,87.75,412
2011-09-26,88,88,88,88,50
2011-09-27,90,90,90,90,604
2011-09-28,90,91.85,90,90,306
2011-09-29,91.95,91.95,90,90,348
2011-09-30,90.4,92,89.7,90,376
2011-10-03,89.45,90,86,86,180
2011-10-04,87.5,89,87.5,89,2072
2011-10-05,88,90,84,84,109
2011-10-07,86.9,91,81.5,91,2888
2011-10-10,84.45,87,82.15,87,1952
2011-10-11,86.3,88.95,84.1,87,2169
2011-10-12,85.45,88,85.35,88,176
2011-10-13,88,89.6,86,87,252
2011-10-14,86.8,89.3,85.55,89.2,210
2011-10-17,86.05,90,86,90,43
2011-10-18,87,89.75,87,88,503
2011-10-19,87.7,89.8,87.1,88,493
2011-10-21,84.15,92,84,91.95,1256
2011-10-24,84.25,87.95,84.1,87.9,13
2011-10-25,84.6,86,84.55,85,168
2011-10-26,88.85,89.95,88.85,89.95,2
2011-10-28,85,87,85,87,8
2011-10-31,89.1,89.5,85,89,576
2011-11-01,88,89.85,86,86.8,166
2011-11-02,88.25,90.15,86.25,87.5,664
2011-11-03,85.95,86.5,84.6,86.5,425
2011-11-04,86.1,87,85,85,689
2011-11-08,83.9,86.05,83,86.05,1306
2011-11-09,83,88,83,84.05,1134
2011-11-11,80.8,84.5,80.6,84.5,1241
2011-11-14,80.4,82,80.3,82,289
2011-11-15,76.3,85,75.95,85,2377
2011-11-16,74.25,76,74.25,74.25,136
2011-11-17,73.8,74.05,73.8,74.05,620
2011-11-18,71,78.5,70,73,552
2011-11-21,70,77.7,70,77.7,119
2011-11-23,72,74.5,71.8,74.5,234
2011-11-24,78.85,79.8,70,74,582
2011-11-25,83.85,88,75.05,79.8,962
2011-11-28,86.7,91.7,84,85,1871
2011-11-29,84.6,89.9,81.2,81.2,654
2011-11-30,81.3,83,81.15,82.7,208
2011-12-01,82.2,84,80.75,80.75,105
2011-12-02,82.35,85,82.1,83.3,135
2011-12-05,83.75,83.75,82.2,82.2,79
2011-12-07,81.6,83.95,81.55,83,126
2011-12-08,80.1,83,79.95,81.05,1440
2011-12-09,77.25,82,75.05,82,777
2011-12-12,79.05,82,76.65,79.25,804
2011-12-13,79.1,82.3,75.75,77,22
2011-12-14,79.8,80,78,80,1084
2011-12-15,73.1,77.5,71.25,77.5,1203
2011-12-16,75.45,76,73.4,74.1,423
2011-12-19,74,74.45,68.5,74.45,1717
2011-12-20,70,73.1,69.1,73.1,4516
2011-12-21,74.9,75,70,71.5,1116
2011-12-22,71.8,73.5,70,72.5,846
2011-12-23,71.85,73.8,71.8,73.8,239
2011-12-26,71.3,71.35,71.3,71.35,3
2011-12-27,77.5,79,70.3,70.3,568
2011-12-28,75.7,83.25,74.05,82.15,1809
2011-12-29,73.4,79.5,73.4,73.5,159
2011-12-30,70.4,74,70.15,74,26
2012-01-02,71.45,73,70.3,72,58
2012-01-03,73.9,74,72,72.5,1356
2012-01-04,75,75.9,74.7,75.9,1160
2012-01-05,76,76,73.6,74.5,753
2012-01-06,76,76,76,76,1000
2012-01-09,73.8,76,73.25,73.25,226
2012-01-10,75.1,75.5,75.1,75.5,509
2012-01-11,76.5,76.55,76.5,76.55,10
2012-01-12,76.5,76.5,76.5,76.5,1
2012-01-13,79.25,81,77,77.25,1937
2012-01-16,80.35,81,80.35,81,103
2012-01-17,82.5,82.5,80.8,80.8,1306
2012-01-18,81.2,81.25,80.5,80.5,115
2012-01-19,81.05,83.95,81.05,82,89
2012-01-20,81.6,82.5,81.6,82.5,111
2012-01-23,83,83,81.5,82,131
2012-01-24,82.1,83.5,81.25,83,337
2012-01-25,81.6,81.6,81.6,81.6,25
2012-01-27,83.35,87.9,81.65,83.05,1463
2012-01-30,79.75,79.95,79.55,79.55,166
2012-01-31,84.95,86.5,83,84.55,563
2012-02-01,86.5,87.95,85,85,923
2012-02-02,85,86.1,85,86.05,2063
2012-02-03,85.3,88,85,87,990
2012-02-06,85,88.2,83.7,88.2,4372
2012-02-07,86.95,88,83.7,85,263
2012-02-08,86.7,88.2,85.05,87.5,1359
2012-02-09,86.6,87,86,87,85
2012-02-10,85.3,88,85,88,2585
2012-02-13,82.05,84,81.2,84,4652
2012-02-14,78.2,84,77.1,84,1892
2012-02-15,80,81.5,79.7,79.9,1647
2012-02-16,80,82,79.95,82,2184
2012-02-17,78.95,81,78,81,2875
2012-02-21,78,80,75.3,79.1,2451
2012-02-22,78,78,76,76,337
2012-02-23,77.55,79,77.55,79,42
2012-02-24,78,78,75.5,76.1,1002
2012-02-27,77.35,79,74,74,1197
2012-02-28,76.6,78.5,74.4,75.5,1257
2012-02-29,79.75,84.4,73,75,527
2012-03-01,79.45,79.5,76.75,78,1562
2012-03-02,79.65,88,77.35,88,211
2012-03-05,78,79.8,76.65,79.6,1906
2012-03-06,75.55,79.25,74,79.25,3906
2012-03-07,80,80.25,75.05,75.05,648
2012-03-09,74.75,80,70.25,79.6,20527
2012-03-12,77,78,73.6,76.75,2534
2012-03-13,76.55,78.7,75.5,78,7230
2012-03-14,77.95,78,77,78,1662
2012-03-15,77.75,77.95,76.7,77.95,4387
2012-03-16,77.65,79,77,78.95,3699
2012-03-19,82.15,83,77.95,78.5,35627
2012-03-20,82.7,84.85,79.85,80.6,16294
2012-03-21,81.95,83.85,76.75,78,17062
2012-03-22,81.6,82.95,78.75,80.35,2970
2012-03-23,80.25,81,80.05,80.2,1756
2012-03-26,79.75,80.5,77.05,77.05,3650
2012-03-27,80.5,80.75,79.1,79.1,2657
2012-03-28,80.15,80.75,79.1,79.1,2255
2012-03-29,74.45,80,73.4,73.6,4648
2012-03-30,73.55,75,70.8,75,4097
2012-04-02,70.15,76.9,70.15,76.9,3935
2012-04-03,68.95,73.65,68.5,73.5,4381
2012-04-04,68.5,70.4,67.75,70,2662
2012-04-09,66.6,70,66.6,68.5,1500
2012-04-10,67,68.9,65.6,66.6,2223
2012-04-11,68.35,69,65,66,1177
2012-04-12,71.6,71.6,68.05,69.5,1321
2012-04-13,70.5,74.85,70,74.85,732
2012-04-16,71.5,71.5,70,70.1,1375
2012-04-17,72,72,72,72,300
2012-04-18,72,74.7,70.3,74,583
2012-04-19,71,74.2,70.75,74.2,700
2012-04-20,74,74,72,72,125
2012-04-24,73,73.95,71.15,71.15,1919
2012-04-26,72,73,71.2,71.2,200
2012-04-27,72.9,73,72,72,2660
2012-04-30,69.05,72.1,69.05,72.05,605
2012-05-02,67.05,70.95,66.5,70.95,5288
2012-05-03,64.3,67,63.9,67,3901
2012-05-04,67.5,67.5,66.1,67.4,676
2012-05-07,70.5,70.7,68.2,70,1981
2012-05-08,72.2,73.35,71,71,3072
2012-05-09,70.7,72.5,70,71,688
2012-05-10,70.25,73.2,70,70.3,1046
2012-05-11,70,72.55,68.9,72.55,566
2012-05-14,71,71,69.9,69.9,2205
2012-05-15,71.5,71.5,69.55,69.55,592
2012-05-16,69,71.95,69,71.95,115
2012-05-17,70,72,70,71.85,1469
2012-05-18,71.9,71.9,71.85,71.85,50
2012-05-22,70.25,70.25,70.25,70.25,752
2012-05-23,71.5,71.5,71.5,71.5,76
2012-05-24,72,72,72,72,561
2012-05-25,70.2,70.2,70.05,70.05,363
2012-05-28,72.9,72.9,71.6,72.5,205
2012-05-29,73.95,74,72.5,72.5,311
2012-05-30,75,76.95,71.15,71.15,593
2012-05-31,73.1,75.6,72,73,1126
2012-06-01,73.15,73.15,73.15,73.15,150
2012-06-04,70.6,73.1,70.6,73.1,10
2012-06-05,71.9,72,71.9,71.9,620
2012-06-06,74.8,75,70.5,72,535
2012-06-07,73.95,73.95,72,72.05,106
2012-06-08,72.3,77.45,70.6,77.45,156
2012-06-11,70.1,70.1,70.1,70.1,130
2012-06-12,73,73,71.45,71.45,283
2012-06-13,74.5,75.9,73,73.6,284
2012-06-14,76.55,78.2,75,75,767
2012-06-15,78.2,78.2,78.2,78.2,1
2012-06-19,75,75,74.5,74.5,782
2012-06-20,78.75,78.75,77,77,1926
2012-06-21,81.15,82.2,78.75,78.75,381
2012-06-22,80,80.25,80,80,1378
2012-06-25,81.5,81.5,78.1,81.5,187
2012-06-26,79.75,81,78.5,81,1965
2012-06-27,79.85,79.9,76.25,78.25,1402
2012-06-28,79.3,81,76.15,76.5,337
2012-06-29,79.15,80,77.05,77.05,898
2012-07-02,80.35,81.95,77.1,77.1,892
2012-07-03,79,80.9,78.15,78.15,463
2012-07-04,80,81,80,80.85,677
2012-07-05,81,81.4,80,80,202
2012-07-06,82.45,83,80.1,82.2,1050
2012-07-09,84.15,86.9,80.5,86.85,1715
2012-07-10,83,86.9,82.8,86.9,259
2012-07-11,85.95,86,81.5,83.55,365
2012-07-12,83.1,84,83.1,83.1,315
2012-07-13,84.1,88,82.75,88,252
2012-07-16,87.95,92.45,85.55,86,1891
2012-07-17,91.1,92.45,90,90,2089
2012-07-18,93.55,94,91.55,92,1365
2012-07-19,96.65,99,94,94,4489
2012-07-20,96.95,97.45,93.5,97.45,682
2012-07-23,94.8,97,89.25,89.5,1049
2012-07-24,95.9,96.95,90.25,96.95,900
2012-07-25,93.75,97,89.15,96.35,3565
2012-07-26,90.35,93.9,89.1,93.9,1392
2012-07-27,90.5,95,90.1,90.1,2283
2012-07-30,90.6,94,90.05,94,109
2012-07-31,92.8,92.9,89.2,89.2,787
2012-08-01,93,95.9,93,93.15,802
2012-08-02,94.05,96,92.5,96,435
2012-08-03,96.2,97,93,95.95,1421
2012-08-06,101,102.85,96.9,101,2775
2012-08-07,100.35,101.5,98.5,101.5,1602
2012-08-08,102.25,104,100.1,104,758
2012-08-09,102.1,103,101,102.25,1003
2012-08-10,107.65,110.4,102,104.45,8962
2012-08-13,114.85,116,110.5,111.45,8179
2012-08-14,112.55,115,112.15,115,1342
2012-08-16,123.8,123.8,114.05,114.05,7253
2012-08-17,127.5,132.1,122,125.1,10419
2012-08-21,127.25,133.8,125.1,133.8,4987
2012-08-22,123.15,127.95,121.25,127.95,2811
2012-08-23,117.8,127.85,117.5,127.85,3059
2012-08-24,119.9,122,111.95,112.1,8333
2012-08-27,116.25,124,116.1,124,2418
2012-08-28,118.55,120.2,113.05,115.15,3188
2012-08-29,113.3,118,112.65,117.5,4618
2012-08-30,115.15,117.3,111,115,1063
2012-08-31,113.5,116,110.65,115,1065
2012-09-03,118,118.95,114.5,114.5,3137
2012-09-04,121.7,123.75,117.25,117.5,6605
2012-09-05,127.75,127.75,124.1,125.4,4187
2012-09-06,134.1,134.1,133,133,3576
2012-09-07,143.35,147.5,140,140.8,25139
2012-09-10,143.75,153,136.3,148.5,9506
2012-09-11,145.4,148,142.9,146,11221
2012-09-12,146.4,149.1,144.2,144.2,7044
2012-09-13,142.45,147.7,136.05,136.05,6893
2012-09-14,139.7,144.95,136.6,143,4414
2012-09-17,133.95,142,131.5,141.9,4728
2012-09-18,133.2,136,131,133,3322
2012-09-20,130,132.65,126.2,131.1,4287
2012-09-21,134.65,136,130,130,5385
2012-09-24,133.2,136,132.2,132.2,1417
2012-09-25,133.9,135.5,130.3,130.35,2608
2012-09-26,134.15,135.9,132,135.9,3278
2012-09-27,133.8,135.1,132.35,135,2012
2012-09-28,132.25,134,131.05,132.1,1702
2012-10-01,136.05,138,132,133.1,3859
2012-10-03,142.65,143.75,135.5,135.55,10303
2012-10-04,145.45,149.75,143.85,148,6692
2012-10-05,142.3,144.95,139.55,143.5,3105
2012-10-08,137.85,142.25,137,142,3432
2012-10-09,139.55,140,136.1,136.1,3824
2012-10-10,144.9,146.7,140,144,6919
2012-10-11,145.15,149.5,141.1,144,8066
2012-10-12,144.1,146,144.05,144.65,643
2012-10-15,144.5,146.5,143.1,143.1,1631
2012-10-16,143.2,146.8,141.2,146.8,1741
2012-10-17,143.55,144,141.15,144,3980
2012-10-18,143.25,145.95,140.75,143,6880
2012-10-19,144.25,146.45,142.55,142.55,6464
2012-10-22,158.65,158.65,144.5,144.5,44803
2012-10-23,168.35,171,161.1,161.15,36841
2012-10-25,158.7,170,155.05,170,10660
2012-10-26,165.2,167,157.95,158.05,14815
2012-10-29,169.6,170,164.95,165,14922
2012-10-30,165.65,170,162.9,168.55,2866
2012-10-31,166.5,166.95,159,164.1,2038
2012-11-01,175.75,180,166,166,31126
2012-11-02,179.65,184.65,163,176,27653
2012-11-05,181.15,183.95,176,178.95,6363
2012-11-06,187.1,190,174.05,180,35492
2012-11-07,189,198,187.25,191.85,31276
2012-11-08,187.05,189.5,180.1,188.5,20271
2012-11-09,177.7,188,177.7,181,9396
2012-11-12,168.85,170.15,168.85,170.15,3870
2012-11-13,160.45,160.45,160.45,160.45,1166
2012-11-15,158.85,164.5,152.45,152.5,12464
2012-11-16,162.6,163,158,159,8506
2012-11-19,158.95,162,156,156,3620
2012-11-20,152.25,157.8,151.05,154,9303
2012-11-21,153.9,153.95,144.65,150,3690
2012-11-22,149,151.9,146.3,151.8,1735
2012-11-23,142.9,151,142.2,151,4324
2012-11-26,148,150,144,146.7,13800
2012-11-27,155.4,155.4,150,150,25284
2012-11-29,158.3,160,155.4,155.4,10073
2012-11-30,156.85,163,155.55,160,8663
2012-12-03,161,163.95,155.1,155.1,15562
2012-12-04,164.9,168.5,161,161,62828
2012-12-05,173.1,173.1,166,166,19007
2012-12-06,173.65,181,170.5,178,30794
2012-12-07,172.45,180,170,178.8,12937
2012-12-10,176,178.2,172.3,178.2,24714
2012-12-11,179.15,181.4,169,176,43797
2012-12-12,183.8,187,180.05,180.95,45719
2012-12-13,174.65,185,174.65,185,18972
2012-12-14,165.95,165.95,165.95,165.95,955
2012-12-17,157.7,157.7,157.7,157.7,3927
2012-12-18,149.85,149.85,149.85,149.85,804
2012-12-19,154.1,157.3,142.4,142.4,155357
2012-12-20,146.4,154.85,146.4,154.85,21117
2012-12-21,139.1,145,139.1,145,13637
2012-12-24,132.15,143,132.15,139.1,11077
2012-12-26,126,138.5,125.55,138.5,8965
2012-12-27,129.15,131.9,127,131,7781
2012-12-28,127,130,126.35,130,3267
2012-12-31,121.4,128,120.65,128,5461
2013-01-01,115.65,121.5,115.35,121.5,8164
2013-01-02,121.4,121.4,113.2,116,12676
2013-01-03,127.45,127.45,124,127.4,8184
2013-01-04,133.8,133.8,133.7,133.7,4908
2013-01-07,129.5,140.45,127.15,140.45,23474
2013-01-08,130.9,133.45,129,132,2638
2013-01-09,126.65,132.8,126,132,4718
2013-01-10,121.9,127.3,120.5,127,12246
2013-01-11,122.4,127.95,116,120,20054
2013-01-14,123.35,125,122.75,123.1,2700
2013-01-15,120.05,125.95,118.05,120.65,3344
2013-01-16,121.3,124.9,116,124.9,8251
2013-01-17,120.05,124.65,119.9,124.6,2623
2013-01-18,122.1,123.9,120.7,123,739
2013-01-21,119.8,123,116,123,12023
2013-01-22,117.8,121.2,117.65,120.6,488
2013-01-23,119.5,120,116.5,116.55,8019
2013-01-24,119.4,122.75,118,120.6,2840
2013-01-25,124.2,125.35,119,120.1,11230
2013-01-28,130.4,130.4,122.05,126,24224
2013-01-29,136.9,136.9,130.4,131.85,63725
2013-01-30,132.05,142,130.5,142,21562
2013-01-31,129.75,135,126.8,131,3727
2013-02-01,127.25,130,124.8,130,3555
2013-02-04,130,133.35,124,124,2512
2013-02-05,130,132.1,130,130.7,1746
2013-02-06,126.05,132.95,124.25,130.7,5761
2013-02-07,119.8,127.5,119.75,127.5,1445
2013-02-08,115.85,119.8,114.65,119.05,18393
2013-02-11,119.75,121.35,116,116,843
2013-02-12,115,122.4,113.85,121.35,4957
2013-02-13,111.1,117.8,109.25,116.3,4115
2013-02-14,106.85,113.6,106,113.6,2180
2013-02-15,101.55,110,101.55,104.5,3438
2013-02-18,101.8,106.5,99.45,104.05,2131
2013-02-19,103,106.45,102.05,104.65,2679
2013-02-20,100.8,105,100,105,2092
2013-02-21,101,101,98.3,100.55,13815
2013-02-22,99.4,101,99,100,2853
2013-02-25,99.15,100.5,97.5,100,4870
2013-02-26,98.05,99.95,98,98.5,3239
2013-02-27,96,97.5,95.5,97.5,2680
2013-02-28,95.45,99.8,95.25,99.8,1356
2013-03-01,94.3,98.75,93.5,96,1316
2013-03-04,91.05,93.5,91.05,91.1,2101
2013-03-05,89.1,90.5,88,90.5,6191
2013-03-06,93.35,93.55,86.9,88,14488
2013-03-07,97.2,98,91.4,92,8883
2013-03-08,100.9,101.85,97.25,97.25,1573
2013-03-11,100.35,105,99,105,3857
2013-03-12,95.4,102.45,95.4,100,18858
2013-03-13,93.95,98.95,92,98.9,20707
2013-03-14,89.55,96,89.3,95.4,31651
2013-03-15,88.8,92.75,87,89.9,7671
2013-03-18,88.45,91.6,86.85,88.55,7497
2013-03-19,88.55,90,86.6,90,4203
2013-03-20,92.1,92.75,87.7,88.5,16480
2013-03-21,92.7,94.45,88.25,91,12036
2013-03-22,89.5,89.55,89.15,89.55,1201
2013-03-25,93.95,93.95,92.7,92.7,2125
2013-03-26,91.95,96.6,90.55,90.55,1466
2013-03-28,93.05,96,89.55,89.55,3957
2013-04-01,97.7,97.7,91.55,92.5,1486
2013-04-02,102.55,102.55,99.3,101.8,959
2013-04-03,102,104,101.1,103.5,1062
2013-04-04,101.75,102.1,98.55,101,1109
2013-04-05,99.1,103,98.5,100,3507
2013-04-08,100.45,103.45,97,100,1251
2013-04-09,100.3,103,99.5,101,812
2013-04-10,99.45,101,96.25,101,2871
2013-04-11,98.6,98.65,98.6,98.65,151
2013-04-12,99.3,99.9,96,96,1861
2013-04-15,99.9,99.9,99.9,99.9,13
2013-04-16,101,103,99,99.9,492
2013-04-17,102,104,99.1,101.5,760
2013-04-18,107.1,107.1,101.05,102.5,4345
2013-04-22,111.75,112.45,108.7,112.15,2658
2013-04-23,108.7,115.8,107.6,112,1462
2013-04-25,107.5,108,104.55,108,295
2013-04-26,112.85,112.85,108,108,1295
2013-04-29,111.2,114.75,110.05,113.6,5495
2013-04-30,112,114.45,111,112.1,1175
2013-05-02,112.15,117,107.75,116.95,5372
2013-05-03,111.1,115,110.9,113,1340
2013-05-06,112.65,114.5,112.5,114.5,557
2013-05-07,113.1,114.95,111,114.95,1181
2013-05-08,114.3,115,114,114.1,1080
2013-05-09,120.4,123,112,117,4803
2013-05-10,108.5,128.85,108.4,123.5,27098
2013-05-13,112.3,118,109.4,118,2668
2013-05-14,108.9,113,107,113,2066
2013-05-15,110.4,113,109.25,109.25,2501
2013-05-16,109.55,112,109.05,111.1,1625
2013-05-17,108.4,110.9,107.1,110.5,1329
2013-05-20,106.75,108.85,98,105,1867
2013-05-21,104.15,109.45,103.6,107.5,648
2013-05-22,100.4,108.95,100,108.95,1441
2013-05-23,98.25,102.4,98.2,101.35,1594
2013-05-24,101.55,105,99,104.9,1919
2013-05-27,100.4,101,98.5,101,441
2013-05-28,99.4,100.8,97,97,3471
2013-05-29,99,104,98.5,104,737
2013-05-30,99.7,101.1,99,101.1,607
2013-05-31,99,102,98.7,99,2762
2013-06-03,99.1,102,99,99.5,130
2013-06-04,101.85,102,98.6,99.5,1618
2013-06-05,99.9,102,98.75,102,14
2013-06-06,100,100.35,100,100.3,62
2013-06-07,99.5,100,98,100,12
2013-06-10,98.15,99.75,98,98.15,1688
2013-06-11,99,99,97,97,977
2013-06-12,98.5,99,95.55,95.55,1221
2013-06-13,90.95,98,90,98,5578
2013-06-14,91.3,94.95,91.3,94.95,46
2013-06-17,92.15,94,88,91,2976
2013-06-18,91.4,91.9,90,91.5,4797
2013-06-19,93.7,94.95,87.5,87.5,307
2013-06-20,93.95,95,92,94,1660
2013-06-21,91.85,95.85,91.1,94.5,3180
2013-06-24,93.6,94.9,89,91,2193
2013-06-25,90.6,91,90,91,450
2013-06-26,90.55,91,89,91,736
2013-06-27,89,90,89,90,863
2013-06-28,92.85,95,89.4,89.4,422
2013-07-01,100.45,102.1,94.05,99.9,10156
2013-07-02,101,102.9,98,99.5,1096
2013-07-03,99.95,100.8,95.05,95.15,4109
2013-07-04,104.5,106,98,100.45,4736
2013-07-05,112.85,116.35,104,104,10197
2013-07-08,122.8,125,110,112,7397
2013-07-09,132.65,133.75,126.95,127.75,19217
2013-07-10,132.55,133.25,128,133,5719
2013-07-11,138.25,140,134.5,134.5,9417
2013-07-12,138.3,140,136,139,7842
2013-07-15,160.8,165.9,140,140,96580
2013-07-16,192.95,192.95,151.6,157,356036
2013-07-17,212.2,212.2,203.2,203.2,97289
2013-07-18,233.4,233.4,233.35,233.35,40470
2013-07-19,256.7,256.7,256.7,256.7,66970
2013-07-22,243.9,269.5,243.9,269.5,346019
2013-07-23,254.9,256.05,231.75,231.75,171236
2013-07-24,241.05,251,241.05,250,12692
2013-07-25,235.4,247.65,231,231,18858
2013-07-26,230.3,235.05,224.55,224.55,10589
2013-07-29,241.8,241.8,222,222.05,5065
2013-07-30,241.2,253.85,235,253.85,21960
2013-07-31,235.2,252.95,230,251,1846
2013-08-01,223.45,241.45,223.45,235.05,11233
2013-08-02,234.6,234.6,212.3,225,12111
2013-08-05,246.3,246.3,238,244.9,30092
2013-08-06,238.9,257,234,257,9278
2013-08-07,250.05,250.8,227,229.6,31395
2013-08-08,244.4,248,242,245.85,5084
2013-08-12,244,247.95,238.3,240.5,2240
2013-08-13,255.85,256.2,244,249.95,9332
2013-08-14,268.6,268.6,255,255,11614
2013-08-16,255.2,270.05,255.2,268.6,1251
2013-08-19,242.45,250,242.45,242.45,1522
2013-08-20,230.35,248,230.35,248,4935
2013-08-21,218.85,235,218.85,225,3185
2013-08-22,215.75,228.9,210,224.5,3499
2013-08-23,223.85,225.8,216,222.55,534
2013-08-26,220.2,228,217.45,228,4497
2013-08-27,209.6,225.75,209.5,225.6,1986
2013-08-28,216.95,216.95,199.15,201.8,1530
2013-08-29,216.8,221,207.3,207.3,8228
2013-08-30,216.6,227.6,208,208,2561
2013-09-02,215.5,220,212.2,220,1179
2013-09-03,219.95,225,214.25,219.55,18843
2013-09-04,224.2,226.95,216.6,216.6,29309
2013-09-05,227.9,229.95,219,225,1897
2013-09-06,237.75,238.95,225,225,1524
2013-09-10,232.9,243.95,231.05,239,702
2013-09-11,232.4,240,230,240,2320
2013-09-12,221.7,228,220.1,228,939
2013-09-13,223.95,225,219,219.55,2540
2013-09-16,221,224.15,218,220.25,1949
2013-09-17,220,222,217.05,217.05,476
2013-09-18,217.5,222,217,218.1,1231
2013-09-19,221.65,223.1,217,217.05,1293
2013-09-20,219.2,224.85,215.15,217.1,3689
2013-09-23,217.15,228.85,216,226.15,2152
2013-09-24,213.5,218.9,212.15,218,4022
2013-09-25,212,217,210.05,210.1,335
2013-09-26,213.3,220,211.6,212.55,1670
2013-09-27,216.75,217.95,212.55,217.95,119
2013-09-30,211.1,215.6,210.1,210.15,291
2013-10-01,222.7,225,210.5,210.5,2100
2013-10-03,225.5,234.95,218.25,222,3745
2013-10-04,227,228.5,220,224.15,2036
2013-10-07,224.25,230,222.25,222.25,169
2013-10-08,221.1,230,215,215,837
2013-10-09,224.8,227.95,224,224.95,379
2013-10-10,247.25,247.25,223.05,232.65,14680
2013-10-11,258.65,271.95,252,265,13218
2013-10-14,266.5,270,255,255,2858
2013-10-15,261.85,270,260.3,269.9,1111
2013-10-17,269.55,270,258.25,267.95,8990
2013-10-18,283.15,290,265,277.15,9031
2013-10-21,275.35,288,270.1,280,5060
2013-10-22,282.4,283,275.2,275.2,1178
2013-10-23,272.05,283.3,270.1,275.15,760
2013-10-24,265.55,275,245.1,275,2151
2013-10-25,264.35,273,258,273,725
2013-10-28,269.85,280,262.05,280,2430
2013-10-29,271.25,276,260.1,276,3575
2013-10-30,266.85,294,260.85,294,721
2013-10-31,276.35,290,268,289,2442
2013-11-01,272.05,290,271,290,997
2013-11-05,269.4,284.45,265,283.9,828
2013-11-06,263.05,271,243,271,1449
2013-11-07,271.65,274,260.2,269,2238
2013-11-08,239.5,275,227,273,16293
2013-11-11,249.55,258,221,258,12621
2013-11-12,248,260,245,260,3969
2013-11-13,242.55,253.5,241,253.5,4797
2013-11-14,254.95,255.6,239,239,2157
2013-11-18,252.1,255,248,248,1902
2013-11-19,257.35,257.5,247.2,247.2,6540
2013-11-20,263.9,288,249.5,272,3770
2013-11-21,262.15,275,258,275,2151
2013-11-22,260.85,264.95,260,264.05,1413
2013-11-25,262,265,256.05,256.05,3245
2013-11-26,258.45,264.35,256.05,256.65,1323
2013-11-27,263.75,268,256.2,258,1652
2013-11-28,271.3,277.95,265,265.05,5821
2013-11-29,273.45,278.05,271,271.1,2511
2013-12-02,266.25,275,266.25,274.95,1059
2013-12-03,269.5,272,266.25,270.5,1182
2013-12-04,281.25,289,257,257,7569
2013-12-05,281.85,289.7,279.95,289.5,1139
2013-12-06,272.6,281,259,270.05,1940
2013-12-09,263,272,260,272,2067
2013-12-10,261.7,270.05,260,262.75,3343
2013-12-11,260.25,263.1,256.05,262.5,2163
2013-12-12,258,265.35,256.25,256.25,231
2013-12-13,256.1,264.7,256,257.1,495
2013-12-16,260.2,264.45,254,254,1883
2013-12-17,272.35,274,258,258,3974
2013-12-18,307.95,315,270,270,50148
2013-12-19,358.65,369.5,309,309,244983
2013-12-20,349.8,365,344,365,54687
2013-12-23,343.95,365.5,335.85,350,17380
2013-12-24,338.2,346.95,331.1,337.55,4991
2013-12-26,340.1,360.9,336.9,336.9,11558
2013-12-27,334.3,344.95,331,344.95,3949
2013-12-30,328.9,342.9,326.1,335,1949
2013-12-31,314.9,330.65,308,329.95,7460
2014-01-01,318.9,327.45,316,326.6,2004
2014-01-02,300.9,329.7,295,324,12879
2014-01-03,314.9,322.35,304,305.5,12038
2014-01-06,335.2,356,294.1,294.1,17271
2014-01-07,329.8,353.2,325,350,4471
2014-01-08,338.4,341,324.65,325,12448
2014-01-09,317.25,344.9,313.75,340.1,12990
2014-01-10,330.55,343,316,320.4,17969
2014-01-13,322.35,335,320.1,333.95,1303
2014-01-14,333.35,335,302,302,8605
2014-01-15,329.9,334.9,325,326.3,1747
2014-01-16,322.55,335,320,329,1782
2014-01-17,317.2,333,310.1,313.35,8995
2014-01-20,312.7,324.95,304.95,304.95,3375
2014-01-21,313.55,324.05,308.5,312.5,1832
2014-01-22,309.65,319.9,305.25,311.05,3936
2014-01-23,311.1,312.95,304.1,307,1406
2014-01-24,305.8,322,303.3,321.95,1449
2014-01-27,291.4,302.5,288.1,300.5,3632
2014-01-28,291.85,312.5,282.25,282.3,3413
2014-01-29,306.75,312.5,296.6,299,5520
2014-01-30,315.9,333,311.85,313.5,14104
2014-01-31,329.9,331,308.1,308.1,1816
2014-02-03,281.95,329,272.1,329,20936
2014-02-04,311.05,316,272.4,277,12156
2014-02-05,295,322,275,312,24112
2014-02-06,296.55,308,294.25,301.9,7541
2014-02-07,280.85,296,275.25,296,6968
2014-02-10,281,290.75,275.5,285,5699
2014-02-11,283.2,294.9,281.15,294.9,1837
2014-02-12,273.75,287,271.35,284.25,4346
2014-02-13,272.9,282.45,271.6,277,2741
2014-02-14,270.5,277.05,267,276.7,1910
2014-02-17,268.4,274.1,265,268,3544
2014-02-18,266.8,271.05,265,267,2501
2014-02-19,267.25,272,265.05,270,2274
2014-02-20,260.9,268.85,258.9,268.8,1970
2014-02-21,253.5,260.05,250.1,260.05,3418
2014-02-24,249.95,257.35,242.35,251.6,3272
2014-02-25,250.45,258.95,247,247,3799
2014-02-26,259.4,260,252.4,254.95,5962
2014-02-28,258.65,260,254.5,259.25,6465
2014-03-03,257.4,260,255,255.65,1606
2014-03-04,256.5,260,253.95,258.75,8082
2014-03-05,258.05,260,256.05,259.95,2643
2014-03-06,272.8,278,258,260,38358
2014-03-07,263.15,275.1,256,275.1,6501
2014-03-10,268.5,278,265.4,278,3200
2014-03-11,268.55,274.5,266,266,8277
2014-03-12,267.9,270,261.15,265.5,4324
2014-03-13,263.55,274.9,262.1,273.25,3976
2014-03-14,263.45,265.4,261.15,261.15,5503
2014-03-18,266.4,270,260,260.15,3737
2014-03-19,265.6,274.65,264,266.1,4729
2014-03-20,269.7,274,263,265,4117
2014-03-21,267.55,269.85,265.7,269.85,2562
2014-03-24,263.2,270,261.2,270,3106
2014-03-25,259.25,269,256,268.95,4254
2014-03-26,253.5,261.9,250.15,258.05,17247
2014-03-27,256.15,260,251.1,255.8,1154
2014-03-28,258.65,264.95,253,258,3754
2014-03-31,260.65,265,256,260.05,7046
2014-04-01,262,268.8,260.05,265,4520
2014-04-02,263.15,267,258.35,267,6819
2014-04-03,261.4,271.95,257.65,265.65,11156
2014-04-04,254.4,265.2,250.25,262.95,6799
2014-04-07,256,263.95,254.25,263.8,2262
2014-04-09,250.55,270,246,263.9,15569
2014-04-10,252.05,261,245,254.95,9940
2014-04-11,267.8,272,249.45,249.5,19267
2014-04-15,259.8,274.85,258,270.05,10308
2014-04-16,257.1,267.8,255.15,267.75,2994
2014-04-17,260,262.8,256.95,262.8,10926
2014-04-21,261.6,269.15,259,262,9724
2014-04-22,271.3,287,262,267.85,22165
2014-04-23,278.8,285,273.05,279.75,12914
2014-04-25,270.9,280,268.2,270.15,7901
2014-04-28,275.1,279.65,268,271,9628
2014-04-29,277.6,279.65,272.1,276,10349
2014-04-30,269.05,279.8,264,271.5,5200
2014-05-02,269.55,271.95,260.15,260.2,2054
2014-05-05,276.8,280,266.65,266.65,8149
2014-05-06,293.25,305,276,279.95,25428
2014-05-07,349.05,351.9,296,296,401052
2014-05-08,332.75,373.9,325,353.4,262222
2014-05-09,337.75,362.9,316.1,327.9,155958
2014-05-12,300.65,333.9,296.1,333.9,93629
2014-05-13,295.55,314,290.1,300,28361
2014-05-14,297.4,309,296,299.75,15778
2014-05-15,286.9,302.25,281.1,302.25,20423
2014-05-16,278.15,290.5,273,290.5,7818
2014-05-19,269.6,286,261,283,12836
2014-05-20,298.5,302.75,270,271.25,15078
2014-05-21,289.2,306,280,302.95,11468
2014-05-22,294.55,297.8,285.05,287.2,4633
2014-05-23,294.5,304.85,292.6,300,3951
2014-05-26,285.7,299.5,282.1,293,5821
2014-05-27,281.6,290.2,280.3,286.05,3840
2014-05-28,284.35,294.95,281.05,281.05,4354
2014-05-29,282.4,288.9,279.5,281,2034
2014-05-30,278.25,286,275.55,280.25,3347
2014-06-02,284.05,293,282.25,284,3485
2014-06-03,281.9,287.3,281,282.5,6513
2014-06-04,281.5,285,280,280.85,5116
2014-06-05,282.7,287,280.5,287,4584
2014-06-06,288.35,291,281.1,284.1,5083
2014-06-09,314.7,317.4,290,292.95,39081
2014-06-10,309.55,321,303,318.95,10259
2014-06-11,305.7,313,302.65,311,8084
2014-06-12,305.95,316,296,303.15,18941
2014-06-13,294.75,310.95,287.2,303,9511
2014-06-16,299,302.5,287.2,287.2,6357
2014-06-17,307.3,311,298,298.15,5667
2014-06-18,322.45,346.5,307.1,310,62208
2014-06-19,321.55,329.95,320,322.55,8391
2014-06-20,331.2,359.9,323.9,323.9,61603
2014-06-23,331.95,354,328.65,332,48931
2014-06-24,328.35,343.5,326.1,334.7,34915
2014-06-25,338.45,351.45,321.2,325.1,69567
2014-06-26,380.6,394.8,337.1,337.95,129899
2014-06-27,361.95,388.7,359,383.4,54082
2014-06-30,364.85,384.65,360,363.1,57160
2014-07-01,357,374.7,353,367,30483
2014-07-02,371.15,377,358.05,364,36922
2014-07-03,380.95,399.9,367.05,369.5,68207
2014-07-04,391,398,378,382,19507
2014-07-07,375.4,396,370,395.95,17587
2014-07-08,349.25,384.5,342.15,380.2,24742
2014-07-09,341.1,358.5,340,340.3,17020
2014-07-10,338.35,354.2,326.15,341.05,10385
2014-07-11,338.75,352,315.65,332.55,30033
2014-07-14,334.45,348.7,331,335,5334
2014-07-15,360.05,367,331.25,334.8,18516
2014-07-16,366.25,381,355.2,355.2,30527
2014-07-17,366.45,374.9,361.5,363.55,4461
2014-07-18,360.45,378.6,353,353,16331
2014-07-21,361.3,365,359.1,365,6707
2014-07-22,379,389,356.05,356.05,48018
2014-07-23,366.45,379,363.15,379,8034
2014-07-24,364.95,376.1,363.5,364.15,12405
2014-07-25,352,364.7,350.1,361.45,15864
2014-07-28,355.9,360,348.2,354.85,22116
2014-07-30,367.85,373.85,350,356,35171
2014-07-31,364.95,372.2,362,367.75,11365
2014-08-01,324.6,369.7,320.25,364,76322
2014-08-04,313.25,330.95,311.1,316.05,42464
2014-08-05,310.15,321,304.35,313,19639
2014-08-06,314.7,319.95,312,313.6,16056
2014-08-07,313.6,318,312,318,14646
2014-08-08,288.45,312,286,306.15,32186
2014-08-11,274,288.1,271.55,288.1,117747
2014-08-12,300.65,318.5,270.1,270.1,131268
2014-08-13,295.75,299,270.1,289.5,67972
2014-08-14,302.55,309.45,291,294.6,18620
2014-08-18,333.75,344.4,287.1,287.1,49469
2014-08-19,341.85,349,324.15,327.55,48341
2014-08-20,345.3,354.4,333.05,341.85,35546
2014-08-21,328.05,359.7,320,341.45,45750
2014-08-22,320.75,337.5,314,328.05,17886
2014-08-25,327,343,320,330.65,14292
2014-08-26,329.1,343.95,325.1,343.95,12769
2014-08-27,336.4,341.9,322.15,322.15,11691
2014-08-28,339.4,348,334.5,334.5,16693
2014-09-01,347.65,354,336.25,342.65,49450
2014-09-02,362.7,378.5,352.2,356.5,80277
2014-09-03,350.4,364.85,349.65,359.95,29587
2014-09-04,363.25,364.9,338.15,350,26438
2014-09-05,385.85,388.2,345,354.55,31642
2014-09-08,411.6,415,383.85,383.85,79826
2014-09-09,402.55,419,395.1,414.95,24134
2014-09-10,449.45,464.4,400.1,400.15,149048
2014-09-11,451.95,480,447.5,456.8,113550
2014-09-12,447.1,463,440,456.1,47584
2014-09-15,440.15,457.5,437.15,446.7,36042
2014-09-16,408.55,457,400.95,448.85,35654
2014-09-17,413.2,426,381.1,414,36094
2014-09-18,480.5,494.4,415,415,112829
2014-09-19,503.1,528.8,476.95,484,144395
2014-09-22,487,508.2,481.7,507,25292
2014-09-23,491.2,525,486.1,494.85,72403
2014-09-24,476.6,500,468,491,18082
2014-09-25,455.15,486.45,451.5,486.45,33189
2014-09-26,460.4,474,365.9,456,18262
2014-09-29,472.6,479.95,460,460,7517
2014-09-30,473.15,477.2,466.55,472,8296
2014-10-01,466.05,472,462.4,470.15,4873
2014-10-07,461.05,468.8,456.25,461.4,7720
2014-10-08,458.75,465.05,448,452.35,9615
2014-10-09,474.9,480.45,450,462,8931
2014-10-10,463.15,479,458.95,471.95,6777
2014-10-13,450.75,464,440,454.5,9976
2014-10-14,460.9,467.95,448.95,456.45,5688
2014-10-16,447.7,462.8,436.1,453.05,10569
2014-10-17,438.2,454,426.4,448.5,8746
2014-10-20,442,447,440,442.55,7400
2014-10-21,433,446.45,410.15,442.4,8912
2014-10-22,451.5,470.95,428.15,429.9,9515
2014-10-23,464.8,468,455,464,7436
2014-10-27,459.7,465,450.15,460,4844
2014-10-28,463.25,469,450,456.05,8643
2014-10-29,507,527,464.95,464.95,102654
2014-10-30,476.15,492,462,492,50845
2014-10-31,471.4,484.45,467.8,476.1,6641
2014-11-03,451.75,469.55,446.45,469.55,17316
2014-11-05,437.2,467,435.65,467,29000
2014-11-07,429.55,448.6,421.05,430.1,19159
2014-11-10,443.15,459.9,430,439.95,59964
2014-11-11,426.15,449.9,423,441,15641
2014-11-12,442.4,459.2,428,428,27178
2014-11-13,434.45,454,432,441,13822
2014-11-14,441.7,456.7,383.95,435,18363
2014-11-17,436.7,452.95,432.15,432.15,14240
2014-11-18,432,451.85,422,436.65,23784
2014-11-19,426.35,445,424,434.1,12043
2014-11-20,427.3,434.95,425,426.25,6059
2014-11-21,421.75,432.7,418.6,427.25,6253
2014-11-24,415.8,434.7,412.6,424.95,8176
2014-11-25,403.15,421,392.05,411.1,6905
2014-11-26,421.75,424.4,400,401,18010
2014-11-27,427.6,432.9,418.05,422.1,9436
2014-11-28,434.65,436,420.15,423.65,10154
2014-12-01,427.6,444.9,425,431.1,14063
2014-12-02,440.35,444,426.3,426.3,7389
2014-12-03,442.3,445,432.1,440.5,12824
2014-12-04,447.35,456,440,448,16149
2014-12-05,455,460.05,445.1,452.75,11632
2014-12-08,462.5,476.05,455,467.25,15837
2014-12-09,448.95,467.05,442.4,460.1,9508
2014-12-10,455.35,456,445,446.55,3747
2014-12-11,451.25,455.6,446.5,455.6,4109
2014-12-12,437.35,460.9,434.4,453,9631
2014-12-15,448.65,474.4,432.5,437.5,10947
2014-12-16,436.2,452.2,432.1,449.75,9827
2014-12-17,431.4,444.4,409,417,8423
2014-12-18,453.1,456.2,434,434,3541
2014-12-19,455.3,466.8,453.2,455.3,3930
2014-12-22,457,469,445.05,452,5062
2014-12-23,455.1,465,455,460,9705
2014-12-24,454.9,458.95,450,455.05,6564
2014-12-26,457.8,465.85,450.2,456,2804
2014-12-29,476.75,481.8,455.3,460,16868
2014-12-30,488.3,511.2,476.45,480.1,57500
2014-12-31,492.75,501.5,485,491,16527
2015-01-01,501.65,506.45,492,492,11070
2015-01-02,507.4,527,501.6,501.6,26716
2015-01-05,511.55,519.9,500.3,507.4,12964
2015-01-06,520.35,531.8,498,508,42990
2015-01-07,519,543,509,520,45148
2015-01-08,502.8,535,499.8,535,31421
2015-01-09,515.55,519.6,500,509.85,24965
2015-01-12,509.05,522.95,505.5,515,27983
2015-01-13,510.25,517.6,506.75,509.05,13644
2015-01-14,516.8,530.95,511.15,516.8,18723
2015-01-15,514.35,527,508.2,516.8,9481
2015-01-16,514.6,521,510.1,510.15,2887
2015-01-19,510.65,514.95,508.5,512,8958
2015-01-20,518.55,525,506,506,11514
2015-01-21,508.55,526,507,513.55,12215
2015-01-22,509.45,514.95,506.2,508,10747
2015-01-23,502.65,514,499.05,509.45,11530
2015-01-27,495.9,511.25,494,503.2,12136
2015-01-28,476.95,498,467.95,475.5,25569
2015-01-29,473.65,487,466.3,473,12329
2015-01-30,463.7,474.9,454.9,472,17530
2015-02-02,371,441.5,371,441.5,191394
2015-02-03,395.3,405.45,351,371,200426
2015-02-04,390.6,395.8,383,389,25273
2015-02-05,396.45,403.8,392,393.85,39214
2015-02-06,346.55,397,337,390,116491
2015-02-09,322.45,355,314.55,347.5,43078
2015-02-10,323.3,339.85,317.8,331.95,18261
2015-02-11,318.65,335,306,335,12736
2015-02-12,322.3,329.95,315,323.45,10552
2015-02-13,332.3,347.5,319,329.55,28303
2015-02-16,346.3,362,321.15,321.15,53253
2015-02-18,347.45,353.85,343.55,350.9,13937
2015-02-19,346.65,357.7,339,357.7,14780
2015-02-20,343.8,348.8,340,345,14200
2015-02-23,328.15,346,325.95,344.55,14750
2015-02-24,324.1,331,320.1,330.55,7029
2015-02-25,320.55,329.9,318.95,320.9,9305
2015-02-26,314.4,321.05,310,321.05,10596
2015-02-27,316,324,311,324,7728
2015-03-02,320.95,334.9,315,330.5,7734
2015-03-03,343.15,347.8,316,318,34003
2015-03-04,334.75,360,332.35,353.85,34799
2015-03-05,340.7,345.6,327,327.25,12903
2015-03-09,351.05,356,341.15,342.9,24689
2015-03-10,365.2,374,354.5,355,45994
2015-03-11,368.1,373,360.05,360.05,14781
2015-03-12,383.45,399,360.2,360.35,76266
2015-03-13,361.65,394,357,389.1,46372
2015-03-16,358.15,374,348,366.05,19492
2015-03-17,362.75,374,358,360,30965
2015-03-18,377.15,382.5,357.35,369.95,35490
2015-03-19,371.1,387.9,368.05,387.75,28286
2015-03-20,351.25,366.55,348,366.55,13361
2015-03-23,330.1,365,326.5,364.95,16290
2015-03-24,326.15,343,318,332.65,29263
2015-03-25,327.2,333.3,323.6,331.8,50411
2015-03-26,324.8,330,320.15,330,5471
2015-03-27,324.3,332,311.15,321.05,13732
2015-03-30,320.55,326.55,318,324.05,10464
2015-03-31,332.8,344.4,324,324,9678
2015-04-01,348.3,351.5,332,332,13162
2015-04-06,349.05,352.35,345.1,350,22639
2015-04-07,343.65,354.9,340.1,353.05,21048
2015-04-08,373.65,388.9,345,345,84430
2015-04-09,371.45,389,364.8,377.9,27248
2015-04-10,370.15,376,362,362,17715
2015-04-13,388.05,392,372,372.1,34992
2015-04-15,378.05,391.6,372,385,19246
2015-04-16,386.55,389.9,371.95,380,53823
2015-04-17,400.3,444,388.2,389,207197
2015-04-20,376.65,402.85,372,400.2,38645
2015-04-21,376.55,389.7,372.25,372.55,11227
2015-04-22,382.65,393.85,363.4,368.3,50675
2015-04-23,389.95,397,380,385.1,18748
2015-04-24,379.8,393.45,377,391.7,13272
2015-04-27,358.9,388.6,355.1,379.15,42146
2015-04-28,380.6,384,351.2,355.05,13754
2015-04-29,369.5,385.85,368,385.85,9039
2015-04-30,369,378.5,363,374.85,7511
2015-05-04,374.75,392.7,369.05,369.05,11352
2015-05-05,371.5,383,367,383,6715
2015-05-06,351.6,385,346.5,381,18035
2015-05-07,348.6,353.75,342.1,345.05,11724
2015-05-08,360.9,370,351,356.3,18353
2015-05-11,365.7,367,347.65,362,21223
2015-05-12,347.75,372,341.1,369.7,28194
2015-05-13,349,356.4,341,356,10063
2015-05-14,355.35,359.9,347,352.9,5047
2015-05-15,360,363.95,351.05,359.95,8221
2015-05-18,368.75,372.95,361.1,363.25,6528
2015-05-19,372.7,384.9,368,368.05,9964
2015-05-20,373.55,384,368.6,370.65,9829
2015-05-21,367.55,373.35,364.5,365.05,5737
2015-05-22,370.4,380.9,366.7,374.95,7328
2015-05-25,366.05,380,364.2,370,3273
2015-05-26,365.4,372,363.1,363.15,2807
2015-05-27,363.75,368.8,360.05,360.05,1691
2015-05-28,357.7,367.75,355,367.75,6592
2015-05-29,357.35,364.25,356,360.15,2922
2015-06-01,349.35,363.1,346.05,363.1,5694
2015-06-02,348,354,344,350.25,3975
2015-06-03,342.35,357.55,332,340.1,7763
2015-06-04,354.5,358.9,337.6,343.95,4939
2015-06-05,347.9,352.5,342.2,351.05,4716
2015-06-08,349.4,355,343.2,350,4760
2015-06-09,346.35,349.95,342.3,347.05,3187
2015-06-10,344.6,353.6,342.55,346.15,5246
2015-06-11,340.7,349.95,336.5,341,2319
2015-06-12,349.75,353,325.1,337,9699
2015-06-15,348.6,355,341.05,341.75,2893
2015-06-16,343.15,357.25,330.4,345,4220
2015-06-17,346.15,349.6,340.05,340.05,1961
2015-06-18,348.1,352.9,343,343,1813
2015-06-19,355.05,357.4,345,345,8980
2015-06-22,364.1,369.95,351.05,351.05,3222
2015-06-23,371.35,374.05,361,361,6488
2015-06-24,362.55,373,360.8,372.95,2915
2015-06-25,358.5,362.3,351.1,359,860
2015-06-26,359.05,364.5,355,355,507
2015-06-29,351.25,360.1,342.6,351,6427
2015-06-30,365.6,368.8,348.65,348.65,1502
2015-07-01,367.55,373,362,362,3522
2015-07-02,377.15,385,364,364,6116
2015-07-03,380.9,392.8,372.95,372.95,16252
2015-07-06,423.95,432,375.1,377,44824
2015-07-07,437.05,458.85,414,414,49640
2015-07-08,426.8,444.4,410.1,428,13554
2015-07-09,436.2,448,426.15,435.25,12152
2015-07-10,435.1,451,433.05,441.95,8498
2015-07-13,441.8,448,426.15,426.15,5389
2015-07-14,443.25,448.5,435.15,443.9,7049
2015-07-15,469.2,475.4,444.15,444.15,26726
2015-07-16,461.4,475,460.15,470,5669
2015-07-17,488.35,491.95,463,463,47158
2015-07-20,486.95,500,475.25,498,15884
2015-07-21,464.95,488.5,452.2,488.45,9821
2015-07-22,469.75,474.15,460.15,474.15,5185
2015-07-23,468,477,461,477,3466
2015-07-24,461.1,477.15,460.15,471,2862
2015-07-27,465.45,473.9,456,456,4541
2015-07-28,467.7,473.85,458.1,461,2402
2015-07-29,468.35,477,463,463,6026
2015-07-30,489.75,505.05,458.35,467.05,12068
2015-07-31,492.9,513.5,487,495,17772
2015-08-03,495.1,504,487.5,504,7610
2015-08-04,499.55,504.95,489.55,504.95,12740
2015-08-05,522.25,524.35,499.4,507.9,29876
2015-08-06,536.3,561.2,522.25,525,57774
2015-08-07,520.75,546.5,519,539.95,9865
2015-08-10,532.35,544.45,520,520,12675
2015-08-11,521.3,542.8,520,542.8,10329
2015-08-12,509.7,528,506.1,524.95,10560
2015-08-13,503.55,525,501.15,509.7,9408
2015-08-14,535.65,560,505.15,510.5,38071
2015-08-17,588.5,613.15,535,535.15,101742
2015-08-18,603.55,620,590.15,598,50541
2015-08-19,630,647.9,599.95,609.45,90811
2015-08-20,593.95,639.4,590,625,34117
2015-08-21,595,598.8,565.1,589.35,37302
2015-08-24,527.35,593,485.15,593,92538
2015-08-25,545,558,479.95,520,43813
2015-08-26,530.2,569,525,544.35,17615
2015-08-27,565.6,573.9,540.05,548.95,24745
2015-08-28,578.45,590.65,566,575.65,14364
2015-08-31,600.05,616.5,571.05,577.85,28379
2015-09-01,585.7,623.75,565.3,600.05,22678
2015-09-02,590.2,605.25,577.4,592,13324
2015-09-03,609.7,618.7,593.3,593.3,20526
2015-09-04,593.7,613.9,584,604.95,29952
2015-09-07,588.25,610.05,586,588,16812
2015-09-08,590.75,605,561,599.95,36641
2015-09-09,621.2,630,591.9,599.45,28137
2015-09-10,690,718,577.7,609.95,169202
2015-09-11,696.35,723,690.2,698,92228
2015-09-14,731.7,749.95,697.95,702.8,91364
2015-09-15,710.1,744.8,703.35,739.3,34423
2015-09-16,711.9,733.35,704,719.8,17827
2015-09-18,720,724,711,717.55,11714
2015-09-21,759.2,769,710.25,710.3,104258
2015-09-22,723.95,768,711.3,760,45082
2015-09-23,735.4,744,710.05,716.55,14522
2015-09-24,749.7,760,728.85,728.85,27282
2015-09-28,831.95,878.8,743.1,774,233071
2015-09-29,841.95,864.95,795,827.35,77646
2015-09-30,902.85,915,844,845.85,149304
2015-10-01,876.4,922.2,861.2,910,65128
2015-10-05,882.9,914.85,872,881,48664
2015-10-06,860.1,890,852.25,890,22216
2015-10-07,832.85,882,825.2,851,27901
2015-10-08,837.3,850,819.45,831,27808
2015-10-09,829.8,861.9,820,839.95,29297
2015-10-12,826.25,853.65,821.1,834.25,24042
2015-10-13,793.7,832,790,832,23283
2015-10-14,793.8,806,771.1,798,35396
2015-10-15,782.45,806.5,762.35,798.25,10382
2015-10-16,771.95,798,768.1,790,10565
2015-10-19,798.2,817.7,777,778,38124
2015-10-20,797.05,809.9,792,800,35987
2015-10-21,798.75,818.9,790,790,33870
2015-10-23,796.9,816,790.9,810,41420
2015-10-26,791.25,808,785.1,808,14258
2015-10-27,796.2,806,785.95,793.25,16615
2015-10-28,795.35,802,791.15,799.15,9423
2015-10-29,712.3,814,690.1,814,55752
2015-10-30,693.25,725,687.05,700,75834
2015-11-02,698.65,703.75,673.5,692.95,22654
2015-11-03,706.25,719.3,698,702.9,51073
2015-11-04,705.5,718.7,692.6,709.95,65252
2015-11-05,704.95,713.5,694.5,698,86936
2015-11-06,679.5,707.95,672.25,699,17682
2015-11-09,700.15,707.5,669.95,670.05,20491
2015-11-10,701.95,707,686.1,686.1,15036
2015-11-11,704.05,709.7,696.5,704.95,3260
2015-11-13,706.35,720,695.1,701.85,150067
2015-11-16,700.5,708.75,696.5,701,10964
2015-11-17,703.2,709.9,700,701.95,15891
2015-11-18,682.45,704.8,677.1,704.8,27020
2015-11-19,690.55,699.45,680,683.05,10153
2015-11-20,691.8,699,685.05,695.95,14703
2015-11-23,703.9,708.95,677.5,686.05,24320
2015-11-24,704.25,709.75,685.5,706,24620
2015-11-26,702.8,705.05,693,693.05,9900
2015-11-27,701.65,705.1,697,701.55,11842
2015-11-30,705.55,708.85,699,702.25,45151
2015-12-01,704.2,789.9,699.95,714.9,111377
2015-12-02,704.4,719,698,719,56342
2015-12-03,703.6,714,698.95,710.3,27830
2015-12-04,697.65,708.9,694.95,706,22164
2015-12-07,698.05,706.35,690,705,10890
2015-12-08,697.3,700.75,690,696.05,13817
2015-12-09,685.95,700.05,680,691.95,17952
2015-12-10,688.85,698.95,672.2,672.2,23917
2015-12-11,687.8,692.95,677,680.05,5996
2015-12-14,683.9,694.65,675.25,686.95,15329
2015-12-15,697.65,698,670.2,675.2,18142
2015-12-16,696.75,708,683.5,688,33938
2015-12-17,698.5,712.45,686.25,712.45,11831
2015-12-18,763.25,794.95,698,700,170009
2015-12-21,782.9,805,769.1,774,60543
2015-12-22,813.2,839,767.7,789.9,78048
2015-12-23,827.3,844.65,807.05,815,49577
2015-12-24,812.95,838.7,806.1,828.25,27909
2015-12-28,821.35,845,818,819,19651
2015-12-29,802.05,829.8,796.1,829.8,16678
2015-12-30,796.75,816,787.95,802.8,23632
2015-12-31,798.5,808.95,784,808.95,13665
2016-01-01,794.8,799.05,780.1,795.95,12343
2016-01-04,792.05,810,753,790.05,20285
2016-01-05,783.1,800,775,785.15,10363
2016-01-06,794,829.9,769,783.1,47102
2016-01-07,786.9,809,775,785.7,18588
2016-01-08,787.7,803.75,784,799.95,8982
2016-01-11,809.65,824,775,786.2,33343
2016-01-12,827.65,840,811,840,36055
2016-01-13,808.35,857.95,725.5,857.95,66708
2016-01-14,790.5,800,775,799.75,20203
2016-01-15,740.3,813,727.25,809.95,14709
2016-01-18,703.95,774.95,691.05,720.5,13583
2016-01-19,700.6,716.45,680,690,14760
2016-01-20,677.45,710,657.05,710,18430
2016-01-21,685.7,709,674.5,678.05,16816
2016-01-22,697.85,731.65,685,685,22729
2016-01-25,704.05,723.95,698,703,11253
2016-01-27,694.45,714.8,690.1,710.05,8245
2016-01-28,684.9,714.4,682,693,16233
2016-01-29,691.4,700,683,694.95,8476
2016-02-01,701.6,705.15,695,699,9315
2016-02-02,703.35,716.95,695,701.55,11191
2016-02-03,709.95,734,681,695,78116
2016-02-04,719.7,729,705,722.05,85343
2016-02-05,696,717,681.5,716.95,33996
2016-02-08,689.8,699.2,685,695,13304
2016-02-09,674.45,689,662.15,681.05,7137
2016-02-10,665.55,683,657,675.05,4141
2016-02-11,602.4,668,592.6,660,22564
2016-02-12,573.3,604,541.05,604,20366
2016-02-15,583.45,617,576.1,585,27719
2016-02-16,531.35,603,525.1,603,69338
2016-02-17,542.35,547.9,491,545,27483
2016-02-18,559.05,567,541.8,546,13788
2016-02-19,564.6,569,550.3,563.95,5751
2016-02-22,564.05,570,549.6,564.6,6287
2016-02-23,551.2,560.1,546.05,560,9529
2016-02-24,557.6,559.85,537.6,544.5,21365
2016-02-25,554,559.45,546.45,546.45,11148
2016-02-26,548.7,556.9,544.5,556.8,8423
2016-02-29,523.55,544.5,503.2,544.5,18419
2016-03-01,557.05,559.35,518.65,518.65,16488
2016-03-02,559.1,574,551,559.25,23133
2016-03-03,567.25,570,558,558,7089
2016-03-04,577.35,584,561,566.1,15091
2016-03-08,597.5,602.7,572,594.8,8604
2016-03-09,591.2,599.7,581.05,590,5975
2016-03-10,608.55,612.65,586.2,598.75,5501
2016-03-11,617.55,623,610,610,24193
2016-03-14,623.3,632.2,602.25,618.8,8353
2016-03-15,620.05,629,608.5,624.6,4282
2016-03-16,611.35,625,602.5,625,2062
2016-03-17,608.15,615,596.15,605,9381
2016-03-18,601,614,598.1,600,4221
2016-03-21,600.8,614,586.35,606.5,23480
2016-03-22,676.4,699,594.55,609,80053
2016-03-23,710.6,737.3,685,689,95227
2016-03-28,684.3,710.5,673.7,710,12188
2016-03-29,683.55,694.3,672,684,10360
2016-03-30,702.1,707.7,675.15,675.15,19705
2016-03-31,703.55,712,685.25,709.95,3519
2016-04-01,723.6,737.95,698,709,17397
2016-04-04,727.6,745.2,709.1,709.1,12008
2016-04-05,729.85,734.9,715.1,720,16250
2016-04-06,732.85,739,722.4,725,3958
2016-04-07,727.65,735,722.1,732.65,3307
2016-04-08,723.75,742.7,710,715,1111
2016-04-11,715.95,736,705.15,715.1,2558
2016-04-12,722.25,734.8,711.25,719.5,5484
2016-04-13,730.95,735,720.2,720.25,5399
2016-04-18,744.5,750,720.05,734.95,14282
2016-04-20,752.1,779.7,731.05,731.05,8104
2016-04-21,766.25,777.5,751,761,6986
2016-04-22,771.85,774,760.2,769.8,3028
2016-04-25,761.7,774,743,769,1955
2016-04-26,747.8,775,741.05,769,5712
2016-04-27,762.75,769.95,743.1,743.15,6343
2016-04-28,760.4,777.8,760,765,8653
2016-04-29,750.9,777.7,738.2,777.7,8988
2016-05-02,738.3,750,732,743,2874
2016-05-03,749.8,777.95,740.5,743.05,9270
2016-05-04,761.85,764.5,731.5,745,3460
2016-05-05,728.8,763,724.25,763,6134
2016-05-06,736.35,738.75,707.2,738.75,8074
2016-05-09,716.35,754.95,711.25,754.95,26529
2016-05-10,688.25,738.95,683.15,738.95,11407
2016-05-11,691,701,675.25,675.25,7331
2016-05-12,720.6,726.85,685,685,7006
2016-05-13,717.4,728.95,710.1,718,3930
2016-05-16,708.4,728,692.05,728,4798
2016-05-17,787.55,815,712.05,714.9,116910
2016-05-18,888.6,903.9,767,784,278050
2016-05-19,873.25,902,838.8,887,73525
2016-05-20,838.85,865,824.05,865,40192
2016-05-23,785.1,821.05,765.25,817,72556
2016-05-24,750.25,789.7,746.1,789.7,19025
2016-05-25,791.95,808,747.1,747.15,66590
2016-05-26,770.65,814,765,791.95,24903
2016-05-27,801.05,805,773.75,773.75,26553
2016-05-30,797.9,804.55,780.2,792.2,26046
2016-05-31,801,806,761.65,790,10599
2016-06-01,821.05,859,796.5,800,44357
2016-06-02,797.6,829.5,792,829.5,7348
2016-06-03,791.65,815,790.3,813,3465
2016-06-06,795.55,811.8,787.1,793,4509
2016-06-07,827,854.7,796.05,802.5,42160
2016-06-08,825.55,839,797.2,820,13496
2016-06-09,809.65,830,800.25,825,33679
2016-06-10,800.3,823.1,798,819,8996
2016-06-13,792.4,814.95,775,814.95,6842
2016-06-14,804,828.8,795,796.05,16838
2016-06-15,807.35,814.65,792.65,802,8510
2016-06-16,797.4,811.4,788.25,808.55,7561
2016-06-17,789.85,802.05,781,786,3324
2016-06-20,809.6,820.75,785,786,8413
2016-06-21,820.2,844.6,792.15,822.75,28768
2016-06-22,847.9,908.8,812.55,813.05,232997
2016-06-23,844.95,887.8,839,855.05,87201
2016-06-24,826.3,829.9,785,828.95,39635
2016-06-27,850.65,867,825.1,825.1,19998
2016-06-28,831.6,859.65,826.2,840.3,8555
2016-06-29,873.75,895.5,837.5,840,67114
2016-06-30,864.45,893.95,856.65,873.75,14436
2016-07-01,889.6,908.6,865,872.15,45004
2016-07-04,900.3,910,889,900,40511
2016-07-05,915.3,923.9,900.15,900.25,51364
2016-07-07,887.7,938.5,882.5,925,45861
2016-07-08,882.95,900,869.95,899,8665
2016-07-11,934.4,941.1,887.1,887.45,58019
2016-07-12,946.15,959.9,928,928,63935
2016-07-13,985.85,1044,950,950,198044
2016-07-14,982.25,1012.55,975.3,977.25,57573
2016-07-15,984.7,1008.7,962,983.95,47964
2016-07-18,971.05,1014,961.1,985.75,22615
2016-07-19,965.7,986.5,951.05,975.8,17264
2016-07-20,971.5,993,964.95,966.8,23281
2016-07-21,951.95,983.95,945.2,972.6,21191
2016-07-22,954.9,985,944,959,30209
2016-07-25,959.45,973.45,946,960,57404
2016-07-26,944.2,981,935.55,960.55,32283
2016-07-27,915.75,973.95,910,957,41972
2016-07-28,923.25,949,916.05,925,36115
2016-07-29,915.5,930,911.25,923.25,10147
2016-08-01,930.65,938.6,860.6,915.6,30050
2016-08-02,904.6,935.95,901.5,930.65,8198
2016-08-03,886.75,907.1,881.35,904.6,7721
2016-08-04,903.85,930,888.05,888.05,15103
2016-08-05,897,930,886,918.4,89799
2016-08-08,899.2,920,890,900,26718
2016-08-09,881.9,909.9,879.05,899.2,16225
2016-08-10,878.3,888.2,863,881.9,15422
2016-08-11,867.95,886,855.1,878,19748
2016-08-12,907.2,924.9,865.05,876.7,67674
2016-08-16,907.45,930,899.05,919.65,52758
2016-08-17,963.55,982.6,901,907.45,61628
2016-08-18,946.1,983.95,932.25,964,18452
2016-08-19,949.55,978,943,947,16337
2016-08-22,965.05,970.9,950.55,959.9,23268
2016-08-23,1035.3,1044,965.05,965.05,106863
2016-08-24,1063.65,1080,1023.05,1043.9,77489
2016-08-25,1019.9,1080,1007.1,1070,48416
2016-08-26,1033.05,1048,1023.4,1030.9,25090
2016-08-29,995.7,1043,987.2,1042.9,25236
2016-08-30,970.25,1013.8,967.15,1012.7,27767
2016-08-31,983.65,988.8,956.3,971.25,21915
2016-09-01,1010.3,1024,983.75,983.75,41858
2016-09-02,1016.9,1022.9,1004.95,1010.3,9273
2016-09-06,1040.4,1050,1014.65,1029.85,47251
2016-09-07,1004.05,1044.4,995,1030.15,12022
2016-09-08,988.55,1013,985,1004.05,11938
2016-09-09,1003.6,1008.05,981,988.75,16654
2016-09-12,996.65,1005,965.25,965.25,26748
2016-09-14,1002.75,1009.9,981,990.1,8622
2016-09-15,990.25,1017,982,1002,20910
2016-09-16,1000.65,1010,987.2,1000,17246
2016-09-19,1003.35,1015,993.55,1000.6,18649
2016-09-20,1004,1009,995.05,995.05,9497
2016-09-21,995.9,1010,994.1,1006.7,5284
2016-09-22,1000.95,1009,998,998.4,16556
2016-09-23,1013.45,1015,990.15,990.15,19615
2016-09-26,1002.95,1013.45,996.25,1013.4,7487
2016-09-27,1001,1009,999.95,1002.9,13632
2016-09-28,1002.4,1010.25,997.2,1007.25,10765
2016-09-29,979.65,1013,962.5,1002.45,37435
2016-09-30,973.9,985,965.1,975,6748
2016-10-03,996.35,1007,968,977,30871
2016-10-04,1000.6,1009,999,1009,15635
2016-10-05,1008.95,1011.95,995.1,1000.65,13376
2016-10-06,1005.1,1010,1001.15,1010,6578
2016-10-07,1006.5,1015.95,999.95,1005.1,4660
2016-10-10,1006.1,1009,998.15,998.15,6601
2016-10-13,990.45,999.5,986,990.05,8923
2016-10-14,998.7,1001,980.05,990.15,7057
2016-10-17,979.7,997.8,971.5,989.55,13074
2016-10-18,987.75,996.85,981.25,993.85,6482
2016-10-19,990.8,996.95,982,996.95,14834
2016-10-20,962.6,999.3,930.3,985.05,14411
2016-10-21,969.95,982.95,963.5,963.9,10414
2016-10-24,967.4,983.15,962,973.05,8777
2016-10-25,966.1,974.05,958,962.55,12404
2016-10-26,988.8,1002.8,950,956.05,26130
2016-10-27,974.05,999.8,960.5,978.1,21438
2016-10-28,988.2,990.25,970.3,974.05,19786
2016-11-01,974.05,1004.25,965.6,999.95,27063
2016-11-02,973.8,987.75,961.1,976,14833
2016-11-03,991.6,1002.65,962.6,973.85,14502
2016-11-04,989.85,1004.05,975,982.55,81994
2016-11-07,1025.85,1045.55,1005,1020,140306
2016-11-08,1034.25,1041.85,1023.6,1032,25136
2016-11-09,1010.25,1030.05,920,950,46543
2016-11-10,1008.1,1029,997.8,1025,8855
2016-11-11,1006.6,1022.1,987.1,1009,15036
2016-11-15,1001.2,1013.9,965.1,989,41207
2016-11-16,989.05,1018.95,980.1,1018.95,11764
2016-11-17,977.35,1003,960,960,13537
2016-11-18,967.05,985.9,955,962.2,3717
2016-11-21,929.3,978.9,918.95,978.9,8956
2016-11-22,939.6,959,925.2,955.9,2781
2016-11-23,1001.25,1004.75,936.55,939.65,7915
2016-11-24,991.75,1010,963.15,975.05,7575
2016-11-25,1002.9,1009.7,989,991.8,6344
2016-11-28,1003.05,1024.7,977.2,1002.9,46544
2016-11-29,1004.15,1008.5,989.4,1000,6945
2016-11-30,1017.35,1022,986.3,986.3,21569
2016-12-01,1026.15,1055,1000.25,1017.35,28573
2016-12-02,1023.85,1034.9,1009.55,1010.25,4218
2016-12-05,1028.8,1032,1007,1023.9,7635
2016-12-06,1026,1037,1017.3,1028.85,6123
2016-12-07,1020.05,1034,1010.1,1034,2548
2016-12-08,1024.1,1035,1015.25,1022.05,4438
2016-12-09,1033.8,1045,1012,1045,3766
2016-12-12,1025.2,1035,1025,1033.1,3563
2016-12-13,1040.1,1043,1025.15,1039.85,15292
2016-12-14,1023.7,1045,1015.5,1040,7062
2016-12-15,1024.05,1038.35,993,993,6752
2016-12-16,1028.2,1032.5,1012.4,1015.05,3961
2016-12-19,1027.05,1033.85,1010.2,1018,6691
2016-12-20,1015.1,1035,1012.5,1030,2957
2016-12-21,996.75,1035,981.05,1034.75,4475
2016-12-22,1006.9,1022,961,997.35,10910
2016-12-23,992.45,1009.95,986,987.1,4586
2016-12-26,974.2,998.3,961.15,975,2256
2016-12-27,1014.3,1015,976.45,976.45,18455
2016-12-28,1018.5,1034,1000.1,1018.05,18268
2016-12-29,1019.4,1036,998.1,998.15,26119
2016-12-30,1032.3,1035,1015,1016.05,7885
2017-01-02,993.55,1040,985,1040,13004
2017-01-03,1012.55,1020,995,1009.95,3895
2017-01-04,1029.35,1031,1004.85,1004.85,21186
2017-01-05,1008.8,1036.1,1000.1,1036.1,12334
2017-01-06,1012.2,1024.85,1000.55,1000.55,3396
2017-01-09,1012.1,1021.85,1003.1,1003.15,5182
2017-01-10,1011,1020.95,997.95,1011,16054
2017-01-11,1017.45,1025,1006.05,1011.05,4304
2017-01-12,990.45,1023.35,985,1014.95,9433
2017-01-13,1015.8,1018.3,990,995.05,14664
2017-01-16,1003.3,1013.45,1002,1005.55,1073
2017-01-17,1003.1,1015.35,1001.1,1015.3,1168
2017-01-18,996.8,1017,991.15,1001.25,2954
2017-01-19,988.45,1015.35,985.1,999,13996
2017-01-20,968.95,1005,963.65,1005,7642
2017-01-23,972.2,994,961,994,1162
2017-01-24,968.45,979.75,965.2,970.05,2265
2017-01-25,975.25,983,971.15,982.75,2936
2017-01-27,966.4,988.85,963.95,971.05,4203
2017-01-30,945.7,970,932.4,950.1,7248
2017-01-31,899.9,973,891.4,973,11406
2017-02-01,956.15,975,882.05,924,25102
2017-02-02,930.3,954.85,905.5,951.4,10267
2017-02-03,950.75,957.7,939.6,957.7,4178
2017-02-06,935.55,976.55,931.05,936.5,5463
2017-02-07,930.5,944.8,920.05,921.5,3796
2017-02-08,906.7,958,900.05,958,7550
2017-02-09,932.3,940,907,907,7748
2017-02-10,900.85,940.85,881.3,939.7,66269
2017-02-13,913.7,918.9,887,901.1,20532
2017-02-14,907.1,919.85,899.5,919.85,5068
2017-02-15,900.75,914.45,895.1,914.45,2437
2017-02-16,915.7,918.8,882.7,896,5975
2017-02-17,904.85,911.35,900,906.45,5070
2017-02-20,900.2,916.85,897.95,898,7282
2017-02-21,912.75,917.8,899.9,899.9,4324
2017-02-22,903.45,940,892,900.05,11262
2017-02-23,908.15,914.8,900,900.05,5319
2017-02-27,907.45,915,899.95,910.05,9600
2017-02-28,913.3,916,902,907.95,4911
2017-03-01,1095.95,1095.95,914.95,914.95,185246
2017-03-02,1217.05,1315.1,1111,1119,660242
2017-03-03,1191.95,1294.45,1138,1248,328072
2017-03-06,1182.1,1262,1156.4,1194,82948
2017-03-07,1168.1,1220,1150.6,1195,58875
2017-03-08,1162.1,1199,1151.8,1182,21876
2017-03-09,1127.2,1198.9,1096.05,1162,44564
2017-03-10,1133.65,1174.7,1125.1,1159,29850
2017-03-14,1135.7,1176.4,1120.7,1146,13429
2017-03-15,1142.2,1173.95,1130,1135.7,20485
2017-03-16,1135.15,1156.95,1135,1144,7931
2017-03-17,1128,1156,1112.5,1137.1,8604
2017-03-20,1154.15,1170,1115,1115,27695
2017-03-21,1272.05,1309.9,1143.4,1148.55,191790
2017-03-22,1240.5,1329.55,1226,1250,134164
2017-03-23,1250.05,1269,1242.85,1252.6,15350
2017-03-24,1250.8,1281,1225,1264,15025
2017-03-27,1266.75,1290,1235,1252.8,23096
2017-03-28,1489.7,1514.9,1239.8,1266.8,447879
2017-03-29,1460.85,1557.35,1440.15,1495.05,142240
2017-03-30,1474.6,1509,1380.1,1420,199873
2017-03-31,1495,1533.6,1460,1489.5,96898
2017-04-03,1498.2,1552,1470,1502,76671
2017-04-05,1601.4,1727,1578,1640,233906
2017-04-06,1588.3,1623.9,1560,1609,70079
2017-04-07,1536.3,1623.85,1520.1,1565,54176
2017-04-10,1522.75,1555.7,1435.25,1491,180158
2017-04-11,1523.45,1572.75,1516,1516,36621
2017-04-12,1557,1580,1536.85,1541,54165
2017-04-13,1530.35,1565,1521.1,1550,17721
2017-04-17,1490.8,1558.55,1478.7,1511,17774
2017-04-18,1459.95,1528.8,1444.05,1500,34587
2017-04-19,1392.95,1470,1381.6,1458.95,35987
2017-04-20,1339.8,1421.2,1310.4,1400,37729
2017-04-21,1425.6,1495,1235.6,1348,191905
2017-04-24,1362.75,1433.35,1350,1422,40605
2017-04-25,1416.85,1495,1370,1370,162611
2017-04-26,1411.25,1442,1385,1411,63619
2017-04-27,1433.75,1447.55,1365.95,1423,53886
2017-04-28,1398.7,1447.9,1387.1,1443.15,19665
2017-05-02,1364.15,1430,1356.6,1414,23331
2017-05-03,1320.15,1398,1312.9,1388.95,27247
2017-05-04,1354.25,1382,1305,1326.25,67607
2017-05-05,1326.7,1370,1320,1355,26990
2017-05-08,1343.7,1376.9,1330,1330,22630
2017-05-09,1354.3,1368,1349,1350,11686
2017-05-10,1357.2,1374.7,1348.95,1358.25,13954
2017-05-11,1350.05,1370,1320,1355,21778
2017-05-12,1374.85,1393.85,1338.05,1354.85,78572
2017-05-15,1349.7,1394,1333.25,1380,18113
2017-05-16,1350.2,1367.1,1342,1349.1,6795
2017-05-17,1406.1,1417.65,1343.8,1351.15,33948
2017-05-18,1442.7,1464,1378.1,1380,43106
2017-05-19,1413.1,1495.4,1385.55,1462,57153
2017-05-22,1471.4,1496.55,1414,1414,53900
2017-05-23,1446.35,1484.15,1383.05,1484.1,43801
2017-05-24,1376.05,1458,1361,1458,33459
2017-05-25,1393.2,1409,1370,1380.1,10908
2017-05-26,1389.9,1450,1386,1404.7,19983
2017-05-29,1374.4,1407,1361.3,1395,7335
2017-05-30,1377.4,1392.45,1336,1350,7782
2017-05-31,1369.4,1393.2,1360,1371.2,3998
2017-06-01,1348.95,1393.7,1335,1350.25,9713
2017-06-02,1350.25,1384.95,1343,1364.15,8575
2017-06-05,1418,1444.4,1333,1333,29843
2017-06-06,1380,1430,1376.5,1419.95,5227
2017-06-07,1386.1,1395,1372.05,1378.05,6860
2017-06-08,1397,1400,1371,1371,6725
2017-06-09,1395.2,1424.8,1391.1,1424.8,5936
2017-06-12,1395.2,1410,1385.25,1400.35,22734
2017-06-13,1395.25,1417.9,1390.05,1417.9,15958
2017-06-14,1395.3,1416.5,1390.1,1406.7,14590
2017-06-15,1396.05,1415,1372.2,1372.2,15715
2017-06-16,1399.05,1414,1385,1385,12919
2017-06-19,1393.8,1439,1385,1400.15,6507
2017-06-20,1405.75,1415,1392.85,1395.9,4220
2017-06-21,1399.2,1403,1389.95,1397.6,27651
2017-06-22,1395.35,1411.75,1392.55,1410,40722
2017-06-23,1397.85,1400,1385,1392.25,24147
2017-06-27,1390.35,1401.95,1373.8,1399,47928
2017-06-28,1423.8,1453.85,1380.15,1382.3,15860
2017-06-29,1422.85,1445,1402.5,1445,3434
2017-06-30,1416.8,1440,1396.05,1405.55,5643
2017-07-03,1399.4,1418.1,1374.1,1410.8,8335
2017-07-04,1363.4,1403,1351.5,1396.7,5731
2017-07-05,1368.45,1381.2,1360,1371.35,2496
2017-07-06,1374.65,1395,1366.45,1366.45,4160
2017-07-07,1372.55,1394.9,1351.1,1361,13503
2017-07-10,1370.75,1374.95,1365,1370,317
2017-07-11,1349.1,1377,1341.1,1371.35,17201
2017-07-12,1324.1,1368.65,1312.05,1341.1,9997
2017-07-13,1304.4,1343.9,1301,1343.9,15634
2017-07-14,1335.15,1351,1295.3,1310,7618
2017-07-17,1308.2,1345.95,1292.1,1320.25,7390
2017-07-18,1296.55,1324.95,1288.05,1319.65,12685
2017-07-19,1331.7,1339.3,1291.2,1291.2,6600
2017-07-20,1316.1,1330,1310.1,1325.85,49413
2017-07-21,1476.8,1508,1333.6,1334.35,182302
2017-07-24,1500.85,1547.6,1481.05,1508.85,66905
2017-07-25,1450.85,1509.4,1442.1,1509.4,8851
2017-07-26,1477.45,1494,1436.95,1457.7,11765
2017-07-27,1448.6,1480.1,1420,1468.85,8659
2017-07-28,1447.75,1465,1427.05,1458,5417
2017-07-31,1438.7,1470.1,1426.55,1470.1,6695
2017-08-01,1439.55,1455,1431.05,1455,3182
2017-08-02,1451.8,1468.9,1432.5,1432.55,8205
2017-08-03,1437.7,1448,1430,1431.05,5920
2017-08-04,1422.25,1439,1410.3,1435.6,4158
2017-08-07,1381.65,1415.85,1375.05,1415.85,6529
2017-08-08,1389.75,1399.1,1356.35,1399,4904
2017-08-09,1359.6,1414,1345.2,1414,3888
2017-08-10,1226.5,1358.85,1206.2,1358.85,21377
2017-08-11,1239.3,1275,1192,1210,9702
2017-08-14,1286.65,1319.95,1242.05,1242.05,6532
2017-08-16,1278.95,1304.95,1272,1282.25,3148
2017-08-17,1297.85,1315,1260.05,1263.75,3232
2017-08-18,1271.95,1295.5,1253.9,1292.1,3139
2017-08-21,1252.15,1294,1231.1,1277.75,1279
2017-08-22,1242.45,1299,1229.05,1260.9,3141
2017-08-23,1217.9,1255,1203.05,1245.2,8692
2017-08-24,1230.55,1263.35,1206.35,1221.1,7862
2017-08-28,1225.85,1249.65,1215,1229.55,2037
2017-08-29,1209.95,1226.95,1206.2,1225.9,14161
2017-08-30,1241.7,1250,1226.95,1226.95,2474
2017-08-31,1270.35,1425,1235.65,1272.7,157680
2017-09-01,1231.75,1290.35,1220.7,1264,22538
2017-09-04,1244.5,1260.05,1185,1230,14121
2017-09-05,1227.2,1250.9,1218.6,1238.1,10397
2017-09-06,1205.45,1230,1193.05,1218.75,12244
2017-09-07,1203.5,1238,1191,1191,3694
2017-09-08,1223.45,1241.25,1200.05,1211.55,7147
2017-09-11,1215.4,1240.1,1202,1218.3,7396
2017-09-12,1045.35,1175.4,1021,1175.4,314614
2017-09-13,1070.35,1079,1045.35,1064,51868
2017-09-14,1048.25,1083.95,1030,1061,25843
2017-09-15,1062.25,1075,1030,1030,27079
2017-09-18,1037.95,1070,1025.25,1064.1,30081
2017-09-19,1056,1063.15,1036.95,1049.9,9066
2017-09-20,1052.15,1077.5,1039.95,1070,9895
2017-09-21,1035.45,1074,1025.2,1074,23752
2017-09-22,1033.65,1065,1013.95,1035,20184
2017-09-25,990.25,1034.8,984.55,1034.8,15272
2017-09-26,1018.45,1033,963.35,963.35,21988
2017-09-27,999.6,1043.4,985,1025,16645
2017-09-28,997.4,1019.9,990,1015,4108
2017-09-29,981.8,1012.5,972.05,996.85,17045
2017-10-03,968.15,999.9,960,971.25,7209
2017-10-04,1061.5,1158,962.2,962.3,247717
2017-10-05,1054.5,1095.05,1030.1,1070,31013
2017-10-06,1064.75,1085,1054,1063,12138
2017-10-09,1116.95,1151.55,1068.9,1069,99478
2017-10-10,1171.7,1199,1125.1,1125.1,70998
2017-10-11,1131.9,1195.05,1116.1,1177.8,35511
2017-10-12,1133.6,1174.95,1108.35,1138.8,30380
2017-10-13,1165.55,1182.8,1128.05,1144.95,15299
2017-10-16,1144.55,1195,1138.05,1165.55,36030
2017-10-17,1146.75,1169.85,1120.5,1131,11420
2017-10-18,1151.45,1159.95,1112.05,1126.05,14311
2017-10-19,1139.9,1168,1130,1143.95,1486
2017-10-23,1104.6,1139.5,1094.15,1135.75,8915
2017-10-24,1107.3,1128.45,1100,1112.8,5880
2017-10-25,1088.4,1120.95,1081,1112.55,4820
2017-10-26,1047.3,1123.95,1036.9,1084.4,20167
2017-10-27,1105.6,1134.9,1056.8,1068,50506
2017-10-30,1125.9,1143,1105.45,1114.6,16204
2017-10-31,1102.6,1140,1093.05,1140,11438
2017-11-01,1150.5,1181,1108.55,1108.55,71182
2017-11-02,1175.25,1193,1146.8,1165,56019
2017-11-03,1203.65,1215,1165.1,1189.15,37933
2017-11-06,1201.85,1238.85,1194.05,1200,19061
2017-11-07,1165.35,1224.95,1153.55,1224.95,11454
2017-11-08,1139.05,1179.65,1131.5,1164.2,8091
2017-11-09,1119.6,1157.05,1110,1139.9,7050
2017-11-10,1169.2,1175,1115,1118.65,9709
2017-11-13,1164.9,1212,1151.5,1170,18336
2017-11-14,1170.35,1189.65,1140.5,1172.85,31714
2017-11-15,1151.4,1165,1141,1150.65,6644
2017-11-16,1153.9,1165.95,1145,1149.95,4059
2017-11-17,1159.95,1184.95,1150,1176.2,5118
2017-11-20,1178.9,1188,1157.1,1160,4256
2017-11-21,1225.15,1249,1164.05,1174.95,27586
2017-11-22,1270.15,1304,1188.9,1244.4,214854
2017-11-23,1133.6,1248,1125.1,1241,80054
2017-11-24,1037.7,1152,1033.6,1134.35,101499
2017-11-27,1021.7,1063,1006.45,1038,38796
2017-11-28,988.2,1040,982.5,1024.8,46581
2017-11-29,989.8,1018.8,984.15,989,20036
2017-11-30,969.15,994.95,961,988,30359
2017-12-01,952.25,990.05,950,971,17259
2017-12-04,913.9,979.9,909,979.9,31823
2017-12-05,880.65,929,871.2,919,64284
2017-12-06,891.75,928.8,861.8,880,56081
2017-12-07,891.8,911.7,884,900.3,12185
2017-12-08,889.45,914,883,883,19555
2017-12-11,902.95,929.9,891.1,900,81865
2017-12-12,887.65,912.5,881,908.05,12937
2017-12-13,876.65,905,872.05,905,20790
2017-12-14,876.05,886.6,870.1,886.55,24194
2017-12-15,858.35,880,852.25,852.25,29252
2017-12-18,869.4,875.85,849.95,859.9,22282
2017-12-19,879.55,885,869.05,880,18443
2017-12-20,889.45,900,880,885,19585
2017-12-21,887.3,908.95,884.2,890,24726
2017-12-22,865.8,898.5,857.9,898,25046
2017-12-26,871.3,884,866,884,14880
2017-12-27,877.25,887.9,872,883,20714
2017-12-28,893.15,917.3,881,886,44658
2017-12-29,892.85,914,890,903,15900
2018-01-01,885.3,908,881,908,21656
2018-01-02,876.4,905,866,892,30382
2018-01-03,873.7,893.85,870,893.85,27633
2018-01-04,868.6,888.9,866,886.3,19682
2018-01-05,845.65,882,838.7,882,58947
2018-01-08,853.95,865.5,849.85,849.85,63856
2018-01-09,845.2,859.9,840,858.95,36377
2018-01-10,834.3,850.1,830,850,91547
2018-01-11,831.9,849.9,829.2,840,54108
2018-01-12,850.1,890.5,837,838.95,94464
2018-01-15,887.5,893,854.8,855,102630
2018-01-16,893.4,915,885.05,896.95,60047
2018-01-17,888.7,900,873.4,895,15176
2018-01-18,876.8,900,866.1,900,22681
2018-01-19,880.8,884.15,875.2,875.2,20593
2018-01-22,885.4,893,880,893,6267
2018-01-23,880.3,893,875,893,10626
2018-01-24,883.6,890,880,885,12386
2018-01-25,881.15,888,861,883.6,24248
2018-01-29,868.1,882,861.2,867.5,13108
2018-01-30,841,870.1,835,870.1,13733
2018-01-31,837.4,843.6,832,835,11533
2018-02-01,817.25,848.85,810,839,13789
2018-02-02,788.6,817.65,762,812,84411
2018-02-05,742.95,759.95,721,728,39391
2018-02-06,701.6,738.95,668,738.95,57245
2018-02-07,699.9,727.15,694.05,718.95,19674
2018-02-08,700.55,729.75,690,703,44696
2018-02-09,695.8,704.3,688.25,691.05,12725
2018-02-12,701.8,715.9,696,715.9,14365
2018-02-14,707.7,717.85,702,704,13365
2018-02-15,711.25,722,705.1,716.45,27244
2018-02-16,714.1,725.9,710,715.05,11341
2018-02-19,707.2,717.85,704.15,715.1,7048
2018-02-20,712.05,726.8,699.95,701,22326
2018-02-21,699.9,719,695.9,719,4826
2018-02-22,701.3,707,695,699.9,8028
2018-02-23,706.65,709.75,697.1,697.15,7662
2018-02-26,709.6,711,699,699.05,8302
2018-02-27,719.1,721,701,714,9680
2018-02-28,719.9,721,703.25,706.05,11554
2018-03-01,715.9,724,714,715.4,4713
2018-03-05,702.4,716.5,698.3,715.95,8633
2018-03-06,686.25,710,678.1,703.1,8525
2018-03-07,696.55,709,674,689.8,18081
2018-03-08,704.6,712.65,690.05,697.8,6622
2018-03-09,716.15,718.95,699.95,701.35,13257
2018-03-12,705.5,718,696.2,718,11397
2018-03-13,702.15,707,695,703.5,4505
2018-03-14,697.05,702.6,689.5,695.05,15933
2018-03-15,704.4,709.7,695.1,709.7,5290
2018-03-16,728.35,749,713.15,720,66154
2018-03-19,734.4,747.05,730,730,15262
2018-03-20,717.7,745.25,705.7,735,13322
2018-03-21,716.05,734,706.5,719.95,8727
2018-03-22,712.75,730,700.15,716,5897
2018-03-23,707.35,715,684.5,694.9,20945
2018-03-26,701.4,719.9,690.9,719.9,16679
2018-03-27,716.7,724,698,698,10035
2018-03-28,710.7,725,709.95,714.4,15894
2018-04-02,751.9,758.9,696.45,718.95,11205
2018-04-03,746.8,786,741.15,742.35,42563
2018-04-04,730.15,759,727,749,15382
2018-04-05,718.85,753,710,753,16733
2018-04-06,725.6,729.9,716,716,10658
2018-04-09,762.05,778,721,721,52835
2018-04-10,764.55,777,760,764.7,15060
2018-04-11,767.15,770.3,760.9,768,6753
2018-04-12,749.25,772,747.2,772,8291
2018-04-13,743.1,759.8,740,751.45,3017
2018-04-16,755.8,761,737.5,737.5,5812
2018-04-17,741.4,760.45,737.3,757.95,6273
2018-04-18,737.85,748.85,731.2,748.85,7816
2018-04-19,726,751.15,724.1,741,4540
2018-04-20,713.7,727,711,726.3,8916
2018-04-23,721.2,736.05,715.15,732,6612
2018-04-24,711.8,732.5,708,724.15,8416
2018-04-25,709.8,729.75,708.05,711.5,19978
2018-04-26,703.25,715,700.6,710.1,18216
2018-04-27,702.4,709,698,708.85,12596
2018-04-30,710.3,717.95,704.15,704.15,8270
2018-05-02,709.15,715.15,703.9,715,9719
2018-05-03,702,711.3,699.1,709.8,14069
2018-05-04,738.2,751.95,702,702,38630
2018-05-07,752.1,769,736.15,749.9,14906
2018-05-08,779.6,785,755,755,27841
2018-05-09,805.55,822,782.2,788.2,37156
2018-05-10,800.85,829.3,790.9,810,19775
2018-05-11,784.25,815.5,776.2,809,118370
2018-05-14,717.6,779.9,711,779.9,41534
2018-05-15,706.65,730.5,704,720,11578
2018-05-16,709,717.95,702,702,5823
2018-05-17,708.5,719.8,706.05,719.8,4836
2018-05-18,700.95,718.15,700,717.75,5454
2018-05-21,709.55,750,697,701,54179
2018-05-22,700.55,735.5,698,722.85,21107
2018-05-23,702.95,735,696,700.05,20476
2018-05-24,698.15,710,691.1,705.05,4994
2018-05-25,701.35,719.9,697,706.95,11820
2018-05-28,703.75,714,702.45,707,3352
2018-05-29,708.45,712.95,702,712.95,3250
2018-05-30,711.55,727.5,701,702.3,5307
2018-05-31,707.9,734,705.6,713.15,3923
2018-06-01,694.55,715,691,711.55,5048
2018-06-04,690.75,707.15,686.5,700,3249
2018-06-05,668.75,695.05,666.5,695.05,7862
2018-06-06,674.45,685,670,675,4321
2018-06-07,683.1,687.15,676.8,676.8,2338
2018-06-08,691.35,700,685.65,685.65,6417
2018-06-11,703.35,710,692.8,696.55,15627
2018-06-12,723.95,745,700.45,708,13329
2018-06-13,706.8,742.05,701.3,728.6,9916
2018-06-14,703.1,713.1,698.6,709,14276
2018-06-15,699.9,719,698,704,15650
2018-06-18,692.6,708.75,690.1,701.95,4623
2018-06-19,693.75,708,686.05,688.3,10966
2018-06-20,684.95,694.9,683.55,693.35,14115
2018-06-21,689.6,700.9,685.15,686.2,4364
2018-06-22,687.35,691.4,683.1,691.4,5326
2018-06-25,683.25,691,680,687.6,6342
2018-06-26,676.3,683.15,676,683.15,2022
2018-06-27,650.75,679,641,676.25,5413
2018-06-28,646.65,660.7,635,657,4399
2018-06-29,640.4,657.7,630,648.2,7816
2018-07-02,636.45,653.45,622.65,640,17086
2018-07-03,628.95,643.2,621.05,631.15,4173
2018-07-04,628.65,640.95,624,629.25,3237
2018-07-05,603.25,627.15,599,627.15,9431
2018-07-06,623.6,631,598,603.95,8946
2018-07-09,618.9,649,614.6,629.6,4242
2018-07-10,629.4,635,618.45,629.95,2145
2018-07-11,632.75,636.8,622.1,633.85,2100
2018-07-12,630.8,637.45,626.6,626.65,2709
2018-07-13,626.9,673.45,622.25,635.05,9487
2018-07-16,624.5,631.45,606.15,630.2,3084
2018-07-17,609.55,626.35,605,622.6,5581
2018-07-18,589.35,614.95,581.3,611.9,5533
2018-07-19,576.25,612.5,568,590,4309
2018-07-20,565.45,584.45,560.05,582.3,4326
2018-07-23,565.3,575,550.5,568,3283
2018-07-24,615.05,638.95,568.2,568.2,11662
2018-07-25,640.45,662.9,618,624.05,6001
2018-07-26,668.75,675,641.1,648.1,8825
2018-07-27,680.9,698,646.8,670,14633
2018-07-30,698.1,725,675,680,21413
2018-07-31,691.3,702.75,674.4,699.9,12113
2018-08-01,693.2,701.85,687.85,701.85,4026
2018-08-02,696.7,702.8,693.2,693.2,4821
2018-08-03,699.5,702.1,690.3,701.85,4171
2018-08-06,690.7,719.9,671.5,712,4788
2018-08-07,691.95,698,685,698,6719
2018-08-08,690.4,699.45,689.05,696,1204
2018-08-09,693.15,704,690.3,690.35,16045
2018-08-10,687.05,711,665,687.05,227583
2018-08-13,674.1,680,663.05,665,5374
2018-08-14,687.8,691.85,651,674.9,25091
2018-08-16,689.45,690,674.9,683.3,3509
2018-08-17,685.2,695,682.1,685.45,5242
2018-08-20,680,695,675,683,47275
2018-08-21,682.55,687.45,666.9,680.1,6976
2018-08-23,717.4,730,682.1,685.95,9742
2018-08-24,720.6,730,707,716.9,7507
2018-08-27,722,730.5,712.7,726.45,3750
2018-08-28,719.95,728.5,716,727.85,7270
2018-08-29,720.05,739.6,718.85,720.05,7560
2018-08-30,772.5,800,721.5,725.75,95739
2018-08-31,779.75,800,758.5,758.5,30969
2018-09-03,794.15,817,780,780,24843
2018-09-04,774.45,801,768.2,801,6218
2018-09-05,774.1,786,767,767,4884
2018-09-06,776.95,790,774.1,774.1,4135
2018-09-07,802.9,821,779.15,785.05,35698
2018-09-10,788.2,811.55,785.1,800.05,7917
2018-09-11,792.8,814,780,780,10387
2018-09-12,779.1,793,770,785,11106
2018-09-14,775.1,785.05,773.2,785,4051
2018-09-17,766.15,770.2,748.3,766.8,4457
2018-09-18,769,790,742.35,765,5597
2018-09-19,764.85,777.95,760,768.5,3085
2018-09-21,743.15,774.95,717.95,749,6210
2018-09-24,736,745,728.3,728.3,5782
2018-09-25,698.95,740,682.55,721.3,4097
2018-09-26,721.3,728,685,687.1,6122
2018-09-27,703.95,719.95,695,707,1732
2018-09-28,686.3,719,675,684.25,6233
2018-10-01,646.75,694.65,638.3,686.35,14103
2018-10-03,645.55,664.15,641,650,5194
2018-10-04,623.2,651.85,590,630,6711
2018-10-05,617.15,638,603.2,605,5994
2018-10-08,608.75,624.45,594.2,624.45,4492
2018-10-09,592.75,623.85,586,609,3820
2018-10-10,637.3,641.35,598,598,7165
2018-10-11,594.6,625,585,625,16940
2018-10-12,591,615.95,583.05,596,12081
2018-10-15,598.45,610.5,592,597.75,8011
2018-10-16,570.4,608.7,556.7,600,23050
2018-10-17,585.6,599.95,573.05,578.95,7185
2018-10-19,583.4,596.75,580.85,589.85,913
2018-10-22,568.25,590.35,561.2,584.95,7645
2018-10-23,558.65,581.35,552.45,570.15,2835
2018-10-24,562.3,579.6,549.1,563,8130
2018-10-25,566.8,572.8,560.3,564.9,3976
2018-10-26,558.15,570.05,550,560.85,3770
2018-10-29,566.45,575.2,564.6,564.6,4575
2018-10-30,566.1,578,560,572.75,2033
2018-10-31,569.6,584,560,572.25,4348
2018-11-01,569.8,594.7,565,580,4780
2018-11-02,537.6,589.7,528.05,580,116765
2018-11-05,551,555.05,530.5,541.9,11067
2018-11-06,547.2,560,537,554,4666
2018-11-07,553.45,557,547.05,552.9,1054
2018-11-09,554.05,561.95,543.9,561.95,2945
2018-11-12,549.2,560,545.15,560,5570
2018-11-13,546.55,555,539.7,553.05,5913
2018-11-14,544.7,549,542.1,548.1,3248
2018-11-15,538.8,548.6,537.05,548.6,3080
2018-11-16,536.65,549.55,532.75,539.25,3695
2018-11-19,538.55,547.35,536.05,547.35,4493
2018-11-20,530.65,542.45,528.1,534.15,3791
2018-11-21,526.3,534.25,519.95,533.3,7710
2018-11-22,520.45,533.95,501,523.1,17434
2018-11-26,504.15,524,499.05,520,9714
2018-11-27,496.4,504.1,490,504.1,10176
2018-11-28,490.65,502,487,496,4761
2018-11-29,513.2,558.95,483.95,499.65,206159
2018-11-30,479.25,509.4,475.2,503.85,87322
2018-12-03,471.4,485.9,468.5,478,16300
2018-12-04,464.95,475.8,463.35,472.05,11345
2018-12-05,460.85,469.85,455.55,464,8215
2018-12-06,455.35,463.75,449,452,12555
2018-12-07,454.7,460,447.65,455,9273
2018-12-10,433.2,448.7,429.95,448.7,8822
2018-12-11,437.55,449.95,425,430,8802
2018-12-12,442.2,476.85,433,433.35,15995
2018-12-13,452.3,457.95,445.1,454.8,7904
2018-12-14,456.35,460,450,459.9,3605
2018-12-17,448.15,459.4,445.05,456.4,3204
2018-12-18,450.35,457.5,444.65,455,5449
2018-12-19,455.3,458.9,452.05,455,10422
2018-12-20,472.95,480,455,455.1,14826
2018-12-21,464.95,474.95,459.05,474.7,5500
2018-12-24,467.15,480,462,469.75,1810
2018-12-26,460.55,470,453.1,470,2451
2018-12-27,460,466,451.3,461.3,3066
2018-12-28,463.45,468.9,455.5,460.1,2150
2018-12-31,458.35,461.9,455.6,461,1963
2019-01-01,476.1,486,458.1,458.9,3251
2019-01-02,488.75,497,470.15,474.65,8859
2019-01-03,489.05,494,481.1,489.9,4831
2019-01-04,484.55,497,483,497,2751
2019-01-07,489.35,494.1,481.25,494.1,1011
2019-01-08,489.95,500,474.05,474.05,9175
2019-01-09,504.6,509.85,489.95,489.95,9418
2019-01-10,509.2,513.75,502.4,505.05,4954
2019-01-11,518.7,520,502.7,505.75,4220
2019-01-14,504.4,520,497,520,3033
2019-01-15,501.75,513,493.6,493.6,1142
2019-01-16,503.9,509,498.55,501.9,2001
2019-01-17,498.35,503.9,491,503.9,1046
2019-01-18,514.35,518.75,495,501.35,9095
2019-01-21,511.5,530.5,506.95,506.95,4898
2019-01-22,523.55,528,509.1,510.15,8413
2019-01-23,493.3,524.15,487.05,524.15,7295
2019-01-24,498.25,505.6,495,505.6,1575
2019-01-25,497.5,507.9,490.05,501.75,8193
2019-01-28,495.2,497.9,490,491.1,1549
2019-01-29,494.6,504.45,481.6,490.05,2332
2019-01-30,494.95,505,490,495,3042
2019-01-31,532.5,581.4,509,509,60584
2019-02-01,535.7,555,524.35,532.5,6486
2019-02-04,517.85,540.05,507.05,540.05,3174
2019-02-05,489.2,523.45,483.05,523.35,5731
2019-02-06,481.3,502.65,473.6,485.95,6654
2019-02-07,480.6,489.95,480,484.9,2784
2019-02-08,485.7,493.9,480,480.95,1997
2019-02-11,484.35,496.1,479.95,486.15,3933
2019-02-12,493.55,498.9,476.35,482.4,4745
2019-02-13,592.25,592.25,499,499,229385
2019-02-14,557.75,637.85,551.6,616,100960
2019-02-15,584.8,596.8,544.9,556,72156
2019-02-18,560.95,584,555.1,584,9768
2019-02-19,558.85,571.3,555,567.95,13681
2019-02-20,551.75,562.1,548.85,560.05,3010
2019-02-21,662.1,662.1,551.95,551.95,285413
2019-02-22,646.3,674.4,628,667,156122
2019-02-25,732.7,760.8,641,641,212461
2019-02-26,784.65,827.3,701.1,702,546061
2019-02-27,768.75,824,755.05,784,267186
2019-02-28,762.75,808.9,746.15,764,123907
2019-03-01,741.25,777.6,729,760.2,96745
2019-03-05,757.65,776.95,747.1,747.9,61184
2019-03-06,745,774.85,685.25,762,29943
2019-03-07,731.55,764,723.5,748,19390
2019-03-08,723.85,740,716.1,730,16791
2019-03-11,694.7,724.95,686,719,40826
2019-03-12,696.35,724.95,695,708,42100
2019-03-13,684.75,712,681.1,700,15913
2019-03-14,699.75,722,665,691,44933
2019-03-15,704.1,717.55,685.25,712.3,18101
2019-03-18,692.55,706.2,690,706,8849
2019-03-19,699.35,718.9,691,692.55,22296
2019-03-20,685.1,706.7,682,700,10616
2019-03-22,668.6,691,663,686,8406
2019-03-25,641.4,665,640,665,20208
2019-03-26,627.8,660,621.35,660,13228
2019-03-27,606.75,635,601.2,635,27137
2019-03-28,615.3,625,602.3,608.05,13491
2019-03-29,676.8,676.8,624.8,624.8,102460
2019-04-01,657.95,694,651,682.7,32702
2019-04-02,642,661.5,638.05,661.5,11367
2019-04-03,632,648.85,624.95,630,10899
2019-04-04,678.3,690,620.85,630,61072
2019-04-05,697.45,719.7,665,678.3,77307
2019-04-08,690.2,730,685,698.5,32570
2019-04-09,693.9,704.55,680.1,691.1,17269
2019-04-10,688.45,714,686,699.95,16058
2019-04-11,691.1,706.5,687.2,688,9219
2019-04-12,687.6,705,683.7,691,10246
2019-04-15,679.7,696,671.6,693.95,12097
2019-04-16,680.95,686,678,679.8,6172
2019-04-18,673.8,687.25,668.2,687,4673
2019-04-22,657.1,670.55,653.05,670,3502
2019-04-23,711.2,751.75,650,662.5,209495
2019-04-24,710.25,739.4,703.2,712.5,47310
2019-04-25,697.45,719.65,695.1,715.5,11922
2019-04-26,711.9,735.95,693.1,703,41227
2019-04-30,706.7,721,694,711.9,12934
2019-05-02,693.95,713,690,710.95,8981
2019-05-03,681.3,702,679.5,686.05,4259
2019-05-06,685.35,713,674.7,674.75,8587
2019-05-07,683.05,693.55,681,692,4583
2019-05-08,672.35,690,670,681.9,12976
2019-05-09,666.95,675.15,662.9,670.1,10035
2019-05-10,671.1,685,663.95,663.95,10499
2019-05-13,664.7,676,656.9,664,8944
2019-05-14,688.5,693.75,660.05,670,24537
2019-05-15,707.15,727,690.25,693.75,29566
2019-05-16,716,737,710.5,715.65,23321
2019-05-17,669.15,697.85,656.35,691,48099
2019-05-20,655.4,683,650.1,674.35,27122
2019-05-21,628.65,668,624.45,658,40909
2019-05-22,595.25,628,586,624.3,28625
2019-05-23,607.6,670,573.05,614.8,77346
2019-05-24,617.3,624.7,607.6,607.6,14261
2019-05-27,614.85,628.55,610.85,620,7653
2019-05-28,621.5,630,615.1,615.1,12296
2019-05-29,614.45,629.9,610,624,10501
2019-05-30,616.15,625,607,617.95,8069
2019-05-31,598.55,615.85,595.1,615.85,5751
2019-06-03,598.55,617.9,590.9,590.9,7216
2019-06-04,596.7,606.1,590,599.5,8785
2019-06-06,592.05,607.45,590.5,604.9,3994
2019-06-07,582,599.1,578.25,599.1,12905
2019-06-10,592.25,595,575,590,10106
2019-06-11,581.25,592.25,578,592.25,5930
2019-06-12,575.1,584.8,571,571,4584
2019-06-13,572.35,590.9,562.6,590.9,10140
2019-06-14,566.9,578.75,562.15,574.6,4186
2019-06-17,554.05,569.55,552,569.55,4946
2019-06-18,548.15,560,540.2,553.25,12924
2019-06-19,546.95,555.65,544.55,549,6415
2019-06-20,538.75,549.1,534.95,549.1,4747
2019-06-21,521.45,538.75,516.6,538.75,8514
2019-06-24,519.2,534,492.2,521,18888
2019-06-25,549.35,555,515.2,517,26857
2019-06-26,537.65,562,530,554.7,11745
2019-06-27,527.05,541.55,522,541.5,4274
2019-06-28,527.6,539,512,530.2,7561
2019-07-01,537,540.05,529,537,5683
2019-07-02,609.8,626.8,537,538,108632
2019-07-03,625.25,662,610,610.1,105006
2019-07-04,610,638.2,606,624.7,19915
2019-07-05,580.55,617.35,573.5,611.2,22894
2019-07-08,557.3,572.85,550,550,5620
2019-07-09,552.7,562.6,547.05,551.45,7134
2019-07-10,518.5,555.6,507,543.9,33329
2019-07-11,530.65,534,510.05,528,13031
2019-07-12,520.3,535.35,516.8,531.15,5059
2019-07-15,514.15,527,511.1,521,3836
2019-07-16,519.4,529.65,510,510,3692
2019-07-17,525,530,519.05,521.4,10017
2019-07-18,513.4,526.4,510,524.1,3492
2019-07-19,500.2,515.1,497.95,513.4,8803
2019-07-22,503,507.45,493,499,6335
2019-07-23,505.3,514.15,495,496.4,3154
2019-07-24,515.55,530,496,508.1,14195
2019-07-25,509.5,538,507,513.3,6620
2019-07-26,510.15,517.15,507,515.95,2293
2019-07-29,505.7,521.7,500,510.2,4892
2019-07-30,494.3,515,490.5,491.25,3207
2019-07-31,495.75,500,477.15,498.9,4112
2019-08-01,486.65,498.85,475.1,493.55,5528
2019-08-02,485.6,498,480.55,489.4,5267
2019-08-05,465.75,481.55,463.7,481.55,3847
2019-08-06,451.3,487.55,445.05,462.4,11637
2019-08-07,460.95,465.8,448.45,448.5,7640
2019-08-08,457.15,464.45,451.65,463.15,11081
2019-08-09,463.75,470,452.1,458.2,16488
2019-08-13,472.7,488,461,464.35,19494
2019-08-14,497.5,530,487.9,495.9,149438
2019-08-16,504.3,527,483.3,491,47361
2019-08-19,503.45,519.35,501,512,8031
2019-08-20,500.05,508.1,498,504.15,3920
2019-08-21,496.25,505.1,493.6,498.4,9531
2019-08-22,459.1,495.1,452.25,494.45,10797
2019-08-23,444.1,465,441,450,19547
2019-08-26,460.5,466.6,446,452,14317
2019-08-27,471.45,477.7,456,460.5,15367
2019-08-28,468.15,484,467,475.75,6168
2019-08-29,451.95,471.85,446,461.5,6001
2019-08-30,460.6,468.55,451,453.05,14168
2019-09-03,479.45,509.95,467.6,468,82977
2019-09-04,484.15,493.8,471.1,471.1,20849
2019-09-05,484.55,497,479.95,489.6,17435
2019-09-06,486.45,492,480.35,484.95,5257
2019-09-09,494.8,500,476,476,12784
2019-09-11,495.1,507.85,486.05,486.05,6054
2019-09-12,500.95,510,490.15,490.15,10828
2019-09-13,493.1,500,489,499.75,4922
2019-09-16,499.35,502,487.05,493.1,47398
2019-09-17,501.2,533.95,496,499.05,20184
2019-09-18,508.3,510.55,500.5,504.95,8131
2019-09-19,497.85,510.65,487.15,507.9,5534
2019-09-20,498.25,510,488.4,488.4,12340
2019-09-23,501.6,510.9,496.65,506,6727
2019-09-24,496.85,505,496,503,23746
2019-09-25,490.65,497.8,490,492.35,3245
2019-09-26,490.8,495.6,489,489.3,4283
2019-09-27,497.8,504.2,488,490,302550
2019-09-30,503.05,523.9,500,519,34475
2019-10-01,491.9,510,490,509.45,12970
2019-10-03,490.2,502.85,486.65,493,62142
2019-10-04,486.55,497.95,484.3,494.9,8466
2019-10-07,474.6,494.95,472.65,494.95,7527
2019-10-09,468.25,478.95,463.05,474.85,6602
2019-10-10,467.25,480,460.15,467.4,5171
2019-10-11,468.15,479.2,465.95,477.3,4612
2019-10-14,469.2,474.45,465,471.1,4490
2019-10-15,487.6,490.9,468.2,476.5,5263
2019-10-16,484.15,492.45,474.55,492.45,4104
2019-10-17,482.45,489,478.55,479,3202
2019-10-18,484.55,488,470,481.05,6960
2019-10-22,480.5,488,473,484.95,4781
2019-10-23,495.05,518.6,477.9,480.5,19202
2019-10-24,487.75,509.6,482,495.15,5331
2019-10-25,487.6,495.2,486,492.15,4131
2019-10-28,488.15,499,487.05,499,5586
2019-10-29,494.35,505.35,485.55,496.5,11770
2019-10-30,495.4,507.55,488.6,492.25,9625
2019-10-31,492.2,504.35,489.5,496,8618
2019-11-01,498,510,476.3,494,23364
2019-11-04,499,507,493,504,6070
2019-11-05,495.35,505,491.5,501.9,13255
2019-11-06,492.35,501.1,490,495,9209
2019-11-07,493.85,497.75,488.15,494,8877
2019-11-08,501,506,489.65,489.65,19823
2019-11-11,504.55,506,498.1,502,46129
2019-11-13,503.9,519,501,508.9,59034
2019-11-14,508.7,517.75,504,504.4,24777
2019-11-15,486.35,539.9,481.7,528,162069
2019-11-18,487.4,497.85,476.5,495,23580
2019-11-19,474.25,493.5,471.05,488.05,34394
2019-11-20,469.6,483,465.1,478.5,15283
2019-11-21,467.1,475,462.2,475,12709
2019-11-22,462.4,474,459.45,465.3,15410
2019-11-25,457.45,467,455,460,9678
2019-11-26,455.7,464.9,451.6,461,8541
2019-11-27,473.4,475,453.25,454.15,33937
2019-11-28,460.95,477.7,460,477.7,6754
2019-11-29,454.05,465.9,452,465.9,11793
2019-12-02,446.25,458.5,444.5,458.5,15271
2019-12-03,434.95,450,433.55,449.4,15408
2019-12-04,443.9,453,430.45,431.1,23918
2019-12-05,445.35,454,442.1,449.9,8727
2019-12-06,436.85,454.8,435,454.8,15416
2019-12-09,418.95,441.95,415,437,34609
2019-12-10,421.5,428.5,420.15,422.05,7890
2019-12-11,396.65,423.45,390.55,422,28242
2019-12-12,397.3,415,390,401,20427
2019-12-13,399.5,406,397.05,398.45,14604
2019-12-16,398.65,415,396,405,16802
2019-12-17,391.55,403,388.2,400,13692
2019-12-18,388.15,395.9,387.25,392,13120
2019-12-19,395,403.9,380.25,389,38096
2019-12-20,420.85,453.05,395.2,395.7,250503
2019-12-23,428.45,439.55,410.95,420.85,66302
2019-12-24,421.95,431.9,420.3,431.9,11277
2019-12-26,425.6,438.7,417,425.95,24146
2019-12-27,429.65,438.5,424.25,427.05,22200
2019-12-30,422.5,431.9,420.1,426.05,13677
2019-12-31,418.15,425.05,417.5,425.05,9146
2020-01-01,418.8,424.65,417.95,424.45,4641
2020-01-02,430.45,439,417.25,420,22847
2020-01-03,430.45,440,429,435,24143
2020-01-06,421.95,430.45,415,430.45,16610
2020-01-07,421.35,429,420,423,8714
2020-01-08,417.9,424,409,410.15,6482
2020-01-09,431.5,447.75,422.95,423,34134
2020-01-10,457.5,484.85,435.25,435.25,228530
2020-01-13,468.5,482,459.9,459.9,38136
2020-01-14,477.55,481.95,465.95,468.5,32345
2020-01-15,493.9,499.45,483,485,53662
2020-01-16,491.1,499.95,472.2,496,39103
2020-01-17,486.25,499.75,481.4,494.85,16589
2020-01-20,486.35,497.9,479.25,497.9,25282
2020-01-21,483.9,492.8,482.5,486.3,9493
2020-01-22,481.9,489,476.1,485,12562
2020-01-23,473.5,482.7,471.05,480.1,8238
2020-01-24,465.9,481.3,462.1,480.5,13926
2020-01-27,484.5,492.6,456.05,456.05,20159
2020-01-28,474.15,489.15,471.65,481.1,8302
2020-01-29,469,489,455.05,475.3,27405
2020-01-30,449.7,469.85,447.25,469.4,32343
2020-01-31,426.15,460,418.05,452,25626
2020-02-03,424.75,439.95,421,422.2,11642
2020-02-04,448.5,468.9,425.35,425.35,26874
2020-02-05,467.35,474.4,452.85,452.85,17261
2020-02-06,470.5,484,455,475,17415
2020-02-07,478.9,482,472.3,475.4,8576
2020-02-10,487.4,490,478,480,24312
2020-02-11,488.55,497.6,482,495,31243
2020-02-12,485.1,519.7,480,511,211031
2020-02-13,462.75,492.2,453.25,489,44720
2020-02-14,468.5,474.95,456.9,466.25,21312
2020-02-17,463,470,452.05,470,19208
2020-02-18,442.9,461,437.35,452.6,29686
2020-02-19,444.95,471.3,438.5,448.1,27923
2020-02-20,447.05,457.7,440.05,447.7,17880
2020-02-24,436.95,451.85,433,449,16281
2020-02-25,428.25,438.85,423,436.95,19156
2020-02-26,426.15,435,422,430,14284
2020-02-27,428.95,437.85,411.4,428.9,17461
2020-02-28,412.85,422.15,411.15,422.15,13633
2020-03-02,408.7,430.05,401.65,415.4,11562
2020-03-03,407.2,417.85,395.55,412.35,14670
2020-03-04,400.6,419.9,395,403.4,10798
2020-03-05,397.35,408,390.3,403.85,6158
2020-03-06,384.1,396.95,376.5,382.25,11028
2020-03-09,377.05,384.35,370,380.35,14246
2020-03-11,365.25,399,361.1,377.5,10235
2020-03-12,307.15,364.7,302,364.7,24981
2020-03-13,325.25,340,245.75,251,27896
2020-03-16,318.4,324.8,300,311,33960
2020-03-17,308.95,334,304.25,319,16235
2020-03-18,268.65,324.5,262.1,310.3,22868
2020-03-19,292.05,309,250,265,44443
2020-03-20,296,319.9,275,292.1,36902
2020-03-23,285.95,300,258.95,278.9,48765
2020-03-24,271.5,295.25,268,285.15,12547
2020-03-25,284.85,289.9,270.5,283,10792
2020-03-26,276.45,296.5,274.05,282,28217
2020-03-27,261.4,287.95,250,282,37119
2020-03-30,255.35,265.95,249.8,261.4,23029
2020-03-31,282.95,289,255,268.5,30515
2020-04-01,276,289.9,271,289.9,15888
2020-04-03,284.8,289,265,276.6,49858
2020-04-07,314.8,326,285.7,290,113825
2020-04-08,329.45,358.7,316,316,67483
2020-04-09,347.1,357.95,335.75,342,55155
2020-04-13,378.3,385,350.05,351,51999
2020-04-15,397.25,416.1,371,405,63534
2020-04-16,399,405.55,372.5,385.4,36362
2020-04-17,400.55,407.55,389.2,399.5,31027
2020-04-20,400.25,408,391,400,15585
2020-04-21,400.5,404,380,396.9,22449
2020-04-22,395.3,412,390,399.95,24655
2020-04-23,394.95,405,386.65,400,24936
2020-04-24,401.25,412,388.25,395,115573
2020-04-27,438.15,441.35,408.5,408.5,131808
2020-04-28,478.05,481.95,452,455,83839
2020-04-29,475.75,503.4,453,485.4,73960
2020-04-30,445,485,441.2,480,39610
2020-05-04,422.95,445,402.05,445,31032
2020-05-05,437.45,444,410.1,437.95,19189
2020-05-06,425.3,437.45,410,433,27627
2020-05-07,418.05,440,415.1,421.05,21348
2020-05-08,417.3,449.8,412,433.95,23390
2020-05-11,419.1,434.95,415,427,5559
2020-05-12,420.85,425,415.05,419,5424
2020-05-13,415.25,433.5,379,425,7497
2020-05-14,409.95,419.95,405.25,415.25,7646
2020-05-15,417.65,421,410,411.6,11546
2020-05-18,405.25,429,401.1,429,9783
2020-05-19,405.8,413.5,398.2,411.95,8071
2020-05-20,408.5,416,401,409,10107
2020-05-21,445.45,449.35,420.05,423.9,70490
2020-05-22,441,459.85,425.3,455,151859
2020-05-26,414.8,440,408,439.8,126214
2020-05-27,400.45,415,396.4,415,59876
2020-05-28,401.2,412,399,402,49203
2020-05-29,390.25,405,377,402,49518
2020-06-01,390.15,399.85,385.05,399.85,34199
2020-06-02,390.1,395.05,388,390.15,35391
2020-06-03,389.35,397.5,388.5,392.05,23278
2020-06-04,402.1,408.3,388.05,389.9,92657
2020-06-05,401.85,417.7,399.95,410.9,63682
2020-06-08,406.85,440,405,440,66773
2020-06-09,411.1,425,401.55,406.85,80140
2020-06-10,407.75,420,401.5,415,144055
2020-06-11,404.2,412,401.05,410,165064
2020-06-12,403.5,409.8,387.75,390.5,58217
2020-06-15,409.3,415.9,398.05,405,96393
2020-06-16,409.95,419,402,419,166666
2020-06-17,463.1,491.9,410.5,415,755311
2020-06-18,457.1,473,449.2,466,146266
2020-06-19,458.85,472.8,451,462,152589
2020-06-22,495.8,519,455,460,491268
2020-06-23,523.85,544,493.05,500,246676
2020-06-24,495.65,532.95,483.95,529,179601
2020-06-25,554.75,573.85,488,488,204701
2020-06-26,551.05,585,546.35,564.9,198028
2020-06-29,546.55,557,535,550,67113
2020-06-30,576.45,604.7,546.85,553.35,443014
2020-07-01,564.2,585,556,581.7,116099
2020-07-02,544,569,541,568,68568
2020-07-03,531.35,554.7,527,554,62731
2020-07-06,529.75,540,509.65,540,141356
2020-07-07,539.5,548,525,525,91632
2020-07-08,532.7,549.85,530.05,536,43391
2020-07-09,553.65,562.75,529,529,206330
2020-07-10,585.8,595,552,554.8,232843
2020-07-13,666.8,687,597.95,598,616837
2020-07-14,640,674,622,674,168871
2020-07-15,644.9,685,639,644.9,155260
2020-07-16,698.55,709.35,628.7,648.45,163153
2020-07-17,682.55,735,670,709.5,234715
2020-07-20,674.25,698.7,670,690,83186
2020-07-21,657.75,690,652.1,680,61009
2020-07-22,645.05,679.9,631,662.95,65633
2020-07-23,671.25,690,648,651.4,190113
2020-07-24,688.4,717.9,677,685,311175
2020-07-27,708.2,732.8,675,710,258814
2020-07-28,696.95,719.95,693.3,708.05,101775
2020-07-29,699.1,723.95,695.05,699.9,103082
2020-07-30,691.3,717.95,680,698,83695
2020-07-31,781.05,794.9,696.95,697.65,566475
2020-08-03,875.3,889,765,780,673130
2020-08-04,797.8,911,790,887,1200654
2020-08-05,786.55,823,771.25,810,429729
2020-08-06,780,799.45,765.25,795,185787
2020-08-07,809.75,849,777,788,616390
2020-08-10,840.8,855,815.55,818,394411
2020-08-11,815.35,851,803,844.95,174342
2020-08-12,791.8,813.9,782.75,813.9,95350
2020-08-13,787.6,817.15,785,796.8,70213
2020-08-14,802.6,831.8,785.7,794,198769
2020-08-17,850.25,854.9,797.05,812,198746
2020-08-18,863.55,891.4,852.05,857.3,191000
2020-08-19,847.3,870,825.9,870,218354
2020-08-20,854.5,865.5,840,840,111382
2020-08-21,953.85,1001,862.35,862.35,524546
2020-08-24,1063.95,1098,953,964.95,692031
2020-08-25,1033.25,1144.8,1022,1074.1,419035
2020-08-26,1011.25,1074.7,985,1039.6,227066
2020-08-27,996.9,1030,986.1,1014,115400
2020-08-28,961.6,1020,955,998,120088
2020-08-31,899.1,966,860,962,243220
2020-09-01,955.45,978.6,875,899.1,145531
2020-09-02,1011.15,1024,958.05,979,163852
2020-09-03,1013.6,1020.05,992.65,1011,65481
2020-09-04,990.3,1038.95,961,980,121807
2020-09-07,974.85,1000.7,960,998.2,80587
2020-09-08,1002.75,1060,966.1,975.05,196253
2020-09-09,998.25,1017,975.3,990,81079
2020-09-10,1004.95,1035,997.55,1005,87543
2020-09-11,998.55,1023.7,994,1009.05,58559
2020-09-14,1004.85,1044.7,989,1009.4,141466
2020-09-15,1023.7,1035.25,1012.25,1018.6,80844
2020-09-16,1097.4,1113,1021,1032,318781
2020-09-17,1122.95,1150.05,1081,1096.7,208406
2020-09-18,1194.1,1201.5,1133.1,1133.1,423408
2020-09-21,1107.6,1201.05,1095.8,1196.1,208133
2020-09-22,1058.3,1116,976.3,1116,186874
2020-09-23,1038.15,1098,1007.9,1079.5,98431
2020-09-24,1006.7,1026.9,985,1002.2,93804
2020-09-25,1073.8,1099,996.5,1020,122716
2020-09-28,1142,1184,1085.55,1090,223916
2020-09-29,1118.45,1165.95,1106,1154.8,87992
2020-09-30,1147.7,1173,1102.1,1108,168474
2020-10-01,1177.95,1189.8,1155.75,1180,144898
2020-10-05,1202.85,1225,1157.55,1187.75,259252
2020-10-06,1206.65,1220,1192.55,1214.85,139050
2020-10-07,1252.5,1267,1200.4,1214,266553
2020-10-08,1267.95,1295,1250.05,1257.9,209936
2020-10-09,1260.65,1285,1245,1274.6,120093
2020-10-12,1276.95,1312.15,1265,1274,136890
2020-10-13,1271.3,1299,1260.15,1274.75,79839
2020-10-14,1229.3,1278.05,1212,1261.1,78868
2020-10-15,1170.65,1247,1161.2,1239.15,85437
2020-10-16,1151.75,1183.15,1108.85,1181,66858
2020-10-19,1226.85,1244,1150.05,1156.1,93236
2020-10-20,1200.7,1234.95,1183.4,1220,80287
2020-10-21,1217,1225.45,1174,1209.95,58443
2020-10-22,1192.2,1222.6,1180,1217,40978
2020-10-23,1201.95,1223,1192.25,1200,42579
2020-10-26,1186.45,1244.8,1178,1210,59820
2020-10-27,1168.45,1197,1156.95,1197,37461
2020-10-28,1119.45,1179.55,1100,1170.05,42002
2020-10-29,1192.55,1239,1083.05,1124.85,191748
2020-10-30,1197.2,1228,1155,1203.3,60557
2020-11-02,1187.65,1215,1164.55,1183.7,60499
2020-11-03,1289.9,1335,1121,1199,722109
2020-11-04,1226.8,1298,1192.6,1260,187753
2020-11-05,1224.95,1258.65,1220,1231.35,92079
2020-11-06,1218.6,1234.75,1205.05,1230.15,56957
2020-11-09,1186.25,1226,1175,1219.9,53135
2020-11-10,1066.35,1199.6,1051,1180.05,237603
2020-11-11,1104.4,1114,1026.5,1044.5,178334
2020-11-12,1114.2,1134,1088.1,1104.95,57872
2020-11-13,1103.7,1123.8,1090.05,1111,47659
2020-11-16,1109.75,1115,1105,1105.05,12504
2020-11-17,1069.4,1109.75,1064,1105,81313
2020-11-18,1016,1078.75,1001,1074.95,125343
2020-11-19,1024.15,1062.1,1015,1020,101355
2020-11-20,1030.65,1046,1018.25,1037.85,66592
2020-11-23,1058.2,1077.7,1021.9,1040,145882
2020-11-24,1055.4,1069,1047,1066,47488
2020-11-25,1039.9,1069.9,1030.2,1060,55246
2020-11-26,998.95,1050.9,981.7,1032,216102
2020-11-27,1031.3,1043,1002.3,1007.85,138788
2020-12-01,1053.5,1064,1034.75,1040.95,150268
2020-12-02,1077.9,1084,1044.05,1058,153074
2020-12-03,1093.3,1108,1085,1090,89041
2020-12-04,1119.5,1148,1083.15,1086,174987
2020-12-07,1167.2,1187,1122,1126.9,162244
2020-12-08,1156.95,1198,1132.6,1175.1,122939
2020-12-09,1112,1163.7,1105.2,1162.75,87156
2020-12-10,1102.5,1117,1075,1114.95,64955
2020-12-11,1090.3,1125,1083.45,1107.9,44519
2020-12-14,1061.2,1098.85,1053,1085.1,55540
2020-12-15,1040.95,1088,1022,1069.9,95969
2020-12-16,1039.65,1080,1033.1,1049.9,77212
2020-12-17,1087.9,1108,1040.4,1049.7,139173
2020-12-18,1060.45,1097.35,1053.75,1095,66009
2020-12-21,997.15,1095.55,977.4,1065.8,126162
2020-12-22,999.35,1029,980,1025,143876
2020-12-23,1080.65,1087.5,1007.35,1007.35,122183
2020-12-24,1081.75,1108.65,1062,1085.2,76395
2020-12-28,1141.3,1149,1087,1087,139893
2020-12-29,1128.3,1163.4,1108.7,1163.4,99303
2020-12-30,1097.05,1137.9,1090,1132,55449
2020-12-31,1095.3,1116,1081.1,1085.05,34999
2021-01-01,1090.3,1109.95,1080,1099.9,36060
2021-01-04,1092.6,1109,1090,1095,36852
2021-01-05,1137.55,1153,1080.5,1080.5,117910
2021-01-06,1139.8,1164.9,1115,1140,66525
2021-01-07,1103.05,1157.65,1091.6,1151.95,75206
2021-01-08,1097.5,1122.5,1089,1113.8,33001
2021-01-11,1111.9,1125,1095,1107,33795
2021-01-12,1236.5,1283.95,1096.25,1117.5,356915
2021-01-13,1239.4,1287,1202.35,1255,223919
2021-01-14,1244.35,1288.15,1210,1239.4,144986
2021-01-15,1221.3,1254.35,1212.4,1250.6,46799
2021-01-18,1376.6,1442.85,1214.95,1217,951671
2021-01-19,1384.2,1463.55,1362.55,1409.85,356210
2021-01-20,1412.35,1464.95,1337.6,1375,202629
2021-01-21,1365.35,1412,1351,1405,68355
2021-01-22,1356.6,1406.9,1337,1369.7,109810
2021-01-25,1372.1,1388.5,1356,1363.4,88404
2021-01-27,1383.55,1402,1339.25,1372.1,88741
2021-01-28,1352.5,1398,1340,1371,40177
2021-01-29,1289.25,1374.95,1270.2,1363.95,80179
2021-02-01,1331.25,1358.3,1264.25,1291,70819
2021-02-02,1395.55,1407,1335,1340,96551
2021-02-03,1455.6,1535,1425,1465,426292
2021-02-04,1476.1,1539,1435,1470,149131
2021-02-05,1499.6,1560,1456.6,1483.5,202333
2021-02-08,1696.15,1736,1502.55,1512.8,376594
2021-02-09,1942.35,1995,1662.3,1694,662848
2021-02-10,2009.45,2091.55,1981.8,1999,502032
2021-02-11,1943.25,1964.25,1909.95,1955,91603
2021-02-12,1967.95,2075,1883.85,1945.25,131805
2021-02-15,1949,1977.9,1922.55,1965,48889
2021-02-16,2112.15,2212.65,1948,1950,255130
2021-02-17,2146.4,2186.55,2070.05,2134.6,104110
2021-02-18,2243.75,2350,2056.45,2159,148417
2021-02-19,2160.8,2250,2115.1,2227.75,74508
2021-02-22,2106.05,2180,2077,2170,48838
2021-02-23,2017.25,2165,1975,2117.1,74441
2021-02-24,2064.15,2140,1955,2043,64827
2021-02-25,2024.45,2109,2001,2081,53826
2021-02-26,2026,2090,2000,2018,56120
2021-03-01,2049.7,2088,2000,2088,33741
2021-03-02,2039.6,2110,2032,2088,43149
2021-03-03,2002.25,2071.7,1995,2044.9,39356
2021-03-04,2011.5,2060,1995,2049,52138
2021-03-05,1955.6,2025,1928.25,2001,37790
2021-03-08,1906.5,2024.95,1890,1984,49496
2021-03-09,1880.25,1962.7,1865.25,1914.95,40428
2021-03-10,2062.65,2068.25,1880.25,1920,125161
2021-03-12,2032.4,2116.95,1977.8,2095,52368
2021-03-15,2017.85,2126.9,1970,2036,47708
2021-03-16,2015.3,2075,2005,2020,20186
2021-03-17,2039.35,2112,2020.6,2023,42857
2021-03-18,1987.3,2080,1980,2073.4,27250
2021-03-19,1963.3,2000,1924.7,1992.4,27878
2021-03-22,1967.75,2025,1956,1991,23087
2021-03-23,1974.35,2009.95,1964.85,1981.5,18786
2021-03-24,2019.5,2099,1966.1,1974,72215
2021-03-25,2004.6,2062,1998,2062,31078
2021-03-26,2020.85,2087.35,2000,2030,33120
2021-03-30,2106.5,2149.4,1953.55,2070,112787
2021-03-31,2089.2,2124.15,2003.55,2090,35063
2021-04-01,2185.05,2210,2085,2085,107695
2021-04-05,2291.25,2377.95,2199,2199.5,139263
2021-04-06,2356.5,2420,2302,2302,119111
2021-04-07,2444.35,2480.15,2365,2365,89389
2021-04-08,2437.25,2520,2410,2468,49980
2021-04-09,2387.75,2431,2331.1,2431,58589
2021-04-12,2420.65,2544.5,2275,2396.55,123304
2021-04-13,2430.15,2535,2410,2470,52051
2021-04-15,2415.5,2455,2385,2405.05,39653
2021-04-16,2425.4,2450,2385,2410,22664
2021-04-19,2483.2,2510.1,2353.95,2409.9,52702
2021-04-20,2672.7,2731.5,2477,2490,123161
2021-04-22,2665,2844.4,2630,2739,137851
2021-04-23,2506.35,2689,2485,2665,146715
2021-04-26,2448.6,2560.75,2433.05,2528.15,49504
2021-04-27,2438.15,2507.95,2425,2455,72211
2021-04-28,2451.95,2482.45,2433,2457,45172
2021-04-29,2433.65,2505,2425,2473,44595
2021-04-30,2521.2,2544,2405,2420,48408
2021-05-03,2645.7,2688,2520.1,2530,100220
2021-05-04,2561,2691.45,2550,2680,53437
2021-05-05,2614.85,2684,2508.65,2532.1,44489
2021-05-06,2622.25,2645,2580.25,2635.7,32195
2021-05-07,2680.05,2725,2623,2626.1,61394
2021-05-10,2695.25,2730,2660,2704.85,48253
2021-05-11,2511.3,2716.65,2425.75,2675,250319
2021-05-12,2260.2,2379.95,2260.2,2374.75,344332
2021-05-14,2074.7,2170,2034.2,2101,662582
2021-05-17,2016.25,2122.5,1992.3,2094,168746
2021-05-18,2117.05,2117.05,2030,2035,128089
2021-05-19,2222.9,2222.9,2148.95,2150,187687
2021-05-20,2265.15,2308.95,2222,2255,95978
2021-05-21,2185.5,2299,2156.1,2289,84889
2021-05-24,2204.95,2232,2178.2,2190,61241
2021-05-25,2211.15,2242.8,2200,2215,40834
2021-05-26,2252.35,2309,2248,2284.95,51550
2021-05-27,2246.95,2293.65,2205,2277,43819
2021-05-28,2218.7,2277,2205,2277,34455
2021-05-31,2120.8,2240,2111,2237,78843
2021-06-01,2072.9,2175,2050,2120.8,66956
2021-06-02,2096.55,2152.1,2055,2073,97714
2021-06-03,2130,2157.9,2097.65,2120,83826
2021-06-04,2093.4,2139.85,2085,2128.25,46151
2021-06-07,2039.2,2069,2002,2041,113245
2021-06-08,2141.15,2141.15,2020.1,2059.75,97479
2021-06-09,2064.25,2179,2052,2107,32974
2021-06-10,2066.1,2115,2050,2099,23999
2021-06-11,2074.75,2094,2045,2094,18593
2021-06-14,2107.15,2120,2040,2079,21318
2021-06-15,2079.15,2139.4,2070,2107.15,20067
2021-06-16,2043.2,2117.9,2038,2117.9,19944
2021-06-17,2015.85,2077,2006,2043.2,21352
2021-06-18,2008.35,2065,1915.1,2065,37195
2021-06-21,2050.15,2074,1930,1990.3,14182
2021-06-22,2035,2100,2000.05,2100,13985
2021-06-23,1988.9,2072,1980,2072,16449
2021-06-24,1988.1,2025,1970,2020,8765
2021-06-25,2009.8,2025,1970,1980,10270
2021-06-28,1985.35,2025,1970,2021,17896
2021-06-29,2081.45,2081.45,1988.05,1988.05,27409
2021-06-30,2161.45,2174,2105,2174,52897
2021-07-01,2192.05,2199,2160,2179.9,30070
2021-07-02,2198.15,2202.5,2111,2192.05,20058
2021-07-05,2150.35,2210,2110,2208,22131
2021-07-06,2190.9,2205,2140,2150.35,18841
2021-07-07,2203.75,2214,2164.05,2177,14070
2021-07-08,2228.85,2240,2200.1,2216,25204
2021-07-09,2201.35,2244,2195,2228.85,12656
2021-07-12,2240.9,2273.15,2200,2215,15129
2021-07-13,2260.75,2265,2190,2251,20160
2021-07-14,2228.65,2270,2205.05,2220,12054
2021-07-15,2211.65,2248.65,2201,2230,6824
2021-07-16,2198.6,2230,2190,2200,11468
2021-07-19,2175.8,2222,2165,2180,16917
2021-07-20,2114.55,2190,2075,2175.8,14508
2021-07-22,2137.25,2150,2090,2114.55,6740
2021-07-23,2184.1,2201.35,2110,2149.9,9675
2021-07-26,2076.75,2200,2074.9,2199.7,20514
2021-07-27,2041.15,2070,1973.1,2070,48839
2021-07-28,2015.3,2039.95,1979,2039.95,28960
2021-07-29,1986.95,2030,1950.05,2015.3,16356
2021-07-30,1988.2,2009,1929,2009,22721
2021-08-02,1962,2045,1930.15,1930.15,27537
2021-08-03,1863.9,2009.95,1863.9,1999,57540
2021-08-04,1770.75,1770.75,1770.75,1770.75,15582
2021-08-05,1682.25,1682.25,1682.25,1682.25,9562
2021-08-06,1696.3,1760,1598.15,1598.15,248961
2021-08-09,1611.5,1674,1611.5,1611.5,58150
2021-08-10,1530.95,1530.95,1530.95,1530.95,15230
2021-08-11,1603.95,1607.45,1454.45,1454.45,127223
2021-08-12,1684.1,1684.1,1602.5,1620,42238
2021-08-13,1700.65,1750,1650.5,1750,38278
2021-08-16,1676.5,1719,1615.65,1705,31877
2021-08-17,1646.2,1700,1619,1650,14167
2021-08-18,1633.6,1654.9,1590,1654.9,13035
2021-08-20,1601.8,1640,1572,1625,30643
2021-08-23,1523.2,1629.9,1521.75,1601.8,42322
2021-08-24,1481.95,1544.8,1447.05,1500,31217
2021-08-25,1554.45,1556,1475.1,1475.1,15639
2021-08-26,1632.15,1632.15,1555,1610,17467
2021-08-27,1673.55,1713.75,1603.5,1713.75,17110
2021-08-30,1674.7,1724,1650.1,1713,19964
2021-08-31,1632.5,1700,1620,1700,9722
2021-09-01,1574.6,1638,1563,1638,17285
2021-09-02,1633.35,1653.3,1551,1599.7,15101
2021-09-03,1620.85,1650,1601,1636,7916
2021-09-06,1652.25,1670,1580,1620,10372
2021-09-07,1607.3,1650,1595,1650,8949
2021-09-08,1687.65,1687.65,1580.05,1580.05,20179
2021-09-09,1772,1772,1710,1733,23885
2021-09-13,1722.15,1847.9,1703.6,1824,40600
2021-09-14,1731.35,1786,1701,1786,21403
2021-09-15,1679.65,1756.7,1651.15,1745,25726
2021-09-16,1652.25,1712,1645.25,1712,12873
2021-09-17,1614.9,1689.95,1575,1689.95,26469
2021-09-20,1585.1,1646.95,1577,1614,24395
2021-09-21,1573.05,1600.1,1556.8,1576,29339
2021-09-22,1570,1610,1563.05,1600,18773
2021-09-23,1564.75,1597.25,1554.95,1588,26813
2021-09-24,1537.4,1588,1530.1,1570,18382
2021-09-27,1496.8,1538,1470,1520,37220
2021-09-28,1498,1530,1480,1490,23916
2021-09-29,1569.1,1572.9,1490.15,1495,19335
2021-09-30,1555.75,1620,1539.95,1609,13447
2021-10-01,1523.9,1590,1512.05,1590,10952
2021-10-04,1558.95,1580,1502.45,1523.9,17719
2021-10-05,1520.1,1558.95,1509.95,1558.95,18174
2021-10-06,1510.6,1547.65,1503.1,1529.1,11080
2021-10-07,1516.85,1538.8,1505,1505,14564
2021-10-08,1502.45,1525,1500,1519.25,33397
2021-10-11,1575.2,1577.55,1500,1502.45,32403
2021-10-12,1653.95,1653.95,1581.05,1600,30587
2021-10-13,1736.6,1736.6,1682.05,1700,30066
2021-10-14,1823.4,1823.4,1740,1770,75237
2021-10-18,1732.25,1874,1732.25,1860,38525
2021-10-19,1648.6,1730,1645.65,1720,42618
2021-10-20,1580.95,1699.5,1567,1649,23774
2021-10-21,1554.2,1644,1502,1628,24504
2021-10-22,1631.9,1631.9,1511,1580,84837
2021-10-25,1622.75,1694,1564.1,1675,40010
2021-10-26,1642.35,1677.55,1622.75,1622.75,7857
2021-10-27,1661.9,1715.75,1625.35,1633,57534
2021-10-28,1590.4,1686.25,1579,1678,24887
2021-10-29,1669.9,1669.9,1531.55,1590.4,44349
2021-11-01,1677.15,1740,1670,1740,38057
2021-11-02,1658.1,1695,1630,1695,26087
2021-11-03,1652.4,1690,1640,1684,12897
2021-11-04,1688.65,1715,1650,1693,7978
2021-11-08,1667,1747.75,1656,1699,25538
2021-11-09,1655.5,1700,1648.85,1700,20061
2021-11-10,1653.55,1670,1608,1653,27466
2021-11-11,1650.35,1674.35,1626.3,1660,14426
2021-11-12,1644.85,1680,1625,1646,33692
2021-11-15,1657.15,1667,1616,1625.25,30827
2021-11-16,1676.35,1683.95,1625.55,1655.15,20728
2021-11-17,1687.7,1705,1631.05,1695,31074
2021-11-18,1690.05,1703,1662,1662,49518
2021-11-22,1666.15,1699.95,1625,1699,68254
2021-11-23,1627.45,1679.75,1611.2,1650,29546
2021-11-24,1669.2,1684.95,1630,1670,15736
2021-11-25,1665.95,1687.75,1639.9,1684.4,19074
2021-11-26,1681.5,1749,1641.1,1641.1,54549
2021-11-29,1693.5,1710,1613.15,1681,34708
2021-11-30,1746.75,1777,1674.95,1675,55099
2021-12-01,1759.4,1834,1746,1750,68128
2021-12-02,1812.85,1847.35,1760,1768.45,56541
2021-12-03,1787.6,1838.9,1763.45,1820.2,29544
2021-12-06,1768.65,1815.25,1755,1804.7,25293
2021-12-07,1746.25,1838,1717.75,1798,71853
2021-12-08,1754.45,1818.8,1746,1755,20327
2021-12-09,1731.4,1785,1726.05,1760.85,17170
2021-12-10,1715.45,1754.5,1705.5,1739.05,9648
2021-12-13,1660.05,1749.9,1651,1720,22244
2021-12-14,1601.1,1680.8,1595,1660,34440
2021-12-15,1582.65,1602.3,1560,1588,29568
2021-12-16,1591.05,1622.9,1579.9,1622.9,18223
2021-12-17,1614.15,1629.2,1558.3,1609,23872
2021-12-20,1607.05,1626.7,1468.9,1614.15,36872
2021-12-21,1647.05,1669.9,1600.05,1624.1,16776
2021-12-22,1617.45,1672.45,1606,1666,17720
2021-12-23,1579.95,1648,1562.2,1625,68574
2021-12-24,1553.05,1619.9,1530,1619.9,12178
2021-12-27,1536.2,1572,1524.45,1572,15629
2021-12-28,1536.3,1579.9,1525,1536,20944
2021-12-29,1544,1564,1536,1536,7997
2021-12-30,1566.5,1599.9,1545,1564.95,13371
2021-12-31,1545.05,1594.3,1531.75,1576.45,11161
2022-01-03,1551.75,1585,1545,1560.5,13708
2022-01-04,1558.45,1579.3,1540.8,1540.8,15344
2022-01-05,1665.15,1676,1541,1564.1,56073
2022-01-06,1650.55,1664,1616.1,1657.7,17250
2022-01-07,1582.45,1665.05,1575,1658.4,33179
2022-01-10,1583.6,1599.6,1560,1582.75,14607
2022-01-11,1570.65,1605.75,1560,1600.35,9510
2022-01-12,1601.55,1646.75,1554.8,1570.65,29044
2022-01-13,1637.8,1709.95,1575,1601.4,45800
2022-01-14,1690.7,1745,1618,1640,48696
2022-01-17,1679.2,1729.65,1660,1702.7,15152
2022-01-18,1634.55,1695.25,1625.6,1695.25,13992
2022-01-19,1589.85,1645.9,1586,1611,21488
2022-01-20,1579.95,1616.5,1570.05,1588.85,18096
2022-01-21,1551.35,1593,1511,1593,30572
2022-01-24,1471.4,1550,1258.9,1550,44920
2022-01-25,1502.75,1524,1378,1405,38267
2022-01-27,1464.65,1506.4,1419.4,1500,25976
2022-01-28,1476.25,1510,1470.3,1474,11222
2022-01-31,1477.35,1511.55,1460,1505,9796
2022-02-01,1394.35,1510,1380.35,1510,115719
2022-02-02,1349.55,1405,1340,1390,79522
2022-02-03,1297.4,1346,1293.2,1337,81007
2022-02-04,1304.1,1309.5,1292.2,1297.4,24479
2022-02-07,1211.95,1300,1196.2,1290,85795
2022-02-08,1324.55,1383,1213.35,1242,224245
2022-02-09,1270.05,1351.65,1264.5,1331,48553
2022-02-10,1228.2,1280,1222.95,1274,45390
2022-02-11,1126.75,1220,1122.5,1215,121568
2022-02-14,1135.6,1175,1080.25,1120,64109
2022-02-15,1123.7,1164,1085.85,1148,40717
2022-02-16,1171.7,1205,1125,1136.1,38094
2022-02-17,1148.85,1191,1140,1191,27833
2022-02-18,1123.85,1154,1117.55,1154,16220
2022-02-21,1090.7,1116.25,1080.05,1100,32676
2022-02-22,1054,1113.55,1050,1052,55216
2022-02-23,1137.45,1159.9,1058,1071,42765
2022-02-24,1035.5,1114.9,1026,1098,42510
2022-02-25,1056.7,1093,1044,1060,34224
2022-02-28,1062.75,1081.95,1030,1068.35,38268
2022-03-02,1063.7,1073.4,1048.05,1067.1,22871
2022-03-03,1051.4,1085,1026.9,1069,40187
2022-03-04,1136.15,1180,1034.45,1069,142072
2022-03-07,1160.45,1191,1080.35,1113.95,63652
2022-03-08,1172.55,1185,1130,1155,26356
2022-03-09,1192.8,1255,1153,1162,96986
2022-03-10,1187.55,1248.7,1165.35,1225,40722
2022-03-11,1212.7,1250,1183.25,1197.95,32313
2022-03-14,1199.55,1239,1182,1220,40686
2022-03-15,1156.95,1218,1147,1218,31556
2022-03-16,1176.65,1203.9,1167.3,1175,28497
2022-03-17,1163.5,1212.95,1155,1185,31752
2022-03-21,1159.95,1182.7,1145.85,1181,31990
2022-03-22,1153.55,1193.1,1146.15,1160,60231
2022-03-23,1123.05,1165,1115.05,1163.5,36446
2022-03-24,1114.3,1162,1112,1126,37020
2022-03-25,1097.15,1145,1090,1130,23130
2022-03-28,1042,1125,1039,1110,62062
2022-03-29,1011.7,1062.9,1000.1,1047,82989
2022-03-30,1009.05,1038,994.55,1024,109123
2022-03-31,1029.15,1114.3,1018.85,1029,234877
2022-04-01,1085.25,1109.95,1037,1039,62447
2022-04-04,1161.65,1176.25,1072,1097,154520
2022-04-05,1165.6,1180.25,1148.15,1178.7,28366
2022-04-06,1197.65,1221.35,1156.55,1171.9,99495
2022-04-07,1304.45,1324,1201.35,1212,201335
2022-04-08,1304.6,1345,1297,1329,142947
2022-04-11,1426.8,1474,1309.9,1309.9,130087
2022-04-12,1357.7,1425.3,1345,1404,38421
2022-04-13,1423.25,1432,1366.75,1366.8,43502
2022-04-18,1406.8,1450,1366.3,1424,22656
2022-04-19,1406.8,1470,1366,1417.15,43821
2022-04-20,1388.45,1436.35,1371.6,1405,29481
2022-04-21,1387.95,1412.15,1372.05,1405,15347
2022-04-22,1380.4,1393.4,1366.3,1393.4,16065
2022-04-25,1360,1389,1348.05,1389,14834
2022-04-26,1340.6,1391,1334,1391,17442
2022-04-27,1324.75,1338.5,1311.85,1334.75,15327
2022-04-28,1341.75,1349,1319,1327,18879
2022-04-29,1325.5,1355,1319.65,1342,17992
2022-05-02,1323.6,1338,1306,1320,22442
2022-05-04,1303.8,1345,1285,1345,23015
2022-05-05,1307.55,1327.15,1297,1306.8,14972
2022-05-06,1302.2,1325,1246.85,1256.8,40331
2022-05-09,1334.25,1338.05,1275.05,1290,67909
2022-05-10,1218.75,1425,1190,1350,123466
2022-05-11,1061.85,1297,1035,1260,241707
2022-05-12,1041.55,1096,1036.1,1079,68198
2022-05-13,1040.95,1089.4,1030,1059,49310
2022-05-16,1030.95,1067,1022.5,1051.15,34336
2022-05-17,1035.1,1040.55,1017.65,1030.95,19410
2022-05-18,1053.45,1060,1039.95,1044,18700
2022-05-19,1021.55,1045.75,1012.6,1021.8,15917
2022-05-20,1024.8,1039.55,1019.95,1026.7,20383
2022-05-23,1032.2,1045,1026.25,1038,13974
2022-05-24,1019.8,1037.4,1015,1037.4,10138
2022-05-25,1000.9,1029,998,1023.6,15166
2022-05-26,973.4,1013,967,1005.95,39872
2022-05-27,1017.75,1027,980.1,989,30219
2022-05-30,1070.85,1097,1025,1030,43100
2022-05-31,1073.9,1089.85,1042.7,1075.45,39874
2022-06-01,1054.3,1093.55,1045,1082,17064
2022-06-02,1055.65,1065.9,1044,1059.6,19999
2022-06-03,1056.55,1078.6,1034.15,1060.95,28753
2022-06-06,1057.1,1082.6,1053,1056.55,22941
2022-06-07,1056.65,1063.2,1038.45,1060,13164
2022-06-08,1055.75,1072,1049.55,1062.55,13433
2022-06-09,1056.4,1061.05,1050,1060,4345
2022-06-10,1053.95,1059.4,1039.95,1053.65,16387
2022-06-13,1043.85,1081.5,1013.1,1050,26576
2022-06-14,1054.7,1066.15,1027.2,1049.1,9462
2022-06-15,1055.95,1067,1038.8,1060,6418
2022-06-16,1028.6,1060.3,1025,1060.3,19171
2022-06-17,1049.5,1067.8,1020,1033.75,25860
2022-06-20,1041.75,1074.4,1005,1054.75,70272
2022-06-21,1053.3,1067.8,1041,1067.8,9923
2022-06-22,1049.35,1065,1045,1065,5211
2022-06-23,1046.15,1059,1040.9,1047.75,5216
2022-06-24,1051.25,1060,1039.4,1049.65,8566
2022-06-27,1046.75,1062.8,1040,1056.55,9737
2022-06-28,1109.95,1132,1041.7,1044.55,43370
2022-06-29,1179,1213.8,1079.4,1090.1,53323
2022-06-30,1179.6,1204.9,1170.05,1189,33894
2022-07-01,1185.55,1199.9,1168,1185.45,16694
2022-07-04,1240.95,1250,1169.25,1169.25,33774
2022-07-05,1232.85,1272,1205.1,1265.85,47412
2022-07-06,1250.7,1270,1236.9,1257.85,24908
2022-07-07,1308.6,1320.15,1247.4,1257,45728
2022-07-08,1365,1375,1305,1314,40089
2022-07-11,1348.4,1370,1330,1349.8,24160
2022-07-12,1244.7,1348.3,1235,1347,40907
2022-07-13,1187.5,1258.4,1175,1258.4,26278
2022-07-14,1298,1335,1192,1206,336748
2022-07-15,1248.8,1299.15,1238.55,1266,47030
2022-07-18,1255.5,1273.45,1240,1250,16618
2022-07-19,1315.4,1327.95,1243.75,1261.8,24817
2022-07-20,1331.3,1349.8,1297.45,1326,29118
2022-07-21,1322.9,1334.9,1307.5,1318,11225
2022-07-22,1323.2,1345.7,1311.55,1315,18431
2022-07-25,1313.6,1339.9,1304.95,1332,13859
2022-07-26,1290.75,1318.9,1265.25,1318,8825
2022-07-27,1273.1,1288,1270.05,1278,6681
2022-07-28,1268.3,1292.4,1257.6,1279,10869
2022-07-29,1301.25,1309.5,1269.3,1272.95,14643
2022-08-01,1341.9,1355,1306.05,1308,25410
2022-08-02,1327.1,1370.1,1311.75,1359,17485
2022-08-03,1167.3,1339.5,1155,1334.4,168202
2022-08-04,1076.2,1150,1068,1149.95,200824
2022-08-05,1096.15,1111.6,1071.5,1090,79162
2022-08-08,1096.55,1106.55,1085.75,1105.6,25853
2022-08-10,1089.35,1104.8,1080.25,1090,19828
2022-08-11,1086.95,1105,1080.65,1090.35,28778
2022-08-12,1091.35,1101,1072.6,1090,16932
2022-08-16,1085.2,1103.75,1074,1096.85,17019
2022-08-17,1139.6,1148,1084.6,1090,57164
2022-08-18,1117.15,1148,1113.45,1141,17872
2022-08-19,1123.15,1129,1108.55,1117,16751
2022-08-22,1105.85,1126,1086.3,1126,19703
2022-08-23,1130.5,1138.8,1080,1080,18091
2022-08-24,1133.35,1148,1110.5,1110.5,14293
2022-08-25,1195,1212,1130,1137.5,65499
2022-08-26,1189.4,1238,1177,1200,29552
2022-08-29,1219.95,1230,1146.7,1155,44804
2022-08-30,1270.25,1287,1224.75,1224.85,37893
2022-09-01,1265.05,1301.65,1236,1259.9,49453
2022-09-02,1267.9,1298.7,1245,1270,30057
2022-09-05,1216.65,1291,1197.55,1285,51806
2022-09-06,1206,1216.25,1196,1202.35,10067
2022-09-07,1206.9,1219.9,1180.2,1210.25,19750
2022-09-08,1201.4,1254.65,1189,1212.95,30410
2022-09-09,1208.1,1219.95,1196.95,1207.45,13137
2022-09-12,1241.1,1279.95,1207.95,1232.25,39443
2022-09-13,1235.15,1252,1224,1250.4,15134
2022-09-14,1237.4,1250.15,1200,1200,27780
2022-09-15,1235.25,1269,1205.6,1254.9,23537
2022-09-16,1265.8,1276,1236,1249,28031
2022-09-19,1223.5,1284.55,1213.8,1276,23646
2022-09-20,1235.05,1239.95,1220,1220,13215
2022-09-21,1235.45,1252,1224.4,1235.05,12636
2022-09-22,1430.1,1482,1221,1221,794663
2022-09-23,1381.25,1435,1370,1430.1,177822
2022-09-26,1345.8,1440,1320.6,1381.25,124809
2022-09-27,1290.65,1358,1281,1352.55,71427
2022-09-28,1293.3,1310.05,1260.75,1295,35353
2022-09-29,1294.5,1317.55,1275,1297.85,28865
2022-09-30,1363.35,1374,1280.2,1300,54368
2022-10-03,1339.5,1388.75,1300.15,1365.1,26969
2022-10-04,1408.15,1469.35,1361,1366,102451
2022-10-06,1518.45,1539.85,1408,1422.9,195506
2022-10-07,1482.05,1536.65,1467.25,1500,87182
2022-10-10,1598.55,1614,1460,1460,189249
2022-10-11,1568.4,1620,1542,1595,57528
2022-10-12,1538.4,1585,1494.15,1578,33923
2022-10-13,1533.45,1597.95,1509.55,1545.95,41919
2022-10-14,1527.05,1568.85,1510,1544.95,20268
2022-10-17,1500.65,1522.75,1472.45,1519.9,30687
2022-10-18,1486.65,1534.7,1477.8,1521,23511
2022-10-19,1477.85,1518.35,1462.2,1501,20862
2022-10-20,1578.2,1593,1467.25,1482,90110
2022-10-21,1497.7,1570,1488.3,1570,26651
2022-10-24,1499.65,1527,1479.8,1520,6680
2022-10-25,1496.05,1535.15,1470.4,1507.15,28675
2022-10-27,1448.15,1501.55,1430.1,1501,27780
2022-10-28,1476.7,1518.35,1456.8,1456.8,36100
2022-10-31,1487.8,1519.35,1456,1456,34891
2022-11-01,1485.75,1507.95,1475.55,1500,15168
2022-11-02,1472,1517.05,1452.2,1496.9,21747
2022-11-03,1471.75,1487.5,1461.9,1472,8645
2022-11-04,1504.5,1535,1474.1,1474.1,23622
2022-11-07,1495.35,1510,1490,1500.1,10189
2022-11-09,1411.9,1490,1380.25,1475.2,53559
2022-11-10,1694.25,1694.25,1362.4,1415,336316
2022-11-11,1790.85,1888,1740.25,1848,423069
2022-11-14,1938.95,2002,1772.95,1789,491908
2022-11-15,1862.15,1960.3,1849,1940,88606
2022-11-16,1826.15,1933.7,1796.9,1853,53027
2022-11-17,1807.7,1835,1788.55,1824.95,17456
2022-11-18,1796.65,1865,1731.25,1807.8,54036
2022-11-21,1743,1828,1692,1808.95,28954
2022-11-22,1736.3,1789.9,1710.1,1742.95,28768
2022-11-23,1772.25,1817,1736,1736.3,46691
2022-11-24,1744.3,1812.7,1733.2,1790,25105
2022-11-25,1771.9,1826.8,1731,1731,32478
2022-11-28,1769.6,1790,1627.8,1788,20625
2022-11-29,1736.6,1824.8,1725.25,1770,32487
2022-11-30,1746.05,1755.95,1713.1,1746.85,20406
2022-12-01,1734.95,1795.85,1725.5,1745,22862
2022-12-02,1706,1748.35,1700,1745,18466
2022-12-05,1706.65,1724.85,1692.1,1719.95,20349
2022-12-06,1712.6,1758.95,1701.3,1710,26857
2022-12-07,1705.25,1756,1691,1725.05,26130
2022-12-08,1653.6,1724.05,1646.05,1724.05,46341
2022-12-09,1618,1686.8,1608.05,1669,38105
2022-12-12,1608.05,1645,1600,1645,31616
2022-12-13,1629.15,1690.95,1604.15,1608.05,54028
2022-12-14,1682.15,1695,1641.3,1642,37859
2022-12-15,1653.3,1692.45,1640.05,1679.9,16149
2022-12-16,1689.75,1699.75,1632,1633.35,32748
2022-12-19,1693.95,1732.05,1674.6,1698,25922
2022-12-20,1675.75,1706.3,1656.35,1693.95,20275
2022-12-21,1669.55,1739.8,1659.75,1665.45,52937
2022-12-22,1685.3,1708.95,1643.05,1651.25,29765
2022-12-23,1601.05,1704.95,1587.4,1651.2,58811
2022-12-26,1613.8,1661.6,1578.05,1611.45,16500
2022-12-27,1690.65,1719,1593.05,1616.5,41537
2022-12-28,1715.3,1757,1675.05,1675.05,52158
2022-12-29,1688.75,1736,1671,1711,29400
2022-12-30,1666.95,1715.65,1655,1691,16995
2023-01-02,1661.75,1699.95,1646.1,1686,19923
2023-01-03,1714.2,1726,1661.7,1661.75,55235
2023-01-04,1811.15,1825,1700.2,1714,178667
2023-01-05,1802.05,1832.5,1774.2,1820,42193
2023-01-06,1768.4,1815,1764.1,1814,22512
2023-01-09,1729.2,1787.45,1719.1,1769.9,35636
2023-01-10,1709.3,1745,1705.1,1745,14009
2023-01-11,1699.6,1728.15,1690,1728.15,15856
2023-01-12,1706.75,1765,1699.1,1700,58658
2023-01-13,1690.85,1725.95,1680.05,1723.8,10843
2023-01-16,1664.75,1705,1655,1691,11567
2023-01-17,1635.45,1698,1615.65,1661,19378
2023-01-18,1600.5,1686,1590,1646,27804
2023-01-19,1568,1612.5,1541,1612.5,47344
2023-01-20,1541.35,1583.95,1540,1583.7,13250
2023-01-23,1542.3,1563,1537.45,1556.75,9872
2023-01-24,1516.85,1575.95,1509.65,1540,20230
2023-01-25,1514.45,1550.05,1479,1516.8,23083
2023-01-27,1448.05,1524.85,1425,1518,15435
2023-01-30,1421.6,1439,1359.6,1408,45219
2023-01-31,1481.15,1518,1400,1432,17457
2023-02-01,1434.8,1513.75,1426.65,1500,17252
2023-02-02,1398.75,1449,1318.1,1442,31443
2023-02-03,1430.6,1448.95,1382.4,1425,27632
2023-02-06,1412.05,1448.5,1400,1448.5,15349
2023-02-07,1416.1,1482.05,1405.05,1422.6,17874
2023-02-08,1445.2,1461.6,1412.65,1430.2,11561
2023-02-09,1422.25,1468.95,1405,1465.7,10721
2023-02-10,1416.3,1436.45,1410,1436.45,6763
2023-02-13,1403.25,1454.95,1362.65,1401,28903
2023-02-14,1589.9,1629,1461,1461,332000
2023-02-15,1651.3,1745,1598,1600,373460
2023-02-16,1656.3,1674.45,1610,1641.25,49556
2023-02-17,1616.7,1656.3,1605.1,1656.3,16693
2023-02-20,1653.55,1689.05,1607.25,1631.9,26858
2023-02-21,1632.4,1674,1616.1,1670,15474
2023-02-22,1607.05,1688.9,1588.55,1608.6,43921
2023-02-23,1576.5,1643.45,1565.7,1620.95,26277
2023-02-24,1597.05,1625.4,1577,1577,23904
2023-02-27,1607.25,1639.5,1561.1,1580,37799
2023-02-28,1613.6,1635,1578.8,1623.3,12019
2023-03-01,1581.6,1630.85,1570,1610.85,14591
2023-03-02,1617.6,1630,1565,1586.6,18115
2023-03-03,1632.6,1685,1610.05,1610.05,41535
2023-03-06,1642.05,1679.85,1611.05,1645.5,24204
2023-03-08,1711.65,1730,1626.05,1646,52146
2023-03-09,1736.55,1814.9,1725,1730,66057
2023-03-10,1679.2,1754.4,1672.65,1736,33940
2023-03-13,1645.45,1720,1635,1675,20469
2023-03-14,1658.95,1680,1605,1649.9,24566
2023-03-15,1680.55,1715.9,1670,1670,37628
2023-03-16,1631.9,1693.9,1622.2,1680,12990
2023-03-17,1656.05,1675,1613.05,1654.75,26630
2023-03-20,1625.5,1665.5,1614.2,1656,8751
2023-03-21,1638.85,1651.8,1617.05,1636,13269
2023-03-22,1647.55,1665.45,1631.1,1640,8523
2023-03-23,1684,1707.95,1641.05,1652,22797
2023-03-24,1659.75,1705,1644.05,1698.95,8895
2023-03-27,1673.65,1699,1650.75,1676.35,63636
2023-03-28,1705,1720.95,1681.8,1687,49821
2023-03-29,1771.6,1782,1695,1695,42953
2023-03-31,1804.05,1860,1782.5,1794,97915
2023-04-03,1906.25,1923.5,1789.95,1818.95,68891
2023-04-05,1987,2015.4,1881.05,1900,135807
2023-04-06,2059.3,2071.8,1963.85,1985.5,89850
2023-04-10,2113,2180.9,2053.75,2078.4,131885
2023-04-11,2091.35,2127,2082.05,2113,43021
2023-04-12,2102.25,2143.6,2097.75,2099,29695
2023-04-13,2074.95,2111.3,2050,2106.05,44783
2023-04-17,2054.75,2115,2005,2075,44216
2023-04-18,2056.05,2081.45,2016,2055,32399
2023-04-19,2094.05,2199,2064.85,2067.9,101901
2023-04-20,2054.65,2120.95,2045,2109.9,47688
2023-04-21,1979.95,2080,1957.05,2059,39939
2023-04-24,1984,2027.9,1950,1975.05,36632
2023-04-25,1999.35,2046.9,1983.55,1985,29935
2023-04-26,2086.25,2095.25,1981.2,2009,46587
2023-04-27,2106.55,2140,2082,2112.65,32396
2023-04-28,2139.15,2188.2,2070,2109,75937
2023-05-02,2076.7,2158.9,2055.5,2158.9,25018
2023-05-03,2035.15,2091.45,2009.05,2076.7,20580
2023-05-04,2036.95,2063.95,2010,2035.15,21853
2023-05-05,2054.9,2096,2031.05,2050,30601
2023-05-08,2161.8,2207,2042.05,2042.05,110246
2023-05-09,2127.25,2245,2110.15,2169.9,67803
2023-05-10,2115.25,2144.7,2091.5,2137.85,23656
2023-05-11,2538.3,2538.3,2082.35,2110.15,908682
2023-05-12,2581.6,2670,2517.05,2600,632046
2023-05-15,2974.95,3042,2570.15,2587,1307725
2023-05-16,2947.1,3035,2909.1,3010,319526
2023-05-17,2830.45,2950,2776.3,2935,125021
2023-05-18,2838.7,2926,2786,2829.9,110372
2023-05-19,2831.65,2880,2802,2820,52011
2023-05-22,2850.2,2945.25,2775.95,2831.9,76410
2023-05-23,2732.5,2867,2713,2850.2,47950
2023-05-24,2730.25,2798,2700,2747.6,34314
2023-05-25,2835.9,2858,2705.05,2705.05,69777
2023-05-26,2794.45,2849,2780.8,2830.05,22746
2023-05-29,2619.8,2757.85,2603.6,2749,64081
2023-05-30,2744.15,2789.85,2625,2626,50630
2023-05-31,2746.65,2785,2709,2785,24872
2023-06-01,2737.3,2820,2721.5,2748,27937
2023-06-02,2800.8,2929,2745.45,2776,90710
2023-06-05,2820.3,2856,2769.9,2844.9,24168
2023-06-06,2912.3,2950,2828,2834,60783
2023-06-07,2986.2,3000,2902.15,2915,51214
2023-06-08,2866.2,3042,2825,2986.2,44138
2023-06-09,2808.8,2937,2791.35,2889.9,28098
2023-06-12,2966.95,2980,2782.55,2810,65213
2023-06-13,3080.85,3131.85,2921,2972.2,100776
2023-06-14,3039.5,3108,3011,3102.45,30722
2023-06-15,2986.3,3042,2957.6,3042,34029
2023-06-16,2919.25,3003.55,2905,3000,21737
2023-06-19,2930.4,2960.95,2879,2934.95,21242
2023-06-20,2924.55,2979,2895.75,2930.4,21240
2023-06-21,2865.65,3055.9,2811,2930,57762
2023-06-22,2772.1,2907.8,2727,2852,43911
2023-06-23,2786.65,2825.05,2745,2769,16227
2023-06-26,2870.1,2889.75,2774.95,2800,13272
2023-06-27,2875.7,2924.9,2824.55,2895,16151
2023-06-28,2867.7,2895.95,2843.05,2851.05,19927
2023-06-30,2830.75,2946,2802.65,2868,39340
2023-07-03,2836.5,2894.5,2811,2838.95,18988
2023-07-04,2965.55,2980,2786.1,2879,92018
2023-07-05,3081.85,3130.95,2989.35,3009,67880
2023-07-06,3101.05,3145,3050.05,3096,32421
2023-07-07,3104.2,3220,3070.5,3090,57474
2023-07-10,2907.4,3130,2885.3,3130,42845
2023-07-11,2998.2,3009,2885,2909.85,32184
2023-07-12,2961.05,3010,2902,2995,33303
2023-07-13,2884.45,3030,2870.1,2978.95,65686
2023-07-14,2967.9,3015,2903.05,2939,26353
2023-07-17,2941.55,3001,2900.05,2997.55,32882
2023-07-18,3173.05,3288.95,2985,2995,145418
2023-07-19,3133.05,3253.6,3120,3173,34397
2023-07-20,3218.35,3275,3133,3133,48072
2023-07-21,3292,3395,3185,3218.35,61582
2023-07-24,3212,3411.9,3185.05,3348.95,47467
2023-07-25,3265.15,3316.3,3174.6,3222.95,30306
2023-07-26,3300.5,3375,3265,3265.05,34974
2023-07-27,3444.25,3519.95,3286.6,3348.9,67054
2023-07-28,3409.1,3477.4,3380,3442.95,22117
2023-07-31,3473.7,3500,3409.1,3437.4,26481
2023-08-01,3487.5,3550,3430,3507.1,60550
2023-08-02,3446.55,3515,3302.3,3479.9,39776
2023-08-03,3555.6,3699.8,3350,3464.05,154055
2023-08-04,3745.2,3784,3458.05,3534,128256
2023-08-07,3834.75,3849.8,3654.1,3759.95,45582
2023-08-08,3860.45,3879.8,3709.05,3834.75,35587
2023-08-09,3953.6,3998.85,3793.75,3860.45,81378
2023-08-10,4010.05,4026.7,3901.4,3990,70239
2023-08-11,4110.85,4149,4002.1,4010.05,77933
2023-08-14,4045.3,4131.6,3925.8,4112.65,30912
2023-08-16,4290.5,4335,4011.55,4042,48677
2023-08-17,4167.6,4340,4080.35,4290.05,32884
2023-08-18,3763,4154,3661,4124,113451
2023-08-21,3923.1,3971.1,3750,3789,42298
2023-08-22,3818.25,3969,3762.2,3957.95,42499
2023-08-23,3966.8,3990.6,3830.95,3830.95,29409
2023-08-24,4041.1,4124,3990,4000,36386
2023-08-25,3942.3,4079.9,3870.8,4049,41446
2023-08-28,3829.15,3934,3810.05,3934,39575
2023-08-29,3814.45,3900,3776.05,3888,25516
2023-08-30,3812.15,3880,3780.6,3825,25218
2023-08-31,3879.45,3958.95,3750.2,3859,144602
2023-09-01,3792,3834,3760,3834,26782
2023-09-04,3631.05,3789.95,3610.5,3789.9,43348
2023-09-05,3734.8,3770,3650.05,3660,20818
2023-09-06,3736.5,3759,3683.75,3745,27472
2023-09-07,3660.2,3764.95,3636.05,3736.35,19859
2023-09-08,3699.55,3745,3660.2,3665,24513
2023-09-11,3581.9,3670,3515,3655,62250
2023-09-12,3536.35,3632.5,3500.05,3581,49279
2023-09-13,3587.9,3625,3400,3512.5,42638
2023-09-14,3569.65,3650,3550,3580.25,15292
2023-09-15,3684,3718.95,3554,3569.65,31594
2023-09-18,3684.3,3741,3599.55,3728,33273
2023-09-20,3664.9,3851.9,3650,3652,28138
2023-09-21,3574.45,3748.65,3541,3748.65,38657
2023-09-22,3646.8,3674,3522,3616,32166
2023-09-25,3811.3,3834,3621.2,3646.8,38558
2023-09-26,3782.15,3850,3749.65,3830.05,25361
2023-09-27,3764.1,3818.6,3741.5,3781.9,7847
2023-09-28,3797.8,3845.7,3751.3,3809,25844
2023-09-29,3688.3,3830,3673.5,3830,20186
2023-10-03,3740.45,3761.35,3695.5,3699.95,13817
2023-10-04,3829.15,3940,3727,3739.05,52891
2023-10-05,3925.15,3980,3875,3899,37745
2023-10-06,3930.8,3956.8,3880.05,3949,18633
2023-10-09,3909.75,4027.4,3793.3,3890.05,47672
2023-10-10,3858.4,3977.6,3835.1,3905,11388
2023-10-11,3819.05,3930,3735.45,3929,15238
2023-10-12,3885.65,3890,3822.1,3888,8965
2023-10-13,3858.75,3927,3820.95,3895.85,7154
2023-10-16,3849.45,3868.75,3750,3858.75,9155
2023-10-17,4015.9,4081,3867.95,3868,54254
2023-10-18,4040.4,4134.35,3939.7,4042,34275
2023-10-19,4160.55,4191,3989.4,4052,28996
2023-10-20,4055.25,4178.45,4036,4161.95,15079
2023-10-23,3825.95,4060,3755.3,4044,37518
2023-10-25,3783.8,3880,3640.9,3850.05,32244
2023-10-26,3719.55,3783.8,3611.1,3783.8,18536
2023-10-27,3793.65,3850.2,3675.05,3736,20652
2023-10-30,3849.45,3865.85,3772.55,3799.95,11066
2023-10-31,3870.6,3936,3840,3936,37345
2023-11-01,3857.05,3979.95,3805.05,3869.05,20575
2023-11-02,3879.1,3940,3850.1,3894,12544
2023-11-03,3866.5,3924,3845,3892.2,9679
2023-11-06,4038.45,4088.85,3930,3930,36198
2023-11-07,4613.7,4760,4050,4074.95,275791
2023-11-08,4937.8,4994,4718,4800,209532
2023-11-09,5260.7,5305,4870,4964,181846
2023-11-10,5371.15,5459.95,5111,5222.35,92016
2023-11-13,5136.4,5460,5081.35,5316.1,78050
2023-11-15,5301.25,5320,5126.55,5200,27726
2023-11-16,5299.2,5368.45,5260.55,5354.3,30951
2023-11-17,5392.85,5439,5200,5329,37456
2023-11-20,5396.4,5524.3,5280.95,5430,27002
2023-11-21,5312.15,5474.9,5283.4,5449,46411
2023-11-22,5243.8,5400,5087.1,5380,19942
2023-11-23,5174.1,5332.85,5151.35,5290,9971
2023-11-24,5086.75,5219.9,5062.15,5199.95,12598
2023-11-28,5214.6,5280,4999,5084.9,29153
2023-11-29,5171.6,5285,5124.05,5285,14259
2023-11-30,5466.95,5519,5118.85,5200.6,114007
2023-12-01,5370.65,5601.4,5307,5597.95,24827
2023-12-04,5312.75,5494,5274.6,5418.95,28665
2023-12-05,5126.7,5329.9,5109,5325,65142
2023-12-06,5072.25,5134,5010,5126.7,29005
2023-12-07,5081.15,5127.45,5045.55,5045.55,15450
2023-12-08,5164.25,5270,5021.65,5153.35,105047
2023-12-11,5054.7,5209.6,5035,5103.15,115278
2023-12-12,5040.05,5140,5028,5064.75,28505
2023-12-13,5220.15,5248.7,5079.25,5094.7,92981
2023-12-14,5151.75,5300.3,5125,5275,40021
2023-12-15,5159.3,5200.65,5068,5155,30808
2023-12-18,5190.45,5235.5,5040.9,5125,56611
2023-12-19,5206.4,5340.3,5151.5,5151.5,48688
2023-12-20,5006.9,5247,4960,5247,54134
2023-12-21,5128.05,5145.8,4926.05,4999,27855
2023-12-22,5115.5,5185.5,5081.5,5128.05,14863
2023-12-26,5329.7,5364.9,5115,5115,105331
2023-12-27,5289.7,5436,5271.65,5360,44643
2023-12-28,5301.3,5370,5225,5257,26857
2023-12-29,5291.4,5325,5251.2,5280,43127
2024-01-01,5282.55,5364.9,5250,5360,11762
2024-01-02,5476.9,5495,5252.85,5282.55,59950
2024-01-03,5592.3,5769,5476.9,5530,79118
2024-01-04,5659.5,5690,5592.5,5689.95,28049
2024-01-05,5573.15,5678,5431.6,5659,30303
2024-01-08,5453.95,5600.95,5021.1,5600,64031
2024-01-09,5381.75,5459.65,5301.25,5453.95,28313
2024-01-10,5523.25,5550,5397,5450,29079
2024-01-11,5700.2,5738,5534.15,5550,45216
2024-01-12,5538.35,5790,5502.6,5750,32277
2024-01-15,5643.7,5670,5478,5575,86425
2024-01-16,5635.6,5716,5470,5683,30985
2024-01-17,5529.15,5608,5426.8,5599,22171
2024-01-18,5683.15,5700,5387.75,5479.95,23032
2024-01-19,5911.6,5950,5683.15,5683.15,43020
2024-01-22,5881.35,5965.05,5781,5950,6403
2024-01-23,5644.9,5918,5562.05,5817.15,30293
2024-01-24,5605.5,5727,5425.1,5643.9,24842
2024-01-25,6095.8,6169.7,5605,5605.5,65975
2024-01-29,6538.95,6679.8,6043.05,6043.05,89249
2024-01-30,6284.8,6680.45,6181.6,6625.05,34958
2024-01-31,6413.65,6509.15,6205.05,6300.05,43276
2024-02-01,6242.65,6469.9,6200,6413.65,26842
2024-02-02,6145.5,6338.4,6104.95,6218,24609
2024-02-05,6206.05,6393.25,6131,6299,25851
2024-02-06,6329.3,6421,6219.9,6239.85,24938
2024-02-07,6579.15,6637.35,6395.2,6449,43206
2024-02-08,6527.65,6688,6437,6670,37528
2024-02-09,6770.05,6914.1,6599.6,6630,108513
2024-02-12,6453.1,6874.9,6333.55,6775,67374
2024-02-13,6419.55,6570.7,6414,6539.4,29315
2024-02-14,6674.5,6745,6339.4,6375.15,40931
2024-02-15,6831.2,6935,6734.95,6824.75,34021
2024-02-16,7150.05,7238.95,6930.65,6930.65,94498
2024-02-19,7060.75,7286.95,6940.05,7150.05,27134
2024-02-20,7127.85,7219.4,6990,7100,68486
2024-02-21,7271.25,7318.3,7030.95,7193,68590
2024-02-22,7199.35,7290,7070,7290,25761
2024-02-23,7001.8,7235,6871.6,7210,41471
2024-02-26,6970.2,7101,6902.7,7101,66130
2024-02-27,7065.55,7100,6915,7068,21283
2024-02-28,7102.3,7121.05,6960.75,7060,21989
2024-02-29,7161.95,7251,6828.05,7095,57554
2024-03-01,7268.5,7303.25,7150.05,7210,17554
2024-03-04,7111.1,7250,7051.45,7208.4,15643
2024-03-05,7005.4,7173.2,6958.85,7139.95,24088
2024-03-06,6610.6,7001.35,6536.25,6952,52101
2024-03-07,6529.5,6713.7,6478,6610.6,29917
2024-03-11,5953.55,6499,5800,6430.05,91504
2024-03-12,5905.1,6069.95,5667.55,6069.95,101780
2024-03-13,5643.2,6022.8,5570.45,5905,64411
2024-03-14,5748.85,5999.95,5549.85,5630,42260
2024-03-15,5911.8,6175.9,5730.15,5760,272364
2024-03-18,6275.05,6342.45,5925,6100,55535
2024-03-19,6110.5,6339.9,6060.6,6339.9,26722
2024-03-20,5936.2,6139,5910.1,6139,18721
2024-03-21,6041.6,6120,5996,6054,47420
2024-03-22,6384.75,6463.95,6050,6080,33954
2024-03-26,6455.25,6500,6319.2,6500,15035
2024-03-27,6359.95,6480,6301.6,6480,17882
2024-03-28,6322.15,6450,6234.05,6400,16249
2024-04-01,6265.85,6380.8,6192.05,6250,15277
2024-04-02,6472.15,6598,6309.45,6341,21498
2024-04-03,6465.9,6506.65,6371.6,6498,15255
2024-04-04,6503.45,6599.7,6451,6456,12548
2024-04-05,6367.85,6503.45,6327.35,6503,21984
2024-04-08,6042.85,6376.9,5989.95,6367.85,57361
2024-04-09,6238.85,6344.9,6029.15,6042.85,37674
2024-04-10,6190.6,6238.05,6150,6238.05,10113
2024-04-12,6665.4,6798.45,6411,6529.95,115541
2024-04-15,7103.25,7240,6608.05,6665.4,89576
2024-04-16,7529.7,7610,7012.65,7165.1,100046
2024-04-18,7656.35,7790,7530,7550,60734
2024-04-19,7368.7,7600,7202.35,7590.05,37535
2024-04-22,7628.1,7721.9,7403.05,7499.95,29991
2024-04-23,7536.8,7699.8,7505.1,7649.2,15116
2024-04-24,7220.15,7603.8,7210.05,7560.1,33521
2024-04-25,7092.15,7276,7050,7225,22889
2024-04-26,6973.4,7192.45,6818.45,7092.1,30728
2024-04-29,7198.1,7274.15,6940,6973.4,18858
2024-04-30,7593.45,7625,7215.7,7215.7,46474
2024-05-02,7668.5,7763.95,7461.8,7700,27645
2024-05-03,7557.85,7698.65,7472.35,7698.65,25803
2024-05-06,7467.2,7699.9,7308.75,7680,20761
2024-05-07,7357.65,7500,7238.45,7500,21371
2024-05-08,7457.65,7487.5,7241.1,7349.9,10449
2024-05-09,7146.85,7549.95,7114,7464.05,17791
2024-05-10,7139.7,7300,7001,7158.6,23407
2024-05-13,6061.05,6700,6018,6642,167372
2024-05-14,6171.55,6345,6075,6075,65894
2024-05-15,6240.45,6278.6,6139.5,6171.1,45201
2024-05-16,6230.45,6297.9,6200,6245,18232
2024-05-17,6260.55,6389.95,6190,6389.95,21946
2024-05-20,6225.2,6294,6032,6210,7010
2024-05-21,6203.25,6250,6117.2,6200,56870
2024-05-22,6294.3,6324.95,6172,6225,27722
2024-05-23,6205.25,6299.9,6167.7,6293.75,31094
2024-05-24,6333.55,6449,6205.35,6239.85,70729
2024-05-27,6327.6,6437.65,6271.5,6335,20383
2024-05-28,6186.75,6346.55,6130,6319.75,23039
2024-05-29,6075.95,6244.45,6055,6121,25092
2024-05-30,6194.75,6260.7,5968.35,6075.95,26337
2024-05-31,6042.5,6182.05,6012,6110.05,20370
2024-06-03,6114.4,6259.6,6024.75,6250,21908
2024-06-04,6046.3,6190.7,5540.1,6168.8,38912
2024-06-05,6250.25,6310.45,5967.95,6081,36086
2024-06-06,6160.35,6479,6121.5,6320,34329
2024-06-07,6290.8,6396,6176.6,6270.65,19725
2024-06-10,6275.3,6399.7,6252.55,6378.05,14222
2024-06-11,6498.9,6539,6275,6299,45625
2024-06-12,6357.05,6495,6305,6495,33385
2024-06-13,6586.8,6650,6221,6399,48842
2024-06-14,6488.85,6618.3,6451.05,6601.05,23660
2024-06-18,6498.9,6517.95,6381.5,6490.1,42086
2024-06-19,6500.6,6643.85,6426.05,6498.9,20343
2024-06-20,6552.15,6625.05,6443.55,6500.6,11651
2024-06-21,6571.7,6600,6463,6540,14108
2024-06-24,6704.85,6790,6551,6571.5,42454
2024-06-25,7342.05,7487,6755.15,6799,103119
2024-06-26,7267.8,7689.8,7157.95,7400,53700
2024-06-27,7531.65,7639.95,7215,7375,55429
2024-06-28,7484.9,7635,7210.8,7569.95,37367
2024-07-01,7717.65,8079,7637,7650,76220
2024-07-02,7635,7899.7,7551.1,7803.65,22737
2024-07-03,7647.35,7897.45,7496.05,7561.1,25898
2024-07-04,7702,7790,7563,7647,20428
2024-07-05,7777.5,7811,7590.8,7650,12600
2024-07-08,7704,7895,7651.55,7721,13089
2024-07-09,7828.7,7870,7664.6,7785,17164
2024-07-10,7920.4,8198.95,7753.2,7799,69559
2024-07-11,8103.75,8148,7899,7920.4,45814
2024-07-12,8078.3,8152.75,8018.05,8065,17702
2024-07-15,8292.55,8398.8,8012,8012,36339
2024-07-16,8482.3,8628,8403.85,8403.85,65982
2024-07-18,8479.45,8650,8425,8444.2,30374
2024-07-19,8129.9,8449.8,7968.6,8400,32801
2024-07-22,8010.6,8371.25,7961.45,8051,25733
2024-07-23,8054.05,8178.45,7920.1,8010.65,25781
2024-07-24,8370.05,8449,8023.5,8053.95,13477
2024-07-25,8374.65,8500,8299.3,8370,11342
2024-07-26,8376.95,8439,8315.95,8400,8648
2024-07-29,8417.05,8585,8270,8385,21237
2024-07-30,9051.2,9099.9,8429,8429,69117
2024-07-31,8758.35,9076.4,8651.05,9012.4,35366
2024-08-01,9381.55,9700,8756,8798.15,114731
2024-08-02,11077.8,11257,9200.1,9388,449228
2024-08-05,10961.2,11800,10601.8,10900,285786
2024-08-06,10787.3,11800,10650,11115,84824
2024-08-07,11149.6,11268,10650,11050,64292
2024-08-08,11671.5,11775,11000,11164.4,164901
2024-08-09,11516.6,11846,11500,11800,32156
2024-08-12,11639,11749,11500,11599.5,17994
2024-08-13,11481.5,11699,11390,11649.9,26482
2024-08-14,11566.4,11749,11350,11481.5,18711
2024-08-16,11665.2,11749,11462.3,11462.3,47171
2024-08-19,11529.4,12400,11462.5,12400,18296
2024-08-20,11476.3,11682,11100,11529.4,23127
2024-08-21,11555.5,11650,11252,11479,21591
2024-08-22,12031.8,12135,11465,11519,32672
2024-08-23,12198.3,12269.3,11961,12050,22253
2024-08-26,11900.3,12500,11850,12249,14563
2024-08-27,12171.9,12265.5,11856.7,12099,15255
2024-08-28,12516.4,12620,12012.9,12250,28116
2024-08-29,12404.8,12600,12200,12400,16774
2024-08-30,12502.2,12710.5,12337.3,12500,28892
2024-09-02,12520.4,12650,12340,12502.2,22971
2024-09-03,12766.2,12935.5,12476.2,12550,18869
2024-09-04,12703.6,13059.3,12558.2,12730,33033
2024-09-05,12769.2,12849.9,12330.8,12703.6,41669
2024-09-06,12904.8,13221.7,12635,12635,33576
2024-09-09,12639.6,12900,12425.9,12900,33240
2024-09-10,12484.4,12750,12121.1,12750,33928
2024-09-11,12605.7,12859.2,12450,12484.4,13507
2024-09-12,12682.7,12823.6,12606.5,12700,26866
2024-09-13,12517.5,12828.8,12467.7,12749,10441
2024-09-16,12803.2,12892.7,12525,12650,11705
2024-09-17,12855.5,13055,12750,12800,17828
2024-09-18,12710.7,12998.8,12685,12998.8,7745
2024-09-19,12564.5,12800,12320.5,12550,19719
2024-09-20,12771.1,12848,12565,12570,15382
2024-09-23,12408.8,12849,12092.2,12799,13219
2024-09-24,13008.2,13050,12373.1,12400,31120
2024-09-25,12519.3,13190,12375.8,13020,46563
2024-09-26,12388,12900,11601,12712.5,81096
2024-09-27,12790.5,13630,12514.9,13500,113591
2024-09-30,12386.4,12710,12157.5,12710,22442
2024-10-01,12508.2,12673.3,12187.7,12385.6,26608
2024-10-03,11991.5,12600,11901,12350,23483
2024-10-04,12077,12480,11900,12000,16908
2024-10-07,11343.3,12247.1,11116.2,12105,52595
2024-10-08,11699.1,11888,11100,11100,19514
2024-10-09,11805.7,11990,11550,11810,33416
2024-10-10,12499.2,12544,11662.5,11905,27263
2024-10-11,14247.7,14489.9,12343,12500,157171
2024-10-14,14255.6,14714.3,14005.2,14700,41650
2024-10-15,15644,15850,14156.5,14777.7,108369
2024-10-16,16250.7,16524.9,15355.1,15640,102164
2024-10-17,15441.2,16250,15350,16250,29420
2024-10-18,14084.7,15300,13972.5,15300,43788
2024-10-21,13620.7,14380,13150,14084.7,75080
2024-10-22,13353.3,14200,13200,13850,41965
2024-10-23,13888.5,14470,13450,13699,42011
2024-10-24,13661.4,14422,13601,14000,21931
2024-10-25,13803.2,13980,13450,13769,35638
2024-10-28,13950.8,14100,13558.6,13558.6,17158
2024-10-29,13927.2,14200,13779.3,14200,12834
2024-10-30,13829.3,14100,13800,14066.2,10553
2024-10-31,14606.6,14876.5,13752.9,13850,32585
2024-11-01,14560.8,14878.3,14470,14849,3868
2024-11-04,14728.8,15142,14495.5,14650,28032
2024-11-05,15858.2,15939.3,14728.8,14728.8,49090
2024-11-06,14165.2,16310.5,13500,16000,246240
2024-11-07,13779.3,14165.2,13500.5,14165.2,54869
2024-11-08,13792.5,14045.1,13710,13849.5,24457
2024-11-11,13800.7,13956.7,12816,13780,55346
2024-11-12,15329.5,16560.8,14002.3,14002.3,185849
2024-11-13,14666.3,15727.2,14541.5,15597,37004
2024-11-14,15590.2,16162,14103.1,14610,83583
2024-11-18,14965.1,15670.8,14908.4,15578.5,22507
2024-11-19,14889,15338.5,14800,15200,12443
2024-11-21,14768,15480,14650,14880,33829
2024-11-22,14905,15000,14670.7,14770,10814
2024-11-25,14854,15499.7,14700,15300,32984
2024-11-26,14941.1,15228.5,14680,15003,17784
2024-11-27,16068.9,16489.9,14890.2,15100,51345
2024-11-28,16593.2,16877.7,15940,16085,42736
2024-11-29,16709.3,16757.9,16201,16660,19522
2024-12-02,16647.6,17234.9,16501.1,16738.3,47859
2024-12-03,17147.7,17210,16469.6,16813.4,43954
2024-12-04,17791.2,18100,16967,17200,75537
2024-12-05,17846.3,17998.3,17560,17750,36715
2024-12-06,17596,17946.3,17500,17885.1,17787
2024-12-09,17051.6,17379.9,15399.2,17300,131619
2024-12-10,16830.7,17051.6,16587.5,17051.6,39207
2024-12-11,16954.7,17500,16628.3,16800,33722
2024-12-12,15989.3,16444,15605,15900,880601
2024-12-13,15265,16076.8,15125,16065,106549
2024-12-16,14828.8,15250,14522,15210,152447
2024-12-17,14771.2,15048,14704.9,14828,61657
2024-12-18,14797.8,15188,14621,14780,54740
2024-12-19,14428.2,14854.5,14329.8,14508.2,33041
2024-12-20,13891.2,14605,13800,14310,56752
2024-12-23,13802.4,14191.8,13620,14150,33537
2024-12-24,13838.8,14100,13728.6,13900,25728
2024-12-26,13437.5,13990,13366.7,13945,26700
2024-12-27,13702.3,13837.5,13452.6,13508,35695
2024-12-30,13845.6,14019.7,13700,13802,21463
2024-12-31,13723.8,13923,13652.2,13799.9,12400
2025-01-01,14294.1,14399.8,13725,13785.8,21201
2025-01-02,14309.5,14437,14020,14405.2,26814
2025-01-03,13774.2,14398,13720,14398,21761
2025-01-06,13617.5,13875,13510,13814,28472
2025-01-07,14290.7,14388,13549.4,13550,25412
2025-01-08,14881.8,15165.8,14241.7,14277,58525
2025-01-09,14632.8,15145,14571,15018.3,23664
2025-01-10,14044.5,14655.3,13901.1,14632,29626
2025-01-13,13114.4,13984.8,12950,13780,76016
2025-01-14,13301.7,13718.5,13115,13115,32880
2025-01-15,13415.8,13536.3,13325,13401.7,40224
2025-01-16,13659.1,13818.5,13463.1,13617,13122
2025-01-17,13651,14000,13365,13670,25567
2025-01-20,13816,13921.4,13507,13623,22111
2025-01-21,13221.7,13950.7,13123.3,13820,30212
2025-01-22,13849.2,13958.5,13313.7,13751,73851
2025-01-23,13857.5,14125.2,13508,13827.1,46213
2025-01-24,13782.3,14335.6,13650,13900,47012
2025-01-27,13496.7,13919.4,13324.5,13689,53520
2025-01-28,13230,13500,12370,13500,60248
2025-01-29,13912.4,13999.7,13272,13302.8,21643
2025-01-30,13724.3,14148.8,13478,13900,23963
2025-01-31,14123.3,14170,13711.2,13811.2,19952
2025-02-03,14192.7,14313,13823.5,14136,15076
2025-02-04,14622.7,14669,14196,14205,20870
2025-02-05,14817.5,14949.7,14500,14740,57425
2025-02-06,14484.5,15220,14357.7,15020,20554
2025-02-07,14247.3,14531.1,14049,14452.2,14736
2025-02-10,14673.3,14899.7,13900,14300,28772
2025-02-11,13667.7,14000,13243.9,13900,94193
2025-02-12,13646.7,13740,12700,13279.3,55465
2025-02-13,12766.7,13776.2,12572.5,13717.4,45907
2025-02-14,11825.2,12887.5,11588.8,12830.9,72917
2025-02-17,11533.8,11831.6,11301,11826,87543
2025-02-18,11027.4,11911.5,10953,11650.8,51950
2025-02-19,11143.4,11379.5,10444.8,10802,57059
2025-02-20,11412.3,11488,10769.6,11189,34255
2025-02-21,10995.5,11472,10950,11470,32287
2025-02-24,11513.7,12344.5,10687.7,10849.8,129850
2025-02-25,11601.2,11780,11300,11506,42822
2025-02-27,10949.1,11678.3,10816,11610,41282
2025-02-28,10611,10900,10222.7,10900,63963
2025-03-03,10487.3,10766.3,10190.7,10705,67828
2025-03-04,11396.8,11489,10201.7,10201.7,69700
2025-03-05,11839.8,11890,11255.2,11360.1,49288
2025-03-06,11799.8,12078.5,11700,11948,28134
2025-03-07,12093.9,12306.7,11725,11775,29131
2025-03-10,11401.8,12595.1,11301.1,11998.8,44656
2025-03-11,11154.3,11399,10938,11399,40713
2025-03-12,10958.2,11252,10753,11152,36091
2025-03-13,11070.6,11699,10711.1,11057,52775
2025-03-17,10797.4,11265,10740.1,11200.5,29742
2025-03-18,11323.8,11418.8,10752,10800,45328
2025-03-19,11501.8,11568.4,11149.2,11250,31198
2025-03-20,11681.5,11821.7,11453,11550,21516
2025-03-21,11793,11925.2,11560,11680,32345
2025-03-24,11909.2,12192.2,11821.7,11900,30923
2025-03-25,11915,12160,11622.8,12009.9,30104
2025-03-26,11271.2,12024.7,11211.2,11915,48848
2025-03-27,12069.2,12478,11100,11210,132117
2025-03-28,12071.5,12797.4,11734.8,12037,74748
2025-04-01,11483.9,11980,11324.4,11980,43765
2025-04-02,11569,11644.5,11126,11485.8,36122
2025-04-03,12052.5,12391.8,11650,11650,145503
2025-04-04,11439.2,12026.8,11279.6,12026.8,72132
2025-04-07,10962.3,11072.5,10400.2,10492,74881
2025-04-08,11183.8,11510,11000,11073.1,31338
2025-04-09,10959.5,11257.4,10757.5,11016,48887
2025-04-11,11753.5,11847.2,11144.3,11144.3,66314
2025-04-15,12660,12732,11815,12000,67960
2025-04-16,12749,12874,12421,12660,48085
2025-04-17,12821,13111,12650,12650,33923
2025-04-21,13136,13300,12794,12886,53283
2025-04-22,13072,13331,12960,13186,32585
2025-04-23,12784,13388,12435,12435,36088
2025-04-24,13079,13267,12717,12872,52921
2025-04-25,12300,13220,12200,13119,51071
2025-04-28,12570,12841,12362,12399,24307
2025-04-29,12278,12810,12160,12683,26866
2025-04-30,11992,12502,11906,12340,29269
2025-05-02,11952,12151,11741,12107,26143
2025-05-05,12342,12388,11951,12052,22126
2025-05-06,12060,12403,11981,12348,15068
2025-05-07,12096,12143,11750,11951,16295
2025-05-08,12324,13170,12100,12193,115356
2025-05-09,12429,12500,11862,12050,41049
2025-05-12,12569,12798,12501,12605,23603
2025-05-13,12587,12867,12515,12569,22404
2025-05-14,12474,12736,12421,12640,24235
2025-05-15,11859,12674,11800,12564,60473
2025-05-16,11056,11469,10578,11050,255267
2025-05-19,11218,11318,11032,11076,92448
2025-05-20,11151,11399,11050,11226,40453
2025-05-21,11194,11320,11109,11195,39781
2025-05-22,11193,11320,11117,11170,18885
2025-05-23,11156,11403,11110,11280,39999
2025-05-26,11322,11409,11133,11156,24491
2025-05-27,11115,11360,11081,11348,23210
2025-05-28,11064,11214,11011,11181,18061
2025-05-29,11230,11600,11058,11119,65689
2025-05-30,11503,11556,11255,11255,41539
2025-06-02,11674,11831,11412,11520,24973
2025-06-03,11819,11875,11540,11670,24263
2025-06-04,11793,11868,11571,11817,20278
2025-06-05,11744,12040,11670,11817,27242
2025-06-06,13030,13250,11756,11756,539420
2025-06-09,12714,13133,12650,12988,59000
2025-06-10,12674,12855,12606,12724,23626
2025-06-11,13630,13799,12676,12680,260093
2025-06-12,13363,13950,13135,13634,114752
2025-06-13,13193,13449,13045,13289,58120
2025-06-16,12832,13464,12744,13250,56650
2025-06-17,12532,13019,12490,12850,64407
2025-06-18,12267,12561,12207,12511,48996
2025-06-19,12211,12465,11950,12267,52898
2025-06-20,12245,12644,12128,12211,56880
2025-06-23,12308,12469,12118,12367,33421
2025-06-24,12249,12479,12200,12479,21223
2025-06-25,12021,12471,11955,12348,35994
2025-06-26,11962,12199,11816,12143,41590
2025-06-27,12120,12199,11916,12000,33408
2025-06-30,12000,12264,11951,12264,31200
2025-07-01,11878,12051,11820,12050,17164
2025-07-02,11983,12042,11819,11871,23556
2025-07-03,11668,12030,11572,12007,89172
2025-07-04,11999,12104,11630,11755,67448
2025-07-07,11786,12006,11742,11999,19607
2025-07-08,11706,11866,11627,11786,49503
2025-07-09,11968,12480,11700,11706,161166
2025-07-10,11880,12074,11835,12074,30443
2025-07-11,12301,12378,11739,11880,74664
2025-07-14,14548,14761,12126,12303,1212750
2025-07-15,15273,15500,14374,14751,708225
2025-07-16,14381,15010,14155,15010,206756
2025-07-17,14503,14630,14125,14400,131161
2025-07-18,14263,14599,14100,14503,57934
2025-07-21,14143,14450,14017,14265,52195
2025-07-22,13992,14327,13806,14143,62634
2025-07-23,13717,14158,13611,13992,37690
2025-07-24,13801,14250,13623,13726,59183
2025-07-25,13760,14045,13626,13811,37038
2025-07-28,13875,14099,13700,13700,56094
2025-07-29,13840,13965,13653,13945,42514
2025-07-30,13914,14315,13725,13890,72294
2025-07-31,13281,14130,13130,13750,72427
2025-08-01,13017,13473,12251,12761,308878
2025-08-04,13083,13190,12624,12992,80684
2025-08-05,12829,13230,12777,13050,44349
2025-08-06,12806,12879,12450,12810,42852
2025-08-07,12831,12936,12614,12821,39229
2025-08-08,13099,13520,12747,12831,135665
2025-08-11,13296,13329,12903,13100,34168
2025-08-12,12979,13330,12850,13296,26949
2025-08-13,13018,13179,12950,13020,23508
2025-08-14,13278,13347,12935,13018,35721
2025-08-18,13532,13626,13206,13350,29343
2025-08-19,13044,13520,12935,13510,50215
2025-08-20,13693,13999,13016,13050,164788
2025-08-21,13794,14079,13532,13695,62429
2025-08-22,13888,14001,13581,13794,28485
2025-08-25,13527,13979,13451,13888,22226
2025-08-26,13171,13675,13092,13558,32783
2025-08-28,13115,13324,12991,13174,22183
2025-08-29,13455,13567,13152,13190,35910
2025-09-01,13399,13600,13212,13464,29002
2025-09-02,13728,13784,13317,13455,30987
2025-09-03,14368,14545,13671,13728,61458
2025-09-04,14612,14679,14161,14599,56188
2025-09-05,14459,15078,14366,14601,72001
2025-09-08,14449,14548,14211,14395,38746
2025-09-09,14433,14546,14331,14450,16152
2025-09-10,14803,14874,14351,14419,34732
2025-09-11,15554,15760,14900,15015,173949
2025-09-12,16049,16217,15478,15601,157010
2025-09-15,15672,16024,15610,16024,42167
2025-09-16,16221,16440,15653,15704,100001
2025-09-17,16156,16300,15962,16250,35348
2025-09-18,15873,16345,15721,16164,84217
2025-09-19,15467,16100,15311,15902,66303
2025-09-22,15306,15749,15223,15544,32663
2025-09-23,14985,15459,14900,15306,33213
2025-09-24,15023,15149,14625,15010,37217
2025-09-25,14831,15060,14736,15010,21620
2025-09-26,13966,14789,13860,14700,78675
2025-09-29,14433,14550,13999,14000,68275
2025-09-30,14605,14644,14259,14510,44030
2025-10-01,15386,15440,14670,14700,76750
2025-10-03,15210,15940,15110,15440,51667
2025-10-06,15163,15359,15006,15359,19763
2025-10-07,15831,15879,15083,15162,64949
2025-10-08,15487,15989,15403,15816,30222
2025-10-09,15717,15840,15397,15518,27503
2025-10-10,16316,16490,15631,15717,82328
2025-10-13,16315,16776,16205,16205,71620
2025-10-14,16355,16500,15870,16318,45493
2025-10-15,16098,16351,16038,16350,25305
2025-10-16,16198,16399,16121,16243,26745
2025-10-17,16281,16385,16119,16200,13923
2025-10-20,16443,16675,16223,16349,21953
2025-10-21,16267,16578,16151,16444,5287
2025-10-23,16198,16327,15901,16250,27727
2025-10-24,16088,16344,15985,16190,20551
2025-10-27,15798,15992,15710,15991,17649
2025-10-28,15740,16083,15664,15815,26058
2025-10-29,15406,15914,15339,15831,14890
2025-10-30,16158,16205,15398,15500,72741
2025-10-31,16473,16598,16090,16170,44640
2025-11-03,17159,17224,16527,16552,76688
2025-11-04,17608,18075,17117,17210,101390
2025-11-06,17550,17875,17351,17628,47619
2025-11-07,17837,18100,17292,17521,103964
2025-11-10,18113,19747,17921,19000,444984
2025-11-11,17193,18130,17097,18113,75573
2025-11-12,17577,17749,17018,17200,77616
2025-11-13,17223,17640,17183,17565,43091
2025-11-14,17461,17950,17227,17239,67485
2025-11-17,17356,17888,17309,17540,48495
2025-11-18,17250,17498,17056,17498,36242
2025-11-19,17076,17343,17010,17250,22053
2025-11-20,16719,17159,16601,17076,31544
2025-11-21,16598,17089,16475,16719,49218
2025-11-24,16283,16457,16025,16323,40379
2025-11-25,16846,17043,16200,16283,67202
2025-11-26,16650,16899,16587,16884,31142
2025-11-27,16593,16807,16430,16610,37082
2025-11-28,17288,17440,16533,16587,91650
2025-12-01,16587,17288,16423,17288,45088
2025-12-02,16354,16587,15886,16587,64129
2025-12-03,16974,17550,16399,16399,405315
2025-12-04,16995,17230,16798,16974,55892
2025-12-05,16887,16995,16616,16995,31420
2025-12-08,16078,16919,15849,16887,56043
2025-12-09,16674,17145,16103,16107,155227
2025-12-10,16299,16727,16200,16673,31039
2025-12-11,16176,16439,16069,16300,38727
2025-12-12,16079,16485,15962,16255,42061
2025-12-15,16439,16525,16120,16150,33689
2025-12-16,16123,16350,15956,16350,86089
2025-12-17,15790,16364,15704,16202,37251
2025-12-18,15799,15899,15465,15800,50852
2025-12-19,16044,16585,15852,15941,80404
2025-12-22,15743,16040,15710,16040,32674
2025-12-23,15327,15748,15030,15565,109375
2025-12-24,15086,15525,14965,15437,64410
2025-12-26,14978,15318,14860,15086,46883
2025-12-29,14952,15172,14901,15081,36964
2025-12-30,14929,15084,14840,15050,30988
2025-12-31,15175,15301,14842,15000,37579
2026-01-01,15060,15310,15003,15277,13382
2026-01-02,15276,15490,14980,15060,25090
2026-01-05,15040,15350,15001,15311,22006
2026-01-06,14509,15240,14455,15240,73556
2026-01-07,15135,15184,14496,14592,60558
2026-01-08,14820,15139,14750,15139,25158
2026-01-09,14774,15086,14698,15000,35211
2026-01-12,14705,14816,14201,14751,41438
2026-01-13,14326,14853,14220,14700,41643
2026-01-14,14262,14730,14200,14326,43272
2026-01-16,14087,14400,14037,14270,31110
2026-01-19,13899,14035,13756,14000,36308
2026-01-20,13581,13969,13403,13900,50254
2026-01-21,13129,13553,12990,13550,48739
2026-01-22,13570,13775,13265,13270,49563
2026-01-23,13251,13602,13105,13569,26161
2026-01-27,12796,13421,12680,13251,36988
2026-01-28,12851,12988,12711,12820,28878
2026-01-29,12555,13079,12463,12936,33539
2026-01-30,13251,13455,12447,12500,62075
2026-02-02,13117,13539,12875,13538,33836
2026-02-03,13370,13893,13304,13800,34009
2026-02-04,13532,13600,13300,13403,17532
2026-02-05,13202,13532,13059,13532,18532
2026-02-06,13030,13278,12930,13224,17446
2026-02-09,13890,14170,13056,13229,76894
2026-02-10,13502,14132,12770,13000,169477
2026-02-11,13190,13600,13000,13502,54188
2026-02-12,12960,13551,12860,13280,46323
2026-02-13,13056,13296,12823,12997,39031
2026-02-16,13246,13597,12985,13056,32316
2026-02-17,13669,14000,13201,13296,63959
2026-02-18,13620,13789,13302,13725,43617
2026-02-19,13020,13778,12911,13636,37768
2026-02-20,12638,13120,12552,13032,44929
2026-02-23,13651,13790,12727,12800,252597
2026-02-24,13366,13650,13304,13497,45522
2026-02-25,13331,13529,13218,13366,27190
2026-02-26,13204,13672,13125,13431,33942
2026-02-27,12825,13303,12714,13303,53386
2026-03-02,13096,13150,12552,12594,39145
2026-03-04,12776,13000,12685,13000,25137
2026-03-05,12926,13067,12790,12969,24302
2026-03-06,13034,13120,12924,13000,14808
2026-03-09,12593,12999,12510,12999,20854
2026-03-10,12597,12895,12550,12895,24770
2026-03-11,12828,13139,12670,12740,43186
2026-03-12,12574,12748,12471,12691,33123
2026-03-13,12152,12637,12013,12637,50055
2026-03-16,12230,12550,12010,12152,30920
2026-03-17,12273,12427,12190,12399,23223
2026-03-18,12413,12552,12294,12350,20465
2026-03-19,12101,12305,11897,12305,24182
2026-03-20,11995,12300,11900,12300,37456
2026-03-23,11555,11936,11500,11801,23060
2026-03-24,12030,12170,11521,12000,28520
2026-03-25,12096,12431,11952,12100,26100
2026-03-27,12067,12360,11823,12041,57649
2026-03-30,12027,12100,11750,11980,37562
2026-04-01,12613,12783,12226,12250,28691
2026-04-02,12433,12500,12060,12500,21985
2026-04-06,13222,13480,12349,12587,161018
2026-04-07,13176,13550,13033,13150,55380
2026-04-08,14055,14140,13292,13600,61555
2026-04-09,14723,14795,13711,14049,74395
2026-04-10,14951,15094,14613,14723,50731
2026-04-13,14512,14993,14434,14611,48948
2026-04-15,14982,15100,14477,14850,36052
2026-04-16,15000,15220,14879,15150,32119
2026-04-17,15295,15414,14955,15010,24926
2026-04-20,15202,15438,14950,15298,29072
2026-04-21,14920,15491,14848,15250,30894
2026-04-22,15067,15325,14701,14994,28246
2026-04-23,14977,15428,14900,15067,22665
2026-04-24,14405,15087,14283,14900,28158
2026-04-27,14755,14949,14307,14449,32555
2026-04-28,14445,14865,14400,14785,15694
2026-04-29,14656,14803,14503,14640,18668
2026-04-30,15003,15040,14464,14605,26786
2026-05-04,16124,16471,15100,15100,208282
2026-05-05,16204,16482,16045,16300,60951
2026-05-06,17032,17226,16210,16281,106686
2026-05-07,17285,17500,17032,17032,67067
2026-05-08,17666,17765,17222,17286,89796
2026-05-11,17550,18180,17501,17768,97004
2026-05-12,17003,17753,16905,17501,106204
2026-05-13,16497,18305,16317,18305,432648
2026-05-14,16680,16999,16361,16601,109287
2026-05-15,16590,16880,15900,16880,104507
2026-05-18,16327,16747,16260,16590,38167
2026-05-19,16790,16866,16244,16460,49682
2026-05-20,16624,17040,16525,16690,31610
2026-05-21,16690,16844,16387,16730,30074
2026-05-22,16693,17250,16326,16773,64311
2026-05-25,16758,17000,16650,16785,25774
2026-05-26,17071,17399,16799,16800,58286
2026-05-27,16772,17360,16710,17178,28207
2026-05-29,17088,17170,16675,16880,73932
2026-06-01,17198,17684,16891,17102,80947
2026-06-02,16909,17097,16705,17000,36516
2026-06-03,16992,17380,16925,16993,26919
2026-06-04,16860,17181,16710,16992,30574
2026-06-05,16811,17050,16755,16950,13332
2026-06-08,16964,17028,16401,16794,32528
2026-06-09,17188,17348,16906,17100,30364
2026-06-10,16946,17333,16881,17280,17369
2026-06-11,16973,17239,16711,16800,50931
2026-06-12,17198,17400,16981,17122,35209
2026-06-15,17056,17572,16980,17450,37749
2026-06-16,16722,17246,16560,16990,39739
2026-06-17,17016,17078,16679,16721,20633
2026-06-18,17220,17341,16960,17000,25881
2026-06-19,17345,17450,17128,17128,26662
2026-06-22,17224,17472,17011,17366,16943
2026-06-23,18102,18432,17254,17373,199695
2026-06-24,18072,18730,18011,18090,112818
2026-06-25,17961,18200,17556,18179,35026
2026-06-29,18088,18300,17944,18000,54500
2026-06-30,18579,18775,18027,18120,69045
2026-07-01,18786,19163,18468,18750,43004
2026-07-02,18988,19050,18705,18800,32222
2026-07-03,18944,19200,18747,19100,75135
2026-07-06,18956,19060,18520,18950,34185
2026-07-07,18900,19397,18700,19100,61823
2026-07-08,18889,19265,18651,18900,42475
2026-07-09,19542,20089,18910,19100,97154
2026-07-10,19506,19730,19353,19701,24863
2026-07-13,19019,19558,18629,18629,21087
2026-07-14,18999,19046,18738,18998,16957
2026-07-15,19114,19350,18944,19095,21178
2026-07-16,18751,19190,18558,19190,34026
2026-07-17,18434,18951,18055,18751,40522
2026-07-20,18949,19170,18442,18442,30500
2026-07-21,18895,19177,18854,19089,19859
2026-07-22,18466,18956,18400,18826,17420
2026-07-23,18431,18535,18200,18450,17966
2026-07-24,18546,18664,18234,18250,11320
2026-07-27,18994,19145,18471,18600,27760
2026-07-28,18871,19117,18674,18978,15593
2026-07-29,19697,19815,18882,18960,41310
2026-07-30,19202,19676,18951,19676,55859
2026-07-31,19043,19389,18808,19176,53991
2026-08-03,19675,19912,19005,19149,46146
2026-08-04,19273,19780,19155,19650,35321
2026-08-05,19956,20099,19431,19500,60067
2026-08-06,21543,22490,21000,21800,929534
2026-08-07,22855,23500,21601,21611,313887
2026-08-10,22216,23054,22123,22915,88424
2026-08-11,22955,23123,22281,22300,105018
2026-08-12,22510,23100,22419,22988,53189
2026-08-13,23207,23250,22527,22723,96590
2026-08-14,23320,23650,23030,23100,83744
2026-08-17,23661,23843,22971,23300,93972
2026-08-18,23370,23881,23264,23670,55362
2026-08-19,23290,23435,23002,23399,33339
2026-08-20,23568,23735,23154,23154,50063
2026-08-21,23301,23669,23180,23669,29207
2026-08-24,22905,23399,22834,23399,31931
2026-08-25,22948,23044,22637,22905,37631
2026-08-26,23545,23669,22978,23070,46754
2026-08-27,23496,23730,23350,23545,37696
2026-08-28,23205,23876,23100,23500,38996
2026-08-31,23010,23332,22824,23265,41464
2026-09-01,23025,23185,22710,23010,30307
2026-09-02,22960,23320,22880,23045,39701
2026-09-03,22890,23295,22810,23075,32650
2026-09-04,22660,23095,22550,23095,21110
