Date,Close,High,Low,Open,Volume
2011-06-17,14.1775,14.995,13.15,14.995,15852
2011-06-20,13.115,13.6,13.1025,13.6,504
2011-06-21,12.875,13.235,12.505,12.9,399
2011-06-22,12.2525,13.3975,11.6,11.6,9
2011-06-23,12.5,12.95,12.0025,12.0025,95
2011-06-24,12.8875,12.94,12,12,59
2011-06-27,13.56,14.0675,12.45,12.9,956
2011-06-28,13.7475,13.85,12.8,13.0025,223
2011-06-29,13.8725,13.945,13.55,13.9275,78
2011-06-30,14.9875,15.1,12.85,14.44,111829
2011-07-01,14.5425,14.9975,14.1375,14.9875,220
2011-07-04,14.625,14.7475,14.55,14.55,260
2011-07-05,13.86,14.6,13.7875,14.4,22
2011-07-06,14.15,14.9975,14.0475,14.9975,73
2011-07-07,14.8525,15,13.75,14.9,602
2011-07-08,14.3875,14.9975,14.05,14.05,25313
2011-07-11,13.8,14.2475,13.72,14.055,211
2011-07-12,13.75,13.95,13.3,13.3,281
2011-07-13,14.7925,15,13.75,13.75,29806
2011-07-14,15,15,14.775,14.8,1004
2011-07-15,14.9975,15,14.5025,14.5025,31740
2011-07-18,15.685,15.75,15.2,15.5,3915
2011-07-19,16.3,16.4925,15.75,16.2,2948
2011-07-20,16.05,16.52,15.875,16.52,1777
2011-07-21,15.3325,15.8725,15.11,15.8025,25807
2011-07-22,15.0125,15.445,14.85,15.045,705
2011-07-25,15,15.05,14.85,15.05,576
2011-07-26,14.495,15.055,14.25,15.055,28537
2011-07-27,15,15.04,14.6,14.975,22870
2011-07-28,15,15.025,14.75,15.025,1484
2011-07-29,15,15,15,15,1496
2011-08-01,14.85,15.4,14.8,15.05,1192
2011-08-02,14.9125,15.2,14.8,14.8,755
2011-08-03,15.0025,15.5,14.775,15.5,3740
2011-08-04,15.84,16,14.35,14.5,1021
2011-08-05,15.2475,15.5,14.75,15.5,3590
2011-08-08,14.27,14.85,13.75,14.08,1560
2011-08-09,14.685,15.885,13.5,13.79,1869
2011-08-10,14.88,15.095,14.4975,14.75,753
2011-08-11,14.75,15.5,14.35,14.35,256
2011-08-12,14.3,14.7775,14.3,14.6,343
2011-08-16,14.2875,17.12,13.7575,17.12,567
2011-08-17,13.81,14.25,13.75,14.25,602
2011-08-18,13.4975,13.7,13.2,13.2,574
2011-08-19,13.2,13.5,12.775,12.9,648
2011-08-22,14,14,12.6,12.6,219
2011-08-23,13.22,13.9,12.8125,12.8375,536
2011-08-24,13.92,14.1425,13.3875,13.3875,1771
2011-08-25,13.975,15.3275,13.755,15.05,336
2011-08-26,14.2825,15,13.805,13.805,627
2011-08-29,14.475,16,13.9025,16,3044
2011-08-30,15.9975,16.25,15.005,15.005,17105
2011-09-02,15.75,16.2975,15.1,15.15,194
2011-09-05,16.085,16.75,15.8,15.8,1472
2011-09-06,17.33,17.5,16.2125,16.25,7815
2011-09-07,18.3175,19.235,17.55,17.7,2673
2011-09-08,17.6625,18.6975,17.5,18.495,1621
2011-09-09,17.6725,18.4975,17.185,18.45,848
2011-09-12,17.9,18.4325,17.055,18,479
2011-09-13,18.1775,18.75,17.7,18.15,3888
2011-09-14,18.3775,18.75,18.12,18.25,4707
2011-09-15,18.1575,18.4475,18.15,18.25,48
2011-09-16,18.265,18.75,18.0175,18.02,832
2011-09-19,20.3725,20.55,18.75,18.9,60021
2011-09-20,20.4975,21.145,20.2,20.55,4739
2011-09-21,20.79,20.975,20.25,20.5025,1747
2011-09-22,20.3825,20.8025,20.005,20.8025,6453
2011-09-23,19.9575,20.255,19.25,19.3275,1516
2011-09-26,19.7,19.9875,19.3,19.3,740
2011-09-27,20.865,20.95,19.9,19.9,1203
2011-09-28,21.1075,21.4,20.5,21,5065
2011-09-29,21.5925,21.65,21.2,21.5975,2133
2011-09-30,21.9975,22.245,21.2575,21.75,2080
2011-10-03,21.185,21.9925,20.78,20.78,2179
2011-10-04,22.16,22.4475,21.25,21.25,1617
2011-10-05,21.575,22.5,21.2,22.245,641
2011-10-07,21.405,21.95,21.27,21.27,276
2011-10-10,21.32,21.85,21.2,21.405,285
2011-10-11,21.76,21.8,21,21,1250
2011-10-12,21.325,21.735,21.2,21.2675,409
2011-10-13,21.7475,22.15,21.45,22.15,2307
2011-10-14,21.2825,21.6875,21.2575,21.5025,40
2011-10-17,22.345,22.95,21.005,21.03,7165
2011-10-18,22.5925,23,22.35,22.35,2402
2011-10-19,23.12,23.245,22.65,22.9,1155
2011-10-20,22.2475,23.65,21.62,23.395,2408
2011-10-21,22,22.49,21.95,22.1,2081
2011-10-24,21.74,22.335,21.65,22.335,138
2011-10-25,21.0525,21.995,20.655,21.75,703
2011-10-26,21.1875,21.4375,20.7025,21.05,546
2011-10-28,21.4125,21.75,21,21.1975,1694
2011-10-31,21.71,22.745,21.1975,21.6,1675
2011-11-01,21.48,22.5,21.3,22,1065
2011-11-02,21.7,21.75,21.35,21.35,26
2011-11-03,21.3075,22.25,21.2,21.2525,1301
2011-11-04,20.77,21.745,20.3675,21.745,854
2011-11-08,18.8175,19.25,18.25,18.25,9793
2011-11-09,17.7775,19.1025,17.5625,18.6975,3303
2011-11-11,17.395,18.1975,15.79,17.2525,15391
2011-11-14,16.3875,17.1,16.28,17,243
2011-11-15,15.08,16.5,14.75,15.85,52204
2011-11-16,15.01,15.4,14.75,15,828
2011-11-17,15.5975,16.2975,15.05,16.2975,117
2011-11-18,14.8275,16.4975,14.3,15.7,526
2011-11-21,14.185,15,13.8025,14.5525,696
2011-11-22,15.095,15.895,12.555,13.55,2886
2011-11-23,14.525,15,13.945,13.945,186
2011-11-24,15.11,15.1475,13.85,13.85,295
2011-11-25,15.0425,15.4,14.8,14.8,147
2011-11-29,14.8425,15.5,14.6,15.5,278
2011-11-30,15.05,15.4475,14.85,14.85,44
2011-12-01,15,15.75,14.6075,15.1,50
2011-12-02,15.25,15.25,15,15,11
2011-12-05,14.8,15.245,14.5,14.605,503
2011-12-07,15.0375,15.69,14.85,15.5,90
2011-12-08,14.6575,15.48,14.4,15.475,15
2011-12-09,14.3175,14.9975,14,14,162
2011-12-12,14.5,14.79,14.5,14.79,2
2011-12-13,14.625,14.625,13.75,13.85,347
2011-12-14,14.1,14.74,13.8,13.8,181
2011-12-15,13.585,14.2425,13.25,13.4325,364
2011-12-16,13.4225,13.6,13.4,13.6,593
2011-12-19,13.2425,13.25,12.425,12.905,908
2011-12-20,13.385,13.495,12.35,12.35,289
2011-12-21,13.2925,14.55,12.5,12.75,455
2011-12-22,13,13.6475,12.9125,13.6475,1014
2011-12-23,12.62,13.36,12.375,12.8325,1745
2011-12-26,13.185,13.2,12.6925,12.7,243
2011-12-27,12.9025,13.3725,12.8,13.3725,123
2011-12-28,12.24,12.75,12.05,12.75,231
2011-12-29,12.0625,12.3475,11.85,12.05,333
2011-12-30,12.06,13.6975,11.5025,13.6975,295
2012-01-02,11.77,12.0025,11.77,12,141
2012-01-03,11.875,12.05,11.8,12,90
2012-01-04,12.675,12.85,12.44,12.44,82
2012-01-05,12.75,13.145,12.75,13.145,123
2012-01-06,13.15,13.2,12.58,12.58,316
2012-01-09,12.6425,13.2425,12.6425,13.2425,34
2012-01-10,13.17,13.4475,13.005,13.3,150
2012-01-11,13.775,14.6,13.25,13.25,398
2012-01-12,14.7,14.75,13.85,13.85,1301
2012-01-13,14.5225,16.2375,14.01,16.2375,621
2012-01-16,14.5,14.6975,13.8,14.6975,87
2012-01-17,14.0175,14.25,13.375,14.25,268
2012-01-18,14.25,14.255,14.065,14.065,62
2012-01-19,14.165,14.6825,14.0025,14.6825,474
2012-01-20,14.0375,14.25,13.775,14.25,369
2012-01-23,14.055,14.745,13.9,14.25,7666
2012-01-24,13.745,16.2475,13.325,16.2475,2874
2012-01-25,13.7475,14.1925,13.585,13.75,1882
2012-01-27,14.1875,14.42,13.8325,14.42,3301
2012-01-30,13.7625,14.05,12.71,12.71,306
2012-01-31,14.5075,14.65,13.25,13.7625,3836
2012-02-01,17.255,17.4075,14.3025,14.5,5125
2012-02-02,16.995,18.75,16.5675,17.25,4189
2012-02-03,16.3,17.25,15.765,17.0025,3650
2012-02-06,16.0275,16.35,15.8025,16.35,1805
2012-02-07,15.7525,16.25,15.5,16.0025,2802
2012-02-08,15.9775,16.15,15.5525,16.15,537
2012-02-09,15.65,16,15.55,16,662
2012-02-10,15.8625,16.5,15.6,15.6,1690
2012-02-13,16.1125,16.15,15.2525,16,1285
2012-02-14,16.5025,17,16,16.2,51784
2012-02-15,18.08,19.38,16.5025,16.5025,56911
2012-02-16,17.4,18.53,17.4,18.05,350
2012-02-17,17.2275,17.75,17.0025,17.525,434
2012-02-21,16.6375,18,16.3,16.75,3924
2012-02-22,15.9725,16.75,15.8,16.75,465
2012-02-23,16.5175,17.2,15.6,15.8025,840
2012-02-24,16.25,16.75,15.75,15.75,828
2012-02-27,16.45,16.5,16,16.0025,383
2012-02-28,16.3175,19.62,15.45,19.62,1519
2012-02-29,16.0075,16.845,15.8325,15.8325,2647
2012-03-01,16.23,16.65,15.8,16,221
2012-03-02,16.1025,16.45,15.8525,15.8525,253
2012-03-05,15.3275,16.4925,15.0025,16.1,51423
2012-03-06,14.9575,15.7,14.5,15.7,1053
2012-03-07,14.405,15.25,14.0275,15.2,476
2012-03-09,15.005,15.45,14.425,15.45,244
2012-03-12,14.5225,15.475,14.1225,14.1225,739
2012-03-13,14.8175,15.25,14.75,15,171
2012-03-14,14.85,15.1925,14.85,14.925,787
2012-03-15,14.9925,15.25,14.75,14.85,26244
2012-03-16,14.9475,16.65,14.25,15.5,791
2012-03-19,15.1925,15.24,14.53,14.9975,409
2012-03-20,15.005,16.7,14.575,16.7,1055
2012-03-21,15.2475,15.75,15.15,15.5,1139
2012-03-22,15.25,15.255,14.81,15.25,1822
2012-03-23,15.4475,15.7,15.005,15.25,233
2012-03-26,15.2725,16.25,15.25,16.25,203
2012-03-27,14.7925,15.5,14.55,15.5,834
2012-03-28,14.9275,15.185,14.75,15.185,81
2012-03-29,15.0725,15.3975,14.81,15.3975,256
2012-03-30,15.0225,15.5,14.8,15.5,268
2012-04-02,15.7475,15.865,14.85,14.85,835
2012-04-03,16.3375,16.35,15.71,15.9,283
2012-04-04,15.97,16.2475,15.75,15.8,1107
2012-04-09,15.645,16.0975,15.5375,15.755,432
2012-04-10,15.9625,16.1,15.1575,15.1575,183
2012-04-11,16.8775,17.41,16.1,16.25,4516
2012-04-12,16.7675,17.2,16.75,17.2,480
2012-04-13,16.9325,17.24,16.54,16.755,615
2012-04-16,16.5325,17,16,16.75,675
2012-04-17,16.1025,16.75,16,16.5,602
2012-04-18,16.5825,16.95,16,16.25,150
2012-04-19,16.5975,16.95,16.1,16.95,321
2012-04-20,16.51,19.43,16.255,19.33,566
2012-04-23,16.24,16.985,16.05,16.5,422
2012-04-24,16.0475,16.515,15.9,16.515,356
2012-04-25,15.675,16.3,15.5575,15.6,3222
2012-04-26,15.495,16.235,15.2575,15.2575,178
2012-04-27,15.69,16.2975,15.125,15.125,50742
2012-04-30,15.71,18.5,15.6,18.5,1456
2012-05-02,16.9025,17.485,15.865,15.865,1439
2012-05-03,16.47,16.75,16.15,16.15,122
2012-05-04,15.65,16.1225,15.6125,15.7425,824
2012-05-07,16.4425,17,15.25,15.5,432
2012-05-08,16.015,16.025,16.005,16.025,50
2012-05-09,16.125,16.7475,16.0625,16.3025,302
2012-05-10,16.8875,17.25,16.135,16.75,646
2012-05-11,16.65,17,16,17,386
2012-05-14,18.4375,19.98,17.555,17.555,40856
2012-05-15,18.17,19.15,18,18.5,11883
2012-05-16,18.215,18.3825,17.835,18.3825,16480
2012-05-17,19.255,19.5,18.05,18.2,8464
2012-05-18,20.16,20.3,18.76,19,3652
2012-05-21,20.335,21.045,19.705,21.045,2232
2012-05-22,20.7225,20.8,20.3025,20.5,1027
2012-05-23,21.485,21.885,18.775,20.25,5611
2012-05-24,21.0525,22.85,21,21.7475,7994
2012-05-25,21.015,21.595,20.8,21.595,1446
2012-05-28,21.0525,21.4,20.55,21.175,4754
2012-05-29,22.4125,22.55,20.7075,20.7075,2494
2012-05-30,21.4825,22.5,21.25,22.5,2140
2012-05-31,21.4575,22.45,21,21.7,1281
2012-06-01,22.4875,22.71,21.1075,21.135,5847
2012-06-04,23.1575,23.33,21.6225,22.05,21873
2012-06-05,22.79,24.545,22.55,24.545,1532
2012-06-06,22.7675,23.1,22.6875,23.1,555
2012-06-07,22.6075,22.8,22.36,22.75,1249
2012-06-08,22.5,22.7475,22.105,22.4,967
2012-06-11,22.5,22.9975,22.5,22.5025,836
2012-06-12,23.19,23.545,22.4025,22.8875,721
2012-06-13,24.2325,24.25,23.25,24.235,3455
2012-06-14,24.39,24.545,23.85,24.4975,526
2012-06-15,24.92,25.4,24.225,24.35,573
2012-06-18,23.8375,25.85,23.2775,24.4,1863
2012-06-19,23.6575,24.325,23.5,23.7775,4652
2012-06-20,23.1875,23.9475,22.915,23.75,3709
2012-06-21,23.005,23.45,22.6075,23.25,4187
2012-06-22,24.22,24.9,22.56,23.45,1888
2012-06-25,25.83,26.245,23.7275,25.81,2913
2012-06-26,25.8025,26,25.2,25.95,913
2012-06-27,26.0025,26.4,25.95,25.95,1112
2012-06-28,25.285,26.1625,25.0825,25.7525,925
2012-06-29,25.535,25.985,25.1125,25.985,251
2012-07-02,25.465,25.5,25.025,25.5,1848
2012-07-03,26.0025,26.5,25.5825,26.1375,2422
2012-07-04,26.6,27.2475,25.9925,26.25,18753
2012-07-05,26.7225,27.7,26.1,26.1175,809
2012-07-06,26.4,27.25,26.315,26.7525,3229
2012-07-09,26.75,26.9,26.35,26.5025,666
2012-07-10,26.9325,28.8,26.75,28.8,1507
2012-07-11,27.0075,27.2375,26.8025,27.1925,432
2012-07-12,26.7425,27.0525,26.7,27.0525,560
2012-07-13,26.8,27,26.6,26.75,33925
2012-07-16,26.5125,27.24,26.23,26.785,519
2012-07-17,25.9275,26.99,25.865,26.5,130
2012-07-18,26.8875,27.2,25.75,25.865,665
2012-07-19,26.35,27,26.1,27,92
2012-07-20,26.68,26.7,25.9,26.25,242
2012-07-23,26.25,26.7,26.25,26.7,230
2012-07-24,26.175,26.69,25.575,25.575,194
2012-07-25,26.47,26.5,25.6,26.5,131
2012-07-26,25.75,26.25,25.75,26.25,63
2012-07-27,25.555,26,25.4975,26,81
2012-07-30,26.3375,26.425,25.75,25.75,762
2012-07-31,27.1325,27.25,25.7675,26.36,290
2012-08-01,27.34,27.5025,27.0525,27.5,230
2012-08-02,27.1825,28,26.8075,27.7475,392
2012-08-03,26.95,27.15,26.4,26.4,620
2012-08-06,26.59,27.99,25.86,27.25,842
2012-08-07,24.9775,26.8,24.55,26.3,714
2012-08-08,27.2875,28.2425,21.34,21.34,2877
2012-08-09,27.51,28.1975,26.5075,27,1006
2012-08-10,27.9325,28,27,27,536
2012-08-13,28.335,28.75,27.65,28.4475,808
2012-08-14,29.52,29.9,28.75,28.95,1669
2012-08-16,30.1375,31.65,29.9,30.05,7417
2012-08-17,30.425,31.4,28.605,31.4,2234
2012-08-21,29.345,30.1,28.65,30.1,4872
2012-08-22,29.0225,29.4975,28.8,29.0025,574
2012-08-23,29.05,29.75,28.825,29.75,894
2012-08-24,30.49,30.5,28.85,29,6390
2012-08-27,29.4925,33.25,29.2275,33.25,6488
2012-08-28,27.935,30.75,27.6,30.7475,3558
2012-08-29,29.1475,29.4975,28,28,1950
2012-08-30,29.7025,29.995,28.9,29,326
2012-08-31,31.6075,32.125,30,30,7931
2012-09-03,31.835,34.95,31.25,33.25,5241
2012-09-04,31.955,32.65,31.75,32.65,625
2012-09-05,31.49,32.375,31.01,32.35,1149
2012-09-06,32.155,32.4975,30.85,31.5375,1349
2012-09-07,32.5025,34.345,32,32,8528
2012-09-10,33.385,36,33.2025,34,6272
2012-09-11,34.2875,34.5,33.2,33.7975,6339
2012-09-12,35.9875,40.74,33.88,34.75,275736
2012-09-13,36.72,37.5,35.605,36.7,76897
2012-09-14,35.765,37.25,35.2625,37.1,23109
2012-09-17,35.6825,36.4925,35.5,36.3925,5811
2012-09-18,35.265,35.8975,34.335,35.8975,6523
2012-09-20,34.4875,35.5,34.325,35.3975,5765
2012-09-21,36.23,38,34.65,35.75,9986
2012-09-24,35.8725,36.85,35,35,3840
2012-09-25,35.68,36.0025,35.3275,35.9475,2175
2012-09-26,35.9275,36.3725,35.3,35.755,3428
2012-09-27,35.995,36.25,35.55,35.75,2033
2012-09-28,36.3125,36.75,35.8125,36.4825,2711
2012-10-01,36.0525,36.995,35.6025,36.6975,1961
2012-10-03,36.38,36.5,35.955,35.9575,1282
2012-10-04,36.3475,36.65,36.15,36.285,1453
2012-10-05,35.9575,36.9,35.7025,36.9,1045
2012-10-08,36.1925,36.55,35.7825,36.3,1529
2012-10-09,35.78,36.25,35.2625,35.75,1819
2012-10-10,35.5325,36.15,35.375,36,1265
2012-10-11,36.91,38.4975,35.4,35.7,21573
2012-10-12,36.5925,37.75,36.3625,36.505,6856
2012-10-15,36.605,36.995,35.6275,35.6275,1373
2012-10-16,36.6875,36.9475,36.25,36.25,1482
2012-10-17,36.5575,37.5,36.35,36.875,4201
2012-10-18,36.3675,36.99,36.25,36.9,714
2012-10-19,36.03,36.75,35.8025,36.4,759
2012-10-22,36.15,36.9975,35.65,35.65,885
2012-10-23,36.7,36.9,36.25,36.695,1193
2012-10-25,36.805,37.4975,36.15,37,758
2012-10-26,36.5625,37.3875,36.45,36.5025,3503
2012-10-29,39.19,39.9975,36.5,36.5,16181
2012-10-30,40.9675,41.2475,38.5275,39.995,25254
2012-10-31,40.91,42,39.25,41.25,11645
2012-11-01,42.2825,44.385,40.8,41.055,37023
2012-11-02,43.7975,44.05,42.25,42.87,11676
2012-11-05,44.61,45.5975,43.7975,44.25,21860
2012-11-06,40.2425,45.15,38.83,45.15,72187
2012-11-07,40.8575,41.9,40.7,40.74,9352
2012-11-08,38.045,40.95,37.25,40.7,11978
2012-11-09,37.235,38.2475,36.315,38.2475,10094
2012-11-12,38.3825,38.8,37,37.4975,4224
2012-11-13,40.0925,40.725,38.0025,38.75,4172
2012-11-15,41.49,41.75,40.1,40.245,7769
2012-11-16,41.255,41.65,41.0525,41.0525,5733
2012-11-19,41.065,41.95,41,41.255,5450
2012-11-20,40.595,41.75,40.5,41.7475,2721
2012-11-21,39.7225,40.6975,39.5,40.6975,1837
2012-11-22,39.82,40.6,39.5,40.245,502
2012-11-23,39.905,41.395,38.75,39.995,6100
2012-11-26,40.0175,40.9,39.815,40.145,2516
2012-11-27,40.675,41.4525,39.8,40.5175,7431
2012-11-29,40.0825,41.4975,39.8025,41.4975,1867
2012-11-30,40.5575,41.31,39.4,40.495,4535
2012-12-03,39.31,41.5,39.155,41.5,6693
2012-12-04,38.9,40.195,38.75,39.945,2487
2012-12-05,39.3375,39.685,38.5425,39.495,974
2012-12-06,39.9575,40.5,39.55,39.5525,2858
2012-12-07,39.7625,40.37,39.605,40.2,1014
2012-12-10,38.9075,40.2475,38.755,40.2125,2821
2012-12-11,38.9075,39.4,38.75,39.365,1022
2012-12-12,38.7025,39.75,38.63,38.9075,624
2012-12-13,38.515,38.8975,38.5,38.75,1136
2012-12-14,38.0975,39,37.5,38.9925,2287
2012-12-17,38.875,40.3,36.6625,37.6125,12813
2012-12-18,38.8425,39.9475,38.5,39.9475,777
2012-12-19,38.555,39.245,38.145,39.245,2515
2012-12-20,38.475,38.7,38.2525,38.3775,416
2012-12-21,37.7675,38.5,37.6,38.5,598
2012-12-24,37.645,38.45,37.2,38.45,1231
2012-12-26,38.3075,38.85,37.4625,37.4625,748
2012-12-27,38.3,38.7,38.0525,38.31,887
2012-12-28,39.59,41.0375,38.25,38.745,2048
2012-12-31,40.1625,40.75,39,39.59,5160
2013-01-01,40.1975,40.8975,39.7975,40.8975,2784
2013-01-02,40.4075,40.855,39.8975,40.8475,3669
2013-01-03,40.3725,40.765,40.1025,40.7625,1519
2013-01-04,40.405,40.75,40,40.4,1283
2013-01-07,42.4275,43.985,40.6,40.95,9849
2013-01-08,42.5275,43.495,42.05,42.4275,1955
2013-01-09,42.38,43.1975,41.51,42.5,901
2013-01-10,42.3525,43.4925,42.0025,42.5,1007
2013-01-11,42.51,42.95,42.4975,42.95,2992
2013-01-14,43.48,43.735,42.51,42.995,2016
2013-01-15,44.955,45.9,43,43.5,4867
2013-01-16,43.8125,45.5,43.15,45,3139
2013-01-17,43.48,44,43.1525,43.8125,443
2013-01-18,43.87,44.4975,43.0575,43.0575,731
2013-01-21,43.5375,44.5975,43.4,44.5975,1122
2013-01-22,43.145,43.75,42.7525,43.455,2597
2013-01-23,43.2975,43.995,42.0325,42.0325,930
2013-01-24,41.0725,45,40.75,42.85,1269
2013-01-25,40.6425,40.9575,39,40.65,871
2013-01-28,40.9125,44.25,40.6,44.25,413
2013-01-29,40.9175,41.7475,40.1525,41,1151
2013-01-30,40.445,40.8925,40.0025,40.5,280
2013-01-31,41.1,41.45,40.1025,40.25,443
2013-02-01,40.9,41.7475,39.625,41.5,1839
2013-02-04,37.805,41.24,37.5,40.9,5444
2013-02-05,36.7825,38.5,36.55,37.615,2804
2013-02-06,37.4325,38,36.75,37.9475,3896
2013-02-07,36.4725,37.55,36.3,37.0025,2096
2013-02-08,36.155,36.945,36,36.845,1131
2013-02-11,36.46,36.75,35.5125,35.7925,433
2013-02-12,35.315,36.895,34.2525,36.745,2104
2013-02-13,34.1225,36.2425,33.75,35.7525,2218
2013-02-14,32.5925,34.25,32.55,34.25,2372
2013-02-15,34.185,34.3475,32.25,32.995,1362
2013-02-18,33.8475,34.4975,33.5,33.5,356
2013-02-19,33.9225,34.495,33.75,34.005,361
2013-02-20,33.915,37.6025,33.25,33.8275,22440
2013-02-21,33.0775,34.64,32.8475,33.915,3155
2013-02-22,33.1425,34.6,31.75,33.2,29616
2013-02-25,30.415,32.95,29.49,32.95,5501
2013-02-26,31.115,31.5,29.5,30.415,6590
2013-02-27,31.3225,31.7,30.9,31.1,5298
2013-02-28,32.5475,32.995,31.125,31.745,3751
2013-03-01,31.7575,32.995,31,31.5925,779
2013-03-04,30.3925,31.7575,29.95,31.7575,1034
2013-03-05,30.8225,31,30.505,30.6475,375
2013-03-06,31.6175,32.2725,30.4975,30.5025,1022
2013-03-07,32.255,32.405,31.5175,32.2475,935
2013-03-08,33.6775,34.225,32,32.7475,1368
2013-03-11,32.4675,33.95,31.37,33.5,1870
2013-03-12,33.1775,35,31.75,32.47,10989
2013-03-13,33.1625,33.9975,33,33.9975,794
2013-03-14,32.5675,33.55,31.2625,33.1625,5131
2013-03-15,31.7475,33.1,31.605,32.6375,1531
2013-03-18,32.5175,32.65,31.6675,32.25,661
2013-03-19,31.57,32.45,31.35,32.45,597
2013-03-20,30.6475,32.1975,30.5,31.57,1519
2013-03-21,28.8325,31.45,28.5,31.2475,1555
2013-03-22,27.84,29,26.7075,29,24572
2013-03-25,29.055,30.45,28,28.495,1800
2013-03-26,29.3,29.75,25,28.25,3750
2013-03-28,29.4325,30.22,28.3,29.4,1451
2013-04-01,28.965,31.2,28.75,29,1407
2013-04-02,28.04,30.75,27.3025,30.75,1767
2013-04-03,27.48,28.8475,27.3,27.8525,2894
2013-04-04,27.665,27.8,26.485,27.05,1001
2013-04-05,26.8025,28.3975,26.4025,28.3975,661
2013-04-08,27.66,28.2,24.575,26,3483
2013-04-09,26.7875,27.75,26.5,26.9175,1787
2013-04-10,26.75,26.995,26.25,26.75,1259
2013-04-11,27.3875,28.6475,26.4,26.4,4517
2013-04-12,27.71,28,23.5,26.6,1611
2013-04-15,27.7525,27.9,27,27,574
2013-04-16,28.2925,28.87,27.1525,27.1525,759
2013-04-17,28.37,29.0025,27.5,27.5,493
2013-04-18,28.205,28.75,27.55,27.825,2021
2013-04-22,28.2675,29.205,27.75,28.225,2428
2013-04-23,28.25,28.6875,27.935,28.685,398
2013-04-25,28.48,28.6875,28.26,28.4975,748
2013-04-26,28.6175,29.25,28.3525,28.685,1623
2013-04-29,29.935,30.2,28.5,28.6025,1075
2013-04-30,29.6325,30.35,29.1,30,886
2013-05-02,30.445,31.2,29.7575,30.275,439
2013-05-03,29.495,30.6,29.355,30.005,1868
2013-05-06,29.6625,30,28.155,28.155,714
2013-05-07,29.445,30,29.0025,29.9975,2101
2013-05-08,29.15,29.6975,28.66,29.4,247
2013-05-09,28.26,29.5975,28.1,29.255,1666
2013-05-10,29.2775,29.65,28.35,28.74,4676
2013-05-13,30.455,31.5025,28.45,28.45,7918
2013-05-14,30.5,30.875,29.755,30.875,482
2013-05-15,30.49,31.6025,30.3125,30.75,839
2013-05-16,31.0525,31.4,30.1075,30.75,1939
2013-05-17,31.1625,31.39,30.825,31.39,675
2013-05-20,30.7825,31.375,30.75,30.9025,606
2013-05-21,30.3575,30.93,29.91,30.525,362
2013-05-22,31.205,31.37,30.005,30.6975,1484
2013-05-23,31.8725,32,30.75,31.4925,2629
2013-05-24,31.45,31.95,31.25,31.5,674
2013-05-27,32.0975,32.235,31.89,31.95,2176
2013-05-28,32.2775,32.725,32,32.2475,1058
2013-05-29,32.3375,32.945,31.3,31.3,642
2013-05-30,32.5125,33.4975,31.8025,32.5,541
2013-05-31,32.5,33.25,32.25,33,754
2013-06-03,32.9175,33.4,32,32,1110
2013-06-04,33.78,35.6,33.0825,33.3975,5613
2013-06-05,33.855,34.6475,33.45,33.45,406
2013-06-06,34.52,34.8,33.12,33.7525,610
2013-06-07,34.2425,34.845,33.7575,34.5,595
2013-06-10,34.0575,35,33.53,34.5025,1094
2013-06-11,32.79,34.3475,32.55,32.55,1055
2013-06-12,33.475,33.9975,32.05,32.55,296
2013-06-13,33.25,33.6975,32.6625,32.665,559
2013-06-14,34.7575,35.75,32.7525,32.7525,3067
2013-06-17,35.88,36.0025,35,35.25,1777
2013-06-18,36.255,36.45,35.25,35.25,334
2013-06-19,36.575,37,35.8525,36.25,563
2013-06-20,37.0925,37.5,35,35.0025,1039
2013-06-21,37.715,38.745,36.0275,36.0275,1258
2013-06-24,37.5325,38.25,36.6,37.9975,4498
2013-06-25,38.26,38.49,37.5,37.505,2778
2013-06-26,39.3025,40.0025,38.25,38.25,2341
2013-06-27,39.87,40.4925,39.075,40,2416
2013-06-28,40.01,40.5,39.6275,39.6275,551
2013-07-01,39.8125,40.43,39.5575,40.43,1685
2013-07-02,40.16,40.6,39.0025,39.0025,1013
2013-07-03,40.2275,40.5,40,40.25,1146
2013-07-04,39.65,40.25,39.6075,39.6075,4577
2013-07-05,38.6225,40.19,38.25,38.45,4813
2013-07-08,37.7025,38.625,37.5,38.5,1623
2013-07-09,36.9875,38.45,36.435,37.5,1117
2013-07-10,36.9875,38,36.8,37.245,437
2013-07-11,36.935,38,36.075,36.8025,157
2013-07-12,37.07,39,37,37.7475,1349
2013-07-15,37.9325,38,37.35,37.4975,224
2013-07-16,36.84,37.89,36.575,37.8875,1244
2013-07-17,36.57,37.5,36.55,36.7525,599
2013-07-18,36.5925,37.4,36.5,36.55,407
2013-07-19,36.035,38.9975,35.55,38.9975,230
2013-07-22,36.1375,40.5,35.75,36.0375,639
2013-07-23,35.43,36.705,35.385,36.5,1472
2013-07-24,35.7275,40,35.1,35.325,1869
2013-07-25,34.485,35.165,33.2775,35.165,1528
2013-07-26,35.0325,35.5,33.6,33.6,451
2013-07-29,39.48,41.25,33.055,33.055,5792
2013-07-30,38.8025,39.5,37.75,39.5,1652
2013-07-31,39.4725,40,38.1525,38.1525,1849
2013-08-01,37.8075,39.705,37,39.6975,837
2013-08-02,37.385,38.7425,36.65,37.5,266
2013-08-05,36.4025,37.55,35.75,37.55,1380
2013-08-06,36.5875,36.8975,35.55,35.55,547
2013-08-07,36.26,36.64,35.085,35.1,1321
2013-08-08,36.27,37.035,36.05,36.9975,2824
2013-08-12,36.0325,37,35.555,36.285,3465
2013-08-13,37.265,38.47,35.6225,36.1975,1241
2013-08-14,38.5825,38.75,36.805,37.1,2213
2013-08-16,37.575,39.1,37.505,39.0975,1893
2013-08-19,36.6,37.5,36.3,36.555,338
2013-08-20,37.5225,37.995,36.475,36.5025,2478
2013-08-21,37.355,39.7925,33.25,33.25,1161
2013-08-22,37.18,37.9475,36.375,36.375,537
2013-08-23,37.205,38.195,36.81,38.195,598
2013-08-26,36.77,37.99,36.65,36.8025,388
2013-08-27,36.505,37.995,36.05,36.05,231
2013-08-28,35.6625,36.45,35.1,36.45,449
2013-08-29,36.05,37,35.9975,35.9975,118
2013-08-30,35.5925,36.05,34.5,35.555,61
2013-09-02,36.2,36.75,35.35,36.2475,104
2013-09-03,36.015,36.2,35.55,36.2,104
2013-09-04,36.6825,36.9425,34.4,34.4,87
2013-09-05,36.1525,36.25,36.0675,36.0675,109
2013-09-06,36.01,36.2,35.75,36,190
2013-09-10,35.72,37.2475,35.12,36.6,229
2013-09-11,36.25,36.6475,36,36.3475,173
2013-09-12,35.405,36.0025,35.2525,36,479
2013-09-13,35.41,36,35.405,36,96
2013-09-16,35.4025,36.4,35.255,35.275,359
2013-09-17,36.6725,37.15,36.05,36.35,204
2013-09-18,36.9,36.9,36.5,36.5,24
2013-09-19,37.25,37.3,36.55,36.9,193
2013-09-20,37.5,37.5,37,37.0025,250
2013-09-23,41.6225,42.4425,36.8,37.755,11789
2013-09-24,40.845,41.4,40.3,41,2437
2013-09-25,41.45,42.5,40.0625,41.5,1277
2013-09-26,41.9275,44.95,41.1,42.1975,7280
2013-09-27,42.3125,42.94,41.755,42.5,869
2013-09-30,42.6075,44.01,42.25,42.945,1922
2013-10-01,42.1875,43.3975,42,42.6075,389
2013-10-03,41.5875,42.5,41,41.575,581
2013-10-04,41.27,41.6975,40.6,40.6,250
2013-10-07,41.67,42.4475,41.075,42.4475,492
2013-10-08,41.92,42.2475,41.45,42.2475,174
2013-10-09,42.95,43.05,40.4,40.4,986
2013-10-10,42.5075,43.4,42.3,43,15771
2013-10-11,42.3025,42.5,42,42.5,433
2013-10-14,42,42.7925,41.75,42,373
2013-10-15,41.6325,42.1,40.25,40.25,574
2013-10-17,41.1375,41.5,40.105,40.105,375
2013-10-18,42.22,42.5,41.1025,41.5,2443
2013-10-21,41.8675,42.4475,41.475,42.2475,515
2013-10-22,41.6675,42.9,41.265,42.4,2841
2013-10-23,45.5025,46.215,41.4975,41.5,86478
2013-10-24,44.275,45.55,44.05,45.55,2776
2013-10-25,45.225,46.1975,44.25,45.735,2403
2013-10-28,43.3775,46,42.55,45.995,2107
2013-10-29,42.8675,43.5525,40.7525,43.5525,28049
2013-10-30,42.7,44.49,42.65,44.49,1308
2013-10-31,42.985,43.75,42.5375,43.75,1064
2013-11-01,42.7275,43.7,42.15,42.75,515
2013-11-05,43.3475,43.86,42.45,42.5525,210
2013-11-06,42.565,44,42.505,43.9,688
2013-11-07,42.02,42.6275,42.0025,42.6275,1564
2013-11-08,41.5425,42.05,41.505,41.6,1032
2013-11-11,40.98,42.995,40.75,42.75,365
2013-11-12,42.015,42.5,41.025,41.025,1384
2013-11-13,41.9475,42.85,41.6,41.6,2425
2013-11-14,42.015,43.2975,41.835,42.5,1192
2013-11-18,41.995,44.25,41.805,44.25,3087
2013-11-19,42.1925,42.5,40.675,40.675,3433
2013-11-20,41.9325,42.95,41.7025,42.3,2867
2013-11-21,41.6625,42.985,41.45,42,9416
2013-11-22,45.1,45.975,41.8,42.5,25240
2013-11-25,51.075,53.4375,45.6125,46.475,150706
2013-11-26,47.2375,51.2375,46.3,51.2375,54034
2013-11-27,44.7375,47.1875,43.85,47.1875,46216
2013-11-28,43.125,45.25,42.75,44.6125,29137
2013-11-29,44.0875,45.25,43.4375,43.4375,19665
2013-12-02,43.2375,45,42.775,44.1125,17366
2013-12-03,43.0625,43.75,42.2625,43.2375,17993
2013-12-04,44.4625,45.2,42.5125,43.25,11320
2013-12-05,44.75,45.25,44.25,44.7625,7486
2013-12-06,44.425,44.75,44.25,44.75,3150
2013-12-09,45.4125,45.875,43.1875,45.875,15210
2013-12-10,45.3125,46.15,44.5,44.5125,9894
2013-12-11,45.875,46.4375,44.625,46.4375,8387
2013-12-12,45.4875,46.425,44.875,45.05,3528
2013-12-13,45.5,46.1375,44.475,44.475,7349
2013-12-16,45.7125,46.3625,45.5,45.5,5531
2013-12-17,46.5375,47.875,46.25,46.25,15367
2013-12-18,46.475,48.025,46.3,48.025,7219
2013-12-19,50.8375,52.6,46.95,47.25,165983
2013-12-20,49.9,50.8375,49.125,50.4875,17415
2013-12-23,49.525,51.1875,48.9875,49.9,12817
2013-12-24,49.7625,50.5875,48.5,50.5875,20942
2013-12-26,51.9625,53,50,50.9125,52621
2013-12-27,52.6,53.5,52.125,52.375,28049
2013-12-30,51.7875,52.9875,51.4,52.6,12052
2013-12-31,57.1875,59.4625,51.5625,51.8125,150680
2014-01-01,56.375,58.2875,54.65,57.275,43252
2014-01-02,59.925,63.975,56.4875,58.5,202579
2014-01-03,61.25,62.9875,59.525,59.525,39414
2014-01-06,59.625,62.25,58.75,62.25,20084
2014-01-07,60.0375,62.75,59.3,60.5,31689
2014-01-08,60.575,62,60,61.25,16048
2014-01-09,57.8875,61.825,57.5,61.825,14756
2014-01-10,56.05,58.975,55.55,56.3625,18308
2014-01-13,57.2375,57.75,55.0375,56.05,9152
2014-01-14,59.525,60,56.75,56.75,13631
2014-01-15,60.225,61.125,58.0875,59.7625,11187
2014-01-16,60.3,61.7,58.875,60.225,15333
2014-01-17,59.5875,61.25,58.8875,60.25,9069
2014-01-20,60.0625,60.5125,59.275,59.975,5728
2014-01-21,59.5375,60.5,59.0125,60,5204
2014-01-22,60.875,61.9875,59.0375,61.25,6160
2014-01-23,60,62.3625,59.525,62.3625,5239
2014-01-24,60.425,60.875,59.5625,60.2125,6844
2014-01-27,59.4625,61.225,58.7125,61.225,8609
2014-01-28,59.9,60.975,59.25,59.75,8830
2014-01-29,57.625,60.25,56.9,60.225,5813
2014-01-30,58.575,59.775,55.75,56.2625,10398
2014-01-31,57.7,60,57.2375,58.75,4268
2014-02-03,58.65,59.1,57.25,58.725,4002
2014-02-04,58.45,59.225,57.5125,57.675,4210
2014-02-05,65.75,69.4125,58.5,58.725,244271
2014-02-06,66.2875,68.5,64.8625,67.075,86662
2014-02-07,66.25,67.3625,65.875,67.125,11038
2014-02-10,66.7875,68.75,65.3125,66.5,62958
2014-02-11,66.5625,67.85,65.875,67.75,17833
2014-02-12,66.1625,68.15,65.775,68.15,4593
2014-02-13,66.225,66.875,65.0625,65.3125,12182
2014-02-14,66.2625,68.1,65.75,68.1,7330
2014-02-17,66.425,67,64.9,65.6,7845
2014-02-18,65.05,67.5375,63.675,67.5,16864
2014-02-19,64,65.075,63.275,65.075,2436
2014-02-20,63.225,65.25,62.0125,63.9875,4401
2014-02-21,63.25,64.675,60,60.0125,4576
2014-02-24,62.2375,64.975,61.3875,62.65,13118
2014-02-25,62.7625,63.375,61.8375,62.7875,5792
2014-02-26,63.7,64.75,62.05,63.75,18938
2014-02-28,63.4,64.9875,62.75,63.7125,6008
2014-03-03,64.3875,64.85,62,63.7375,11273
2014-03-04,65.375,66.375,64.4625,65.25,15920
2014-03-05,65.025,66.575,64.25,64.25,11870
2014-03-06,66.7125,69.25,65.025,65.525,14591
2014-03-07,65.8375,68.925,65.0125,68.925,16735
2014-03-10,65,66.975,64.4875,65.825,6715
2014-03-11,65.275,69.25,64.75,65,5774
2014-03-12,66.6625,68.75,65.75,65.875,15877
2014-03-13,67.5125,68.5,66.8875,67.5,7982
2014-03-14,67.7,68.75,66.5625,68.7375,10761
2014-03-18,74.625,77.75,66.3,67.7,118183
2014-03-19,71.625,76.125,70.75,75,23918
2014-03-20,71.5625,74.75,70,71.25,14868
2014-03-21,70.3875,74.75,69.5,74.5875,24478
2014-03-24,71.8,73.8625,70.375,71.1125,21254
2014-03-25,72.6875,73.7375,71.5875,71.8,6511
2014-03-26,73.675,74.4875,72.5,72.5,13222
2014-03-27,73.7875,74.75,72.4,74.4375,13062
2014-03-28,73.4375,74.25,73.25,73.8125,5537
2014-03-31,73.575,74.7375,72.175,73.25,4095
2014-04-01,74.8,76,74.2375,74.5,18325
2014-04-02,74.975,75.3375,73.7375,75,9045
2014-04-03,73.625,76.0875,72.75,73.975,5883
2014-04-04,72.6125,74.4875,72.5,73.025,6815
2014-04-07,74.4875,75,73.0375,73.975,3346
2014-04-09,72.8875,74.9375,72.5,74.9375,11259
2014-04-10,72.1125,73.6375,71.75,72.5,6508
2014-04-11,72,74.2,71.3,72,4557
2014-04-15,73.9875,74.75,72.075,73.95,14690
2014-04-16,75.1625,75.75,72.525,73,19219
2014-04-17,74.55,76.9625,73.75,75.775,21057
2014-04-21,76.6875,79.1625,75,75,22806
2014-04-22,75.4125,77.65,75,77.5,9121
2014-04-23,74.7375,77.5,74.025,77.4875,12309
2014-04-25,75.8875,77.0125,74.0625,74.7375,22190
2014-04-28,75.5875,77.25,75,77.25,6321
2014-04-29,75.4875,76.25,75.3375,76.2375,4529
2014-04-30,75.8375,76.6875,74.725,74.725,19595
2014-05-02,76.2875,76.7375,73.2875,75.25,8561
2014-05-05,76.4,78.25,75.8875,78.25,3679
2014-05-06,84.9375,87.7375,75.25,76.25,42198
2014-05-07,83.775,87.7875,83.2375,86,48226
2014-05-08,84.9,86.5,84.0625,84.25,16806
2014-05-09,85.1125,86.075,84.4625,85.8875,11699
2014-05-12,90.625,91.6,85.575,88.5,71395
2014-05-13,90.45,91.5,89.725,91.4875,15892
2014-05-14,90.2125,91.25,88.75,90.075,12686
2014-05-15,91.8125,95.9625,90.25,90.325,19636
2014-05-16,88.925,93.5,86.25,92.5,12840
2014-05-19,89.9875,91.8375,89.0125,90,10963
2014-05-20,90,92,89.775,90.6875,9963
2014-05-21,89.3,92.5,88.25,92.5,10061
2014-05-22,91.3,92,89.975,89.975,15655
2014-05-23,90.0375,92.4875,89.5,92.0625,4981
2014-05-26,89.85,95,89.5875,95,10311
2014-05-27,90.3375,91.4875,89.025,90.825,2027
2014-05-28,90.55,91.25,89.5625,91.25,9319
2014-05-29,92.4875,93.125,89,89.65,44844
2014-05-30,92.4625,93.75,91.0125,92.5,7872
2014-06-02,93.25,94.475,91.375,91.3875,10394
2014-06-03,94.625,95.75,92.8125,93.3125,7602
2014-06-04,100.238,102.325,94.275,98.75,27084
2014-06-05,99.9,104.225,98.925,100.238,50288
2014-06-06,99.8375,102.225,97.8125,102.225,10236
2014-06-09,97.65,101.725,97.125,98.775,22896
2014-06-10,97.825,99.7375,94.8,99.7375,6431
2014-06-11,97.35,98.6625,96.25,97.4625,5169
2014-06-12,96.4375,97.5125,95.8,96.45,1600
2014-06-13,96.5125,100,95.475,95.475,102931
2014-06-16,97.5125,98.625,96.25,98.625,7660
2014-06-17,97.5125,98.7375,95.75,97.75,3090
2014-06-18,97.2125,101.125,97,101.125,6645
2014-06-19,95.45,98,95,97.1125,6667
2014-06-20,95.4875,97,91.8125,93.325,9485
2014-06-23,94.0875,96.1,93.6375,95.4875,3871
2014-06-24,94.1625,95,92.875,92.875,4688
2014-06-25,93.8625,95.5,93.4125,95.4875,5075
2014-06-26,95.2625,96,93,93,4426
2014-06-27,95.1125,97.475,94.3,94.3,3737
2014-06-30,95.9375,97.25,94.8125,96.9875,4796
2014-07-01,95.4375,96.75,94.8625,96.25,2418
2014-07-02,98.9875,101.45,94.9875,95,34117
2014-07-03,96.4375,102,94.2375,101.213,32927
2014-07-04,100.15,103.088,96.4375,96.4375,85682
2014-07-07,97.9375,100.975,96.575,100.7,21074
2014-07-08,92.9375,98,91.525,97.5,11840
2014-07-09,93.525,95.5,92.5,92.5,12903
2014-07-10,97.775,102.225,91.6625,91.6625,51767
2014-07-11,98.0125,104.75,96.6375,99.25,69116
2014-07-14,96.825,98.7375,95.0875,98.7125,6452
2014-07-15,97.525,99.6,96.7625,96.7625,5326
2014-07-16,96.7625,99.7125,96.2,98.5875,7137
2014-07-17,99.675,101.625,95,96.75,18640
2014-07-18,97.9625,100.012,97.5,100,5581
2014-07-21,99.4,102.037,97.75,97.75,17242
2014-07-22,101.287,103.725,98.05,101.238,23521
2014-07-23,98.8875,101.037,98,100.688,5599
2014-07-24,98.25,100.938,97.7625,98.75,5765
2014-07-25,98.65,100.8,97.75,98.75,5120
2014-07-28,96.1625,98.1625,94.1,97.75,14894
2014-07-30,97.0125,97.2,95.2,95.2,2908
2014-07-31,96.775,98.0625,95.125,96.05,3736
2014-08-01,96.35,97.025,95.5,96.325,4626
2014-08-04,97.675,99,96.0125,98.95,4998
2014-08-05,99.4,102,96.5125,97.0125,10043
2014-08-06,99.45,101.725,98.25,98.25,5632
2014-08-07,98.8875,101.738,98.75,98.8,6065
2014-08-08,100.287,100.975,97.525,98.3625,38084
2014-08-11,97.4125,101.062,96.25,100.425,15516
2014-08-12,97.8375,99.3625,96.5125,97.4125,8152
2014-08-13,95.9625,98.75,95.375,96.725,5738
2014-08-14,97.55,98.55,95.2625,95.9625,6347
2014-08-18,97.9125,99.5,96.8125,99.5,5431
2014-08-19,99.1875,99.75,96.775,96.775,4862
2014-08-20,100.838,101.25,98.75,99.5,12076
2014-08-21,100.375,102.088,99.75,101.25,3332
2014-08-22,100.113,101.625,99.125,101,2575
2014-08-25,100.025,101.238,98.3125,98.3125,6771
2014-08-26,97.625,100.1,96.6625,99.575,7172
2014-08-27,109.463,111.125,96.65,96.65,138770
2014-08-28,108.812,112.3,107.5,110.713,41524
2014-09-01,106.787,109.95,105.6,108.85,7082
2014-09-02,106.037,108.2,105.525,105.637,5557
2014-09-03,108.775,115.25,105,106.137,108310
2014-09-04,108.088,112.975,106.775,108.75,13137
2014-09-05,109.725,112.25,108,109.213,15167
2014-09-08,110.338,112.25,108.1,109.75,13045
2014-09-09,110.9,113.475,110.037,111,10403
2014-09-10,117.475,122.5,110.5,110.512,69326
2014-09-11,116.275,119.5,115.375,118.225,13344
2014-09-12,116.637,118.75,116.25,116.275,6562
2014-09-15,117.325,120.213,114.012,116.637,13201
2014-09-16,119.287,123.725,117.787,119.975,43728
2014-09-17,120.475,123.45,111,120.25,74339
2014-09-18,120.6,122.75,119,122.75,15228
2014-09-19,120.363,122.5,119.375,122.338,6561
2014-09-22,127.162,129,121.3,124.988,48983
2014-09-23,122.725,131.225,121.387,128.725,35264
2014-09-24,123.812,126.25,121.262,124,7376
2014-09-25,120.312,126.225,118.75,126.225,10566
2014-09-26,116.887,122.35,112.562,121.25,20007
2014-09-29,119.2,124.213,116.425,118.75,9941
2014-09-30,119.45,122.5,118,118,4980
2014-10-01,128.925,135.475,118.775,119.525,236407
2014-10-07,124.213,137.225,123.25,129.9,58871
2014-10-08,124.7,128.75,122.5,125.55,17515
2014-10-09,125.338,128.738,123.838,123.838,16670
2014-10-10,122.9,125.975,121.775,124.25,12714
2014-10-13,124.363,129.988,123.113,124.012,35628
2014-10-14,123.838,126.7,122.425,126.175,11204
2014-10-16,122.713,125.988,121.525,125.988,15274
2014-10-17,124.8,125.75,120.05,122.713,26602
2014-10-20,123.5,127,123,124.8,6694
2014-10-21,124.988,126.25,122.3,122.3,6772
2014-10-22,124.137,125.863,123.75,124.875,2951
2014-10-23,124.512,126.25,124.075,124.075,2935
2014-10-27,125.2,125.5,123.062,124.713,4730
2014-10-28,125.15,126.25,123.95,125.2,6356
2014-10-29,125.825,127.125,123.75,124.75,8627
2014-10-30,125.887,127.162,125.275,127.162,2913
2014-10-31,128.325,135.475,127.062,127.062,47351
2014-11-03,130.425,134.5,128.75,132.5,23572
2014-11-05,130.038,132.988,124.662,132.988,69989
2014-11-07,129.587,132.5,128.738,131,15025
2014-11-10,129.113,130.775,128.75,129.587,10583
2014-11-11,129.175,130,126.6,130,12538
2014-11-12,130.55,131.95,129.35,129.35,32719
2014-11-13,132.788,133.75,130,130.75,39997
2014-11-14,132.238,134.75,131.475,132.788,8290
2014-11-17,131.413,132.5,130.5,132.238,4522
2014-11-18,130.275,132.025,128.925,131.975,5756
2014-11-19,128.387,131.5,127.863,131,11065
2014-11-20,129.087,131.975,128.2,129.225,7302
2014-11-21,129.212,133.75,128.238,128.238,11629
2014-11-24,130.25,131.238,128.262,129.212,5309
2014-11-25,122.75,134.625,118.5,129.25,48980
2014-11-26,121.738,125.075,121.25,123.25,9883
2014-11-27,123.262,127.287,122.012,125.238,16660
2014-11-28,123.475,125.75,122.05,122.05,8223
2014-12-01,122.25,124.575,120.25,124.162,4284
2014-12-02,122.925,124.75,120.5,122.25,52192
2014-12-03,127.062,128.875,123,125.5,17308
2014-12-04,128.475,130.325,125.775,126.25,9657
2014-12-05,131.8,134,128.012,128.012,17811
2014-12-08,128.6,134,128.125,134,5399
2014-12-09,125.537,132.25,125.3,128.6,3250
2014-12-10,129.212,129.95,123.75,124.012,6162
2014-12-11,129.325,131.262,124.075,129.5,14302
2014-12-12,128.788,131.812,127.5,131.238,7744
2014-12-15,129.538,130.75,126.787,128.8,4953
2014-12-16,128.087,129.975,125.25,129.975,6850
2014-12-17,128.613,131.225,126.25,131.225,4039
2014-12-18,134.575,142.475,129.5,129.5,73527
2014-12-19,136.387,144,134.475,134.575,77310
2014-12-22,133.988,137.475,132.75,136.5,9910
2014-12-23,130.6,137.387,130,132,8702
2014-12-24,131.3,133.25,127.825,131.462,11027
2014-12-26,129.413,133.75,128.512,132.25,8695
2014-12-29,132.413,133.238,129.5,130.238,8982
2014-12-30,135.337,138.725,131.512,132.5,18827
2014-12-31,140.512,141.25,134.012,134.5,13867
2015-01-01,144.3,146.5,139.512,140.113,14874
2015-01-02,149.938,151.5,144.5,145.25,11400
2015-01-05,166.975,170.85,149.012,151,118618
2015-01-06,164.038,170.75,158.275,165.75,101959
2015-01-07,172.012,174.225,161.312,164.038,111926
2015-01-08,182.325,187.45,173,173,111847
2015-01-09,184.688,187.113,182.325,183.75,34482
2015-01-12,179.375,185.5,177.512,185,9721
2015-01-13,175.05,181.238,174.05,181.238,10238
2015-01-14,172.6,175.125,170.312,175.125,6328
2015-01-15,168.425,175,167.512,175,7571
2015-01-16,170.288,174,164.25,166.562,10581
2015-01-19,172.675,174.975,171,171,5363
2015-01-20,173.062,177.5,172.062,173.238,7307
2015-01-21,172.637,175.962,171.25,173.75,5467
2015-01-22,171.875,176.238,171.212,173.25,4922
2015-01-23,171.562,177.25,170.5,172.5,3837
2015-01-27,173.212,181,171.562,172.25,4958
2015-01-28,171.062,174.962,170.5,173.762,6667
2015-01-29,165.812,173.5,164.637,171.738,10675
2015-01-30,164.95,171.462,163.012,166.5,18417
2015-02-02,167.725,177.5,162.5,162.5,16826
2015-02-03,170.075,175.5,168.75,168.75,49808
2015-02-04,170.475,172.5,168.85,170.75,8661
2015-02-05,165.325,171.238,162.625,169.875,7707
2015-02-06,158.1,166.25,153.325,165.325,23858
2015-02-09,152.625,160,151.312,157.5,8785
2015-02-10,152.837,157.75,151.312,154.725,4698
2015-02-11,161.075,162.75,153.5,153.5,12621
2015-02-12,165.488,171.475,156.525,161.75,15473
2015-02-13,162.85,169.725,162,164.775,4577
2015-02-16,167.462,174.075,163.5,163.5,5690
2015-02-18,168.712,169.512,167.562,168,4599
2015-02-19,167.55,172,165.25,168.712,10660
2015-02-20,170.538,173.5,168.875,168.875,10337
2015-02-23,164.05,171.25,158.113,171.25,30813
2015-02-24,161.6,167.5,159.988,164.05,6394
2015-02-25,162.525,166.25,161,161.75,5153
2015-02-26,162.587,164.938,162.012,162.025,4360
2015-02-27,176.887,191,162.488,163.238,135127
2015-03-02,172.988,182.113,169.15,180.413,32808
2015-03-03,172.238,176.625,168.762,173.738,14405
2015-03-04,176.062,178.5,171.5,172.975,20829
2015-03-05,173.212,178.488,171.538,176.725,7862
2015-03-09,177.55,178.25,172.075,172.512,10998
2015-03-10,176.762,179.75,173.812,177,12681
2015-03-11,174.575,179.238,173.125,176.25,3759
2015-03-12,172.475,177.45,172,175.25,6180
2015-03-13,167.5,173.75,165.45,172.988,13561
2015-03-16,169.188,175,166.75,166.775,10862
2015-03-17,167.8,171.925,167.5,169.75,9239
2015-03-18,168.4,170.012,166.562,168.25,9705
2015-03-19,164.238,169.75,163.75,167.512,5427
2015-03-20,161.363,166.25,160.25,164.512,5886
2015-03-23,159.7,166.312,153.875,162.425,5545
2015-03-24,162.55,163.462,155.35,155.363,3390
2015-03-25,162.925,165.613,161.275,161.275,3313
2015-03-26,163.163,163.887,161,162.512,4108
2015-03-27,165.038,166.988,162.15,163.75,6092
2015-03-30,166.475,172,164.875,166.25,9485
2015-03-31,162.975,168.762,161.25,168,6339
2015-04-01,165.975,167.475,161.988,162.012,6794
2015-04-06,168.337,169.988,162.975,168.613,6969
2015-04-07,174.413,176,168.488,168.512,7289
2015-04-08,182.7,185.75,174.5,175.012,20005
2015-04-09,187.875,188.75,183.75,183.75,25672
2015-04-10,181.25,190,180.512,190,8438
2015-04-13,177.887,184.488,176.5,181.275,17259
2015-04-15,186.913,192.188,178.512,178.6,44757
2015-04-16,183.675,188.087,179.425,183.262,5260
2015-04-17,182.675,188.087,179.262,179.262,5418
2015-04-20,181.113,184.988,178.775,179.15,4048
2015-04-21,179.875,182.738,179.025,182.738,2124
2015-04-22,178.688,182.75,177.25,177.562,9098
2015-04-23,176.438,182.212,175.5,177.3,6165
2015-04-24,169.375,177.275,168.025,177.275,5366
2015-04-27,172.375,177.038,163.275,170.725,11321
2015-04-28,173.688,175,167.5,169.5,4132
2015-04-29,173.225,177.25,171.75,171.75,2239
2015-04-30,181.887,185,171.238,172.5,268686
2015-05-04,181.913,190,178.062,184.5,13153
2015-05-05,179.188,187.488,177.5,187.488,5580
2015-05-06,174.438,180.5,172.5,180.5,5070
2015-05-07,170.375,175.663,170,174.375,4539
2015-05-08,176.387,179.25,167.575,172.413,6712
2015-05-11,210.575,211.663,185.5,197.5,337559
2015-05-12,200.863,217.163,196.05,213.75,183870
2015-05-13,202.825,207.125,199.488,203,60292
2015-05-14,200.962,204.7,200.025,203.75,21817
2015-05-15,201.375,205.5,199.988,201,23988
2015-05-18,200.875,203.875,200.5,202.488,8596
2015-05-19,200.975,203.738,197.5,201.15,16123
2015-05-20,206.375,208.6,200.5,202.962,46240
2015-05-21,210.225,213.75,207.25,208.75,41714
2015-05-22,206.238,210,202.5,210,13253
2015-05-25,207.637,209.95,203.75,208.675,7172
2015-05-26,211.113,212.5,203.5,203.512,8793
2015-05-27,211.525,212.75,206.25,212.163,3085
2015-05-28,212.425,222,207.5,211.988,23246
2015-05-29,212.45,215.625,208.75,212.5,11765
2015-06-01,211.5,215.5,211.05,212.488,15107
2015-06-02,210.538,213.613,209.25,212.3,7899
2015-06-03,210.837,215.538,209.738,214.637,7259
2015-06-04,210.375,220,207.938,211.1,11902
2015-06-05,211.738,214.762,210,210.613,7376
2015-06-08,212.062,214.988,210,211.25,14087
2015-06-09,214.462,215.5,210,214.5,5647
2015-06-10,211.525,217.488,211.288,217.113,12519
2015-06-11,211.175,217.25,210.512,217.25,7861
2015-06-12,210.587,211.95,210.5,210.825,4618
2015-06-15,213.163,213.762,210.712,211.25,5189
2015-06-16,224.363,227.15,211.25,213.762,20329
2015-06-17,223.35,229.988,220,227.5,11714
2015-06-18,222.675,227.5,222.5,225.012,10475
2015-06-19,225.488,227.5,222.5,222.988,13035
2015-06-22,223.188,229.75,222.525,225.5,22485
2015-06-23,223.15,228.925,221.25,224.5,17361
2015-06-24,223.488,228.5,222.5,224.85,12646
2015-06-25,235.113,238.2,220.5,222.488,72715
2015-06-26,230.175,237.2,228.75,236.25,27845
2015-06-29,225.8,230,223,230,24138
2015-06-30,236.225,240.025,223.75,223.75,40599
2015-07-01,243.075,247,238.6,238.6,60613
2015-07-02,244.225,245.45,239.45,244,23414
2015-07-03,244.175,248.5,240.05,245,16057
2015-07-06,253.75,254.95,240.775,242.5,25010
2015-07-07,275.525,283.5,253.775,254.5,159059
2015-07-08,273.825,285,267.5,274.35,69752
2015-07-09,271.125,277,270,276.95,24781
2015-07-10,259.9,275,255.025,272.475,31758
2015-07-13,254.85,259.925,248.025,259.925,36625
2015-07-14,252.9,261.95,250.5,254.85,27528
2015-07-15,257.075,265,252.625,252.625,37487
2015-07-16,255,264.5,253.55,255.075,22758
2015-07-17,255.85,259.975,255,258.975,19935
2015-07-20,260.275,262.05,255,255.05,24985
2015-07-21,260.6,263.6,258.025,260.525,19192
2015-07-22,274.525,282.5,258,262,109869
2015-07-23,290.575,294.45,272.5,274.5,78642
2015-07-24,285.1,306,283,294.5,81352
2015-07-27,296.25,307.475,292.55,303.125,117995
2015-07-28,279.2,299.95,262.5,299.95,91906
2015-07-29,275.475,287,272.5,278.625,38729
2015-07-30,275.925,284.8,250.7,280.5,35566
2015-07-31,281.55,288.3,268.5,268.5,45762
2015-08-03,288.175,300,285.75,290,63678
2015-08-04,286.75,293.55,282.5,291.425,24179
2015-08-05,282.6,292.5,278.425,287,26710
2015-08-06,283.775,287.475,278.5,284.975,18367
2015-08-07,281.15,286.5,279.5,286.5,12764
2015-08-10,282.775,285,281,282.5,14071
2015-08-11,281.475,284.2,275.125,282.975,16252
2015-08-12,272.8,283.975,271,282,16330
2015-08-13,267,278.35,263.625,274,27627
2015-08-14,273.775,277.5,267,268.5,18777
2015-08-17,276.25,283.925,272.5,282.5,12905
2015-08-18,279.65,281.475,273.525,280,21542
2015-08-19,277,282.5,275.025,282.5,12841
2015-08-20,269.525,280,266.5,280,16707
2015-08-21,277.25,277.5,260.5,267.5,25728
2015-08-24,252.8,271.75,245.05,271.75,49184
2015-08-25,240.575,256.9,225,253.525,70795
2015-08-26,248.175,250.775,237.5,242.7,37243
2015-08-27,269.825,273.825,250,260,22886
2015-08-28,263,280,260,275,22456
2015-08-31,260.825,265,256,265,11594
2015-09-01,259.725,261.3,255.325,261.3,12412
2015-09-02,255.75,265,251.55,265,25366
2015-09-03,255.025,261.975,252.725,261.975,15537
2015-09-04,248.45,257.45,243.175,254.1,31365
2015-09-07,243.9,254,237.8,254,18944
2015-09-08,238.825,247.425,222,245.5,32960
2015-09-09,247.025,249.5,238.025,249.5,19495
2015-09-10,256.6,262.5,237.05,247.975,36603
2015-09-11,266.425,271.7,259.5,262.475,32483
2015-09-14,268.05,272.45,264.025,272.45,10373
2015-09-15,266.075,270,260.55,264.2,8971
2015-09-16,267.075,269.3,263,263,5554
2015-09-18,266.5,272.25,262.125,269,20115
2015-09-21,263.575,269.375,259.15,266.55,11349
2015-09-22,267.55,271.05,260.5,268.45,13371
2015-09-23,267.475,272.475,261.25,272.475,13231
2015-09-24,266.575,269.5,265,268.075,5179
2015-09-28,264.475,268.95,264.125,268.95,8292
2015-09-29,260.45,265.5,258.5,265.5,8712
2015-09-30,264.775,267.5,260.025,267.45,19471
2015-10-01,266.75,271.975,263.15,267.5,27206
2015-10-05,266.925,272.45,265.5,269.5,11406
2015-10-06,268.95,271.5,266.025,271.5,4969
2015-10-07,274.35,282.2,266.15,270.95,26892
2015-10-08,274.475,278.05,269.75,274.375,11694
2015-10-09,274.2,277.4,270.65,273.6,6712
2015-10-12,274.075,278.95,271.5,274.275,7620
2015-10-13,269.6,276.25,267.5,273,7232
2015-10-14,270.175,272.575,267.5,272.575,11261
2015-10-15,269.075,272.5,268,269.925,16581
2015-10-16,269.425,270.45,267.5,270.4,5373
2015-10-19,268.6,271,267.575,269.425,5446
2015-10-20,267.925,269.875,265.275,269,121562
2015-10-21,269.025,272.225,266.8,272.225,8991
2015-10-23,268.775,274,267.675,274,34697
2015-10-26,263.275,272.75,258.8,272.75,11807
2015-10-27,263.4,264.5,259.525,263,4196
2015-10-28,261.325,267,259.675,263.4,11843
2015-10-29,260.825,264.25,260,261.35,11036
2015-10-30,259.7,265,259,261.5,17333
2015-11-02,262.8,274,261.275,266.5,26678
2015-11-03,261.15,267.5,260.025,265.55,13994
2015-11-04,262.45,267,258,264.95,12097
2015-11-05,260.125,264.2,260,262.45,5323
2015-11-06,253.075,263.5,252.5,263.5,13471
2015-11-09,261.175,262.375,247.6,250,16873
2015-11-10,257.475,262.05,252.775,262.05,12325
2015-11-11,258.95,260,257.45,259.475,2324
2015-11-13,244.525,263.3,242,258.975,27859
2015-11-16,236.675,245.5,230.625,244.525,21330
2015-11-17,241.4,247.5,235.25,238.85,58985
2015-11-18,244.35,249.5,237.5,240,30308
2015-11-19,250.3,252,240.525,240.525,33902
2015-11-20,250.45,253.9,249,252.5,8025
2015-11-23,250.075,254.4,246.5,250.45,30452
2015-11-24,250.025,251.9,247.675,250.1,11329
2015-11-26,252.5,257.975,250.025,257.975,12987
2015-11-27,250.075,258,250,250,14198
2015-11-30,252.65,257,250.1,252.375,56148
2015-12-01,250.975,264.85,250.05,254.5,71605
2015-12-02,249.75,258.475,249.45,258.475,56737
2015-12-03,244.425,251.475,243.05,249.775,44749
2015-12-04,244.925,248.475,240,243.05,33500
2015-12-07,246.4,249.475,242.8,245.1,5923
2015-12-08,244.075,247,241.5,245.5,6394
2015-12-09,241.625,245.45,238,244.075,9644
2015-12-10,244.475,246,238.5,238.5,5473
2015-12-11,241.05,245.475,238.5,244.5,17964
2015-12-14,240.3,244,239.075,239.35,29076
2015-12-15,243.5,245.975,238.5,238.5,25250
2015-12-16,240.375,248.9,239.5,248.9,74412
2015-12-17,245.35,248.175,240.5,240.575,9343
2015-12-18,243.25,247.75,241.5,247.5,6774
2015-12-21,241.325,245.225,240.5,243.5,8738
2015-12-22,241.875,243,240.075,241.325,7558
2015-12-23,243.575,247.5,241.125,244.475,6023
2015-12-24,243.1,247.325,240.675,247.325,12348
2015-12-28,244.9,250,241.45,241.45,8379
2015-12-29,254.7,257,244.5,245.975,30744
2015-12-30,252.975,259.4,252,256,9399
2015-12-31,254.225,254.95,251.075,252,5431
2016-01-01,254.075,255.5,252.5,255.475,3089
2016-01-04,250.425,255.025,247.75,254.5,11988
2016-01-05,250.375,252.95,248,250.525,5481
2016-01-06,250.1,255,247,250.4,13623
2016-01-07,248.125,252.5,245.05,247.5,21419
2016-01-08,241.225,252.5,238.5,249,9900
2016-01-11,244.675,246.05,235.3,244.25,6939
2016-01-12,239.125,245.975,238,244.675,4435
2016-01-13,232.1,243.6,228,239.125,15607
2016-01-14,224.25,230.7,222.5,230,15499
2016-01-15,220.65,229.5,218,229.475,10435
2016-01-18,208.525,224.975,207.5,217.525,23415
2016-01-19,211.425,218.5,201.15,208.6,28828
2016-01-20,215.575,216.025,208.35,209.05,13326
2016-01-21,219.2,227,216.5,219.15,4259
2016-01-22,228.325,234.75,219.425,219.425,14523
2016-01-25,229.3,237.4,227.5,234,5624
2016-01-27,230.175,235,225.025,232.5,3854
2016-01-28,236.125,240,225.075,232.475,12759
2016-01-29,233.675,239.875,232.525,237.375,5730
2016-02-01,232.75,242.5,230.55,239.5,10166
2016-02-02,232.625,237.35,232.5,233.05,9159
2016-02-03,229.125,233.2,226.525,231.5,8824
2016-02-04,225.75,232.475,225.25,228.5,5579
2016-02-05,217.75,229.775,215,225,22377
2016-02-08,213.4,223,212.55,222.45,10528
2016-02-09,212.875,216,208,216,15955
2016-02-10,208.85,212.875,204.475,212.875,9941
2016-02-11,202.7,208.5,197.5,208.5,12154
2016-02-12,200.7,207,191.9,207,15707
2016-02-15,210.15,214.5,202.575,207.5,7102
2016-02-16,204.45,211.5,200.5,211.5,10346
2016-02-17,199.55,204,196.15,203,9315
2016-02-18,197.75,205.25,196.175,199.525,7925
2016-02-19,199.05,203.15,196.65,201.05,27642
2016-02-22,197.5,203.3,196.575,203.3,3574
2016-02-23,195.875,202.025,195,200,5724
2016-02-24,195.025,199.5,192.775,199.5,3288
2016-02-25,195.625,199.5,195.05,199.5,2522
2016-02-26,192.275,199.225,189.1,197.15,4757
2016-02-29,195.575,196.475,188.125,195,14394
2016-03-01,198.7,200,196.5,196.5,6742
2016-03-02,206.5,213.425,200,202,24968
2016-03-03,206.225,209.75,204.5,204.5,3235
2016-03-04,206.775,210.75,204.625,210.75,4594
2016-03-08,209.425,211.5,202,207,61220
2016-03-09,199.9,209,198.65,209,100131
2016-03-10,193.05,202,192.125,199.9,16248
2016-03-11,193.275,195.55,190.05,194,11256
2016-03-14,194.625,195,192.125,195,9453
2016-03-15,189.8,196.225,188.9,194,9810
2016-03-16,188.375,191.525,184,189.8,14726
2016-03-17,185.575,192.5,179.85,192.5,17028
2016-03-18,187.75,191.975,185.5,188,5705
2016-03-21,190.9,193.5,187.5,188.25,10837
2016-03-22,188.125,193.4,187.525,191,7505
2016-03-23,186.075,190.5,185.425,190.5,20490
2016-03-28,180.3,202.8,178.825,185.05,42011
2016-03-29,183.725,196.55,181.15,187.5,84188
2016-03-30,183.45,189.45,182.5,187.5,20294
2016-03-31,182.2,186.8,182,183.75,8803
2016-04-01,190.075,198.6,181.025,181.025,32356
2016-04-04,228.075,228.075,190.15,190.15,2030996
2016-04-05,250.75,261.5,238.9,238.9,945476
2016-04-06,252.3,255.75,244.25,249.925,511713
2016-04-07,247.075,254.475,243.825,252.5,76569
2016-04-08,236.075,245.975,234,245,69335
2016-04-11,243.6,249,236.5,238.95,76031
2016-04-12,243.875,246.975,242.5,245.5,34785
2016-04-13,250.1,255.5,243.5,243.5,113903
2016-04-18,253.9,257.5,252.5,253.5,73283
2016-04-20,252.5,256.45,249.55,253.925,28700
2016-04-21,248.5,254.525,246.575,254.025,23073
2016-04-22,247.075,255,243.45,250,31531
2016-04-25,247.55,249.525,245,247.075,14958
2016-04-26,248.9,255,245.475,245.575,42785
2016-04-27,252.4,257.5,247.125,247.65,48481
2016-04-28,248.35,253.8,248,253.5,10442
2016-04-29,243.6,250.975,238.875,246.6,17941
2016-05-02,246.3,249,244.5,244.5,5911
2016-05-03,248.925,253.5,244.5,247.5,29551
2016-05-04,245.225,249.9,244.5,249.875,8342
2016-05-05,246.8,249.5,245.5,249,7156
2016-05-06,245.4,248.5,245,248.5,3438
2016-05-09,257,258.4,245.5,245.5,83482
2016-05-10,252.125,258.5,250.75,258.5,24752
2016-05-11,251.275,252.5,248.5,250,13098
2016-05-12,254.85,263.025,250.275,251.275,80516
2016-05-13,256.275,260,254,255.75,54397
2016-05-16,238.725,250.75,205.5,250.25,119295
2016-05-17,240.5,252.5,238.1,242.2,108711
2016-05-18,243.9,246.6,241.025,242.725,27823
2016-05-19,243.35,250,242.5,243.875,18917
2016-05-20,240.775,248,240.5,245.5,17730
2016-05-23,229.475,243,228,241.25,22210
2016-05-24,227.475,232,225,232,14881
2016-05-25,225.1,231.2,223,227.025,12128
2016-05-26,226.3,229.55,225.25,227.45,18608
2016-05-27,223.7,229,220.625,229,18685
2016-05-30,226.1,229.675,224.525,224.525,13021
2016-05-31,223.225,228.375,222,226.8,5632
2016-06-01,225.575,227,222.025,223.5,9449
2016-06-02,219.3,227.425,217.6,223.025,21207
2016-06-03,218.125,222.475,216.05,220,20946
2016-06-06,225.675,227.4,217.525,219,54312
2016-06-07,228.4,231,224,228.5,28099
2016-06-08,230.65,233,227.6,230.5,19369
2016-06-09,231.6,233.5,229,232.5,9880
2016-06-10,232.05,234,229.15,233.5,15050
2016-06-13,228.25,232.225,223.1,232.2,11133
2016-06-14,230.125,231.45,228.55,229.525,9467
2016-06-15,234.225,236,231.025,231.275,11728
2016-06-16,235.4,237.3,232.5,235,11998
2016-06-17,247.2,252,234.975,235.4,121428
2016-06-20,247.425,254.7,242.55,242.65,28429
2016-06-21,242.375,249.5,241.025,247.75,11302
2016-06-22,242.2,249.5,240.15,242.925,42379
2016-06-23,239.6,242.375,236.775,240.275,10939
2016-06-24,245.65,247.725,228,235.5,29147
2016-06-27,243.2,247.45,242.5,244,8893
2016-06-28,247.65,249.7,241.75,244,12971
2016-06-29,247.625,250.45,247,249.75,19012
2016-06-30,251.925,255.6,247.875,247.875,21401
2016-07-01,248,255.3,246.75,250,10581
2016-07-04,243.15,250,242.475,246.1,21917
2016-07-05,245.25,246.3,241.05,243.1,8274
2016-07-07,238.45,247,237.475,243,20028
2016-07-08,242,244.5,239.6,242.725,16305
2016-07-11,243.7,246.475,240.5,244.6,21287
2016-07-12,240.275,244.45,239.5,243.7,12144
2016-07-13,249.875,258.7,247.5,247.5,169447
2016-07-14,243.85,252.2,241.375,249.875,27900
2016-07-15,241.9,246,240.125,246,11412
2016-07-18,240.3,245.85,240,244.45,22365
2016-07-19,235.35,243.7,234.5,243.7,22643
2016-07-20,241.25,243.5,235.5,235.5,13827
2016-07-21,241,243.65,240,241.5,8612
2016-07-22,240,242.9,238.525,242.025,9646
2016-07-25,250.175,252.5,240.025,242.5,37086
2016-07-26,247.425,252.5,245.25,250,12299
2016-07-27,246.225,248.5,244.05,248.5,12686
2016-07-28,244.925,248.925,243.5,247.65,11577
2016-07-29,245,249.5,241.45,248.5,20822
2016-08-01,238.925,243.3,237.275,240.5,47903
2016-08-02,242.525,243.5,239,242.5,26330
2016-08-03,239.25,244,238.5,241.6,10213
2016-08-04,235.75,242.975,235,241,9775
2016-08-05,238.25,242.4,234.5,238.225,25227
2016-08-08,236.1,239,235.5,238.725,19214
2016-08-09,236.475,238,233.775,235.5,9378
2016-08-10,234,237.45,232.675,236.75,7493
2016-08-11,234.025,237.5,233.25,235,5070
2016-08-12,232.875,235.925,232.5,235,7233
2016-08-16,233.625,236.45,232.5,232.875,4521
2016-08-17,233.05,236.5,232.5,236.5,4604
2016-08-18,233.875,236.4,232.5,233.05,7467
2016-08-19,231.875,236.5,231.525,233.5,8787
2016-08-22,232.65,233.5,230.4,231.55,5622
2016-08-23,232.65,234.825,230.55,230.55,4866
2016-08-24,229.75,233.875,227,232.65,15019
2016-08-25,230.25,232.3,228.175,232.3,7776
2016-08-26,229.375,231.1,227.55,229.75,9159
2016-08-29,230.2,232.75,229.5,229.5,7038
2016-08-30,229.5,233.5,229,232,5976
2016-08-31,227.875,231.225,227.5,229.525,5054
2016-09-01,218.35,233.5,217.75,231,61384
2016-09-02,224.65,226.4,218,218,22544
2016-09-06,219.4,224.65,218.5,223.525,23608
2016-09-07,210.25,224.5,208,219.5,36764
2016-09-08,212.575,216,210.25,210.25,29234
2016-09-09,216.675,219,212.575,215,25425
2016-09-12,215.05,218.5,212.6,218.5,22262
2016-09-14,215.125,216.9,214,215,28245
2016-09-15,214.35,217,214.175,215.5,5700
2016-09-16,211.4,217,209.2,217,14136
2016-09-19,209.625,215,208.5,214.25,7527
2016-09-20,213.575,216.5,209.5,210.625,12148
2016-09-21,215.175,216.4,211.575,215.975,15699
2016-09-22,225.375,226,215.3,217,49613
2016-09-23,232.875,235,227.5,227.5,50845
2016-09-26,229.925,232.5,225.4,232.5,28815
2016-09-27,229.775,231.95,225.6,229.5,18951
2016-09-28,230.1,231.5,227.05,229.5,10952
2016-09-29,219.625,234.5,219,229.3,13004
2016-09-30,222.475,224,217.5,217.5,7238
2016-10-03,233.5,238.5,222.625,226,32592
2016-10-04,233.8,237.475,230.25,236,17639
2016-10-05,229.55,235.975,228.3,235.975,11135
2016-10-06,226.525,232.475,225.625,228.5,6563
2016-10-07,222.75,227.5,221.7,226.5,4736
2016-10-10,222.7,224.75,220.6,221.025,4868
2016-10-13,219,222.5,215.5,216.575,25286
2016-10-14,222.725,223.5,217.825,221,8063
2016-10-17,222.025,225.975,219.25,225.975,24916
2016-10-18,217.875,228.5,216.6,222.5,16921
2016-10-19,216.925,221.5,215,219,13890
2016-10-20,218,220,217,220,4324
2016-10-21,216.2,218.9,215.525,218.725,6212
2016-10-24,217.35,218.4,216,218.175,5157
2016-10-25,215.65,219.45,214.4,219.45,4514
2016-10-26,215.45,219.375,214.2,219.375,2495
2016-10-27,215.775,217.5,214.5,215.575,3217
2016-10-28,213.15,217.5,212,216.975,9143
2016-11-01,214.9,219.875,213.6,218.7,7245
2016-11-02,211.225,215.5,210,215.5,5871
2016-11-03,208.6,214.25,206.5,214.25,11803
2016-11-04,205.175,208.7,204.05,207.825,12814
2016-11-07,203.225,207,202.5,207,18649
2016-11-08,201.425,206.5,196.5,203.55,25808
2016-11-09,201.6,202.45,175,197.5,31117
2016-11-10,205.4,207.2,200.8,206.5,8731
2016-11-11,200.275,206,197.25,205.4,4809
2016-11-15,201.2,204.7,192.5,200,39829
2016-11-16,199.925,204.5,197.5,197.5,8178
2016-11-17,200.825,205.925,197.625,205.925,4411
2016-11-18,203.925,204.8,198.525,204.5,7813
2016-11-21,195.05,204.95,180.025,203.925,37002
2016-11-22,199.1,205,192.05,196,8057
2016-11-23,199.175,204.1,195,204.1,11159
2016-11-24,205.4,209.7,196.025,199.75,12942
2016-11-25,206.725,208,201.05,201.3,9781
2016-11-28,207.775,209.7,205,206.725,5431
2016-11-29,209.175,210.675,206.025,209.5,7011
2016-11-30,216.3,219.375,207.6,212.475,13392
2016-12-01,209.8,218.75,207.625,216.3,8274
2016-12-02,210.225,213.5,208.525,213.5,5567
2016-12-05,204.475,214.9,203,213.5,5692
2016-12-06,206.725,210.9,205,205.025,4632
2016-12-07,205.125,214,204.5,206,16135
2016-12-08,207.175,212,205.075,206,6827
2016-12-09,203.75,208.55,202.025,207.175,8644
2016-12-12,202.85,207.325,200,204,3173
2016-12-13,206.55,210,201.05,202.85,5503
2016-12-14,199.625,210,198.3,202.55,10511
2016-12-15,199.775,203.475,197.5,197.5,21341
2016-12-16,199.875,201.95,198,201.95,6740
2016-12-19,206.425,209,195.675,202.95,11472
2016-12-20,199.65,205.5,197.75,204.375,8274
2016-12-21,201.95,205,198.05,200.35,6485
2016-12-22,199.975,205,198,205,9600
2016-12-23,199.825,202.5,198.15,202.475,6192
2016-12-26,200.1,202.125,197.525,199.95,7050
2016-12-27,201.05,202.45,197,202,8057
2016-12-28,199.975,204.55,199.25,200.975,6818
2016-12-29,202.55,204.9,199,199,3495
2016-12-30,200.975,202.5,199.05,199.05,7273
2017-01-02,202.75,204.95,201,201,4188
2017-01-03,199.675,204.95,197.55,199.5,77594
2017-01-04,200.4,205,197.7,204,34621
2017-01-05,201.125,203.6,200.25,201,16328
2017-01-06,200.6,203.5,199.525,202,13178
2017-01-09,199.525,203.5,198.5,202.5,13983
2017-01-10,200.3,202.45,199.525,200,10714
2017-01-11,202.3,203,198.975,202.35,28381
2017-01-12,212.825,224.4,205.5,205.5,202127
2017-01-13,207.6,213,206.275,212.825,25033
2017-01-16,204.95,209.8,204.025,209.7,9561
2017-01-17,205.325,207.5,205,207.5,10022
2017-01-18,208.425,210,206.25,207.4,35532
2017-01-19,206.675,213.7,205,209.45,27631
2017-01-20,209.225,210.6,205.675,205.975,11475
2017-01-23,217,221.5,207.5,211,35618
2017-01-24,218.925,221.5,216.35,217.1,17243
2017-01-25,217.375,221.5,215.925,221.5,9282
2017-01-27,218.55,220.5,214.3,220.5,14795
2017-01-30,219.275,220.5,217,220,18945
2017-01-31,218.6,220.5,215.425,220.425,17000
2017-02-01,217.9,222.225,216.525,217.625,19630
2017-02-02,219.65,223,218,219.275,49856
2017-02-03,219.275,221.85,215.55,216.5,8272
2017-02-06,220.875,222.075,219.375,220,11446
2017-02-07,220.5,227.5,219,221,19160
2017-02-08,220.7,223.45,220,220,10056
2017-02-09,213.55,222.5,212.65,220.7,16235
2017-02-10,219.65,221.2,208.5,212.525,75324
2017-02-13,217.025,221.975,216.15,216.15,5433
2017-02-14,218.9,221.5,215,221.5,4057
2017-02-15,210.2,220,209,216.525,11662
2017-02-16,213.8,215.75,208.125,210.625,4091
2017-02-17,212.55,221,211.1,215.475,51171
2017-02-20,210.825,216.85,209.175,211,15956
2017-02-21,210.2,214.8,209.225,211.25,13131
2017-02-22,210.3,212.5,208.5,212,6386
2017-02-23,210.025,211.95,205.15,209,6995
2017-02-27,211.975,212.9,210,210.075,6536
2017-02-28,211.375,215.925,210.5,213.475,21009
2017-03-01,216.7,217.5,210.5,211.525,19206
2017-03-02,220.7,222.475,214.5,217,42291
2017-03-03,220.15,221.5,217.5,219,16172
2017-03-06,224.2,224.725,220.625,222.5,23171
2017-03-07,225.625,227.5,222.3,224.425,20616
2017-03-08,226.75,229.8,222.5,222.6,11409
2017-03-09,232.475,237,226.75,226.75,40632
2017-03-10,222.1,235,220.75,233.075,16593
2017-03-14,231.2,241.95,222.5,230,87871
2017-03-15,234.95,239.9,231.525,233,24875
2017-03-16,237.8,240,232.525,234.5,44559
2017-03-17,232.375,239.375,229.025,238,16017
2017-03-20,240.825,245,230,230.025,72152
2017-03-21,239.925,243.75,234,237.5,26916
2017-03-22,235.45,239.925,232.775,239.925,18289
2017-03-23,235.325,239.4,232.1,239.4,10040
2017-03-24,234.175,239,231.075,232.625,13453
2017-03-27,230.75,236.975,222,236.95,47910
2017-03-28,232.275,237.45,230.175,232.525,7740
2017-03-29,239.475,241,233.1,236.475,27147
2017-03-30,244.95,248,236.775,241,33842
2017-03-31,249.4,251,241.15,246,35818
2017-04-03,248.075,254.7,246,246,49251
2017-04-05,249,254.5,244.5,248.075,59094
2017-04-06,245.825,253.5,245,246.5,21221
2017-04-07,246.65,249.25,245,248,17867
2017-04-10,246.575,250,245.025,245.025,15642
2017-04-11,245.85,248.825,245,246.45,17328
2017-04-12,245.2,247.5,244,247.5,29653
2017-04-13,247.3,249.5,241.525,248.45,13584
2017-04-17,244.375,248.975,242.575,246.025,8831
2017-04-18,245.35,251.5,244.225,244.375,20606
2017-04-19,248.7,250,241.5,246.5,9810
2017-04-20,243.75,254,242.525,253.475,11955
2017-04-21,245.025,246.5,242.525,245,18925
2017-04-24,248.375,249.95,244.875,246.5,17301
2017-04-25,247.9,250.5,246.75,249.325,14601
2017-04-26,242.1,249.5,239.8,248.975,27777
2017-04-27,242.2,246,234.5,244.025,15004
2017-04-28,247.2,249.425,241.625,242.2,12797
2017-05-02,247.175,250.8,244.5,247.2,12013
2017-05-03,246.8,250,245.625,248.875,10591
2017-05-04,243.825,247.5,242,245.025,5321
2017-05-05,244.5,247.4,240.775,241.15,7521
2017-05-08,244.25,246.725,241.025,246.725,8695
2017-05-09,243.075,246.525,242.6,246.525,4920
2017-05-10,246.475,264,241.025,241.55,89550
2017-05-11,242.55,248.475,241.3,245,14355
2017-05-12,240.525,245.7,237.5,245.7,13205
2017-05-15,235.2,243,230.075,243,30816
2017-05-16,232.8,239.95,232,239,11682
2017-05-17,232.5,237.35,231.525,236.3,15038
2017-05-18,227.825,234,225.675,231.025,12543
2017-05-19,229.05,244.75,223.275,227.75,13833
2017-05-22,238.45,239.5,231.55,232.425,15622
2017-05-23,235.675,242.9,230.65,238.525,8721
2017-05-24,236.05,240,235.5,235.75,6653
2017-05-25,235.85,239.425,231.55,239.425,5323
2017-05-26,237.1,238,234.175,236.275,3579
2017-05-29,234.5,237.15,232.75,237,6986
2017-05-30,231.475,244.35,228.05,236.95,52792
2017-05-31,233.075,235,226.575,235,8035
2017-06-01,233.05,235,228.4,233.075,9164
2017-06-02,236.475,238.05,234.45,235.5,8391
2017-06-05,244.875,252,239,240,280231
2017-06-06,245.5,251.475,244.1,246.85,82643
2017-06-07,246.2,250,243.475,245.025,62722
2017-06-08,247.6,249.95,245,245.575,15531
2017-06-09,245.225,249,241.175,248.5,15806
2017-06-12,249.55,250,244.05,245.5,14341
2017-06-13,241.05,251.475,238.125,250,53452
2017-06-14,240.925,245.975,239.3,241.075,14889
2017-06-15,241.9,246.775,238.05,240.95,25922
2017-06-16,242.225,245.675,241.5,242,6000
2017-06-19,241.625,247,239.05,247,4257
2017-06-20,242.225,244.875,239.725,241.6,12228
2017-06-21,246.775,248.3,242.475,243.55,12785
2017-06-22,244.975,247.9,241.5,245.975,18052
2017-06-23,245.875,247,240,247,10114
2017-06-27,243.25,247.5,241.25,244.5,10593
2017-06-28,237.575,241.95,235.225,241.575,11173
2017-06-29,236.275,241.725,235,239.4,12932
2017-06-30,240.15,242.675,235.775,236.5,9700
2017-07-03,239.5,242.475,235.3,240.15,17925
2017-07-04,270,277,237.775,239.5,459671
2017-07-05,259.15,267.975,256,266.9,160167
2017-07-06,255.125,265.725,252.65,259.975,99014
2017-07-07,257.025,265.7,255.75,255.75,163309
2017-07-10,256.875,259.925,227.475,257.5,9975
2017-07-11,256,261.7,253.075,259.925,36036
2017-07-12,258.15,264,256,257.5,81375
2017-07-13,256.6,262,255.6,258.5,37855
2017-07-14,255.15,258.5,251.625,252.525,26180
2017-07-17,254.175,258.2,252.5,255.15,26281
2017-07-18,250.025,258.2,249,254.175,44979
2017-07-19,251.425,254.025,248.125,252,36248
2017-07-20,244.45,252.4,241.65,251.475,77069
2017-07-21,243.225,252,242.5,249,76135
2017-07-24,241.15,244,240,240.5,33062
2017-07-25,242.95,245,240.65,241,22238
2017-07-26,242.65,244.375,240.45,240.625,13225
2017-07-27,240.975,244.725,240,243.5,13233
2017-07-28,239.55,243.9,237.025,240.95,15203
2017-07-31,237.7,242.75,237,239.65,12248
2017-08-01,236.2,241.7,235.175,238.5,20741
2017-08-02,231.8,238.35,231.275,238.35,32422
2017-08-03,229.6,238.925,228.525,234.1,45448
2017-08-04,228.475,234.025,226.75,230.5,16375
2017-08-07,243.725,247.5,225.975,230,99831
2017-08-08,248.875,255.9,241.85,245,116341
2017-08-09,245.375,248.35,242.5,248.25,25183
2017-08-10,242.9,247.375,241.6,247.35,21641
2017-08-11,242.875,246,240.975,241.85,13615
2017-08-14,245.75,251.5,242.875,242.875,17206
2017-08-16,246.475,247.5,243.225,246.65,8806
2017-08-17,245.7,249.725,242,242.975,9242
2017-08-18,245.125,247,241.25,245.775,7519
2017-08-21,245.975,249,242.5,243.8,8113
2017-08-22,247.35,250,243.525,250,14283
2017-08-23,249.975,252.25,246.025,246.875,16577
2017-08-24,248.95,253.775,246.5,250.95,17496
2017-08-28,250.7,252,247.775,250,9850
2017-08-29,252.775,254.75,248.5,253.25,24570
2017-08-30,252.775,256,250,252.275,19984
2017-08-31,254.925,255,252.025,254,9750
2017-09-01,254.85,256,252.2,256,19917
2017-09-04,256.575,257.5,251.5,255.5,13351
2017-09-05,255.8,260,254.5,258,18026
2017-09-06,252.3,257,252,254,6258
2017-09-07,254.475,257.45,252.225,253.45,8963
2017-09-08,253.7,255.625,251.5,254.875,23456
2017-09-11,258.5,268,253.575,254.025,250979
2017-09-12,258.9,265.95,257.5,261,43237
2017-09-13,257.7,258.525,253.125,258.5,30218
2017-09-14,261.075,262.5,256,257.975,33163
2017-09-15,265.425,267.5,257.05,259.9,64356
2017-09-18,267.825,270,260.575,265,63056
2017-09-19,263.375,271.5,260.6,265.875,60238
2017-09-20,260.1,267.4,258.3,263,11285
2017-09-21,261.175,264.95,257.575,261.5,17265
2017-09-22,250.475,261.675,249.675,258.525,29010
2017-09-25,257.85,264.325,248.775,254.2,35256
2017-09-26,251.35,264,250.5,259.5,24198
2017-09-27,249.55,256.225,247.5,253,16100
2017-09-28,257.575,262.425,245.9,250.5,30786
2017-09-29,262.475,263.75,257.575,257.575,30398
2017-10-03,259.95,262.475,257.55,262.475,25378
2017-10-04,261.2,262.5,257.5,260,34694
2017-10-05,259.225,262.05,257.5,262.05,5648
2017-10-06,259.175,262.475,257.8,258.075,20536
2017-10-09,263.2,265.7,259.275,262.25,23140
2017-10-10,259.8,264.425,258.1,264.425,14312
2017-10-11,256.975,261.95,255.65,261.05,7788
2017-10-12,254.7,258.95,251.55,257,18623
2017-10-13,258.375,262.5,254.3,254.4,15762
2017-10-16,257.025,259.9,255.15,258.5,11706
2017-10-17,257.925,261.475,255.8,257.975,7785
2017-10-18,260.9,266.5,255.8,258.025,29691
2017-10-19,263.075,266.5,258.5,264.475,4228
2017-10-23,259.3,263.7,257.675,263.075,12461
2017-10-24,255.6,261.925,254,261,8290
2017-10-25,260.375,261.2,255.525,255.625,13524
2017-10-26,260.5,262.5,256.05,260.375,17826
2017-10-27,265.55,266.975,259.075,262.5,62211
2017-10-30,275.8,285.2,263.525,264.025,121366
2017-10-31,275,281,274,275.875,23103
2017-11-01,299,317.5,272.25,275.075,455504
2017-11-02,292.35,301.5,287.5,300,47000
2017-11-03,296.975,303,292.35,292.35,47092
2017-11-06,286.375,300.6,284,290.5,30012
2017-11-07,282.825,296.5,280.525,288.5,38500
2017-11-08,279.75,290.3,276.225,283.925,16010
2017-11-09,287.3,289.275,277.5,283.7,22895
2017-11-10,285.525,292,280.55,290.05,27943
2017-11-13,281.35,284.975,278.275,281.05,9380
2017-11-14,283.275,285,278.5,285,8615
2017-11-15,279.8,282.95,276.5,282.55,12085
2017-11-16,287.075,289.2,277.5,279.85,23218
2017-11-17,288.1,292.45,281.975,288,25993
2017-11-20,287.85,293.3,285.95,288.1,9279
2017-11-21,285.4,291.225,283.55,287.5,15645
2017-11-22,306.65,315.75,290.7,295.375,606747
2017-11-23,307.4,312.525,301.825,309.1,64358
2017-11-24,299.9,309.625,296,307.4,21925
2017-11-27,308.775,312.5,293.225,301.425,27844
2017-11-28,317.55,323.65,308.075,308.775,109462
2017-11-29,304.775,319.975,301.475,318.5,74729
2017-11-30,303.425,306.025,299.975,303,34169
2017-12-01,301.4,312,298.025,303.425,38290
2017-12-04,305.5,307.5,295.975,303.5,15784
2017-12-05,305.125,309.5,299.05,309.5,12590
2017-12-06,303.875,314.475,301.325,306.275,47210
2017-12-07,311.125,312.5,303.5,306,30601
2017-12-08,317.8,322.5,309.625,313.35,61510
2017-12-11,323.425,325,316,316,39001
2017-12-12,321.675,332.05,317.025,317.025,46748
2017-12-13,325.925,331.025,322.575,324.7,30533
2017-12-14,328.775,338.7,325.675,327.425,47067
2017-12-15,344.475,353.45,331,337.925,133395
2017-12-18,349.4,362.55,323.05,340,102753
2017-12-19,351.025,357.5,349.6,351.925,38436
2017-12-20,345.75,354.5,343.55,350.05,23679
2017-12-21,346.55,350,340.375,348.475,24532
2017-12-22,343.2,353.5,342.475,349,23953
2017-12-26,336.825,348.325,335,343,18391
2017-12-27,337.15,339.15,332.55,333,13489
2017-12-28,341.625,344.475,336.225,338.275,11021
2017-12-29,338.9,345,335.075,340.15,12011
2018-01-01,343.425,345.875,337.8,338.9,8615
2018-01-02,335.45,345.5,333.325,345.5,23268
2018-01-03,343,344.7,335.525,337.5,7709
2018-01-04,340.2,349.475,338,338.15,8331
2018-01-05,339.775,345.5,337.5,342.5,25489
2018-01-08,336.875,344.7,335.5,338,15155
2018-01-09,337.275,339.9,336.775,338.7,5673
2018-01-10,339.95,344.9,336.5,340.5,13380
2018-01-11,337.6,345.5,335.525,341.55,14530
2018-01-12,339.025,342.625,337.5,342.625,4683
2018-01-15,339.975,341.45,335.075,337.65,15102
2018-01-16,332.15,339.575,327.55,338.275,7855
2018-01-17,325.275,331.475,321.125,329.5,12506
2018-01-18,325.2,334.025,322.5,328.75,8257
2018-01-19,319.1,335,315.225,333.7,32148
2018-01-22,314.075,324.5,310.625,320.525,18392
2018-01-23,319.8,322.5,311.05,313.5,12465
2018-01-24,311,322,303.025,322,31346
2018-01-25,312.775,317.5,310.95,317.5,8335
2018-01-29,313.8,317.875,307.25,312.775,16745
2018-01-30,317.8,320,307.5,313.775,17320
2018-01-31,311.075,320,308.25,315.5,14868
2018-02-01,316.45,319.975,310.025,313,14034
2018-02-02,305.7,312.5,300,307.5,13473
2018-02-05,294.175,304.5,282,304.5,26854
2018-02-06,299.075,302.5,282,290,281181
2018-02-07,301.05,337,296.45,302.5,38128
2018-02-08,304.375,311,300.95,301.05,47285
2018-02-09,306.375,308.75,298.95,300,57602
2018-02-12,300.675,313.475,298.15,312.5,34077
2018-02-14,299.475,304.925,298.1,301.05,33849
2018-02-15,296.1,303,293.125,303,15327
2018-02-16,298.875,300.525,295.25,300.525,7932
2018-02-19,300.875,303,294.325,303,7837
2018-02-20,301.275,302.675,295.5,298.625,6833
2018-02-21,295.1,302,294.5,299.475,4350
2018-02-22,301.725,303.725,293.1,294.525,8370
2018-02-23,304.725,325,300.5,304.5,19152
2018-02-26,306.65,312.475,302,308.85,15223
2018-02-27,307.25,310.975,303.5,310.975,13138
2018-02-28,305.15,308.35,302.5,303.5,10378
2018-03-01,307.55,309,304,306.425,7700
2018-03-05,304.375,307.475,301,301,66226
2018-03-06,305.975,308.925,304,307,21251
2018-03-07,303.05,309.975,302.5,302.525,8340
2018-03-08,307.675,309.45,302.5,306,7174
2018-03-09,305.65,310,303,309.075,4754
2018-03-12,309.175,311,304.85,306.5,7266
2018-03-13,311.875,315,305.425,309.175,16937
2018-03-14,312.275,315,310.5,311.875,12887
2018-03-15,315.1,319,310.05,315,20987
2018-03-16,315.775,319.5,309.025,314.725,10675
2018-03-19,308.5,319.75,306.275,317.95,32507
2018-03-20,305.325,311.375,303.325,306.5,5901
2018-03-21,302.6,310,297.5,305.075,22058
2018-03-22,305.225,307.675,300.5,304.65,11071
2018-03-23,306.625,308.4,299,302.5,5104
2018-03-26,310.45,312.5,302.65,302.65,4864
2018-03-27,310.7,314.5,306.625,312.425,5503
2018-03-28,321.05,331.275,306.525,309.925,12211
2018-04-02,326.875,327.5,317.7,317.7,12455
2018-04-03,332.225,333.475,323,328,12878
2018-04-04,341.55,342.5,328.975,332,27832
2018-04-05,339.35,346.475,332.75,340.525,19256
2018-04-06,350.225,353,338.875,343.375,31655
2018-04-09,347.6,354.675,347.5,353.775,12214
2018-04-10,349.875,355.9,346.1,347.6,12824
2018-04-11,350.5,357,348.55,350.075,8611
2018-04-12,351.4,355,347.575,351.05,334494
2018-04-13,349.575,354,346.075,353.35,58577
2018-04-16,350.375,357,347.5,352.5,6551
2018-04-17,337.575,350,337.5,350,18251
2018-04-18,336.6,340.5,335,339.5,16202
2018-04-19,338.3,341.5,336,336,2826
2018-04-20,337.725,343.45,333.5,338.5,7899
2018-04-23,343.225,345.65,337.5,337.95,4244
2018-04-24,349.7,352.5,336.575,346.45,22548
2018-04-25,350.45,355.5,345.325,349.575,20197
2018-04-26,344.325,351.45,340.25,350.675,12595
2018-04-27,349.85,353.85,343.45,345.175,14386
2018-04-30,349.225,355,342.525,349.85,8391
2018-05-02,346.25,354,342.675,354,7239
2018-05-03,349.875,351,332.175,345.25,30070
2018-05-04,340.7,349.95,340,348.225,12712
2018-05-07,341.8,343.775,337.5,343.775,6275
2018-05-08,342.375,346,340,341.55,3237
2018-05-09,346.95,376,340.775,342.875,247408
2018-05-10,341.025,349.9,340,346.5,24664
2018-05-11,342.4,362.5,338.8,344,571339
2018-05-14,348.075,358.9,341,354.5,66190
2018-05-15,349.075,355,345.525,352.975,19601
2018-05-16,353.025,355.5,346,349.95,64270
2018-05-17,353.775,356.525,348,356,13552
2018-05-18,353.3,360.5,349.55,353.775,11466
2018-05-21,345.625,353.525,340,350.025,13433
2018-05-22,350.425,355.975,340.2,353,15826
2018-05-23,344.7,353.575,342.5,350.45,19414
2018-05-24,342.45,346,340.475,344.575,15012
2018-05-25,336.85,344,334.5,342.175,57255
2018-05-28,333.3,339.95,330.85,336.675,28199
2018-05-29,339.625,341.025,330,336,8408
2018-05-30,348.825,350,335.975,339.45,8213
2018-05-31,355.275,356.75,348.125,348.125,25741
2018-06-01,358,365,350.275,357.5,54677
2018-06-04,349,360,347.25,357.975,14386
2018-06-05,339.95,353.25,337.55,352,10668
2018-06-06,344.225,346.525,331.6,337.5,23050
2018-06-07,352,353.975,342.4,343.525,39087
2018-06-08,347.575,357.5,345,352.05,17933
2018-06-11,343.8,352.275,342.5,350,11622
2018-06-12,346.6,351,343.025,343.775,8987
2018-06-13,341.7,351.65,340.225,346.85,7356
2018-06-14,348.075,350,339.05,339.05,11008
2018-06-15,342.6,351.45,342.5,342.525,13109
2018-06-18,356.175,359.5,342.5,342.6,88219
2018-06-19,362.625,406.1,349.025,351.4,857128
2018-06-20,360.275,369.8,357.625,361.575,158594
2018-06-21,359.525,363.4,357.775,361.5,63967
2018-06-22,360.15,369,352.825,359.55,66803
2018-06-25,360.6,367.4,354.45,358.975,39196
2018-06-26,360.075,369.9,357.5,357.5,64442
2018-06-27,354.125,364.25,352.5,361.875,47387
2018-06-28,344.75,355.875,341.5,355.875,52249
2018-06-29,343.875,352.35,341.05,347.4,59128
2018-07-02,346.525,350.5,341.2,346,19327
2018-07-03,351.85,355.25,343,346,34100
2018-07-04,350.675,353.25,348.55,351,14169
2018-07-05,351.8,356,348.7,349.25,24063
2018-07-06,352,355,348.5,350,17200
2018-07-09,353.9,360.25,351.5,354.5,38112
2018-07-10,362.575,365,351,351.5,58298
2018-07-11,375.175,379.45,359.8,363,163725
2018-07-12,378.2,387.425,374,380.075,134222
2018-07-13,376.65,378.2,369,378.1,27779
2018-07-16,374.075,382.5,366.85,378.475,70902
2018-07-17,375.4,379,370.375,374,17401
2018-07-18,380.05,382.5,374.05,376.5,51004
2018-07-19,378.45,383,376.025,381.925,17513
2018-07-20,383.8,387,372.625,376.025,79517
2018-07-23,393.775,407.5,390,395,161781
2018-07-24,402.4,405,390.05,392.7,79218
2018-07-25,408.225,414.9,398.725,404,76039
2018-07-26,408.025,414.4,406,409.975,26339
2018-07-27,407.2,414,401.5,408,22561
2018-07-30,406.675,411.275,404,405.525,17105
2018-07-31,407.25,409,404.05,406.675,5708
2018-08-01,408.025,436.8,404.875,410,295719
2018-08-02,403.9,411.075,397.825,409.95,65482
2018-08-03,408.55,411.45,404.025,408,35401
2018-08-06,412.325,422.5,405.25,410.5,92246
2018-08-07,413.95,417.75,410.55,413.95,48684
2018-08-08,414.75,420,411.775,415.925,26701
2018-08-09,409.575,417.475,405.55,415.525,21387
2018-08-10,418.45,422.675,407.725,411.975,86021
2018-08-13,419.45,427.45,410.875,418.45,47318
2018-08-14,422.375,424.325,418.5,419.5,41785
2018-08-16,418.825,422.45,416.5,416.5,44412
2018-08-17,423.35,425.625,421,423,28050
2018-08-20,424.3,429.5,421.55,429,44525
2018-08-21,423.5,427.75,421.5,423,78083
2018-08-23,423.5,436,420.5,423.025,124069
2018-08-24,424.925,425.5,420,421.75,32065
2018-08-27,425.525,433,422.525,432.5,48659
2018-08-28,421.325,426.825,415.1,426.825,31063
2018-08-29,423.9,429,419.625,423.975,31450
2018-08-30,424.125,427.45,419.875,427.45,24454
2018-08-31,421.875,425.45,420,420.5,122068
2018-09-03,422.125,425.4,421,423.5,21336
2018-09-04,420.425,425,415.075,422.55,20115
2018-09-05,414.875,423.475,412.5,420.425,39370
2018-09-06,417.475,420.825,412.5,414.025,23908
2018-09-07,422.05,429.225,417.525,417.525,54089
2018-09-10,416.975,425,412.5,422,39886
2018-09-11,415.65,421.5,410.75,415,17129
2018-09-12,417.85,424.975,413,417.5,42922
2018-09-14,425.625,432.45,417.55,420.35,26376
2018-09-17,424.1,426.525,420.65,424.975,10699
2018-09-18,421.025,425.15,413.975,421.5,22544
2018-09-19,422.075,427.125,415,422,25483
2018-09-21,414.8,423.975,412,422.55,29560
2018-09-24,398.775,416.5,393.075,412,40991
2018-09-25,377.425,396,371.05,394.825,53545
2018-09-26,382.125,392,377.5,388.475,25327
2018-09-27,366.675,390.125,359,387.1,43484
2018-09-28,365.725,394.725,355.625,369.95,100086
2018-10-01,353.75,364.95,350,358,32212
2018-10-03,355.775,361.225,347.5,353.975,30844
2018-10-04,355.125,358.5,347.5,351,22267
2018-10-05,354.025,358.175,349.025,349.025,27558
2018-10-08,349.225,358,345.025,358,40550
2018-10-09,349.825,357.1,345.5,347,50651
2018-10-10,349.625,353.45,347.1,351.95,22563
2018-10-11,342.525,355.85,332.15,332.15,100192
2018-10-12,339.05,352,336.05,345.075,32271
2018-10-15,343.975,347.725,338.025,342,15428
2018-10-16,355.125,356.575,345,345.925,56851
2018-10-17,356.4,365.15,355,360,38627
2018-10-19,357.75,362.45,350.025,353.5,17947
2018-10-22,371,376.225,353.5,360,19270
2018-10-23,371.25,373.475,354.6,371.375,22732
2018-10-24,374.825,379.65,365.5,371.25,36674
2018-10-25,372.125,374.975,365.075,369.5,10040
2018-10-26,370.25,372.9,368.5,368.525,6818
2018-10-29,371.075,381.125,362.5,368.05,22650
2018-10-30,382.3,385,370.75,372.325,25956
2018-10-31,396.3,411.225,379,385,84900
2018-11-01,393.5,403.975,390.125,398.95,27057
2018-11-02,396.05,402.5,390,397,47517
2018-11-05,388.55,400.5,385.475,400.5,22088
2018-11-06,394.3,399,390.825,393.9,31785
2018-11-07,398.375,401.475,395,395,3756
2018-11-09,394.75,401,393.5,399.5,8145
2018-11-12,395.025,396.9,391.5,393.775,10282
2018-11-13,395,398.325,387.5,392.5,10029
2018-11-14,394.95,403.85,389.125,399,27523
2018-11-15,396.4,400,390.5,393.8,16089
2018-11-16,397.775,403.5,390.5,393.575,12095
2018-11-19,392,407.5,390,400,20769
2018-11-20,391.05,396.5,387.5,392.5,16968
2018-11-21,388.55,393.025,387.5,393,8530
2018-11-22,382.15,390.85,376.3,387.55,14439
2018-11-26,378.4,385,373.35,385,11582
2018-11-27,380.25,384.95,374.875,377,24947
2018-11-28,381.275,384,378.35,384,15085
2018-11-29,378.325,384.025,375.1,384,7233
2018-11-30,375.775,388.925,375,377.5,68593
2018-12-03,376.85,381.375,373.25,381.375,13978
2018-12-04,380.05,381.475,374.875,379.5,12779
2018-12-05,378.675,384.475,375.025,380,9466
2018-12-06,372.05,379.925,370.75,379,12037
2018-12-07,372.45,378.475,370.5,373.5,9423
2018-12-10,370.475,374.5,366.775,368.825,8971
2018-12-11,370.65,374.475,361,368.5,20366
2018-12-12,372.225,373.55,368.5,372.5,15415
2018-12-13,367.225,376.15,363.05,375.75,46840
2018-12-14,362.225,366.9,358,365.95,41894
2018-12-17,357.45,367.5,356.2,362.225,29690
2018-12-18,366.175,368.125,356,357.5,38763
2018-12-19,370.775,376.325,367.675,368,71682
2018-12-20,365.125,371,364,371,29462
2018-12-21,362.225,368.175,358.075,366.925,50217
2018-12-24,363.375,367,358.325,360.625,16500
2018-12-26,362.45,367.575,357,366,21872
2018-12-27,361.45,367.5,359,364.925,13717
2018-12-28,365.925,369.425,352.6,363.525,33812
2018-12-31,366.4,368.025,363,367,9803
2019-01-01,369.325,370.975,363.3,364.75,8473
2019-01-02,369.475,371,365.65,369.25,6435
2019-01-03,373.425,375.5,369.1,371.7,17985
2019-01-04,374.9,377.5,367.5,376.075,11754
2019-01-07,376.85,379,371.725,377,12617
2019-01-08,376.825,380,373.625,378.5,11554
2019-01-09,370.45,379.1,369.975,375.5,59085
2019-01-10,376.75,379.05,370,370.5,14885
2019-01-11,378.775,380.375,376,376.5,15375
2019-01-14,376.825,379.5,371.775,378,6620
2019-01-15,378.7,382.5,376.35,378.5,68571
2019-01-16,374.4,381.45,373.325,380,7161
2019-01-17,369.875,377.775,368,373.5,9981
2019-01-18,374.3,379.5,365.1,370.05,13437
2019-01-21,371.675,378.975,370,378,8419
2019-01-22,371.15,373.775,368,370.5,3610
2019-01-23,368.175,373.325,367.55,369.925,30667
2019-01-24,361.55,368.525,360,368,15564
2019-01-25,360.3,370,357.575,362.875,16813
2019-01-28,365.5,367.5,357.15,357.15,26120
2019-01-29,367.275,367.5,361,364,11100
2019-01-30,362.2,369.5,360.5,365.525,13020
2019-01-31,367.075,369.75,359,362.2,13711
2019-02-01,373.875,379,361.7,369.975,10751
2019-02-04,360.05,370.5,352.5,370.5,38735
2019-02-05,367.275,368,359.5,359.5,10204
2019-02-06,363.575,371.15,360.5,368.425,11025
2019-02-07,365.2,367.25,362.5,363.95,23720
2019-02-08,373.45,375,363,363,25683
2019-02-11,372.95,377.5,371.05,377.45,8580
2019-02-12,373.325,375,369,371,3900
2019-02-13,381.175,382.5,369.925,374.975,24787
2019-02-14,380.15,384,371.5,382.5,15658
2019-02-15,370.325,379.975,369,378.5,10260
2019-02-18,372.175,383.425,370,374.75,24612
2019-02-19,376.45,379.95,372.175,372.175,7296
2019-02-20,373.625,377.925,370.5,374,7763
2019-02-21,365.4,377.9,363.5,374,542131
2019-02-22,365.625,369,362,366,19964
2019-02-25,373.95,375.5,365.525,365.575,19749
2019-02-26,373.9,375.4,366.525,373.85,10672
2019-02-27,369.4,371.675,369,371.55,6287
2019-02-28,373.9,376.1,367,367,8062
2019-03-01,370.325,377.95,369.5,372.5,10170
2019-03-05,375.25,380.25,357.325,372.5,4092827
2019-03-06,375.4,393.975,364.15,380.75,283713
2019-03-07,375.125,383.5,374,378.95,58813
2019-03-08,376.975,378.5,370.825,375.5,27883
2019-03-11,378.45,382.475,375,377.325,35347
2019-03-12,379.675,382.375,372.5,380.675,73382
2019-03-13,370.5,381.425,370.025,379.5,520441
2019-03-14,377.8,379.95,370,370.475,401029
2019-03-15,375.35,389.5,371.5,379.025,575763
2019-03-18,382.9,383,372.475,377.475,468915
2019-03-19,379.625,383.5,376.525,382.425,30303
2019-03-20,376.075,382.45,374,380.975,141234
2019-03-22,376.175,381.7,374.65,379.95,32637
2019-03-25,377.175,378.95,374,374,25819
2019-03-26,380.15,381.5,375,377.25,28682
2019-03-27,380.125,381.575,377.225,381.025,39346
2019-03-28,381.35,384.325,380,382.5,25222
2019-03-29,385.375,388.5,381,381,63391
2019-04-01,406.625,409.075,385,388.5,121551
2019-04-02,418.2,422,401.325,410,121567
2019-04-03,414.35,427.2,410.525,421,69595
2019-04-04,421.575,424.75,412,412.025,29003
2019-04-05,422.425,426.675,420.275,423.5,18228
2019-04-08,424.6,426.5,417.55,420,21690
2019-04-09,421.3,422.5,418.625,422.5,13267
2019-04-10,419.8,425,418.75,421.3,17828
2019-04-11,424.7,426,417.5,418.5,16982
2019-04-12,425.1,427.025,420.575,424.475,31753
2019-04-15,437.75,440.55,422.45,425.5,107913
2019-04-16,437.55,441.65,435,440,29041
2019-04-18,452.85,462,428.625,437.5,115251
2019-04-22,447.425,450,438.6,450,72978
2019-04-23,448.65,453.475,444.375,447.425,72555
2019-04-24,449.7,451,447.475,448.225,14597
2019-04-25,449.75,454.45,446.775,449.5,12065
2019-04-26,442.225,451.5,440.5,450,38584
2019-04-30,440.375,444.6,435,441.05,34310
2019-05-02,443.725,452.5,440.5,448,48565
2019-05-03,440.275,449.725,437.55,448.2,24437
2019-05-06,439.525,445.425,439,442,24717
2019-05-07,438.175,445.25,435.55,440.825,37845
2019-05-08,431.025,437.9,430.05,437.9,16162
2019-05-09,433.775,435,430.5,431.025,15297
2019-05-10,434.15,439.5,430.15,437.45,22895
2019-05-13,421.1,435.475,410.3,432.05,89719
2019-05-14,402.475,419.5,390,419.5,128765
2019-05-15,387.375,410.675,383.525,410.675,155471
2019-05-16,387.275,391.725,381,385,64858
2019-05-17,400.475,401,381.075,387.5,30367
2019-05-20,408.375,419.7,404,419.5,36148
2019-05-21,406.35,412.5,400,411.975,23068
2019-05-22,408,410.4,400.775,405.5,31008
2019-05-23,399.375,417.125,390.625,407.675,66626
2019-05-24,408.025,410,395,399.375,73026
2019-05-27,419,425,409.35,413,37487
2019-05-28,417.375,423.5,412.5,423.5,29892
2019-05-29,420.45,425,417.5,417.5,24535
2019-05-30,417.35,425,414.05,420,92082
2019-05-31,421.825,425,417.675,422.5,27177
2019-06-03,424.85,425,418,423.95,20314
2019-06-04,422.875,426.975,420.55,426.975,19466
2019-06-06,421.05,424.95,418.975,423.725,14161
2019-06-07,424.075,425,418.075,418.175,25805
2019-06-10,424.975,430,421.6,425,30907
2019-06-11,419.675,427.25,418.525,427.25,35683
2019-06-12,417.925,422.45,417.5,422.45,17999
2019-06-13,414.6,420.675,412.125,420.5,29419
2019-06-14,412.3,416.675,409.075,415,32906
2019-06-17,412.45,424.5,411.5,413.5,33524
2019-06-18,417.15,422.475,407.7,416.1,37510
2019-06-19,417.475,423.425,414.4,417.75,25356
2019-06-20,414.125,421.7,412,419.975,22321
2019-06-21,416.425,425,410.8,414.125,57838
2019-06-24,424.425,425,416.875,416.875,59336
2019-06-25,424.15,426.85,422.525,426.85,33340
2019-06-26,439.8,451.15,417.65,421,158853
2019-06-27,434.75,446.7,431.1,446.7,50602
2019-06-28,433.65,445,417.4,434.5,155246
2019-07-01,449.15,452.6,429.5,433.65,114845
2019-07-02,463.8,499,448,448,233228
2019-07-03,466.1,469.75,460.45,467.5,122181
2019-07-04,463.2,482,458,467.7,111319
2019-07-05,443.2,467.5,432.75,467.5,191470
2019-07-08,437.85,449.2,431,440,127535
2019-07-09,432.15,447.85,430.5,437.85,87188
2019-07-10,427.15,439,422.5,433,52486
2019-07-11,427.35,433.75,424.6,429.65,55409
2019-07-12,423.3,429.35,422,427.35,37795
2019-07-15,423.25,426.75,418.6,422.3,32097
2019-07-16,421.75,428.35,419.8,423.25,83370
2019-07-17,424.3,425.9,420,422.2,33279
2019-07-18,419.15,426.85,414.1,421.75,87103
2019-07-19,421.8,429.6,408.1,421,167421
2019-07-22,418.4,424,408,416,65051
2019-07-23,409.65,419.9,408,416.05,42302
2019-07-24,404.15,412.5,403.1,410,133527
2019-07-25,403.75,406.2,401,404.15,344971
2019-07-26,408.85,414.3,395,406.5,95446
2019-07-29,406.3,416.8,402.9,408.85,44793
2019-07-30,402.65,411.7,400.2,407.15,245871
2019-07-31,419.3,424,399.5,404.9,95865
2019-08-01,427.2,434.1,411.1,411.1,48360
2019-08-02,428.4,432.85,416.65,421,76408
2019-08-05,435.5,449.9,420.55,430,111437
2019-08-06,428.95,444.95,416,432,102944
2019-08-07,430.1,439.95,428,429.05,65132
2019-08-08,431.7,437.45,428.2,433,21813
2019-08-09,430,437,428,434.8,35340
2019-08-13,423.6,433.95,422.55,430.8,49096
2019-08-14,431.95,434,421.55,427,33657
2019-08-16,426.9,432,420.6,420.6,18810
2019-08-19,420,429,415.55,425,37652
2019-08-20,424.95,427,418,418,87571
2019-08-21,425.6,430,419,426.95,24666
2019-08-22,422.4,425,419.65,425,22486
2019-08-23,422.45,425.45,415.5,418.2,36423
2019-08-26,437.95,439.45,423.1,428.5,196034
2019-08-27,448,449.95,439.1,440,119338
2019-08-28,441.85,456.4,435.3,445,202003
2019-08-29,453.65,455.9,439.55,439.55,124898
2019-08-30,458.85,460,447.05,453.9,125342
2019-09-03,461.75,464,454.8,461.9,152157
2019-09-04,462.15,470.95,459.55,462,138147
2019-09-05,460.8,466,452.55,463.3,93547
2019-09-06,483.5,487.5,463.3,465.2,221586
2019-09-09,492.4,514,487.2,493,404635
2019-09-11,492.35,499.45,490.05,495.5,247119
2019-09-12,487.6,498,483.4,495.35,143215
2019-09-13,484.45,497.4,482,492.1,182888
2019-09-16,486.9,504,481,483,321008
2019-09-17,481.65,496.8,474.5,490.8,175562
2019-09-18,478,489.45,476.05,486.75,81656
2019-09-19,467.1,480.4,462,480,76519
2019-09-20,490,498,468.85,470,1346689
2019-09-23,495.9,516.4,485,504,254105
2019-09-24,500.65,509,491.2,498,82088
2019-09-25,498.25,514.85,495,510.1,230024
2019-09-26,500.6,507.9,497.1,500.1,75280
2019-09-27,497.15,507,495,503,104273
2019-09-30,506.35,507.55,496.55,497.1,89450
2019-10-01,498.8,510,495,507.6,63316
2019-10-03,503,507.55,498.95,502.5,63646
2019-10-04,490.4,505.45,480,504.95,54213
2019-10-07,491.8,510,485,487,142958
2019-10-09,491.25,496.95,489,493.4,72159
2019-10-10,489.8,497.4,485,491.5,63454
2019-10-11,498.1,499.65,491.1,492.4,77635
2019-10-14,499.9,503.9,496,496,72409
2019-10-15,496.65,504.45,492,502.25,39868
2019-10-16,495.55,502,493.4,496.3,153413
2019-10-17,500.45,503,494,496.15,104665
2019-10-18,528.45,532,500,502.5,293814
2019-10-22,520,544,510,532,164260
2019-10-23,527,537,519.85,524,116170
2019-10-24,539.15,541,527.05,533,149458
2019-10-25,533.6,545,528.55,541,53448
2019-10-28,547.15,550,535,535,44996
2019-10-29,538,551,531,550.95,76119
2019-10-30,538.15,553.6,534.05,543.7,124620
2019-10-31,545.95,552,539.05,540,94594
2019-11-01,544.4,558.65,540,550,123944
2019-11-04,564.95,629,532,626,736349
2019-11-05,563.9,569.9,559.55,568,128022
2019-11-06,570.8,574.9,564.3,564.3,135150
2019-11-07,560.8,578,555.05,573.85,101173
2019-11-08,550.75,566.65,550.15,560.55,113482
2019-11-11,547.9,551.85,542,548.55,73380
2019-11-13,545.4,553.6,545,550.85,62837
2019-11-14,547.8,558,540,546,208551
2019-11-15,545.6,550,540.1,546.7,64611
2019-11-18,550.4,555,545,545.05,81279
2019-11-19,550.35,560,543.1,550.4,95335
2019-11-20,570.25,574.8,546.3,550.35,142020
2019-11-21,571,577.8,562.25,574.85,89547
2019-11-22,571.9,575,566,575,50803
2019-11-25,580.2,584,567.7,574.4,101110
2019-11-26,587.2,598,581.95,582,121328
2019-11-27,583.3,600,570.05,593,125948
2019-11-28,587.55,596.35,576.1,580,89454
2019-11-29,585.75,590,581.05,587,40911
2019-12-02,587,595,582,589.5,111378
2019-12-03,578.05,590,575.05,588.95,263447
2019-12-04,589.8,590,576.3,581.25,68119
2019-12-05,600.9,604,585.6,591.95,225767
2019-12-06,602.4,608.35,596.3,604.8,124491
2019-12-09,608.4,614.9,595.4,604.1,92491
2019-12-10,622.55,624,608.05,611.8,143863
2019-12-11,615.4,622.9,601,622,145192
2019-12-12,613.1,620.8,609.2,617.9,98498
2019-12-13,610.15,621.5,608.1,615.25,80436
2019-12-16,605.95,621.5,602.35,613.25,108533
2019-12-17,607.6,612.45,606,608.1,142420
2019-12-18,603.25,610.7,600,608.8,72595
2019-12-19,604.95,606.25,602.45,604.5,58519
2019-12-20,621.45,625,602.05,605.5,213752
2019-12-23,631.2,640,622,624.95,175826
2019-12-24,619.75,635.95,618.5,634.2,142369
2019-12-26,615.15,625,613,622.5,102148
2019-12-27,613.1,620.5,611,618.3,115125
2019-12-30,612.45,618.8,610,616.6,124455
2019-12-31,615.75,625.5,613.35,615.45,246569
2020-01-01,615.15,622,614.1,618.25,146160
2020-01-02,621.8,625.85,615.5,618.7,223722
2020-01-03,629.4,631.15,621.5,624.2,120926
2020-01-06,625.55,629.1,616.4,625.4,102197
2020-01-07,630.4,634.6,627.2,630,174547
2020-01-08,626.75,630,617,625.7,93016
2020-01-09,630.45,633.05,628.1,630,69817
2020-01-10,635.1,640,630.1,633.45,106484
2020-01-13,642.35,643.95,637,641,66701
2020-01-14,641.6,650,633,644,141230
2020-01-15,647.55,655,644.45,645.8,136432
2020-01-16,665.15,669.95,650,652.8,141395
2020-01-17,678.55,682,668.85,677.8,182483
2020-01-20,695.55,698.95,680.05,683.7,202590
2020-01-21,691,700,685.45,696,113496
2020-01-22,681.2,699.45,676.35,694.4,97719
2020-01-23,678.65,686,665.3,686,212256
2020-01-24,691.55,696.7,675.1,675.1,267551
2020-01-27,707.8,710,692.15,694.5,212952
2020-01-28,714.6,720,710,713,153887
2020-01-29,720.9,724.7,714,718.85,148566
2020-01-30,723.7,725,710,725,135193
2020-01-31,737.15,743.95,721.75,723.7,325591
2020-02-03,720.6,740,705,732,278430
2020-02-04,738.5,745,723,729.75,177047
2020-02-05,739.25,750,731.35,743.1,171599
2020-02-06,739.55,749.9,735.25,742.75,100340
2020-02-07,740.7,744.5,735.8,743.8,88889
2020-02-10,752.15,757.05,723.8,742.45,234513
2020-02-11,782.05,800,753.1,757.95,517315
2020-02-12,792.5,807,783.1,788.7,402004
2020-02-13,789.55,800,784,797.3,204731
2020-02-14,795,804.45,783,794,208173
2020-02-17,815.85,830,795.05,799.95,416333
2020-02-18,816.2,826.1,810,819.6,307228
2020-02-19,813.85,823.8,810,820,153534
2020-02-20,805.15,818,795.05,813.85,238746
2020-02-24,799.25,810.1,795,807,209131
2020-02-25,791.9,803.7,790,800.55,165568
2020-02-26,762,791.85,758,791.85,209054
2020-02-27,720.8,761.5,710,758,484429
2020-02-28,696.5,717.9,690,690,342732
2020-03-02,692.4,716.95,686,705.3,305683
2020-03-03,697.4,703,690.05,695,260659
2020-03-04,691.95,695.95,680.25,692,230942
2020-03-05,703.5,715.1,687.45,695.45,306050
2020-03-06,702.95,707.4,678,680,247417
2020-03-09,661.65,689.55,645.15,675,533172
2020-03-11,673.55,688.15,662.35,665,313522
2020-03-12,656.55,665,603.05,636.3,574818
2020-03-13,648.8,675,580,591,457634
2020-03-16,639.45,660,605.1,640,226321
2020-03-17,622.35,660,615,655,336038
2020-03-18,599.85,640,594.95,630.45,279241
2020-03-19,565.25,605,525,575,511468
2020-03-20,594.05,610,537.1,558,414113
2020-03-23,506.75,590,501,528,442954
2020-03-24,516.75,544,500,521.5,253914
2020-03-25,512.9,528.8,500,500,351874
2020-03-26,575.1,598.75,520,521.1,417443
2020-03-27,599.8,615,550,596,338361
2020-03-30,596.1,609,560.6,575,285154
2020-03-31,598.95,618.7,591.35,606,164962
2020-04-01,584.35,606.25,574.2,606,219564
2020-04-03,600.55,603.9,570.35,600,167791
2020-04-07,621.6,632.9,600.2,610,308486
2020-04-08,618.1,631.95,608,629.95,331171
2020-04-09,621.6,633.2,612.1,620,290088
2020-04-13,619.4,628,605.8,626,177512
2020-04-15,614,625,611,618.05,203329
2020-04-16,604.25,617.65,602,607.25,151526
2020-04-17,609.1,618,606.1,613,147577
2020-04-20,607.6,619.8,602,613.2,287771
2020-04-21,599.25,604.95,590,600.05,234526
2020-04-22,615.5,623,590,595.5,136566
2020-04-23,615.65,625.2,608.45,623,182384
2020-04-24,604.1,620.6,601,616,101022
2020-04-27,602.75,610.45,601.1,609.8,103557
2020-04-28,609.3,615,602,605.5,147871
2020-04-29,614.85,627,607.4,611.65,234780
2020-04-30,635.8,649,620,622.3,585823
2020-05-04,607.8,617,601.25,617,213613
2020-05-05,606.4,624.95,604.7,612.5,152560
2020-05-06,605.3,611,602.35,611,98774
2020-05-07,600.15,607.3,590.1,607.3,172198
2020-05-08,603.2,607.15,596,607,129578
2020-05-11,612.3,617.95,603.2,603.2,158616
2020-05-12,612.8,616.9,605,614.85,105907
2020-05-13,611.65,630,602.2,630,289595
2020-05-14,607.85,613.75,603.25,609.5,103373
2020-05-15,597.45,610.25,596.2,610.2,219889
2020-05-18,587.35,602.45,580.55,599,208617
2020-05-19,604.3,606,587.5,593.2,175081
2020-05-20,613.5,615,604.05,604.3,117042
2020-05-21,655.7,665,613.55,615,451198
2020-05-22,657.85,680,645.55,661.9,603764
2020-05-26,661.35,670,645.5,660.3,253974
2020-05-27,646.7,665,635.55,664.15,173169
2020-05-28,641.9,662,636.3,651.05,212532
2020-05-29,676.55,688.8,638.05,644.25,706805
2020-06-01,710.35,717,681,681,744750
2020-06-02,737.9,750,713,713.8,514804
2020-06-03,765.8,769.3,745.05,764.9,387201
2020-06-04,776.9,780.75,755,770,332664
2020-06-05,755.45,785,753,785,295811
2020-06-08,720.45,774.25,707,759.45,695523
2020-06-09,659.95,725.9,652,720,1168386
2020-06-10,674.55,689,664,665,498444
2020-06-11,662.3,684,654.55,681,381664
2020-06-12,655.6,670,625.6,630,308238
2020-06-15,650.7,669.5,634.95,660.3,190934
2020-06-16,639.05,665,631.55,660.5,263925
2020-06-17,639.35,652,633.45,640,415292
2020-06-18,635.65,649.5,630.3,641.9,450013
2020-06-19,635,643.5,626.55,643.5,626280
2020-06-22,640.3,654.9,634.85,643.85,450440
2020-06-23,650.45,654.8,632.85,641.9,404274
2020-06-24,640.45,666.55,637.4,660,535042
2020-06-25,639.95,652,632,635,419380
2020-06-26,636.35,650,635.05,641,445326
2020-06-29,631.75,638,625.25,636,265417
2020-06-30,633.35,637.9,628,635,178678
2020-07-01,628.35,636.5,627,633.35,267727
2020-07-02,630.9,634.8,629,630.65,193987
2020-07-03,656.2,660,631.55,633.2,693198
2020-07-06,654.85,675,647.4,662.8,849957
2020-07-07,650.25,664,648.65,655,364189
2020-07-08,645.55,656.85,641,654.9,234398
2020-07-09,643,650.9,638.2,650.9,271700
2020-07-10,635.55,643,633,640,187168
2020-07-13,625.85,641,622,638.6,322624
2020-07-14,620.35,633.8,618.2,625,230577
2020-07-15,621.6,626.5,619,624.95,246679
2020-07-16,622.35,625.35,610,624.9,234192
2020-07-17,626.95,629,617.6,625.85,188760
2020-07-20,622.3,635.5,620.25,629.4,261696
2020-07-21,623,628,618.05,627,253176
2020-07-22,626.45,635,620.55,621.3,404451
2020-07-23,624.6,629.85,621.75,627,182629
2020-07-24,619.5,627.75,615.8,623,263949
2020-07-27,609.9,623.25,608,623.25,187929
2020-07-28,599.45,615.5,597,610,367022
2020-07-29,601.35,612.65,599.5,600,307329
2020-07-30,590.85,610,587.1,610,391760
2020-07-31,595.2,603.9,578,595.05,593561
2020-08-03,594.55,610,589.5,598,549023
2020-08-04,613.75,618,595.5,596.15,364476
2020-08-05,630.85,634,615.65,618.4,464874
2020-08-06,630.8,639.75,630,635.45,255805
2020-08-07,637.2,639,622.25,625.6,224898
2020-08-10,639.9,646,635.45,639.9,249045
2020-08-11,631.4,643.9,625,643.65,212274
2020-08-12,629.2,633.8,624.25,628,146127
2020-08-13,629.45,632.3,625,625.65,131942
2020-08-14,630.05,633,625,633,172117
2020-08-17,640.35,643.8,630.6,632,234401
2020-08-18,646.35,651,636.75,642,328057
2020-08-19,647.45,654.8,640,649.65,275220
2020-08-20,640.95,649.75,635.15,646.9,130321
2020-08-21,641.25,649.85,639,644.15,175655
2020-08-24,638,649.75,635.95,644.05,158902
2020-08-25,639.9,645,633.65,641.7,280774
2020-08-26,639.3,640,634.45,639.9,242697
2020-08-27,639.85,648,636.1,642.5,258568
2020-08-28,660.1,669.75,638.35,643.2,932051
2020-08-31,655.4,672,640,669,520235
2020-09-01,643,655.5,640.7,652.4,180513
2020-09-02,643.85,650.9,637.35,646,155412
2020-09-03,649.9,653.85,642,650,144970
2020-09-04,656.65,683.4,635,635,859262
2020-09-07,648.5,666,645,658,158839
2020-09-08,644.9,659.4,641.4,650,157642
2020-09-09,635.6,644,625,644,237888
2020-09-10,639.2,650,636,636,100755
2020-09-11,641.6,647,632.8,643,130587
2020-09-14,660.85,668,643.15,647.6,282748
2020-09-15,664.35,667.5,653,666.95,131673
2020-09-16,675.75,678.9,665,666.9,247284
2020-09-17,672,692.95,670,675.4,399068
2020-09-18,673.8,681.25,655.4,675,307655
2020-09-21,653.1,677.2,645,673.8,145180
2020-09-22,637.7,650,610,650,300171
2020-09-23,648.65,659.6,625,640.9,229795
2020-09-24,632.3,645,625.35,642.25,155535
2020-09-25,640.65,653.3,635.05,635.5,159876
2020-09-28,657.3,668.3,643.2,644.5,182831
2020-09-29,657.65,668.85,650.7,664.7,147115
2020-09-30,666.65,669,650.75,657.65,142703
2020-10-01,658,672,655,672,129393
2020-10-05,674.2,676,659,664,159298
2020-10-06,677.65,685.8,672.8,676,212397
2020-10-07,671.5,678.9,666,677.2,85495
2020-10-08,650.3,678,645,678,132310
2020-10-09,649.05,659.4,646,650.7,93904
2020-10-12,663.05,665,649.3,650,127491
2020-10-13,664.6,669.9,655,663.05,72036
2020-10-14,671.05,676,658,664.2,124029
2020-10-15,661.9,675,650,675,124775
2020-10-16,662.9,671.8,653.6,662,68666
2020-10-19,672.25,675.45,655.1,663.15,109356
2020-10-20,666.05,674.85,661.05,672.25,98725
2020-10-21,666.65,676.1,660.1,668.9,98450
2020-10-22,657.5,669.95,655.1,669.95,76252
2020-10-23,658.25,666.8,657,660.8,70065
2020-10-26,656.75,664.95,655,660.5,88092
2020-10-27,659.4,662.8,650,655,273991
2020-10-28,663.85,674.9,659.4,659.4,110132
2020-10-29,658.5,662.7,651.15,661,69598
2020-10-30,660.4,669,656.7,662.6,77256
2020-11-02,664.35,669.5,655,668,213930
2020-11-03,685.85,689.35,665,665,406782
2020-11-04,692.6,705.55,665,694.15,301898
2020-11-05,703.15,706.9,689.15,693,213293
2020-11-06,698.9,710.85,695,707.5,130190
2020-11-09,701.1,709.9,695.3,702.4,260924
2020-11-10,691.15,704.1,681.5,702.05,122644
2020-11-11,692.8,698.4,680.05,692,100706
2020-11-12,692.25,699,685.95,693,164842
2020-11-13,725.35,730,687.85,695,432382
2020-11-16,738.9,750,729,739.5,126932
2020-11-17,748.65,752,733,747.55,241222
2020-11-18,741.7,756.9,739,756.9,151115
2020-11-19,729.2,751.85,725,740,126602
2020-11-20,738.6,746.85,720.2,734.45,158248
2020-11-23,729.3,749.4,725.6,740,320501
2020-11-24,722.9,738.6,717.2,732,139936
2020-11-25,720.15,734.95,718,729,123046
2020-11-26,736.15,739.95,722.3,724.9,91360
2020-11-27,737.6,741.95,730.85,739.85,190543
2020-12-01,728.95,741.1,724,737.25,164457
2020-12-02,727.5,735,725.35,734,164622
2020-12-03,727.6,735,724.15,731.6,104805
2020-12-04,726.85,732.05,725,728.1,109553
2020-12-07,719.6,732,715.45,730.3,389335
2020-12-08,719.15,726.05,716.9,721,151710
2020-12-09,722,727.3,719.15,720,117766
2020-12-10,740.1,744,720,720,296164
2020-12-11,739,747.9,728,743.8,145238
2020-12-14,728.6,746.95,726,745.15,180858
2020-12-15,735.25,742.5,725.1,732.2,215720
2020-12-16,760.05,763,736,740,462018
2020-12-17,765.3,774.4,760.55,769.55,359132
2020-12-18,786.75,795.4,755.3,764.55,894885
2020-12-21,766.85,802.6,755,789.95,603043
2020-12-22,793.05,799,750.55,761,461413
2020-12-23,783.4,802.35,780,797.95,290515
2020-12-24,805.05,809.6,781,791,977239
2020-12-28,806.55,815,805,813.8,208912
2020-12-29,799.6,812.05,792,810.6,111231
2020-12-30,801.3,812,796.55,800.05,119421
2020-12-31,809.7,814.8,800.25,804.45,147002
2021-01-01,828.35,834.4,808.75,809,229319
2021-01-04,837.15,849.8,829.5,831.5,440373
2021-01-05,893.9,914.55,835,837.15,632912
2021-01-06,898.85,928,865,919,767088
2021-01-07,879.55,911.9,866,911.9,325126
2021-01-08,891.65,898.45,874,885,314407
2021-01-11,891.35,910,877.3,905.4,262148
2021-01-12,884.55,894,881,891,117502
2021-01-13,885.3,895,855,884.9,240896
2021-01-14,862.25,892.6,850.25,878.6,244123
2021-01-15,847.55,872.95,840,868.9,152775
2021-01-18,821.25,859.5,815,847.55,207254
2021-01-19,839.4,843.9,825.4,825.4,159310
2021-01-20,839.2,862.85,835,843,200445
2021-01-21,843.65,859.3,837.15,845,192257
2021-01-22,835.9,856,815,847.9,164792
2021-01-25,826.2,853.7,821,853.7,115495
2021-01-27,828.65,846,820,829.4,255976
2021-01-28,838,845,815,816.2,146096
2021-01-29,823.7,851.2,820.1,844.95,132889
2021-02-01,830.55,848,817.05,831.75,250109
2021-02-02,835.9,852,831.75,840,183616
2021-02-03,838.25,845.15,831.65,845.15,190053
2021-02-04,841.7,843.85,834,843,107728
2021-02-05,882.8,893.75,840,844.8,799679
2021-02-08,874.55,899,864.05,890,443122
2021-02-09,878.9,883,874.95,882.4,313688
2021-02-10,893.9,897.9,877.1,880.05,237538
2021-02-11,893.85,903.5,885.2,895,235391
2021-02-12,873.1,895.1,868.85,895.1,150962
2021-02-15,874.1,890,870.1,873.1,114290
2021-02-16,874.65,881,854,878,108907
2021-02-17,865.4,880,856.85,874.65,126848
2021-02-18,876.2,883.15,865,871.5,110452
2021-02-19,874.05,880,865.1,870,171275
2021-02-22,857,874,853,870,98440
2021-02-23,875.75,889,850.35,859,130681
2021-02-24,879,885.5,854.8,880,63087
2021-02-25,869.5,890.5,866,883.4,165244
2021-02-26,854.85,873.3,840.7,850,180122
2021-03-01,838.45,875,832,864.95,239148
2021-03-02,837,853.6,833.2,848.4,152176
2021-03-03,838.95,859,836.1,845,181144
2021-03-04,839.7,849.4,836.15,840,118784
2021-03-05,837.55,846.35,833.25,843,100312
2021-03-08,841,859,837.55,842,154351
2021-03-09,841.1,847.7,831.05,843,105313
2021-03-10,845.65,851.7,840,840,76554
2021-03-12,851,858,845,846,111533
2021-03-15,834.4,853.9,830.05,851,113643
2021-03-16,827.85,849.45,825.55,836,167438
2021-03-17,823.5,840,821,836.2,148511
2021-03-18,837.45,840,822.5,825,125364
2021-03-19,849.75,862,825.2,836.9,269278
2021-03-22,870.4,879.6,840,862,173965
2021-03-23,870.4,879.95,865.55,870.4,137966
2021-03-24,877.95,918.9,861.5,872,927463
2021-03-25,849.6,887.9,842.2,863,261352
2021-03-26,880.55,884.55,852.05,859.5,150658
2021-03-30,882.25,909,875.15,885,219693
2021-03-31,876.4,899.3,870,889,122406
2021-04-01,904.35,910,881.05,881.05,304844
2021-04-05,914,920.1,896.15,914.2,271897
2021-04-06,951.5,965.95,907.25,911,726590
2021-04-07,946.4,974.6,940.8,962,307440
2021-04-08,951.65,968.7,940.25,953.5,159842
2021-04-09,945.15,967.05,938.2,957,121774
2021-04-12,891.85,934.7,876.05,934.7,261916
2021-04-13,901.95,919.5,890,909.7,104960
2021-04-15,905,909,889.15,899,137817
2021-04-16,892.45,926.45,886,906,223728
2021-04-19,876,889.45,841,885,223183
2021-04-20,891,896.8,872.05,876,140384
2021-04-22,904.8,915,881,881,199719
2021-04-23,882.7,910.55,880,910.55,137724
2021-04-26,860.35,898.1,857.95,891.9,176955
2021-04-27,861.1,882.75,859.15,866.9,174604
2021-04-28,868.8,884.95,862.5,869.95,165655
2021-04-29,868.05,881.85,866,879.5,122077
2021-04-30,874.95,890,862.55,867.7,215378
2021-05-03,878.4,885,866.25,877.7,181064
2021-05-04,889.65,908.5,878.4,882,196103
2021-05-05,897.9,905.8,885.2,898.2,126634
2021-05-06,894.1,902.75,890.2,902,67311
2021-05-07,881.8,907.9,878.1,897.55,103601
2021-05-10,895.9,898.05,883.2,883.2,251499
2021-05-11,892.55,904,890,891,99054
2021-05-12,898.3,901.6,890.8,896.4,68563
2021-05-14,925.4,936,899,899,402818
2021-05-17,909.5,952,904,936,346743
2021-05-18,917.85,922,900,920,171986
2021-05-19,1011.95,1035,915.2,917,2137537
2021-05-20,1030.15,1085,992.2,1043.5,1746924
2021-05-21,1035.25,1071.1,1011.6,1046.15,846176
2021-05-24,1032.2,1039.25,1011.95,1035.25,235475
2021-05-25,1099.15,1125,1033.4,1040.1,958136
2021-05-26,1101.8,1136.8,1080,1105,559530
2021-05-27,1124.35,1164.75,1070,1097.5,380186
2021-05-28,1120.95,1140,1102,1130,234636
2021-05-31,1135.45,1147,1105,1105,253113
2021-06-01,1087.4,1145,1076.75,1140,372763
2021-06-02,1062.35,1111.2,1052,1094.4,479865
2021-06-03,1079.95,1089.95,1067.7,1075,226225
2021-06-04,1076.1,1094.4,1070,1075,161145
2021-06-07,1075.9,1097.95,1072.35,1085.9,140970
2021-06-08,1082,1092.35,1076.7,1084.8,133552
2021-06-09,1087.3,1116.25,1080,1080,266328
2021-06-10,1105.2,1120.8,1087,1087,198790
2021-06-11,1097.05,1127.2,1090,1108.3,129760
2021-06-14,1101.55,1114.9,1088.6,1099,117869
2021-06-15,1108.8,1116,1101.5,1107.45,108748
2021-06-16,1100,1110.4,1092.1,1110.15,1199164
2021-06-17,1099.4,1134.7,1091.05,1116,579996
2021-06-18,1125.4,1130,1092,1111,434098
2021-06-21,1107.05,1138.9,1102.6,1125.4,307270
2021-06-22,1108.35,1125,1105,1122.05,164572
2021-06-23,1175,1185,1102.1,1102.1,716815
2021-06-24,1189.35,1242.9,1175.1,1194.7,1839351
2021-06-25,1183.2,1207.25,1175,1199,249794
2021-06-28,1171.9,1219,1161.25,1186.5,423956
2021-06-29,1153.1,1185,1145.1,1178.3,219128
2021-06-30,1151.95,1180,1147.45,1159,191479
2021-07-01,1139.05,1163.4,1136,1161.25,186486
2021-07-02,1197.05,1215,1140,1148,414469
2021-07-05,1194.5,1213.45,1175,1203,291605
2021-07-06,1180.95,1209.95,1171,1199.9,349052
2021-07-07,1176.9,1191.4,1172.85,1185,131895
2021-07-08,1176.45,1189.9,1167.7,1183,127627
2021-07-09,1167.55,1187.95,1163.1,1180,130708
2021-07-12,1161.15,1188.9,1157.05,1177.8,172955
2021-07-13,1168.65,1184.35,1162.1,1162.1,184254
2021-07-14,1164.2,1175.85,1161,1172.9,133595
2021-07-15,1168,1172,1163,1171.9,89824
2021-07-16,1159.55,1195,1151,1171.2,317110
2021-07-19,1158.7,1171.75,1151,1158,109494
2021-07-20,1148.3,1168.5,1126.7,1158.7,128981
2021-07-22,1173.35,1177.95,1151.4,1160.45,192036
2021-07-23,1169.75,1179.65,1162.1,1175.8,97186
2021-07-26,1182.3,1186.45,1162.2,1168,154693
2021-07-27,1170.85,1195,1164.2,1190,114269
2021-07-28,1159.75,1180.15,1148.3,1179,133150
2021-07-29,1154.8,1172,1148,1172,101586
2021-07-30,1150,1159.65,1142,1157.9,104840
2021-08-02,1148.5,1157.4,1127.85,1140,223049
2021-08-03,1165.3,1182,1153.05,1156.9,205557
2021-08-04,1164.2,1175,1156.05,1174.2,81256
2021-08-05,1155.15,1172,1150,1169,95090
2021-08-06,1140.9,1162.3,1137.5,1162.3,111477
2021-08-09,1154.4,1158.25,1146.1,1149,68368
2021-08-10,1141.55,1160.7,1135,1156.5,109459
2021-08-11,1145.35,1150,1122.55,1142.6,92840
2021-08-12,1162.4,1168,1150,1155,109435
2021-08-13,1179.2,1180.05,1162.25,1171.95,196384
2021-08-16,1209.8,1238.45,1183,1189.35,892468
2021-08-17,1222.9,1253.95,1204.65,1221,595763
2021-08-18,1210.15,1245,1195.65,1232.85,246160
2021-08-20,1199.15,1209,1178.1,1209,200438
2021-08-23,1173.2,1220,1160.2,1210,198186
2021-08-24,1186.5,1193.9,1171,1179,89591
2021-08-25,1169.4,1194,1164.15,1194,141249
2021-08-26,1168.35,1177.6,1165,1173.8,75913
2021-08-27,1159.85,1169.8,1151.3,1167.3,157652
2021-08-30,1176.9,1188,1161.05,1168.55,138604
2021-08-31,1191.5,1214.6,1175,1190,360208
2021-09-01,1195.9,1205.95,1184,1200.1,165495
2021-09-02,1198.9,1216.4,1190.05,1205,162196
2021-09-03,1204.2,1225.4,1200,1209,275825
2021-09-06,1203.1,1230,1200,1214.35,235454
2021-09-07,1183.65,1211.85,1180,1210.9,189446
2021-09-08,1180.75,1196.55,1176,1183,157980
2021-09-09,1179.65,1188.7,1175.5,1182,144309
2021-09-13,1196.85,1200,1183.75,1187,166857
2021-09-14,1205.85,1225,1185.8,1210,236958
2021-09-15,1198.6,1221.5,1196,1208,219617
2021-09-16,1193.9,1211.4,1191.3,1209.4,146459
2021-09-17,1171.75,1207,1168.8,1196.15,431203
2021-09-20,1164.5,1184.95,1155.3,1175,270081
2021-09-21,1154.15,1175.5,1150.55,1170,288389
2021-09-22,1161,1181.85,1149.9,1164,344494
2021-09-23,1170.9,1177.8,1162.75,1172.4,287911
2021-09-24,1161.55,1193.3,1156.6,1179.95,274848
2021-09-27,1154.3,1176.05,1149.45,1176.05,278308
2021-09-28,1154.3,1164.5,1149.5,1164.4,260120
2021-09-29,1141,1161.7,1138,1156.85,299850
2021-09-30,1141.05,1170,1136,1148,322175
2021-10-01,1171.6,1178,1138.95,1140.8,603137
2021-10-04,1206.7,1215,1171.65,1171.65,741134
2021-10-05,1199.9,1222.95,1182.6,1213.2,365279
2021-10-06,1204.7,1210,1194.05,1210,199523
2021-10-07,1330.1,1349.85,1200.2,1200.2,1894059
2021-10-08,1312.55,1404.5,1300,1350.5,1326258
2021-10-11,1361,1381.8,1338.8,1350,618441
2021-10-12,1359.9,1382.2,1340.85,1364,239086
2021-10-13,1366.15,1371.4,1348,1369.8,176901
2021-10-14,1352.1,1368.85,1342.55,1364,145412
2021-10-18,1370.3,1392,1351,1360,227737
2021-10-19,1351.7,1381.2,1349,1379.8,143516
2021-10-20,1337.8,1360,1296.9,1340,235976
2021-10-21,1321.55,1354.9,1309.8,1348.2,195723
2021-10-22,1357.15,1367,1314,1326.45,191443
2021-10-25,1305.2,1374,1294.05,1374,181898
2021-10-26,1338.75,1353.05,1308.15,1310.4,173910
2021-10-27,1326.85,1359.8,1312.35,1347.6,206258
2021-10-28,1313.25,1332.8,1301.35,1327,112908
2021-10-29,1331,1339,1300,1314,105150
2021-11-01,1340.45,1347.95,1308,1331,128260
2021-11-02,1334.65,1346.95,1285,1322.2,232955
2021-11-03,1409.65,1420,1334.7,1345,799038
2021-11-04,1436.2,1448,1426,1429,154187
2021-11-08,1392.75,1445,1382.3,1439,322035
2021-11-09,1394.35,1414,1392,1402.8,143929
2021-11-10,1385.4,1402.5,1380,1392,83668
2021-11-11,1360.8,1391.1,1351.25,1380.6,110660
2021-11-12,1376.8,1379.95,1358.35,1366,74261
2021-11-15,1397.25,1403.95,1380,1388,124530
2021-11-16,1392.5,1417.9,1386,1396.85,113423
2021-11-17,1362.55,1392,1359,1392,98116
2021-11-18,1332.05,1370.15,1322.2,1369,144375
2021-11-22,1292.6,1346.85,1275,1321,377439
2021-11-23,1289.75,1303,1245,1287,235975
2021-11-24,1316.2,1346,1295,1302,195036
2021-11-25,1300.65,1333.9,1298,1319.8,142348
2021-11-26,1292.45,1324,1281.1,1296.9,152733
2021-11-29,1225.2,1249,1164.3,1226.2,655846
2021-11-30,1294.65,1312,1225,1225.2,305089
2021-12-01,1286.5,1301.5,1268.15,1291,131504
2021-12-02,1280.65,1297.7,1271.15,1288.9,122901
2021-12-03,1274.35,1288.7,1250.6,1288.6,123756
2021-12-06,1252.6,1284.5,1250,1284.5,106923
2021-12-07,1263.3,1268,1246.75,1259.2,76621
2021-12-08,1299.95,1304,1272.35,1272.45,140849
2021-12-09,1293.7,1335,1290,1310,199453
2021-12-10,1288.9,1300.4,1281.9,1300.4,180726
2021-12-13,1289.3,1299.9,1280.15,1298.7,103558
2021-12-14,1284.6,1298.8,1274,1291.8,75583
2021-12-15,1292.8,1298,1280,1289.85,56697
2021-12-16,1279.15,1300,1275,1299.65,75616
2021-12-17,1271.35,1275,1254.9,1270,175658
2021-12-20,1229.75,1258.6,1215,1258.6,240688
2021-12-21,1248.55,1256.2,1220,1220,101309
2021-12-22,1249.65,1265.45,1245,1264.95,116617
2021-12-23,1248.9,1260.35,1245,1260.35,136700
2021-12-24,1243.6,1255.5,1234,1255.5,94695
2021-12-27,1233,1254,1226,1254,82692
2021-12-28,1251.7,1259,1239.25,1240,121016
2021-12-29,1256.25,1260,1242.65,1250,51750
2021-12-30,1309.5,1321,1260,1265,231106
2021-12-31,1313.4,1336.85,1294.8,1316,184175
2022-01-03,1321.15,1332,1301,1315.7,165425
2022-01-04,1331.7,1343.55,1322,1323,131749
2022-01-05,1339.65,1345.1,1315.1,1335.45,109406
2022-01-06,1347.8,1361.9,1326.85,1335,148734
2022-01-07,1349.3,1373.9,1331.85,1340,157918
2022-01-10,1336.9,1364.4,1333.05,1359.55,89597
2022-01-11,1337.55,1363,1323.8,1345.15,105351
2022-01-12,1321.95,1353.05,1312.35,1336,113368
2022-01-13,1326.95,1351,1321,1332.55,99850
2022-01-14,1331.5,1348,1325.65,1330.55,87410
2022-01-17,1332.7,1369.7,1327.1,1340.8,155617
2022-01-18,1314.4,1344.6,1310,1343,79648
2022-01-19,1322,1327.6,1297.9,1315,79397
2022-01-20,1318.75,1331.15,1312.85,1322,50124
2022-01-21,1316.25,1325,1305.1,1319.25,74270
2022-01-24,1292.5,1318.05,1262,1318,172700
2022-01-25,1269.05,1319.7,1253.05,1291,190456
2022-01-27,1267.5,1283.85,1262.55,1270.45,110454
2022-01-28,1271.35,1299,1266,1275.9,94264
2022-01-31,1231,1270,1227.55,1270,322223
2022-02-01,1264.8,1270,1239.95,1242.2,148748
2022-02-02,1307.7,1324,1262.35,1273.25,220855
2022-02-03,1301.85,1339.85,1286.25,1323.65,143451
2022-02-04,1310.3,1318,1295.3,1299,119036
2022-02-07,1293.9,1319.15,1282.65,1319.15,161902
2022-02-08,1305.45,1315,1285,1302.95,991705
2022-02-09,1309.2,1332.5,1305,1314.25,388071
2022-02-10,1310.15,1332,1303.65,1319,81666
2022-02-11,1295.2,1311.1,1285.2,1285.2,62169
2022-02-14,1266.3,1287.6,1245.05,1253,139998
2022-02-15,1271.45,1276.2,1249.3,1250,101050
2022-02-16,1270.6,1291.2,1253.05,1279.8,91634
2022-02-17,1279.45,1296.5,1266.65,1279.9,145452
2022-02-18,1271.3,1277.4,1267.1,1271,49420
2022-02-21,1254.9,1279.9,1251,1269.95,102445
2022-02-22,1249.95,1260.05,1238,1242,149246
2022-02-23,1231.05,1271.45,1227.5,1256.15,132877
2022-02-24,1170.65,1230.7,1160.2,1220,254297
2022-02-25,1222.25,1234.4,1185.25,1185.25,106235
2022-02-28,1216.9,1225,1186.15,1208,99410
2022-03-02,1192.85,1226,1170.1,1216.9,158005
2022-03-03,1200.8,1217.9,1180.65,1210,166740
2022-03-04,1163.75,1203.85,1157.1,1203.85,191116
2022-03-07,1144.05,1174.45,1122,1154,211006
2022-03-08,1151.95,1158.6,1130.35,1144.05,211256
2022-03-09,1152.15,1176.4,1142.2,1160.55,210942
2022-03-10,1166.75,1199.75,1160.9,1178,127818
2022-03-11,1162.5,1174.75,1146.3,1174.75,143173
2022-03-14,1176.3,1182,1155,1168,104761
2022-03-15,1144.75,1185.75,1143,1184.75,181630
2022-03-16,1150.05,1161.95,1148,1155,125618
2022-03-17,1124.35,1169,1102.7,1164.9,841210
2022-03-21,1099.7,1134.7,1098,1134.7,493459
2022-03-22,1077.75,1096.5,1074,1096.5,327773
2022-03-23,1052.85,1086.45,1040.05,1085.9,1001252
2022-03-24,1049.65,1076.4,1043.3,1043.3,279803
2022-03-25,1041.3,1062.2,1033,1057.35,247415
2022-03-28,1022.65,1051.55,1013,1047,467104
2022-03-29,1026.55,1050,1005.85,1030.65,388436
2022-03-30,1062.9,1072,1038,1049.5,414669
2022-03-31,1066.35,1094.5,1060.1,1072,292817
2022-04-01,1084.35,1086.55,1068,1070,168839
2022-04-04,1121.1,1130,1099,1100,396846
2022-04-05,1146.4,1164.8,1125.1,1130,312144
2022-04-06,1154.95,1165,1103,1151.8,177862
2022-04-07,1151.8,1170.2,1141.2,1163,164805
2022-04-08,1169.75,1172.45,1150.15,1160,147076
2022-04-11,1162.6,1179.15,1154,1172,157280
2022-04-12,1127.25,1166.9,1116.95,1165.75,221785
2022-04-13,1131.4,1149.9,1128,1139.75,109835
2022-04-18,1104.8,1131,1098.2,1131,132129
2022-04-19,1095.75,1123.55,1090,1112.7,123334
2022-04-20,1111.45,1127.5,1100,1103.95,121426
2022-04-21,1134.9,1142,1117.9,1119.5,132703
2022-04-22,1109.7,1132,1105.5,1127,149441
2022-04-25,1101.9,1112.4,1090.35,1093.05,94746
2022-04-26,1092.85,1124,1085,1112,199965
2022-04-27,1078.05,1093.95,1073,1090,76987
2022-04-28,1093.75,1108,1080,1085.75,101381
2022-04-29,1081.6,1102.15,1075,1099.5,127251
2022-05-02,1084.6,1090.8,1067,1075,86958
2022-05-04,1073.95,1098,1064,1092.4,76385
2022-05-05,1083.75,1092,1075.45,1079.6,77695
2022-05-06,1071.9,1083.55,1062,1062,67410
2022-05-09,1085.35,1091.95,1046.55,1070,124642
2022-05-10,1047.9,1088.4,1042,1081.7,95094
2022-05-11,1029.5,1059.05,1019.25,1047.95,88747
2022-05-12,1018.75,1052,925,940,962245
2022-05-13,1018.3,1035,960,1020.2,147898
2022-05-16,1018.7,1036.95,1010,1036.95,58936
2022-05-17,1024.25,1038.8,1021,1026.1,74949
2022-05-18,1008.3,1048,1005.35,1030.9,84454
2022-05-19,992.65,1003.15,976.45,998.9,107220
2022-05-20,1000.15,1008.15,995,999.85,92083
2022-05-23,996.8,1012,992.5,1007.25,91454
2022-05-24,996,1001.95,989.1,1000,55366
2022-05-25,977.9,1000,974.65,1000,59011
2022-05-26,959.6,983.95,950,977.9,132834
2022-05-27,962.85,978.8,960,967.55,78843
2022-05-30,983.75,990,966,970.05,76890
2022-05-31,991.15,1008,978.05,990.6,132529
2022-06-01,983.8,1008.45,981,998.15,97211
2022-06-02,979.65,990.65,972.95,990.65,75646
2022-06-03,984.4,998.35,976.25,986.65,67467
2022-06-06,986.5,999.5,973,989,77736
2022-06-07,991.95,997.5,973.5,985.05,77159
2022-06-08,994.25,1012,990.1,997.7,75109
2022-06-09,984.1,994.25,981.1,994.25,56563
2022-06-10,984.85,991.05,975.55,984,65110
2022-06-13,974.9,992,962.05,975,353083
2022-06-14,975.15,983.3,966.3,977,60132
2022-06-15,988.15,993,973.4,980.3,61796
2022-06-16,965.3,1005,959.4,995.1,96562
2022-06-17,955.15,965,946.15,960,92507
2022-06-20,947.45,968.05,936,961,66996
2022-06-21,967.55,984,943,950.85,80237
2022-06-22,987.15,995,955,973,91970
2022-06-23,985.05,1016.8,975.05,987.3,143798
2022-06-24,985.15,995.15,977,995.1,42117
2022-06-27,977.75,997.3,975.05,992.65,76372
2022-06-28,965.05,984.55,960.1,977.75,71487
2022-06-29,965.1,977.95,961.35,962,49943
2022-06-30,963.85,975,956.25,965.1,58670
2022-07-01,972.35,979,960.1,961,41820
2022-07-04,977.65,986,966.2,974,63336
2022-07-05,980.1,998,974,984.7,68625
2022-07-06,979.75,987.15,976.05,986.95,46893
2022-07-07,975.25,997,972,986.65,106830
2022-07-08,986.65,996.05,972.55,982.1,128858
2022-07-11,999.4,1010,985,993.6,126838
2022-07-12,988.05,1003,982.6,991.5,70482
2022-07-13,981.3,994.5,975.05,992.9,40900
2022-07-14,986,993.75,974.65,988,68558
2022-07-15,984.8,994.4,982,986,45138
2022-07-18,980.05,996.85,976,991.65,86802
2022-07-19,977.2,986.95,971,984.95,123718
2022-07-20,979.55,998.85,977.2,991.6,142993
2022-07-21,985.3,989.95,980.4,986,75454
2022-07-22,1007.95,1037,988.5,992.15,383531
2022-07-25,1005.65,1030.85,1002.2,1020,132773
2022-07-26,988.85,1004.05,985.05,998.15,91610
2022-07-27,980,1009,953.45,996.35,414759
2022-07-28,981.3,993.7,972.95,993.7,197320
2022-07-29,982.7,999,979.9,985,177246
2022-08-01,1013.95,1020,990.6,995,215172
2022-08-02,1019.55,1033,1012.6,1021.1,152262
2022-08-03,1014.3,1026.95,1008,1026.9,104977
2022-08-04,1015.75,1027.6,1000.05,1021.65,165795
2022-08-05,998.4,1023.25,992.35,1016.05,187345
2022-08-08,1002,1011,995.25,1005.3,124470
2022-08-10,1002.75,1013,999,1009.2,143920
2022-08-11,1009.1,1014.7,1004.25,1010.45,123687
2022-08-12,1000.15,1016.5,999,1013,142232
2022-08-16,1003.05,1012,998.1,1007.45,131162
2022-08-17,1014.9,1018.5,998.1,1006.2,215325
2022-08-18,1018.4,1028.3,1008.75,1018,162296
2022-08-19,1001.15,1025,999,1024.45,160861
2022-08-22,987.1,999,982.6,991.5,118167
2022-08-23,986.95,993.95,978,980,104482
2022-08-24,986.1,993.95,982.9,987,88861
2022-08-25,988.05,998,984.85,993.05,72697
2022-08-26,984.05,995,980,990,100440
2022-08-29,981.05,984.85,951,951,128787
2022-08-30,1000.55,1002.45,985,989,123324
2022-09-01,1010.95,1014,996.35,1000.55,180718
2022-09-02,1006.5,1017.5,999.1,1017,115879
2022-09-05,1010.05,1019,1004.2,1010.1,85382
2022-09-06,1011.5,1017.6,1006,1016.9,74167
2022-09-07,1008.1,1014.7,1006.1,1008,58434
2022-09-08,1011.55,1018,1004.8,1014.7,76704
2022-09-09,1012.15,1018.75,1005,1018,99684
2022-09-12,1009.5,1019,1007.3,1017,102899
2022-09-13,1086.2,1107,1010.8,1014.5,1432213
2022-09-14,1077,1085,1057.05,1062.55,270854
2022-09-15,1065.35,1099,1057.5,1085.1,208184
2022-09-16,1078,1090,1057.8,1065.35,305568
2022-09-19,1068.3,1104.35,1052,1086.15,142718
2022-09-20,1088.3,1095.5,1071.55,1080.6,189049
2022-09-21,1076.5,1104.9,1071.55,1095,202518
2022-09-22,1074.75,1085,1070.05,1076.5,111425
2022-09-23,1044.15,1085,1031.7,1081.95,129631
2022-09-26,1014.75,1037.45,1000.25,1034.7,135434
2022-09-27,1019.9,1032,1010,1023.1,86091
2022-09-28,1005.35,1025,1000.1,1019,95571
2022-09-29,1017.05,1025,1002,1024.55,78592
2022-09-30,1006.85,1022.4,1000.05,1015,132206
2022-10-03,1013.45,1029,1007,1014,270148
2022-10-04,1021.35,1026.95,1016,1018.8,98518
2022-10-06,1010.15,1034.6,1007.7,1028.6,225313
2022-10-07,1010.7,1016.7,1009,1015.7,84063
2022-10-10,998,1010.6,994,1010,131578
2022-10-11,989.95,1004.45,986.05,999.05,109313
2022-10-12,984.25,995.95,982,994.85,114908
2022-10-13,974.95,990.8,969.2,988.2,190825
2022-10-14,977.4,988.65,975,982.45,75776
2022-10-17,965,980.7,954.55,974.1,791930
2022-10-18,968.2,978.8,962.55,969.85,123300
2022-10-19,964.05,981.55,962,969.75,151681
2022-10-20,967.15,975.45,960,964.05,86228
2022-10-21,969.65,979.8,963.55,963.55,121194
2022-10-24,981.05,984.8,972.05,976.1,40454
2022-10-25,978.75,987.55,975,985,67883
2022-10-27,969.45,985.05,968,983.9,82616
2022-10-28,963.4,974,960.15,973,80045
2022-10-31,967.35,971.45,964.9,965,54357
2022-11-01,972.35,977,967.5,968.1,92811
2022-11-02,976.55,979.6,972.5,977.2,105190
2022-11-03,932.25,950,910,911.05,956437
2022-11-04,937,941.7,925.9,934,218774
2022-11-07,936.6,947.3,929,940.5,214628
2022-11-09,935.75,943.8,933.25,943.8,119852
2022-11-10,924.95,936,924,936,109176
2022-11-11,924.35,935,920,932.05,130352
2022-11-14,922.35,930,921,924.35,87256
2022-11-15,916.7,928.2,915,922.35,108588
2022-11-16,909.6,922.6,907,922.6,170835
2022-11-17,908.55,913.1,906,913.1,106472
2022-11-18,889.95,914.45,880.5,913.1,284586
2022-11-21,897.6,900,886.55,892.95,123310
2022-11-22,895,909.5,890.05,897.05,231979
2022-11-23,889.95,905.45,883,900.65,478181
2022-11-24,906.95,910,892,896,327032
2022-11-25,918.75,922.95,901.45,911.5,159562
2022-11-28,933.4,938,922.05,925.05,123492
2022-11-29,938.45,947,932,932,138144
2022-11-30,945.65,948.4,940,943.15,94699
2022-12-01,952.4,956.5,944.15,950,153156
2022-12-02,956.05,957,945.05,952.45,72288
2022-12-05,948.55,962,945,962,79380
2022-12-06,946.65,953.2,945.5,952,42846
2022-12-07,946.8,951,937.2,946,59322
2022-12-08,937.15,949.05,931.85,948.65,74553
2022-12-09,941.45,945,933.55,937.15,62547
2022-12-12,939.4,941.45,928.15,941.45,65327
2022-12-13,931.4,942.95,928.55,940.9,59751
2022-12-14,930.9,937.6,928,932.05,57211
2022-12-15,929.85,947.55,923.2,935.6,124278
2022-12-16,923.65,934.45,915,934.45,56434
2022-12-19,920,925,911,923,49215
2022-12-20,924.3,927,915.8,920,48011
2022-12-21,914.35,928.85,909.65,924.3,64414
2022-12-22,904.25,920,900,910.65,79835
2022-12-23,888.45,905,880,899.2,175764
2022-12-26,884.45,899.85,880.75,888,558994
2022-12-27,901.1,909,880.55,884.9,360892
2022-12-28,914.6,917.6,902.2,907.3,139818
2022-12-29,911.95,914,898.1,914,59676
2022-12-30,910.05,924.1,905,915.95,59072
2023-01-02,907.15,915.8,905.9,910.05,32838
2023-01-03,900.35,908,898.3,908,73965
2023-01-04,891.8,906.45,883.05,904.3,59224
2023-01-05,889.05,901.35,872,897.45,506244
2023-01-06,896.4,899.45,886.55,889.6,59040
2023-01-09,890.3,908,885,898.4,93093
2023-01-10,890.8,894.8,887,894.8,40433
2023-01-11,892.05,899.9,889,890.8,43912
2023-01-12,898.2,899.3,892.5,894.95,47255
2023-01-13,891.95,901.95,889,900,36722
2023-01-16,886.2,894.5,885,891.55,50328
2023-01-17,890.4,899,885.55,886.2,45874
2023-01-18,886.2,896.9,885,894.25,59835
2023-01-19,866.55,883.9,865,883.4,147226
2023-01-20,840.45,863.85,839.1,858.25,422327
2023-01-23,816.85,840.45,812.65,840,383265
2023-01-24,817.4,840,813,813,187478
2023-01-25,833.6,836,818.95,818.95,142315
2023-01-27,810.3,833.4,808,830,474909
2023-01-30,807,816.55,800,810,100737
2023-01-31,820.1,835.95,801.2,807,224394
2023-02-01,811.95,830.25,803,830.2,83205
2023-02-02,796.1,819,790,805,354593
2023-02-03,804.7,809.65,793.85,796.9,101333
2023-02-06,776.15,793,773.55,791,671701
2023-02-07,792.25,802,774,775.5,200371
2023-02-08,785.8,798.15,785,792.45,112965
2023-02-09,780.25,788.95,778,785.5,96064
2023-02-10,788.55,790,777.15,780.25,66864
2023-02-13,788.75,793.85,781.05,789.95,61671
2023-02-14,783.25,790,776.8,784.05,66455
2023-02-15,787.55,792.6,778,778.6,58435
2023-02-16,784.05,791.05,780,791.05,58636
2023-02-17,779.1,783.25,778,780.1,57711
2023-02-20,770.75,780.4,770,777,99694
2023-02-21,789.8,792.2,772,773.8,115048
2023-02-22,784.45,794,780.05,793.75,83312
2023-02-23,777.3,787.8,775,787.8,59824
2023-02-24,776.35,784.8,772.6,776.9,78274
2023-02-27,773.05,783,772,776.35,64294
2023-02-28,777.9,780,771,774.8,33505
2023-03-01,776.5,788.35,773.15,780,68464
2023-03-02,772.2,780.1,768.05,780,65594
2023-03-03,769,780.8,767.1,772.95,97096
2023-03-06,762.15,779.05,760.6,770,159021
2023-03-08,760.5,766.5,756,762.45,87056
2023-03-09,752.95,766,751.1,763.55,85404
2023-03-10,757.65,760,748.05,752.05,108586
2023-03-13,757.25,759.95,748,759.8,111750
2023-03-14,762.2,767.8,750.1,755,115346
2023-03-15,768.35,772.95,756.6,765,125723
2023-03-16,768.25,774.45,752.15,768.35,137950
2023-03-17,781.4,801.75,757,772.1,172081
2023-03-20,786.15,790,760.1,760.1,118326
2023-03-21,818.35,825,786.15,787.1,175769
2023-03-22,838.5,842.05,811.65,822.45,207490
2023-03-23,829.25,840,822,836.05,265250
2023-03-24,814.05,832.6,805.4,830.05,190089
2023-03-27,802.1,811.7,790.85,810,133487
2023-03-28,815.1,826.8,797.1,802,140587
2023-03-29,841.2,847,810,815,195263
2023-03-31,850.95,858,832,841.2,194503
2023-04-03,849.05,861.9,843.55,858.45,82635
2023-04-05,838.95,849.05,835.3,849.05,50701
2023-04-06,832.85,845,831,837.95,59422
2023-04-10,822.95,836.95,820.25,832.95,42110
2023-04-11,818.85,834,814.85,823,45354
2023-04-12,813.95,822.35,812.75,818.8,57667
2023-04-13,815.05,822,806,816,36412
2023-04-17,808.35,814.65,801.05,811,64978
2023-04-18,817.35,820,803,803,50675
2023-04-19,811.8,829.95,807,819,747581
2023-04-20,825.4,839.95,812,812.5,268695
2023-04-21,826.2,855.95,819.15,831,305533
2023-04-24,822.3,832.7,820.65,829.95,40178
2023-04-25,827.8,830.4,818.55,822.3,60790
2023-04-26,830.7,834.95,826.8,826.85,52317
2023-04-27,843.95,845.9,823.3,825.75,109939
2023-04-28,843.25,846.25,832.05,843.95,67767
2023-05-02,851.65,857.95,845.05,847.5,64052
2023-05-03,843.35,853.15,840,853.15,49092
2023-05-04,850.7,855,838.8,847.65,58413
2023-05-05,841.65,854.75,840,846.5,58475
2023-05-08,843.55,848.6,840.65,844.15,35519
2023-05-09,842.8,849.6,836,843.5,62112
2023-05-10,868.9,880,842.8,845.25,220299
2023-05-11,899.8,906,877.05,888,505582
2023-05-12,891.6,909.8,885.7,905,141072
2023-05-15,876.25,889.5,872,885,97515
2023-05-16,875.65,887.95,871.2,878.95,55362
2023-05-17,880.3,884.95,872,872,69319
2023-05-18,874.25,889.9,870.6,882.8,44600
2023-05-19,867.2,874.35,863.5,870,35319
2023-05-22,861.9,867,858.05,865.9,58194
2023-05-23,867.25,874.95,860.65,861.7,52004
2023-05-24,869.6,879.8,862.05,865,63462
2023-05-25,875.45,888.95,866.25,869.6,57340
2023-05-26,873,888,870,878.55,77464
2023-05-29,875.45,882.2,872,874.95,56593
2023-05-30,897.4,900,870.45,875,135889
2023-05-31,902.1,903.9,896.3,903.9,114436
2023-06-01,900.15,904,899.35,902.1,48507
2023-06-02,900.85,909,899.05,901.15,61184
2023-06-05,917.65,925,901.45,901.45,197850
2023-06-06,907.15,916.9,905,916.9,46486
2023-06-07,902.65,911.65,898.55,908.15,69269
2023-06-08,900.4,907.2,895.1,902.65,56635
2023-06-09,895.25,904.65,891,898.55,56512
2023-06-12,902.2,916.45,892,894.95,68946
2023-06-13,902.15,909.45,898.3,902.2,76323
2023-06-14,924.5,941.85,900.15,902,147032
2023-06-15,918.1,925,912,925,73759
2023-06-16,923.35,935,917,922.65,99677
2023-06-19,909.3,928.9,906.65,923,83101
2023-06-20,914.15,923.65,909.3,910,78612
2023-06-21,916.9,920.65,910.6,918.7,43270
2023-06-22,905.1,916.9,903,916.9,65279
2023-06-23,899.45,908.85,893.05,908.85,48717
2023-06-26,909.35,912.45,894.5,903.05,58149
2023-06-27,905.8,913.8,900.05,909.35,52219
2023-06-28,900,910.7,896.15,905.8,63310
2023-06-30,909,917.1,900.9,900.95,111477
2023-07-03,906.45,913.7,905,909,46408
2023-07-04,901.35,908.95,900,906.05,50836
2023-07-05,903.4,915,879.2,903.95,185585
2023-07-06,917.45,924,906.55,913,188490
2023-07-07,917,921.85,908,917.5,77200
2023-07-10,907.85,918.7,900.5,914.35,70045
2023-07-11,906.05,913.2,903,910.1,56533
2023-07-12,911,914,898.85,908.3,98809
2023-07-13,900.85,915,893,915,123835
2023-07-14,900.9,906.4,895.55,903.45,52701
2023-07-17,911.35,914.1,899.05,900,109041
2023-07-18,939.75,952,900,911.35,380816
2023-07-19,941.9,956,937,950.95,211149
2023-07-20,929.65,946.65,925.55,945,86346
2023-07-21,921.7,930.95,916,929.6,68637
2023-07-24,948.5,959.4,912.3,924.95,306725
2023-07-25,947.35,958,931,955,281753
2023-07-26,947.2,954.6,935,947.35,157207
2023-07-27,953.15,956,944.5,950.75,127916
2023-07-28,952.1,954.3,939.95,953,76835
2023-07-31,946.1,956.85,936.15,956.75,124132
2023-08-01,931.05,948.7,928.05,946.1,130767
2023-08-02,927.05,937.1,916.85,935.4,90984
2023-08-03,939.2,944.65,921.05,921.05,96214
2023-08-04,933.75,943.9,930,940,55949
2023-08-07,923.7,932.9,920,925.95,95795
2023-08-08,929.05,936,921.5,925,60231
2023-08-09,925,940.05,923,929.05,85026
2023-08-10,947.7,949.95,920.05,925,177404
2023-08-11,957.05,974,942.6,950,795612
2023-08-14,929.9,959.95,925.05,957.15,120053
2023-08-16,921.65,939.1,917.75,924.95,116930
2023-08-17,928,940,923.05,924.9,101162
2023-08-18,938.6,945,926.05,928,106265
2023-08-21,929.95,944.8,926.5,935,87845
2023-08-22,938.15,940.45,929.95,929.95,68815
2023-08-23,929.15,941,924.95,941,63106
2023-08-24,927,935,924.55,929,55724
2023-08-25,931.4,934,921.05,924.05,57191
2023-08-28,933.65,941.4,927,936.05,89457
2023-08-29,929.5,941,927.4,933.65,71709
2023-08-30,928.1,937,919.05,929.5,95977
2023-08-31,944.9,957.65,836.65,932.65,493286
2023-09-01,924.3,931.35,913.2,918.9,137808
2023-09-04,930.55,935,918,924.2,123756
2023-09-05,926.75,934.8,921.25,930.65,61205
2023-09-06,924.9,935,922,927.9,53189
2023-09-07,923.7,929.55,922,928,59959
2023-09-08,924.35,928.9,920,924.9,75945
2023-09-11,921.45,928.95,919.25,925,108579
2023-09-12,912.5,927.8,907,923.75,90253
2023-09-13,912.5,918.45,900,913.7,74893
2023-09-14,908.3,917.9,905,912.45,64957
2023-09-15,893.4,910.8,880,905,350986
2023-09-18,901.55,912,895,899.7,93653
2023-09-20,900.2,910.8,899,901,99334
2023-09-21,910.75,912.35,897.3,900.05,112058
2023-09-22,914.8,922,908.9,909.3,96411
2023-09-25,904.3,919.3,902.2,912.9,46480
2023-09-26,905.1,916,900,902.15,56463
2023-09-27,903.3,914,900.05,909.6,40466
2023-09-28,901.05,914,900,904,58673
2023-09-29,900.65,907.8,899.6,901.15,46438
2023-10-03,910.85,918,900.45,900.65,96044
2023-10-04,905.75,917.7,900,906.2,86743
2023-10-05,906.15,917,903.05,908.2,52295
2023-10-06,905.4,915,902.25,910.6,42644
2023-10-09,911.15,915,897.5,900,93215
2023-10-10,903.55,914.95,899.85,911.15,66322
2023-10-11,905.7,917.05,900.65,905,66218
2023-10-12,913.8,924,905.75,905.75,97785
2023-10-13,910.1,921.65,906.1,911,52964
2023-10-16,915.35,923.3,908.2,910.5,86301
2023-10-17,918.55,926.5,915,916.15,71988
2023-10-18,927.5,932,908.5,919.95,148815
2023-10-19,919.6,936.85,915.05,932.1,64440
2023-10-20,903.2,925.85,901,918,88043
2023-10-23,891.6,915,889.85,903.45,72280
2023-10-25,884.5,907.2,879.75,896.1,75973
2023-10-26,869.85,890.3,860,884.5,128141
2023-10-27,896.25,903.5,875.2,875.2,86455
2023-10-30,890.55,912,886.75,896.25,44633
2023-10-31,898,903,888.1,895,35892
2023-11-01,936.6,959,891,891.65,659235
2023-11-02,910.45,936.6,901.25,935.05,196960
2023-11-03,907.4,916.95,904,914.9,55575
2023-11-06,907.6,914.8,905,910,58829
2023-11-07,905.55,912,904,905.1,62503
2023-11-08,909,913.85,904.1,905.55,49030
2023-11-09,909.1,913.5,904.55,908.95,46426
2023-11-10,905.55,913.5,903,905,53790
2023-11-13,901.1,909.6,898.15,904.5,33167
2023-11-15,900.4,908.95,899,902,66154
2023-11-16,899.8,906.85,899,901.05,50886
2023-11-17,901.2,907.45,898,898,42822
2023-11-20,901.35,905.75,899.65,901.2,42688
2023-11-21,900.25,903.9,898.05,901,50590
2023-11-22,897.45,901.4,895,900.25,41203
2023-11-23,893.3,900.4,890,897.45,40127
2023-11-24,887.7,899,885.75,893.3,40451
2023-11-28,905.7,910,885,886.95,104459
2023-11-29,898.25,911.7,895,908,74996
2023-11-30,910.05,911,898,901.4,85833
2023-12-01,915.1,917.5,906,910.05,118841
2023-12-04,917.45,927.95,913.25,918,75625
2023-12-05,914.45,920,909.1,913.35,125542
2023-12-06,909.85,922.05,906.05,919,68367
2023-12-07,910.45,914.4,909.55,910.05,57405
2023-12-08,918.75,926.15,908,910.45,70565
2023-12-11,916.55,925,909.25,919,129515
2023-12-12,908.95,921.3,908,921.1,56234
2023-12-13,921.3,924.9,905,910.9,89038
2023-12-14,910,922.45,909,921,65959
2023-12-15,911.15,922.55,908.55,910,74251
2023-12-18,909.45,912.75,908.3,908.3,57960
2023-12-19,908.25,913.6,905,909.45,59565
2023-12-20,898.8,913.2,895.05,906.6,116886
2023-12-21,897.85,907.5,890.6,895,77394
2023-12-22,898.15,906.7,894.4,897.9,62180
2023-12-26,895.5,905.9,893,901.9,81562
2023-12-27,896.5,902.8,893.85,899.9,61750
2023-12-28,895.35,904.4,893,896.1,86477
2023-12-29,903.5,904.45,895.3,895.35,103818
2024-01-01,903.4,909.95,900.4,903.5,73356
2024-01-02,902.7,906.7,896,903,71939
2024-01-03,899.2,904.9,897.2,899,39105
2024-01-04,901.6,911.5,899,901.65,80694
2024-01-05,902.05,906.3,900,901.1,85118
2024-01-08,896.6,909,895,900.05,72558
2024-01-09,895.05,904,891.65,896.05,63571
2024-01-10,891.65,902.25,890,895.5,68436
2024-01-11,900,902.7,892.95,892.95,147359
2024-01-12,895.2,907.4,893.55,900,115715
2024-01-15,891.85,899.55,890,895.6,73454
2024-01-16,891.2,896.85,889.05,892.05,74830
2024-01-17,885.35,893.95,883.05,889.95,84953
2024-01-18,873.45,889.75,872,885.4,99481
2024-01-19,871.55,888.8,870.4,873.1,95616
2024-01-22,868.8,879,866.6,875,46378
2024-01-23,854.8,871.95,851.9,868.8,98557
2024-01-24,854.2,860.5,849.55,858.15,131305
2024-01-25,851.35,858.35,849.05,854.2,65827
2024-01-29,844.85,855.6,842.35,850.6,71304
2024-01-30,845.2,854.7,842.45,849.1,74455
2024-01-31,860.1,869,848,848.5,101707
2024-02-01,847,857.95,844,854,119654
2024-02-02,838.85,851.2,835.05,849.25,135685
2024-02-05,845.65,848.9,838,838.85,107224
2024-02-06,857.55,865,845.7,845.95,83808
2024-02-07,878.75,882,853,860,135257
2024-02-08,859.95,878.75,855,878.75,66946
2024-02-09,851.9,864.65,848.6,863.95,103098
2024-02-12,841.75,856.55,839.1,851.85,44334
2024-02-13,867.7,874.5,837.5,844.2,65462
2024-02-14,850.4,861.15,848.8,860,461085
2024-02-15,847.6,852.8,843,845,51151
2024-02-16,842.05,860.8,835.95,849.9,77676
2024-02-19,837.35,844,837,841.5,45954
2024-02-20,832.1,839.95,831.75,837.35,243271
2024-02-21,841.05,853.6,832.25,834.9,99926
2024-02-22,843,851,838.4,845,48563
2024-02-23,840.5,847.05,838.5,843.15,48963
2024-02-26,838.3,842,835,837.6,54336
2024-02-27,834.8,842,830,839.5,62804
2024-02-28,837.2,841.7,830.55,835.05,65282
2024-02-29,835.7,839.9,827.25,839.9,70935
2024-03-01,837.75,845.4,832,839.85,47417
2024-03-04,830.55,836.95,828,832.4,75684
2024-03-05,834.15,838.45,830,832,36740
2024-03-06,831.5,838.3,825.1,836.55,54774
2024-03-07,838.4,843.5,830.05,831.5,79985
2024-03-11,826.85,839.75,826,838.4,43331
2024-03-12,817.85,831.05,811.6,826,66709
2024-03-13,806,821.35,799.1,815,114339
2024-03-14,803.2,811.9,799.05,802.7,59039
2024-03-15,887.9,949,803,803,510128
2024-03-18,854.75,887.9,850,869.95,303649
2024-03-19,846.45,855.25,834.15,853.75,94496
2024-03-20,834.05,856,830,848,76479
2024-03-21,831.2,837.35,826,836.05,67173
2024-03-22,830.8,837.45,828.5,832,59148
2024-03-26,815.55,833.4,814.25,827.3,126960
2024-03-27,776.1,819.45,762.45,813.15,473479
2024-03-28,817.3,832.45,782,785.1,592001
2024-04-01,822.65,831.25,813,824.95,169449
2024-04-02,835.1,844.45,813,822.7,114192
2024-04-03,838.4,844,833,844,70694
2024-04-04,842.5,846,833.05,842.55,44192
2024-04-05,840.45,845.95,835.05,842.5,48586
2024-04-08,834.85,845.9,831.1,835.25,53352
2024-04-09,826.05,839.3,825,834.85,40839
2024-04-10,830.7,838.95,827.7,828.15,51019
2024-04-12,830.2,834.85,825.3,830,72061
2024-04-15,823.1,831.65,815.9,820.1,46268
2024-04-16,820.2,834.05,810,817,54634
2024-04-18,819.85,825,817.55,819,43705
2024-04-19,814.15,822,810.1,819,36079
2024-04-22,812.45,822,810,814.15,63701
2024-04-23,821.8,826.95,815.9,824.75,35101
2024-04-24,823.7,833.4,820,826.3,53439
2024-04-25,840.45,845.45,823.15,823.7,114413
2024-04-26,831.25,850,828,843.05,60331
2024-04-29,832.25,843.6,827.05,832,39870
2024-04-30,834.3,850,815.5,832.25,69302
2024-05-02,829.7,841.6,825,840,41012
2024-05-03,825.45,834.45,818.05,834.45,40123
2024-05-06,828.6,834,821.1,825.15,43689
2024-05-07,838.6,841,825,828.6,70566
2024-05-08,845.2,852,839.15,843.2,70196
2024-05-09,842.55,869,835.75,849.6,168665
2024-05-10,851.3,860.35,827.6,831,141595
2024-05-13,835.7,849,830,845,63839
2024-05-14,830.55,841.1,830,841.1,37106
2024-05-15,826.65,836.15,826,831.05,86603
2024-05-16,830.95,835.8,828,831,33929
2024-05-17,832.7,837.9,828.6,830.95,28210
2024-05-20,829.85,836.85,828.4,833.35,6742
2024-05-21,825.5,831,823.55,830,43715
2024-05-22,832.25,839.95,826,826,44435
2024-05-23,828.95,834.9,826,830,42978
2024-05-24,822.4,832.45,820.2,828.95,43055
2024-05-27,816.15,829.9,815,820.1,68030
2024-05-28,807.8,818.75,806.45,816.15,56722
2024-05-29,808.9,819.6,803.1,806,57970
2024-05-30,800.3,812.95,798,812.95,49435
2024-05-31,789.25,804.5,788,804.5,52616
2024-06-03,789.4,815,786.05,801.1,60312
2024-06-04,781.7,795.35,758.25,789.45,116208
2024-06-05,806.95,812,781.7,781.7,78625
2024-06-06,814.95,819,806,815.7,73004
2024-06-07,820.25,828,815.6,819,68807
2024-06-10,833.9,839,823.1,825,77038
2024-06-11,831.85,837.5,829.2,835,55303
2024-06-12,829.6,835.95,826,832,56706
2024-06-13,834.45,837.45,828,830,62426
2024-06-14,834.1,839.75,830,834.45,47743
2024-06-18,831.65,836.85,826.05,834,82017
2024-06-19,829.05,835.15,826.85,830,56635
2024-06-20,836.8,845.5,828.7,829.05,86007
2024-06-21,830.05,844.95,826.65,837,115483
2024-06-24,830.2,835.5,825.35,825.35,48345
2024-06-25,831.95,834.4,828.4,832,36012
2024-06-26,827.7,835,825.05,830.35,64617
2024-06-27,816.4,831.25,811.5,828,157512
2024-06-28,827.3,833,816.4,816.4,100624
2024-07-01,833.85,836.4,830,832.6,68480
2024-07-02,830.45,849.9,827.95,837.95,108311
2024-07-03,833.85,836.95,828.05,831.05,49527
2024-07-04,835.1,839.9,830.4,838,44605
2024-07-05,829.6,835.1,826,835.1,70273
2024-07-08,833.05,847.75,827.95,843,92819
2024-07-09,827.6,837,825,835,60717
2024-07-10,829.75,840,818.05,828.05,86283
2024-07-11,831.35,836.75,825.1,829.9,54298
2024-07-12,824.55,832.5,821.2,828,54348
2024-07-15,816.5,828.5,812.75,825,83440
2024-07-16,836.05,839.4,815.3,816.6,486371
2024-07-18,830.25,843.55,827.1,836.1,87214
2024-07-19,820.3,835.75,816,830.25,77009
2024-07-22,822.15,829.4,817,825,53460
2024-07-23,833.9,842,812,818.55,184506
2024-07-24,855.9,866.5,835,839.95,319323
2024-07-25,867.55,872,843.25,855.9,163240
2024-07-26,864.85,872.8,855.55,872,85223
2024-07-29,869.2,873.85,856.05,864.95,109754
2024-07-30,870.75,888.2,867,875,747245
2024-07-31,868.7,882,863.95,877.35,80857
2024-08-01,848.1,860,843.5,848.95,219095
2024-08-02,843.65,850.35,838.65,840.05,63798
2024-08-05,817.15,839.05,813.2,834,110435
2024-08-06,831.05,840,812,812,80985
2024-08-07,839.35,843,827.75,831.05,60578
2024-08-08,832.35,840.5,828.85,839.35,42475
2024-08-09,822.2,836.5,814.85,836.5,68715
2024-08-12,815.65,824.2,814.2,822.2,36128
2024-08-13,794.75,819.5,793,816,92335
2024-08-14,785,798.05,784.4,795,60942
2024-08-16,778,792.9,770.95,789.3,130443
2024-08-19,799.6,801.95,778.5,781.8,69004
2024-08-20,801.3,806.45,799.85,806.3,26600
2024-08-21,809.1,814.45,798.35,803.95,53559
2024-08-22,818.5,819.6,809.1,814.05,47049
2024-08-23,810.45,827,809,818.5,46462
2024-08-26,800.9,817.9,794.6,814.55,98444
2024-08-27,801.4,806.65,797.4,800.9,54624
2024-08-28,801.05,806.95,798.25,805,79843
2024-08-29,802.85,809.5,798.05,804,62475
2024-08-30,796.85,806.9,795,805.9,79929
2024-09-02,805.75,825,797,797,205425
2024-09-03,821.85,825.5,809.8,809.8,104318
2024-09-04,817.25,828,810,821,75699
2024-09-05,822.85,827.9,815.6,822,59221
2024-09-06,825,833.55,818.25,825,101937
2024-09-09,823.3,828.85,811.05,825,60583
2024-09-10,831.05,844.75,822.95,823.3,138666
2024-09-11,835.95,840,829.15,837.4,85159
2024-09-12,838.7,849,831.8,835.95,92970
2024-09-13,835.75,843.35,833.2,840,38468
2024-09-16,827.75,835.75,826.05,833.1,34354
2024-09-17,823.1,832,820,830,30348
2024-09-18,816.75,823,810,823,40801
2024-09-19,827.9,838,811,817,75811
2024-09-20,837.55,842,815.8,833.85,107150
2024-09-23,822.05,839.95,815.7,839.95,78371
2024-09-24,816.4,824.45,814,822,80822
2024-09-25,815.7,820.2,808,817,43346
2024-09-26,808.55,815.7,806,815.7,42519
2024-09-27,805.05,812.55,801.3,812.55,49676
2024-09-30,811.15,815.95,801.5,805.05,91225
2024-10-01,812.6,816.65,810.05,811.95,58338
2024-10-03,804.7,821.75,801,810,82988
2024-10-04,798.35,808.7,792.4,808.7,55779
2024-10-07,787.95,798,777.75,794,51179
2024-10-08,792.6,799.75,780,780,48520
2024-10-09,794.9,811,792.9,797.95,54554
2024-10-10,801.8,805,794.05,797.2,39830
2024-10-11,796.9,801.05,795.65,801,18465
2024-10-14,793.5,798.4,790,793,31160
2024-10-15,806.3,811.55,793.4,794.5,49071
2024-10-16,784.8,808.85,780.8,806.3,120630
2024-10-17,784,794.9,780.1,789.9,61902
2024-10-18,782.05,786.35,776.6,784,49356
2024-10-21,775.7,791.9,773,786,42235
2024-10-22,766.6,784.05,765,773.1,57303
2024-10-23,759.55,770.4,757.4,766.6,57330
2024-10-24,758.6,785,755,761,57061
2024-10-25,740.3,767,738.55,760,69798
2024-10-28,743.5,751.8,733.6,740.4,36568
2024-10-29,741.25,762.35,740,747.25,80515
2024-10-30,748.5,752,741.65,744,35125
2024-10-31,771.9,792,750,752.2,124276
2024-11-01,781.55,784.25,777.05,784.1,11089
2024-11-04,771.3,785.5,765.9,785.5,51654
2024-11-05,767.2,774.9,760.5,764.9,27642
2024-11-06,775.95,780,767.95,771.05,26770
2024-11-07,778.75,781.8,770.05,776,34164
2024-11-08,770.3,782,764,782,19500
2024-11-11,738.65,754.85,735,753.3,100332
2024-11-12,699.3,742.25,695.05,739.45,233112
2024-11-13,683.8,703.15,680.05,698.4,126573
2024-11-14,678,693.85,675,683.2,64962
2024-11-18,662.6,681,657.5,679.95,81282
2024-11-19,659.35,672.15,654.9,666.35,84952
2024-11-21,635.5,659,628.6,659,109335
2024-11-22,634.6,645.1,630,642.3,106571
2024-11-25,627.85,644.5,625,638,134651
2024-11-26,643.7,649,625.05,629.6,65010
2024-11-27,652.55,655,642,650.85,51787
2024-11-28,661.25,665.3,647,652.55,53271
2024-11-29,670,673.95,655.1,662,60338
2024-12-02,680.2,690,665,674.5,1139078
2024-12-03,683.95,693.95,674.1,681.1,657056
2024-12-04,679.15,689.8,673.9,689.8,76562
2024-12-05,671.3,680,666.1,680,59433
2024-12-06,667.4,672,660.05,667.9,81280
2024-12-09,681.4,684.4,659,670.8,111891
2024-12-10,653.95,683.4,651,681.4,281466
2024-12-11,653.9,659.75,650.3,658.2,74682
2024-12-12,650.55,658,648.1,654.25,63556
2024-12-13,646.25,650.65,640,650.55,74244
2024-12-16,655.2,657.95,643,643,61195
2024-12-17,641,658.9,640,655,75012
2024-12-18,638.15,643.25,636,640,35951
2024-12-19,637.6,644.95,628.3,635,49657
2024-12-20,626.9,639.8,625,639.8,61516
2024-12-23,623.55,631.95,617,630.95,60922
2024-12-24,626,632.4,623.7,625,31763
2024-12-26,620,629.15,618,629.15,31670
2024-12-27,622.15,631.65,620,621.3,40068
2024-12-30,621.2,624.3,616,620.2,44055
2024-12-31,620,623.2,616,621.2,32852
2025-01-01,625.25,627,617.55,623.05,35256
2025-01-02,631.35,633,622.5,625,42113
2025-01-03,633.3,639.4,627.35,634.85,49074
2025-01-06,617.9,633,616,623,49555
2025-01-07,624.45,626.8,617,617.95,37500
2025-01-08,618.6,627.5,611.1,623.1,38967
2025-01-09,612.25,621.55,610.1,619.95,32784
2025-01-10,602.3,615,601,612.25,53124
2025-01-13,581.45,601.95,580,601.95,78867
2025-01-14,582.05,585,578.05,580.1,46706
2025-01-15,577.1,594.15,575.6,585,56128
2025-01-16,576.8,584.7,574,582.4,61329
2025-01-17,579.35,600,569.5,579.85,78267
2025-01-20,578.35,582.15,574.9,580.8,50512
2025-01-21,574.6,581.2,571,581.2,46139
2025-01-22,566.2,575.05,555.5,574.6,71547
2025-01-23,561.1,567,554.3,564,63733
2025-01-24,558.35,564.75,555,564.35,36180
2025-01-27,546.5,561.15,543,558.35,64870
2025-01-28,531.8,546.55,525,545.05,74253
2025-01-29,539.8,544.9,526.2,534.8,59646
2025-01-30,544.9,548.5,539.35,540,39781
2025-01-31,549.45,553.55,535,546.8,76936
2025-02-03,545.25,579.95,542.25,555,298196
2025-02-04,537.2,555,535.05,547,87329
2025-02-05,533.75,542.9,532.1,537.25,108570
2025-02-06,537.1,541.45,530.05,530.05,67322
2025-02-07,535.6,539.5,523.15,537.25,95112
2025-02-10,526,539.5,524.5,539.5,71898
2025-02-11,511.25,530,508.05,526,95221
2025-02-12,504.15,513.55,487,511.3,152007
2025-02-13,491.85,506.75,490,503.5,105316
2025-02-14,469.45,494.9,465.95,491.85,140757
2025-02-17,450.75,470.9,445.75,468.05,212427
2025-02-18,445,452.15,435,447.05,126099
2025-02-19,446.1,455,437,441.25,95394
2025-02-20,444.4,450.85,438.65,446.1,104751
2025-02-21,443.15,456.95,440.05,440.05,100626
2025-02-24,432.15,443.1,430.5,443.1,78181
2025-02-25,439.9,444.3,428.15,435.8,158248
2025-02-27,441,442.95,437.6,439.9,57447
2025-02-28,427.2,444.7,425.6,439.3,119814
2025-03-03,418.1,432,409.5,430,106970
2025-03-04,417.3,418.55,409.7,417.55,126941
2025-03-05,431.25,435,417.1,419.5,131188
2025-03-06,435.75,443.3,432.7,436.6,87375
2025-03-07,441.85,450.85,434.85,439.05,104456
2025-03-10,421.8,446.8,420,446,89929
2025-03-11,414.9,424.5,411.55,421.8,77272
2025-03-12,406.15,418.65,402.1,415,113802
2025-03-13,403,415.15,401.1,406.3,152856
2025-03-17,399.9,409.75,395.7,403,99575
2025-03-18,406.4,409.85,397,400.25,123408
2025-03-19,422.65,430,407.95,407.95,442912
2025-03-20,438.35,445.15,419.05,425,500434
2025-03-21,436.95,445.45,430,440,381867
2025-03-24,437.05,443.65,436,436.95,105972
2025-03-25,423.7,439.2,420.35,438,149673
2025-03-26,417.3,427.25,412.6,425,116938
2025-03-27,416.55,418.3,409.9,418.3,112434
2025-03-28,406.95,428.9,402.6,417,137284
2025-04-01,415.1,425,402.35,402.35,144918
2025-04-02,421.45,423,405.65,419.75,75521
2025-04-03,428.05,430.25,416.15,422.3,68272
2025-04-04,416.6,432.25,413,432.25,67542
2025-04-07,402.7,407.9,390.35,395,108645
2025-04-08,408.65,422.9,405,409,116898
2025-04-09,405.1,411.2,401.6,411.2,39046
2025-04-11,417.65,420.05,406,408,92970
2025-04-15,413.55,424.85,412.55,418,222254
2025-04-16,408.25,417,406.5,414.8,174026
2025-04-17,407.1,412.95,401.2,408.5,237064
2025-04-21,412.1,416.5,403,408,228321
2025-04-22,421.7,423.95,408,414.85,156756
2025-04-23,430.4,433,413.3,424,251003
2025-04-24,435.5,440.5,426.55,433.6,333720
2025-04-25,423.25,438.55,419,438.55,140268
2025-04-28,419.1,424.95,416,424.95,81320
2025-04-29,416.85,422.2,412.35,421.1,103077
2025-04-30,409.8,418.9,408.15,418.9,73011
2025-05-02,405.9,412.5,403.65,411.3,104127
2025-05-05,411.8,414.95,402.7,409,129970
2025-05-06,403.95,414.7,402.85,414.7,75975
2025-05-07,410.7,413.2,397.3,401.95,135440
2025-05-08,404.3,424.65,402,410.95,297553
2025-05-09,401.85,408.6,391,391,122936
2025-05-12,420.65,422,405.15,407.1,203826
2025-05-13,422.25,425.35,414,423.7,141235
2025-05-14,427.65,429.65,417.3,422,153669
2025-05-15,432.45,438.75,424.35,427.7,206362
2025-05-16,439.7,446,427.65,433.1,314237
2025-05-19,434.5,450.9,430.65,445.1,302355
2025-05-20,423.5,437,420.3,435.2,167353
2025-05-21,431.9,435,420.75,425.55,121341
2025-05-22,439.65,458.3,427.2,434,1126851
2025-05-23,446.45,450.45,436.15,443.95,387263
2025-05-26,440.6,451.7,435.65,449.7,208632
2025-05-27,439.1,444.5,435,444.5,140734
2025-05-28,439.1,444.9,436.1,444.3,128323
2025-05-29,438.2,444.75,435,441.2,165104
2025-05-30,437.05,441.15,435,440.4,145821
2025-06-02,443.5,446,432.3,432.3,235493
2025-06-03,439.55,450,437,448.1,231530
2025-06-04,435.05,442.65,432.9,442.65,173692
2025-06-05,435.25,439.95,433.3,438.3,178142
2025-06-06,449,455.7,436,436.1,342619
2025-06-09,445.35,455.4,443.1,455.1,249780
2025-06-10,447.7,450,441.15,445.35,160928
2025-06-11,447.85,456.6,438.1,449.45,334053
2025-06-12,434.05,451.75,432.25,447.85,224216
2025-06-13,421.65,432.9,418.05,432.9,380236
2025-06-16,422.2,425.35,414,421,145910
2025-06-17,414.75,425.4,412.8,423.95,187865
2025-06-18,418.45,420.4,411.05,411.05,166762
2025-06-19,408.25,420.6,407,420.4,126307
2025-06-20,405.95,409.5,404.6,405.1,165910
2025-06-23,410.75,416,401.2,405.95,157843
2025-06-24,415.4,418.4,411.4,414.3,148278
2025-06-25,419.55,422,410.8,415.5,138324
2025-06-26,424.6,427.75,417.35,422.85,104296
2025-06-27,424.8,425.75,420.75,424.6,131706
2025-06-30,434.95,437.8,423.4,425.4,209349
2025-07-01,438.9,440.6,429.35,436.9,221474
2025-07-02,440.15,446,434.85,439,216371
2025-07-03,437.6,441.5,432,439,2658903
2025-07-04,464.75,470,438.05,439.8,1670243
2025-07-07,506.35,515,475,480,8483496
2025-07-08,496.2,511,486.05,508,1391700
2025-07-09,499.5,507.4,490.05,495,785283
2025-07-10,518.85,523,496.1,496.1,2145199
2025-07-11,500.8,517.2,496.25,517.2,448173
2025-07-14,490.2,502.5,488,501.95,356498
2025-07-15,494.65,499.9,491.7,492.95,189723
2025-07-16,494.8,497.85,492,494.65,149773
2025-07-17,512.95,517.9,496.1,497,906813
2025-07-18,508.15,517.45,505.4,516,269387
2025-07-21,497.75,507.9,495.2,507,162524
2025-07-22,500.65,503,495.25,499.95,155934
2025-07-23,495.95,503,495,503,91353
2025-07-24,496.4,502.6,490.2,497.5,121540
2025-07-25,481.6,500.9,477.8,500.1,234833
2025-07-28,479.7,491.3,475.05,487.6,155715
2025-07-29,481.45,484.5,470.5,479.1,120372
2025-07-30,482.95,487.05,478,482.45,82247
2025-07-31,453.85,475.55,446,466.7,368551
2025-08-01,443,461.8,436,446,236739
2025-08-04,442.5,445.8,433.45,443,177804
2025-08-05,435.55,445.35,435,442.5,104012
2025-08-06,437.35,440,427.9,435.55,132891
2025-08-07,450.35,457.15,430,430,163546
2025-08-08,436.55,455.5,434,455.5,104686
2025-08-11,435.9,437.35,429.35,436.5,69497
2025-08-12,433.35,440.7,431.15,436.2,53004
2025-08-13,433,439.45,431.3,435,61570
2025-08-14,436.6,437.85,431.5,431.5,59307
2025-08-18,471.25,496.9,444,444,2402450
2025-08-19,483.05,485.05,460,469.3,274846
2025-08-20,476.7,484.2,475.15,483,153094
2025-08-21,481.1,484.7,471.6,478,113131
2025-08-22,476.85,480.95,471.85,478.7,67414
2025-08-25,465.65,481.35,464,479,103359
2025-08-26,454.9,465.4,453.1,462.05,107273
2025-08-28,447.7,453.4,444.4,448,123011
2025-08-29,477.6,489.5,451.5,451.5,3014412
2025-09-01,489.7,495.75,468,479,938244
2025-09-02,486.6,495.8,480.2,488.95,300465
2025-09-03,499.4,506.5,485,485.1,713323
2025-09-04,498.3,526,492.15,525,843868
2025-09-05,497.2,501,489.35,495.45,162322
2025-09-08,488.55,506.4,484.5,501,161059
2025-09-09,494.95,496,485.3,492.45,111803
2025-09-10,493.2,502.5,491.5,495,136109
2025-09-11,494.2,498.05,490.8,496.55,103486
2025-09-12,489.35,496.5,483.25,496,138792
2025-09-15,480.95,488.85,479.15,487.95,99512
2025-09-16,488.8,495,478.85,483,133617
2025-09-17,499.1,503.95,489.15,494,274108
2025-09-18,495.4,502.9,493,499.95,83074
2025-09-19,469.65,494.35,462.5,493.2,520113
2025-09-22,465.3,474.45,460.9,469.4,209437
2025-09-23,455.2,467.85,453.85,465.3,181167
2025-09-24,441.85,458.95,440,457.35,281878
2025-09-25,436.4,449.4,431.85,442,226318
2025-09-26,430.25,436.2,421.1,436,395337
2025-09-29,448.5,473.1,426.8,433.95,1161127
2025-09-30,445.95,450.85,437.55,449,202299
2025-10-01,445.6,447.15,439.7,445.7,141981
2025-10-03,441.95,447.7,440,445.6,155128
2025-10-06,440.5,446.15,438.35,443.9,108161
2025-10-07,435.85,440.5,434.4,440.5,10109604
2025-10-08,442.65,454.75,435.8,435.85,388667
2025-10-09,437.9,444.4,435.9,442.65,114224
2025-10-10,434.6,437.9,431,435,120300
2025-10-13,431.95,437.35,430,434,105049
2025-10-14,427,435.4,425.05,431.95,94736
2025-10-15,442,454.55,423.5,427,313663
2025-10-16,441.2,445.1,437.35,444.8,90284
2025-10-17,438.25,440.25,435,438,97162
2025-10-20,434.3,438.9,433,438.9,63212
2025-10-21,442.6,445.2,433.55,434.9,37738
2025-10-23,443.75,446.4,440.8,442.6,107297
2025-10-24,444.2,446.5,439,443.75,77411
2025-10-27,434.95,444.2,434,444.2,176945
2025-10-28,434.45,441.9,432.35,434.95,131229
2025-10-29,440.8,444.5,432.65,434.45,136763
2025-10-30,441.25,442.8,437.1,440.8,54112
2025-10-31,436.15,440.95,435.05,438.1,50615
2025-11-03,434.45,437,432.9,435,65730
2025-11-04,433.2,436.7,432,434.45,50774
2025-11-06,437.4,439.85,427.9,432,113380
2025-11-07,431.45,434.2,427,433.4,46987
2025-11-10,427.95,434.1,427,432.9,84457
2025-11-11,431.9,438.35,423.05,427.95,108647
2025-11-12,434.6,437.2,429,431.9,94362
2025-11-13,429.55,437,427,437,89215
2025-11-14,426.15,439,417.35,426,182261
2025-11-17,427.9,431,424.25,427.55,74602
2025-11-18,421.4,430.2,420.1,427.9,110886
2025-11-19,413.6,422.85,413,421.4,168662
2025-11-20,414.25,416.05,411.05,416.05,82237
2025-11-21,408.45,416.7,406,413.05,80652
2025-11-24,402.9,409.8,400,408.25,111026
2025-11-25,400.15,405,393.35,402.9,140849
2025-11-26,412.4,414.15,401.5,403,81820
2025-11-27,410.15,415,408,414.9,46709
2025-11-28,409.25,411.5,407.4,411.5,45509
2025-12-01,407.6,412.85,402.3,410.4,41196
2025-12-02,406.25,409.65,403.95,407.55,53245
2025-12-03,406.15,408.85,402.8,406.15,37483
2025-12-04,408.2,410.1,404,408,55522
2025-12-05,404.5,408.9,401.1,408.2,44666
2025-12-08,397.85,406.65,394.8,404.95,67159
2025-12-09,420.9,425.95,393,399,178746
2025-12-10,411.7,423.65,403.3,422.7,87257
2025-12-11,406.7,410.3,404,408.25,54745
2025-12-12,405.05,410.95,402,406.9,62775
2025-12-15,404.25,410.1,400.8,406.85,61439
2025-12-16,401,406.15,400,402,53280
2025-12-17,401.25,403,399.3,402.4,44984
2025-12-18,402.7,404.95,394.05,401,63920
2025-12-19,402.15,404.25,400,402,43056
2025-12-22,402.4,407.25,400.8,401,61059
2025-12-23,403.45,406.15,400.6,400.6,55182
2025-12-24,405.35,409.45,402,402,57376
2025-12-26,403.2,405.4,401.8,405.4,30113
2025-12-29,403.3,406,399,402,43871
2025-12-30,400.4,403.25,399.5,403,36943
2025-12-31,404.4,406.45,399.9,399.95,25438
2026-01-01,402.65,406.3,401,405.7,30035
2026-01-02,403.3,405.5,400,400,51217
2026-01-05,406.25,408.3,401.2,401.2,48414
2026-01-06,404.35,407.05,401.35,405.7,58334
2026-01-07,401.9,404.65,398.7,400.3,63617
2026-01-08,399.9,403.2,398,400.05,50057
2026-01-09,400.3,401.7,393,398,58090
2026-01-12,393.8,398.9,390,397,68439
2026-01-13,395.65,397,391.2,391.2,30411
2026-01-14,393.1,395.7,392,393.65,37901
2026-01-16,388.3,393.5,386,391.7,68998
2026-01-19,376.5,388,375.3,385,107934
2026-01-20,364.85,377.85,362,374.1,184225
2026-01-21,360.45,372.4,355.15,370,118919
2026-01-22,365.05,369.7,359,359,50934
2026-01-23,357.7,374.8,354.2,364.25,52881
2026-01-27,366.25,380,358.85,368.15,101479
2026-01-28,379.75,382.8,369.2,369.2,115970
2026-01-29,371.5,382,365.4,379,76430
2026-01-30,391.2,403.5,364.1,366,122381
2026-02-02,381.95,385,371,377.6,60607
2026-02-03,381.35,404.5,378.35,401,132785
2026-02-04,376,381.75,372.05,381.75,93785
2026-02-05,372.65,378,369.95,376,69067
2026-02-06,369.25,370.95,366.3,369.3,43935
2026-02-09,371.05,375.35,366.8,370.75,113148
2026-02-10,373.25,378.95,368.5,371.75,124827
2026-02-11,371.5,380,368.5,373.6,48915
2026-02-12,366.6,371.55,364.95,371.5,49743
2026-02-13,359.8,364.95,356,362.05,71038
2026-02-16,354.8,359.8,351.05,358.95,70113
2026-02-17,368.15,369.4,351.55,353,55796
2026-02-18,372.65,374.85,366.55,367,65220
2026-02-19,365.35,372.7,362.65,372.65,46681
2026-02-20,357.95,365,355.2,365,54598
2026-02-23,356.8,359,354.6,358,69637
2026-02-24,352.95,356.8,350,356.8,67526
2026-02-25,353.95,356,350.25,352,39821
2026-02-26,354.15,356,350.7,355.8,37766
2026-02-27,348.1,354.15,345.05,354,50011
2026-03-02,330.05,344,320.1,335,225707
2026-03-04,326.3,329.35,321.75,325,92431
2026-03-05,322.95,329.25,320.5,328,94082
2026-03-06,321.8,327.2,321,323.4,45094
2026-03-09,311,322.1,309.35,321.8,85047
2026-03-10,307.95,316.45,307,312.45,187330
2026-03-11,304.65,319.2,303.3,309.7,117553
2026-03-12,302.65,308,298.55,304.65,151975
2026-03-13,294.7,303.6,293.4,302.95,120376
2026-03-16,286.3,295.75,281,295.75,182990
2026-03-17,275.55,287.6,273.35,286.7,199048
2026-03-18,285.6,287.95,274.55,277.6,361226
2026-03-19,272.7,280,271.4,280,104853
2026-03-20,273.95,277.4,270.7,275,119840
2026-03-23,254.85,270.8,251.6,270,216062
2026-03-24,258.5,262.3,251.75,258.5,179902
2026-03-25,265.75,270.6,260,260.5,228495
2026-03-27,249.75,265.85,248.1,264.1,250802
2026-03-30,237.9,248.15,236.5,245,271046
2026-04-01,260.44,270,243.59,245,170963
2026-04-02,267.45,269.75,250.44,254.89,181664
2026-04-06,273.14,274.36,260.64,270,134115
2026-04-07,269.86,283.89,268.63,273.19,190929
2026-04-08,280.13,284.88,274.33,280,232635
2026-04-09,281.15,288.5,275.44,283,2664893
2026-04-10,290.12,300,281.5,283.3,411654
2026-04-13,294.86,298.79,283.5,287,179537
2026-04-15,305.08,308.69,297.2,297.2,152851
2026-04-16,304.47,318,301.37,310,129306
2026-04-17,309.03,311,305.8,306.91,76408
2026-04-20,305.32,311,302,311,94628
2026-04-21,306.09,311.99,305,305.34,59464
2026-04-22,311.72,314.8,304.2,306.1,69848
2026-04-23,309.56,314.43,307.5,308.7,75843
2026-04-24,301.19,314,299,311.75,85644
2026-04-27,308.29,312,302,302,59418
2026-04-28,304.34,311.14,302.16,309.29,97879
2026-04-29,304.15,308,302,304.34,64669
2026-04-30,298.09,304.6,297,304.15,92355
2026-05-04,301.05,305,299.05,300.15,82909
2026-05-05,299.65,301.85,298.25,301.6,40514
2026-05-06,301.85,306,296.4,300.4,110584
2026-05-07,305.25,313.95,303.2,304.85,1249179
2026-05-08,308.85,312.1,305.35,306.7,163827
2026-05-11,310.35,314.75,301.65,314.75,184181
2026-05-12,289.4,310.1,283.3,310.1,182551
2026-05-13,286.65,290,283.1,290,95609
2026-05-14,291,296.45,287.9,288,94883
2026-05-15,288.4,294.8,286.1,292.1,79385
2026-05-18,287.3,289.7,278.4,284.5,74294
2026-05-19,290.75,291.8,283.05,283.05,55917
2026-05-20,291.3,293.5,285,290.75,38822
2026-05-21,293.8,297.2,290.85,293.9,59081
2026-05-22,294.4,296.9,291.4,292,55755
2026-05-25,298.75,302.9,294.9,296,60232
2026-05-26,301.5,307.45,298.15,299.7,79885
2026-05-27,302,306.7,300.8,301.6,69842
2026-05-29,345.3,358,310,310,16842940
2026-06-01,327.8,343.65,324.4,343.65,884986
2026-06-02,328.25,336.7,320.5,321,386045
2026-06-03,337.6,348,324.7,328.25,1207005
2026-06-04,337.2,344.9,335.05,339.75,196115
2026-06-05,330.05,346.4,326.8,337.8,188000
2026-06-08,319.15,329.4,315.2,326.75,110156
2026-06-09,347.1,350.75,321.05,321.05,1177266
2026-06-10,344.6,354.2,339.1,348.8,324888
2026-06-11,336.7,354,334,342.8,328607
2026-06-12,342.65,346,339.35,339.35,159462
2026-06-15,341.5,357.1,340.2,345.65,106386
2026-06-16,350.85,352.95,340.6,343.55,185171
2026-06-17,364.25,367.45,349.55,355,575797
2026-06-18,367.85,375.7,361.15,365.55,341211
2026-06-19,355.85,367.45,352.1,367,251468
2026-06-22,356.25,361.05,355,356,57113
2026-06-23,364.4,372.95,356.25,357,267386
2026-06-24,368.95,370.45,360,366.15,128308
2026-06-25,413.55,423,373.1,376.2,33753392
2026-06-29,417.85,426,390,406.05,4237637
2026-06-30,405.75,417,400.2,417,717125
2026-07-01,410,424.4,398.25,405,829002
2026-07-02,405.45,413.95,403.3,413.95,249830
2026-07-03,397.15,410.35,395.6,410.35,228843
2026-07-06,400.75,410.85,394,399.95,502548
2026-07-07,392.45,400.05,390.5,400.05,198916
2026-07-08,384.8,403.85,378.65,392.6,388460
2026-07-09,386.85,398.45,380.65,384.75,181912
2026-07-10,394.7,400,390.65,395.75,258215
2026-07-13,398.85,406.9,390.25,394.8,331090
2026-07-14,389.15,400,387.2,400,149132
2026-07-15,377.65,393.85,376.1,390.95,208161
2026-07-16,366.65,380.55,365.25,380.55,1860778
2026-07-17,439.95,439.95,363.7,368,35746124
2026-07-20,437.05,454.7,421.2,448.3,11061459
2026-07-21,410.95,434.95,406.2,434.95,2119834
2026-07-22,401.5,412.5,396.6,412.5,821527
2026-07-23,396.1,403.85,392.15,399.9,452389
2026-07-24,402.95,405.55,386.25,393.2,626262
2026-07-27,401.4,409.55,396.7,403.95,363059
2026-07-28,391.95,406.65,390.4,400.1,262351
2026-07-29,409.1,417.95,392,397,832036
2026-07-30,408.15,417,401.15,411.4,554287
2026-07-31,403.95,409,402.45,408.2,171036
2026-08-03,408.7,414.7,403.05,405,208423
2026-08-04,406.6,413.4,405.65,408.9,146819
2026-08-05,416.15,421.25,408,411.8,411336
2026-08-06,425.55,427.35,418,422,496257
2026-08-07,423.45,433,420.2,428.9,368163
2026-08-10,424.45,428,418,420.8,242396
2026-08-11,421.65,428.15,420.35,424.45,120291
2026-08-12,417,439,412.55,422,837534
2026-08-13,419.45,430,416.05,419.7,314634
2026-08-14,396.25,420,394.2,409.6,463787
2026-08-17,391.2,401.45,388.3,399.95,222421
2026-08-18,383.95,397,378.15,394.8,345402
2026-08-19,373.2,391.5,372,385.8,247762
2026-08-20,374.1,378.35,372.45,373.5,104445
2026-08-21,376.6,379,372.5,372.6,134602
2026-08-24,377.55,379.15,372.1,373,134519
2026-08-25,368.55,378.4,365.55,377.55,194229
2026-08-26,367.4,372.75,366.1,367.5,107297
2026-08-27,356.1,369.6,353.8,367.95,221316
2026-08-28,356.75,360.75,352.6,355.85,169309
2026-08-31,357.85,362.2,349.75,356.75,312366
2026-09-01,359.35,361.75,352,358.95,140569
2026-09-02,346.4,359,344,359,180242
2026-09-03,343.95,350.25,342.15,346.4,85540
