Date,Close,High,Low,Open,Volume
2005-01-03,16.658607482910156,16.813416332143824,16.473444780399134,16.473444780399134,23205
2005-01-04,16.320152282714844,16.63432207999495,16.242747143837853,16.63432207999495,45845
2005-01-05,16.02267837524414,16.543259025052414,15.939202748930075,16.543259025052414,142810
2005-01-06,15.679672241210938,15.966523465016206,15.511204085125629,15.966523465016206,33850
2005-01-07,15.599228858947754,15.96652040143304,15.511201108907054,15.96652040143304,66640
2005-01-10,15.66297435760498,16.691996060989702,15.541556063935191,16.691996060989702,21630
2005-01-11,15.18944263458252,15.860278447743736,14.967854190220477,15.860278447743736,12390
2005-01-12,14.750822067260742,15.329078157367434,14.570212930714009,15.329078157367434,12110
2005-01-13,14.790282249450684,15.116594509870728,14.721984267157165,14.782693423926906,14065
2005-01-14,15.020974159240724,15.206136823995257,14.810009783638398,15.025526295480836,31290
2005-01-17,14.717429161071776,15.374607198780128,14.570210592873462,15.285061093244275,43840
2005-01-18,14.775100708007812,15.17729967034314,14.297016405256844,14.297016405256844,46605
2005-01-19,14.764476776123049,15.46263262507694,14.721980521937173,15.46263262507694,28365
2005-01-20,14.811528205871582,15.14391089890952,14.570209958319506,15.14391089890952,10615
2005-01-24,14.973928451538086,15.195516951856046,14.632438531228624,14.670382659829958,55445
2005-01-25,15.251669883728027,15.329075024216056,14.691628248323012,14.964818689834134,12530
2005-01-27,15.518786430358888,15.66296970664031,14.873751032137404,15.251665105668216,29835
2005-01-28,16.321666717529297,16.391483021628858,15.54155365050469,15.54155365050469,38680
2005-01-31,17.289981842041016,17.478179763366544,15.878492366128729,16.361130301511185,211495
2005-02-01,17.030447006225586,17.666376792300586,16.998574816853527,17.30212051141126,205470
2005-02-02,17.252038955688477,17.33247934105466,17.030450481077946,17.302124041695244,158375
2005-02-03,17.742265701293945,17.90618171202392,17.150351839629103,17.30212399374456,64965
2005-02-04,17.66182518005371,17.906180106598324,17.364349931960316,17.906180106598324,65085
2005-02-07,17.623884201049805,17.755926569427846,17.364351601278234,17.45389770833188,227195
2005-02-08,17.748336791992188,17.878860809423166,17.519159503992658,17.666379514205232,18145
2005-02-09,17.646648406982422,17.909216234997565,17.582904017962406,17.904662650804628,91310
2005-02-10,17.525230407714844,17.869755519962332,17.302123594929153,17.869755519962332,8930
2005-02-11,17.757444381713867,17.818153536368154,17.42506165142511,17.69673522705958,97910
2005-02-14,17.8029727935791,17.909214881335803,17.6087044008809,17.903142953730736,73310
2005-02-15,17.613256454467773,18.057951692873665,17.605669077982423,17.90769645335292,124085
2005-02-16,17.910734176635742,18.056437299950083,17.626919649805437,18.056437299950083,22490
2005-02-17,17.387113571166992,17.87885713687833,16.695028265171068,16.695028265171068,92070
2005-02-18,17.40532875061035,17.77261885346307,17.39318634288309,17.77261885346307,12710
2005-02-21,17.546478271484375,18.816818259705904,16.695031844275483,18.816818259705904,37115
2005-02-22,17.241411209106445,17.818148747010536,16.84680253363104,16.84680253363104,19780
2005-02-23,17.126068115234375,17.695216938117692,16.695032137910566,17.37801043588648,86655
2005-02-24,17.109371185302734,17.57227933241229,16.998576956656738,17.119995249764123,20665
2005-02-25,16.98947525024414,17.362835938427,16.852879276368714,17.362835938427,9560
2005-02-28,17.025896072387695,17.40381023549814,16.998576017125398,17.028931312434583,67555
2005-03-01,17.557106018066406,17.739233502687483,17.11999947600759,17.11999947600759,54040
2005-03-02,17.898590087890625,18.05795104190107,17.45389486551559,17.696731432057284,68740
2005-03-03,18.199098587036133,18.33417615926163,17.670927809275614,17.878856922549446,50705
2005-03-04,18.186960220336918,18.36453552922631,18.09134363703972,18.36453552922631,461020
2005-03-07,18.0169734954834,18.508717118447013,17.90921451360319,18.36453380878516,81280
2005-03-08,18.517822265625,18.66504224667511,18.05036061390341,18.21275824086838,42250
2005-03-09,18.674148559570312,19.305524754472778,18.546659803639635,18.546659803639635,146240
2005-03-10,18.7697696685791,20.034039260509957,18.56184049436148,18.97162836173677,346100
2005-03-11,17.7893123626709,19.21446098634792,17.607184941878508,18.95492988213029,208755
2005-03-14,18.023046493530277,18.634691591367226,17.75744341361523,17.787798712997677,66555
2005-03-15,17.758955001831055,18.27346497230684,17.60566456155613,18.27346497230684,43875
2005-03-16,17.667896270751953,18.12169725899739,17.062321689335214,17.757442372290566,22350
2005-03-17,16.96367073059082,17.89403922764865,16.76333038796069,17.69673412544923,52420
2005-03-18,17.06687355041504,17.848505015720544,16.877157301814492,17.848505015720544,40780
2005-03-21,17.16097640991211,17.81815302642224,15.84510338549489,15.84510338549489,20480
2005-03-22,17.21257781982422,17.666380278721483,17.028933470641512,17.241414775054615,237530
2005-03-23,17.215614318847656,17.299088495771368,16.71324512371484,17.150351584313608,61455
2005-03-24,17.157939910888672,18.51327241024233,16.846805344083318,18.51327241024233,30950
2005-03-28,17.189809799194336,17.605668061722575,17.05928435142617,17.605668061722575,61770
2005-03-29,17.733163833618164,19.42695139988132,17.1230355018628,19.42695139988132,48620
2005-03-30,18.05339813232422,18.20972383966956,17.30212054656486,17.30212054656486,229625
2005-03-31,17.97447967529297,18.81985420614472,17.696734187317254,18.81985420614472,38430
2005-04-01,18.772802352905277,18.9412690220436,17.198915403848936,18.212759343081952,73520
2005-04-04,18.836545944213867,18.968588281812945,18.425241285218583,18.819849954428,43920
2005-04-05,18.831995010375977,18.968590950536385,18.51630687265773,18.51630687265773,30020
2005-04-06,18.850210189819336,18.91395458366253,18.66808272994432,18.91395458366253,16585
2005-04-07,18.92154312133789,18.938237667827888,18.67111768688609,18.67111768688609,29710
2005-04-08,19.335878372192383,19.419353978975614,17.96992205574313,18.91091441000684,52570
2005-04-11,19.385961532592773,19.57567774933466,18.880557253287776,19.335876462952275,48600
2005-04-12,19.29034996032715,19.578718047416743,19.126435407774316,19.425427559429,503435
2005-04-13,19.287315368652344,19.54836485490146,19.244819108962982,19.442124205678063,13825
2005-04-15,19.129472732543945,19.56354397802117,18.520862850929447,19.275174412087893,69050
2005-04-18,19.00197982788086,19.123398109103988,18.69843267740295,18.75914181801452,19305
2005-04-19,19.09608459472656,19.27517683797633,18.762184930724395,19.12340465818096,14765
2005-04-20,19.102148056030277,19.243296106194475,19.00197791175119,19.09304088977585,4170
2005-04-21,18.90332794189453,19.42542687853585,18.81985232471181,19.42542687853585,280020
2005-04-22,19.748703002929688,20.03403582774228,18.675668222452448,19.426944403158014,218290
2005-04-25,18.92609214782715,19.730488584855177,18.85324060356045,19.27516932802836,16555
2005-04-26,19.09608459472656,19.42695046519228,18.97314937515381,19.18411381958322,15155
2005-04-27,19.648536682128903,20.33758551120658,18.66808304389821,18.97921764067815,189455
2005-04-28,19.4497127532959,20.003685401318897,19.281246048283645,20.003685401318897,9455
2005-04-29,19.24481964111328,19.57871924716832,18.822890825478748,19.546847051519983,12845
2005-05-02,19.31463050842285,19.577198291372834,18.883596060871582,19.155269563224326,11390
2005-05-03,19.178035736083984,19.53925534762644,18.9716249430369,19.42694423115381,8955
2005-05-04,19.35409164428711,19.38141169750994,19.123397496323445,19.15678658176685,26985
2005-05-05,19.56961250305176,20.03100231500546,18.913952839511158,19.73049181681021,22615
2005-05-06,19.25088882446289,19.730491518208307,18.97162645981568,19.730491518208307,186740
2005-05-09,19.94297409057617,20.03100184607372,19.27517203416224,19.66826386483097,77000
2005-05-10,19.625768661499023,20.034038162523505,19.001982620453763,19.99609548684767,33895
2005-05-11,19.285795211791992,20.00368231705671,19.01715692622044,19.728972103942983,115855
2005-05-12,18.5390739440918,19.669782727897548,18.331144786951057,19.366236988523564,116905
2005-05-13,18.947343826293945,19.366237389529925,18.81985359992282,18.81985359992282,83860
2005-05-16,18.863868713378903,19.06269215916902,17.954748348287364,18.516308354792187,63140
2005-05-17,19.05358123779297,19.51800622210666,19.03233311157836,19.24481582114451,104590
2005-05-18,19.020191192626957,19.313114278532,18.91091531892368,19.123398033939036,56320
2005-05-19,19.15526962280273,19.381411634004984,18.8213686375225,19.18410657213121,63085
2005-05-20,19.40417861938477,19.457298939990263,19.123399368349933,19.275171506162764,36005
2005-05-23,19.53925323486328,20.94467196186685,19.42694213053476,20.33757916088204,295610
2005-05-24,19.662187576293945,19.94296819949877,19.58630080401536,19.91261291161942,49925
2005-05-25,20.044658660888672,20.119027102536037,19.57871533360127,19.73048890413959,145645
2005-05-26,20.349727630615234,20.48935882828364,19.73049368649536,20.003685600713663,273785
2005-05-27,20.009750366210938,20.61077124787821,19.97332459506384,20.51970826743043,84065
2005-05-30,19.70165252685547,19.88226305209291,19.519525105372217,19.88226305209291,139360
2005-05-31,19.713794708251957,19.882262824493964,19.51800653827714,19.882262824493964,89990
2005-06-01,19.782094955444336,19.91261896974412,19.64246377304211,19.71531388076051,12590
2005-06-02,19.211429595947266,19.9277984630588,19.12643707203108,19.883783857136333,30110
2005-06-03,19.147680282592773,19.66826080522516,19.06268778051728,19.27516903570601,42325
2005-06-06,19.56657600402832,19.7304905475135,19.291867236944807,19.572646484181057,27195
2005-06-07,19.83824920654297,19.87922711803391,19.578716644086448,19.86101567787358,18830
2005-06-08,19.452749252319336,20.00368520704225,18.974663411846,18.974663411846,7400
2005-06-09,19.49068832397461,19.73048964811853,19.42694394301612,19.73048964811853,10280
2005-06-10,19.51952362060547,19.639423548808136,18.9746582938471,18.9746582938471,28345
2005-06-13,18.768253326416016,19.57872046867614,18.671118389485503,19.57872046867614,151825
2005-06-14,18.842618942260746,19.03233520283421,18.81985246992065,19.001981353800964,124255
2005-06-15,18.85172462463379,19.123399606114283,18.699952484933952,19.123399606114283,54620
2005-06-16,18.736377716064453,19.001980762080496,18.59978178111791,19.001980762080496,65425
2005-06-17,18.47229385375977,19.184110568400083,18.36453630465469,18.819854214297425,72820
2005-06-20,18.551212310791016,19.032333289792756,18.367567996419425,19.032333289792756,48380
2005-06-21,18.78494071960449,18.968586457648176,18.55424659874338,18.941266407634977,27340
2005-06-22,18.51630973815918,18.789501660757963,18.39489142754204,18.789501660757963,18030
2005-06-23,18.4130973815918,18.698430159298574,18.394884497119037,18.59218953939071,26750
2005-06-24,18.39033317565918,18.51630503899529,18.267397999625203,18.51630503899529,60335
2005-06-27,18.48291778564453,18.668080463591856,18.36453473398472,18.394888583235325,35470
2005-06-28,18.197582244873047,18.485951753720904,18.152050750420266,18.440418811848016,77275
2005-06-29,18.19454765319824,19.66978144229812,17.453895518565982,19.66978144229812,52525
2005-06-30,18.22186279296875,18.470771248803363,17.96992054504944,17.96992054504944,116115
2005-07-01,18.18544006347656,18.273467806495205,17.969922118165385,18.21275866882924,46335
2005-07-04,19.511938095092773,20.64112995012684,18.24615174681784,18.910917114120195,364915
2005-07-05,18.9594841003418,20.46507326010342,18.821371261485307,20.46507326010342,93645
2005-07-06,19.727458953857425,19.791203349504144,18.9716290331681,19.335883963224024,420560
2005-07-07,19.9156551361084,20.034038195003724,19.425428354789908,19.73049244684403,309820
2005-07-08,19.496761322021484,20.914321322988684,19.42694645216979,20.03403794078561,58270
2005-07-11,19.73959732055664,20.034037334970783,19.63032143487833,20.034037334970783,229480
2005-07-12,19.666751861572266,19.88226989105686,19.57872263675263,19.79120542528148,69090
2005-07-13,19.76539802551269,19.973327169139434,19.52711503363148,19.70013529774836,167950
2005-07-14,21.21649932861328,21.53413591946395,21.064368446568142,21.53413591946395,22490
2005-07-15,21.11618995666504,21.46559192467055,20.89718815184767,21.06436629479402,36375
2005-07-18,21.321821212768555,22.067433145636983,21.234888822592715,22.067433145636983,21195
2005-07-19,21.34856986999512,21.68961120406974,21.248262657426665,21.68961120406974,30295
2005-07-20,21.453895568847656,21.729738466061896,21.398726989404807,21.53246890354933,58960
2005-07-21,21.09446144104004,21.616055809993405,21.06437007141935,21.56590140151997,19990
2005-07-22,21.4438591003418,21.56589860869689,21.064367343545484,21.09947446833292,111460
2005-07-25,21.43717765808105,21.73308200498442,21.33185625830069,21.632774771148792,22580
2005-07-26,21.57593536376953,21.900260226902525,21.333527145023503,21.731409583518136,241045
2005-07-27,21.768186569213867,22.23293991008949,21.59933754031967,21.6327722180994,69475
2005-07-28,21.768186569213867,21.768186569213867,21.768186569213867,21.768186569213867,0
2005-07-29,21.57593536376953,21.83004436595573,21.398727245689223,21.76818916836365,247680
2005-08-01,21.74310874938965,21.90025699179049,21.438846972326573,21.72137644859764,57240
2005-08-02,21.998889923095703,22.067431722329097,21.63444225063492,22.04904273132265,63715
2005-08-03,21.942049026489254,22.134302787701436,21.8668190165664,21.9002552851228,117335
2005-08-04,24.91948127746582,25.37085975090553,22.007247919450712,22.16773946052178,816420
2005-08-05,23.71580696105957,25.31068157446821,23.541942156481294,25.076632431152223,230255
2005-08-08,23.411540985107425,24.24074202455446,23.40485436853534,24.073563855618964,164475
2005-08-09,23.33129501342773,23.737536434107326,23.24101931931328,23.51184640165665,159285
2005-08-10,23.50181579589844,23.8060791590112,23.24603438691972,23.404853481959456,134210
2005-08-11,23.411540985107425,23.76094300743019,23.271112471118617,23.76094300743019,57400
2005-08-12,24.13708877563477,25.41098156013289,23.735863128605324,24.374481174809,222780
2005-08-16,24.12873077392578,24.37448225088696,23.87462182398707,24.140433149289212,66885
2005-08-17,24.41125869750977,24.80914100316853,24.07355911781381,24.541657260977317,65805
2005-08-18,24.274173736572266,24.809141225754395,24.140430269947853,24.44135027977724,52155
2005-08-19,24.519929885864254,24.83923896696625,24.244087004135555,24.70549706032986,45980
2005-08-22,24.20897483825684,24.575093351103625,24.1069967752306,24.44135147228276,83910
2005-08-23,24.17721176147461,24.424634085423143,23.90638468773347,24.24073939500568,23400
2005-08-24,23.81109619140625,24.20730613023656,23.438291005272102,24.20730613023656,18465
2005-08-25,24.050153732299805,24.240736611004948,23.739203810532185,23.739203810532185,11275
2005-08-26,23.84620475769043,24.57509863219936,23.40485614387164,24.07356568167911,21295
2005-08-29,24.40958976745605,24.57342461949405,23.6389022436756,24.073562590268832,27365
2005-08-30,24.252445220947266,24.672061514456026,24.01672523835284,24.672061514456026,355215
2005-08-31,24.62859535217285,24.73893250114908,24.073564704558528,24.575097634722088,37980
2005-09-01,24.601844787597656,25.37587725320845,24.541662049891134,25.37587725320845,42450
2005-09-02,24.53330421447754,24.82586522715818,24.108672154944625,24.74227613863096,13750
2005-09-05,25.0699462890625,25.143503863805577,24.40792333338666,24.84258375874224,97735
2005-09-06,24.89607810974121,25.069942894070284,24.575096601519267,25.069942894070284,33110
2005-09-08,25.335752487182617,25.41098249806855,24.74227306167032,24.775707736325703,80920
2005-09-09,25.146841049194336,25.335751497455377,24.62524675258208,25.07662680026476,32870
2005-09-12,25.100032806396484,25.309004706859664,24.88604514666468,25.143498999956723,29070
2005-09-13,25.69852828979492,25.879079682226827,25.377548390877998,25.377548390877998,67820
2005-09-14,25.337421417236328,27.07941061215016,25.24714573558458,25.912511771484635,31950
2005-09-15,26.10310173034668,26.276966525662047,25.24380927352304,25.416001617436454,61875
2005-09-16,26.393983840942383,26.94901436459581,25.0782974152484,26.24686714372148,285510
2005-09-19,26.81360626220703,27.550859225529443,26.18501959822619,26.34718202433362,103550
2005-09-20,27.378664016723636,27.746453415685924,26.79855781370818,26.79855781370818,181915
2005-09-21,26.733360290527344,27.283373584857287,25.74534011371786,27.283373584857287,132370
2005-09-22,26.609642028808597,27.082755929336287,25.917527927422647,25.917527927422647,299715
2005-09-23,26.743385314941406,26.84870668500276,25.61995258463348,26.743385314941406,50360
2005-09-26,26.128177642822266,26.882148716920597,25.94762622847246,26.494296231456403,24025
2005-09-27,26.01282501220703,27.55754347611369,25.778775890465848,27.246595073788978,110660
2005-09-28,26.64976692199707,26.915579826919974,26.24686882835517,26.915579826919974,162285
2005-09-29,28.05907440185547,31.26219615821422,26.681531097393812,26.681531097393812,221945
2005-09-30,29.03204917907715,30.09195604289393,27.818340565949036,28.72110077779188,842580
2005-10-03,28.393423080444336,29.590416410180733,28.08581647952332,29.256060161444086,65745
2005-10-04,28.520484924316406,28.88827752073007,28.35330676127913,28.88827752073007,72100
2005-10-05,28.182781219482425,28.68765732094988,27.41710800137669,28.52047919151648,70815
2005-10-06,27.77654457092285,28.209535648782072,27.58763570791505,27.91864712105354,33255
2005-10-07,27.535808563232425,29.717472371935795,27.417110771990185,29.717472371935795,40850
2005-10-10,28.107555389404297,28.252999650191477,27.59933749939393,27.73475024187632,20615
2005-10-11,27.4940128326416,28.286435813964555,26.78183880880158,28.252999545511184,43410
2005-10-13,26.688220977783203,28.085824300703432,26.41405056311794,27.901931182480524,35750
2005-10-14,26.699920654296875,27.31346151409368,25.879078755970504,27.079414011662276,51285
2005-10-17,26.49596405029297,26.71162255781985,26.17999833325997,26.41404742588823,29950
2005-10-18,27.78490447998047,28.754533942364542,26.313740557885843,26.313740557885843,98785
2005-10-19,27.176380157470703,27.718034360075496,26.465875335755698,26.818619069668618,38520
2005-10-20,27.387020111083984,28.351633799271774,26.982449560531315,28.351633799271774,70555
2005-10-21,27.04598045349121,27.584292951687534,26.74840528648488,27.116194711257027,27430
2005-10-24,27.119535446166992,27.916970957284533,27.057678671549688,27.916970957284533,9025
2005-10-25,26.89886283874512,27.24993409517289,26.6063018640596,27.24993409517289,21595
2005-10-26,26.26692771911621,26.91557721313025,26.24686627950442,26.91557721313025,48965
2005-10-27,27.243247985839844,27.417112760444848,26.347177648203694,26.414048592718764,39355
2005-10-28,26.653114318847656,27.08276213003645,26.017839490198657,27.08276213003645,33870
2005-10-31,26.95570182800293,27.01421369966783,26.07467566228017,26.581222660689697,14965
2005-11-02,26.43912696838379,26.918926005651645,26.24687318206693,26.64809889116192,18185
2005-11-04,26.43912696838379,26.43912696838379,26.43912696838379,26.43912696838379,0
2005-11-07,27.53747940063477,27.784903312118164,26.74840135654265,27.24993260651466,28095
2005-11-08,27.28337287902832,28.052391189032537,27.216503523921823,28.052391189032537,56170
2005-11-09,27.360271453857425,28.085821911701785,26.882144923025923,28.052388831287715,34550
2005-11-10,27.64280128479004,27.748122657919183,27.199781899471517,27.550853143235333,16060
2005-11-11,27.9437313079834,28.25300892217558,27.41712106537359,27.49235110003213,63800
2005-11-14,28.594043731689453,28.754535276428108,27.584291338134864,27.584291338134864,33015
2005-11-16,28.66426086425781,29.59042586466483,28.353309262260638,29.4901170447995,44355
2005-11-17,29.41823387145996,29.8244753716559,28.319878049471345,28.587361876141543,146180
2005-11-18,30.34773826599121,31.27891582607494,30.09195683695127,30.39287691550614,293200
2005-11-21,29.918092727661133,30.92115861619917,29.757601165124303,30.92115861619917,91270
2005-11-22,29.70576858520508,30.25912825513,29.460018730640638,29.97492637648105,62590
2005-11-23,29.72416877746582,30.158830778984644,29.42659039922613,29.89134377226191,20935
2005-11-24,29.96155548095703,30.12538873010234,29.65729054388629,30.053500435007344,39250
2005-11-25,29.816112518310547,30.091956987922583,29.590425646920608,30.091956987922583,76895
2005-11-28,32.50600051879883,32.900539605927115,32.031215653159975,32.23183009943641,354950
2005-11-29,31.979387283325195,32.93397268168545,31.76707366981004,32.93397268168545,152630
2005-11-30,31.87406539916992,32.59627094688628,31.59655010843625,32.36556834554572,183625
2005-12-01,31.272226333618164,31.86403491671451,31.095019843262683,31.86403491671451,119020
2005-12-02,31.195331573486328,32.74841249122037,30.927847740016727,32.74841249122037,79005
2005-12-05,30.85762596130371,31.69685524820948,30.593483906572946,31.69685524820948,25690
2005-12-06,30.68208694458008,31.195320531358966,30.571749822613143,31.195320531358966,43175
2005-12-07,30.565061569213867,31.16021174009046,30.35943142327187,31.16021174009046,47700
2005-12-08,30.971315383911133,32.395670284832754,30.794108841482043,32.395670284832754,65840
2005-12-09,31.35915946960449,31.3959406427248,30.994714961532377,31.275571981769588,19050
2005-12-12,31.093345642089844,31.39593651732088,30.89440209023793,31.39593651732088,19930
2005-12-13,30.924495697021484,31.395938794173528,30.860968062090404,31.395938794173528,23380
2005-12-14,30.96796417236328,31.095019445049772,30.727226859275763,31.095019445049772,65085
2005-12-15,31.168577194213867,31.38758062587152,30.961279327298293,31.09502122377796,58420
2005-12-16,31.11676597595215,32.76346305303495,30.526628017642736,32.76346305303495,13525
2005-12-19,31.10170555114746,31.39593897720983,30.45974258209996,30.45974258209996,28160
2005-12-20,30.86933135986328,31.36250520394941,30.62692317459114,31.09502140939338,66060
2005-12-21,30.74728012084961,31.19531514655043,30.593475243833332,31.028137041500447,16200
2005-12-22,30.75230598449707,31.09334892068907,30.359437786821942,30.92784161758921,10130
2005-12-23,30.643644332885746,30.91781477104988,30.42631492411944,30.794104380746514,15845
2005-12-26,30.33435821533203,31.06157944930717,30.262469925940984,30.92950843319327,23100
2005-12-27,30.635284423828125,30.72388767516628,30.262476048087567,30.262476048087567,23010
2005-12-28,30.849275588989254,31.529690800483674,30.16050609064324,30.894414247260723,254315
2005-12-29,30.70215606689453,31.362508141596283,30.514918030898865,31.362508141596283,53100
2005-12-30,31.50628471374512,32.365577287392384,30.259139606383105,30.259139606383105,134510
2006-01-02,32.969085693359375,33.20146238536734,32.09809081262027,32.255237479729175,115465
2006-01-03,34.540550231933594,35.70577852301759,33.03428215844426,33.10115151608233,248650
2006-01-04,34.324886322021484,35.107277772560096,34.26135868843962,35.09724625445296,93165
2006-01-05,34.20451736450195,34.63917927757664,34.00390613610316,34.3716955139396,103010
2006-01-06,34.14433670043945,34.43857013371308,33.66955187521512,34.40513386407008,64880
2006-01-09,34.79632568359375,35.103932328649535,33.90861606125963,34.104211529382724,102780
2006-01-10,34.00892639160156,35.07384582793937,33.937038087849935,34.44024345947773,25340
2006-01-12,34.440242767333984,34.839797600803294,34.03734621992289,34.07077930263249,59520
2006-01-13,36.16886138916016,36.611880852576256,34.6391853579816,34.7043870478815,365970
2006-01-16,36.83088684082031,38.45083709583987,36.27753018762547,36.64531965540766,186270
2006-01-17,34.64921951293945,38.081373849949536,34.35498602344975,35.54529002769878,68685
2006-01-18,34.95514678955078,35.943165226250095,33.77320055045686,33.77320055045686,42120
2006-01-19,35.52355194091797,36.545006684340464,35.17415153832928,35.43996126819892,32160
2006-01-20,36.58346557617188,36.77906429655589,35.441645052144736,35.54195069831082,94395
2006-01-23,35.98663330078125,38.08304221634417,35.47674451630997,35.47674451630997,57170
2006-01-24,39.21649932861328,43.12845319069095,37.59822039560613,37.59822039560613,430690
2006-01-25,38.74840927124024,42.459752689622654,38.1900369014212,40.12260948801044,474250
2006-01-27,38.34884643554688,39.621069899606105,37.782116709699125,39.45389175713132,273385
2006-01-30,38.86710357666016,39.186412622841736,37.61828790271004,38.51770316279151,117810
2006-01-31,38.17332077026367,39.721385862531776,37.949304743206106,39.387029490436205,118785
2006-02-01,40.065765380859375,41.72750912874234,38.81862054715141,39.62107509859512,594250
2006-02-02,40.77961730957031,41.62720739807605,40.12261015499544,40.62079979229054,261915
2006-02-03,40.74115753173828,41.125665010596975,39.22318427331195,40.95848687541476,141500
2006-02-06,40.97019577026367,41.4600246913135,40.456962097882574,41.125671556389264,110355
2006-02-07,40.25635147094727,41.69407933412133,38.58457607233873,39.323499854680776,65350
2006-02-08,40.4369010925293,41.092237351397365,39.48733457032662,40.948463933712056,120360
2006-02-10,41.39984893798828,42.02843561612725,40.791322112091336,40.991936577805234,150410
2006-02-13,41.45000076293945,41.46002909410479,41.15911219731498,41.22598155593764,119680
2006-02-14,40.89496994018555,42.96462935378432,40.62581527234303,42.12874164798041,63770
2006-02-15,40.55894088745117,41.292852071048905,40.45696440312207,40.89162318442463,34930
2006-02-16,40.791316986083984,41.12567332403762,40.52550404816326,41.12567332403762,40560
2006-02-17,40.85316848754883,41.12566800681123,40.62413356472525,41.12566800681123,109710
2006-02-20,40.522159576416016,41.08220273741676,39.75481537244583,40.95849236757604,161395
2006-02-21,40.17108917236328,41.058802121848615,39.7915973629792,40.79131831821378,50165
2006-02-22,39.53916549682617,40.45697318700994,39.28672892236935,40.45697318700994,60710
2006-02-23,39.75815963745117,41.62386276658173,39.45389785824939,39.8216872776423,344805
2006-02-24,38.82029342651367,40.38674726361195,38.11814770800552,40.12260519781852,114560
2006-02-27,38.967411041259766,39.77822309353396,38.61801061086808,39.77822309353396,89025
2006-02-28,40.669281005859375,40.92506244686109,39.11954507975424,39.28672326328719,90715
2006-03-01,41.5235595703125,42.29591968759476,40.360005228464495,42.29591968759476,91190
2006-03-02,41.82280349731445,42.29591430562383,41.26944691246951,42.09195815031328,72845
2006-03-03,42.97297668457031,43.29897230270107,41.66063355131392,42.45974308083139,81415
2006-03-06,45.059356689453125,45.602684919426935,43.46281145836086,43.46281145836086,190045
2006-03-07,44.40570068359375,45.57259989012633,43.73364622751433,45.47229425432093,107380
2006-03-08,44.93730926513672,46.772920635131214,42.86430870921533,44.4692143197511,137025
2006-03-09,44.76512145996094,46.809701642441055,44.46921719805058,46.809701642441055,97300
2006-03-10,47.5937614440918,48.7222082746293,44.97074610510669,45.77319732631815,179570
2006-03-13,49.633331298828125,52.66091748810485,48.147123285089776,49.15018901783292,253410
2006-03-14,49.6233024597168,52.02396975130455,49.31736666503667,52.02396975130455,140170
2006-03-16,48.98134613037109,51.303442013560094,48.65200554120059,51.303442013560094,88155
2006-03-17,48.50656127929688,49.78547160402942,48.147129320105336,49.15019517857804,80715
2006-03-20,49.60324478149414,51.79159870320227,48.5149206030862,49.14685210837335,145720
2006-03-21,50.75509262084961,50.92226757848874,49.81555456354488,49.81555456354488,148335
2006-03-22,50.43077087402344,51.825030766950654,49.183626100568524,51.63779276241169,185295
2006-03-23,51.22152328491211,52.660921919413134,50.48761530613879,51.45724485202926,120260
2006-03-24,50.935646057128906,52.49373917345039,50.82196402022804,51.99220790294691,77230
2006-03-27,51.23991012573242,52.660919707964695,50.955708209285966,52.660919707964695,75755
2006-03-28,49.55142211914063,52.12595778042707,49.15019640348401,51.35693943392465,99785
2006-03-29,49.08331680297852,50.821961208020575,48.857626787142976,49.81889553385968,125780
2006-03-30,49.33074188232422,50.11981998479848,48.61522293490273,50.11981998479848,160055
2006-03-31,260.2535400390625,263.30452386453,233.21257828001228,249.09443844961885,419416
2006-04-03,265.101806640625,267.2333358038048,260.7969896378796,267.2333358038048,126137
2006-04-04,304.13775634765625,311.53536787667883,265.10178906499027,265.10178906499027,788311
2006-04-05,314.4190979003906,333.5191335847271,300.9195190238139,308.44250699940926,1219143
2006-04-07,304.8899841308594,321.816707033258,300.41798063257045,317.6372692795793,477098
2006-04-10,295.4444885253906,315.92373514833946,290.0530031903366,307.6066431528642,460043
2006-04-12,312.956298828125,321.8167121074825,295.9877914843452,297.57597275393186,773360
2006-04-13,327.58428955078125,334.2713892119731,292.64420402475844,313.87574034719023,824102
2006-04-17,313.5832824707031,338.5345367636561,311.2428069881437,334.35509803817894,797801
2006-04-18,305.1407775878906,319.3090835129166,302.5913304494131,317.6373082065662,412212
2006-04-19,305.7676696777344,320.9808339925453,302.6749009057609,309.2784077532337,1021090
2006-04-20,301.8808288574219,312.62199058775855,300.0836754572334,301.75545080797013,256883
2006-04-21,312.9981384277344,315.129641715739,296.7401135519558,305.09898999003906,350459
2006-04-24,316.2580871582031,323.0705661815231,309.4037984481876,309.4037984481876,333318
2006-04-25,307.23046875,317.4283073940138,305.18255949172635,317.4283073940138,156716
2006-04-26,307.23046875,316.6342039920873,305.93485320924043,305.93485320924043,126554
2006-04-27,302.0062255859375,311.78612219634,300.9195817444568,309.06948708336915,105640
2006-04-28,303.0928649902344,307.6066531685721,266.23021476682123,300.9195520127336,129226
2006-05-02,304.6392822265625,316.0491442206396,300.91957176081183,316.0491442206396,124186
2006-05-03,298.5372314453125,309.27839149503325,297.5759658708968,305.9348413167085,90013
2006-05-04,297.1998291015625,309.27841525228354,296.7401011204342,298.4118763380141,104942
2006-05-05,291.9755554199219,299.87470417256475,290.888911643352,299.24778841471266,85692
2006-05-08,288.088623046875,296.65646995975607,286.5004418917056,293.64726984459907,83977
2006-05-09,291.0560913085937,300.91955542148,286.7512494833453,291.5158193145588,121663
2006-05-10,288.506591796875,295.06831437129057,287.71251390511713,292.56065164292266,77595
2006-05-11,282.4046325683594,290.4709428581055,271.74706560018427,288.5066018836868,61086
2006-05-12,283.0315246582031,288.3811997842319,281.2761557315769,282.36279932416005,64005
2006-05-15,276.1772766113281,284.20180321574367,272.4993760245072,282.61362177021493,50108
2006-05-16,261.9254150390625,279.1864908856798,255.02934153664677,279.1864908856798,121158
2006-05-17,279.1028747558594,282.32104723552686,267.48404179235706,267.48404179235706,68205
2006-05-18,269.2812805175781,280.0224450799629,259.5431916338163,274.1712298096353,66479
2006-05-19,261.6329040527344,321.81683086358703,234.0486042644269,278.3088773102842,149585
2006-05-22,244.0792236328125,267.4840806934931,209.3062880408044,263.3046419326573,153272
2006-05-23,252.1454315185547,262.4686461090922,223.0147502482256,244.07912313329592,130550
2006-05-24,238.1861724853516,265.8122463785345,233.2126312566388,263.3045836768502,150922
2006-05-25,248.30039978027344,258.2892667397732,234.0903106716128,238.18618029269751,155971
2006-05-26,243.9956512451172,260.7970016452728,241.5715816521918,260.7970016452728,151872
2006-05-29,244.74789428710935,247.84068880302925,241.57153141340797,247.4227449770545,128775
2006-05-30,254.02622985839844,258.1638835733028,244.91506035983429,249.09449824993385,177582
2006-05-31,248.84375,250.7662812861544,230.91395068433383,239.27282672720565,94017
2006-06-01,240.65200805664065,254.9456895218492,238.22793938926893,253.2739145085912,60775
2006-06-02,247.4226837158203,249.09445860579208,230.7049348161027,238.22792182097564,119278
2006-06-05,237.9771728515625,262.4686655125656,236.1382102143305,262.4686655125656,58864
2006-06-06,222.76402282714844,238.22794186017748,217.6651038819728,234.25747616250783,81951
2006-06-07,210.1421661376953,228.1555616748089,209.05552231351328,225.6896827155061,127930
2006-06-08,194.5528564453125,213.02597917312264,173.1541268536631,213.02597917312264,196665
2006-06-09,207.21653747558597,211.2705975653398,176.91561101962722,176.91561101962722,96305
2006-06-12,206.5478363037109,212.315455788231,192.46312478441016,208.6375553567447,51376
2006-06-13,182.97576904296875,201.4488879346821,177.20815038237592,200.6130004328784,133180
2006-06-14,175.2438507080078,197.2694966426296,172.19286571348178,177.37536688791218,139679
2006-06-15,189.7882843017578,193.88412848675372,178.04406083649883,178.04406083649883,73451
2006-06-16,190.2898101806641,202.28480254060688,183.8952750369153,198.0635675399693,233724
2006-06-19,200.27865600585935,202.03401215482685,188.99417442320456,193.9259057167345,128423
2006-06-20,204.2491455078125,211.39597447116552,185.27448628746905,198.10536638515396,113955
2006-06-21,218.2502593994141,224.4358225924746,198.23074099798063,204.75066688678916,154172
2006-06-22,224.9791412353516,230.66319219052227,223.18198800681265,229.03320117553056,65776
2006-06-23,216.3277130126953,224.01788957494483,212.31546250759695,224.01788957494483,99963
2006-06-26,212.60801696777344,225.68965285550817,210.22573219689,225.68965285550817,67804
2006-06-27,211.89752197265625,216.8292540685885,204.95965183840391,216.8292540685885,145855
2006-06-28,216.74566650390625,219.58770504015143,200.6548413232468,200.6548413232468,80661
2006-06-29,210.2675323486328,221.4684340554346,208.97190399295,220.50714288965452,63853
2006-06-30,220.2563934326172,222.34611253539344,215.65901140650945,220.67433725317244,147805
2006-07-03,228.94964599609372,231.54090308189663,215.1574983395909,223.18202571431917,88601
2006-07-04,229.78549194335935,236.5561864816118,229.07498239447685,229.8690858036864,46822
2006-07-05,228.11373901367188,232.16779929676497,221.510231552269,229.03322054838375,35864
2006-07-06,226.5055084228516,229.21407891231945,224.3047771412853,228.7062397044178,26646
2006-07-07,218.4220733642578,231.0762598302558,215.8404624788104,230.2298266440644,36220
2006-07-10,215.7558135986328,221.76549437579817,213.766703364055,217.11011186027568,39932
2006-07-11,214.48619079589844,222.1040904157053,207.3761563169642,216.85621950960592,72572
2006-07-12,219.69174194335935,220.8767691703071,207.3761483628209,211.6083146559397,86863
2006-07-13,219.5224456787109,223.0351381339575,217.1101060013666,221.3422718103601,30086
2006-07-14,215.29026794433597,218.33743232424044,209.95773673727524,209.95773673727524,34973
2006-07-17,215.07867431640625,220.91905804092528,214.1475926603605,216.6868921780723,76557
2006-07-18,212.2008209228516,219.14157124260967,206.95293716476849,209.9154536476997,75330
2006-07-19,197.81141662597656,217.19474273169195,197.21891602788577,214.9940114638755,86292
2006-07-20,208.7304229736328,214.1475900457256,202.29752577442065,205.6832584233649,184145
2006-07-21,205.7255706787109,211.10041319643668,202.2128655107596,211.10041319643668,73976
2006-07-24,199.33502197265625,205.72559532389093,197.3035874245036,205.72559532389093,58213
2006-07-25,204.2020263671875,208.2225843992876,202.2975515098769,202.97470070891893,84175
2006-07-26,210.84649658203125,217.27939349758745,204.24431562460143,207.2491558011513,92870
2006-07-27,214.3592071533203,215.75581676223723,211.6082992629026,212.4547324599542,37967
2006-07-28,227.2249755859375,228.53693655595308,213.3434650235828,216.51758914241543,140914
2006-07-31,225.9553680419922,236.0702299534476,222.78124333170624,229.80662902470192,112326
2006-08-01,224.1355438232422,226.75949241046823,220.2419710246897,221.85018924553916,32888
2006-08-02,226.5901641845703,229.594991529292,222.27334996102744,224.8126494065127,33686
2006-08-03,229.00247192382807,231.838028062356,226.84407778480383,226.84407778480383,54871
2006-08-04,228.36767578125,232.76913892240145,226.8441062952857,226.8441062952857,52617
2006-08-07,229.5950164794922,231.0339633207408,220.91907576459892,226.84410844794067,111597
2006-08-08,232.64212036132807,234.4619461853584,228.70621199049867,229.3833480730401,66274
2006-08-09,241.6566925048828,243.77277562664187,232.76914339349483,233.61557664219845,162223
2006-08-10,247.75099182128903,249.69777772193956,234.92750901239236,242.0798794185583,179757
2006-08-11,248.3858184814453,251.3483345098029,245.80418187236555,249.69777953299632,135085
2006-08-14,261.92877197265625,263.57930126378426,238.27095298665944,238.27095298665944,194751
2006-08-16,272.8900146484375,275.9371788448434,264.12942727042827,266.5417666688782,228120
2006-08-17,262.4789123535156,279.06900646159414,259.4317479938949,279.06900646159414,125547
2006-08-18,262.6482238769531,268.31933691387906,261.1246543783334,264.08717071649926,62914
2006-08-21,258.3736877441406,264.93354386213275,257.3156464347871,262.3942447196842,48951
2006-08-22,261.8864440917969,267.6845170583303,258.6276708918247,261.5055646254685,128815
2006-08-23,250.9674072265625,264.7642560435135,248.89363585633632,261.54782068468063,82060
2006-08-24,254.05685424804688,254.77632744858704,245.4655646514626,253.8452460026577,49676
2006-08-25,253.0412139892578,258.0774760010834,250.54422573145715,258.0774760010834,81148
2006-08-28,252.2793884277344,253.92994339221968,248.8513445243753,249.697777669016,35686
2006-08-29,255.7074432373047,258.0774455715329,252.3217108563568,258.0774455715329,26288
2006-08-30,251.983154296875,259.8126607855248,250.62885611640417,259.8126607855248,47793
2006-08-31,248.9782867431641,261.1246066770159,247.1584607769486,251.9831396930433,26252
2006-09-01,257.78125,261.4632400043279,247.15852246616916,247.83565877062503,90013
2006-09-04,255.19956970214844,261.54781770468946,253.1681355075528,257.78118022408023,69338
2006-09-05,261.9710693359375,265.7800186477686,257.3579981702836,259.8549863849202,172679
2006-09-06,261.59014892578125,265.6953547792741,259.85497133885326,265.6953547792741,169831
2006-09-07,256.1306457519531,261.5478120984546,239.2442960947153,239.2442960947153,28986
2006-09-08,253.92996215820312,259.4317780049642,252.2370957438151,257.3156949869792,47212
2006-09-11,245.29632568359372,260.4475002983868,241.78363314633876,260.4475002983868,50536
2006-09-12,248.5127410888672,249.6977421566136,237.08589526136117,242.07984493827624,42554
2006-09-13,249.18991088867188,256.42692972383816,248.25882926980324,256.42692972383816,30148
2006-09-14,246.86227416992188,252.99891577865503,244.8308393553189,252.99891577865503,40578
2006-09-15,246.22740173339844,251.3906491893644,243.89971053720063,244.6191838913344,57695
2006-09-18,243.81509399414065,249.6978155748673,241.783659304835,247.15851575546188,39989
2006-09-19,240.47164916992188,248.0048986029051,239.54056759256704,243.77273309773605,38750
2006-09-20,245.1270904541016,251.22139475541985,237.0859740513568,240.4717072735651,135590
2006-09-21,245.55023193359372,249.69774869485025,242.92628432346444,245.4655834627341,68911
2006-09-22,246.1004180908203,248.80901428014488,242.07986095949997,242.07986095949997,34031
2006-09-25,247.75099182128903,249.69777772193956,242.0798794185583,248.4281280047093,37567
2006-09-26,247.6664123535156,249.69784730093093,244.7038955211317,248.51284573419676,30865
2006-09-27,253.5067443847656,257.27338247183394,247.2431438466525,249.6977949699695,95483
2006-09-28,269.92755126953125,277.54545032228054,253.0835351968929,258.1621345653925,415580
2006-09-29,265.568359375,274.24429780876494,262.4788840257789,270.8585657370518,91252
2006-10-03,260.828369140625,268.9118211949509,259.8549761875735,268.9118211949509,29304
2006-10-04,255.4112091064453,264.93358227114294,253.0835178884081,264.93358227114294,37137
2006-10-05,256.6808776855469,261.3362604630259,255.79213312410144,259.7280424879334,70546
2006-10-06,269.20806884765625,274.498276346086,256.6808678238111,256.6808678238111,207599
2006-10-09,278.56109619140625,284.82469501664,253.9298915452957,270.26603756894264,239151
2006-10-10,281.3120422363281,290.66511753538003,276.1064839062882,287.27938518009057,259794
2006-10-11,274.87921142578125,285.7981957203556,273.3979531655961,285.7981957203556,104610
2006-10-12,272.5514831542969,277.41847392490934,267.47288408931,277.41847392490934,83387
2006-10-13,274.5828857421875,282.7086484691963,271.7050184389581,275.0907507559545,125434
2006-10-16,272.00128173828125,284.4015214819149,271.0278888399031,284.4015214819149,29456
2006-10-17,268.53094482421875,278.47653537326386,267.17664647685365,275.09080242039744,44470
2006-10-18,265.9493103027344,274.15969648998697,264.0024985280405,266.7110949836623,46176
2006-10-19,263.2830505371094,269.8852453470733,261.5478727172154,268.74255530005144,38856
2006-10-20,263.960205078125,270.01219744075104,262.5635954299947,267.3882492899987,28543
2006-10-23,269.7583312988281,274.1597694212092,268.4463440477448,270.85868437164913,19025
2006-10-26,265.780029296875,270.0121953684813,264.0871628682325,269.12345082588064,29503
2006-10-27,267.9383850097656,269.16572332591966,262.39425858816065,264.12943609477617,22518
2006-10-30,269.7159423828125,270.85863240448737,266.62646627316724,270.85863240448737,24122
2006-10-31,266.4148254394531,270.7739508562796,265.7800005972622,270.7739508562796,24706
2006-11-01,268.6155700683594,275.8525632963875,262.39428113963703,262.39428113963703,70814
2006-11-02,271.8319702148437,274.2443095857506,268.4885751491017,268.4885751491017,179372
2006-11-03,287.6602783203125,291.1306590049403,270.858577046669,279.3229075793774,290609
2006-11-06,294.3048400878906,300.1452241230316,290.3689049612315,293.4584068703023,340788
2006-11-07,284.18994140625,297.4789527217932,283.2588597380307,294.5587479058079,485642
2006-11-08,272.678466796875,286.9408722504694,270.05451855107987,285.2480057475168,124472
2006-11-09,285.0787048339844,287.1947879334976,271.1125563771971,272.6784630370554,200990
2006-11-10,295.4051513671875,296.5901525388325,279.7884503679195,286.094387283981,310494
2006-11-13,291.55389404296875,299.63731988250487,289.56477107527115,297.01337208454777,134782
2006-11-14,292.7388916015625,297.43658495487585,287.78725282063687,293.20441947221946,131768
2006-11-15,283.97833251953125,296.251613656739,281.8622495648402,296.251613656739,120034
2006-11-16,301.2879333496094,306.74741245261293,289.4801788786987,293.71234523657444,429625
2006-11-17,309.4559936523437,353.7244411914177,302.1766627175786,304.71596240428096,2514668
2006-11-20,312.92633056640625,325.0303136863533,298.87553579812226,309.6252207781584,935824
2006-11-21,319.7401428222656,327.5696499595415,315.1270715278665,316.5660183071538,486521
2006-11-22,319.4862670898437,325.03039500554723,314.87319516162387,323.9300420215602,355841
2006-11-23,331.7171325683594,335.8223383419073,320.37493399473703,322.4910167820206,861137
2006-11-24,323.46441650390625,340.2661193546772,321.68690175896995,334.08716781823443,419099
2006-11-27,321.8985595703125,327.1041448023759,320.12107038297626,325.41127827646085,157963
2006-11-28,316.650634765625,319.9517187612295,299.8066208753653,314.53455196958515,200835
2006-11-29,318.51275634765625,325.9613829193484,316.692930399438,321.3906494725643,70766
2006-11-30,322.4063720703125,325.622833443208,315.71955555060595,319.10528804980817,99411
2006-12-01,321.9408264160156,325.8344237414262,317.412404282041,325.66512679337404,58963
2006-12-04,330.6167297363281,333.4945967245873,321.6445349120385,322.06775140534387,170699
2006-12-05,332.521240234375,336.9226767462975,328.50068310933045,333.4946331089577,114477
2006-12-06,325.2419128417969,335.94928619854284,318.25883989203805,335.94928619854284,74610
2006-12-07,324.6070861816406,329.2624681216642,319.1899196358308,329.2624681216642,33063
2006-12-08,318.2165222167969,329.85497690069093,315.29631780003945,329.85497690069093,33818
2006-12-11,319.27459716796875,325.7074684966017,309.1173992834873,318.2165557216686,98591
2006-12-12,315.6348876953125,321.6868789998913,307.2552054404274,319.1052684601684,151536
2006-12-13,315.8465881347656,317.4124949427019,298.79096190606344,317.4124949427019,56971
2006-12-14,318.4704895019531,321.5599654963519,314.02671522983286,315.8465414321972,57486
2006-12-15,314.0689697265625,320.7558114195036,311.4873592823364,320.7558114195036,103532
2006-12-18,315.08477783203125,321.390715887366,311.57208500495784,321.390715887366,34097
2006-12-19,320.248046875,323.7607399328896,311.9106736346923,315.29640686274865,62905
2006-12-20,313.4765014648437,322.49100874787786,306.8319965120885,317.4124101849192,47367
2006-12-21,310.51397705078125,314.8307908761544,309.4135985605794,310.2177203099158,9127
2006-12-22,308.0594177246094,315.7196289525482,307.6785123974565,315.7196289525482,18880
2006-12-26,311.064208984375,315.21172660461497,305.5623930431548,313.0956435502995,14234
2006-12-27,314.15362548828125,316.6082761994666,310.7255819229639,315.7195318176694,22686
2006-12-28,313.3495788574219,317.2431508862684,310.21776570612417,317.2431508862684,33287
2006-12-29,329.0085754394531,334.76431052180425,313.51883330982827,314.87313151481965,120981
2007-01-02,334.2142028808594,341.11262929973424,330.4052529258996,335.18759603646345,116273
2007-01-03,331.75946044921875,336.83805899673933,324.6494018178195,335.94928875227043,43093
2007-01-04,333.6639709472656,337.68452856502427,310.1754501277286,310.1754501277286,69971
2007-01-05,326.427001953125,338.48867666193,325.3689603120017,335.1875919078444,29765
2007-01-08,325.9613952636719,336.88037719757665,320.4595800581838,336.88037719757665,43213
2007-01-09,324.0570373535156,331.5479782252532,319.9518301339896,331.5479782252532,25684
2007-01-10,316.0157470703125,322.49095397203826,313.5187595352084,321.64452102198044,24483
2007-01-11,322.110107421875,323.9722705832671,314.32293836307264,322.4910126511424,21651
2007-01-12,345.6833190917969,350.4233502517588,322.4910542171983,322.91427082378254,285774
2007-01-15,358.97235107421875,391.5176944535695,349.4076397284504,351.10050625006323,282308
2007-01-16,360.7498474121094,366.5055829551813,351.3967448657528,363.7969863283876,153881
2007-01-17,360.7921142578125,368.15609267011416,357.23708485233817,363.96623843016863,42903
2007-01-18,356.7715759277344,363.966257767321,351.43905736730034,363.11982460972257,74454
2007-01-19,348.77276611328125,359.6494371630751,347.03758850320105,358.0412193581806,30124
2007-01-22,345.04840087890625,355.4595420843031,343.7364400856933,351.2696884796422,13856
2007-01-23,343.05938720703125,348.73050033619785,342.8054675634954,345.51406430631084,12288
2007-01-24,339.1658020019531,347.37618874735665,338.65793690311256,342.80545451997534,20757
2007-01-25,342.9324035644531,346.19117652929674,339.4197109737115,339.4197109737115,19857
2007-01-29,345.4293518066406,350.8465184573765,341.11253784878824,345.34470333078315,17865
2007-01-31,343.3979797363281,354.86713993734605,340.2661663799955,350.7619335100753,28084
2007-02-01,348.6035461425781,363.8816562778433,343.6519063649434,359.2262733098453,47116
2007-02-02,350.1270751953125,353.76675332071534,347.0375992946393,352.96263147771845,30373
2007-02-05,360.41119384765625,362.2733569494577,350.42329387167166,350.42329387167166,64919
2007-02-06,374.3350830078125,375.8163411090305,359.73411029580626,362.44270687047,118835
2007-02-07,373.4886779785156,379.9215759552424,364.8973855096477,379.9215759552424,74046
2007-02-08,365.2781677246094,376.6627024339811,363.96620684631887,374.96983635562617,20019
2007-02-09,352.2008361816406,366.5055511407788,346.1911556964862,346.1911556964862,30423
2007-02-12,338.4039306640625,350.761858638056,334.3410622651738,350.761858638056,83753
2007-02-13,337.8961181640625,340.9432567882538,334.3410886610535,334.4257371408565,69820
2007-02-14,332.0981140136719,336.88045704418573,317.45480226661203,335.1875904258733,37978
2007-02-15,335.9493103027344,371.9227189886262,319.9517290180498,337.72682507460814,166274
2007-02-19,335.4837341308594,346.9952284201222,334.34104438257515,338.5732095013419,64913
2007-02-20,335.399169921875,342.72081225048106,332.6482619035883,339.41972779475554,10950
2007-02-21,333.3253173828125,340.0544703138661,325.9613655093904,338.0653475241577,15504
2007-02-22,329.7280578613281,338.403998559534,326.04609393720744,338.403998559534,17035
2007-02-23,324.9033508300781,331.8017754337197,322.0677947768631,331.8017754337197,17767
2007-02-26,324.3955383300781,334.3411288724876,316.60834221124395,330.10896268422823,15218
2007-02-27,324.86102294921875,328.41605240563285,318.5974229922363,328.3737410818306,21769
2007-02-28,321.13671875,324.8610192907705,276.48737192190174,292.4426413101034,21768
2007-03-01,322.4487609863281,325.876805359622,317.4971212451646,322.9142889472617,13923
2007-03-02,320.8404235839844,329.2624424046613,310.6409160989992,318.3434616916492,13095
2007-03-05,301.2032470703125,317.4970855040734,282.3277719834574,317.4970855040734,35983
2007-03-06,304.0387878417969,337.38824769191774,297.09802590697615,335.1875164078705,37452
2007-03-07,293.6700744628906,324.7765014892463,287.95664909070285,320.7982542309878,17583
2007-03-08,309.4136962890625,313.18033497457327,289.6918098514803,289.6918098514803,10578
2007-03-09,310.1331481933594,321.64464595152754,297.9868254760764,320.7982126727077,15043
2007-03-12,310.0484619140625,314.0267081721295,306.4511209174815,309.7945422937989,19063
2007-03-13,311.9105834960937,314.87309921450986,308.10163471527306,313.18023308970066,161140
2007-03-14,297.6059265136719,322.0678415037146,289.4801624028131,297.09806141341346,99646
2007-03-15,298.02911376953125,316.10046647531385,296.2515990092578,316.10046647531385,34167
2007-03-16,303.7425231933594,307.93235154097744,299.76427728971726,301.3301836914099,44665
2007-03-19,304.7159118652344,308.863428832738,303.06535701019584,308.863428832738,277978
2007-03-20,311.8510131835937,316.038074452536,306.33945605376914,308.9884216981606,45940
2007-03-21,307.9631042480469,314.4573370770714,306.9804302851573,311.8938261769865,6116
2007-03-22,320.73785400390625,322.1477793878744,310.18473187744934,310.18473187744934,41459
2007-03-23,321.5069274902344,327.2748258571688,317.2344101813941,321.2933016247924,22516
2007-03-26,322.0196533203125,328.12934820819265,316.16629905476896,318.3452725767629,7571
2007-03-28,312.5773010253906,323.0022518602959,305.5276487030429,323.0022518602959,31941
2007-03-29,316.1235656738281,319.79792012338686,303.34872850715385,311.8937631129892,34705
2007-03-30,327.061279296875,337.5289492417129,317.1063167688934,322.57513503480163,27755
2007-04-02,318.90069580078125,325.77943809552,313.17551229379166,318.729784680994,17564
2007-04-03,316.76446533203125,322.06237151022464,311.9792404039955,318.72981299731015,22504
2007-04-04,319.4989013671875,332.3164557901347,316.4226830902039,323.72870475771253,23543
2007-04-05,325.3949584960937,328.9838840255059,316.4226707499436,328.47117665310697,21595
2007-04-09,333.0853576660156,334.11077200080234,325.9075355546181,328.9410377498964,20747
2007-04-10,337.1871337890625,340.9469445029421,333.25641192016894,339.2379372623258,18686
2007-04-11,348.6372985839844,350.34630494959214,336.5033429572222,340.0922667559456,65032
2007-04-12,342.5704650878906,350.2609969729749,336.7598514278895,347.78294191436794,21862
2007-04-13,346.41571044921875,349.4919282359643,341.801396807789,345.2194107758669,22391
2007-04-16,364.2320861816406,371.70899117657166,341.8868267551217,341.8868267551217,95130
2007-04-17,359.8313903808594,371.1962752780967,354.74708467151004,371.1962752780967,31732
2007-04-18,358.9341125488281,367.2228052626096,355.4733845008623,367.2228052626096,21544
2007-04-19,357.7378845214844,369.91455937817057,350.43189003842355,351.20093797179146,47449
2007-04-20,357.6951599121094,360.6004665121347,356.3279491363985,358.8914595618402,31299
2007-04-23,357.2679138183594,364.0184861631872,355.6016215845489,360.60047220860326,13932
2007-04-24,357.2679138183594,363.1639826745412,355.1316550967444,357.18245825401937,13869
2007-04-25,357.78057861328125,361.2840216385271,352.482647182259,354.61890565003023,60085
2007-04-26,358.2078552246094,361.4549578905482,355.47343376469985,358.89144755089893,11819
2007-04-27,355.3451843261719,358.8913676241268,352.48259320226737,355.47335459913506,94745
2007-04-30,356.6269836425781,358.80595678653987,347.0565355492746,356.3279022501549,39627
2007-05-03,354.8752746582031,361.4549616968744,352.0554236858446,359.74595478577805,62410
2007-05-04,355.4734191894531,358.8059772788793,354.70437133456625,358.8059772788793,6595
2007-05-07,357.7378845214844,361.0277282070119,353.20902640924675,353.7644484679359,17749
2007-05-08,355.5161437988281,357.6096876461056,352.3972114756932,353.7644221875453,9992
2007-05-09,354.23443603515625,357.60973548683177,351.2009588652039,352.5254289360555,40353
2007-05-10,348.89373779296875,358.89143829058503,346.0738869230641,355.4734245925795,18091
2007-05-11,351.6708984375,353.7644424044189,341.8013936274579,345.2194075637325,7809
2007-05-14,352.397216796875,360.6004551144805,350.4318692971066,357.8660336494867,12320
2007-05-15,343.7239990234375,349.4918970803877,287.6258549887231,299.2898213995251,118350
2007-05-16,349.40643310546875,354.61890903201663,346.07387507943787,351.92722855242914,116784
2007-05-17,353.3371887207031,357.1824543778813,350.3464265428979,357.1824543778813,12379
2007-05-18,351.3290710449219,354.61891438176986,347.7828871165791,354.61891438176986,17201
2007-05-21,359.36138916015625,362.6512324173044,352.05539562842847,360.6004295029049,23696
2007-05-22,383.88568115234375,405.03464188360806,357.18244790579786,359.74595829746625,200230
2007-05-23,390.7643737792969,400.7620734629464,384.5265097192449,388.8844820448709,137433
2007-05-24,385.9364929199219,392.98614665537417,378.5877577499144,391.96075812209807,47552
2007-05-25,377.17779541015625,385.936455257036,374.2724890666661,385.936455257036,41165
2007-05-28,410.033447265625,417.4248961998509,377.6904894991486,377.6904894991486,138446
2007-05-29,399.6940307617188,422.8083410835295,393.4988800978546,411.8707062044863,147479
2007-05-30,417.8949279785156,425.3718336345484,401.6166466669038,401.6166466669038,250432
2007-05-31,428.3626403808594,435.62592091527074,422.9792781804242,422.9792781804242,206961
2007-06-01,425.4999694824219,435.7112692505274,422.9791740746638,433.1477591046204,199774
2007-06-04,414.9896240234375,428.1062581050044,411.01618792117193,427.2517545958128,64677
2007-06-05,413.5796203613281,428.96068062269984,410.2470625201721,422.124653839868,85929
2007-06-06,410.8025512695313,422.03926690521416,406.7863744507141,418.4503679071639,56421
2007-06-07,408.0680847167969,417.7667034385578,401.7020500881701,413.5796420301734,25797
2007-06-08,411.4861145019531,419.5611823114016,401.6166103591828,401.6166103591828,48298
2007-06-11,397.6431274414063,417.723955575734,396.8313388518357,417.723955575734,198392
2007-06-12,418.1939697265625,425.54270437501975,391.4480230351468,401.6166085467054,73100
2007-06-13,413.7077941894531,417.8521406774959,398.4549040842172,399.5230332781781,56295
2007-06-14,418.7066955566406,422.8937572967318,409.5207833582041,409.5207833582041,32233
2007-06-15,423.7054748535156,426.39715508597885,415.80131917306414,416.143115284312,288602
2007-06-18,427.3371887207031,432.8914612517649,423.83371929332736,426.397229692279,77954
2007-06-19,426.4826049804688,431.4387137213033,421.27012960156736,429.4306257379514,115928
2007-06-20,432.1651611328125,443.48733292719663,427.3372213944565,443.48733292719663,30786
2007-06-21,433.3187561035156,434.9423076355991,431.396123112985,432.59242286939497,33401
2007-06-22,435.96771240234375,443.48733305204365,432.8487536490346,436.0531418936303,62155
2007-06-25,432.8060607910156,444.341859054942,428.96079470304016,444.341859054942,22173
2007-06-26,423.36376953125,437.50579202614415,421.1420552156417,437.50579202614415,27277
2007-06-27,427.6790161132813,431.481567246938,422.5519949410941,427.2944790944159,23645
2007-06-28,436.6939086914063,437.5056972715893,428.5334124642618,431.5241740667043,29123
2007-06-29,429.4734802246094,443.3164217909718,426.3972622951805,435.7968011433708,55467
2007-07-02,443.4019165039063,448.6143673387003,427.3372339889692,435.796813986166,34794
2007-07-03,442.8891906738281,454.5959000342329,437.5058286043745,448.5716602861596,229747
2007-07-04,444.17083740234375,452.63044155310257,435.0276670698984,446.9052585933287,39113
2007-07-05,450.9214172363281,452.8867644624806,440.0692145248632,440.0692145248632,33747
2007-07-06,471.7713012695313,490.39951691556325,448.6142802372776,457.1593141465591,313802
2007-07-09,486.9387817382813,490.4849920022896,452.9722687903876,473.39492259454425,125600
2007-07-10,465.7470703125,491.0404023851055,463.9953487637707,486.9387443186433,49390
2007-07-11,471.6858825683594,474.24939279970914,462.2863450534102,473.7367116153388,43187
2007-07-12,472.5874328613281,488.3417568924168,470.4839812240806,486.79638203294473,37234
2007-07-13,479.24114990234375,486.75343935046766,472.2439679128908,480.7436077919685,75511
2007-07-16,464.0877075195313,485.5943057449735,459.408614506429,482.50355659219787,56141
2007-07-17,480.7007141113281,488.5134745539332,467.9083367871592,471.3425264149549,116355
2007-07-18,478.8118896484375,485.07927511204826,472.2010642683656,485.07927511204826,28981
2007-07-19,483.8343200683594,492.3768761772053,476.4937511392309,479.88502345197696,33816
2007-07-20,532.2564086914062,540.8847985692205,488.51341331093096,489.3719606102472,297009
2007-07-23,516.11572265625,530.3246697789682,495.725224585434,528.8651289104278,84451
2007-07-24,520.0220336914062,533.0719612144932,510.96437148742416,515.3858579919014,91590
2007-07-25,541.3140258789062,574.3680940729394,503.4091448983699,503.4091448983699,458781
2007-07-26,550.5433959960938,555.4800424319261,536.7637238163871,548.0965574189585,108132
2007-07-27,544.791259765625,568.358397136258,519.4211937574563,537.7082434871143,128897
2007-07-30,540.2408447265625,553.7629636052965,537.493483108983,546.0789554129411,45062
2007-07-31,550.2859497070312,554.6216034643247,539.1677507362166,549.5132361099966,63837
2007-08-01,542.6018676757812,550.3287930066073,538.3949651461495,550.3287930066073,34924
2007-08-02,547.4526977539062,564.0655667735974,537.5364346816093,537.5364346816093,28450
2007-08-03,550.5433959960938,556.9395831628326,547.6243145342806,556.9395831628326,64543
2007-08-06,533.0722045898438,551.5309772553744,528.0067529907618,551.5309772553744,36071
2007-08-07,541.1424560546875,553.6343111750133,538.30925990393,553.6343111750133,17249
2007-08-08,551.9171142578125,553.7200950399045,541.78626653547,548.6117280929972,22379
2007-08-09,545.7357177734375,564.9242326796607,539.1678086973054,564.9242326796607,81710
2007-08-10,548.6975708007812,552.9044736259544,517.1459568166914,517.1459568166914,22001
2007-08-13,562.5632934570312,579.3908048149899,547.1523541441256,547.1523541441256,88828
2007-08-14,567.0704345703125,575.2266330993328,553.7629527598056,570.0753498178464,38090
2007-08-16,548.2254028320312,560.5455888122151,534.4886451576165,560.5455888122151,42767
2007-08-17,536.2915649414062,562.2626194606067,515.1283540998446,545.1775080890022,84638
2007-08-20,537.5364379882812,558.0557392058626,534.316885646709,557.0683888604865,21413
2007-08-21,523.1987915039062,553.4196171952557,511.69423571347727,553.4196171952557,48250
2007-08-22,521.0093994140625,540.8847900404621,509.1614573506326,525.430938896449,31670
2007-08-23,504.8258972167969,550.7581854839714,499.67461255131934,523.7568578821113,33631
2007-08-24,515.4288330078125,519.4210987772228,506.5858065998525,509.9770787994552,49854
2007-08-27,520.2367553710938,535.7335239076601,511.69419911693177,511.69419911693177,47924
2007-08-28,525.7743530273438,528.0065549004431,515.1283462443347,523.7138186817403,83519
2007-08-29,541.0565795898438,548.611786196428,506.6287975597335,527.4915412095896,54552
2007-08-30,549.5560913085938,573.5095813089196,543.8467833547671,573.5095813089196,102772
2007-08-31,546.42236328125,568.9592267599595,532.2992516876132,550.3287424705808,44920
2007-09-03,554.7074584960938,558.9143617494617,541.4858598741483,556.9397131944099,18786
2007-09-04,558.1846313476562,562.8207560185152,550.3289014198008,558.0558282728089,88227
2007-09-05,569.302734375,588.1049425500013,553.8488818700365,561.4899743470085,108268
2007-09-06,563.76513671875,570.9339861100293,553.7630391593517,569.2168914149615,14564
2007-09-07,568.3154296875,574.3681780340014,562.4343488900056,574.3681780340014,21351
2007-09-10,570.8051147460938,579.5193902414619,558.3991489799547,567.4997288142315,20136
2007-09-11,575.698974609375,587.5898880777498,563.2500367467242,587.5898880777498,41564
2007-09-12,584.11279296875,588.9636074896109,571.7926568339371,571.7926568339371,47289
2007-09-13,593.470947265625,596.6905003249321,568.3584334030289,595.746119054834,32005
2007-09-14,583.4257202148438,600.1244731894842,579.5193410628066,592.3975486419802,32768
2007-09-17,583.2969970703125,596.690312623245,571.9212465059124,596.690312623245,35426
2007-09-18,588.877685546875,597.5489933693344,577.4160462589751,582.180973872338,22730
2007-09-19,613.3462524414062,616.1794482375288,589.8220339127857,608.7100757556988,141639
2007-09-20,615.5784301757812,618.154072143044,614.7198828533603,614.7198828533603,25035
2007-09-21,622.9190063476562,631.2040090633529,600.9831324920119,618.1540791346408,66727
2007-09-24,638.2440185546875,643.8245754343773,596.6903125206796,596.6903125206796,54728
2007-09-25,629.6586303710938,642.1075666084155,622.5326456381292,628.4566431530691,111066
2007-09-26,642.493896484375,652.4101604227235,622.5756396353729,642.7944195015939,62506
2007-09-27,638.7161865234375,649.0616695861316,628.456537218318,631.0321787642947,106033
2007-09-28,643.4813232421875,652.4960715998166,631.032385034033,635.3251223471898,54402
2007-10-01,629.1863403320312,676.53524281724,601.9704340333521,676.53524281724,16714
2007-10-03,618.2399291992188,648.2032528408345,596.6904115554702,633.6079478099813,81513
2007-10-04,622.8333129882812,635.3251690066771,610.4272907618208,635.3251690066771,37485
2007-10-05,622.6614990234375,634.4665257198487,613.8613882133855,624.1639569666171,136517
2007-10-08,609.568603515625,626.6966332073993,589.8220149510342,613.8613401601012,86942
2007-10-09,646.9153442382812,668.8082988209968,600.9401500948916,611.2856338389598,145020
2007-10-10,644.3397216796875,661.0813933289265,635.3249754070204,656.7886570086089,164861
2007-10-11,640.9057006835938,656.273721700805,635.3251420038304,656.273721700805,38321
2007-10-12,664.00048828125,678.2523521894132,611.2856642517243,636.1835354080445,78237
2007-10-15,726.3740234375,738.3507702491826,656.8746003389625,656.8746003389625,222731
2007-10-16,688.7695922851562,745.219078969792,686.7520270296794,738.3507003617755,73179
2007-10-17,674.0455322265625,684.1764333092136,602.0134379352365,667.9498667426257,50357
2007-10-18,688.6837768554688,721.1797730495116,674.002585748875,681.643678114433,78880
2007-10-19,668.8082885742188,687.5246076072794,641.3347773619273,668.4219318424831,186409
2007-10-22,676.6641235351562,682.545151997398,639.6177839472472,659.2785394748452,32499
2007-10-23,689.7997436523438,708.3014249386097,682.5450094862966,686.8377453950154,61642
2007-10-24,735.517578125,742.643511162195,682.7598291927578,704.0088776335258,106668
2007-10-25,740.92626953125,789.7776285409236,723.2402173141892,744.3604584977911,178291
2007-10-26,745.00439453125,769.1295518896416,738.4364869464065,759.2992275563485,31788
2007-10-29,786.1717529296875,811.3271776942869,768.3998137951182,785.0556519486227,143416
2007-10-30,763.42041015625,806.090229300414,705.2967367676339,806.090229300414,93216
2007-10-31,758.5265502929688,786.0000642820746,751.3147319102007,774.4096755679205,22485
2007-11-01,754.4913330078125,789.0049438616155,751.2288638508309,780.3336373652212,17728
2007-11-02,766.3392944335938,776.9853018505154,730.7095816968022,755.5216194789542,16776
2007-11-05,760.7158813476562,785.5708380143257,755.5216802760727,770.8896990514082,12552
2007-11-06,755.478759765625,790.7221184064674,730.6238032181366,768.3998870508017,119791
2007-11-07,759.7285766601562,772.6926207815286,742.6863801941981,764.0642303297826,29157
2007-11-08,737.0199584960938,754.663095469591,729.765223150344,746.936169577411,36035
2007-11-12,729.6796264648438,745.2193170698357,721.1799842611314,727.1898174633075,128766
2007-11-13,717.53076171875,733.8860740152762,712.7229187659722,729.7650582841011,48190
2007-11-14,721.995361328125,742.1283059631223,716.0284471217963,738.3506768881832,87522
2007-11-15,766.5111083984375,772.6926601600328,728.0481953507864,728.0481953507864,74858
2007-11-16,755.1781616210938,785.0556486922382,747.7946760216901,785.0556486922382,27750
2007-11-19,784.7122192382812,785.5707665240999,738.350665804072,772.6925572368197,44904
2007-11-20,769.7305297851562,783.8107257057443,759.8143194857403,759.8143194857403,42249
2007-11-21,738.3507080078125,771.4047804011855,731.5252462151005,762.6475871049647,21739
2007-11-22,714.0967407226562,738.3507027610273,706.6702853679783,738.3507027610273,26353
2007-11-23,700.5745849609375,742.1282945393457,695.6808549533233,742.1282945393457,24599
2007-11-26,707.4429321289062,719.4625935971159,698.8574596516137,719.4625935971159,73133
2007-11-27,712.59423828125,719.4626164815512,704.0087655308735,704.0087655308735,44414
2007-11-28,704.9533081054688,724.614066169515,704.0947606337039,716.0285914518666,72541
2007-11-29,709.9757690429688,751.2289603268907,699.7161173330468,725.4725388299687,64017
2007-11-30,738.5224609375,764.1071621796036,699.7590260752876,716.0285092784151,44087
2007-12-03,767.7989501953125,776.9854181051584,738.6942239856893,738.6942239856893,39302
2007-12-04,765.8242797851562,773.5512063749168,746.936237010186,770.9755641783299,38317
2007-12-05,760.28662109375,779.9044601474403,753.8045988617569,767.5413569275748,65373
2007-12-06,772.048583984375,781.2779665563316,759.8142861564324,771.833947180376,77536
2007-12-07,766.7685546875,801.2821658184178,764.3217159005095,801.2821658184178,16458
2007-12-10,761.4027099609375,776.7278118725919,757.3246099757342,761.1451562316602,106878
2007-12-11,767.069091796875,776.4701951647777,759.9001904370876,776.4701951647777,69066
2007-12-12,746.9360961914062,772.6925133014547,744.3604544804014,755.4786516798853,59042
2007-12-13,725.6012573242188,770.9754602786551,722.0382651384732,770.9754602786551,195106
2007-12-14,720.8363647460938,738.3507523913555,716.8870677288161,725.6013446624366,223520
2007-12-17,708.6878662109375,736.6335698308502,691.9891110532229,727.7905432840569,200049
2007-12-18,709.1602172851562,716.0285971135839,704.0089324138355,704.0089324138355,49728
2007-12-19,710.1903686523438,721.1797641011906,704.0088173368765,710.061565590983,72081
2007-12-20,712.0361938476562,725.4724802712968,707.7864265649557,710.8771759344778,34194
2007-12-24,713.109375,725.3436741722115,708.3015310227761,712.5942675744293,77832
2007-12-26,720.3643188476562,730.623972657297,710.0188312427553,713.1095814943027,83505
2007-12-27,729.93701171875,742.6435027890452,712.5943437166561,728.906744355953,117113
2007-12-28,710.5767211914062,729.7652331253082,704.0088131326503,729.7652331253082,31324
2007-12-31,703.2361450195312,734.0580172299324,695.5092185223741,734.0580172299324,107335
2008-01-01,710.5767211914062,738.3507064561942,704.8673604657389,720.3212124613336,58770
2008-01-02,730.6666870117188,737.4921486935622,712.6801101575629,716.8870129908317,25786
2008-01-03,718.604248046875,737.4922927984057,704.9962913115179,728.0482704226404,101349
2008-01-04,719.4625854492188,728.2197777571953,708.3014713551378,727.6187842102779,15993
2008-01-07,702.677978515625,719.462566086617,699.7159801439057,719.462566086617,49640
2008-01-08,696.7539672851562,729.7651174920195,693.7061352159433,712.5941735510308,82600
2008-01-09,688.1685791015625,712.5084265423119,665.3741587249131,712.5084265423119,73987
2008-01-10,669.7528076171875,701.6049476855353,663.6571420210907,693.7063011035463,59685
2008-01-11,667.5633544921875,685.0348211812634,647.3445787271106,685.0348211812634,71508
2008-01-14,670.7830810546875,686.8379281044439,665.2884090707971,685.9793806943134,41806
2008-01-15,655.200439453125,682.4163488732969,650.8647333591788,676.5353204115664,16446
2008-01-16,637.6859741210938,664.3438559281719,623.8204149820014,623.8204149820014,81602
2008-01-17,651.3369750976562,673.8738432794224,637.0421406045928,643.9105194790358,74125
2008-01-18,629.4868774414062,648.2031977027073,626.7395156595713,648.2031977027073,18413
2008-01-21,603.472900390625,639.5318859306163,579.5194104641467,622.4467742022317,47576
2008-01-22,594.2865600585938,600.9832197411075,483.36221816320506,559.0861143309003,41984
2008-01-23,575.4413452148438,638.0723831228681,567.4997824498496,618.1540746806229,223992
2008-01-24,576.8148803710938,604.3313583832567,562.3483818892238,600.8542005129232,69510
2008-01-25,592.397705078125,596.6904420714447,567.6286335872999,579.6053278774023,149306
2008-01-28,576.9009399414062,596.6046133894005,562.3485509294067,583.812236079384,68778
2008-01-29,574.2822875976562,594.8874219963536,565.3533750642607,583.6833382458087,61729
2008-01-30,563.3358764648438,590.4230354444971,558.0557891910988,590.4230354444971,157165
2008-01-31,542.1296997070312,565.7397503107762,534.8749645866578,562.3913949008905,190720
2008-02-01,519.8504638671875,566.1261908599259,504.82588398663296,566.1261908599259,69558
2008-02-04,546.2079467773438,558.0558921613765,527.2340150029074,534.0165614221172,24419
2008-02-05,540.197998046875,556.16695764686,536.5920887302932,552.9044882276942,16373
2008-02-06,545.47802734375,549.4702934048983,527.1480627353242,540.8848200704467,125132
2008-02-07,538.3949584960938,570.8051171222957,536.59203023513,551.1873334575255,12360
2008-02-08,518.948974609375,540.8848497002366,515.9869756664161,540.8848497002366,17403
2008-02-11,506.5428771972656,528.0065584344379,497.95740470239673,515.1283496921345,11978
2008-02-12,501.1769714355469,513.4112700958578,486.7963045892165,510.8356282726345,75380
2008-02-13,541.3999633789062,548.6117824182738,501.1770391027658,501.1770391027658,91525
2008-02-14,562.3056030273438,582.9536565225329,551.1874042525275,564.9241619909081,97328
2008-02-15,567.9290771484375,572.651087616036,530.5822670865222,563.207066680839,10031
2008-02-18,559.7300415039062,575.140979289803,557.4977866092253,558.0987803270847,65614
2008-02-19,569.9895629882812,575.2266804617085,559.7728293448268,559.7728293448268,35747
2008-02-20,549.59912109375,596.2611497968483,548.6117706554154,596.2611497968483,68425
2008-02-21,556.8109130859375,577.1155803226326,545.1776061438137,577.1155803226326,15215
2008-02-22,540.2408447265625,551.187321914109,530.5821883846096,551.187321914109,127821
2008-02-25,557.54052734375,566.5552722113553,519.4210138001104,534.8748621445765,126258
2008-02-26,588.9635009765625,643.8246993605188,476.4937945218545,571.7925534262254,51648
2008-02-27,563.035400390625,608.7101346561402,558.9143831609975,608.7101346561402,65443
2008-02-28,566.68408203125,574.2822563685254,545.1774846524389,566.5553313891995,143856
2008-02-29,567.5856323242188,579.5194614540494,558.1416114708935,566.641251199515,124352
2008-03-03,550.9727172851562,562.3484687522825,540.8847867388367,562.3484687522825,8537
2008-03-04,565.0099487304688,571.8783270278836,533.1578653368341,540.884790921426,15942
2008-03-05,549.8995971679688,558.0557972820917,541.1424034072274,545.2205034642889,9209
2008-03-07,531.6553955078125,549.3844175459302,523.7138332818178,531.4407586908937,53159
2008-03-10,517.403564453125,549.4273690765531,498.90182774673127,498.90182774673127,37272
2008-03-11,555.52294921875,591.1526576300182,515.1283143797812,523.7137862861109,39776
2008-03-12,556.8967895507812,573.5096607079645,547.7961557093809,573.5096607079645,15477
2008-03-13,527.6632080078125,549.3844990226314,515.128437001408,546.0361432214925,31237
2008-03-14,518.948974609375,562.3485342121508,515.9869756664161,562.3485342121508,15405
2008-03-17,482.1172790527344,515.0426030831055,476.4938040973063,515.0426030831055,30522
2008-03-18,473.5746154785156,489.3719049498009,459.3227528914798,489.3719049498009,14771
2008-03-19,455.9744567871094,512.552745651288,442.1518660140927,512.552745651288,27228
2008-03-24,452.4544372558594,471.98638876927646,416.395449846474,459.322815810028,49909
2008-03-25,465.54730224609375,467.9083074672588,438.8035574355993,467.0497601141079,30380
2008-03-26,470.52685546875,485.07924324645785,467.90829658286646,470.48393858240513,31101
2008-03-27,489.24322509765625,496.2404075137135,457.0047800379369,470.5269018689767,25449
2008-03-28,519.9791870117188,540.884792557067,481.6879464468967,483.3621241422679,14611
2008-03-31,521.1381225585938,528.006499791656,503.1086323218056,510.8355567090005,62009
2008-04-01,498.1720275878906,530.5821853499637,493.6646546540924,530.5821853499637,19115
2008-04-02,496.2831726074219,536.5919720263536,491.1748065534191,509.9770102138464,36076
2008-04-03,475.2488098144531,499.5886552836759,473.0595248530685,497.8715608195994,12915
2008-04-04,448.3333435058594,484.4352415926178,437.8590575316528,476.4936802550339,47714
2008-04-07,420.7311096191406,455.88863334927146,416.610092905337,454.1715386850557,152206
2008-04-08,401.0274658203125,427.899986952413,391.4975851521106,427.899986952413,220984
2008-04-09,404.5904846191406,423.4356115713716,379.6926086425781,408.6685849946121,67427
2008-04-10,418.3272399902344,424.551708928006,403.5172966555365,411.0725036445162,44868
2008-04-11,438.2025451660156,440.3489396583668,420.6881851469917,420.6881851469917,95879
2008-04-15,439.361572265625,459.3227966040242,420.9028056731268,440.43475636984,42101
2008-04-16,453.8280334472656,459.236922782004,442.1947292525367,442.1947292525367,82453
2008-04-17,445.543212890625,468.7669111013179,439.61921448201,455.545259314752,37539
2008-04-21,440.6064758300781,458.807688698184,438.8464381805997,453.2271313623042,35938
2008-04-22,446.1870422363281,450.5656125051709,437.85912294702206,444.7275013461911,141640
2008-04-23,447.4320068359375,454.17158309131247,443.99781717173096,446.5304901278227,25375
2008-04-24,432.8366394042969,451.5959041614258,427.5565784646199,451.5959041614258,21601
2008-04-25,435.369384765625,439.57626171768766,429.27369308367935,436.0562121942441,18761
2008-04-28,445.5860900878906,453.3130165055997,436.1420689106906,443.0104479486543,34860
2008-04-29,437.9020080566406,453.1412215240084,430.99071327428817,448.93437150071617,72443
2008-04-30,429.0590515136719,446.1441652709436,424.8950914964434,446.1441652709436,130325
2008-05-02,429.1878051757813,456.9188996648757,426.6121631848874,456.9188996648757,321187
2008-05-05,430.3468627929688,441.2933415971789,428.4151312392846,438.7176995256001,58934
2008-05-06,428.243408203125,437.85914901474354,426.5263135011064,437.85914901474354,372399
2008-05-07,425.3672180175781,430.1321444669898,415.2792884816757,430.1321444669898,28842
2008-05-08,420.6022644042969,428.415049096922,417.253935593395,428.415049096922,17350
2008-05-09,409.3983154296875,421.54675538022303,407.8958575439128,416.395471200424,33722
2008-05-12,394.8458557128906,409.5270182096182,393.2146212578724,407.80992379364494,59481
2008-05-13,391.6263732910156,409.52709099938494,389.7805017059136,403.4313994990692,54763
2008-05-14,390.46728515625,403.5172140483393,384.6291742418213,394.8458814424631,74379
2008-05-15,390.252685546875,409.52708394009306,386.4321655785972,402.1435715261732,104594
2008-05-16,392.5278930664063,399.22455249897706,389.8663908095888,393.21472052587416,51020
2008-05-20,393.1287841796875,422.4911108822297,391.49754962972025,422.4911108822297,56116
2008-05-21,398.9239501953125,407.72405897227054,394.9317109659219,399.2244469546819,92205
2008-05-22,392.2273559570313,403.5172481929098,391.2829486466354,403.5172481929098,79299
2008-05-23,390.5961608886719,396.6489097453803,389.5658934999271,394.9318148979977,99687
2008-05-26,369.5187683105469,388.06339601514446,368.3168072798606,386.3463013425111,67086
2008-05-27,377.5890808105469,402.3581749177825,365.74113890383467,388.793138462226,329297
2008-05-28,372.1802368164063,386.3462665914252,369.3899582243571,384.1998984436951,109658
2008-05-29,371.9226989746094,380.7657256399357,369.3470570875298,380.7657256399357,112451
2008-05-30,366.9430847167969,374.3265962125215,364.8825765833065,370.11971998148215,107204
2008-06-02,366.2992248535156,374.67006158951307,364.4533532749657,369.1753637414258,72521
2008-06-03,356.89813232421875,364.8826119404848,345.5652971906944,364.367478307,480907
2008-06-04,368.74603271484375,381.1949674630748,357.5849188026366,357.5849188026366,302625
2008-06-05,382.9549865722656,390.6389948636325,356.2971052052912,369.1753138271692,257879
2008-06-06,371.4934387207031,387.11898434521726,369.3899872901026,382.0535603581538,16786
2008-06-09,361.19085693359375,367.4582416971807,343.4189174740006,343.4189174740006,169677
2008-06-10,355.3097839355469,364.36744692445296,350.5019141050939,364.36744692445296,835441
2008-06-11,359.387939453125,397.93671167632704,352.99175097499227,358.8728057836132,208176
2008-06-12,348.69903564453125,352.8629959463429,345.651202729203,352.8629959463429,98931
2008-06-13,355.5244445800781,361.4484157500769,349.90094400648866,355.00931095642943,688247
2008-06-16,365.397705078125,372.8670502331029,360.5898353664164,363.16547704760507,338010
2008-06-17,364.7967529296875,370.033896849148,359.73132895543625,370.033896849148,87020
2008-06-18,356.2113037109375,373.3822513586162,352.09028675580936,369.08951444669657,35326
2008-06-19,352.304931640625,357.11280233184283,346.5097366772933,353.7215296137264,98555
2008-06-20,351.3605041503906,356.29715142922936,347.2824042243934,350.1585430965697,83148
2008-06-23,343.118408203125,351.8756007605594,337.4090741479036,345.9945467725322,30660
2008-06-24,337.4949951171875,345.0072850215986,334.91935286424655,340.15649735205074,13053
2008-06-25,343.89111328125,346.8531119702204,320.8391390527676,330.54071313993774,19280
2008-06-26,337.2374267578125,351.9185933441311,334.83350438612507,351.14590588185933,20412
2008-06-27,320.32403564453125,337.4091234224576,318.52108088990275,337.4091234224576,57824
2008-06-30,320.7533264160156,326.24802475060494,312.5112658137374,321.9552875828338,59685
2008-07-01,312.72589111328125,320.1952639894385,304.7843276464375,317.6625386737517,18485
2008-07-02,313.9707336425781,317.1902857668836,285.2952350948053,309.0770039333209,31818
2008-07-03,325.9474792480469,337.4090910150509,287.6992072736011,317.6625029912693,90063
2008-07-04,325.3894348144531,335.6920026713751,313.3697723147108,318.30641941281925,70812
2008-07-07,337.9671936035156,344.2775225106389,326.2480263193087,328.82366863235586,59947
2008-07-08,334.4471130371094,336.5505645458353,322.81380680927055,334.8334698287647,35061
2008-07-09,340.4570617675781,351.9186781904617,339.08340648159555,339.08340648159555,26921
2008-07-10,339.53692626953125,352.1545512138211,325.5611375760167,325.5611375760167,27513
2008-07-11,330.2489318847656,349.61349417854314,328.5841110700593,343.4799241052354,25966
2008-07-14,326.3497314453125,332.3956734007131,319.03325363584395,330.24891329976856,8268
2008-07-15,316.8427429199219,326.30595558050544,313.68832978631195,322.45057363509164,32518
2008-07-16,328.9784545898437,338.2226111146243,315.48457772830704,316.84274156319987,617645
2008-07-17,328.4965209960937,339.8874381539328,319.9533331277145,339.8874381539328,225546
2008-07-18,339.6245422363281,346.0209688964858,326.43735054675227,331.2127836526564,289101
2008-07-21,335.5939025878906,346.02096627586263,331.30040892110725,339.6245396641489,27216
2008-07-22,350.5773620605469,367.926593211256,339.09881791486305,343.2170829887383,181014
2008-07-23,365.7798156738281,372.3076701461142,361.0043829220874,363.58925509784456,56524
2008-07-24,379.4489135742188,382.9100101746404,368.0141974218512,368.0141974218512,94289
2008-07-25,367.75140380859375,375.9002803079825,365.38558715251446,368.9781126620155,35248
2008-07-28,378.485107421875,381.1575809137936,364.5093187589382,364.5093187589382,18705
2008-07-29,372.3515930175781,376.5136591807197,367.13804681185934,368.8904957226558,22990
2008-07-30,386.4587097167969,389.9198063342884,374.2353970005757,374.2353970005757,31324
2008-07-31,386.5901489257813,396.0533601083803,384.4871893383219,390.796014620216,30366
2008-08-01,383.21673583984375,389.0436225868453,372.39535945812895,383.7862763356717,10428
2008-08-04,396.666748046875,401.1354705479628,382.25284773420975,385.10057668581135,41338
2008-08-05,409.5910949707031,416.2065783087759,399.55831517642486,399.55831517642486,62649
2008-08-06,424.35540771484375,430.05086552956834,405.3413569006013,416.2065326144888,79392
2008-08-07,419.1419067382813,427.5974660362359,411.8692288742562,421.0257836688757,110809
2008-08-08,415.72454833984375,424.0486775581293,412.1320240660097,419.1418170919344,10328
2008-08-11,433.1614990234375,435.48348812919625,416.5570374218101,416.5570374218101,33952
2008-08-12,443.15045166015625,455.5928477513587,436.3597131522646,438.11216179946246,79940
2008-08-13,439.6017456054688,460.893985573708,438.1121535871749,438.1121535871749,123074
2008-08-14,429.4375,439.8645629775143,422.3400783967368,439.8645629775143,44412
2008-08-18,430.4889831542969,432.8547994343471,413.66549282366657,420.587659369406,13503
2008-08-19,421.2886962890625,429.3499717610839,417.08282971076727,422.3401763037601,17614
2008-08-20,429.7003479003906,442.4932267342202,421.4638456617028,424.9687425071224,26931
2008-08-21,421.3761901855469,429.34983533262925,418.83514548774855,429.34983533262925,26388
2008-08-22,424.7935180664063,427.4660181508276,412.789261536199,418.8352036891019,13106
2008-08-25,429.4375,433.2928812597227,424.9687510838535,426.7211995419312,20551
2008-08-26,433.29290771484375,444.24571124656376,404.8156185323717,404.8156185323717,97927
2008-08-27,438.1997680664063,439.8645888514608,430.2261217650742,430.2261217650742,78009
2008-08-28,422.0334167480469,442.449458401741,417.2580104929634,438.9883618190466,18860
2008-08-29,430.4889831542969,437.2359208861117,422.3401079501119,428.4736779825824,17588
2008-09-01,429.043212890625,438.11213952688,425.0125758589292,429.3498967363424,12570
2008-09-02,432.8986206054688,435.5711208626906,424.9688010955567,425.01260161606666,23319
2008-09-04,432.0224304199219,439.7332211964925,427.5975078888916,433.7310786987733,137716
2008-09-05,424.1802062988281,431.97859753921534,420.5876811740839,427.5974758603186,6023
2008-09-08,426.984130859375,447.0058633458248,425.0126259989198,447.0058633458248,18837
2008-09-09,427.6850891113281,431.9785828627264,424.9687884146496,431.9785828627264,4598
2008-09-10,420.4123840332031,429.7879941949179,417.9589668317551,420.7190678684447,12231
2008-09-11,405.9547119140625,422.34011719856926,401.3107337695949,416.2065470317851,12325
2008-09-12,396.27239990234375,411.781579151832,388.4740097630932,407.4442586060583,46646
2008-09-15,381.1575317382813,394.3008949016703,376.9954667365414,394.3008949016703,37217
2008-09-16,368.6275329589844,376.776407352132,359.2519232892421,376.776407352132,15280
2008-09-17,375.9002075195313,379.9308444633602,364.5092921401515,368.0141891799606,14875
2008-09-18,371.781982421875,375.9002475786247,360.12820921868234,369.76667710531376,40493
2008-09-19,390.0950622558594,407.0061802549629,377.74029449318215,385.5386852791899,50761
2008-09-22,387.4225463867188,396.88578432102673,382.0337726028689,396.88578432102673,11832
2008-09-23,377.6965026855469,389.0436189338834,371.9572437780034,377.2145899798126,5325
2008-09-24,374.7173461914063,389.04361997782814,372.3953569607589,387.2911712391893,6081
2008-09-25,372.8772583007813,380.2813646919176,372.3953456084447,374.1477942936609,5551
2008-09-26,369.5914611816406,375.0240634510969,368.0142678725717,372.3953901091499,20443
2008-09-29,365.29791259765625,411.299689263882,361.0920465699847,385.5386996788444,31793
2008-09-30,365.385498046875,375.0239644222122,341.7274442165018,354.870807455598,21730
2008-10-01,360.25958251953125,368.0141722105883,297.91623464666674,360.21578200465024,7506
2008-10-03,354.95855712890625,363.72080229752777,350.48980674485927,363.72080229752777,47987
2008-10-06,321.96856689453125,350.4896515971544,317.1931346954247,346.10853095218994,61849
2008-10-07,315.5721435546875,346.10856258942266,312.8120426441112,328.5840784076798,195595
2008-10-08,302.8231506347656,313.68832758288335,280.3918011914041,300.5449619020363,231656
2008-10-10,293.3598937988281,305.5832338488811,245.3428114055533,293.53514936021554,336860
2008-10-13,296.8209228515625,304.92599602167894,290.03018587119465,293.35982685579586,32994
2008-10-14,300.76397705078125,313.6006571034435,290.9064541321468,306.678490801962,66929
2008-10-15,262.4291687011719,292.65890599730017,260.45766409490267,290.117860963935,589327
2008-10-16,262.16632080078125,267.16078325796104,242.1007629734352,262.42917739422734,140474
2008-10-17,271.67333984375,280.610838607922,261.1148474790344,271.6295393238277,41463
2008-10-20,263.436767578125,276.0105886304484,259.3623309035325,271.62946817599686,9019
2008-10-21,266.2846069335937,275.1344792906747,258.6176429406211,267.2922597103348,12168
2008-10-22,267.2046203613281,280.3479853227266,260.32625401681406,264.6197478894886,21482
2008-10-23,260.2824401855469,267.2484346706002,242.71415214346317,262.8673127907543,34590
2008-10-24,245.95616149902344,262.7796513167098,240.9616725001952,262.7796513167098,32186
2008-10-27,242.14456176757807,246.1751984148114,197.58855607962377,245.2989742193364,33977
2008-10-29,272.5057067871094,276.7991997131994,254.1049998979477,262.8672412737389,26246
2008-10-31,284.5099792480469,289.110155826112,262.86723303229303,276.01059468390764,42778
2008-11-03,288.8472900390625,301.421112128518,282.62609313254814,293.53509466003936,36270
2008-11-04,290.07403564453125,292.6589079527862,276.1420750151867,290.90645940217075,8482
2008-11-05,293.4913635253906,306.59090181710803,280.3917984934276,289.1540421963472,77586
2008-11-06,288.10260009765625,296.1200755311052,277.7631618662428,284.641529424545,26913
2008-11-07,276.2735290527344,294.41138393786144,273.38199937087137,282.14424294045057,26873
2008-11-10,279.5592956542969,284.72903937047204,271.8047335605104,283.896615757803,14242
2008-11-11,267.1169738769531,273.55722760514743,266.0216935401936,272.7686043704865,13928
2008-11-12,245.47427368164065,267.2484565556149,242.6265442265398,267.2484565556149,24418
2008-11-14,235.5290679931641,253.14118078784247,228.7821573040232,247.0952388034657,24471
2008-11-17,214.71875,233.9518691533791,212.09007731288335,229.57074800818475,45031
2008-11-18,201.79446411132807,214.71877286599693,195.57326607459123,214.674958975855,17972
2008-11-19,185.7595672607422,204.77363349972757,183.56900632606363,197.15048412107072,30431
2008-11-20,174.10574340820312,184.00707940245445,173.71144519779332,181.37840683956225,30025
2008-11-21,175.9020233154297,177.87352793540336,170.16275163659313,170.16275163659313,34153
2008-11-24,171.30184936523438,184.00710161994488,169.8122707404306,179.62598015280332,29600
2008-11-25,160.04238891601562,176.8659088914471,158.0270833963614,175.20107443027214,46518
2008-11-26,152.98876953125,163.7225173046991,150.7105809823059,162.10149698678254,30266
2008-11-27,152.98876953125,152.98876953125,152.98876953125,152.98876953125,0
2008-11-28,151.23631286621094,155.74886246438805,147.64378804641004,149.9219764741064,137351
2008-12-01,145.2779541015625,155.00403329810237,143.8759902355172,151.23628047707749,58192
2008-12-02,135.989990234375,147.9066444455301,134.0622997099552,147.9066444455301,699573
2008-12-03,132.70416259765625,140.1958827564799,131.4336400841999,138.8815463556379,51771
2008-12-04,137.08526611328125,139.67012469155873,134.938519611665,135.5956877266569,62318
2008-12-05,137.87391662597656,153.4268999445861,133.36135288047493,142.38646700135473,159252
2008-12-08,146.28564453125,148.47620528604597,138.4434397031048,140.19588830694158,100440
2008-12-10,154.25926208496094,156.3183807860686,148.51999131016095,148.51999131016095,117169
2008-12-11,157.50132751464844,160.96241103635612,153.33926183623632,160.96241103635612,44722
2008-12-12,163.89773559570312,166.48259425350994,150.71055900844058,154.08402745057285,67366
2008-12-15,172.17807006835938,174.76292900604838,161.66337876647484,164.77397761730663,54505
2008-12-16,188.12535095214844,194.7846608533359,145.4094171408959,145.4094171408959,107574
2008-12-17,155.96795654296875,196.2742823911517,153.7773953555675,196.2742823911517,241186
2008-12-18,163.6348876953125,170.60086819225327,156.8441493839943,158.1584858313462,123425
2008-12-19,172.13427734375,176.07728706673288,152.68209871772578,166.48263274816583,97142
2008-12-22,168.10360717773438,175.24482859493003,166.92069923667086,173.0542682374934,25446
2008-12-23,163.8101043701172,169.11126322288973,162.539582009565,168.14741129688758,16138
2008-12-24,163.19680786132812,164.7740145844826,159.0347416205694,163.85397621513212,14104
2008-12-26,155.48599243164062,166.21973962828417,154.5221537666678,166.21973962828417,404875
2008-12-29,155.48599243164062,158.42134905387326,153.68973002266787,157.72036697108862,194534
2008-12-30,157.93942260742188,160.34903931849212,155.52980589635163,155.52980589635163,29313
2008-12-31,157.63272094726562,161.2252453492923,155.09167623274308,158.59657287077118,143576
2009-01-02,163.4596405029297,164.73016302242948,160.21761337278912,164.73016302242948,53314
2009-01-05,173.1419219970703,177.785899956033,163.85393933890217,164.73016361344176,198573
2009-01-06,178.48687744140625,180.37076760509976,169.81226269547938,175.24485038333867,280842
2009-01-07,163.94158935546875,188.3006167962289,153.33926884713205,182.9556560184885,467200
2009-01-09,166.4826202392578,168.19125498347842,156.4936683729511,167.35884455630654,110741
2009-01-12,159.34136962890625,168.93602155414214,157.72034957687384,166.4825912200335,31014
2009-01-13,157.28225708007812,166.48261195105763,150.88581721003953,166.48261195105763,43209
2009-01-14,157.80799865722656,165.51876164864055,153.777361608888,162.7586605062732,48262
2009-01-15,157.851806640625,159.47282698828,149.8781733132843,155.96792969183429,415223
2009-01-16,154.34690856933594,160.34905050741648,152.5944599299106,155.9679289088532,26319
2009-01-19,154.74118041992188,161.2252333704694,153.77732856802922,158.59656108725522,141583
2009-01-20,155.70506286621094,159.3852024278026,150.79821457412953,153.33925981733933,131103
2009-01-21,151.80587768554688,157.4575224058759,150.71059718276516,153.55832648999765,54817
2009-01-22,141.33499145507812,155.0478972937835,140.19589711697816,153.33926247169487,42613
2009-01-23,134.6756591796875,144.1388833762886,134.06230490317418,141.94832283865503,41198
2009-01-27,139.58251953125,144.48936709235707,135.81475274871323,139.31964959384132,45711
2009-01-28,137.78628540039062,144.577024426483,134.0623317409206,141.9045373615446,51613
2009-01-29,137.3043212890625,147.59995502592443,135.8585567932105,142.9121638571696,134169
2009-01-30,140.10821533203125,140.8091972214648,134.93849896642934,137.61098489920354,30486
2009-02-02,137.2605438232422,144.5770227466523,136.3405189200437,141.94834960580403,128857
2009-02-03,137.6548309326172,140.1958758340613,136.7786067086543,139.31965161009842,172826
2009-02-04,138.8815460205078,140.06445412645968,137.5672096228374,137.5672096228374,10591
2009-02-05,138.70628356933594,140.19586192830027,136.69096538009276,139.05676787610898,109111
2009-02-06,140.06451416015625,141.29122330905227,136.69104394550172,140.1959425082069,30365
2009-02-09,139.62635803222656,144.05128038322655,137.65485320926203,141.9483472534468,77618
2009-02-10,140.2397003173828,145.36560439286467,139.45109043414757,140.19588642884946,82741
2009-02-11,139.976806640625,140.19586267605635,137.1290781800176,140.06443440284528,15399
2009-02-12,141.2473602294922,144.48938759729782,139.36348325593713,141.2473602294922,30333
2009-02-13,143.35028076171875,145.01510135062662,141.9483167299185,142.8245409072637,46095
2009-02-16,137.69862365722656,144.5769887742303,136.7785989702137,144.5769887742303,35632
2009-02-17,140.10821533203125,141.07206710126704,135.15755497124496,136.69094700495438,130512
2009-02-18,137.3919677734375,141.90451740154958,136.91004175244464,137.7862660196603,18831
2009-02-19,137.08526611328125,139.3196403782775,136.03379980331815,138.09293191167384,11678
2009-02-20,137.69862365722656,138.88153164070002,134.9385228559483,136.69097120472682,66350
2009-02-24,141.86074829101562,148.08194789995133,131.43368156800415,132.44133444530866,102641
2009-02-25,138.39959716796875,147.9942486140451,134.93851456579205,144.57697989192005,43892
2009-02-26,140.2835235595703,141.94834447386916,131.4336522906196,131.4336522906196,215079
2009-02-27,138.9253692626953,141.51022834481455,135.94619853862594,141.51022834481455,41421
2009-03-02,137.69862365722656,140.19586790228394,135.9023747958244,140.19586790228394,131342
2009-03-03,136.42813110351562,140.06447024425847,135.8147767213791,138.88156200218444,9323
2009-03-04,139.40731811523438,140.0644864658025,135.94622077280945,135.94622077280945,37241
2009-03-05,136.60336303710938,141.29116839067825,135.8585804040998,140.19588801555673,10271
2009-03-06,134.4127655029297,135.8147293474669,132.39746086031982,133.40511318162476,180193
2009-03-09,135.55189514160156,136.69098939390847,133.3613344141351,134.06231652094868,14947
2009-03-12,135.0699462890625,138.18054467059036,134.28134990844725,138.18054467059036,15087
2009-03-13,137.2167205810547,138.31200087506016,135.9899986296961,137.47957715551937,9444
2009-03-16,136.2528533935547,139.31963787508164,134.76327503369404,137.56718959992338,32971
2009-03-17,143.65696716308594,150.9296313171225,135.9023903540613,138.00532326529344,77146
2009-03-18,152.68209838867188,156.66892199623138,145.45324724544923,145.45324724544923,152597
2009-03-19,157.10702514648438,163.98537811944064,155.09170651213276,157.5451373117729,168275
2009-03-20,148.5199737548828,159.91088619626026,145.1465058761201,157.76413998710112,60666
2009-03-23,146.1542205810547,151.49918095965813,143.9636597611052,150.7105844125252,58148
2009-03-24,145.0589599609375,154.21550276349524,144.57703384077678,148.52004385461615,92236
2009-03-25,142.1235809326172,148.8705054704987,141.07211443076014,144.6646394630705,61341
2009-03-26,147.4247589111328,148.8267233335229,144.18273122574482,144.5770295413784,63004
2009-03-27,150.00961303710938,153.33926839631104,148.08192205129467,148.08192205129467,53733
2009-03-30,157.4136962890625,163.59108051912168,148.52002464508982,148.95813681218448,238330
2009-03-31,158.2899169921875,162.10149810652484,156.40604006494425,160.30523558861734,88572
2009-04-01,166.39498901367188,168.19125150044783,157.28226165312714,157.28226165312714,113509
2009-04-02,173.4485626220703,176.5591609354027,168.4540877907254,169.11125588353707,207051
2009-04-06,176.03346252441406,183.39375491746145,170.4256321612446,178.5745211031332,254263
2009-04-08,188.03775024414065,191.71788982810116,167.35885030360438,172.1780842128705,197366
2009-04-09,187.2929534912109,195.7485130610108,184.88333654571,192.76935564007675,183892
2009-04-13,191.192138671875,194.39036537365715,187.8624836737699,189.7025600430211,99259
2009-04-15,197.7200164794922,210.03097109979169,190.14068130545724,192.68172653706648,325855
2009-04-16,196.5370941162109,212.9224842641614,191.89310310226887,207.62132508891025,87644
2009-04-17,209.9433135986328,213.66726627002257,197.23806330800892,198.02665970213772,288860
2009-04-20,221.2466278076172,229.57075835879488,215.55117006207456,219.05606713625463,491082
2009-04-21,211.8710174560547,219.0122394466068,204.59835381143156,219.0122394466068,90214
2009-04-22,205.03648376464844,218.1798481085361,202.4954386728788,218.1798481085361,87349
2009-04-23,201.26873779296875,209.41762721641888,197.15048587319768,209.41762721641888,54898
2009-04-24,205.474609375,209.41761893656715,199.77915111940297,208.93569287168447,98067
2009-04-27,207.8404083251953,213.5358664680913,200.6991853863823,213.5358664680913,87260
2009-04-28,196.0551605224609,210.2499895823537,194.95988029607847,209.417579284327,381207
2009-04-29,195.52944946289065,201.48777744596447,191.8931239237989,198.0266940948792,62705
2009-04-30,197.15049743652344,197.15049743652344,197.15049743652344,197.15049743652344,0
2009-05-04,215.41973876953125,219.01225019845748,198.50860794812195,200.96203853990156,69569
2009-05-05,211.7395782470703,220.85231819295493,210.5128696822977,220.85231819295493,75840
2009-05-06,201.3563690185547,218.1798747597388,198.9029380339788,218.04844644829427,107395
2009-05-07,210.8633575439453,214.49969615401605,205.08028559474351,205.9126959468876,70966
2009-05-08,216.1645050048828,229.52693727286805,212.0462539857943,214.23681446085416,170595
2009-05-11,218.96847534179688,223.39341129906975,212.09012172555447,217.04078430826792,97918
2009-05-12,225.62777709960935,226.94211366523817,213.79874800895024,219.0560942714654,109698
2009-05-13,231.235595703125,241.75028767968465,220.80853150775224,226.24113305840584,142376
2009-05-14,235.1785888671875,240.04164961287765,221.3342560886172,231.23557964971891,109995
2009-05-15,246.0437469482422,252.35257194291128,236.4491079133072,236.4491079133072,176259
2009-05-18,276.0107116699219,276.0107116699219,273.2067826330484,273.2067826330484,100
2009-05-19,309.4385986328125,334.6300466420147,271.6295263600933,293.27227673713975,347005
2009-05-20,340.10650634765625,372.3953818644208,293.53518335195525,293.53518335195525,248787
2009-05-21,341.4207763671875,347.817229486968,333.3157019905266,341.68365968841374,109732
2009-05-22,325.7364196777344,363.6331248588023,319.90953278407034,339.0988417357988,190282
2009-05-25,320.8294982910156,337.34633046849547,318.0693972988672,332.08898505859685,203691
2009-05-26,312.63677978515625,330.2050908100994,308.4309143761233,323.1076695346463,103863
2009-05-27,314.0826110839844,326.8316639550337,304.9260564513451,316.4922279093901,108458
2009-05-28,316.31695556640625,322.4505253419322,307.9490246401785,319.82185258099247,147959
2009-05-29,320.8733825683594,335.0244011300234,306.67853674301284,306.67853674301284,95521
2009-06-01,350.48974609375,353.9946435546875,321.5743420410156,324.07158682998266,204911
2009-06-02,344.180908203125,359.2519774660931,337.5216246471687,358.2881253492327,52567
2009-06-03,342.4284973144531,354.8708949444054,337.56546241316585,343.479977328906,41972
2009-06-04,349.3944396972656,352.19836815394297,334.76148318814165,348.562015915996,67581
2009-06-05,353.5565490722656,365.2979508061701,348.82494261116943,353.99466127681615,173105
2009-06-08,347.861083984375,367.9266172339131,341.7275132340208,367.9266172339131,65189
2009-06-09,352.0230712890625,356.00988069095075,330.51177793999005,347.0285826680189,67065
2009-06-10,363.7206726074219,367.1379416566552,350.48968177246326,359.2519238167748,75926
2009-06-11,381.9023742675781,385.45107205863,364.6845717705684,371.6943663130859,442327
2009-06-12,381.2889404296875,394.30087464088456,381.1575121528551,385.53863298219824,619571
2009-06-15,381.8147888183594,392.9866501090859,376.9079267465399,379.3613711525732,312421
2009-06-16,378.7041931152344,381.1576107180104,364.9474594575892,372.3953667934584,54790
2009-06-17,359.0329895019531,382.910107168648,351.4536529117678,382.910107168648,111638
2009-06-18,340.58837890625,358.5947766658224,326.3935352669978,358.5947766658224,34280
2009-06-19,349.9201354980469,353.9945726320259,333.8852167826996,341.7274339764606,38039
2009-06-22,346.8096008300781,364.5093441002765,341.8151378805441,351.36597832743,216941
2009-06-23,345.4076232910156,350.40208566338686,337.6092057747857,343.4799191709995,21338
2009-06-24,349.61346435546875,355.74703390556465,345.40759878864225,346.1085674696996,24024
2009-06-25,347.4668273925781,357.455808447396,343.4800164689495,347.8611391279922,12446
2009-06-26,360.5224609375,363.5016178954934,337.34631994881624,349.6134588560459,38778
2009-06-29,364.4655151367188,372.3515339850553,354.870848175145,367.1379886058908,49663
2009-06-30,353.6002502441406,371.51904507163977,342.8227037365072,365.47310369564445,87575
2009-07-01,358.2005615234375,361.0044905930757,348.8249755060679,354.87091915096033,13334
2009-07-02,355.9222717285156,361.0043612638033,350.5772988957366,357.49946455250426,11756
2009-07-03,365.4731750488281,394.3009502885415,353.1184065917382,354.8708552596873,448939
2009-07-06,358.06903076171875,389.9197872723513,351.4973489537577,389.9197872723513,91285
2009-07-07,355.7032470703125,358.37572035239367,350.4897020561307,354.8708233318324,19022
2009-07-08,353.1183166503906,353.1183166503906,353.1183166503906,353.1183166503906,64867
2009-07-09,353.5176696777344,363.76519043136665,350.4567078546093,354.7154114487008,33524
2009-07-10,359.0628662109375,362.8779536708943,350.4567034229908,353.1183999046844,51149
2009-07-13,357.4215087890625,360.2162848945604,345.5769531192889,355.78012375053873,89998
2009-07-14,367.4472351074219,368.2013879437475,358.5305617238344,359.3290653426933,122496
2009-07-15,378.6262817382813,381.4210573130303,369.221616483736,369.221616483736,33946
2009-07-16,389.5836181640625,409.7681483167289,382.3970327823837,383.2842648770064,162540
2009-07-17,396.2822570800781,398.3672581672358,392.1122819819408,392.2453613968279,1014651
2009-07-20,406.79595947265625,412.5629687127266,388.6076995616651,398.1454456125507,182584
2009-07-21,402.2266845703125,421.3465258095279,393.93105888354336,408.12677271718456,764240
2009-07-22,381.55413818359375,401.9161248770391,372.0607713472135,401.9161248770391,208915
2009-07-23,372.1939392089844,389.05135242703136,369.9758585223993,383.3730712846095,54661
2009-07-24,370.241943359375,381.421073200184,364.6523919770579,380.5782189534845,44878
2009-07-27,368.8223876953125,377.07363523588685,364.6523860751753,371.8389713619647,49289
2009-07-28,382.7076110839844,385.9460031665834,368.20135934283246,369.08859153402,156715
2009-07-29,388.6076965332031,393.7536323691536,378.0052611055363,378.8481425106797,54685
2009-07-30,389.6723937988281,392.0679044975989,383.5061191668312,386.8332399230501,20330
2009-07-31,391.0032348632813,398.0567144901884,381.5098396508019,395.7942832483116,30764
2009-08-03,387.3655395507813,397.4799800566302,383.2842664831791,383.2842664831791,20305
2009-08-04,377.2066955566406,392.15656081281634,373.5246880140173,387.7204006226261,29461
2009-08-05,379.6022644042969,389.4948970344704,374.4563019107559,377.20672687224805,43638
2009-08-06,376.9406127929688,388.6077110308276,369.975834474555,385.94601437993146,77738
2009-08-07,369.1329650878906,381.5098657490586,365.53968532235376,377.9609367653464,52607
2009-08-10,367.6245727539063,377.9608198051751,363.8538368755682,377.9608198051751,29465
2009-08-11,362.4786987304688,370.951782351789,359.32903530089493,370.951782351789,11428
2009-08-12,368.2900390625,372.6374708066764,352.54166976055114,357.24398891883243,34171
2009-08-13,366.0276184082031,376.984941048254,361.9907228926892,369.9758123682632,28829
2009-08-14,362.0350646972656,372.63749962418615,360.39370689557626,366.4268746304497,15274
2009-08-17,357.73199462890625,362.3455853171097,355.7800731725519,362.0350486659385,25181
2009-08-18,354.6710510253906,361.1034840958949,349.79127421328394,357.5545555052719,43730
2009-08-19,355.0703125,368.7780327880131,354.0056231038038,367.136647917284,41458
2009-08-20,359.4621276855469,361.10351270398246,353.7838469059288,357.5545838321989,134079
2009-08-21,374.2789001464844,376.18644391620137,358.0425350242061,359.3290325142961,47982
2009-08-24,376.7631530761719,381.50985082139465,370.4194481812378,375.2992253429068,29230
2009-08-25,373.12548828125,382.397075537158,369.9314740444341,372.6375214051192,132414
2009-08-26,383.2843017578125,385.5023822077998,369.9758190578884,374.2345226913932,54099
2009-08-27,384.7038269042969,395.61677041957336,377.960857828276,385.9459463739438,120317
2009-08-28,409.0140075683594,430.3075784612892,390.3821330370458,393.04382939866207,538797
2009-08-31,418.59613037109375,429.42037376336856,399.2544797386692,408.0380728776844,347040
2009-09-01,407.9937133789063,424.0969716356087,403.6906319962384,424.0969716356087,73435
2009-09-02,403.86810302734375,413.80508729263227,400.4966044654067,406.3523423246215,40622
2009-09-03,402.35980224609375,432.9693131115629,391.35812839374046,420.9029497899394,292964
2009-09-04,398.8108215332031,412.5629188274515,395.9716680355337,405.37633353586745,98782
2009-09-07,401.0289001464844,412.16365191963934,399.2987867600729,404.3560204463722,79706
2009-09-08,406.3079528808594,409.4576160197722,397.568711240717,401.9161431353344,64752
2009-09-09,405.3763732910156,408.1267984348336,399.4319339943015,403.69063758228106,36711
2009-09-10,427.5571594238281,443.5273378158247,408.5703971952452,412.030597098276,438296
2009-09-11,424.2300415039063,437.13928536160296,418.77356926871227,432.969283481211,104332
2009-09-14,419.6607666015625,423.1653440875842,412.8734467218672,423.1653440875842,74493
2009-09-15,428.000732421875,434.388813966331,421.47957148611226,423.120956182024,84268
2009-09-16,449.4274291992188,451.6011587703322,429.4203552943827,429.4203552943827,317212
2009-09-17,461.4493408203125,479.1052792537493,453.952246677693,453.952246677693,686667
2009-09-18,492.1033325195313,501.2861635898376,461.3607169322399,465.9743349320328,607396
2009-09-22,495.34173583984375,503.06066695695625,489.8408852648695,499.0681219811074,113665
2009-09-23,493.3453979492188,500.2657974927828,483.8076528824412,498.6244397701377,72472
2009-09-24,491.34912109375,495.9183880226741,480.4361772065096,483.5414895245573,44588
2009-09-25,492.2807922363281,505.72238248435593,453.86364664298833,453.86364664298833,30264
2009-09-29,480.2588195800781,503.9479321507344,477.3309639033365,495.96284167651504,29578
2009-09-30,484.5619812011719,491.4380320781045,449.1613879286626,480.2588717093491,84284
2009-10-01,476.1331176757813,487.9776442898779,472.4510828806545,487.9776442898779,53775
2009-10-05,479.6376647949219,482.6542756788552,470.4104831924722,474.6691865591683,56598
2009-10-06,488.7317504882813,498.62440945422816,478.2180724125071,480.8797685483837,130681
2009-10-07,491.7484436035156,496.8500287198354,489.70782038745887,489.70782038745887,35752
2009-10-08,500.1326599121094,503.94774645799583,490.6392672381544,495.96265892609097,157597
2009-10-09,515.17138671875,518.099242080806,501.286181447794,502.1734136273476,197340
2009-10-12,506.1659851074219,519.030852388855,500.39897563643456,519.030852388855,83933
2009-10-13,501.9959716796875,501.9959716796875,501.9959716796875,501.9959716796875,0
2009-10-14,527.8587646484375,540.3243651989949,506.60954438198047,506.60954438198047,156360
2009-10-15,512.4208984375,532.3392702982982,508.2065458809718,529.6775739468067,32082
2009-10-16,526.4835815429688,531.4520599415815,510.1584882577786,526.5722830973767,69459
2009-10-20,522.04736328125,533.2264655231254,516.3690564633262,518.2322221195229,63311
2009-10-21,499.8666076660156,526.1286572612875,493.5672270016615,526.1286572612875,63985
2009-10-22,485.9814453125,531.2746390154894,480.92421086125046,505.72236207781833,72540
2009-10-23,486.1145629882813,505.7223737115946,483.9851839643418,505.7223737115946,75770
2009-10-26,478.1737365722656,487.9776401484141,476.4436231994516,487.5340241119156,43483
2009-10-27,470.0555114746094,483.4527474141225,461.3606485440558,472.8946647576572,55886
2009-10-28,465.7524719238281,509.6261072919992,464.0223586090612,509.6261072919992,60039
2009-10-29,464.8209533691406,476.4436730813188,456.9689162096284,465.7968870906748,51713
2009-10-30,470.0998840332031,503.7703514477864,467.57129433011767,470.2329905027749,172701
2009-11-03,472.5398864746094,486.1589343431956,464.9097105952498,470.23310422801984,138200
2009-11-04,477.2420959472656,480.87972534521344,474.6691015861424,474.6691015861424,46689
2009-11-05,480.3473815917969,493.3009459208698,470.2772668410378,479.6375527362269,42792
2009-11-06,486.2032775878906,496.8500646883554,481.7671162960304,487.9777421046348,29449
2009-11-09,488.7317504882813,493.3010171824748,486.203160820137,487.9776249107215,34120
2009-11-10,486.0257263183594,496.6281605860846,482.0331819277611,492.4138081737864,21962
2009-11-11,490.9498596191406,492.4138142413385,479.1053327753564,482.69861194070165,51860
2009-11-12,489.2641296386719,504.83504143959954,484.47305486038,490.9498380589247,34832
2009-11-13,488.3769836425781,495.0755760362532,487.9777183153033,488.8649505304221,78001
2009-11-16,491.65966796875,501.2861141638784,488.9535668624476,495.43040422573495,56317
2009-11-17,504.3028259277344,506.6983096493388,488.9093141012933,491.6597665315314,60000
2009-11-18,507.0089416503906,516.8128483727394,502.5284290743704,504.8352115435,81239
2009-11-19,512.6426391601562,516.3690243934644,499.1123511498464,502.2176631522126,65960
2009-11-20,536.1100463867188,543.1192022908632,519.0308268700545,521.6925234181061,364001
2009-11-23,536.287353515625,539.7031748017283,521.7810788984832,538.9046985522659,87395
2009-11-24,548.2207641601562,560.5532584865778,525.6850460119517,535.888215681382,150375
2009-11-25,533.6258544921875,558.9563247267118,527.9031955752279,545.6478408046472,78634
2009-11-26,521.914306640625,532.3392842913302,517.2563379030759,532.3392842913302,44548
2009-11-27,516.457763671875,529.6775431088988,508.4726750822936,515.4818300607542,153619
2009-11-30,529.2783203125,539.4371391080815,521.381986787362,521.5150391164544,62242
2009-12-01,528.0363159179688,545.6478551089136,526.2174464123834,545.6478551089136,58009
2009-12-02,537.2191162109375,542.0988934845299,529.6776422426584,533.2265711689074,70080
2009-12-03,520.4502563476562,542.9859702374004,515.4817789345254,539.437042327352,28367
2009-12-04,514.3284301757812,531.1858391244805,511.9328928104968,520.4947037532748,226583
2009-12-07,515.0382690429688,528.7016659722335,506.6095635203017,514.5946529628284,83825
2009-12-08,516.5909423828125,543.87333221239,512.8202055770985,523.4669918520556,82698
2009-12-09,520.9382934570312,525.2413470208421,505.8997001400704,510.1584029340949,70702
2009-12-10,523.6444091796875,531.4520410219944,520.3616394981632,527.0158804124619,90876
2009-12-11,514.3728637695312,531.4520834807231,510.1585108537826,523.4669937456205,39932
2009-12-14,516.191650390625,518.764645268378,505.72232192510216,506.6095540688305,95600
2009-12-15,506.43206787109375,518.986423648409,505.8109945755028,507.9403732597148,21767
2009-12-16,505.677978515625,514.1510347812035,497.7372398830978,506.4321041878399,20259
2009-12-17,509.7148132324219,513.4411986766008,505.6779182313725,505.6779182313725,14447
2009-12-18,518.986572265625,530.5649435647848,501.5080841973154,507.496902540229,157833
2009-12-21,512.0661010742188,530.5648713317836,507.9404495609466,519.0308523897883,26762
2009-12-22,526.660888671875,528.6571606534262,511.932859268923,511.932859268923,37065
2009-12-23,522.0029296875,534.8234430198553,519.0307241248169,523.4668841600717,129622
2009-12-24,526.5278930664062,539.2153010849951,522.890209016875,522.890209016875,43767
2009-12-29,541.566650390625,549.6847939360285,527.9032504819118,531.4521798969162,263580
2009-12-30,543.562744140625,573.7729850043256,537.7513308159037,545.1154002482549,259306
2009-12-31,540.3687133789062,557.9358985739605,536.7754341132464,550.9711480732662,84044
2010-01-04,545.692138671875,553.5885266942034,537.7070490929447,541.1229254597886,73015
2010-01-05,542.8529663085938,553.3666997192486,541.3003100546971,547.4222335167165,37549
2010-01-06,567.0743408203125,573.5954742025131,545.6920176432449,547.2890243743611,260136
2010-01-07,560.5089111328125,580.2498264833547,557.2704921222318,572.3534386821966,216073
2010-01-08,547.9989013671875,569.558629510023,545.6477147564849,567.8285161693501,137430
2010-01-11,547.8657836914062,566.4089549542076,545.5590020525914,566.4089549542076,72638
2010-01-12,588.7672119140625,603.3178403119379,542.986056280744,548.398150540249,598903
2010-01-13,588.9002685546875,611.6577921190953,559.1336443418276,585.5731483933616,325132
2010-01-14,613.9646606445312,619.6429681842662,590.0093920933718,597.1072494418635,284092
2010-01-15,598.7486572265625,618.400873060075,588.3236783765541,618.400873060075,90092
2010-01-18,598.1719970703125,612.1015543023944,582.9115914559111,606.8668623376609,58346
2010-01-19,599.1922607421875,615.2955472667076,594.4455900053267,603.2292106827663,65099
2010-01-20,597.0629272460938,607.7540645585873,594.623038665749,607.2217468929093,38374
2010-01-21,592.5380859375,662.7625460448286,564.856480749888,564.856480749888,744683
2010-01-22,591.2070922851562,594.4455111336152,559.8434589930018,575.8136369040542,129833
2010-01-25,581.9356079101562,597.8170314240201,576.7009163927265,584.6860060043182,84094
2010-01-27,554.2984008789062,603.2736365649463,541.2117239473914,573.2407895561192,221191
2010-01-28,559.6216430664062,576.700860869067,547.4222017787913,558.9562189961727,144593
2010-01-29,575.6806030273438,584.6860317015964,545.8252713810361,550.0839751972532,78937
2010-02-01,577.5882568359375,588.1463434067877,548.3539402255196,563.3925393100158,139319
2010-02-02,562.6827392578125,594.4456449800028,557.1818881305102,582.0243926968386,41759
2010-02-03,577.543701171875,593.5582284943553,563.3923394527886,563.3923394527886,78384
2010-02-04,564.7677001953125,583.7988435393391,563.3925009840127,576.7009852592256,41122
2010-02-05,550.3944091796875,560.7306847606617,545.736440674951,558.0689884722409,144239
2010-02-08,555.0967407226562,567.8284986805714,551.9470236971611,560.1983248904895,55457
2010-02-09,552.3906860351562,561.5292200240292,549.1966721231668,555.4072968483075,64293
2010-02-10,547.732666015625,560.6419352315546,537.0858817731065,560.6419352315546,83657
2010-02-11,550.1282958984375,554.5201059681763,543.8733199335873,553.6328737986272,44387
2010-02-15,552.0359497070312,556.8713765884154,550.0840278101357,550.9712601130553,28708
2010-02-16,545.8253173828125,558.8676429179652,541.4778574869744,558.8676429179652,66236
2010-02-17,553.1892700195312,561.5292742597574,546.7568366472111,551.858421735603,87458
2010-02-18,550.4832153320312,557.1818074413408,546.8455309130557,554.5201109089777,28168
2010-02-19,532.5167236328125,553.5441354853011,530.6091529340099,547.2891057834532,53174
2010-02-22,519.34130859375,548.2207579116856,515.5705720197644,536.7754417085298,138961
2010-02-23,508.6502075195313,521.6481808616659,502.2621248730475,520.8052994443597,223460
2010-02-24,501.5966491699219,522.5797101253696,497.16048864254185,517.6555827704478,154592
2010-02-25,518.9419555664062,535.8880630516408,493.3452829772559,496.8498597829782,399269
2010-02-26,523.8662109375,531.4520346584993,511.1788025766237,515.1269421499524,51070
2010-03-02,564.4571533203125,567.8286249504845,527.9031747586536,529.6776392116238,179410
2010-03-03,563.1262817382812,583.7987809316828,559.3111941523294,571.8211463684947,128540
2010-03-04,556.7825317382812,569.5586965160899,554.5201005584734,565.166886489196,63177
2010-03-05,561.5291748046875,563.392340411251,555.8065173668915,560.7306443148199,28472
2010-03-08,568.6714477539062,576.523430487649,564.2796378552231,565.0337635090259,121415
2010-03-09,582.4235229492188,591.7838107749341,567.8285440719008,574.394083273672,146054
2010-03-10,596.4862060546875,603.3179049262353,583.7987962374453,583.7987962374453,184621
2010-03-11,610.1939697265625,624.3453347077265,598.8817587283601,598.8817587283601,425329
2010-03-12,607.7540283203125,619.9091197171895,603.3178675296533,619.9091197171895,67003
2010-03-15,603.7171630859375,616.6263808032171,579.0077137522654,579.0077137522654,51106
2010-03-16,598.0390014648438,612.190369384718,595.4216549971453,607.7542072877272,42563
2010-03-17,605.2254638671875,616.6263759192852,603.3178929857755,605.0923573769102,89304
2010-03-18,606.37890625,612.0128095080902,603.4066456516917,607.7541054391347,32420
2010-03-19,598.881591796875,612.1900716145833,595.8206306083335,607.7539116753472,31070
2010-03-22,587.9686889648438,603.3177925628106,577.5880631741026,594.3567705400958,172437
2010-03-23,589.1665649414062,599.7690011622461,585.6619867224864,593.5583754105661,74806
2010-03-25,592.4492797851562,600.656177333659,585.5732304877621,594.445552161819,38523
2010-03-26,596.35302734375,607.6652356639997,587.347600627868,597.9943849292795,91410
2010-03-29,591.2958984375,605.003646477857,588.2349365795787,603.1847771831403,58929
2010-03-30,597.6395874023438,600.6561985389618,585.6176019400484,594.5342747067951,47778
2010-03-31,605.0479125976562,609.52842365871,595.3327107350719,595.6876252191018,53149
2010-04-01,621.7278442382812,625.498580361025,607.7539397834073,607.7539397834073,67415
2010-04-05,621.9496459960938,636.1453583155482,617.0698698862814,625.4985740759573,65203
2010-04-06,626.607666015625,628.9588527242694,617.5135370575222,627.2730900857301,28932
2010-04-07,631.3543701171875,634.3709810586872,623.0144204799952,625.4099580920858,42322
2010-04-08,637.609375,641.4688130023521,618.4451290081047,629.75733836603,95513
2010-04-09,624.6114501953125,643.2433258403431,621.1068722792287,631.9754664054966,60021
2010-04-12,624.7001342773438,634.2822848057783,623.8573070579089,634.2822848057783,32164
2010-04-13,621.2401123046875,628.1605139156579,619.2881902727814,628.0274074000685,16345
2010-04-15,630.3341064453125,637.9199306736169,623.7242159437451,637.9199306736169,38897
2010-04-16,634.3709106445312,639.8274093690557,625.8090997699987,629.8460488868865,66108
2010-04-19,625.8535766601562,631.5318298959845,621.1512029704037,627.2731264310252,19920
2010-04-20,630.6446533203125,632.5965750415152,622.9701270822611,629.0476461492766,163321
2010-04-21,636.3672485351562,638.7184353527623,628.293457771322,634.3709762323273,15474
2010-04-22,641.5574951171875,643.8643310156262,630.8663593881545,636.3672091123102,27908
2010-04-23,647.989990234375,664.5368917773562,637.0326946543948,637.0326946543948,47363
2010-04-26,652.29296875,660.0118978801148,643.2431916371875,647.679351579513,50647
2010-04-27,642.3560791015625,659.2134900172113,626.7408148616922,626.7408148616922,16109
2010-04-28,635.701904296875,646.7923073725358,621.9498044830557,639.6944494041129,19954
2010-04-29,634.060546875,646.5261491128239,626.3859662787712,635.258288747309,49015
2010-04-30,637.03271484375,642.3117572248065,634.3710182636229,635.2582504569986,6239
2010-05-03,635.2582397460938,651.8938430914,629.9348466755957,634.3710075676775,19436
2010-05-04,628.82568359375,643.2432036761464,622.481953096558,631.753538380014,16166
2010-05-05,611.9684448242188,621.9498076430262,604.4713214765094,621.9498076430262,37052
2010-05-06,616.9813232421875,624.3453400262173,607.7540862570495,611.3030152278935,18172
2010-05-07,588.5453491210938,612.1901045294371,577.6767566856073,611.6577869690456,73940
2010-05-10,605.40283203125,612.012722337073,598.8816974312726,599.5914723162763,30696
2010-05-11,603.5397338867188,617.5136417275359,601.5434613380306,605.3141983744416,10024
2010-05-12,588.3236083984375,609.9720942027185,581.1814005258798,609.9720942027185,81298
2010-05-13,594.756103515625,613.9647029494818,576.8340557976564,585.5732715992168,181384
2010-05-14,604.7818603515625,608.6412988216315,585.5732612569633,590.0094223270918,85605
2010-05-17,593.7801513671875,603.2291959822734,586.6822937490515,586.6822937490515,30237
2010-05-18,609.3953247070312,612.19012738429,594.8891020451688,609.8833456666797,45815
2010-05-19,603.5397338867188,613.9647127520902,595.3328356310008,613.9647127520902,84409
2010-05-20,610.9480590820312,619.288063256746,603.3178839750534,619.288063256746,11891
2010-05-21,603.8057250976562,607.7539183171929,587.5250396036732,598.8815983417594,26784
2010-05-24,612.1902465820312,615.7391755477241,606.8668531334918,606.8668531334918,26858
2010-05-25,600.7005615234375,610.4157651273752,591.7838885755222,606.8668362603555,49262
2010-05-26,602.6967163085938,620.6188144174512,598.8816293520794,598.8816293520794,21021
2010-05-27,613.2992553710938,620.1753048888166,599.3253482866891,613.9203287386495,19087
2010-05-28,622.3932495117188,624.6113295171062,612.1900814869365,619.2879375041764,42167
2010-05-31,623.103271484375,629.9349714417515,620.1754155461751,623.7243449627483,38361
2010-06-01,619.9535522460938,634.3710767169332,614.186542457758,622.8370571402617,115612
2010-06-02,608.0201416015625,625.3211673894286,607.2216652104552,617.5135358130666,33112
2010-06-03,608.1089477539062,620.1309327631783,605.4028463278745,618.8887860708242,16803
2010-06-04,610.1939697265625,619.8204178170306,606.0239673908711,612.190242255657,79422
2010-06-07,603.6282958984375,606.866714500791,590.0093057646579,595.4213995400569,16239
2010-06-08,618.4007568359375,620.6188370254495,597.9944190924274,597.9944190924274,76886
2010-06-09,624.7445068359375,632.3303304842664,619.288007742879,621.062471948446,45276
2010-06-10,623.591064453125,628.1603314629837,619.3323611719816,626.5633245015987,9029
2010-06-11,617.6909790039062,632.5964669745193,614.0976999448292,629.0475386885472,11652
2010-06-14,615.9165649414062,622.8369648312834,610.5044163738255,617.6910292286749,14045
2010-06-15,622.9255981445312,625.454241968293,616.8924310592091,620.1752004615062,21029
2010-06-16,639.8717651367188,651.2283245435206,623.280514975236,623.280514975236,86861
2010-06-17,630.2453002929688,646.7922006115288,616.7594157008634,645.9049685119245,51366
2010-06-18,626.385986328125,646.792328658928,624.6115217776204,646.792328658928,28735
2010-06-21,650.4743041992188,655.6202400900488,634.3710182293769,637.0327148093603,46665
2010-06-22,655.8864135742188,659.9676600937853,647.6795156025428,654.7773733077761,85410
2010-06-23,640.3154296875,655.6201837061833,637.4762760825494,643.7312516771063,25065
2010-06-24,632.7296142578125,650.3411503519695,629.934811391403,647.6794539658086,69462
2010-06-25,626.7406616210938,636.9438288911133,622.3045019384765,631.709138804689,10378
2010-06-28,641.60205078125,643.1990580693099,618.090395147304,627.2732276679195,28187
2010-06-29,640.3154296875,647.6794454283383,629.9348030878359,639.6943563751122,22055
2010-06-30,669.8602905273438,679.1762283426247,626.3859140560327,638.8071644764073,335261
2010-07-01,661.5647583007812,678.7326809219816,657.794021184548,669.8603582955504,54640
2010-07-02,662.6292114257812,666.1337887296954,656.5516937593522,661.5645763253447,23012
2010-07-05,667.4203491210938,685.7417136990833,654.8216424348317,657.4389879677374,40410
2010-07-06,678.9985961914062,695.5898443814837,665.423958273103,668.9728860505595,173727
2010-07-07,669.682861328125,681.3499865514491,667.1986219704087,669.8603186006097,35526
2010-07-08,668.7003784179688,682.2762482577957,665.3957176424207,677.0959426841698,24955
2010-07-09,664.4132690429688,676.8726484715361,648.6045278322973,670.7992488604293,28977
2010-07-12,658.7417602539062,669.8168250561632,654.3206636387526,669.8168250561632,122879
2010-07-13,664.2793579101562,668.0752399553571,658.5185377859217,662.7163476562499,20569
2010-07-14,670.3527221679688,677.8998393186766,661.0193076804527,677.8998393186766,111292
2010-07-15,689.7339477539062,696.6112022923445,665.3956504715574,671.8263307479342,46518
2010-07-16,678.6143188476562,692.19018893988,675.2203649529669,689.7340302049321,24920
2010-07-19,690.3592529296875,700.2285345095587,672.5409266399205,678.6143264957284,45899
2010-07-20,688.5729370117188,698.4422183244803,684.2411335122409,690.4931738297234,15976
2010-07-21,707.0165405273438,711.839565663452,689.5108465397553,694.82509259389,333486
2010-07-22,723.539794921875,727.0230969213598,710.0532703347433,711.8395678701766,145097
2010-07-23,693.3065795898438,727.0229382107991,689.555344681641,726.1297896380586,61922
2010-07-26,688.2603759765625,701.1217392406327,683.2587649924637,698.4422931034073,248118
2010-07-27,680.7131958007812,700.228470002481,674.5058024152863,674.5058024152863,27545
2010-07-28,675.4882202148438,687.099151068378,672.0942667141949,681.0257519861443,25674
2010-07-29,666.288818359375,680.489902111025,631.1434447191276,631.1434447191276,50101
2010-07-30,677.8997802734375,696.3879670017694,656.5535071524589,672.540888729774,58668
2010-08-02,675.532958984375,696.566653282792,669.8614868676161,696.566653282792,30072
2010-08-03,664.9044189453125,680.4005237831414,584.9229808047957,584.9229808047957,71949
2010-08-04,687.5903930664062,695.8967182363203,662.7162276220937,665.3956732863339,135612
2010-08-05,670.7992553710938,695.7627700250049,669.9061067574545,689.0641554227102,31163
2010-08-06,679.86474609375,685.9381458575034,674.4612078005605,674.4612078005605,18389
2010-08-09,679.7754516601562,685.0004042470631,670.8439646878064,685.0004042470631,27002
2010-08-10,675.2649536132812,693.9764267295966,670.7545643165083,679.7753429100542,18943
2010-08-11,684.8216552734375,691.2969823040635,674.5504468800309,684.3750809954633,16277
2010-08-12,676.426025390625,693.9764160180883,670.8438470121012,683.2586335313225,88649
2010-08-13,665.4404296875,682.3656084972931,662.8949776915567,670.8439684332465,59159
2010-08-16,665.1278076171875,669.7721914793484,662.9395825316681,669.7721914793484,53617
2010-08-17,674.3271484375,681.4276902409579,665.3956630277318,670.7545542735927,20614
2010-08-18,675.3543701171875,683.1694207655089,672.5409300784049,677.0066733060172,26452
2010-08-19,675.131103515625,681.383144224676,670.7546532139017,681.383144224676,71328
2010-08-20,682.1422119140625,691.9221995374868,671.8263569606404,678.703611767409,38166
2010-08-23,681.6956787109375,689.4214360169454,678.7929457193744,689.4214360169454,7055
2010-08-24,682.946044921875,687.7243677495561,679.284103242665,679.284103242665,29871
2010-08-25,672.94287109375,686.7420288408949,667.2713443751664,668.5664208393134,48741
2010-08-26,672.2284545898438,682.187030830867,669.8615885050689,674.327332428436,22244
2010-08-27,671.3351440429688,685.0449527788555,657.0000658923022,664.5918287327459,26774
2010-08-30,670.5311889648438,682.3654057531011,668.0750307635074,674.3270698214546,39498
2010-08-31,677.1405639648438,679.5073748058321,659.1435997014861,659.1435997014861,49516
2010-09-01,675.7562255859375,693.4406119119469,670.7992616366324,677.8998040840797,89703
2010-09-02,683.4373779296875,688.5729828178281,680.5792912631589,682.5442292534891,109604
2010-09-03,700.80908203125,716.3051886843087,671.6477579683294,687.7244330260819,87955
2010-09-06,708.1328735351562,747.7886947390673,700.228529919891,747.7886947390673,139073
2010-09-07,707.7756958007812,727.0230393173614,705.5874705905595,710.0532140753099,75052
2010-09-08,712.3753051757812,725.2366668865443,701.6575219213004,711.7501447633749,148527
2010-09-09,703.3991088867188,716.3051159559486,694.8695513886884,711.8393733377694,38421
2010-09-13,710.9461669921875,721.3960147715226,706.748358369819,714.4294677564509,68268
2010-09-14,721.7532958984375,726.7996068326748,710.9462206314091,713.6256661865526,104319
2010-09-15,716.30517578125,730.5955533529458,713.6257299865571,725.5939430082379,70832
2010-09-16,690.001953125,740.4202034547377,688.6175836714146,740.4202034547377,57345
2010-09-17,700.7643432617188,704.5602246682128,692.1901388312584,699.3353273611294,30193
2010-09-20,717.9574584960938,725.1473481184668,696.6558868385315,696.6558868385315,126061
2010-09-21,711.2588500976562,720.3243299928462,689.5107039733133,718.002165489513,45184
2010-09-22,705.4087524414062,720.3243449443098,698.7101379502936,705.5873930638621,47630
2010-09-23,704.8282470703125,718.8953376714943,698.4422127062948,703.8011043638878,55819
2010-09-24,705.3641967773438,712.7326736667557,698.4422942448658,712.7326736667557,145677
2010-09-27,702.1488037109375,714.4295971361125,696.6559179372005,706.6591933025815,75282
2010-09-28,702.818603515625,709.1599363043986,696.6558568229608,707.284346187567,33598
2010-09-29,706.2573852539062,774.3599785205649,700.2286310958741,709.1601187374031,51366
2010-09-30,715.0101928710938,720.2351455617844,697.5491463960133,704.024474579587,58698
2010-10-01,714.697509765625,718.805971457827,708.2668290406215,714.5188691456458,13643
2010-10-04,714.0276489257812,725.1473597388966,710.9462753973087,714.9654440396301,160820
2010-10-05,719.0293579101562,723.3611618606988,711.884168231872,711.884168231872,41105
2010-10-06,709.7850952148438,726.1297012026929,703.443708412626,718.9845134909813,75064
2010-10-07,736.0883178710938,748.8156833008534,711.392741389722,711.392741389722,144941
2010-10-08,718.0467529296875,744.8858546557802,715.4566004546376,740.4201121218726,37843
2010-10-11,724.0755615234375,741.7598924269504,718.0914551610693,728.809238073921,88052
2010-10-12,718.1806640625,727.9160042063478,710.4996090136806,727.8713576854682,129630
2010-10-13,719.3418579101562,722.9590986044647,712.2859626192644,721.7533153640546,117723
2010-10-14,715.0994262695312,725.2366407604904,712.7772072733043,718.9846007539345,123314
2010-10-15,699.6926879882812,718.9846774026418,696.6559607131187,714.5189340647372,64810
2010-10-18,708.177490234375,713.0898071423828,698.442149465848,713.0898071423828,23057
2010-10-19,705.9000854492188,717.1984388251409,700.2286127508225,709.1601001583585,17468
2010-10-20,692.4581298828125,705.9000060158754,687.724452992183,702.0148312361765,58785
2010-10-21,697.1917114257812,703.8010322651268,685.0449133849648,703.8010322651268,59622
2010-10-22,701.925537109375,703.8011274456582,696.6559383345348,703.8011274456582,32042
2010-10-25,700.6304931640625,712.5986527720015,698.0849867171258,707.373754797634,35356
2010-10-26,700.5410766601562,705.5873880127214,698.9780666234192,703.8010908278791,89606
2010-10-27,713.9384155273438,717.1984301972657,701.2110461247148,703.80119924713,43603
2010-10-28,761.364501953125,768.1077626879841,720.7708889409339,720.7708889409339,328506
2010-10-29,769.8048706054688,785.9708399397509,759.1763794872594,760.9626768507588,340847
2010-11-01,789.989990234375,799.3680511698877,752.924320822587,781.3264373245888,79156
2010-11-02,777.5751953125,794.9023009819888,772.57358466227,785.9708144541013,124503
2010-11-03,792.0441284179688,796.6885118110393,778.1556792773184,789.5433233643035,75569
2010-11-04,807.8529052734375,830.6281944768346,787.0425538843989,803.7444435362496,264364
2010-11-08,797.0458374023438,817.1416810273231,781.5050298603072,786.2387065670539,41272
2010-11-09,783.782470703125,802.9405173079931,769.0008736398021,784.3630390449383,234210
2010-11-10,762.034423828125,801.9581785866162,757.8366143544642,789.5433907947512,134925
2010-11-11,782.3087768554688,790.4364062328187,759.2655024189327,764.5351002658676,118105
2010-11-12,770.117431640625,797.1351785900351,758.3278584327342,785.9708203464772,65737
2010-11-15,789.5880737304688,793.026728830765,759.2656653691517,768.107859040235,43009
2010-11-16,787.8017578125,799.3680437618028,781.5050707168463,786.0601070379232,46916
2010-11-18,793.5624389648438,799.3679041908106,788.6501222351795,796.286530975875,52216
2010-11-19,781.1032104492188,801.5116916255329,775.6996715386617,801.5116916255329,18120
2010-11-22,783.5592041015625,797.9389283194628,776.146082114097,785.0775675239255,15786
2010-11-23,776.4586791992188,785.9707331731191,768.152408489968,783.2912874918471,21359
2010-11-24,797.313720703125,811.8273846263434,770.3406236169745,785.9707232265944,76616
2010-11-25,803.4764404296875,816.6057354529399,793.5625130011807,796.9564667010817,60432
2010-11-26,790.7937622070312,808.2994522966908,763.6420239930062,803.8337094663223,30321
2010-11-29,786.328125,799.2787809476623,772.5736134295088,790.4812336820306,24406
2010-11-30,787.5337524414062,795.7953767227592,781.5049995874459,790.7044189656114,73398
2010-12-01,785.613525390625,791.3296985171287,781.505063433959,791.3296985171287,18004
2010-12-02,777.3966064453125,793.7412158308895,772.5735819319112,786.9979544288593,47265
2010-12-03,776.2801513671875,785.9707921698038,774.4045065414299,781.6836896606617,19909
2010-12-06,776.1014404296875,785.8814279171322,773.4666413146648,782.3981267801921,92713
2010-12-07,761.49853515625,781.5050871937988,758.5511554443843,774.0919641265399,20985
2010-12-08,764.4459838867188,770.7873177663145,757.3900874459266,760.9626821980299,20871
2010-12-09,747.3421020507812,770.7872531458909,745.8683850337026,763.7313572966433,26488
2010-12-10,750.2894897460938,775.2530046582311,735.9544652515926,745.7791001032523,316922
2010-12-13,764.4011840820312,775.2529610448997,750.2894475371323,750.2894475371323,146481
2010-12-14,781.728271484375,789.0967470510658,760.0694190610719,768.1077560429163,186506
2010-12-15,761.9451293945312,790.3919480195251,760.0695389416613,790.3919480195251,17716
2010-12-16,760.1141357421875,768.1078269368397,755.1571717152302,762.0344271149162,14729
2010-12-20,752.2543334960938,768.1077195685849,750.2447493460596,768.1077195685849,33911
2010-12-21,760.1588134765625,761.5432375299259,754.71062837886,761.5432375299259,5514
2010-12-22,751.986572265625,772.0377718405657,745.7791777873356,772.0377718405657,25257
2010-12-23,748.592529296875,759.1763185202716,738.1873261847112,759.1763185202716,136853
2010-12-24,749.12841796875,752.0311510339046,745.8684036440359,749.3070585985298,108156
2010-12-27,748.63720703125,759.1763501661574,745.823766987012,753.2815908996658,8073
2010-12-28,753.9961547851562,758.1939646409985,746.002462897212,758.1939646409985,15383
2010-12-29,750.7359008789062,759.2208109519836,746.8060805005007,756.7200062541884,13181
2010-12-30,777.083984375,799.3680544492107,751.4506068100802,759.176364560703,43366
2010-12-31,778.423583984375,790.4364425162689,759.3995313553195,779.2720859835533,14356
2011-01-03,790.7044677734375,799.3680203491889,771.7697059976686,785.8814979006393,41406
2011-01-04,794.8130493164062,811.7381735574489,791.3297475837308,794.0538402139152,63347
2011-01-05,772.84130859375,802.9404209260373,763.7758849365277,802.9404209260373,24066
2011-01-06,750.6021118164062,776.5034214431549,746.0023746807528,774.4491360343995,30059
2011-01-07,737.4727783203125,759.0869844167877,732.3818206157787,759.0869844167877,17721
2011-01-10,718.9844970703125,745.511016746902,707.596854414851,741.3132081594526,36742
2011-01-11,709.2939453125,718.9845853091077,697.1917388061551,697.1917388061551,23938
2011-01-12,699.916015625,714.518975378918,698.8888727925041,713.6258266596943,31590
2011-01-13,690.6271362304688,706.0339491628653,689.5107005107299,706.0339491628653,75321
2011-01-14,675.8455200195312,693.9764247175682,668.0751167165264,673.9698753527582,56455
2011-01-17,657.4912719726562,678.7035482634567,653.3381097566537,662.3588875528325,91584
2011-01-18,646.1929931640625,669.7274362790272,639.9855996732701,657.357350336904,98463
2011-01-19,646.8629760742188,657.8040481583184,643.0670939225923,647.5328376303881,19502
2011-01-20,623.8642578125,647.5326942219936,612.0300396077532,647.5326942219936,93620
2011-01-21,626.4992065429688,634.046324442827,617.2997852479376,623.8644068069447,22171
2011-01-24,643.2009887695312,647.532737692155,625.2040225993221,637.7081030513085,35651
2011-01-25,636.904296875,654.6333307411317,568.0425559959704,568.0425559959704,68207
2011-01-27,625.6060180664062,650.2122538584945,623.4177928478422,639.4944694542336,133276
2011-01-28,592.4254760742188,643.0670143575708,580.993184499444,638.6012712023098,179100
2011-01-31,601.4015502929688,613.325116063365,580.3679129846024,592.4254183285213,255447
2011-02-01,598.7222290039062,611.8515262300089,597.5165000244924,605.5548385898443,321480
2011-02-02,598.9454345703125,647.5327406388031,598.4095672110318,614.3076015267812,26223
2011-02-03,581.618408203125,601.8481922930404,580.5466189270278,601.4909655433194,295496
2011-02-04,586.17333984375,601.0889304469832,580.6358083336718,583.4938943885628,100561
2011-02-07,563.2196044921875,589.4782006920415,558.2179930795847,589.4782006920415,73111
2011-02-08,551.921142578125,565.0950833374302,546.6068979454083,562.6835714143908,102057
2011-02-09,541.7393188476562,557.2354810935641,526.9577191537492,553.7521794497025,109040
2011-02-10,528.6993408203125,549.286405776393,513.649753742587,526.9576900944259,142499
2011-02-11,539.1045532226562,557.3248091741223,516.1059733568973,535.8892395905023,115436
2011-02-14,571.3472290039062,580.5466496260559,535.799921975651,535.799921975651,153274
2011-02-15,565.2738037109375,582.8241420163569,559.1110562061535,578.7603265520568,22421
2011-02-16,573.624755859375,581.8863813816782,563.5768329268441,563.5768329268441,40593
2011-02-17,576.840087890625,580.5466769410995,563.8001381831832,574.2946358048107,93704
2011-02-18,573.580078125,580.9932010714891,567.4173305895694,580.5019802130923,90667
2011-02-21,564.1126708984375,573.6247259167692,561.9691468261364,573.580079386538,15839
2011-02-22,539.8190307617188,568.3997857031527,537.2288780397657,568.3997857031527,40677
2011-02-23,537.1842651367188,548.3932697642223,531.5574395581181,544.8206751729244,38089
2011-02-24,540.3995361328125,549.2863753852337,537.6754438730255,541.2480381844741,105760
2011-02-25,535.6212768554688,546.5177017061764,523.385128978366,546.4730006611876,16903
2011-02-28,496.724609375,543.659556805101,479.2188643296666,543.0343418903634,338596
2011-03-01,537.3182373046875,543.0344108027361,510.07720189435287,510.07720189435287,102461
2011-03-03,535.4425659179688,542.1411801704871,518.2494560031715,540.3548830364822,47423
2011-03-04,536.7376098632812,546.6068900305862,534.9959593600018,540.354850438733,28293
2011-03-07,539.9977416992188,553.7076084625407,528.0742270461466,531.6021757024695,64613
2011-03-08,544.5526733398438,549.2417031541705,529.8603690189277,540.3548643176591,31778
2011-03-09,542.4537963867188,549.197112126166,536.7823244150081,545.2672363649958,16721
2011-03-10,535.9783935546875,546.4282419173238,528.743912503186,546.4282419173238,31572
2011-03-11,541.694580078125,544.8205999136954,527.8507779491705,536.7822631936573,43256
2011-03-14,535.9783935546875,544.8205855184856,528.9225531060476,543.2575756419981,111984
2011-03-15,533.3436889648438,544.8206262534871,527.8508034685425,534.1028434419432,92928
2011-03-16,518.4727172851562,526.9576282484792,514.5875430178606,526.9129817250483,103779
2011-03-17,514.6322631835938,526.0199084744329,509.89858623989926,518.0262171518955,65098
2011-03-18,512.890625,529.1905882673052,510.8810404875925,520.7056758815847,29381
2011-03-21,505.1201477050781,517.1330065138343,497.48373856339504,517.1330065138343,33798
2011-03-22,511.3276977539063,512.2654931091,504.6290816261258,506.4600257983569,52912
2011-03-23,519.7232055664062,523.5190872144289,508.2015665234926,508.2015665234926,31201
2011-03-24,522.3132934570312,526.7790364833627,518.9193396597124,522.4919340807775,75355
2011-03-25,528.0294189453125,546.3836102335473,524.0102505823359,526.0644812873876,142406
2011-03-28,533.43310546875,540.0870747402055,529.6372231778464,533.165171739146,58991
2011-03-29,524.099609375,547.5001145709373,521.5988040936825,534.9960336508833,82261
2011-03-30,551.20654296875,558.2177359266078,521.5986524498223,531.0213569295734,134218
2011-03-31,538.4794311523438,567.1494857112544,527.0024364105735,553.7969003024438,283835
2011-04-01,566.2115478515625,571.5704392810021,540.3995323277102,542.1411829449705,115762
2011-04-04,591.3536376953125,614.4862071235156,565.7649642491908,565.7649642491908,362774
2011-04-05,596.3554077148438,607.3411260030877,590.8625213139861,599.3920806367763,52024
2011-04-06,598.3204345703125,602.7861788065039,591.7557578350235,598.4097276496445,88234
2011-04-07,609.975830078125,612.2533480412313,594.8369508321811,596.6232479818273,72989
2011-04-08,621.6314086914062,638.4225910119873,611.8067743586398,611.8067743586398,161687
2011-04-11,629.8483276367188,641.280617434815,616.2724596518417,616.2724596518417,193204
2011-04-13,621.0061645507812,627.8834191626518,617.2549298067191,625.2039735616731,52867
2011-04-15,613.81640625,633.2423892779192,611.8068217988359,618.996657488085,44219
2011-04-18,587.9596557617188,625.2039596917627,583.1366864950292,623.1497290126101,58266
2011-04-19,585.9501953125,598.09705037334,584.5658257264607,587.691846184891,26184
2011-04-20,595.6853637695312,643.0668776731765,585.9053774355608,585.9053774355608,159428
2011-04-21,601.4462890625,614.4862368174853,597.5610599443108,606.7604796218798,54322
2011-04-25,587.3792724609375,608.9041346223987,586.1288424583046,602.8753808142561,54357
2011-04-26,580.8591918945312,592.9613994872124,572.1509927193575,577.0633102027889,45582
2011-04-27,588.4508666992188,601.9820882630368,585.0122667838117,585.0122667838117,55615
2011-04-28,590.5945434570312,607.2517875466883,586.4413804386762,594.1224915191278,108933
2011-04-29,578.0010986328125,596.712516908059,570.1860489190831,593.9437782434362,44825
2011-05-02,577.3758544921875,588.4955641383074,571.6150358067559,588.4955641383074,43266
2011-05-03,571.6151733398438,592.1575936317444,569.9181689886027,580.7253010676417,111351
2011-05-04,547.7680053710938,588.4956127442366,546.6069231364049,575.4109644291322,240003
2011-05-05,528.5206909179688,558.2178822538749,523.4297329291204,546.6069503029943,177982
2011-05-06,532.9418334960938,536.1571469703041,526.957726378592,534.6834843419034,172420
2011-05-09,541.0247802734375,543.4809389952732,535.8891756732357,536.9609649272753,254139
2011-05-10,546.60693359375,557.9945780436198,541.962550052679,543.034339256536,154876
2011-05-11,531.5126953125,552.8589680658224,529.6817516359762,552.8589680658224,166334
2011-05-12,530.5303344726562,538.747313518698,528.699390517322,531.6021238288306,55032
2011-05-13,535.6658935546875,542.0519280969078,527.1809815267267,535.8891807133181,29023
2011-05-16,525.5733642578125,540.1763237207668,523.4744321013751,540.1763237207668,52461
2011-05-17,522.7598876953125,528.7886410107687,519.0086525074464,526.957697202842,25043
2011-05-18,526.3771362304688,528.6993554336595,522.491961399806,525.1714073557024,17405
2011-05-19,516.0166625976562,531.3341846428538,514.3643593042896,529.7264733684239,42422
2011-05-20,519.8125,523.2958014445617,510.8363672171262,516.0166183419244,29901
2011-05-23,525.66259765625,534.1028628294076,504.1823847277602,522.4919310287684,36776
2011-05-24,524.099609375,531.6913727907471,511.7741690850687,511.7741690850687,41420
2011-05-25,521.5093383789062,526.957521456381,515.3465930175115,518.9191863833175,12084
2011-05-26,523.6083374023438,528.743941564499,520.3036768648734,522.0453274399487,16944
2011-05-27,528.0294189453125,530.9767981754701,523.3850357120698,530.9767981754701,14690
2011-05-30,526.868408203125,533.2097417858106,524.2782553237366,532.2273000803693,29272
2011-05-31,540.131591796875,548.3932159789686,526.9576505335366,530.5302447744419,184368
2011-06-01,541.1141357421875,544.374150408926,535.9785305496505,543.8382829768328,52358
2011-06-02,534.9066162109375,542.0518036466437,530.5301671011858,537.0054932147946,52282
2011-06-03,539.1937866210938,544.7313184935625,522.1346167319315,528.7439377593072,32059
2011-06-06,552.7696533203125,570.7219171724659,527.8507872440177,536.7822726457778,130071
2011-06-07,549.2417602539062,558.2178930718077,542.1412177513397,544.8206636380843,99347
2011-06-08,546.1602783203125,561.7903762280893,542.2304033266894,551.9657432574868,42523
2011-06-09,548.7058715820312,556.2529888558877,545.7138452994434,545.7138452994434,34451
2011-06-10,549.06298828125,554.243238187069,546.6961231754291,548.4377734878773,57140
2011-06-13,544.4186401367188,552.3676833419057,534.1027861891022,552.3676833419057,15476
2011-06-14,544.8206787109375,547.5001246718109,541.6053653632764,546.1604016913742,67353
2011-06-15,549.9562377929688,551.965822096719,542.2304807753884,545.3118542771646,13071
2011-06-16,538.9705810546875,561.7905188923755,531.7807450939733,561.7905188923755,22736
2011-06-17,528.2080078125,545.7136953844255,514.3195059967809,545.7136953844255,114177
2011-06-20,529.5032348632812,541.2035166434077,522.492038713288,534.1029729069166,57617
2011-06-21,526.689697265625,538.5685617718308,522.8491695022824,531.4233735559524,36198
2011-06-22,521.6433715820312,531.3340655347929,519.8570745784024,531.2447179765364,21114
2011-06-23,521.5093383789062,535.7997118421301,518.0260380418661,526.957521456381,181079
2011-06-24,519.9465942382812,526.3772219691076,518.9194513158284,521.5096046338108,46009
2011-06-27,520.39306640625,530.5302814604188,518.0262007525976,521.5987952405465,32829
2011-06-28,521.7327880859375,526.0645370867837,519.4552154945686,525.9752440301858,72830
2011-06-29,528.2974243164062,533.2097418713348,509.987877066218,509.987877066218,35913
2011-06-30,532.0040283203125,539.193864227734,523.4297683604168,529.6371625339553,82518
2011-07-01,535.7998657226562,538.5686045709521,530.9768414882769,531.4234157872579,101772
2011-07-04,535.2640380859375,544.6867465505547,532.3166580964872,538.5686993828555,52850
2011-07-05,531.8253784179688,538.0327724833647,530.0390811049608,538.0327724833647,37538
2011-07-06,535.353271484375,543.4809016177269,527.8508017355408,531.4680425198685,84558
2011-07-07,543.3328247070312,548.1386612888094,538.5723152417438,538.5723152417438,160255
2011-07-08,552.2190551757812,560.3799279123692,542.244655164396,544.0581824391934,229895
2011-07-11,558.1583251953125,561.6493982762742,549.136016269498,561.2413435857126,93791
2011-07-12,553.1258544921875,562.0121276430053,547.6852723168545,557.6596729716317,198144
2011-07-13,549.4534912109375,561.2867467743633,546.7785271485317,561.2867467743633,56713
2011-07-14,549.8615112304688,557.1156205852535,542.2446742701599,553.080511187762,69955
2011-07-15,543.7861938476562,553.9419582050634,542.1540302808947,549.9975029622213,59082
2011-07-18,535.1265258789062,550.3148151912231,528.7337986390542,547.6851787844432,97098
2011-07-19,532.4969482421875,542.1540031577994,528.6432027674675,536.8494026506262,497688
2011-07-20,534.129150390625,543.8768602381589,533.1770595674333,538.4362779976749,182967
2011-07-21,528.6431884765625,537.3480970581186,525.0161340101711,537.3480970581186,120156
2011-07-22,544.6928100585938,562.2386605035525,529.1417949082067,536.7586299501204,900346
2011-07-25,552.853759765625,556.7528320482114,539.7056879990141,547.4131783449584,133297
2011-07-26,535.8973388671875,562.1934857828363,532.2702841202015,555.7554857447215,151207
2011-07-27,532.4969482421875,541.3378937430157,530.5473842760156,535.987966122679,113287
2011-07-28,523.7921142578125,532.5423514379717,522.295931898441,532.5423514379717,136448
2011-07-29,518.53271484375,528.3711325852654,516.855224411075,525.9228599270588,40075
2011-08-01,503.5711364746094,529.4138987334609,495.5463008583279,521.3890631171794,84130
2011-08-02,486.4334411621094,518.6688824929058,483.3050950502077,512.3215360288318,82991
2011-08-03,467.4366760253906,483.214386160929,460.6812755551612,480.58474935685166,257468
2011-08-04,464.17230224609375,471.5170932718904,448.8480022492034,471.2450752485103,550735
2011-08-05,471.9705200195313,478.045848060818,440.0070986349232,453.3818636114613,167151
2011-08-08,459.2304382324219,469.703546787854,454.37924741744513,469.703546787854,57240
2011-08-09,454.3792419433594,466.9832503504101,448.7572965984047,453.38179645670886,252525
2011-08-10,465.1244201660156,471.5170927585618,458.9584108112194,471.3810560747895,89787
2011-08-11,468.7060852050781,471.4263757626365,459.72910422735447,463.265476417735,213711
2011-08-12,458.7770385742188,475.14410991756426,455.1953114095749,473.3305827804744,56351
2011-08-16,461.4974060058594,466.07655171942366,459.32115094175685,459.7292056843343,43491
2011-08-17,460.77197265625,469.7036007139246,455.1953813868535,462.449491050389,46493
2011-08-18,450.8429260253906,460.7719720100917,449.30141665515816,460.7719720100917,58456
2011-08-19,444.5408935546875,448.8480210292103,439.7803842407413,444.3142026349758,104192
2011-08-22,436.5160827636719,452.4751309945187,435.3826280267117,446.1277844675415,68219
2011-08-23,449.8454895019531,457.4169721400656,434.33982427017867,435.4279518090597,110820
2011-08-24,448.2132263183594,462.3587436942801,441.9565631536911,450.2081172623306,82211
2011-08-25,444.4049072265625,453.019162615412,442.50069786931766,453.019162615412,86537
2011-08-26,435.7905883789063,451.56826936442224,435.2465246885997,445.2209242127135,131679
2011-08-29,447.4878845214844,451.5683211584584,440.68715679319433,445.220975278721,126604
2011-08-30,443.5434265136719,453.0191175680547,439.7803629629708,453.0191175680547,81466
2011-09-02,443.0447692871094,451.0242791372161,441.59394176739,451.0242791372161,43138
2011-09-05,443.8154296875,448.84795631057614,440.05233882509407,444.31413857006527,101989
2011-09-06,452.293701171875,455.195355943996,440.7778193280248,446.1277193714064,51554
2011-09-07,465.0790710449219,469.6582161409378,453.3817985056919,453.3817985056919,69105
2011-09-08,480.9928588867188,496.7251883553771,466.0312564944214,466.0765836145952,146802
2011-09-09,480.902099609375,493.23411896814383,475.3708632524725,484.8465548573468,50104
2011-09-12,453.6992492675781,475.5975883641999,450.7522670708505,472.6052790487237,118206
2011-09-13,452.7017822265625,466.52992880433936,449.8454820744518,462.17747406514513,30676
2011-09-14,450.8429260253906,464.7163996685541,448.84803480182296,461.5427266952079,42746
2011-09-15,455.9660949707031,459.5024675784495,451.11490403607024,459.5024675784495,17799
2011-09-16,440.0523986816406,460.6812722069335,435.291889406573,457.0088904064881,196051
2011-09-19,457.4622802734375,464.988407809638,438.8736246825446,439.7803883699052,105104
2011-09-20,457.1448669433594,464.0816030025964,450.9335307008445,459.7291487578047,44256
2011-09-21,457.7342834472656,462.1774475088402,448.9386925688158,457.1448926040662,107014
2011-09-22,444.9943237304688,455.1954162255636,442.0473414541081,450.7522792510358,242929
2011-09-23,449.6640930175781,456.1021205316964,435.8359472161698,437.28677460519,111891
2011-09-26,445.2209167480469,458.8223704165208,436.6066627580134,441.6845443286893,50804
2011-09-27,440.9591369628906,453.38180961524006,438.2388461051992,447.0344642806267,51184
2011-09-28,438.91888427734375,446.0823384432948,437.96679362097177,442.5006113603193,19148
2011-09-29,417.6099853515625,444.3141857475253,408.08896708554414,438.8736038812291,351001
2011-09-30,401.10693359375,422.1891899006988,398.0692696236786,412.57748901770793,271810
2011-10-03,375.7628784179688,399.2934079196928,368.1460687371636,398.9760350846108,429423
2011-10-04,372.7705993652344,380.296727748531,371.31977176771454,374.4934450306865,220809
2011-10-05,371.9090881347656,377.12297887863485,369.0527883051788,375.12811554518765,50538
2011-10-07,379.3446044921875,382.47292269559887,374.99212207075993,382.47292269559887,280180
2011-10-10,378.5738220214844,380.8407311353855,373.2692491605097,373.2692491605097,39521
2011-10-11,382.60888671875,389.9083221458453,380.8406867471047,385.23849544993936,127330
2011-10-12,393.6714477539063,395.3036389879466,383.0169744701607,385.3745655822868,39115
2011-10-13,398.9306945800781,402.1496945953194,390.9058304274389,398.8853397924556,30661
2011-10-14,383.7877502441406,400.74424313126286,381.7475318435516,400.74424313126286,70217
2011-10-17,390.1803588867188,396.2556859646796,387.1427230199668,388.91089540434393,107774
2011-10-18,379.9793090820313,388.094855087926,376.8509909889838,388.094855087926,123214
2011-10-19,391.1325073242188,397.1624800832744,378.6191523072978,379.979297787035,107443
2011-10-20,383.4703063964844,407.1368409954778,380.8406975904247,389.04689679104143,90666
2011-10-21,384.7398681640625,403.509889838948,381.9742496509143,392.1753423715618,222999
2011-10-24,385.2839050292969,393.4901334250629,382.6542957352312,392.5380149010549,46095
2011-10-25,396.1197204589844,397.6158750015107,385.3745652808256,389.8177017931465,69120
2011-10-28,417.6553039550781,423.05053056842127,406.23007749119273,406.23007749119273,95464
2011-10-31,421.2824096679688,431.1661282081144,417.1112912213094,421.6451096041497,136126
2011-11-01,415.6151123046875,426.1789029824665,409.8571577618614,426.1789029824665,111196
2011-11-02,431.4381103515625,435.3372104397842,408.90505700111896,409.85714771342,159147
2011-11-03,448.2585754394531,451.5682569286816,424.63736788633287,430.62201297043566,285356
2011-11-04,443.8154296875,455.8300466998538,439.8710027188101,452.7470284985245,63409
2011-11-08,445.4476623535156,447.941262499006,419.51421530596895,447.0344988097368,36781
2011-11-09,438.5108337402344,452.384304208872,435.6545342522473,447.75980482858415,97765
2011-11-11,427.1309814453125,444.22348078910494,424.5013725475511,437.9668175020923,42756
2011-11-14,427.8110656738281,437.7854655131031,425.453502395056,435.2012113288928,30832
2011-11-15,419.3328552246094,438.87360054355537,414.7083551389812,430.7127278061752,52222
2011-11-16,399.0666809082031,426.1789080337783,389.31897184147306,426.1789080337783,378454
2011-11-17,389.7270812988281,400.6536020041498,387.2788355722654,398.9760833918052,144145
2011-11-18,406.3208312988281,415.2977866549581,381.747528781086,389.9084023179738,70029
2011-11-21,404.4165649414063,412.4867554338181,395.3942560672076,407.13685573697626,29945
2011-11-22,407.0916137695313,412.4868417058247,396.3464573452245,404.4166495255246,42444
2011-11-23,396.6184387207031,411.6707217463144,392.6286839562866,406.23013952059216,21053
2011-11-24,396.2104187011719,401.24294628054326,389.86307265831584,394.4422183774832,42243
2011-11-25,407.1368713378906,412.2147532186444,395.3489441053904,396.2557077386597,20029
2011-11-28,408.9956970214844,418.9247691780369,404.416552063646,418.87944206844566,19324
2011-11-29,418.0633544921875,426.0882180359936,408.9503912114668,409.85715482834365,59565
2011-11-30,411.1719970703125,417.5646698724312,408.1343332425489,417.4286608564304,67856
2011-12-01,422.1438293457031,427.9924662779278,417.11130188103135,424.1840476701212,82333
2011-12-02,426.1335754394531,433.88639334251206,417.1112663271799,425.2721389292334,48490
2011-12-05,428.9446105957031,446.7625416558239,420.0583362987521,429.80604728679657,172387
2011-12-07,415.9325256347656,441.59392760754304,413.4842525442292,441.59392760754304,223946
2011-12-08,413.892333984375,424.36544446148594,408.04369659758265,416.6579524146427,31304
2011-12-09,412.5774536132813,418.2900534405731,403.4644901573085,409.4491080060028,95786
2011-12-12,413.2574768066406,453.29108092883416,411.53463164238576,420.738275893102,68164
2011-12-13,400.1547546386719,408.0436088112473,392.6286280339335,408.0436088112473,110391
2011-12-14,397.570556640625,402.60308412327305,392.2659834437436,402.60308412327305,50442
2011-12-15,383.6063537597656,393.5354268659439,381.2941175049064,392.31129039539394,220125
2011-12-16,372.7705993652344,396.0744121500016,367.8740804368104,385.4199376243102,57900
2011-12-19,360.80126953125,375.4001705885858,358.17166034418216,372.6798794973642,53652
2011-12-20,354.4085693359375,369.0527963853321,353.6378147181315,362.2520691792142,22883
2011-12-21,358.76104736328125,363.61223862501896,345.1142649376439,345.1142649376439,42250
2011-12-22,362.2520751953125,365.38042083097264,352.09631132995605,354.5445842337101,104488
2011-12-23,376.2615966796875,378.9818876950686,364.0656142251698,372.6798691072099,37831
2011-12-26,382.2008666992188,384.4677757543743,345.5676219023517,345.5676219023517,16498
2011-12-27,377.4857177734375,385.1932092343066,373.4959630222576,380.8407545370616,14273
2011-12-28,364.6096801757813,376.30692607847305,362.70547091901017,376.30692607847305,70122
2011-12-29,363.20416259765625,371.5010719880902,355.9047264114847,362.7054536677551,13109
2011-12-30,356.7208557128906,370.4129939490018,350.9175732148438,370.4129939490018,50664
2012-01-02,355.9500732421875,363.5215555413709,351.8243095470618,362.6147918569712,40767
2012-01-03,369.4608459472656,372.22646390372427,358.1716278732548,358.1716278732548,119902
2012-01-04,378.0751037597656,380.7953946293486,366.3325037705072,366.3778308827751,52484
2012-01-05,380.2513427734375,386.2359884075077,378.12044265806463,380.75005171284727,24709
2012-01-06,377.0776672363281,385.1025310275054,372.8612218223223,380.2513399932275,10985
2012-01-09,378.165771484375,380.8407353371832,371.0023441398598,379.02720802605376,66436
2012-01-10,390.8604736328125,393.8981374986605,380.6140551062306,380.6140551062306,89723
2012-01-11,399.56536865234375,402.6030322000103,388.14014193384367,398.4772689524376,41090
2012-01-12,406.8648376464844,411.5346646435176,397.1624560752968,401.0162013682648,35576
2012-01-13,418.6981201171875,422.5518656732201,395.3489558659312,420.73833835273416,40106
2012-01-16,415.9778137207031,421.64508638719775,408.27032289427046,417.111268254002,36075
2012-01-17,431.0301208496094,443.4074395479431,417.11129282628593,427.08569330691455,79309
2012-01-18,432.84368896484375,442.4100356212894,426.1789697544497,431.7102342580501,65917
2012-01-19,449.1653442382813,459.50244350089565,433.6596815082454,437.96680850702046,183874
2012-01-20,444.1781921386719,453.3818379138773,440.6871464522888,449.7547832105663,108000
2012-01-23,433.2063598632813,442.5006878352302,419.0608405373807,442.5006878352302,14867
2012-01-24,435.6999816894531,438.6469638756981,424.36543481928,430.71278106657695,407224
2012-01-25,448.7120056152344,450.1174782285189,436.697387041787,436.697387041787,139379
2012-01-27,455.7394714355469,461.9961358468176,441.5939512412172,449.573461262514,97981
2012-01-30,445.3569641113281,457.0088826254103,442.5006641293655,446.1277187533767,276329
2012-01-31,444.4502258300781,448.8027082307239,435.5639525628039,435.5639525628039,176442
2012-02-01,441.8205261230469,445.9916438589617,435.7905542358026,444.314125808708,186450
2012-02-02,458.6864318847656,463.6282775402167,442.5460211151007,452.4750948874354,101188
2012-02-03,472.6506042480469,476.05096830738535,430.894144668264,439.7804183411084,635086
2012-02-06,454.92333984375,479.5873224946159,451.5229761146176,473.7840129257786,189791
2012-02-07,441.4578857421875,457.008876706792,439.8710493647334,448.30394018745466,89707
2012-02-08,436.1986083984375,444.3141534954602,429.8512633485024,436.1986083984375,146274
2012-02-09,438.1028747558594,443.31676601461805,431.2568199110777,431.3021470270437,160837
2012-02-10,427.8110656738281,445.2209382803636,426.632284034442,437.0600656845931,72144
2012-02-13,422.3251953125,434.33981439546426,417.2926678221135,428.0377955811675,90843
2012-02-14,428.9446105957031,439.00969445268913,422.5519367840658,422.5519367840658,112788
2012-02-15,444.3595275878906,446.7624734629279,422.5518722866257,422.5518722866257,189809
2012-02-16,456.6008605957031,461.9054338974774,440.2337865021576,443.3621324081927,212394
2012-02-17,483.3956604003906,497.5865330947722,456.8274975837665,457.91562498926646,324605
2012-02-21,493.6875,516.7646468817252,489.6523905276848,489.6523905276848,266923
2012-02-22,487.0680847167969,503.2537926675095,483.6677212528272,495.8636472680325,114342
2012-02-23,482.0354614257813,486.9320065342983,459.9104649128311,485.02782529457096,66622
2012-02-24,477.8190612792969,489.6523144769318,462.4494081171022,481.4914425689829,62275
2012-02-27,462.31341552734375,484.80116885290073,456.2834432713554,476.0962053021416,246867
2012-02-28,483.5317993164063,489.47109117394905,463.35630464263215,471.42652464993,109912
2012-02-29,486.5693359375,498.4932996680716,483.5316999508853,489.6523543806433,59325
2012-03-01,480.9928588867188,489.96978711541567,475.1442214281087,476.05098520946007,32075
2012-03-02,473.5119018554688,483.2596092969772,469.7034841582683,481.53673654162793,105267
2012-03-05,470.2930603027344,476.05098821285446,460.6360038326287,461.49744049924107,38803
2012-03-06,476.2322082519531,479.6778985335874,462.4947188877376,462.7667645450622,80356
2012-03-07,459.6384887695313,478.4991892977516,457.9156433685314,474.96278892405184,178870
2012-03-09,462.630859375,474.0107329518178,458.2783769310699,466.9833141466976,90763
2012-03-12,456.1021423339844,469.7035978707831,453.38185122662463,466.98330676342334,576843
2012-03-13,461.6333923339844,466.9379653655379,456.1021283837511,460.635946757347,92798
2012-03-14,463.26556396484375,466.9833006305234,460.6359547967105,464.2630095588893,47008
2012-03-15,451.0243225097656,464.2630799329251,444.3142757170572,461.4974613264378,45488
2012-03-16,449.1653442382813,466.8018792404547,446.26368971758353,456.5101347601117,41320
2012-03-19,440.9591369628906,455.195336853701,440.0070462315905,455.195336853701,62752
2012-03-20,425.3628234863281,442.45532341086783,423.4586143328266,436.7880507351073,69215
2012-03-21,441.6391906738281,446.1276814647736,427.9924098605145,427.9924098605145,78626
2012-03-22,435.4732666015625,451.5683222646083,427.9924660821187,444.3142126699961,95820
2012-03-23,429.39794921875,447.9412783910795,427.67510368246167,438.8736411766852,160480
2012-03-26,435.6092224121094,440.596422149216,420.7383050940915,429.3978862959944,73274
2012-03-27,435.8813171386719,443.13542666344455,428.5365257103932,439.7803899393445,60364
2012-03-28,426.9949951171875,438.828277293904,425.2721497252413,435.2465498254069,30967
2012-03-29,420.2396240234375,430.7127330961464,418.4714238397296,426.17891485302897,40632
2012-03-30,421.1917419433594,427.9017878413798,418.9248326756341,420.2849782362693,78897
2012-04-02,426.1789245605469,434.0677795521559,418.108733438421,418.108733438421,44570
2012-04-03,438.5108337402344,440.5056968351054,426.7229082508314,430.71266211279953,50407
2012-04-04,433.75042724609375,443.31677334048686,430.259381419832,443.31677334048686,49714
2012-04-09,426.2242736816406,437.87619296791,424.4107462494503,432.0729107193475,39212
2012-04-10,420.14892578125,432.52624356906347,418.9247893687785,424.4106981606684,23359
2012-04-11,409.5398864746094,423.4133899543791,407.998404536126,423.4133899543791,55591
2012-04-12,403.6459045410156,416.02322501472327,401.4243498095599,410.3106240798537,58884
2012-04-13,394.4875183105469,410.5372461246778,389.9990548071661,408.0436460653893,112198
2012-04-16,397.0264587402344,402.78441329342365,394.4421768745414,398.9306678871781,46412
2012-04-17,394.4421691894531,398.9759872261135,385.4652150113114,398.9306601146386,142204
2012-04-18,402.5123596191406,414.390968405472,390.9511236297101,390.9511236297101,108208
2012-04-19,405.8220520019531,408.0436339668871,400.8802068161366,403.5098158116994,26306
2012-04-20,401.5149536132813,411.48935427160086,399.88279002899446,411.48935427160086,25608
2012-04-23,395.1676025390625,407.9529760218157,394.44220266053344,400.7895484504731,26312
2012-04-24,398.29595947265625,403.2831598758426,389.9083951582065,400.7895596742494,25066
2012-04-25,396.5731201171875,405.1420207033,392.6286923844217,400.7895658981856,30592
2012-04-26,398.7492980957031,403.5098070553448,391.8578891149188,391.8578891149188,23343
2012-04-27,406.3208312988281,412.39613166183824,394.8049209056599,404.4166219391077,53165
2012-04-30,403.6459045410156,411.62544267342366,400.0188493005308,411.62544267342366,9317
2012-05-02,402.2403259277344,407.9529253603709,399.92806221663625,403.5097893936282,8648
2012-05-03,391.3138122558594,401.5149025406548,388.140139722812,394.7141756841245,15591
2012-05-04,386.1906433105469,392.17528909476295,379.5259247706752,391.7219072576592,46499
2012-05-07,377.1683654785156,385.46524765376535,368.1460557526312,385.46524765376535,109900
2012-05-08,388.72955322265625,402.60302476387136,379.88860842209823,385.3745169473994,70738
2012-05-09,384.8758239746094,398.0692233846392,379.027187641866,389.0015873166519,36566
2012-05-10,390.31640625,394.0341149061359,386.0546062222252,386.0546062222252,18982
2012-05-11,381.5208435058594,388.0948806191511,380.8407707010361,388.0948806191511,260703
2012-05-14,387.8228454589844,394.4422093983864,370.0955985252119,385.873281366701,66011
2012-05-15,382.0649108886719,387.8228662249445,374.5841099650399,387.8228662249445,23556
2012-05-16,385.6919555664063,387.6414920387041,375.9895726499947,377.48572726025895,84042
2012-05-17,383.8783874511719,391.6765601864773,380.8407237629028,385.6919147071857,30466
2012-05-18,384.5584716796875,389.0016080554316,377.57638046621054,383.3343352108012,41682
2012-05-21,390.7698669433594,392.1300126303572,380.7954652387089,384.5585294382892,12911
2012-05-22,397.0264587402344,399.8827586245351,389.00159512454775,389.0469222369058,21847
2012-05-23,391.1325073242188,396.9811162837505,385.3745525922183,395.3942798907237,16741
2012-05-24,388.638916015625,392.1752888080024,385.3745612564185,390.8151432976856,223787
2012-05-25,394.1248474121094,398.5679841287571,388.36689222573455,388.36689222573455,10432
2012-05-28,401.7416076660156,403.5098077802365,390.9511262058889,390.9511262058889,13471
2012-05-29,407.27288818359375,409.8571701225738,403.50982456757816,408.0436428211465,17487
2012-05-30,403.3285217285156,405.3234131304902,401.2429760855524,403.7365765019033,79933
2012-05-31,406.0033874511719,410.6732142905365,397.162442665803,401.6962605044537,12369
2012-06-01,396.8450927734375,412.3960833225748,394.8955565248103,408.0436290153034,14190
2012-06-04,392.946044921875,396.0743630038636,385.3745626852595,393.53543577741794,7996
2012-06-05,398.1145629882813,403.056435869294,391.7672175415207,394.4875084472752,11249
2012-06-06,403.373779296875,405.8673791121985,395.3489161749336,395.3942432845028,10403
2012-06-07,416.9752807617188,418.65279909201246,405.6407348438305,407.49958930547166,116187
2012-06-08,419.6048278808594,422.5518093840745,408.5876564109775,417.1112281473696,143202
2012-06-11,412.8042297363281,426.0883141868062,410.4466382659898,420.37571318027193,22613
2012-06-12,418.3354187011719,420.7383368578319,406.6835001740035,411.67070028762,23193
2012-06-13,412.3054504394531,419.7862506919429,408.6783957715792,412.6227955851072,37034
2012-06-14,409.857177734375,415.3430868541839,409.857177734375,415.3430868541839,20050
2012-06-15,411.4893493652344,418.9248226543999,409.85718580040856,409.9478677033948,22762
2012-06-18,410.1291809082031,417.0659448514808,407.1368719825685,410.7639265213887,21466
2012-06-19,412.9855346679688,414.3910073219404,407.0008887651968,412.4867980339359,12612
2012-06-20,420.9649963378906,421.6450690298743,404.7339336236595,409.1317425662663,35996
2012-06-21,425.13616943359375,428.4458514287023,421.6451236282467,421.6451236282467,23397
2012-06-22,427.0856628417969,430.7127173032983,421.6904082614216,421.78109015740506,27199
2012-06-25,427.8564453125,429.8059816780704,418.29007194396365,418.29007194396365,23253
2012-06-26,435.0651550292969,437.7854457718866,426.450901011096,429.7152554366493,103798
2012-06-27,433.8864135742188,435.2465590713166,427.99244975346136,435.2465590713166,11798
2012-06-28,433.8864135742188,438.3749047835341,429.533959052398,434.9745410407895,216475
2012-06-29,435.24658203125,441.5032461135027,432.0275819205368,435.24658203125,116907
2012-07-02,452.3390502929688,456.5101685985669,433.433022741453,436.1533136791609,166856
2012-07-03,459.6384887695313,478.7712073239298,452.2030434409449,459.6838435553813,128919
2012-07-04,455.7394714355469,466.98333652818656,453.971271034168,463.8096633673154,54600
2012-07-05,451.7496948242188,460.5906410639105,449.074730790496,456.10214959640473,16750
2012-07-06,441.6846008300781,451.7496833667448,435.382582088624,451.7496833667448,83457
2012-07-09,440.0978088378906,444.3142549061242,434.3398532653745,436.1533808364199,85848
2012-07-10,443.6794738769531,445.6290379984578,435.246582411621,437.105436955111,55914
2012-07-11,456.2834777832031,459.094422948309,437.0600774171261,437.0600774171261,144095
2012-07-12,457.2949523925781,459.4099469424301,450.6281748212374,459.4099469424301,43205
2012-07-13,455.4098815917969,457.89269277705785,449.6626594616631,452.9730650211418,11438
2012-07-16,452.9730529785156,455.1799806052925,446.9499475086994,451.7316474188888,30628
2012-07-17,450.306396484375,453.1110298887794,444.1913291864727,448.0534739996099,21790
2012-07-18,453.2029724121094,455.1800112930827,442.3062331959047,443.31774994463336,23861
2012-07-19,470.21478271484375,473.01944425791953,452.3294142694216,452.8811532666341,99934
2012-07-20,477.2494201660156,485.0656438103531,473.0194862909357,474.53671955852366,103139
2012-07-23,468.1457214355469,476.2837934103425,464.5134659019183,468.78939346279503,20775
2012-07-24,466.3985900878906,469.8469234292465,465.4330399147459,467.042262140712,9120
2012-07-25,470.9504089355469,482.444853592519,457.0191195612096,457.0191195612096,189698
2012-07-26,461.8008117675781,477.203367341229,456.60530042249866,470.7664784447779,272766
2012-07-27,442.398193359375,463.4100438898257,425.4323817520211,461.616899291042,172262
2012-07-30,447.31787109375,454.7662496405489,432.3750913160412,432.3750913160412,233161
2012-07-31,444.5591430664063,447.5017039967435,441.3866651853433,447.5017039967435,15674
2012-08-01,441.3866882324219,446.9040218353272,439.5016104764732,440.51309918691794,17584
2012-08-02,451.4558410644531,460.743330339343,441.4326623963191,445.5706626698242,22745
2012-08-03,452.7431640625,459.3179803915188,442.8119476489028,451.5017585029744,13156
2012-08-06,450.16839599609375,457.1110570467511,446.0303961339855,453.3408737820865,11281
2012-08-07,466.7664184570313,468.9733462385733,450.1684233849437,450.5822346213743,45228
2012-08-08,461.8008117675781,469.0193004370829,460.6973338745717,468.0537783276587,13087
2012-08-09,467.3181457519531,471.2722234258977,453.340890046766,457.0650788312345,33399
2012-08-10,460.513427734375,470.168761418628,456.7432722696591,466.03076126823385,11184
2012-08-13,459.9617309570313,465.2951423118462,456.145552695492,462.3525531117074,59675
2012-08-14,457.0650634765625,491.8242511725952,453.2489136519818,468.78939644597295,8097
2012-08-16,453.3868713378906,458.85823831032206,450.5822380201559,457.9386827225258,3977
2012-08-17,459.088134765625,461.6169126736981,452.6512455450754,459.2260624935434,11779
2012-08-21,467.8239440917969,473.11138916015625,455.6857981011272,458.8582763671875,82181
2012-08-22,457.2030334472656,466.5365167236328,455.18,461.6168888888889,10226
2012-08-23,459.54791259765625,463.36406273757103,456.1455456415241,459.4099848697288,57180
2012-08-24,457.984619140625,464.2835801150677,452.5132805908274,453.6627249999371,58854
2012-08-27,458.9041748046875,459.7777637809143,452.6512084423101,452.6512084423101,6691
2012-08-28,455.6398010253906,457.9386900315732,446.076428372193,453.8926509932138,14487
2012-08-29,453.57080078125,459.7778010960466,450.81213397467377,459.7778010960466,6662
2012-08-30,446.5822143554688,454.9961432898568,445.1109196418471,447.50177004365565,5943
2012-08-31,446.9500427246094,450.5822990131279,444.1913755877943,446.07648163551926,19181
2012-09-03,446.3062438964844,454.1224652324557,444.14528297343,446.9039493273023,3239
2012-09-04,449.7546997070313,452.3754390716891,443.6856264579849,443.6856264579849,7970
2012-09-05,448.5591735839844,452.6512068926686,443.3636904835682,443.3636904835682,23294
2012-09-06,446.3062438964844,451.4097654261059,436.42102279510885,436.42102279510885,27232
2012-09-07,457.2489929199219,458.8582151172268,441.6165487175314,441.6165487175314,92518
2012-09-10,446.1224365234375,454.90421018342784,444.3752863283576,452.65128752226383,10917
2012-09-11,452.2374267578125,454.2604602755816,442.3062376367505,445.0189378452213,6996
2012-09-12,454.6282653808594,455.1800043319653,446.1683710268002,449.66267094612334,10555
2012-09-13,452.2374267578125,457.93868262599113,450.582237925172,454.2604602755816,8225
2012-09-14,462.1686706542969,464.3755985795786,454.26048653131056,454.26048653131056,21423
2012-09-17,469.2032470703125,472.6515805862628,457.938690918208,459.7778021267149,20337
2012-09-18,478.1689147949219,480.37587069790953,463.0422138614616,463.0422138614616,21747
2012-09-20,474.2607727050781,478.16888377438806,468.97332831718825,469.57103380938463,8526
2012-09-21,510.7211608886719,525.9857601492098,456.0995402692448,482.5827281566096,126224
2012-09-24,514.67529296875,523.7788599533684,495.4565580147426,510.3533703193795,47335
2012-09-25,512.46826171875,524.606405373109,503.9164069140469,517.7097392200883,51142
2012-09-26,521.7097778320312,526.7213664106254,500.23817987744985,514.9510675209043,34275
2012-09-27,514.67529296875,523.2731155862043,508.8821037739526,509.5257478093137,30911
2012-09-28,516.2846069335938,520.4685745320828,510.62931640333824,519.5030521824671,23831
2012-10-01,515.5027465820312,520.4683683057027,513.1119249374242,520.4683683057027,18765
2012-10-03,516.9740600585938,523.2270255892764,513.2498718923584,521.203992472677,13879
2012-10-04,513.9396362304688,523.2271251405206,510.9510805947804,518.6293472394616,24013
2012-10-05,533.250244140625,537.8480215306107,509.4337348104142,514.9970342272544,68750
2012-10-08,535.2273559570312,551.5494687780636,532.0089111754193,533.2503449806034,192450
2012-10-09,527.7789916992188,544.285027315781,524.6984465081184,537.4802928602746,305015
2012-10-10,516.790283203125,526.9053955078125,511.27294921875,526.9053955078125,20365
2012-10-11,533.0203857421875,542.3538407022947,510.3533194636698,518.6752857902416,59572
2012-10-12,518.3994140625,534.2617464661863,512.05445865094,534.2617464661863,119508
2012-10-15,520.3305053710938,531.5031281799819,517.7097944036848,524.1466834992901,88807
2012-10-16,518.8591918945312,524.6523803308719,513.1119700082382,521.3879695245001,32602
2012-10-17,515.7787475585938,524.1466808911546,511.7326805542588,519.7787918837283,190725
2012-10-18,519.9627075195312,523.1811520098146,515.2269738908843,522.2615964411622,13089
2012-10-19,530.8134765625,541.434332646762,519.5029537698416,519.5029537698416,115593
2012-10-22,524.5604248046875,540.1469011190014,522.3075026965352,525.9857245465108,65327
2012-10-23,522.1235961914062,533.0203624270922,521.3879630241748,521.8017742198716,24965
2012-10-25,544.3309326171875,551.7333437541791,518.4454207893,528.2846766446265,69045
2012-10-29,539.3193969726562,554.4920654296875,537.9400634765625,544.2850200086832,67338
2012-10-30,522.0776977539062,535.3193209924686,519.5489198255518,531.916954009275,61580
2012-10-31,537.8021240234375,540.6987469033671,511.27296475896617,521.8478552171102,55562
2012-11-01,535.3192138671875,537.5261132151678,531.1351917773821,537.0203689557479,10891
2012-11-02,533.6180419921875,542.8595634826939,529.2041868456246,537.480186292385,18874
2012-11-05,531.0433349609375,539.7791127654897,528.2846682858158,537.480223869555,20999
2012-11-06,527.4110717773438,537.848060891541,524.1926273688207,537.342260441457,46146
2012-11-07,542.6757202148438,544.3768755006972,527.4110646929042,533.9399426519103,25032
2012-11-08,543.8250732421875,545.7561170867675,535.4111190796468,542.5376732623299,10732
2012-11-09,547.9171752929688,550.7218647397855,537.0204640126624,537.9400196017252,34186
2012-11-12,533.4342651367188,553.8024473352119,529.7560421573235,547.1356681850579,52258
2012-11-15,532.8823852539062,540.0089400178713,528.2846079868319,534.905418476461,26007
2012-11-16,527.45703125,539.3193200751405,499.6864990550843,533.3422091109659,54513
2012-11-19,520.5604248046875,533.3422706372908,518.5834138559067,524.1926808038997,46377
2012-11-20,514.7671508789062,529.6639610072785,511.7326289940113,529.6639610072785,23779
2012-11-21,518.5374755859375,519.5489643939595,509.4338518128382,510.3993740614457,14555
2012-11-22,529.7559814453125,533.8480152659732,517.893747371356,519.5489362973473,15573
2012-11-23,518.67529296875,532.0088483464825,512.4682930515297,521.6638484844486,7833
2012-11-26,524.192626953125,528.7444381237555,519.5488826781249,519.6868384598959,12654
2012-11-27,524.4224853515625,529.7558959749231,519.548852473754,524.1466299292739,25538
2012-11-29,544.8366088867188,546.2159420737738,524.4224664932628,533.2961991134009,68217
2012-11-30,542.2619018554688,550.813756974097,537.020424161724,544.5148241065327,39233
2012-12-03,556.7448120117188,635.4127629756284,550.8136686286562,553.5723347486661,226880
2012-12-04,564.2392578125,574.6302803315896,547.59532496149,559.5035804489199,92763
2012-12-05,552.2391967773438,569.2050116617753,547.3655625067395,569.1590450991263,37191
2012-12-06,555.549560546875,565.4347836446825,547.227537131799,554.8138711370931,570408
2012-12-07,559.5956420898438,569.2050109307644,556.3312303927503,560.0094534036115,42307
2012-12-10,565.3426513671875,571.0898726443531,555.4114642252869,560.9287966513658,81912
2012-12-11,568.5150756835938,576.331295891132,565.5265208983585,574.7220740836976,35488
2012-12-12,565.7564697265625,574.4003130875434,560.9288037922846,560.9288037922846,51812
2012-12-13,564.698974609375,574.4003294248294,560.9288197464094,574.4003294248294,20857
2012-12-14,555.6414794921875,569.7566357102086,552.6988903037591,560.9289242701437,52844
2012-12-17,562.0324096679688,566.9060432592653,549.020675113876,554.9518201248444,52360
2012-12-18,556.0553588867188,562.8140710245447,549.8943242958171,562.8140710245447,37066
2012-12-19,564.1014404296875,567.0440298166932,550.8138496920384,560.5611174034437,93058
2012-12-20,558.8598022460938,564.5610570316879,553.5723586213878,553.5723586213878,15370
2012-12-21,546.261962890625,557.0667405959681,542.5377741406352,547.1355518875897,34812
2012-12-24,541.3883666992188,554.2621452704104,537.9400331533639,550.8138117245555,17985
2012-12-26,557.2506103515625,560.4690544707547,539.7790565616621,544.3308673267047,90218
2012-12-27,568.1473999023438,571.0440224663914,557.3426216994773,570.1244668746581,66389
2012-12-28,567.9176025390625,571.9177036829541,557.4806673407942,571.9177036829541,22072
2012-12-31,567.2738037109375,574.2624029784442,561.848403874827,574.2624029784442,75884
2013-01-01,562.6759643554688,571.0438959360104,559.3655312836142,568.2852297720683,9096
2013-01-02,570.4921875,582.9521518333505,565.066788238514,567.3197101733754,46021
2013-01-03,568.4232177734375,578.4003718488867,563.4116293996253,571.2738171877916,28207
2013-01-04,567.2738037109375,570.032470178408,561.848403874827,561.8943704242422,12452
2013-01-07,581.1130981445312,583.9177311399246,567.3657324619425,568.0553990735251,65338
2013-01-08,567.5496826171875,581.1590931948077,565.7105715627736,570.400282301443,49451
2013-01-09,569.710693359375,579.2281280391876,566.6761709307539,574.3084716225048,42337
2013-01-10,567.5956420898438,573.4347971647,562.9518979604052,570.6301640667392,36109
2013-01-11,560.3311767578125,573.8026886120124,557.2506879789735,571.9176108760712,5927
2013-01-14,552.9747314453125,564.6071321057217,551.0896537113714,556.3311317979831,9867
2013-01-15,552.1011962890625,564.6071298086786,542.5377957444957,564.6071298086786,29959
2013-01-16,543.0894165039062,560.6069924099552,538.1698173854093,560.5609697381186,39984
2013-01-17,554.124267578125,557.2507795504465,540.6068430733711,540.744742759509,16740
2013-01-18,542.6296997070312,558.5840219424488,538.9514775605671,552.0551439573455,11184
2013-01-21,538.0318603515625,548.6527704822189,529.6639283776248,542.6296375076183,178812
2013-01-22,529.7098999023438,543.3193091871278,525.5259338760541,542.5377095133366,37007
2013-01-23,530.9053955078125,535.6411292291968,525.0662399826118,533.3882068168372,6866
2013-01-24,522.813232421875,540.4227414885071,515.8706000983562,530.6294536354865,26870
2013-01-25,535.6871337890625,539.7791676650602,514.9511650637712,514.9511650637712,29722
2013-01-28,527.549072265625,539.7791508293898,526.9053721043277,539.7791508293898,9292
2013-01-29,528.7444458007812,537.0204458220109,526.0777122327426,526.123734910812,37254
2013-01-30,529.7098999023438,533.3421551148056,524.1466007162744,524.1466007162744,14910
2013-01-31,535.4571533203125,540.1469200182488,521.3419989272393,524.1925985106258,22289
2013-02-01,535.5951538085938,545.1125315228808,519.3649755226414,525.3420867369827,50957
2013-02-04,532.3766479492188,539.2733139401183,526.2156151056395,535.6410586265356,30161
2013-02-05,533.802001953125,541.5262910981409,527.8248908201443,533.3422241736649,21177
2013-02-06,535.7329711914062,538.8594821042107,533.3421495229389,536.2387715781904,335590
2013-02-07,535.1812744140625,537.7560184611154,530.583497142464,532.4685745987772,58841
2013-02-08,537.4342651367188,548.974676337189,529.6640093303531,535.1813427608777,38994
2013-02-11,535.779052734375,540.2388746108636,531.0892858498578,532.4226525952171,235289
2013-02-12,527.3651123046875,538.8135902223088,525.9857789682324,534.0778566503925,79331
2013-02-13,527.3651123046875,536.3307789916461,525.9857789682324,527.6869342997735,105740
2013-02-14,526.3536987304688,530.3537435267443,520.6524422347418,527.1352986158754,10025
2013-02-15,526.9053344726562,530.2617347077784,521.3880011273928,526.4915232467181,11732
2013-02-18,532.5606689453125,537.9400469648725,521.5260013152639,524.1467124273116,28425
2013-02-19,535.1354370117188,537.9400705991997,526.6755135652847,536.6067036436098,5647
2013-02-20,529.5260620117188,537.9400180778964,527.9168397354173,535.1353847642436,7332
2013-02-21,528.88232421875,534.1697679033016,525.0661467615553,526.721335298634,366902
2013-02-22,529.0662231445312,531.411134519484,526.8593236669219,531.3651118452987,10720
2013-02-25,540.7445678710938,544.3768231016281,527.2731142853435,536.2387798685206,42491
2013-02-26,534.1698608398438,547.0896055613933,522.3075713640584,547.0896055613933,27386
2013-02-27,548.3309936523438,551.6414274910821,533.2503154710457,549.8942493990908,44562
2013-02-28,533.847900390625,556.3310421625675,530.583489798019,556.2391090684924,541459
2013-03-01,540.0551147460938,549.8943731155148,530.123923245977,541.5724042791977,15346
2013-03-04,537.8480834960938,543.6872390040198,526.0777271214977,543.6872390040198,145545
2013-03-05,539.9169921875,542.537702708125,533.4340815176846,542.537702708125,46731
2013-03-06,542.5377807617188,546.2160030041711,539.0434808564326,541.296403204978,24314
2013-03-07,546.5377807617188,549.8941807363653,542.5377368469155,549.8941807363653,21500
2013-03-08,545.9860229492188,551.733244243421,543.4572455797697,550.7677222910366,162044
2013-03-11,540.6526489257812,549.2504701061106,538.9054710855589,545.664237454113,4915
2013-03-12,538.6296997070312,543.4573666698344,535.1813661621719,542.3538887104353,5151
2013-03-13,533.4342651367188,538.8136999192216,530.5836647777788,538.8136999192216,3830
2013-03-14,545.5264282226562,552.5610518963514,529.4801697620687,533.3423149922303,30935
2013-03-15,533.250244140625,546.0320316096578,530.6294773532057,542.8135874366678,23070
2013-03-18,543.8250732421875,549.6642274450131,526.9052318293476,528.8362756739276,67998
2013-03-19,533.7560424804688,550.2160535283496,528.8363864998568,550.2160535283496,16184
2013-03-20,532.0089111328125,545.2965015265911,528.744499793912,545.2965015265911,37177
2013-03-21,516.836181640625,533.2962483079439,513.1119929170766,533.1123259743282,12667
2013-03-22,530.8594360351562,533.0663919226674,516.2385356873585,532.422691778375,73154
2013-03-25,516.2385864257812,532.9744550709477,510.3534075641408,522.3535980845228,65918
2013-03-26,505.01995849609375,518.1695926570219,492.8818130686135,517.2040704795995,32076
2013-03-28,518.2615356445312,523.2271585447814,498.3991562939746,505.80156796222633,182608
2013-04-01,520.97412109375,528.5604534415216,512.836077934406,513.1119333401922,3182
2013-04-02,522.9052124023438,528.284589163059,519.5488126668901,519.5488126668901,89806
2013-04-03,533.802001953125,537.7560796314381,517.709779672023,517.709779672023,12672
2013-04-04,526.6295166015625,533.3422614254944,521.5259941181387,528.6985167536442,9818
2013-04-05,525.52587890625,532.284588232128,521.3419133176016,525.0201346922734,6092
2013-04-08,524.5145263671875,528.0547929074241,520.4684593567297,525.0662372662415,2663
2013-04-09,526.8132934570312,533.204158372713,521.3878943287486,521.479827415585,5614
2013-04-10,524.7904052734375,533.2503282301187,508.5142595212222,526.8134388690905,26392
2013-04-11,524.6524658203125,533.1583555980175,517.3880098474604,519.5489431787341,47419
2013-04-12,513.25,531.3652011048987,512.1924885699195,519.5029670914287,15145
2013-04-15,506.4912109375,516.7902448354206,504.2843111827295,509.4797666238258,29385
2013-04-16,518.2615356445312,522.5374918155924,501.15782321073095,501.15782321073095,14267
2013-04-17,527.962890625,533.2963020863868,514.9511559312903,519.5489341092482,58939
2013-04-18,536.0089111328125,546.2159544991254,524.1466230042113,524.1466230042113,142684
2013-04-22,534.0779418945312,540.2389763391033,519.5949395501212,519.5949395501212,17864
2013-04-23,533.4342651367188,537.6642552381605,528.7905198502779,531.3652647108089,4107
2013-04-25,533.2963256835938,540.606804535064,517.1581347899257,534.2618479186428,170403
2013-04-26,530.3997192382812,537.0205315370712,524.7444853295933,524.7444853295933,13998
2013-04-29,526.0776977539062,537.7100976914606,520.606387235072,532.4226533789752,40807
2013-04-30,527.9168090820312,537.0204313094524,520.468431714298,520.468431714298,6733
2013-05-02,530.0318603515625,534.0778712405647,522.3535375604055,525.0662377545841,29512
2013-05-03,531.824951171875,533.3422403401717,524.1466844722377,524.1466844722377,21826
2013-05-06,533.9400634765625,535.7331522713796,524.4226278818113,524.4226278818113,37301
2013-05-07,539.2273559570312,542.4458001372399,527.8708121031679,527.8708121031679,14358
2013-05-08,532.4227294921875,542.3539194390178,529.0203623101115,529.0203623101115,9441
2013-05-09,532.1007690429688,537.8939569945193,529.2041470045889,537.8939569945193,13114
2013-05-10,531.0433349609375,534.215812862371,525.2961127211005,525.2961127211005,54034
2013-05-13,530.8134765625,535.1813657156778,522.3995202699747,527.8249208261152,16841
2013-05-14,529.98583984375,534.2617957711801,528.3766175673309,528.3766175673309,57787
2013-05-15,547.0895385742188,549.8941715350995,529.0662176715198,529.0662176715198,36504
2013-05-16,561.2047119140625,567.3657450054529,541.6181909371342,541.6181909371342,59690
2013-05-17,564.055419921875,572.1015313139163,553.0667194242719,555.4115749477659,97955
2013-05-20,551.043701171875,566.4462576919066,546.3999565505812,565.5267020787703,76576
2013-05-21,536.974365234375,560.2850712270305,534.4915545302258,551.5952618251109,13848
2013-05-22,543.0894165039062,551.6413269345041,532.4685624734138,537.0203730936847,24365
2013-05-23,548.6067504882812,556.1471162860597,528.7443755272543,538.215785289918,373851
2013-05-24,541.2044067382812,550.7678068908887,534.2617735735139,550.7678068908887,10187
2013-05-27,536.6986694335938,551.4575261672322,528.7444907316292,533.434202025421,16674
2013-05-28,535.3192138671875,542.3537792032118,533.3421472505715,540.2847794940501,5528
2013-05-29,536.14697265625,541.6183406330216,528.7445600407257,533.5722277628366,17043
2013-05-30,533.9400634765625,536.1009970178811,533.3423297948046,534.1699524118189,6881
2013-05-31,534.3998413085938,539.2275089486302,529.664106792562,529.664106792562,25414
2013-06-03,533.4342651367188,536.1009992468718,531.5491870848243,533.5262543863408,8010
2013-06-04,533.6180419921875,540.1928862249769,532.8824088219625,537.0204085453428,6743
2013-06-05,533.9859008789062,538.8595339024693,530.5835342350252,538.4457226940541,24799
2013-06-06,536.2388916015625,539.3193805321775,532.4686798187023,532.4686798187023,24139
2013-06-07,551.917236328125,556.1471692853602,533.8479478445909,533.8479478445909,61956
2013-06-10,560.6070556640625,565.526655337645,551.5034333963457,551.7333222806293,67134
2013-06-11,541.7561645507812,568.2853192196037,529.5260310654619,552.3770197286287,44215
2013-06-12,548.4230346679688,556.055335651858,534.1699215067059,534.1699215067059,77541
2013-06-13,547.0895385742188,548.5148383289078,536.1008394731823,548.4229052319131,24570
2013-06-14,563.3658447265625,565.5267782584343,540.7447399210882,540.7447399210882,329174
2013-06-17,562.5380249023438,565.5265799999042,549.8941379511264,561.0207360181143,102251
2013-06-18,557.4345092773438,560.0092532396105,553.5723652713391,555.3655095732565,6725
2013-06-19,553.5264282226562,559.5495053460388,547.917106161973,552.055105790662,9911
2013-06-20,534.0317993164062,559.5954282480519,529.2041334594779,553.5723515944495,16858
2013-06-21,540.6067504882812,542.6297278736719,533.4341720301918,539.1354278781932,21431
2013-06-24,546.3079223632812,549.8942114095166,522.9512453865684,534.3077338242873,43738
2013-06-25,543.2273559570312,550.7677215093646,533.7099799574229,546.39983333197,28684
2013-06-26,549.80224609375,552.9287010628581,536.4686915815688,544.3768462904326,21939
2013-06-27,554.124267578125,561.8485582596087,545.6183769661751,548.3770441916723,149616
2013-06-28,550.0780639648438,558.8598070087172,542.9974759994201,542.9974759994201,75138
2013-07-01,551.2276611328125,558.1702952606805,545.3424823570747,551.733405529503,578887
2013-07-02,551.7333984375,555.135765619576,546.9516977593303,551.7793649956584,47645
2013-07-03,550.35400390625,556.3311150597849,544.698714749357,556.3311150597849,6236
2013-07-04,545.7561645507812,555.8712745930029,541.0204314900203,555.8712745930029,28278
2013-07-05,567.08984375,570.1243654377721,546.3538800708133,547.319402045303,117413
2013-07-08,573.9405517578125,577.2049623529138,559.4575535416838,568.285263337621,109041
2013-07-09,575.963623046875,588.4696127829288,572.8831342613679,573.9406456430777,195949
2013-07-10,568.9290771484375,579.2281113868032,557.6185541713519,576.6073441770307,85657
2013-07-11,571.3007202148438,579.392414540859,567.3478865788436,567.3478865788436,29273
2013-07-12,556.41943359375,575.6255763236618,553.3966786264626,568.3244264191082,11681
2013-07-15,558.977294921875,559.9073736155885,551.0716260253093,551.0716260253093,8827
2013-07-16,554.373291015625,562.5114780733044,547.2582243914037,558.9771910474669,6425
2013-07-17,561.7208862304688,571.9982416579815,555.3033222756055,560.2327266632265,42405
2013-07-18,567.6268310546875,570.696078393551,558.4190890380969,561.7208559748665,61260
2013-07-19,562.7904663085938,567.3478735738037,560.7443390637914,564.557638129998,27532
2013-07-22,563.1625366210938,567.3478899072951,558.0471048268477,567.3478899072951,6520
2013-07-23,556.41943359375,564.5576200441392,553.3966786264626,560.8837988073238,92027
2013-07-24,551.9086303710938,558.0471260506553,546.4211442579333,558.0006334769822,7618
2013-07-25,561.0233154296875,569.9520455727137,522.7970582300547,565.4411879336031,263733
2013-07-26,550.2345581054688,560.3724390458294,544.0960611482327,556.1870847293045,16995
2013-07-29,557.8610229492188,565.3016502823659,538.1433491628823,538.1433491628823,636903
2013-07-30,549.3043823242188,557.8146239713365,546.886200742219,553.675762969364,93265
2013-07-31,540.980224609375,551.9551404155916,530.7958528830907,546.8862008400217,52673
2013-08-01,551.4436645507812,555.8615382204691,532.3305025237129,532.3305025237129,15205
2013-08-02,550.653076171875,558.0472130989355,544.6540572775618,545.9561901484585,18305
2013-08-05,542.32861328125,554.3266455993661,541.910123476235,544.095784690653,116058
2013-08-06,525.6338500976562,539.9105313638503,522.2390411038793,534.8415925410463,208984
2013-08-07,516.6121215820312,527.3545170574824,514.4264030152159,527.2149825734882,44563
2013-08-08,524.3782348632812,530.1447327839014,503.4049765250643,511.54316321253646,57286
2013-08-12,531.16796875,537.5855350414058,516.1937230933913,528.4707743474917,8137
2013-08-13,539.8641967773438,547.0723067558687,528.7497448763119,533.8186851824519,15936
2013-08-14,551.4436645507812,603.6210550794651,539.4456270355774,548.6999211287389,169955
2013-08-16,551.6295166015625,561.7673946086124,536.3297712186766,549.6763745259767,31045
2013-08-19,546.2816772460938,556.1870376639979,539.4456218145799,551.6296295313244,13463
2013-08-20,524.8897094726562,539.5849932465907,523.1690871818055,539.5384439137467,109742
2013-08-21,518.7977294921875,533.8185186291869,512.4732076119967,520.8904059298045,17728
2013-08-22,507.8228759765625,516.1935827234289,498.7081177612501,516.1935827234289,175738
2013-08-23,501.2658081054688,516.7981300736016,496.2898541774146,511.543163955069,15585
2013-08-26,520.9369506835938,531.074829148413,502.42842239723245,502.42842239723245,30847
2013-08-27,520.053466796875,529.8657845771479,505.9627534380644,505.9627534380644,44936
2013-08-28,515.0775756835938,531.0749407695565,502.2425009029081,531.0749407695565,20548
2013-08-29,507.3579711914063,515.821665327378,504.1026954825705,506.9394243896267,7952
2013-08-30,502.6144104003906,511.07810147579926,500.3821994430937,507.5438147663149,8450
2013-09-02,504.9861755371094,513.40337531882,502.2424323771065,510.6131395833916,7007
2013-09-03,495.7783508300781,513.4033503898956,492.941622656965,511.5431933232656,4065
2013-09-04,509.218017578125,513.5429056398945,497.5920354416381,505.0326640089897,7255
2013-09-05,505.26507568359375,518.9837316731621,502.2423209740278,509.6829479514208,5649
2013-09-06,514.7054443359375,516.1470546006641,499.4986273993478,505.2651252257385,177930
2013-09-10,535.5857543945312,546.8862324141687,509.6830873519803,515.2635591113086,32390
2013-09-11,544.0029296875,545.9560718029694,531.3538282053383,531.3538282053383,11712
2013-09-12,535.957763671875,544.0959509727495,534.7951654860358,536.6553225833785,92064
2013-09-13,555.7219848632812,563.6276532671941,533.8651369230518,541.3522585873761,17634
2013-09-16,559.9537353515625,564.5576351631445,545.0259871591477,564.5576351631445,37560
2013-09-17,557.6751708984375,559.9073825057925,552.5132454198657,558.9773037973112,34909
2013-09-18,556.0474853515625,557.8611500306685,550.606548081739,551.9086808686599,65020
2013-09-19,565.8598022460938,570.5101949116024,549.7693982094428,557.1170413279419,100504
2013-09-20,558.0935668945312,575.7185650121313,549.6763682102901,571.9517586139332,99785
2013-09-23,552.88525390625,557.5821396423152,543.1659208525639,557.5821396423152,21004
2013-09-24,550.5599365234375,556.1404070885523,548.7927648041583,556.1404070885523,28010
2013-09-25,554.6057739257812,562.697467875169,545.0724697179788,557.6750214879671,54891
2013-09-26,547.955810546875,556.1869831592081,540.5616745844877,556.1404905843485,44039
2013-09-27,547.5838012695312,552.4202215684257,543.1659277136412,549.6764782170582,5841
2013-09-30,545.0259399414062,547.8161751288196,539.4919621328737,539.4919621328737,3560
2013-10-01,541.3056030273438,544.6073698366439,536.6552112487583,541.4916300519827,6814
2013-10-03,548.0951538085938,556.1868467112324,540.4220075119923,543.1657499654846,9264
2013-10-04,554.9312744140625,557.1169358460332,544.0958388479623,545.0259172049674,50876
2013-10-07,545.0259399414062,556.1868806910596,542.3752392203556,554.3267238994507,5522
2013-10-08,550.5136108398438,555.2569895511199,544.0960450375295,546.979266329874,6727
2013-10-09,553.6292724609375,555.8614837507248,544.0959670552683,544.0959670552683,85712
2013-10-10,558.1400756835938,559.8142623692088,551.6295262939352,555.3033476601682,77483
2013-10-11,559.070068359375,563.1624357688978,551.3039369149698,558.0470048907328,45154
2013-10-14,564.8831176757812,567.3478482481146,550.8854485110252,559.442181510231,30088
2013-10-15,566.5574340820312,571.0682928412874,564.5577422714356,567.3014856508008,32307
2013-10-17,564.6972045898438,566.4178271706409,559.9072774330473,561.3023952339603,42501
2013-10-18,571.3007202148438,581.2990641176676,559.6282463608583,559.6282463608583,65317
2013-10-21,567.9989624023438,571.0217175864092,553.6757305154695,566.4178175679505,10685
2013-10-22,568.9754638671875,574.788453894437,558.5120818181383,558.5120818181383,57492
2013-10-23,571.7657470703125,575.5790461412578,564.1390921609365,574.3234628969792,25057
2013-10-24,575.0675659179688,576.6487108334295,570.6032001553372,571.5332787211975,20170
2013-10-25,577.7647705078125,580.3689789315723,571.9982725046747,571.9982725046747,11656
2013-10-28,573.1143798828125,584.0892947685978,567.4408670037086,574.7885098200533,11791
2013-10-29,577.0206909179688,580.3689506183892,567.3478523673356,580.3689506183892,27198
2013-10-30,589.9022827148438,598.9705479989899,571.0681932785401,571.0681932785401,63215
2013-10-31,593.01806640625,603.4349576187009,585.9959846405432,589.6698063014397,60896
2013-11-01,591.8090209960938,598.6916255660288,579.4389865689081,579.4389865689081,38509
2013-11-05,580.5549926757812,590.1347895690315,574.8814799448868,585.9959290215514,10427
2013-11-06,586.4609375,598.6914914534021,574.788464660155,580.5549622286885,42861
2013-11-07,577.0672607421875,581.2991068868254,568.2780068925605,580.1365086730517,56498
2013-11-08,583.71728515625,586.8795749867884,564.557689408844,564.557689408844,41859
2013-11-11,586.507568359375,589.1583265469561,575.0211198490091,583.6243472790186,18418
2013-11-12,571.3472290039062,595.0642314931034,567.8594345202008,578.5553376035642,19061
2013-11-13,581.76416015625,593.3901425734413,567.3479419589329,571.5332956291217,40819
2013-11-14,573.3469848632812,595.0642982442928,570.1382022248301,588.4142700765555,14346
2013-11-18,584.4147338867188,585.9493859378335,569.2079749110384,569.2079749110384,51867
2013-11-19,576.9277954101562,585.9495699840451,571.0683110638154,584.4149174508973,7199
2013-11-20,580.1365966796875,584.8799754044575,572.9284866608216,573.9515505371447,1745
2013-11-21,577.6716918945312,584.8797997485996,575.2535106762884,575.7650424608225,31094
2013-11-22,585.8098754882812,589.3907114985234,580.4154319564358,581.2990178170141,30577
2013-11-25,596.8314208984375,600.83074733681,580.6015387383957,589.3907924484461,35123
2013-11-26,594.5526733398438,609.2014095230311,587.1120454372724,596.8313769885034,43150
2013-11-27,590.367431640625,607.34136724904,586.1820776549883,598.040580614292,74844
2013-11-28,602.039794921875,611.9916461133862,590.8323604764872,599.900625749444,23171
2013-11-29,597.9009399414062,607.3412594064023,595.2502389281738,595.2502389281738,94926
2013-12-02,607.8063354492188,611.9916889450435,598.0405106256276,599.9006677348831,118017
2013-12-03,635.2435913085938,639.8939836314971,604.96954863999,610.1314727649158,193033
2013-12-04,632.4534301757812,645.3815450584297,624.9198164350955,635.243665897145,60977
2013-12-05,624.2222290039062,645.4745007376237,619.664821493432,635.2436368930792,25516
2013-12-06,625.8033447265625,638.9639792328973,613.8053652032079,631.523350653766,60303
2013-12-09,625.2453002929688,637.10380171169,615.339941106806,620.3623879440836,63991
2013-12-10,640.6380615234375,650.1248736076908,621.2924400142167,626.8729110323085,128267
2013-12-11,634.26708984375,641.754210951351,627.989059519226,634.5925946350624,135444
2013-12-12,640.4519653320312,643.2887498739841,627.8029217634925,627.8029217634925,29552
2013-12-13,634.6390380859375,639.8940042874437,624.5477091264803,639.8940042874437,122395
2013-12-16,640.8704833984375,658.7279992860556,627.8028937777445,630.6396214257632,244822
2013-12-17,623.1525268554688,638.91736706001,617.1070172665725,632.4533108383862,140157
2013-12-18,622.4550170898438,631.2442699995589,614.1308034159073,623.4315881314822,150013
2013-12-19,604.8766479492188,620.4089732874323,603.6210644358965,619.478894605713,102614
2013-12-20,606.96923828125,627.8030204827857,595.2502712725671,600.8307425657474,152764
2013-12-23,641.9866943359375,647.3346457918327,608.2713482009462,612.5962359983607,65026
2013-12-24,650.264404296875,654.7752623031907,633.4764420013906,633.4764420013906,62164
2013-12-26,649.4273071289062,666.4942247524746,640.591561453683,640.591561453683,64111
2013-12-27,650.4039916992188,656.58903745827,641.8472567248344,641.8472567248344,18718
2013-12-30,647.4276733398438,651.0550024892805,643.6143738894029,643.6143738894029,22561
2013-12-31,661.2392578125,665.9361424356799,638.3128022688601,648.2646526224427,62034
2014-01-01,653.194091796875,659.4721214085296,650.1248442291185,652.1245356272318,12354
2014-01-02,652.6825561523438,660.1231837964032,651.0549188552058,656.4958551129307,11948
2014-01-03,655.7053833007812,661.285854648022,646.3581051476511,650.8689634463414,6451
2014-01-06,647.2415771484375,669.4704167065017,643.6142487045269,653.8451110394254,25638
2014-01-07,643.0563354492188,655.1938492349831,639.8940456561314,640.1730578690532,26682
2014-01-08,643.5214233398438,650.9620523397899,638.0339367453857,643.6144084953454,7725
2014-01-09,644.2188720703125,648.1251562128483,638.9639060313289,638.9639060313289,3864
2014-01-10,649.1484375,657.565638348844,636.7784021914918,636.7784021914918,14272
2014-01-13,639.7078857421875,649.1482038192299,637.1036776832552,640.4519370779569,16739
2014-01-14,625.5708618164062,641.7542526332869,621.2925228391821,641.7542526332869,12778
2014-01-15,635.5226440429688,638.7779188766987,620.3623754565243,620.3623754565243,5052
2014-01-16,627.1053466796875,637.1036892481809,623.1990061366408,630.5931405989294,3286
2014-01-17,628.6400756835938,637.0107821147069,615.7119619329911,630.1746711354729,17332
2014-01-20,628.2680053710938,632.360373338832,619.4322599217594,619.4322599217594,18408
2014-01-21,623.0130004882812,646.4044952164145,619.4787138823208,634.2204907473853,57534
2014-01-22,603.202392578125,620.501886530881,599.9006252962706,613.851802628742,105062
2014-01-23,606.1787109375,615.8050014766917,600.8307591340622,607.248324005184,128760
2014-01-24,598.4125366210938,608.9224124407846,590.5998544225253,597.7614703099651,9538
2014-01-27,616.7815551757812,626.8728837879255,590.5998237467844,590.5998237467844,17191
2014-01-28,609.7594604492188,635.7086740959004,598.5055329637337,611.1080856687574,28867
2014-01-29,594.0411987304688,615.433006010366,586.4145430423985,610.922090849545,14767
2014-01-30,582.7406005859375,601.6677297752536,581.2989904431344,601.6677297752536,56433
2014-01-31,589.3908081054688,594.3202132310386,585.0194274214762,586.8795845833886,40667
2014-02-03,584.6937866210938,604.2719248427064,577.8111840159646,604.2719248427064,39719
2014-02-04,582.60107421875,590.5997249520557,576.648550346889,578.5087069609112,36676
2014-02-05,587.4376220703125,590.1348727219806,581.2991260066791,581.2991260066791,1338
2014-02-06,583.8102416992188,598.6450040070155,582.2290970151699,598.6450040070155,3490
2014-02-07,584.1822509765625,590.599814980191,578.5087951459509,583.5312414763979,13569
2014-02-10,581.531494140625,586.8794447064923,578.322712447609,578.322712447609,4879
2014-02-11,581.299072265625,588.2746611328125,579.438915234375,585.2519059570312,38485
2014-02-12,582.6942749023438,587.5306952414649,581.299156925722,581.299156925722,49162
2014-02-13,584.9263305664062,586.8794725064242,581.2990020863948,585.2983278672531,15521
2014-02-14,581.4386596679688,585.0194395720246,581.2991251709307,585.0194395720246,56468
2014-02-17,594.4131469726562,599.9006328326941,581.5780750190355,581.624567590564,72086
2014-02-18,596.1339111328125,598.9706396097636,584.1358740609606,598.9241470316157,6745
2014-02-19,624.2222290039062,626.8729301111791,596.1803385775457,598.9705741715125,50086
2014-02-20,611.9452514648438,623.1526877036264,604.6441000931923,622.8736754656163,10497
2014-02-21,613.061279296875,620.315880400938,606.4576877429618,613.8518233320499,8068
2014-02-24,629.24462890625,632.4534112432615,605.5741185584271,605.5741185584271,38666
2014-02-25,637.0572509765625,638.9639004614148,628.7795299957602,628.7795299957602,10041
2014-02-26,642.9168701171875,648.2648223821767,633.8486032330752,637.0573859455681,55973
2014-02-28,650.9619750976562,651.985038756756,637.24331700684,650.9154257579347,34274
2014-03-03,647.0090942382812,650.4038465086893,639.0568781039719,650.1248343281395,44672
2014-03-04,664.5875244140625,681.2824434255642,641.8470956656787,641.8470956656787,134687
2014-03-05,701.790771484375,710.580025297376,664.5876287986484,664.5876287986484,177415
2014-03-06,700.7677001953125,717.0905675187988,688.8161566761718,697.6984523104032,123512
2014-03-07,680.3059692382812,711.5100933513695,678.0737580031241,693.4200541342321,17237
2014-03-10,680.491943359375,695.1406794357436,670.5865848293126,670.5865848293126,23701
2014-03-11,711.1380615234375,716.6720404432073,678.9108726979993,681.7476010213292,92111
2014-03-12,717.4627075195312,725.4613613608703,699.4191586453519,710.487117506446,89906
2014-03-13,718.5785522460938,734.5294195821897,711.5099790824629,716.206863669315,190005
2014-03-14,687.8394165039062,718.2064966370939,683.6075714626328,718.2064966370939,37606
2014-03-18,709.1849975585938,712.3937803764568,678.9574402856044,678.9574402856044,216576
2014-03-19,710.4404907226562,715.7419499082537,706.8597109465679,706.8597109465679,14605
2014-03-20,688.9556884765625,715.2304076118481,684.07277607089,715.2304076118481,49227
2014-03-21,726.623779296875,733.273862831993,684.07269078125,684.07269078125,51317
2014-03-24,712.5331420898438,725.4612564176147,698.535471508617,719.6017730077393,29707
2014-03-25,708.8128662109375,721.2759419444403,700.3956663786239,721.2759419444403,7195
2014-03-26,699.8841552734375,722.6710812590843,692.9085656859946,709.6499806958575,19435
2014-03-27,698.0704345703125,706.859688098189,697.3263830942332,706.7667029514874,28492
2014-03-28,700.3490600585938,711.975040471253,694.9081239324622,711.975040471253,243868
2014-03-31,695.8846435546875,702.2556576434436,693.8384597996379,697.5587732570086,17782
2014-04-01,675.8416137695312,697.6054181881717,670.7726742232431,695.8847955453218,30834
2014-04-02,667.7964477539062,691.9784918229892,663.146054663698,681.7011344471277,63820
2014-04-03,704.25537109375,710.3008806530628,669.65644349311,669.65644349311,84556
2014-04-04,690.3043212890625,706.8597083684033,681.6080526585096,706.8132157937193,12166
2014-04-07,690.8623046875,703.1393523519037,684.677316667119,703.1393523519037,7465
2014-04-09,697.3728637695312,704.9995189960734,679.8873989262925,690.8623141218103,40107
2014-04-10,706.1155395507812,725.4611591067998,693.4664391263792,704.0693556972402,58345
2014-04-11,687.74658203125,711.4635846038144,683.6077212092068,711.4635846038144,22716
2014-04-15,678.352783203125,694.7686926919321,674.5859763432333,687.7466108328144,28134
2014-04-16,674.3998413085938,688.2580325079768,668.2613464283531,688.2580325079768,18224
2014-04-17,704.3948974609375,720.8108049516692,677.1436099949713,678.9572743415722,82105
2014-04-21,696.8612060546875,703.3252619621771,689.1880596416729,699.5584559856474,77490
2014-04-22,701.3256225585938,714.1606934250918,696.8612574877442,714.1606934250918,19862
2014-04-23,699.37255859375,702.209286742989,690.2112510572061,700.4421148375676,25466
2014-04-24,699.37255859375,699.37255859375,699.37255859375,699.37255859375,0
2014-04-25,689.1416625976562,708.2547640494328,683.8866964673143,689.2811403094662,75555
2014-04-28,683.607666015625,706.7666423060051,677.7481830889878,706.7666423060051,44331
2014-04-29,679.236328125,701.2792002831536,673.0978326332299,701.2792002831536,36104
2014-04-30,682.91015625,692.9085003830439,676.1670869509703,692.9085003830439,12661
2014-05-02,670.4005737304688,688.2580923448043,665.23864939138,688.2580923448043,39022
2014-05-05,668.2612915039062,674.3068007520279,660.4486106916505,670.4004603459,32610
2014-05-06,684.3052978515625,688.2581317161485,673.0513700264431,674.0744337314576,28307
2014-05-07,694.9081420898438,699.4189999008277,679.2362860235968,688.2580584130484,52547
2014-05-08,682.7706298828125,700.3026443292448,678.9573305960494,697.2333965170344,6471
2014-05-09,713.1376953125,725.8332896412954,671.51668212015,673.3768391343332,55062
2014-05-12,709.8823852539062,730.1115917776827,704.0693948735106,712.4401010212803,107033
2014-05-13,706.9526977539062,722.2525015710038,703.2789328194966,711.5101054500599,53541
2014-05-14,753.2705688476562,769.1748878359401,698.4889247458175,698.7214443612455,832227
2014-05-15,728.0653686523438,781.1728799718175,714.3002195254026,762.6642968891017,149846
2014-05-16,758.2000122070312,760.8042206798217,725.5077298950293,733.6459168521791,88422
2014-05-19,793.5430297851562,825.7702174647668,754.991262554968,758.0140178408363,123592
2014-05-20,798.3328857421875,820.3292657449517,782.2890310549988,794.4730938924295,27586
2014-05-21,809.4473266601562,815.6788641134947,792.0083543658255,799.2164629141489,80314
2014-05-22,837.6287231445312,840.7910129355769,793.4499918232482,813.9117200141582,78889
2014-05-23,848.41748046875,850.9287033620516,837.6285375705778,837.6285375705778,17222
2014-05-26,841.6279907226562,878.8776203449884,811.3073999627409,848.417551881608,71764
2014-05-27,847.0689697265625,855.6721956062997,790.3806754141482,838.0471971802599,72890
2014-05-28,835.1175537109375,842.6511672675923,814.7488107355528,837.0706959611844,29249
2014-05-29,826.7933349609375,841.7210842732807,823.1195133501143,837.070691542489,23258
2014-05-30,823.0263671875,835.2103710515277,798.8443297183021,822.2822590821575,37458
2014-06-02,835.675537109375,845.4413614161623,816.6089277485045,837.0706548674874,108614
2014-06-03,841.7674560546875,846.3713555510162,837.070571424082,846.3713555510162,106832
2014-06-04,846.0459594726562,851.0218569126363,839.023821140971,851.0218569126363,101053
2014-06-05,836.466064453125,848.2315800189346,833.3968167999747,839.9073662080148,27465
2014-06-06,835.9545288085938,847.3014976498273,832.4202419282058,841.7210267542192,26681
2014-06-09,841.6279907226562,850.0451891277428,832.420191594672,846.3248754222917,103207
2014-06-10,860.7874755859375,864.9263354173984,845.5341686006013,850.0915750249021,133621
2014-06-11,878.5520629882812,901.7110386211818,863.1127837446691,863.1127837446691,50551
2014-06-12,863.7174682617188,892.7824229524904,855.6722660963173,892.7824229524904,81864
2014-06-13,874.3667602539062,885.8997561645119,854.3235802737075,864.0429117866998,95337
2014-06-16,873.3436279296875,878.9240983956919,852.0448096107783,875.203784751689,11266
2014-06-17,891.3408203125,910.5469664695446,863.2059421350702,878.924293476731,44453
2014-06-18,895.7586059570312,902.1761704953856,872.7391624315047,896.595699337682,34954
2014-06-19,878.970703125,901.0600682050108,874.27381790359,895.6656240863375,77407
2014-06-20,868.8328247070312,883.4815605968782,864.6009222581988,872.4136041064444,77377
2014-06-23,884.7371215820312,889.9920875078824,865.9030330542666,865.9030330542666,63466
2014-06-24,891.2941284179688,896.4095596699182,876.1338616975061,888.2248810202954,9930
2014-06-25,871.43701171875,894.7354654478613,867.7631905019279,885.0626268981885,33862
2014-06-26,879.2031860351562,885.4347232772644,868.6933104421901,881.5283822622499,40612
2014-06-27,869.1119384765625,892.7824496377358,865.1591045204674,881.2494525647207,14729
2014-06-30,873.3436279296875,879.9006693737465,863.1127654086795,878.9240983956919,78838
2014-07-01,900.7810668945312,909.6168130334038,875.2968921659453,882.0865109287545,28515
2014-07-02,911.4769287109376,916.1273212043608,895.6655942332987,913.3835782797436,43942
2014-07-03,897.0606689453125,927.0092065196897,890.0850805398279,918.9175126158308,37340
2014-07-04,885.15576171875,911.476973161655,882.3655260866225,906.3615411694212,23073
2014-07-07,900.5020141601562,905.8964581013074,887.0623684949917,887.0623684949917,14406
2014-07-08,875.994384765625,918.0804355572968,873.6226960192598,902.176116418156,64776
2014-07-09,858.6484985351562,891.9452981013981,851.4868825983627,876.1339633071084,30057
2014-07-10,852.0016479492188,869.6951457835578,846.2910783512768,856.5888680214805,65231
2014-07-11,854.8101196289062,874.3759424821677,847.2272247819719,851.9080381785574,23904
2014-07-14,851.3931884765625,861.2228969366344,842.1719514950023,855.1846360262514,24827
2014-07-15,861.5972900390625,865.0143066383519,846.3846466593295,854.0611919771771,44610
2014-07-16,865.4356079101562,873.4397874607268,856.1675744481254,856.1675744481254,6416
2014-07-17,860.2399291992188,882.7546307408339,856.7761157761618,857.0569531588233,20342
2014-07-18,853.1717529296875,867.8227203082224,847.2271433429787,861.3163788846181,17017
2014-07-21,887.8099365234375,894.0354417745768,853.8272395361091,853.8272395361091,23133
2014-07-22,813.1976928710938,902.4607769469872,793.0233424471568,880.9758331219871,968665
2014-07-23,850.925048828125,868.1972610810598,812.1210957091268,812.1210957091268,620302
2014-07-24,843.3421020507812,856.5888264297919,829.7209468943366,851.9080131706127,136090
2014-07-25,853.0782470703125,856.4484098822164,829.4401392639746,851.9080437135631,64997
2014-07-28,837.2572021484375,850.9720104306072,821.9509627701574,850.9720104306072,116967
2014-07-30,803.087158203125,839.7379511681739,786.4234733869756,836.9294630371767,96651
2014-07-31,818.6275024414062,834.8699027879829,804.1637769806343,811.5594853287737,57606
2014-08-01,809.1721801757812,826.6316368099165,795.8318621411931,814.4615221116957,54703
2014-08-04,803.3212280273438,817.1764823540389,796.6744953983574,802.2914718641507,47383
2014-08-05,801.495849609375,813.4787227023663,793.8660995003836,809.7340712896287,37064
2014-08-06,796.76806640625,813.150913970674,793.8659848360871,795.7383102720214,18418
2014-08-07,798.82763671875,806.9722638020604,790.1213348595579,797.6106366117813,9848
2014-08-08,790.0277099609375,807.487109691756,786.3766526466865,799.2020928140483,20942
2014-08-11,786.5640258789062,805.0064451675267,782.9129679646211,783.7555373721776,23832
2014-08-12,786.5640258789062,794.3341659864199,779.0279264802867,787.3597414336081,19183
2014-08-13,777.1085205078125,791.0105688483865,764.8448137909311,786.5637966751834,40408
2014-08-14,797.7977905273438,813.5253110039109,767.7001396525066,767.7001396525066,41000
2014-08-18,803.0404052734375,814.4616023898914,786.3767195488607,786.9852481992858,27692
2014-08-19,811.2318115234375,813.5254216659135,798.2191837110491,811.4190554993447,15416
2014-08-20,796.9086303710938,814.4616839034967,791.0576125269595,814.4616839034967,31772
2014-08-21,829.2529296875,862.8143976341381,797.6106410365862,806.9254715703562,82182
2014-08-22,833.8869018554688,839.6443251560336,817.5040550606658,829.2528851914575,15998
2014-08-25,814.8828125,836.1805133724147,809.9679584525197,833.1379846763554,20363
2014-08-26,806.0828857421875,819.1423669051862,791.0574857541512,816.3338787900827,37370
2014-08-27,807.9552612304688,815.3977666245574,800.4191624156103,809.7807900462024,9694
2014-08-28,804.0701293945312,816.3338373524344,795.59781163296,816.3338373524344,22008
2014-09-01,800.372314453125,819.0955685153592,796.6744603480663,819.0955685153592,19898
2014-09-02,814.8828125,821.9508292738475,806.0360637867684,812.5424058107237,31246
2014-09-03,806.925537109375,822.2785727502858,806.0361710213622,822.2785727502858,47693
2014-09-04,800.091552734375,813.8531000604731,798.6873085469085,806.972326397424,317646
2014-09-05,794.8489379882812,805.0999310968753,789.1851650170532,800.1382801585805,12674
2014-09-08,794.8021850585938,798.9213240675549,791.0575340100255,795.7383478207357,61051
2014-09-09,789.6531982421875,800.6531094210206,786.3766289548755,794.8020928365349,12770
2014-09-10,789.8405151367188,795.738328970734,786.3767015710783,791.9468813016413,62550
2014-09-11,788.1085205078125,802.2914078070771,782.6319917464602,793.8659437810985,21237
2014-09-12,798.2659301757812,807.9083943702782,783.8490020209396,783.8490020209396,38492
2014-09-15,790.68310546875,810.6702162258001,787.3597388411658,800.9340999123264,30447
2014-09-16,785.6744995117188,799.4828985201166,777.0149950488252,797.4233292741482,14758
2014-09-17,786.8915405273438,797.6106147947827,782.2575237671421,796.6744521013616,14802
2014-09-18,811.1382446289062,819.1424248958344,787.3596873821078,795.7383556130964,43506
2014-09-19,842.827392578125,851.9081835447779,811.2318967598434,816.3339956604905,84527
2014-09-22,855.6995239257812,860.3335408237092,843.1549777444076,846.8996286293856,42916
2014-09-23,833.8401489257812,866.7930882079669,820.2657894402967,852.8442407776922,18491
2014-09-24,856.167724609375,888.9802211342623,850.8784387804855,870.6314520961611,185363
2014-09-25,833.7933349609375,859.3973620532867,823.8231793103402,859.3973620532867,17797
2014-09-26,822.3253784179688,835.0571688999206,803.2276355562017,833.7933720491617,33185
2014-09-29,851.2059936523438,865.0143944292171,797.1425940005176,823.8232327897305,52463
2014-09-30,859.4442138671875,867.8228820308523,845.4017724103776,848.1634639913184,36236
2014-10-01,846.1975708007812,865.9505828624306,835.9933735093518,859.3974433164445,70829
2014-10-07,803.2743530273438,843.4825504038862,796.8148650045543,842.5931844557158,42869
2014-10-08,784.4575805664062,805.0063641674459,777.9512380860534,795.785126881558,121704
2014-10-09,806.551025390625,827.2870536614332,772.3810841871298,778.4193454988033,93191
2014-10-10,791.712890625,812.5893096171183,787.687402016647,803.2276816261376,13106
2014-10-13,810.2021484375,817.2701665139465,782.2108564195711,786.3767925220104,28495
2014-10-14,791.1979370117188,813.5253947840309,786.3298794931839,813.5253947840309,26750
2014-10-15,791.1979370117188,791.1979370117188,791.1979370117188,791.1979370117188,0
2014-10-16,791.9937133789062,798.5468528513086,780.2916786067593,785.6278178906267,11907
2014-10-17,796.8150024414062,805.1000204944454,778.7470144099327,784.0831538805135,7607
2014-10-20,802.572265625,809.6402825324111,795.7382893909391,806.2233229847988,9878
2014-10-21,832.7635498046875,841.6102990815325,796.674487784632,802.2914641967446,31277
2014-10-22,828.4570922851562,848.5377911917527,816.9423038998866,837.8655148509682,14454
2014-10-27,839.691162109375,842.546446974131,814.4615654083266,825.6955180346483,20387
2014-10-28,824.1976928710938,840.6741341140065,817.5976998933148,837.8656459154074,10155
2014-10-29,838.47412109375,842.546405866571,821.0146643833142,824.1976403276775,12550
2014-10-30,827.9423828125,856.5889409324078,820.6402674410194,841.6103365008029,17591
2014-10-31,836.8358764648438,882.8014430625104,824.8061512553977,850.9719106509247,328975
2014-11-03,855.5591430664062,861.2697128723067,828.8785052219924,837.8656445877332,38372
2014-11-05,885.1886596679688,926.754307817408,881.8652933976879,926.754307817408,235702
2014-11-07,933.307373046875,939.8137149458316,870.5844749792886,889.3545248389114,227056
2014-11-10,948.3796997070312,954.37116439788,920.2948161040068,933.3542984071815,123786
2014-11-11,955.1199951171876,961.3454999306044,935.2265377329776,945.524327437745,30425
2014-11-12,965.885986328125,977.3539808350496,949.2690963282954,952.0775847789708,61082
2014-11-13,988.0260009765624,999.7747726841948,967.0559365160364,967.0559365160364,61942
2014-11-14,982.1751708984376,999.7282224409286,973.609258890166,992.3325138688232,47468
2014-11-17,994.2984008789062,1023.881119940336,976.4177158036176,991.3963193058784,93064
2014-11-18,999.962158203125,1004.5025242034974,991.396247093666,1000.7578736006884,31076
2014-11-19,948.8477172851562,999.9153824409711,940.843537424388,997.0601546999706,34405
2014-11-20,983.158203125,987.651830624702,954.8861300826504,954.8861300826504,29440
2014-11-21,992.2388305664062,998.5579285492804,969.3028452952332,976.4176586870836,21849
2014-11-24,996.358154296875,1002.536806172772,992.3326083819852,992.3326083819852,41383
2014-11-25,993.6897583007812,999.30673396998,983.1111893570544,989.5238803905238,36004
2014-11-26,994.7197265625,1000.6643368756694,977.9623913101458,987.6516524382469,26393
2014-11-27,997.2942504882812,998.8856814956174,982.9240604616764,998.7920880736004,33929
2014-11-28,1004.1280517578124,1009.1364991606988,990.3665062915388,1005.345108933543,53272
2014-12-01,967.4306030273438,1013.8642522992724,956.7583248844472,1007.2175196688204,26887
2014-12-02,947.3499145507812,970.4262922561944,929.5628221456848,970.4262922561944,28595
2014-12-03,979.3199462890624,984.8433300259252,943.605367416012,950.2053041599944,30960
2014-12-04,995.8429565429688,1008.2471108782864,981.098395729289,981.098395729289,58456
2014-12-05,999.4006958007812,1006.3750633192192,995.141109124028,996.0772719736271,40572
2014-12-08,1005.953857421875,1059.7363685790542,993.268804825421,1048.315227278944,138259
2014-12-09,952.8731689453124,1011.991865536882,945.9923960453464,1010.1195401612356,39668
2014-12-10,939.6734008789062,963.2646574862866,936.2563838383552,950.2052322710732,448443
2014-12-11,935.0393676757812,955.8221926959592,927.737309462973,945.5244021771975,29009
2014-12-12,949.9711303710938,955.8221474342316,922.1202891505566,940.7499503351236,43735
2014-12-15,947.069091796875,975.4816090909652,931.4819587768812,950.0179702473866,44025
2014-12-16,901.6182861328124,944.5413808118328,891.2269028729175,940.6094859890376,21885
2014-12-17,933.1201171875,944.4008656414584,883.7375376222724,898.8097333638985,39370
2014-12-18,925.443603515625,952.077443121167,920.2947087888144,939.4392469735408,26782
2014-12-19,912.6181640625,940.8434916680764,906.2522692779856,925.677644852227,42907
2014-12-22,950.9072875976562,958.6306300762984,909.060802376519,909.060802376519,31776
2014-12-23,968.3668212890624,978.290124094194,936.3032454515256,967.9923333142548,36339
2014-12-24,995.0006103515624,1000.7580344342,958.8178952314024,958.8178952314024,34741
2014-12-26,964.9497680664062,996.9664888533896,958.349832014312,992.332528887112,16710
2014-12-29,995.2345581054688,1006.3749172543309,973.6560761207136,982.6899548860192,22600
2014-12-30,1001.6472778320312,1006.3749453795368,985.779365102002,995.1409925008812,20755
2014-12-31,999.962158203125,1011.008808914811,988.5409052979574,995.2344911060118,8756
2015-01-01,996.2643432617188,1009.1834347985978,977.7283895565148,993.54956273496,16158
2015-01-02,982.877197265625,1004.8770197236088,979.6942213736172,989.5239292803758,21078
2015-01-05,970.988037109375,992.2390018194748,964.2477104753798,992.2390018194748,13034
2015-01-06,952.451904296875,991.3962477357782,938.1285700207868,970.6134825877948,25660
2015-01-07,969.0689086914062,982.9709028910434,940.7499850604976,952.0775316573248,412534
2015-01-08,978.4772338867188,992.3324879196869,968.9284198083734,975.4815588795412,9588
2015-01-09,982.3157348632812,989.898631174933,972.9072524077272,982.971003154307,9176
2015-01-12,990.2262573242188,1007.2643755302308,976.5114486782765,982.9709952166672,24237
2015-01-13,963.077392578125,1001.6941045527036,959.6136362454148,1001.6941045527036,16661
2015-01-14,960.2688598632812,971.6432591724724,954.8859245045546,966.1198765575492,10587
2015-01-15,966.21337890625,977.4005903379295,956.8049563763512,973.6090861663145,41739
2015-01-16,964.434814453125,973.1411736950904,958.7242445625905,969.8646040866896,9134
2015-01-19,988.0260009765624,1005.2514151504822,961.4389610861272,967.992099087688,50056
2015-01-20,993.6431884765624,1006.3749793127972,978.2900961691844,985.7793983408144,35573
2015-01-21,982.73681640625,999.2601112880488,967.0560908289176,996.5452165415128,67896
2015-01-22,1052.621337890625,1060.9532085795036,979.226161087429,979.226161087429,178555
2015-01-23,1031.5577392578125,1071.9063302301545,1011.0557525314994,1054.1192382874706,54555
2015-01-27,1064.6514892578125,1070.970590205265,1022.9453772935376,1031.4645529559848,64751
2015-01-28,1113.5189208984375,1130.8379346293857,1069.33207752299,1069.33207752299,207034
2015-01-29,1106.4039306640625,1154.2418246548702,1078.5063490932723,1113.0975172270614,79742
2015-01-30,1072.093505859375,1115.437885693491,1059.7362036131194,1104.952908895315,31444
2015-02-02,1068.161865234375,1118.7146616608925,1061.6087249568634,1099.897810291006,49317
2015-02-03,1079.77001953125,1090.6294833771544,1063.1062787093565,1076.0253689445474,39038
2015-02-04,1050.51513671875,1083.0467948809803,1043.8215496658038,1083.0467948809803,9662
2015-02-05,1051.4510498046875,1069.8934073620185,1034.4128218733802,1054.1190903661566,12740
2015-02-06,1042.791748046875,1051.3108065265042,986.9027612704408,1047.613009240445,88066
2015-02-09,1031.089599609375,1069.0509277536569,1013.864183425104,1039.1405758096637,30867
2015-02-10,1022.5238037109376,1055.9916233334288,1007.9196870948418,1020.7919254111846,19190
2015-02-11,1021.0726928710938,1048.5023078867027,1006.374983016255,1025.847214445224,19620
2015-02-12,1085.2467041015625,1094.3742912182245,1023.740855088053,1024.162082628518,62344
2015-02-13,1128.5908203125,1142.1183235981532,1068.2550747328726,1081.2677571769402,41314
2015-02-16,1129.948486328125,1140.948399098925,1101.6295619607463,1136.408032427791,53069
2015-02-18,1140.9012451171875,1146.7055214487225,1114.0334258518228,1127.1397014500797,21940
2015-02-19,1169.688232421875,1187.3817271704086,1132.7566661657952,1143.0544540400297,55203
2015-02-20,1166.64599609375,1193.6075295306923,1160.7949787921289,1177.6927624702832,31735
2015-02-23,1139.1229248046875,1170.203483618522,1134.7228911396714,1166.4588324709423,11055
2015-02-24,1114.408203125,1151.4802265889111,1106.1231853258116,1143.054761516309,22692
2015-02-25,1079.676513671875,1128.076080718607,1071.9531712105236,1117.4506566727678,46601
2015-02-26,1069.004150390625,1091.3784605288351,1060.672279969576,1076.5870449823587,10368
2015-02-27,1069.6124267578125,1080.3314408366873,1046.6295934622326,1072.7952875877324,123332
2015-03-02,1157.8929443359375,1196.4160666780165,1072.8425762230102,1086.8850183201698,91142
2015-03-03,1157.3310546875,1169.26712825455,1126.4376878080764,1156.1608513966128,63141
2015-03-04,1143.0078125,1159.905595088673,1125.7356562503062,1156.1140904106064,25181
2015-03-05,1148.5311279296875,1151.4800631420485,1137.5312167573957,1142.1652904561531,23651
2015-03-09,1179.4715576171875,1188.8331858000722,1118.9017547073106,1144.9271267668053,41257
2015-03-10,1214.390380859375,1220.756333832769,1172.1227203853998,1188.9267975211783,71042
2015-03-11,1195.901123046875,1233.8157164436395,1187.756552398644,1217.9478026960678,95772
2015-03-12,1193.7476806640625,1207.6496714684597,1174.8839827076872,1200.160371180283,28377
2015-03-13,1182.6075439453125,1207.649896449201,1179.5650151364289,1194.5436185032406,407870
2015-03-16,1137.4376220703125,1198.2881944444446,1133.6929714626735,1182.607470024957,396695
2015-03-17,1110.8038330078125,1151.4800542539272,1090.6294822811587,1150.262997103405,100453
2015-03-18,1098.25927734375,1122.9271412510036,1085.9487151739593,1122.9271412510036,20892
2015-03-19,1078.787109375,1115.9528386779737,1070.034010621341,1100.927381006734,41782
2015-03-20,1084.1231689453125,1095.3102665550443,1049.2511113135388,1078.6933800325212,19634
2015-03-23,1059.0340576171875,1112.9102668781966,1048.5022272099447,1095.310362353246,30610
2015-03-24,1037.268310546875,1067.7404532870985,1031.9789682377386,1048.5022633686824,14333
2015-03-25,1028.7025146484375,1049.1109102867892,1005.5324843410948,1049.064056433678,95173
2015-03-26,1005.485595703125,1027.7661994421032,996.0771148378076,1020.4173450876036,29382
2015-03-27,1009.1834716796876,1023.974889239127,992.0516471822154,996.0771928267046,23196
2015-03-30,1027.9534912109375,1059.68931509543,1006.3748954167464,1006.3748954167464,27936
2015-03-31,1000.4302978515624,1062.544670491266,994.7197282048976,1033.523626627628,34787
2015-04-01,1028.7958984375,1039.1405414303738,984.0473923370988,1006.3748486825692,42580
2015-04-06,1041.902099609375,1048.5489453616833,1008.8087752012584,1016.2044824523438,23671
2015-04-07,1025.940673828125,1043.7745037933505,1021.4470473846294,1039.3277311935512,23345
2015-04-08,1052.621337890625,1070.9701035220064,1029.8257995392005,1039.1405724732754,81335
2015-04-09,1029.825927734375,1063.3873410594983,1013.3962249808858,1053.1831437445696,57910
2015-04-10,1016.064208984375,1046.3959046750451,1004.5026219783704,1029.7790160076488,26513
2015-04-13,1008.808837890625,1024.4428225433985,1004.5025126026612,1019.200220337878,17847
2015-04-15,1001.7875366210938,1019.481031931637,991.068520977136,1011.9917314215792,50003
2015-04-16,1009.83837890625,1025.9871810056738,994.2045118601832,1005.438461146739,89638
2015-04-17,991.2557983398438,1020.3236943112086,985.7792696970602,1014.8003118248938,23422
2015-04-20,970.42626953125,996.0771513597722,946.4605263390316,996.0771513597722,28827
2015-04-21,966.7284545898438,982.9708549082692,950.20515974466,965.1837632480242,125803
2015-04-22,945.290283203125,974.1708795472103,944.5881611804438,968.3198626915338,26427
2015-04-23,921.6522216796876,958.1625687040734,912.7586756096448,946.4605344013856,25059
2015-04-24,885.2354125976562,931.4818721192096,861.2696707031888,925.864896005928,65773
2015-04-27,886.6397094726562,912.7586728117276,871.5207154832323,889.3546042780935,41024
2015-04-28,892.677978515625,915.099087797878,877.3249437044171,891.2269376814116,36977
2015-04-29,920.9969482421876,932.4181457931248,882.8015175531292,896.8439595078449,18737
2015-04-30,918.0480346679688,953.9498537060814,902.9289832183666,926.8011336300495,52922
2015-05-04,917.4862670898438,931.4819112545516,910.9799247241674,919.7798771935647,17987
2015-05-05,915.9415893554688,931.29462303067,908.077799984604,921.7457522628588,36520
2015-05-06,911.4012451171876,920.2479946419716,899.1843325062193,920.2479946419716,17699
2015-05-07,897.4055786132812,915.3799146271134,889.3546019146422,912.4778329921908,89069
2015-05-08,911.3076171875,914.6309834375248,900.6821359625226,901.5247052715828,22156
2015-05-11,909.2948608398438,925.7713593997972,900.1204773862953,911.3076335928112,33344
2015-05-12,907.9374389648438,916.0352697749568,902.460909619886,916.0352697749568,18625
2015-05-13,900.167236328125,909.9501480097005,892.2098533465587,909.9501480097005,21805
2015-05-14,901.9459838867188,908.077838274101,896.8906823438845,900.6821299315912,21756
2015-05-15,900.869384765625,911.822500147942,894.0354082559389,902.9289542019404,8975
2015-05-18,905.9246826171876,913.6948218258487,896.0949739807414,900.869381034337,34032
2015-05-19,915.286376953125,922.1203539352318,901.5715691380436,906.2991798294356,77187
2015-05-20,969.2094116210938,987.6517734328886,912.7587479593046,912.7587479593046,69403
2015-05-21,956.4306030273438,981.0516123822606,924.6478693396708,973.562311113358,50199
2015-05-22,971.315673828125,973.6092267762872,940.9371250606632,940.9371250606632,20719
2015-05-25,968.7411499023438,977.3069466744028,952.5454904470664,955.073141014103,48070
2015-05-26,949.5966796875,991.3963700823932,936.162766838898,982.970905180843,101439
2015-05-27,924.1797485351562,973.6091233708322,917.4393662532842,950.1582612020222,66855
2015-05-28,898.01416015625,933.3543056302124,891.6950612966673,927.4096947437716,88268
2015-05-29,902.08642578125,952.0775407467952,892.1631232366724,902.4609137462248,86253
2015-06-01,912.7119140625,925.8649896976764,902.507716901903,917.3927279639038,28035
2015-06-02,911.1671752929688,922.9628599951368,905.269361511304,922.9628599951368,52794
2015-06-03,915.847900390625,925.3499740536372,900.5884607679574,908.5458432175705,30027
2015-06-04,891.2737426757812,918.2352186889902,884.8610506365017,915.5671776831796,20564
2015-06-05,874.9844970703125,891.2268971834038,871.7079275953736,891.1333037682261,25944
2015-06-08,851.1591796875,894.9715847517641,843.0613490829028,875.9206957352304,92147
2015-06-09,877.0440063476562,887.4822433523243,842.6400269771943,865.0143384573288,28598
2015-06-10,896.0014038085938,906.6736827125808,871.5675772900493,879.9930425914567,38036
2015-06-11,889.9630126953125,917.3925658836567,881.1162645568894,908.0309397348136,14444
2015-06-12,886.7333984375,898.7162706179712,871.5675499430533,892.5844158243357,8919
2015-06-15,877.278076171875,889.5886389934872,871.6143030525125,889.0737609169704,9667
2015-06-16,865.2483520507812,889.2609475112409,859.959010083441,889.2609475112409,15589
2015-06-17,882.0993041992188,887.7630771072489,866.8866603220764,877.8397753413863,22308
2015-06-18,885.7971801757812,894.5034820743257,873.4398208009899,882.099325991139,84230
2015-06-19,887.341796875,894.5034644221406,871.1461935099857,877.090860968673,25073
2015-06-22,935.5074462890624,951.4222134072312,888.418470302484,893.099284160769,68470
2015-06-23,984.1878662109376,1009.1833639292868,941.3583666789996,941.7796513106332,206255
2015-06-24,983.4388427734376,990.4600624981408,965.277264896672,981.987744985933,91065
2015-06-25,984.84326171875,988.0729776549476,962.4689480313896,984.84326171875,29038
2015-06-26,982.2217407226562,1004.6896428141632,965.9793426912028,984.6090010309426,25094
2015-06-29,970.9410400390624,985.264258907176,935.2264148545024,955.821991558005,46689
2015-06-30,978.8986206054688,986.6219634366618,959.8008772946188,965.8859352828316,22204
2015-07-01,992.4728393554688,1018.732132674285,977.2133427092058,986.6685624576904,49237
2015-07-02,1021.774658203125,1026.9704065178134,990.4132100551336,992.3323891603304,58811
2015-07-03,993.6897583007812,1032.587360521048,987.6515551674574,1016.6725961249848,32119
2015-07-06,979.179443359375,996.7324960101432,973.8902149160928,991.2092268648506,15508
2015-07-07,973.6561279296876,984.9836745129718,969.0220536835614,980.1624134252104,15092
2015-07-08,989.6176147460938,1006.374950734795,965.1837899605335,975.481580154099,55362
2015-07-09,1000.055908203125,1015.455740507442,970.8008207878688,989.6176701578244,30499
2015-07-10,993.0345458984376,1018.54497849399,984.4218951001808,1005.391847352922,10209
2015-07-13,985.4984130859376,1008.2472120493736,980.1623314908952,999.3536665391888,17739
2015-07-14,976.6517944335938,1003.5196197987202,969.8646144578988,981.0985675211178,33368
2015-07-15,974.358154296875,995.140919894997,967.992202419028,982.9708051643902,23676
2015-07-16,999.2400512695312,1023.509465064306,994.339089455828,996.2240924690144,87642
2015-07-17,1002.6802368164062,1012.058196137524,999.2400831971312,1003.7641365939118,20301
2015-07-20,1060.7855224609375,1069.456490928705,1000.9366724598096,1000.9838435591352,102056
2015-07-21,1011.8698120117188,1081.9919621882195,993.019777827255,1072.849741629346,55927
2015-07-22,1000.04150390625,1022.6143742575172,991.22902071363,1012.2468552558282,25346
2015-07-23,1002.0205688476562,1016.0166941754958,990.5691517425288,1000.0413385576068,25453
2015-07-24,994.9517822265624,1014.1316657194216,985.4325396013836,1008.4766564310232,15962
2015-07-27,999.8057250976562,1013.0949744054128,984.9613251679202,994.998874984,61390
2015-07-28,971.5776977539062,1026.3841857808718,962.2940805163178,1008.4766563687168,398414
2015-07-29,981.6152954101562,995.281566925708,970.9179265789628,979.2590417005785,56968
2015-07-30,986.6107788085938,1000.936757948855,981.615474014814,981.615474014814,30469
2015-07-31,985.4326171875,995.3288842213605,970.7766709405772,989.6267033860252,30800
2015-08-03,986.1865234375,1000.8424692977792,982.0866644990684,985.8566708887,21377
2015-08-04,965.9227905273438,999.0517464505988,962.3884093488628,998.863292141668,31860
2015-08-05,973.3685302734376,984.207298705434,967.0066444546568,974.31103187622,23293
2015-08-06,992.4069213867188,1008.4766181925175,973.83968761441,981.615325091128,43432
2015-08-07,982.652099609375,1006.4974350048652,975.7719072791116,992.4541388053992,27775
2015-08-10,970.211181640625,999.0517079348666,963.2366467070128,989.6266918222736,22643
2015-08-11,979.306396484375,994.2920808470028,971.7663831994414,979.2120542771356,13327
2015-08-12,953.9530639648438,983.8774912239523,943.4912611792888,975.3007492560454,18000
2015-08-13,958.0529174804688,982.039538208408,952.0208839715274,953.8116600986071,14759
2015-08-14,954.4714965820312,970.3997410216576,951.9267304509254,970.3997410216576,20581
2015-08-17,967.996337890625,977.3741830185768,935.8098844559491,965.9699363909488,9735
2015-08-18,979.4005737304688,985.856686766399,966.5825748095735,969.4100796473358,11447
2015-08-19,991.0875854492188,1004.7066873005788,965.2158479695596,979.2591445640724,29315
2015-08-20,971.2008056640624,995.941474650158,962.2942108496578,990.6164322238538,195587
2015-08-21,970.1640014648438,989.0612046144204,951.973732042832,969.8341489142816,11195
2015-08-24,867.7612915039062,980.013273937076,806.3572852287925,961.351695013288,78117
2015-08-25,875.348388671875,909.5140727519348,857.6764831132234,885.0561439536141,52749
2015-08-26,886.1399536132812,907.628977079488,857.7235093579778,876.5264264630569,134862
2015-08-27,917.8080444335938,923.6515658451073,900.089025900079,900.089025900079,13920
2015-08-28,928.6940307617188,940.61670032422,909.608371261152,909.608371261152,10774
2015-08-31,895.37646484375,940.5694252849568,885.8572222804396,940.5694252849568,16038
2015-09-01,897.2144775390625,936.8466613138418,883.1240660473538,895.3765877747985,231491
2015-09-02,915.6873779296876,927.4215338416716,884.0664621376911,897.2143703878486,19902
2015-09-03,921.3897094726562,935.4801224718924,917.9967261031062,918.2323515461512,21787
2015-09-04,882.9826049804688,918.8448370447636,873.1335092360941,914.2265561733884,12939
2015-09-07,849.947998046875,904.6130951349404,848.2515065389445,904.6130951349404,13296
2015-09-08,849.6181030273438,863.2372630404452,847.3560761126148,863.2372630404452,21304
2015-09-09,869.740478515625,875.4426017792534,855.41444246744,868.7508633253644,18207
2015-09-10,844.717041015625,867.0072263913507,834.1138982413703,867.0072263913507,47637
2015-09-11,882.6527099609375,890.6639732120512,850.5134298108793,861.4464248844602,24533
2015-09-14,862.1063232421875,889.2503609094751,857.7236672925924,889.2503609094751,28134
2015-09-15,874.9713745117188,884.914812834625,859.6086092843739,884.914812834625,32815
2015-09-16,870.6358642578125,885.7630036282685,868.043984824298,884.0665122314784,6877
2015-09-18,852.11572265625,881.2390467848899,848.062977047841,874.6415352046821,107758
2015-09-21,847.7330932617188,865.2164868003036,838.9678397045094,857.5822466917709,96580
2015-09-22,847.49755859375,866.1590811548324,838.8736448407265,851.0790536265655,25418
2015-09-23,841.9367065429688,850.0893687686621,839.7689642682986,839.7689642682986,12666
2015-09-24,831.14501953125,852.3041921239485,827.4692977775827,843.538938679686,17983
2015-09-28,827.2809448242188,856.7341257137167,820.4006932735808,856.7341257137167,22973
2015-09-29,811.1640625,838.8264627268209,804.707891726493,826.5739413611482,65700
2015-09-30,802.8229370117188,881.8045680115175,794.4818199722674,816.8662353600059,33987
2015-10-01,791.4187622070312,814.6513967457727,788.8739958764745,801.2679173882962,41141
2015-10-05,801.2678833007812,811.4940042464358,788.4498250248818,810.4572753349308,572295
2015-10-06,808.5249633789062,815.5937252812423,802.210248766738,808.6663616272457,834707
2015-10-07,814.8868408203125,817.5258912576516,808.6663534196842,813.2846341592965,95610
2015-10-08,810.6927490234375,818.5626141282528,801.1263350708289,811.635250594109,53560
2015-10-09,808.7605590820312,817.1488459084537,802.3515600310325,817.1488459084537,30007
2015-10-12,808.3364868164062,815.2638502795883,783.3601954494594,815.2638502795883,41923
2015-10-13,809.42041015625,817.1489352357141,806.5929051900364,817.1489352357141,37800
2015-10-14,801.8333129882812,811.5410688928067,797.3564299595486,811.5410688928067,22119
2015-10-15,805.1318969726562,806.7812745783948,793.7276519661258,802.021653564123,35615
2015-10-16,788.26123046875,811.4939191073797,779.4959766455595,810.5043038819081,373773
2015-10-19,804.5665283203125,811.8237447502465,789.8163550047396,795.2828528779073,28875
2015-10-20,823.9349975585938,829.8727467628223,803.953950015545,806.781455115248,50469
2015-10-21,822.9923706054688,833.1713759100841,821.3901064543419,833.1713759100841,39487
2015-10-23,816.4419555664062,837.4126147425708,809.6088194303527,837.4126147425708,17042
2015-10-26,826.6210327148438,829.4014239936054,814.7455353361378,825.5843039451452,32539
2015-10-27,839.9102172851562,847.3088308961508,810.5512731598328,818.09128500318,57735
2015-10-28,797.9689331054688,810.5513053585931,784.2083764292935,810.5513053585931,526939
2015-10-29,800.4666748046875,813.3789594788504,791.7014205819634,793.1622866981277,630419
2015-10-30,801.4562377929688,813.9915554883763,797.4506058668044,808.9491372541172,35286
2015-11-02,807.8654174804688,814.9812943592084,796.4139979318613,796.4139979318613,82474
2015-11-03,809.1376953125,811.6824613631848,804.4251868948384,804.4251868948384,11658
2015-11-04,810.080078125,815.2638366237638,801.1263134453171,801.1263134453171,52581
2015-11-05,803.0584106445312,814.6511678647435,779.4487590138873,805.5089491181735,31526
2015-11-06,799.335693359375,808.336630891971,793.115204958234,802.8700748431461,11781
2015-11-09,804.9906005859375,829.3071880990689,789.816347703596,799.3355909365084,19232
2015-11-10,798.01611328125,810.5513730098608,793.6334578471248,810.5513730098608,6338
2015-11-13,791.6543579101562,815.2640152870192,785.1039592301585,810.5515065281347,30964
2015-11-16,798.534423828125,801.1263030438552,791.6541741424235,801.1263030438552,5522
2015-11-17,799.995361328125,804.9906083950993,796.3667531115002,801.1734883498516,4493
2015-11-18,802.6815795898438,810.5043320365664,796.4139204012431,810.5043320365664,38600
2015-11-19,828.6473388671875,832.0403212919551,803.1997981042495,803.246911674591,37094
2015-11-20,831.003662109375,839.344778157546,813.8972352673178,829.4013979037328,15301
2015-11-23,812.5779418945312,839.674868378231,810.5044264497602,839.674868378231,13515
2015-11-24,806.4986572265625,823.133776499813,803.1999015177569,813.4260212047606,49734
2015-11-26,809.4675903320312,815.9708752996681,802.0689747386862,802.0689747386862,10639
2015-11-27,817.7616577148438,824.6419089116412,803.6712451968067,803.6712451968067,15412
2015-11-30,820.7304077148438,827.5164309544691,809.5617864121415,809.5617864121415,15257
2015-12-01,813.8501586914062,834.1139437659461,807.7238980874756,815.311024714889,23929
2015-12-02,805.414794921875,822.8039623319765,793.5864104049533,807.7239355309323,15297
2015-12-03,806.4515380859375,825.6314231359365,793.9162204583779,800.1367656960753,35598
2015-12-04,834.3495483398438,840.7114341927598,793.586353800789,793.586353800789,33065
2015-12-07,846.837646484375,851.4087560121457,824.6888599597419,824.6888599597419,31755
2015-12-08,848.4869995117188,874.6414168807275,839.2976096253102,854.8488848176938,96919
2015-12-09,844.3401489257812,862.3890800039189,836.9415333808524,853.1525745866206,81329
2015-12-10,853.8593139648438,857.4408084471659,835.0563960254893,835.0563960254893,11886
2015-12-11,844.3401489257812,853.8594508817058,839.7690385611932,839.7690385611932,14520
2015-12-14,840.0516357421875,848.2514108858973,827.0451256137497,848.2514108858973,94487
2015-12-15,841.041259765625,846.3193031156522,829.4485018662284,844.7641525023114,88983
2015-12-16,853.4351806640625,867.0543399997948,820.5418525127698,845.423917234306,27339
2015-12-17,867.1013793945312,876.4792808181282,856.7338629017705,862.3888718978218,38950
2015-12-18,864.7453002929688,868.0440562068928,843.6332394335591,862.3419324894002,28149
2015-12-21,888.6847534179688,893.3029765958146,863.3314381731167,863.3314381731167,32729
2015-12-22,883.2183227539062,895.2823905712977,876.526583673789,881.2862057681601,21646
2015-12-23,905.6969604492188,916.1115920429136,876.5265232509358,887.9307700592831,64776
2015-12-24,891.3238525390625,909.4198963460512,883.1240763971432,899.1466049977317,19899
2015-12-28,887.3651733398438,913.2839649137636,884.019304478174,903.6704379884736,27974
2015-12-29,868.8450317382812,899.9947540179529,865.2164237773933,894.3868582846202,66995
2015-12-30,859.5615234375,874.5944365860993,855.838630334131,868.0440384714227,26973
2015-12-31,852.4456176757812,871.5783894148865,843.5860792715972,871.5783894148865,13523
2016-01-01,834.2081909179688,865.9705081618827,829.4014554930194,865.9705081618827,18757
2016-01-04,832.22900390625,841.1827700864419,829.4014987967158,834.1140073126062,74530
2016-01-05,831.003662109375,867.1014614448115,829.4013979037328,829.4013979037328,39656
2016-01-06,818.7511596679688,839.7689340544198,813.1903771616923,831.0036805913217,54265
2016-01-07,823.8877563476562,834.0196480520282,802.0688223646938,818.7511113737822,13494
2016-01-08,832.8416748046875,843.5390464052286,810.5514859312811,823.8879083903303,25910
2016-01-11,848.2044067382812,867.1015541024312,808.7606765280702,829.4014865327603,37056
2016-01-12,844.717041015625,858.8074511407808,831.8518714392368,843.5389140407078,93068
2016-01-13,843.7745971679688,852.681249212895,816.3478223256095,839.7689651791792,21879
2016-01-14,844.2457275390625,856.73387254592,824.6888212075688,824.6888212075688,13269
2016-01-15,814.981201171875,844.4814917791003,802.1160304352582,844.4814917791003,10740
2016-01-18,791.6543579101562,829.2130297081691,766.2539241946204,829.2130297081691,181533
2016-01-19,802.4459838867188,809.043495897683,777.5639155779293,793.5864447474139,149355
2016-01-20,807.158447265625,845.4239917760759,777.6109856128588,804.84930668595,14990
2016-01-21,797.7805786132812,810.504351613411,784.915407347299,795.0473006622171,104294
2016-01-22,790.6175537109375,824.5947871199788,786.9889450583896,824.5947871199788,11023
2016-01-25,791.6070556640625,803.9538026594439,786.9887751707334,801.0791845067802,18648
2016-01-27,803.5768432617188,805.838870117957,792.6438476832769,792.7380748332316,9633
2016-01-28,787.7428588867188,804.3780358362523,785.1038658009383,803.5768749271369,83113
2016-01-29,790.2876586914062,801.1264280115627,786.9889028113586,787.7428926502221,51350
2016-02-01,766.772216796875,791.7013973003487,758.7138390795009,784.1613839927263,50635
2016-02-02,752.5404663085938,778.4592621093261,748.770459646669,760.5988440433106,187026
2016-02-03,748.53466796875,765.1226705864628,733.7373836022623,749.1944304931902,64828
2016-02-04,750.513916015625,776.4327066809788,742.6911652472269,776.4327066809788,149391
2016-02-05,749.6185913085938,764.934241629436,742.691227866074,742.691227866074,12618
2016-02-08,754.1897583007812,771.9087760880095,750.1841266788349,750.2312402515942,10120
2016-02-09,754.2369995117188,756.6874809671905,745.518858623892,745.518858623892,8063
2016-02-10,738.1201782226562,754.048421333582,735.1512750630693,753.0588061222979,19867
2016-02-11,714.9817504882812,758.6667378137143,686.8952119667248,758.6667378137143,25873
2016-02-12,709.13818359375,748.4404518957748,705.9336553389293,721.9561815615751,107759
2016-02-15,725.7262573242188,742.2671494762667,706.9233382429444,715.3587393624442,30152
2016-02-16,710.1749267578125,735.1983317163956,704.2842919970476,735.1512181434555,4350
2016-02-17,731.7111206054688,747.780819487071,674.6426581672467,714.3691250538907,11626
2016-02-18,753.5771484375,778.4121002995581,731.3812470958586,731.3812470958586,55754
2016-02-19,733.0307006835938,754.0484771890459,721.0138039510758,735.6696939510773,15830
2016-02-22,714.6519165039062,751.2209710856052,709.7508961417584,733.0306997176566,43388
2016-02-23,711.8243408203125,724.783737955406,708.7612105883813,724.783737955406,10431
2016-02-24,708.5726928710938,725.1135844808754,705.7451880651231,706.9233150676108,8063
2016-02-25,701.5038452148438,713.5207391731668,695.5660973523469,711.588622630111,9136
2016-02-26,697.5454711914062,705.9337591637268,688.0262272223239,705.2739964817908,13451
2016-02-29,708.0072021484375,726.6687220260617,680.6275426096706,699.3361760613979,14860
2016-03-01,717.1023559570312,726.7158842729383,706.8762360852916,716.3012525664287,16424
2016-03-02,715.7357177734375,732.465120699492,706.876179974136,722.8044795731788,34697
2016-03-03,721.0137939453125,725.7263024024714,713.0025295681423,716.2070583293056,122490
2016-03-04,717.1494750976562,730.4387243628688,714.4161975058769,730.4387243628688,101406
2016-03-08,714.2276611328125,725.3491678872706,704.4256795550397,710.9760192890536,35367
2016-03-09,708.1485595703125,723.6998360893516,704.190098840598,723.6998360893516,7733
2016-03-10,714.0863037109375,730.1559432134419,711.5415380872784,711.5886516584015,12605
2016-03-11,711.6358032226562,726.4802030398378,699.2419420177179,715.358695951794,53358
2016-03-14,718.6103515625,722.0033342892476,708.9968238024057,718.9402041099751,49626
2016-03-15,711.3532104492188,724.7838606630662,708.7613305833886,724.7838606630662,5159
2016-03-16,718.2333374023438,720.0712270393316,708.7612077664625,719.0816118581021,8842
2016-03-17,725.9619750976562,746.4613882211539,714.4634422082931,719.5529746837341,34744
2016-03-18,732.6065063476562,737.0362755189657,717.3379684187149,721.9562494213909,21531
2016-03-21,732.182373046875,741.7959012409362,719.1758619729025,739.8637843919387,140205
2016-03-22,732.6536865234375,739.8638476670492,725.8677201832613,739.8638476670492,17899
2016-03-23,715.59423828125,748.3461642348535,706.8760997180606,736.2350434033071,58371
2016-03-28,697.2626342773438,720.0711832628035,689.9111337020578,720.0711832628035,22756
2016-03-29,678.1298217773438,700.8440846667532,673.8885650740802,696.5557143941542,29780
2016-03-30,707.2532958984375,710.6462789947484,678.6954484805779,687.9791247043739,21838
2016-03-31,714.887451171875,719.1287082981419,702.493532337047,707.9129164428325,18065
2016-04-01,714.0863037109375,727.0928132559719,706.9703711737711,716.2069321430321,134944
2016-04-04,733.8317260742188,742.6912641646485,718.1862224536322,720.024112087105,17087
2016-04-05,708.1485595703125,730.4858591664425,705.9337038036516,730.4387455912283,26490
2016-04-06,701.9752807617188,720.7310882995536,697.5455111018254,708.7613047592426,18762
2016-04-07,712.5782470703125,714.4161364991693,701.2211155084195,704.7083825611201,7739
2016-04-08,701.5510864257812,715.3587587317544,697.4512272220004,711.4473538390664,12956
2016-04-11,703.05908203125,708.714091647386,698.9120519691239,706.8762020169953,6240
2016-04-12,704.0015869140625,708.8554356750883,700.3258076361547,702.6349480786489,8971
2016-04-13,714.4632568359375,720.5895166396668,704.1428538152788,704.1428538152788,66814
2016-04-18,720.3070068359375,739.9110329391464,711.5888651110668,716.3013741515374,24138
2016-04-20,737.6017456054688,752.1162935795787,725.9147600201736,725.9147600201736,260238
2016-04-21,739.8637084960938,749.2887238909485,737.9787054171228,746.461219272492,9978
2016-04-22,733.8317260742188,739.8637593518389,717.4322326753628,730.4387433091404,20222
2016-04-25,724.0297241210938,742.6441302967836,718.9873061605948,742.6441302967836,4544
2016-04-26,722.239013671875,734.9627861368232,712.5312580370988,724.2654152599205,65351
2016-04-27,731.899658203125,737.9788054620788,723.8412804532267,728.4123905291275,10313
2016-04-28,731.899658203125,740.8063104638492,721.0137754514562,735.0099021999251,9207
2016-04-29,727.5640869140625,737.5074668145311,716.3011818262538,732.0880828730824,264262
2016-05-02,714.793212890625,730.4858294979551,712.5311861148888,730.4387159246545,9951
2016-05-03,710.1278686523438,724.7837575767395,688.2618192073004,715.3587412233359,187331
2016-05-04,690.2410278320312,700.9855691458712,687.2250687147798,699.1476795098547,23253
2016-05-05,701.3154296875,704.9912090014103,689.5813305850018,694.4351793935688,29503
2016-05-06,696.7443237304688,708.9968448106123,691.9375884708599,702.3522198838351,9838
2016-05-09,709.9392700195312,715.1701419509718,695.5661218379212,701.032619149388,14940
2016-05-10,716.3482666015625,718.1861560651424,703.1061317908087,714.5103771379826,205330
2016-05-11,706.8761596679688,723.8883010721654,704.1428821736276,714.4161720377604,116117
2016-05-12,723.9354248046875,726.0089397406276,707.2531932229733,707.2531932229733,74352
2016-05-13,713.8507690429688,723.93549062543,704.9912305683135,723.93549062543,12986
2016-05-16,707.5831298828125,718.4690126835545,702.3522571111039,715.0289160980012,8584
2016-05-17,703.1062622070312,708.3371350922979,697.2627402116912,708.148623248757,60995
2016-05-18,688.6388549804688,707.1118643476677,685.3400991987735,705.9808508602251,27659
2016-05-19,686.8008422851562,698.9590769025084,683.9262242666579,689.2513231310869,124616
2016-05-20,665.1705932617188,690.9951635697422,661.6362117884896,686.9895312334158,50542
2016-05-23,664.6992797851562,678.2241552717315,659.1856682165871,668.5635134882535,17182
2016-05-24,669.1290283203125,671.0611451121883,660.6936274208484,668.846289342968,104104
2016-05-25,669.6943969726562,678.4125354265576,662.6256360640875,673.3230620878223,38409
2016-05-26,699.8544921875,702.1636324167005,650.3260488154675,659.9866893956973,185005
2016-05-27,708.6198120117188,714.416219919778,699.2890805941694,699.8545585495118,40961
2016-05-30,698.0639038085938,711.3060411257185,692.7387462185234,708.7612750426252,11055
2016-05-31,689.487060546875,706.8762272421795,678.6011781524924,706.8762272421795,34354
2016-06-01,707.8658447265625,715.3587442645196,691.8433168576602,692.7858184970074,34740
2016-06-02,714.3692016601562,716.2070915488418,702.7292707156408,708.7613048308808,13855
2016-06-03,717.6677856445312,720.966540926543,709.7036363871003,709.7036363871003,20861
2016-06-06,718.9402465820312,721.0137617156416,711.6829723772627,715.3587518198326,17084
2016-06-07,757.8184204101562,763.426316586525,719.3643655983522,721.0608570189531,198765
2016-06-08,750.6084594726562,758.7139519741316,743.4454112491306,756.8289483667425,22433
2016-06-09,745.1417846679688,754.048436803725,730.5330090304617,754.0013232261705,22897
2016-06-10,753.765625,758.7137582056893,737.1304494029621,742.3142079993985,88748
2016-06-13,765.6883544921875,779.8258790764174,726.7629907830199,754.0484247357306,44800
2016-06-14,754.3782958984375,770.8720737289505,749.2887643004436,763.6619135527477,23976
2016-06-15,754.7081298828125,771.908783483014,753.4357757774733,754.0012537074617,11287
2016-06-16,754.1897583007812,765.2641516085151,750.4668656411204,763.4262620650644,11408
2016-06-17,760.2218017578125,771.9088451339936,754.9909291475826,762.2482032992885,96957
2016-06-20,756.4517211914062,760.0803866751675,740.8062184681468,753.0587386209279,10883
2016-06-21,760.1275024414062,772.4271362020512,754.0012423473341,755.03797104527,24488
2016-06-22,756.6402587890625,766.2066728600006,754.3311184072087,766.2066728600006,17504
2016-06-23,761.7769165039062,768.3273141144683,754.236903720694,760.363164107054,24037
2016-06-24,754.6139526367188,765.7354603591892,739.8637791253901,747.4037921610629,64023
2016-06-27,750.4669189453125,760.0804470259596,744.5762837887559,752.8702865840409,11441
2016-06-28,763.8504638671875,767.7618111486527,750.7496680913531,755.0380390382355,10585
2016-06-29,773.9352416992188,787.1773781847915,767.6675828071964,768.091720048701,43711
2016-06-30,778.3649291992188,787.1302401656772,775.4903108027621,775.5374243779697,38725
2016-07-01,805.1790771484375,837.8838930270816,770.6835428080084,778.4120671622233,234030
2016-07-04,809.4675903320312,819.9765076646968,806.0274935222157,811.4939920681654,19524
2016-07-05,802.4459838867188,811.1169536519659,794.2933210343028,810.5514756327505,13883
2016-07-07,842.2664794921875,851.6443232964767,804.2365098578078,804.2365098578078,339842
2016-07-08,846.837646484375,855.7914112496522,823.7463584055022,838.8263832733375,37242
2016-07-11,850.7963256835938,860.9282193109542,846.8378069007792,850.1365629655012,154620
2016-07-12,843.3504028320312,858.5718263693079,832.2288956858825,850.8433019030923,33503
2016-07-13,852.7754516601562,859.5614748085281,830.7209483351144,841.6539440833506,30527
2016-07-14,863.6142578125,866.159023794519,843.1619603265682,848.4400041273735,17871
2016-07-15,857.2523803710938,863.8027784669067,851.4560296300475,855.0375244622425,13256
2016-07-18,859.5615234375,871.8140451531661,857.7707472533772,859.2787844415167,107827
2016-07-19,855.2730712890625,865.2164514646923,845.9422826257194,862.3418331474342,10616
2016-07-20,865.970458984375,872.7564820127307,845.8951864000278,854.2834736542876,524553
2016-07-21,855.6029663085938,866.1589960462961,853.2467122388268,862.5775013653973,7013
2016-07-22,851.0790405273438,856.7340507634058,843.539026879261,855.8857762177009,7047
2016-07-25,855.8385620117188,858.7131803719172,846.6020578839538,851.597304833341,5431
2016-07-26,838.5907592773438,856.7339142265866,835.5747427936224,854.8017975423327,32994
2016-07-27,835.4334716796875,844.8584880229794,829.401438209687,839.2034782170043,4536
2016-07-28,838.3276977539062,845.3971997013412,829.8822431453821,841.1270377365819,9434
2016-07-29,835.3385009765625,847.4847269946997,829.0756203802997,841.2218463984369,11503
2016-08-01,826.418701171875,848.7658705126645,823.3821299722724,844.40078131393,7893
2016-08-02,811.9000244140625,839.6086397720095,807.4401242503476,828.5062081829622,12097
2016-08-03,811.6627807617188,835.0537995643516,801.8414325362239,815.2687412304185,119214
2016-08-04,802.3634033203125,830.1668901185008,797.0968819339472,813.276039203932,6088
2016-08-05,820.4403076171875,842.6451697160009,801.1297123116371,807.6298236181267,228091
2016-08-08,865.609130859375,880.744491546688,810.3817012295017,810.3817012295017,59828
2016-08-09,857.5433959960938,867.3173103386746,846.4883983591303,867.3173103386746,13587
2016-08-10,854.8864135742188,880.6022536328078,821.0572197799429,858.6821129433257,377421
2016-08-11,861.2916870117188,872.0619611889982,822.3382745112194,844.5431397804227,110916
2016-08-12,823.5244140625,860.0105864013456,815.8381458871439,859.7259205277726,29824
2016-08-16,808.9583129882812,822.7651558961993,807.5349259273048,820.7724371779393,15846
2016-08-17,814.88916015625,819.8710152838428,805.9218093430284,807.5349930631368,10343
2016-08-18,812.5643310546875,820.2506570296551,802.8852860775669,814.9840778195237,9012
2016-08-19,800.0384521484375,814.1774544190945,797.5712709082155,814.1774544190945,10804
2016-08-22,799.4216918945312,804.6882128360239,792.352190705283,800.038458250405,10869
2016-08-23,790.9762573242188,801.7940232368727,790.2645637225382,801.7940232368727,3820
2016-08-24,794.0128784179688,797.1443188795633,790.217178969302,790.928872615927,3155
2016-08-25,796.9545288085938,797.144325366127,788.1295391021879,793.8705229814567,26179
2016-08-26,787.5601806640625,797.1442983581043,782.8629911337051,796.1005042037029,10337
2016-08-29,781.6294555664062,793.3012203103834,779.0673467402211,788.2719298991486,5999
2016-08-30,795.5786743164062,798.9947808536564,781.439669872905,782.7206953449287,19110
2016-08-31,794.107666015625,801.8414260135147,785.7097050167931,795.5785457348372,16941
2016-09-01,787.4178466796875,803.1225417173138,784.0966096298907,796.7172988355629,19816
2016-09-02,776.7898559570312,790.2646003570571,770.5269751390217,790.2646003570571,16471
2016-09-06,787.22802734375,792.2573753507138,774.4650345273308,777.2643164826554,39162
2016-09-07,804.783203125,811.330808253456,787.6076852051093,789.0310725880101,20125
2016-09-08,816.3599853515625,819.871018658539,798.7574420785014,804.7830913286166,217000
2016-09-09,807.2029418945312,828.4113889955191,804.6882678902637,817.0717255236518,26886
2016-09-12,777.311767578125,804.3561241864555,774.3226313122003,804.3561241864555,18297
2016-09-14,780.8228149414062,787.6076510057358,773.3737777947887,782.8155919416059,42994
2016-09-15,782.5783081054688,797.0968462209381,778.1183498823443,786.6586732347115,6147
2016-09-16,847.8169555664062,860.6748762577037,782.6258039620078,782.6258039620078,98750
2016-09-19,849.097900390625,865.8464462961612,776.7898189675167,844.5430729291684,44282
2016-09-20,839.181640625,848.3387882966542,830.641317252886,848.3387882966542,9188
2016-09-21,840.5101318359375,863.5215579686177,833.203399377264,839.3239758497169,35329
2016-09-22,839.9882202148438,853.0833704920122,833.8676438485603,840.0356548699152,6661
2016-09-23,815.6483764648438,847.1526943519384,811.568011027158,845.9191035802352,30833
2016-09-26,806.586181640625,824.615755112592,799.1845788514789,816.0754308363971,8860
2016-09-27,823.050048828125,846.6308690622583,806.5862237804263,807.86724932167,51556
2016-09-28,816.4548950195312,824.615624871868,802.8852244785617,824.4258283343731,39517
2016-09-29,809.7649536132812,825.5645746750334,783.8118835420432,820.7725160262789,27252
2016-09-30,802.0311889648438,809.7648907211128,789.8849640712555,792.3521451885674,11156
2016-10-03,836.4296875,843.5940573937501,801.8888052899995,803.9290165599147,19094
2016-10-04,844.2109985351562,854.0323473627174,826.3237307313942,826.3711653893592,25458
2016-10-05,867.0800170898438,900.5296155603412,848.5759838933984,848.5759838933984,72572
2016-10-06,864.423095703125,871.1130042502499,847.1526520091619,867.0800736750173,26737
2016-10-07,847.674560546875,853.036009139416,836.9517212795696,844.6379894303325,16648
2016-10-10,829.9295654296875,853.0833525594779,823.714119883915,853.0359179054036,9479
2016-10-13,851.3753662109375,863.5215924107423,815.173860900454,835.0538476059926,45027
2016-10-14,856.4520874023438,872.0619123240162,850.2366413953412,854.0323406872847,68279
2016-10-17,835.6231689453125,866.2259942299203,826.6083832025598,853.9848988667418,36367
2016-10-18,835.81298828125,849.2877326055866,831.2581606284848,837.046578990865,13682
2016-10-19,831.6378173828125,844.4957383775571,828.3165801854655,836.0028488179279,11890
2016-10-20,819.7761840820312,843.072277082874,816.1702233925885,831.7326137769745,15056
2016-10-21,832.302001953125,838.7547375711446,818.9221841053064,818.9221841053064,13486
2016-10-24,819.1593017578125,832.9661454775611,816.0752962776933,832.9661454775611,10053
2016-10-25,806.8707275390625,822.7177829228611,805.6371369106218,822.7177829228611,15374
2016-10-26,806.6809692382812,818.9221226277527,797.0968516886585,802.8378352869088,20013
2016-10-27,803.0751342773438,813.1812076670936,796.1479940651009,798.6151756471776,16658
2016-10-28,807.2029418945312,809.4328921113148,797.096869136582,803.0750840715511,6097
2016-11-01,812.184814453125,821.1046734261279,806.6335692467708,821.1046734261279,7339
2016-11-02,807.6300048828125,815.07910051962,802.1736863993357,812.1373984126411,12512
2016-11-03,810.618896484375,813.8926981678649,808.1042229506506,808.1042229506506,12067
2016-11-04,811.23583984375,824.6156564416898,798.9946866788295,815.8855366426418,117215
2016-11-07,804.8781127929688,823.7142489149478,796.0531227952379,823.666814253443,10875
2016-11-08,810.2394409179688,815.7906859103598,789.5054566010255,815.7906859103598,14447
2016-11-09,804.5933227539062,823.6666871580854,774.6547004060519,780.0161484377261,15710
2016-11-10,826.1339721679688,830.309264780835,808.4839926780245,820.8200160404825,15628
2016-11-11,837.331298828125,849.287728599964,820.3455210890155,824.6156828529259,39347
2016-11-15,806.016845703125,830.3093003520264,770.5270307266806,826.7508319219463,21623
2016-11-16,816.9769287109375,820.725193761772,792.3523152347562,802.7904894474296,4889
2016-11-17,801.6043090820312,817.9732636030908,798.0458407078879,813.4184356677432,3990
2016-11-18,790.6915283203125,801.6041626745683,787.6075229593272,801.6041626745683,9757
2016-11-21,796.1953735351562,802.8378473994444,780.6330409466324,792.4471088424671,7235
2016-11-22,804.0239868164062,830.1194193149297,784.8082592493117,806.5860954089071,38946
2016-11-23,793.3960571289062,803.7393613332456,785.045529893415,803.7393613332456,53543
2016-11-24,778.403076171875,798.283064213405,773.468655157223,792.3522836471836,25091
2016-11-25,787.1805419921875,789.457984638028,777.1219624615653,783.9067399079564,46309
2016-11-28,782.8156127929688,787.6551066464859,778.1184229246845,787.6076719847416,8604
2016-11-29,785.7572021484375,787.655051828365,779.1621629271342,786.9907928568352,16591
2016-11-30,790.5017700195312,829.3602510306666,780.016162868659,787.5601263923664,66360
2016-12-01,787.1331176757812,804.7356610444698,783.4797803811042,802.2210450876704,7925
2016-12-02,787.22802734375,792.3522446679948,779.067296853202,789.1733696079941,4181
2016-12-05,785.994384765625,792.3521923838764,779.2570419855177,789.6002873510031,24503
2016-12-06,787.1805419921875,789.5054192936138,780.1110407767371,780.1110407767371,14517
2016-12-07,783.0529174804688,790.2172896093713,780.538243076531,787.6077458730449,3772
2016-12-08,787.22802734375,789.552904794894,780.5381187777132,780.5381187777132,12460
2016-12-09,781.1549072265625,800.8925314901587,776.4102832248436,788.3192778856035,19786
2016-12-12,784.3338012695312,786.8959098765008,779.0672800827341,786.8959098765008,2222
2016-12-13,786.5162963867188,789.5054326703082,779.0672598825998,784.7608086758953,5290
2016-12-14,781.0125122070312,788.1294479076927,778.2606651534381,787.7024201820988,10572
2016-12-15,783.8593139648438,787.6075784821387,778.1183305486189,778.1183305486189,1934
2016-12-16,783.7171020507812,788.5565958982071,780.0162717549052,788.5565958982071,30872
2016-12-19,770.43212890625,788.2719049663646,761.037749479972,788.2719049663646,5293
2016-12-20,753.7310180664062,769.5780750926842,747.5630063671431,768.6291502158745,10128
2016-12-21,743.4826049804688,765.592541956001,740.1613680724513,764.8334136748664,4394
2016-12-22,737.1721801757812,746.7089203937545,735.7013583742786,741.1576757704574,5150
2016-12-23,730.4822998046875,740.6358067530826,716.106123828498,737.3145699514993,7562
2016-12-26,706.0000610351562,735.4167302449544,703.4379524559092,735.4167302449544,6442
2016-12-27,719.6170654296875,725.7376416884567,706.0000183503871,710.0329485627382,5344
2016-12-28,710.6972045898438,730.6246243817285,705.1459600400136,730.6246243817285,9216
2016-12-29,708.1351928710938,717.3397758058717,702.2044123612856,710.6973016348866,5429
2016-12-30,705.6204833984375,727.7779130231016,702.2043771631324,727.7779130231016,26896
2017-01-02,699.9268798828125,711.6935700751636,693.8063615143828,706.9963809291133,10434
2017-01-03,729.8655395507812,742.0592001716586,700.3539432587633,700.3539432587633,28552
2017-01-04,741.3474731445312,747.7527153125001,729.7231447656251,730.67206953125,45175
2017-01-05,769.1984252929688,773.2313557222252,745.9497675243135,749.6505974382702,38963
2017-01-06,764.2166137695312,778.1183861526622,752.5448495607967,777.9760242563771,178548
2017-01-09,762.4610595703125,768.2020428970262,756.293048509694,764.8333715167043,12957
2017-01-10,759.377197265625,768.6292156015699,751.5960010302995,768.6292156015699,26644
2017-01-11,781.4395751953125,784.760812005493,759.6617393850032,765.260418889274,8507
2017-01-12,793.1588745117188,797.0969361132,781.4396748681193,784.286449639952,25938
2017-01-13,798.7101440429688,801.8415848024276,785.8047299392659,800.7502979400213,5608
2017-01-16,781.8665771484375,797.7136324178144,779.162106798697,788.3192540118049,2731
2017-01-17,802.8378295898438,806.5860941993841,773.8956226803365,787.0382661423675,11529
2017-01-18,802.695556640625,808.4839750791278,797.0968768385767,802.7904259588523,187974
2017-01-19,784.6184692382812,808.3890824646281,780.0162069991312,808.3890824646281,11572
2017-01-20,780.633056640625,788.509121368782,774.6073490490705,788.4616867094958,54775
2017-01-23,768.6290893554688,780.6330112637469,760.7055904286051,780.6330112637469,7221
2017-01-24,769.9575805664062,782.8629342548935,762.9829487651089,776.9795891048176,29354
2017-01-25,762.9830322265625,778.1183955280104,759.1398980761078,775.0343896920763,1609896
2017-01-27,758.2384643554688,776.2206036144454,754.3953299186848,773.3263941209553,179498
2017-01-30,750.7418823242188,764.3589301030797,745.8548964134335,759.2822055655939,147887
2017-01-31,765.0706787109375,771.0014591660611,748.6068553346257,751.8331651515462,133201
2017-02-01,767.253173828125,775.2716003726953,760.3734686840588,764.8808617094815,116084
2017-02-02,771.0489501953125,776.2206027138204,756.3880482548752,768.5817685127237,101516
2017-02-03,788.08203125,794.1551730203599,771.8554406490475,778.0708863860078,16245
2017-02-06,810.8563232421875,816.0754101676785,787.6550979625855,787.6550979625855,36402
2017-02-07,825.374755859375,834.3895412016466,792.3521853470291,807.6773435959997,32125
2017-02-08,831.5902099609375,842.6452068439611,806.5860651096474,828.6485663023525,26723
2017-02-09,815.8856811523438,835.0539772128315,808.5315126030262,835.0539772128315,63442
2017-02-10,828.0318603515625,844.5431770933079,791.3559470183473,817.688613495133,30505
2017-02-13,816.8818969726562,831.590231481765,811.5205065635486,828.0317634553678,14645
2017-02-14,808.8161010742188,831.9224567321146,804.7831703203904,825.4222865311593,14799
2017-02-15,800.0384521484375,817.9257188522473,792.257315351843,815.6957108872662,13667
2017-02-16,804.0239868164062,811.3307194995477,791.4032983188571,797.2392091174548,10077
2017-02-17,806.586181640625,817.9732806755516,799.0422169464301,815.9330689313482,13147
2017-02-20,811.1883544921875,816.0753404538757,800.9399780793449,806.6809616234016,13012
2017-02-21,814.6519775390625,834.1049368163493,811.3307405892818,813.0862283813411,16838
2017-02-22,806.3014526367188,819.5389658122377,797.0968700537335,819.0170108131007,28920
2017-02-23,810.1920166015625,814.1775125121,805.6371889542808,806.8233450039778,7638
2017-02-27,809.9547729492188,822.7178234314508,802.4583015809582,814.1300653471227,18968
2017-02-28,815.6483764648438,817.9732540256185,807.1080524668965,809.8599578111243,15206
2017-03-01,825.9442138671875,833.4406854429583,816.0753722450207,816.1228069040378,21778
2017-03-02,833.013671875,850.7111438232643,825.754431388357,825.8967353678338,53969
2017-03-03,831.3055419921875,836.3823243161974,823.1922467061881,835.907861926165,9619
2017-03-06,822.4805908203125,831.2581454382391,821.7688972026427,821.7688972026427,4991
2017-03-07,825.7069091796875,830.3091711325709,821.7214135746968,825.4696779879354,10191
2017-03-08,823.3821411132812,829.360356354708,820.8674669801056,829.312921693621,13724
2017-03-09,816.0753784179688,825.279961130192,811.5679853394975,825.279961130192,15139
2017-03-10,811.3307495117188,820.7251287258072,805.2101726248294,819.4440454232805,5541
2017-03-14,820.6776123046875,832.207072103563,803.7867619914997,814.1775004160286,36022
2017-03-15,820.1082153320312,830.309156396329,814.177435643486,825.327301457951,20122
2017-03-16,833.0612182617188,834.8641408759887,823.1449411709992,823.1449411709992,69267
2017-03-17,860.5800170898438,868.1714163084807,830.309289538417,830.309289538417,165680
2017-03-20,867.3173217773438,884.3505345927409,858.966794595428,865.4194720579185,35672
2017-03-21,868.2662353515625,872.915990270829,857.8754966892099,870.0692157286927,49071
2017-03-22,868.6932373046875,872.8684717584282,860.6273763416315,868.2662095525003,32306
2017-03-23,863.9012451171875,878.6570156088993,858.7770275316549,866.0363261248629,13821
2017-03-24,864.8025512695312,870.0691299877093,859.8206963117298,859.8206963117298,28946
2017-03-27,854.3170166015625,864.4230892523688,849.2877265641233,855.9302004031724,23153
2017-03-28,859.7734375,866.2736081440775,848.4812653701504,862.1457498698569,17359
2017-03-29,872.7735595703125,876.8064898537307,854.0322953120753,854.0322953120753,24154
2017-03-30,939.1034545898438,953.4796306066776,871.2078385913024,877.5182116992609,231454
2017-03-31,929.89892578125,946.837211322164,907.1721638583562,929.9463604405744,172916
2017-04-03,931.0851440429688,958.4141701834556,916.2344458626176,928.9974976332704,49092
2017-04-05,938.439208984375,942.139981018546,928.9973954754062,939.4355684582758,51851
2017-04-06,934.7858276367188,941.9502564433468,922.4498048365464,922.4498048365464,14796
2017-04-07,926.5302124023438,938.5815112169234,911.869312429108,938.24941069883,22488
2017-04-10,936.209228515625,943.5159614026032,913.8146253501664,926.530241434922,24808
2017-04-11,940.52685546875,944.1801928468263,926.1031866678366,936.541359654083,19004
2017-04-12,963.7755126953124,990.0133070291184,929.851450517758,939.4355679938176,589124
2017-04-13,954.14404296875,982.89651546106,944.1803309337704,982.89651546106,28275
2017-04-17,943.5159912109376,958.4141233253928,932.1288927159824,948.0233843651906,36738
2017-04-18,941.5706787109376,950.3482335389306,935.3077978926692,940.0524221240167,46153
2017-04-19,945.129150390625,951.7716243391534,929.8039908994092,939.4356012918862,18960
2017-04-20,946.4576416015624,966.0054697877208,933.647156491411,933.647156491411,21068
2017-04-21,965.0565795898438,977.2977334125188,942.4721795763112,954.4286096076588,307147
2017-04-24,992.7177124023438,1009.6559970810008,956.75343896327,956.75343896327,97920
2017-04-25,1003.6304321289062,1014.8751688976876,984.0351100017784,984.0351100017784,37103
2017-04-26,972.2682495117188,1008.706982097982,963.1585953240374,1006.7616400786296,39083
2017-04-27,981.2830810546876,987.8306851318922,972.7427581284752,977.250150783976,17137
2017-04-28,978.8160400390624,997.4624375995506,952.7206051373907,967.9034036256362,20750
2017-05-02,976.7284545898438,1015.3496520290616,949.3993708925944,1010.6050274868696,88740
2017-05-03,981.0934448242188,987.6884263268444,969.326753286329,987.641049584747,358549
2017-05-04,982.2796020507812,990.6775639806324,952.7205691921024,983.3708888180626,15285
2017-05-05,963.111328125,986.3125532554678,954.9031046641956,968.6625155611374,14829
2017-05-08,976.25390625,985.9328931303417,955.5672987317172,976.9655998687176,17456
2017-05-09,959.7426147460938,976.2064376971316,959.2681523219396,963.158721032893,38346
2017-05-10,991.8162841796876,1013.926281241978,965.0566476584852,974.6407662232812,28779
2017-05-11,976.8232421875,1015.3495670796748,969.8486099433436,1015.3495670796748,19204
2017-05-12,966.3375854492188,984.7467504704624,960.7389636566168,975.1626327753692,12593
2017-05-15,977.8671264648438,982.1372885891444,967.9508495037452,972.410808194904,15356
2017-05-16,968.899658203125,982.0896782098524,957.4651259142646,975.399827852216,16682
2017-05-17,966.9544677734376,969.5165765728798,957.46521882571,968.852317562983,11169
2017-05-18,958.8885498046876,966.0054860971518,956.563672365594,960.6440375897184,9451
2017-05-19,941.4282836914062,965.6733589947164,930.8952414355448,958.461495666162,18403
2017-05-22,960.7389526367188,963.1586993619054,934.6909545531792,946.2204143678232,19597
2017-05-23,942.3297729492188,963.1586841556468,933.7420149843908,946.3627034001169,24692
2017-05-24,932.5084838867188,949.8737974717272,927.1944698494968,939.4830585332112,8956
2017-05-25,944.8919067382812,948.877402638483,928.475518636602,938.723895295852,7485
2017-05-26,963.4432983398438,971.6989553447844,939.435513468102,939.435513468102,31488
2017-05-29,949.9212036132812,963.1587167721784,942.8991945175292,961.1185051902302,7377
2017-05-30,946.5524291992188,958.4139884623668,940.9063154064062,940.9063154064062,12876
2017-05-31,958.36669921875,967.8085134083458,930.8953122136004,945.1291854890376,37512
2017-06-01,936.63623046875,948.9248184512486,931.844171719126,941.2859852462708,16339
2017-06-02,927.7637939453124,946.4576241977092,922.4497802837084,941.3334070807648,14858
2017-06-05,933.7894287109376,939.1034422895564,925.4863367922578,929.9937295481124,10123
2017-06-06,915.570068359375,944.1801741916896,913.1028870512096,944.1801741916896,6692
2017-06-07,905.9860229492188,915.7125029023264,901.4786298002176,915.570141004194,36655
2017-06-08,913.6248168945312,914.7635382767712,888.2885122902399,901.4785906254486,15753
2017-06-09,912.0116577148438,920.4096774575038,900.5296901019403,913.340175682948,17271
2017-06-12,903.9458618164062,924.3477477361477,903.3765300276189,924.3477477361477,27098
2017-06-13,903.281494140625,916.0444857143756,899.5806644425821,914.0517669032882,24788
2017-06-14,911.6795654296876,915.3329029983604,892.9382993175498,892.9382993175498,29872
2017-06-15,915.1906127929688,937.5377821503448,902.6173581234424,911.6795791507528,31469
2017-06-16,917.8475341796876,924.9644703454644,912.153985247066,919.4607179608186,26930
2017-06-19,906.0808715820312,920.4571062540374,901.5260438769068,915.0007883561398,12044
2017-06-20,910.6357421875,913.956979114058,905.274293696089,905.274293696089,14452
2017-06-21,896.496826171875,913.909575442184,890.5660453689386,913.909575442184,27262
2017-06-22,888.8578491210938,905.1318742762368,885.441685177375,905.1318742762368,5480
2017-06-23,887.529296875,893.6024383721996,874.0071193431553,893.6024383721996,6127
2017-06-27,884.8724365234375,900.5296967943616,872.7736444959052,900.5296967943616,6942
2017-06-28,893.744873046875,896.6391402585756,874.9561720487702,880.64972131594,5752
2017-06-29,894.5514526367188,899.485873357302,882.5475303189535,882.5475303189535,6904
2017-06-30,888.5732421875,903.9457782412868,880.08035329699,903.9457782412868,136571
2017-07-03,885.7738037109375,889.6643719496064,873.959679200086,873.959679200086,14828
2017-07-04,886.6279296875,892.7010720265163,882.5949989874068,891.6572778359562,16921
2017-07-05,883.9234008789062,896.733884949615,876.9488271630728,890.70823597976,8907
2017-07-06,879.4161376953125,887.2447680012056,878.2774162490814,883.4965031196767,4852
2017-07-07,870.543701171875,898.6318542299013,863.5216339484796,874.0072422057269,38552
2017-07-10,876.1897583007812,898.6318547139157,869.689646087966,898.6318547139157,1131
2017-07-11,878.4197387695312,885.8687756201479,873.0108555807475,874.9087052667926,2995
2017-07-12,868.21875,882.3102599937021,861.0068868303352,868.2661846560442,35894
2017-07-13,868.3136596679688,884.2555853304938,864.5179603236639,870.1640746818725,16474
2017-07-14,865.0872802734375,875.1932942127133,862.6674758021932,872.4888818149086,6692
2017-07-17,853.747802734375,877.7555927692641,837.9481788974149,877.7555927692641,61843
2017-07-18,849.0031127929688,854.0798378000723,838.5649389768253,853.700302593789,7176
2017-07-19,873.2481079101562,875.2883195391057,838.849581518694,851.1856047763218,30570
2017-07-20,890.4236450195312,898.2522753414152,869.2626316118128,875.4306433805699,22255
2017-07-21,881.2664794921875,915.7124383889636,877.7554461241363,910.9678143558602,10503
2017-07-24,869.8794555664062,889.5696469732396,864.4705721265155,875.9525400930273,11003
2017-07-25,865.1348876953125,878.1351710817988,854.0324542070641,874.9562377515807,5422
2017-07-26,868.0765380859375,879.9381000348538,858.6347231910435,863.5217098811103,19612
2017-07-27,862.5364379882812,873.234576010959,860.626058280666,873.234576010959,106085
2017-07-28,850.6919555664062,873.5210135769988,843.7190821535974,860.5782043141558,97284
2017-07-31,831.25390625,858.7633602607527,828.340589080313,850.6919949577307,22721
2017-08-01,837.3670654296875,842.9071539741125,821.463133764078,831.2538280909173,33314
2017-08-02,837.5103149414062,841.6176189798089,823.9944157045608,834.8357954489686,24587
2017-08-03,868.02880859375,875.909125150447,823.3736814391334,823.3736814391334,25015
2017-08-04,864.3990478515625,869.2227448304245,851.1218859016709,866.3571753419726,71194
2017-08-07,866.4048461914062,876.3865906826456,858.4290351439479,864.4467188749802,6048
2017-08-08,857.3783569335938,893.1024794308934,828.2450674976127,867.3123543564184,173830
2017-08-09,839.229736328125,857.3783425577125,832.9255069579108,857.3783425577125,40462
2017-08-10,822.9437255859375,840.5192404797052,822.4183828782765,834.835849751003,18414
2017-08-11,826.3345336914062,836.746124080504,813.869320557771,822.4182794900844,13547
2017-08-14,842.7161865234375,848.2085277787617,826.4779602033486,845.3429584281578,6281
2017-08-16,842.9549560546875,854.7515261706313,841.5221714268325,843.0027038822516,12150
2017-08-17,835.9821166992188,850.1189139452428,834.8358772900474,845.4862667791999,252073
2017-08-18,857.7603759765625,864.4467040743754,835.7432644002239,843.3847822262958,13491
2017-08-21,845.5817260742188,861.5811543845754,843.5280447919316,861.5811543845754,7865
2017-08-22,840.4237060546875,857.7126760824414,839.6118180603577,850.1189056583827,3062
2017-08-23,828.0062866210938,848.1608271555059,826.2392087432679,841.3789443348576,13848
2017-08-24,839.08642578125,844.2922214437405,824.5197824716153,827.1465542159757,4617
2017-08-28,857.3783569335938,863.1094958390327,840.5670394643703,854.4650396500276,83353
2017-08-29,851.50390625,858.7155771343116,845.3906685877137,857.3782881768881,3709
2017-08-30,843.3848266601562,860.3871930589074,842.1430916080294,852.3635755987448,7372
2017-08-31,849.2591552734375,861.7244277381529,841.9997367339663,852.650125413737,9789
2017-09-01,847.3010864257812,850.5010071829881,841.3788981036314,848.9249207189742,17696
2017-09-04,844.7220458984375,850.4531844921063,841.5221835037017,842.4296254410639,6878
2017-09-05,847.9697875976562,852.7457368378571,842.4774459714253,842.8117390981747,8181
2017-09-06,841.8086547851562,847.3965494029463,840.5669198590311,846.3458057730317,8030
2017-09-07,837.60595703125,852.9844894561405,831.0151241062064,850.1189200626709,38191
2017-09-08,839.2775268554688,845.3429586625323,829.1524801670997,839.5163243014185,15649
2017-09-11,841.6654663085938,850.1188722235637,833.9761422286946,850.1188722235637,39272
2017-09-12,851.933837890625,853.939713225789,831.206206793233,847.2533843750277,187082
2017-09-13,857.473876953125,882.5953565008559,850.1189039889197,852.0292835484454,165174
2017-09-14,911.155517578125,916.026961938864,866.0705501271509,888.3264594401913,383608
2017-09-15,912.635986328125,921.7580360612396,888.6129426899919,907.4301909411168,109195
2017-09-18,904.6602172851562,926.343036950402,899.0723803924217,921.5193402216084,42973
2017-09-19,891.383056640625,907.4779800714456,888.3264378825039,906.4750425274152,98925
2017-09-20,877.2462768554688,903.6094902487968,871.7061297465891,896.92316209685,63722
2017-09-21,883.8370971679688,898.785840636263,869.2227051048095,879.5387431317362,91522
2017-09-22,839.5162353515625,890.1890363531219,833.402998062903,888.9950492498799,467366
2017-09-25,807.8994750976562,842.381859890888,800.735552006284,842.2385581089984,137542
2017-09-26,837.1282958984375,841.5221453007179,796.2461291460887,808.0905050220288,108063
2017-09-27,840.5669555664062,849.6412579276345,829.5822737607089,835.7910069552335,31669
2017-09-28,862.2020263671875,868.2674577852296,842.1907900200274,842.4295874506614,86132
2017-09-29,908.146728515625,916.0270445926736,850.21444215641,862.2021211319272,112980
2017-10-03,892.7203369140625,908.1466750402252,885.460917972431,908.1466750402252,41207
2017-10-04,863.8736572265625,897.8783899514701,855.611242339393,897.8783899514701,33867
2017-10-05,883.0728759765625,887.371229618417,861.0080172684368,863.8735863630066,47381
2017-10-06,892.911376953125,901.6991344146552,876.8642006278108,876.8642006278108,41687
2017-10-09,882.404296875,897.8783827916535,874.5717291097649,897.8783827916535,7695
2017-10-10,876.6732177734375,892.9114449475157,869.3660505251987,883.598344068265,8309
2017-10-11,889.138427734375,900.4574621719511,869.8913876876173,876.8642617693239,18667
2017-10-12,884.6012573242188,893.962164076984,877.3895859382898,881.2580929982767,8314
2017-10-13,892.529296875,894.3441223612546,878.7745415994686,878.7745415994686,30320
2017-10-16,935.751708984375,959.010557246944,889.2817019889492,889.2817019889492,107986
2017-10-17,942.820068359375,962.2104093910956,936.0859920156208,952.3242184077284,60819
2017-10-18,936.2293090820312,941.0052580988244,923.8118416383692,938.9515767015398,52189
2017-10-19,933.9367065429688,942.724463230046,924.6236071936526,924.6236071936526,4053
2017-10-23,940.0023193359376,942.151496524207,917.1255687942656,932.2653047782323,18215
2017-10-24,924.0505981445312,952.3241917510804,913.161411548679,934.175586291431,17758
2017-10-25,937.85302734375,951.1779359399324,921.6148016867916,936.038201809242,15185
2017-10-26,944.539306640625,955.1896950606116,936.5634960069298,947.5481775001268,15819
2017-10-27,941.530517578125,949.4108327590362,929.9726869993628,938.5216466435336,8351
2017-10-30,950.6526489257812,954.7122055778128,943.6797750423232,947.4049802840924,11912
2017-10-31,945.78125,951.3690872829528,935.1786077218702,950.366149603982,25868
2017-11-01,948.0735473632812,952.3241532882396,937.1366133811338,946.6885106056898,23977
2017-11-02,932.6950073242188,955.189713415114,920.1342392727488,955.189713415114,6181
2017-11-03,918.223876953125,941.7693271475384,901.317007050659,938.9515057804352,16583
2017-11-06,926.3907470703124,936.0859462623778,912.4450001705474,931.9786420357474,8329
2017-11-07,922.0924682617188,938.9515918836612,913.20921460688,932.265263152038,62206
2017-11-08,928.5399780273438,940.86194972451,908.3854966375724,932.7428364527756,7252
2017-11-09,941.1484985351562,993.397392269355,896.4456275430671,922.7133470501894,40596
2017-11-10,950.7959594726562,954.2346194659837,932.2652538526526,935.1308232804784,18071
2017-11-13,948.5989379882812,952.5152510283536,932.3129640574284,950.4138218727242,15152
2017-11-14,956.7659301757812,969.5176912679603,938.0919220930032,939.906806115934,23747
2017-11-15,952.9927978515624,955.1897225534044,943.0110535908486,955.1897225534044,15696
2017-11-16,984.5619506835938,1012.5012541592135,937.996444890894,952.3242928271094,53138
2017-11-17,978.5919189453124,999.128498991505,969.7086657481536,984.8006524476498,79781
2017-11-20,975.1054077148438,983.8454170210634,947.93030667123,976.6814940815896,6522
2017-11-21,989.1468505859376,1033.610866110443,961.2552382808886,981.9351209080132,341640
2017-11-22,995.1168212890624,1020.0949423081612,982.8903447050805,994.3526227774428,27689
2017-11-23,994.2570190429688,1036.380863060192,987.0452898995228,998.1732736386182,15383
2017-11-24,1003.8089599609376,1031.6049591513413,997.2659333086052,1001.99407606459,26592
2017-11-27,1005.2415771484376,1011.5458053062076,999.1761463951308,1003.9042883633844,27076
2017-11-28,1024.632080078125,1031.5572063191123,1004.9551929755212,1008.5371548243078,43271
2017-11-29,1066.6602783203125,1096.271158658607,1022.052966515326,1022.100772639864,200608
2017-11-30,1064.5589599609375,1076.11673243767,1045.0253765147436,1060.212800025325,40055
2017-12-01,1052.2847900390625,1084.140344234617,1040.2494227535242,1065.9917393531564,19240
2017-12-04,1039.9151611328125,1087.770266729987,1025.062028667299,1050.7566593990405,26239
2017-12-05,1041.7301025390625,1065.0367598871526,1036.3810623117135,1039.8675288367915,37626
2017-12-06,1035.0435791015625,1048.7983346797191,1023.9634014359372,1047.8431449395737,35964
2017-12-07,1070.5289306640625,1076.4988667039022,1039.2464658153024,1042.1120351144257,49188
2017-12-08,1112.700439453125,1121.3926418921958,1063.126073616707,1065.08425902674,133602
2017-12-11,1162.752685546875,1175.8387402400413,1114.706588026099,1114.706588026099,164067
2017-12-12,1124.401611328125,1184.4352623964649,1104.8679114356755,1147.1828630146406,90320
2017-12-13,1098.70703125,1141.212975949522,1090.5401120889553,1116.5213437531206,123948
2017-12-14,1108.4976806640625,1127.6969708996644,1074.636251406262,1098.4681885081188,90679
2017-12-15,1131.708984375,1144.3174437933617,1096.557951147562,1114.6587522201903,47897
2017-12-18,1125.5477294921875,1132.8549538212976,1099.5188108651805,1125.213436426213,19460
2017-12-19,1134.001220703125,1152.0066407096374,1112.7960549653685,1118.6226891004897,345803
2017-12-20,1140.7354736328125,1150.0007684992677,1131.4223726339262,1150.0007684992677,10523
2017-12-21,1134.0968017578125,1141.451715965332,1120.4375421149243,1136.7235734891135,25448
2017-12-22,1170.4417724609375,1179.3727735751604,1113.1303857168562,1142.9323767839674,52278
2017-12-26,1172.017822265625,1192.5544018733765,1147.1828887864838,1171.1104386440115,43618
2017-12-27,1157.451416015625,1188.2084856087924,1147.183124105439,1179.6117761025905,23860
2017-12-28,1143.935302734375,1188.2561336103224,1127.1239852573797,1165.331577977969,15016
2017-12-29,1168.9134521484375,1193.9871829912538,1131.8998494757086,1144.7949110520142,97322
2018-01-01,1158.5018310546875,1174.8833581077145,1151.0514211829695,1168.913422344972,4943
2018-01-02,1155.540771484375,1213.090952498579,1136.6757743884325,1198.7631066029269,257085
2018-01-03,1182.668212890625,1189.2112393614268,1160.5555468466937,1163.421116098167,51198
2018-01-04,1181.9993896484375,1192.0288810064962,1166.5731700303295,1175.3130620763982,81772
2018-01-05,1181.330810546875,1187.3007459145065,1153.4393191494216,1183.288995987578,42328
2018-01-08,1193.27099609375,1206.4048573675454,1172.9732104887933,1181.3311222084812,52958
2018-01-09,1265.5787353515625,1299.0581859758486,1194.2739068795431,1207.2644654192372,278030
2018-01-10,1262.95166015625,1270.4499919014318,1232.194601245889,1265.6262377138007,43160
2018-01-11,1239.88427734375,1297.338855668451,1223.6937388265435,1260.8984548218746,59683
2018-01-12,1233.8187255859375,1258.6536625510826,1204.9720377511694,1246.5227976736237,32078
2018-01-15,1234.2008056640625,1270.402524997206,1223.5982214446772,1233.962008196958,78464
2018-01-16,1245.90185546875,1269.399502419859,1224.7921831386957,1242.6541866640516,117643
2018-01-17,1275.7515869140625,1284.3482958779043,1242.7498463519553,1245.901903011834,164307
2018-01-18,1230.284423828125,1287.5958100312985,1218.1535603885789,1270.3545880417182,103516
2018-01-19,1235.4425048828125,1264.623483176637,1201.724258459815,1230.1889610072944,117497
2018-01-22,1231.7171630859375,1252.2537423851602,1220.0638949609208,1244.7077201598024,70785
2018-01-23,1228.5174560546875,1241.6990061012866,1216.9118759895107,1236.9708629563709,86315
2018-01-24,1228.13525390625,1235.9200738969998,1220.7325331457807,1235.872267768097,15462
2018-01-25,1214.906005859375,1235.0604885787625,1194.1306264111242,1217.867071104348,23583
2018-01-29,1194.1781005859375,1226.7501622075729,1193.9871092885728,1213.09090303719,26202
2018-01-30,1165.42724609375,1198.7155928573409,1154.2992597471512,1198.5724076437066,32251
2018-01-31,1183.00244140625,1203.5390199207711,1128.4611329505365,1157.7377205250193,28218
2018-02-01,1226.5592041015625,1251.1076520266593,1178.7997138974654,1183.0025723554895,108180
2018-02-02,1166.1910400390625,1224.696404748735,1146.2275534956211,1208.983465409388,20679
2018-02-05,1141.54736328125,1147.6606016245332,1124.6882391549657,1146.2278168534665,8920
2018-02-06,1101.142822265625,1127.123937576413,1087.0059669169136,1127.123937576413,9973
2018-02-07,1123.207763671875,1177.4624769857546,1103.3875743596036,1103.3875743596036,97946
2018-02-08,1144.1263427734375,1169.152267880426,1115.709447373566,1115.709447373566,38958
2018-02-09,1130.6104736328125,1151.0037533281472,1120.5809803465506,1131.8999565924105,22573
2018-02-12,1128.1268310546875,1155.77952596556,1122.347886784738,1129.5118094663428,39678
2018-02-14,1144.1263427734375,1155.3020163409929,1123.828560344958,1144.9859202783937,22953
2018-02-15,1119.19580078125,1149.6663775985746,1112.7960759971854,1133.3326559404811,28956
2018-02-16,1096.41455078125,1144.2695347900856,1077.5018633539694,1127.2194207684151,23880
2018-02-19,1127.84033203125,1134.765457931929,1074.301898255531,1109.8350280095478,18753
2018-02-20,1101.763671875,1129.9417720927784,1098.4683135744056,1125.8345257500412,11761
2018-02-21,1096.03271484375,1112.796345922461,1090.4448766842934,1103.1489502778795,10405
2018-02-22,1100.9993896484375,1129.0341829698018,1087.0058377492676,1103.3395576853695,148080
2018-02-23,1101.8114013671875,1112.796083738859,1096.5578576242144,1100.999513381518,8659
2018-02-26,1115.1839599609375,1130.9445898019271,1096.1279723387715,1100.856114650947,74425
2018-02-27,1116.9512939453125,1129.0344695836811,1103.2443421058813,1116.6170007980738,21036
2018-02-28,1102.8143310546875,1131.9953068602692,1092.7848390566337,1109.9304477846124,61470
2018-03-01,1163.134521484375,1183.4801099665397,1097.6085274164595,1103.2919764358082,67248
2018-03-05,1135.242919921875,1168.8655495806606,1122.3000532860108,1163.4210151155603,36722
2018-03-06,1126.216552734375,1165.3315274458114,1108.020140850116,1145.272542137318,51996
2018-03-07,1115.757080078125,1136.675758106191,1103.3396138130995,1133.8101889681082,18065
2018-03-08,1112.796142578125,1121.5838422999873,1099.7577781883688,1100.378674892704,13017
2018-03-09,1105.05908203125,1114.658669379426,1098.5160553451142,1105.8231638966024,5603
2018-03-12,1112.1275634765625,1123.303237824999,1100.7129750707843,1117.5720988565042,8384
2018-03-13,1107.5426025390625,1112.7483404473066,1100.3786788486416,1108.3068010395025,7550
2018-03-14,1109.7874755859375,1131.90014735432,1103.3399431010075,1107.7337937706693,85509
2018-03-15,1126.3597412109375,1131.8998885714975,1100.6652294257267,1110.026019303513,68543
2018-03-16,1103.2919921875,1155.7796234901718,1064.1292115568413,1126.168740574308,58971
2018-03-19,1106.7781982421875,1133.571314502527,1090.874383886895,1112.795939663319,57577
2018-03-20,1124.0673828125,1145.2725493462578,1096.032469412721,1096.032469412721,18927
2018-03-21,1102.2410888671875,1140.3531805669368,1093.6921878381806,1129.9893958188366,66056
2018-03-22,1110.6947021484375,1117.5720217962896,1090.8267084541562,1113.655767091254,33120
2018-03-23,1110.6470947265625,1112.7962720760656,1084.4271777027575,1098.468423079378,10345
2018-03-26,1104.10400390625,1143.935375200581,1075.2571996146214,1103.2443096955128,94012
2018-03-27,1089.39404296875,1131.4702032369148,1076.4989797683309,1117.5243379028675,81764
2018-03-28,1083.7584228515625,1100.2832545426097,1068.8574839291837,1086.623992513571,62304
2018-04-02,1072.10498046875,1093.5967494778783,1062.4097813512371,1083.7582485802425,57918
2018-04-03,1087.0537109375,1108.020078717945,1059.3054028432764,1068.7618044213618,69578
2018-04-04,1070.5289306640625,1093.6444763701968,1057.395071376415,1085.955268711071,120222
2018-04-05,1064.6068115234375,1087.005965131406,1060.3084575312655,1087.005965131406,39688
2018-04-06,1047.79541015625,1075.5915267673531,1037.4316240900694,1074.588530831783,118789
2018-04-09,1026.9722900390625,1047.8431628988917,1021.5754445946804,1047.8431628988917,135290
2018-04-10,1068.523193359375,1103.2443225275128,1026.829131356776,1034.4706504738497,197873
2018-04-11,1083.9970703125,1093.6922696473405,1045.9805880176966,1074.1108796667545,59340
2018-04-12,1073.0123291015625,1092.1161231536678,1062.5052423729046,1082.9941314539708,193705
2018-04-13,1070.5289306640625,1079.4122421314694,1060.260640675538,1074.6839828277284,25343
2018-04-16,1069.71728515625,1074.4932350706897,1055.6759224475938,1064.0338347978632,26700
2018-04-17,1088.486572265625,1092.7371201926817,1065.0366162717132,1068.523082326657,33901
2018-04-18,1076.594482421875,1091.7820247209988,1071.8663391911666,1091.7820247209988,33579
2018-04-19,1079.842041015625,1087.3880635608302,1069.955850160976,1080.4151315607628,16766
2018-04-20,1074.0631103515625,1081.2748398902502,1068.1887864362984,1079.842055208417,12387
2018-04-23,1080.367431640625,1084.1403845767802,1061.0248388761495,1065.0365892538412,150159
2018-04-24,1100.6175537109375,1112.8917205103646,1067.9022998904995,1078.886983655026,34557
2018-04-25,1091.2086181640625,1107.9244360997857,1080.2239378063016,1107.9244360997857,39891
2018-04-26,1081.6090087890625,1091.781802181947,1076.164474263447,1091.0176037992662,12567
2018-04-27,1089.5849609375,1112.843925905766,1080.9405631861296,1091.7819441231063,32578
2018-04-30,1086.6717529296875,1093.8356767833088,1072.200603425308,1088.9164257504242,10627
2018-05-02,1069.7647705078125,1087.9611828487905,1067.0425028962525,1082.8509407358067,8074
2018-05-03,1087.19677734375,1108.019957671136,1055.866627811157,1069.5257693981328,24520
2018-05-04,1077.4061279296875,1087.531231583118,1070.767606447763,1087.531231583118,12643
2018-05-07,1069.812744140625,1096.4147609315546,1061.407025939386,1073.108102828424,8874
2018-05-08,1091.3043212890625,1101.381620086387,1073.7288060550225,1074.2064009439894,21033
2018-05-09,1080.5107421875,1093.6924091298065,1070.7678520825443,1079.3645609752675,192076
2018-05-10,1082.46875,1088.8684744827535,1069.8124862122215,1083.7582328017122,13742
2018-05-11,1121.583740234375,1137.201185682395,1070.0034945426503,1077.215223682265,45445
2018-05-14,1126.694091796875,1144.747084399772,1117.476487589388,1124.258311347121,11933
2018-05-15,1116.903564453125,1129.9896190650582,1105.7277729856924,1129.9896190650582,6854
2018-05-16,1129.1297607421875,1131.8998342896248,1095.6026244136706,1116.0913975587896,9734
2018-05-17,1127.1717529296875,1131.9953913858892,1118.8615318363095,1129.1298220296171,19769
2018-05-18,1110.073974609375,1146.2278892975696,1089.919490875959,1127.1240911426105,13178
2018-05-21,1095.8892822265625,1121.7749019679416,1072.2960246790076,1108.020145803422,96263
2018-05-22,1102.0501708984375,1108.020106818797,1092.1161742068964,1098.5160154737089,3820
2018-05-23,1086.6717529296875,1102.7188724016053,1078.4093374317797,1100.4741995808686,5613
2018-05-24,1079.1734619140625,1090.349135718887,1070.1468485175674,1087.1969627994158,2232
2018-05-25,1070.2421875,1085.5730278907988,1061.3111876693522,1077.5972177019378,214807
2018-05-28,1072.3438720703125,1079.36449390975,1062.1710771926037,1070.2423845113583,126377
2018-05-29,1064.2723388671875,1095.1728195744315,1059.639692047498,1072.869046343014,17935
2018-05-30,1069.71728515625,1074.0633296181863,1055.484931091152,1064.9413352418103,10650
2018-05-31,1060.6427001953125,1100.378569668848,1036.6674612769298,1070.1467913748113,56853
2018-06-01,1060.404052734375,1079.8899493148572,1056.3921853382117,1069.191752858747,13803
2018-06-04,1047.9385986328125,1077.9793847177043,1038.1479041883526,1066.8514013705255,5412
2018-06-05,1033.61083984375,1060.5472616579448,1022.1485624590669,1059.257662171916,12992
2018-06-06,1076.7376708984375,1090.826720040821,1023.1037418600804,1034.040734713848,39334
2018-06-07,1109.6439208984375,1116.6168529332708,1072.248334287896,1077.9316668393465,108858
2018-06-08,1105.154541015625,1115.6616282681505,1089.9670006669126,1107.7335067011204,5926
2018-06-11,1088.534423828125,1111.1724951900558,1078.5527356729806,1107.0651318399036,26751
2018-06-12,1082.0867919921875,1097.9907262227423,1074.588575033132,1085.9553575024358,7279
2018-06-13,1079.8897705078125,1088.1998743233523,1070.7676621606126,1082.229938651181,15188
2018-06-14,1089.107421875,1093.8833711317757,1076.7855660727776,1078.6003335100936,8118
2018-06-15,1078.839111328125,1102.098077065354,1074.1109682901422,1091.352191433283,38761
2018-06-18,1074.6363525390625,1087.0060140553642,1069.8125973128365,1087.0060140553642,23018
2018-06-19,1062.1710205078125,1077.454056774112,1046.9834798981146,1074.1586987193164,18287
2018-06-20,1059.97412109375,1067.8544372907445,1054.5295856341374,1057.824943949115,3809
2018-06-21,1046.0283203125,1064.0336246131778,1041.156875682124,1059.6397748799038,6317
2018-06-22,1031.3662109375,1045.9328557319402,1022.196411960736,1045.9328557319402,70216
2018-06-25,1008.8236694335938,1037.3360599150649,999.988164319216,1032.17801198769,25753
2018-06-26,1005.814697265625,1018.4231539530518,1000.5611542124808,1008.2026713806906,10402
2018-06-27,1002.75830078125,1034.422749437344,995.7853685865124,1003.9522880337518,38794
2018-06-28,991.439208984375,1005.0029741417022,984.3708977252764,1002.710495295362,49034
2018-06-29,995.6420288085938,1006.3402241430234,988.9557004496926,989.6244032457706,5190
2018-07-02,998.6510620117188,1031.5573081370603,980.0248585595632,1011.546125940134,35448
2018-07-03,996.8837890625,1004.716298240024,965.2669738916586,998.555371096754,15673
2018-07-04,985.5647583007812,1002.9013577096658,971.1413591550807,994.543448011051,29795
2018-07-05,982.2693481445312,987.6661935084256,975.2487268589,983.511141449608,3175
2018-07-06,975.3920288085938,988.4303921129074,967.4639073062508,979.1172921241564,4634
2018-07-09,969.7086791992188,997.7912238346208,946.1154799030388,977.4934409492704,62407
2018-07-10,977.015869140625,1020.8112983984786,967.6072728774284,975.4398409417988,70458
2018-07-11,993.4451904296876,1006.7700413962764,981.935106788778,984.3230812702684,194464
2018-07-12,998.268798828125,1005.289420271998,992.2511732763678,1002.901445862496,96881
2018-07-13,993.68408203125,1006.149240045536,983.8455795951674,993.4452845604744,3836
2018-07-16,977.1591796875,992.2989149188016,974.2936102456011,992.2989149188016,5106
2018-07-17,982.317138671875,989.672052930438,956.1449168292154,980.0246600067682,192321
2018-07-18,987.0930786132812,998.1732560300122,970.1862089324552,985.7079835609976,8052
2018-07-19,975.7741088867188,985.278258865423,966.652058140386,985.278258865423,8602
2018-07-20,994.5435180664062,1001.9462386066248,969.8996925507682,972.3831625732312,73794
2018-07-23,1010.2565307617188,1023.9634812815716,983.8455090671816,1004.8596849890048,5690
2018-07-24,1017.0860595703124,1044.0223630096705,1006.7699639635798,1012.501102278363,14845
2018-07-25,1067.4725341796875,1078.1228084320303,1015.4623734436587,1020.6204222952124,34227
2018-07-26,1068.384521484375,1072.706076852177,1041.9750164589186,1065.9836573911516,9665
2018-07-27,1091.240966796875,1094.794199323849,1072.7062461795958,1072.7062461795958,16336
2018-07-30,1119.186767578125,1130.3267529119487,1090.7605617239824,1090.7605617239824,24675
2018-07-31,1126.3414306640625,1131.2872344644095,1107.3266561441612,1126.437441788111,16724
2018-08-01,1151.2623291015625,1158.176770391128,1114.0008736763752,1133.1117741793466,20378
2018-08-02,1121.9239501953125,1158.1289389741871,1115.9217891093117,1157.02463511813,11633
2018-08-03,1104.3978271484375,1130.9033515540543,1098.6357515285326,1115.9219783882472,60070
2018-08-06,1126.9178466796875,1133.2081592010404,1107.5189064394915,1110.6400306067824,14563
2018-08-07,1110.063720703125,1138.0097597108415,1105.3580028921338,1132.151673845192,13578
2018-08-08,1098.2034912109375,1115.8258132708795,1087.1114502812884,1112.3685918219348,73665
2018-08-09,1060.7498779296875,1099.595814167118,1045.0961963033767,1098.6354684778892,100555
2018-08-10,1037.8455810546875,1063.9670551864824,1028.530274387689,1056.380300491557,136734
2018-08-13,1015.4696044921876,1037.557556415834,1006.442331129626,1037.2214588542408,17961
2018-08-14,993.9577026367188,1021.615702993268,990.1643843832654,1021.615702993268,45480
2018-08-16,977.7760620117188,996.502804389593,973.7906036494604,993.9578646717866,23773
2018-08-17,969.853271484375,986.41923695488,963.6590291941712,983.6342106182432,40718
2018-08-20,936.4811401367188,979.5526216731726,930.574990589514,969.9491645979454,155622
2018-08-21,951.2225341796876,977.632044214964,943.2516756011028,946.0366433086358,434465
2018-08-23,950.8383178710938,990.1164830803588,947.7171941368442,952.1828253871736,155555
2018-08-24,949.9259643554688,964.1390688691272,941.1387778308026,957.9448274349242,160315
2018-08-27,975.1831665039062,979.55272822547,945.5084574676038,952.7110510574968,265222
2018-08-28,973.694580078125,992.9975062212034,966.7320733855682,986.275085966321,28462
2018-08-29,979.8408203125,994.9182612846696,972.2541235662125,972.2541235662125,80422
2018-08-30,970.1893310546876,990.4046567574612,963.32283523355,984.7865401212604,11196
2018-08-31,989.5881958007812,998.4713936705538,957.5606896297578,960.3457156510864,53025
2018-09-03,974.8950805664062,1012.2044921489124,965.1955526359131,995.5904626060058,22977
2018-09-04,978.208251953125,989.0602068677975,968.9889553089142,974.8951056876128,8075
2018-09-05,946.3247680664062,972.3981211829056,941.1868829038664,972.3501156162166,239685
2018-09-06,950.6942749023438,958.8572136740238,934.8965757918278,951.7026262041104,67502
2018-09-07,958.5210571289062,960.3457374760516,946.0365625417176,955.3519279182055,33160
2018-09-10,941.1868286132812,961.3060835432764,938.3537969637848,958.5691216364716,50466
2018-09-11,938.2097778320312,954.4876497684706,933.9362275869406,943.2995985061928,11926
2018-09-12,936.0489501953124,945.9404990204756,928.510201404768,942.0511107220922,52276
2018-09-14,954.8717651367188,960.9699958030246,936.3371039306016,941.0908271042966,12346
2018-09-17,941.1388549804688,957.4647330770688,936.3371261285276,951.7026584547392,8203
2018-09-18,938.7859497070312,947.8132229483192,933.9362155293096,937.5375119902194,6374
2018-09-19,922.6522216796876,945.796531871508,909.4474670108395,941.6670566798576,59189
2018-09-21,903.397216796875,935.0406195129196,897.9232345531,919.5310129246986,198022
2018-09-24,884.0462646484375,908.8712373483912,879.6767032276463,908.6791564762444,15206
2018-09-25,887.5995483398438,900.9003133651032,866.7120285385004,889.2321478174019,75547
2018-09-26,912.712646484375,937.7296421584488,892.9294883834425,892.9294883834425,56320
2018-09-27,927.7900390625,945.9405978375067,910.8879766993656,914.0571060655964,44250
2018-09-28,909.159423828125,934.7045998772666,888.4159183925241,929.5667730488228,27656
2018-10-01,908.631103515625,924.5728186197636,884.286304958493,903.6852997363776,8596
2018-10-03,897.5872802734375,917.1783006218608,888.3199192911053,913.2409060471628,14050
2018-10-04,884.0943603515625,902.7250931671254,876.315582462768,902.7250931671254,366484
2018-10-05,884.4783935546875,888.3197763714288,878.7163193295755,882.5577021463168,10930
2018-10-08,856.1482543945312,880.5410604109957,852.7870441978057,879.1005417552561,63139
2018-10-09,854.707763671875,879.6287489535936,850.866380464361,854.707763671875,50783
2018-10-10,858.7412109375,873.818651454553,854.7077469256664,859.5574814071613,338981
2018-10-11,881.7894897460938,893.1215580064304,838.4298551775821,841.6950542119341,37834
2018-10-12,894.6580810546875,917.3222760198798,883.9982666303443,899.843971572659,26038
2018-10-15,922.0760498046876,931.5354325553118,894.033940524381,901.8607236805452,6470
2018-10-16,936.5771484375,947.8132049046062,922.892222146565,931.5353334882082,5441
2018-10-17,939.0260009765624,948.8215387064204,914.249093976227,942.2911997581316,6213
2018-10-19,943.9718017578124,948.7735301775432,914.2490911167102,944.1158184414952,9863
2018-10-22,939.458251953125,957.8488969425396,930.479042426144,944.0198943725244,7458
2018-10-23,923.13232421875,955.3519114321012,887.3594461150846,933.7441327117664,24680
2018-10-24,931.5353393554688,941.138796462226,928.7503133485689,928.7503133485689,33302
2018-10-25,932.255615234375,943.0595046718066,913.5768791062452,927.4538865955165,19206
2018-10-26,961.30615234375,970.813599274411,934.4644753280636,937.2014960456086,21397
2018-10-29,960.0576171875,975.7112405241196,951.7506033571764,967.1641402665016,25026
2018-10-30,951.7506103515624,967.6923844099712,947.8612219237816,959.3853705185996,135187
2018-10-31,959.9616088867188,969.8532172162036,951.7026587051485,955.159880033514,21835
2018-11-01,974.7029418945312,981.7134542271814,937.6816245292576,955.0638593582116,84073
2018-11-02,990.7406616210938,993.9577962596658,968.0284624441964,968.0284624441964,8476
2018-11-05,989.6843872070312,998.7596079062184,977.0558167957367,993.957879022054,30435
2018-11-06,993.9577026367188,997.9431603492674,982.9137281629772,995.686371620136,11539
2018-11-07,987.5236206054688,997.7032625114316,972.1580293839644,997.6551983301516,645
2018-11-09,1013.356689453125,1023.2002324284248,987.8115184460908,987.859582620775,21031
2018-11-12,992.517333984375,1020.079210155242,987.2354323521408,1013.3567898960348,6755
2018-11-13,1003.5133666992188,1017.0062730207017,976.7197521823202,999.4318967649996,112402
2018-11-14,991.2688598632812,1007.3067046080153,975.99939724358,1003.5132684673584,6889
2018-11-15,976.7196655273438,1027.5699863898892,961.5462138998846,1021.8079116998524,192338
2018-11-16,960.249755859375,978.25623899044,948.2454337719984,978.25623899044,33710
2018-11-19,952.2308959960938,969.7572073932728,937.4896109518068,965.1475591323288,16364
2018-11-20,943.3956298828124,954.8237678242108,936.8172849006966,941.13884080234,64471
2018-11-21,941.0428466796876,954.3916177593196,928.6063571927846,945.9405866774564,268183
2018-11-22,926.78173828125,955.0639349040966,923.8526952013484,946.7089143991584,86083
2018-11-26,948.1973266601562,959.3853777849704,921.9799001313452,926.7336231856824,19243
2018-11-27,955.7360229492188,958.9051519387156,943.0594483763832,943.1074539369358,8273
2018-11-28,983.5380859375,986.0349613466864,952.7589589276148,952.9990453559924,20279
2018-11-29,1001.592529296875,1006.8744307965042,979.5526417493948,983.2499493531948,27331
2018-11-30,999.9600219726562,1005.3859989591936,988.0997752900385,1000.440194852355,23918
2018-12-03,984.0662231445312,997.7992139824656,979.5526451030944,997.7032028553572,5784
2018-12-04,1060.4136962890625,1099.5958485257925,978.1121150423752,981.5213306226948,415956
2018-12-05,1077.5560302734375,1083.8462248000556,1025.6973581085572,1052.5389757909031,275088
2018-12-06,1075.92333984375,1084.0383317862488,1057.340672987861,1072.706205020382,45108
2018-12-07,1059.9815673828125,1111.119975956434,1039.1421125648783,1075.9232825720296,92630
2018-12-10,1071.5057373046875,1098.6355039001232,1048.9376128801655,1053.5952661771585,214434
2018-12-11,1071.9859619140625,1081.349333137948,1049.6579228417204,1065.023455106558,33519
2018-12-12,1071.361572265625,1084.9024223402432,1061.181931930152,1084.710400104169,28547
2018-12-13,1076.5474853515625,1094.794052899894,1065.5035102565198,1071.4096595141557,138092
2018-12-14,1058.9251708984375,1080.9171100716358,1048.8894883619366,1073.6664534094166,30200
2018-12-17,1055.9962158203125,1065.0234897656208,1046.776919607328,1052.5389943941573,86868
2018-12-18,1065.9356689453125,1080.5809409544274,1047.3050560420677,1047.3050560420677,17432
2018-12-19,1088.023681640625,1091.9131288595802,1064.2071771361293,1065.9837933457643,62319
2018-12-20,1072.9464111328125,1096.618960006748,1067.232400162771,1084.7587120922174,122013
2018-12-21,1056.476318359375,1075.587221908875,1051.8186649961567,1075.587221908875,29058
2018-12-24,1059.693359375,1064.447140674818,1054.6515447183313,1057.2924952527767,9509
2018-12-26,1039.526123046875,1054.41148092396,1022.8162021815168,1047.7371254128873,15234
2018-12-27,1034.964599609375,1047.353083610078,1032.6117993416335,1045.816553808918,5603
2018-12-28,1035.97314453125,1042.0233706217928,1022.9604106327336,1041.2069828191472,11090
2018-12-31,1075.8272705078125,1091.8649968071672,1033.3319732795414,1041.9270204033232,42851
2019-01-01,1085.8629150390625,1096.6188579988266,1064.0631129561227,1064.0631129561227,12198
2019-01-02,1096.28271484375,1113.8090244141777,1074.626871742929,1085.1906747716805,21336
2019-01-03,1091.3370361328125,1127.397952090646,1081.3494159498546,1092.8735660310251,45952
2019-01-04,1095.082275390625,1113.9529750734948,1084.7104946850227,1085.4307539776423,13766
2019-01-07,1099.69189453125,1118.8027983961467,1092.3932902794995,1101.708597159671,115880
2019-01-08,1106.318359375,1111.552197082589,1072.7062564426,1095.2743826972114,36074
2019-01-09,1092.87353515625,1113.5209701350368,1081.349385400648,1099.595955847018,8875
2019-01-10,1099.4039306640625,1112.0323842873536,1091.625035815866,1091.625035815866,9038
2019-01-11,1104.3016357421875,1110.1597215535785,1099.403895710687,1099.403895710687,11259
2019-01-14,1089.0802001953125,1108.239051992554,1086.631271516096,1108.239051992554,4810
2019-01-15,1076.9317626953125,1097.4351213012474,1070.785526362626,1095.7064520349672,61834
2019-01-16,1052.4429931640625,1085.1907617314312,1045.3844749297166,1075.7313789799805,15241
2019-01-17,1036.4532470703125,1051.53062985552,1029.5388039192003,1051.53062985552,33733
2019-01-18,1037.6536865234375,1069.777208177787,1020.079310651098,1036.4532542160296,50378
2019-01-21,1027.3299560546875,1045.5284627194603,1023.1044109385964,1037.749684908995,27743
2019-01-22,1054.41162109375,1075.5872928128883,990.6927008985002,1028.5303487523245,66557
2019-01-23,1047.5452880859375,1065.743794843324,1044.4241641091492,1053.6434607177189,7943
2019-01-24,1070.7374267578125,1076.0673924610808,1046.7768476417475,1046.7768476417475,10515
2019-01-25,1085.7188720703125,1095.4183401411583,1055.419918509661,1055.419918509661,87351
2019-01-28,1073.186279296875,1083.8460927191195,1040.1503650162044,1080.0527742389866,40514
2019-01-29,1066.7523193359375,1078.6125682744748,1056.3805362697608,1071.7460713427756,10020
2019-01-30,1067.088134765625,1072.4660471729817,1055.3239000865392,1061.614094005701,17108
2019-01-31,1052.10693359375,1072.6582408189854,1046.7769672813024,1072.6582408189854,29203
2019-02-01,1052.2989501953125,1055.3240630258008,1036.3572327576214,1051.5786908180398,10647
2019-02-04,1049.3218994140625,1056.380417851033,1044.856267838113,1051.5306244953758,7599
2019-02-05,1036.5010986328125,1056.3321423626787,1032.3715654790194,1056.3321423626787,16506
2019-02-06,1034.8206787109375,1045.4804937998113,1020.0792766830735,1038.1338248771706,8378
2019-02-07,1051.242431640625,1056.38025762952,1028.5782968319677,1034.7724796325524,7593
2019-02-08,1043.4156494140625,1061.6622185248468,1038.1337478293617,1054.4596254548003,7676
2019-02-11,1027.7139892578125,1150.4941653437584,1000.1519969288682,1048.6975196622573,51097
2019-02-12,1019.5032348632812,1029.4908561675693,982.241823807055,1018.9270507404768,26726
2019-02-14,974.9430541992188,1005.96221138088,969.9972499526928,995.686558356988,8648
2019-02-15,957.3206787109376,974.654967137588,951.7026792771908,970.9095951051868,8323
2019-02-18,928.1741943359376,959.385432117539,914.7293534454012,955.5440490059574,255236
2019-02-19,933.6962280273438,946.4208102041114,928.174239535539,930.47909296067,7460
2019-02-20,926.589599609375,941.0908560128167,915.2095255964316,928.6543664761272,266498
2019-02-21,924.1407470703124,933.1680209918412,915.2095428972248,927.2138653381642,51997
2019-02-22,921.9319458007812,929.7107231475336,918.090562693278,919.7711678028106,20964
2019-02-25,925.1972045898438,936.33719287451,920.4914865335568,923.9487081074576,9103
2019-02-26,942.291259765625,988.1957748021722,930.4790187868788,930.5750299157482,176240
2019-02-27,942.4352416992188,967.0681326755744,937.6815773132996,949.157661688026,19688
2019-02-28,949.7340087890624,960.2978127910112,928.654406353112,947.8613227202912,21804
2019-03-01,955.015869140625,958.425084924148,941.4269529575322,941.4269529575322,9463
2019-03-05,974.126708984375,977.6319944930866,955.015863317912,955.4480306376626,46948
2019-03-06,956.6483154296876,976.6714982156032,946.1325191389104,968.9887332345562,15800
2019-03-07,935.9049072265624,962.9386626189696,932.6397669561128,962.5545008860458,25678
2019-03-08,926.6376953125,948.5815736202632,910.4078276811032,941.0428824593528,490912
2019-03-11,987.04345703125,993.9578998776446,934.4164604646844,934.4164604646844,81279
2019-03-12,1004.0895385742188,1034.2443011233183,974.7509292310956,993.957844092792,60454
2019-03-13,1009.7554931640624,1017.870485099178,984.8826319928136,1004.0895470159902,36701
2019-03-14,987.571533203125,1009.4674632978068,979.6486807284278,1008.7472039819252,36492
2019-03-15,983.826171875,992.0371750560694,969.949222465276,989.156137761618,24299
2019-03-18,949.4459228515624,983.3941243021842,944.6441937289932,983.3941243021842,96156
2019-03-19,952.182861328125,961.3061464341432,948.8216510259076,961.3061464341432,248503
2019-03-20,939.650390625,955.5921079831588,938.7380503620346,955.5921079831588,38898
2019-03-22,952.3748779296876,958.3770387785248,941.4269130954674,945.8445386491228,60981
2019-03-25,949.2056884765624,957.4646378344104,944.5479767845876,952.6629094601157,58437
2019-03-26,951.2225341796876,969.9492776592472,936.385179545988,950.4542692470872,32886
2019-03-27,948.6294555664062,954.0554321305732,945.9404993723784,945.9404993723784,36152
2019-03-28,947.3810424804688,956.888488451048,941.6669737856196,954.5356297396572,59979
2019-04-01,916.8901977539062,938.257892857362,912.3285549790112,938.257892857362,815619
2019-04-02,904.16552734375,923.6125288612336,900.9003283343794,921.8839182270948,194091
2019-04-03,912.37646484375,926.6376343498184,890.6246688519477,907.5267305463408,288542
2019-04-04,923.7565307617188,934.4163443375126,910.407702396672,912.3763993128512,39873
2019-04-05,921.8839721679688,926.4936203336748,916.0258275571938,926.4936203336748,18842
2019-04-08,934.3685302734376,949.7820698354594,917.130310104008,923.8527312251892,404932
2019-04-09,936.913330078125,945.9406039577758,930.5750713046546,938.2098320646452,21159
2019-04-10,939.4102783203124,941.1388890466104,932.495776800264,939.1221863017388,16610
2019-04-11,944.35595703125,945.940550943238,934.4164020992594,939.2181307842504,35740
2019-04-12,944.4520263671876,951.7026249554316,938.8339686392558,944.307951060759,31167
2019-04-15,944.5960693359376,950.6462945366104,928.3662611050796,942.0511882321048,175148
2019-04-16,948.677490234375,950.7422569656449,936.337071254044,949.781911251538,21181
2019-04-18,941.2348022460938,950.6942426114804,926.7336055431208,950.6942426114804,140104
2019-04-22,931.1511840820312,941.1388029882552,926.7336172282309,941.1388029882552,165167
2019-04-23,939.3623046875,944.0199585548744,921.9320042855334,933.4561543391025,36042
2019-04-24,937.0575561523438,943.0597183106344,928.0783450094868,937.0095505780504,14246
2019-04-25,934.1282958984376,942.0991536713616,931.5353507249956,939.2181165041708,89985
2019-04-26,932.3036499023438,940.178496838878,927.7420075530232,936.2891082429544,18051
2019-04-30,936.0009765625,943.0114885739482,923.852579795958,938.0656846852332,22699
2019-05-02,946.7088012695312,951.5585354439156,926.301454671752,928.7023189773732,79065
2019-05-03,930.5748901367188,950.7421478177002,926.9255885650338,950.7421478177002,24167
2019-05-06,928.9423828125,935.3767107180272,926.733599428025,931.5353279224706,7616
2019-05-07,916.3139038085938,935.5688240158976,911.1760189725022,935.5688240158976,14471
2019-05-08,911.176025390625,917.850439999282,908.9672419140156,915.209489217176,6735
2019-05-09,914.5852661132812,920.011243133024,907.5267481844548,911.3681312455532,12854
2019-05-10,914.1531982421876,921.883970274978,907.5267887198776,910.4078261443852,4777
2019-05-13,906.3743286132812,919.9632447438574,905.1258908316568,912.3284841273994,29228
2019-05-14,913.3848266601562,930.5750391681302,905.1258765902608,905.4139685945868,17584
2019-05-15,912.4244995117188,924.332810595462,907.5267594937262,924.332810595462,15994
2019-05-16,924.6688232421876,933.3119344435098,904.8377199325076,904.8377199325076,46119
2019-05-17,911.0320434570312,928.6543649931202,907.8628555057088,924.284803437168,19652
2019-05-20,958.6651611328124,964.5713110410298,913.8170021271948,917.6583851920896,577426
2019-05-21,946.1806640625,959.1453318776169,941.2348599315324,955.8321272685606,12341
2019-05-22,926.013427734375,949.9260613442642,921.9319581280788,949.7819860298646,18880
2019-05-23,949.253662109375,983.3939379793408,932.4956189237696,967.0680620558558,201302
2019-05-24,965.1954956054688,968.1245384542624,945.9405748156936,945.9405748156936,183279
2019-05-27,1003.8014526367188,1032.3717403343437,962.5545885906218,970.6215167982468,149430
2019-05-28,957.7528076171876,1032.1315979001654,947.4770963384768,1006.3463378814688,327401
2019-05-29,966.780029296875,986.2750353118112,956.6963994324408,965.0994243194692,35852
2019-05-30,961.1620483398438,974.5588836641653,956.5043947630938,966.7801063093228,22579
2019-05-31,979.552734375,984.3544634650736,961.5462502872242,963.22685546875,439457
2019-06-03,968.3646850585938,990.5486500754414,960.3458209000216,979.552737318022,42810
2019-06-04,976.2874755859376,981.4733661327762,966.780087736538,974.7509458167982,34335
2019-06-06,980.1288452148438,989.396205112457,973.0223218612296,983.3460386338176,17949
2019-06-07,992.2772827148438,997.9912932458036,974.7509721321716,980.1288850842004,46155
2019-06-10,1026.8497314453125,1040.054485999788,984.8826674986086,992.325347338404,185234
2019-06-11,1095.8985595703125,1103.4372501484495,1039.094085866512,1040.0544316020632,339361
2019-06-12,1072.5142822265625,1094.7942588480753,1053.163290082559,1087.1114921193168,195594
2019-06-13,1044.0880126953125,1091.8652210879388,1037.1735691263596,1064.9275890054078,180025
2019-06-14,1039.9583740234375,1056.3802619219202,1030.7390788198768,1036.6931752224664,33657
2019-06-17,1008.31494140625,1048.2654171255344,998.2793755282698,1048.2654171255344,529913
2019-06-18,1000.48828125,1020.9916402225124,981.5693990319144,1008.3150055791318,19197
2019-06-19,1012.4445190429688,1046.7768800159697,993.813787824266,1003.5613207492552,26961
2019-06-20,1020.9915161132812,1030.9791344646808,1008.5549694268376,1008.5549694268376,24591
2019-06-21,997.895263671875,1037.1734290128395,981.13727691906,1027.569971336795,138550
2019-06-24,1027.3779296875,1032.371680692923,1000.2000980852832,1005.9621725821738,14531
2019-06-25,1019.5990600585938,1040.0544719104896,1013.1647902729144,1034.2923972738663,26392
2019-06-26,1025.1209716796875,1027.5699001092107,1013.1647145936612,1019.8871345009176,35803
2019-06-27,1016.8140869140624,1031.4112948468298,1012.2043806038722,1024.8808971123435,24734
2019-06-28,1016.333984375,1022.6722430677604,985.314768834619,1017.9665253067212,33296
2019-07-01,1005.1459350585938,1024.496925990319,999.8159690825364,1017.9184636071658,85024
2019-07-02,1013.356689453125,1020.847432462792,996.8868552343058,1012.9245807997456,382173
2019-07-03,1010.1395874023438,1017.3902442309104,1003.7532651379976,1013.40478618401,23430
2019-07-04,1019.5990600585938,1026.4176088290317,1004.5216783179798,1010.1396776427456,27467
2019-07-05,1002.841064453125,1026.993783873207,993.957866132616,1023.5365625673828,28059
2019-07-08,979.9849243164062,1003.84955361335,967.068261043254,1002.841143589293,51990
2019-07-09,1002.9370727539062,1018.0145715499464,963.6589662705238,979.5526769031882,140079
2019-07-10,998.5194091796876,1004.5215696099572,981.3291982614556,1004.5215696099572,39952
2019-07-11,989.8764038085938,1003.465319918995,984.8345885090594,1003.465319918995,13350
2019-07-12,1000.7763061523438,1008.363061201612,975.8073160654468,989.1561457501526,103652
2019-07-15,1003.6574096679688,1006.4424360380632,984.4025459957192,1000.8244363439084,17308
2019-07-16,1036.6932373046875,1046.6808565523595,992.8534303636476,1007.4026919246106,43838
2019-07-17,1050.378173828125,1055.4199890625,1030.4990635101865,1035.252728125,82907
2019-07-18,1047.1610107421875,1060.6058510046118,1040.0544288718224,1054.4596148672772,24402
2019-07-19,1056.5245361328125,1078.324340568463,1037.173543336652,1061.470340827075,170022
2019-07-22,1078.516357421875,1086.391145796762,1032.371696558249,1060.6058854728533,76866
2019-07-23,1062.526611328125,1087.2074513745738,1045.7685068629085,1080.3890196741283,129872
2019-07-24,1037.0294189453125,1062.046474657213,1032.3717651253412,1062.046474657213,15968
2019-07-25,1069.7974853515625,1082.6050902134627,1037.3193562440767,1052.1568220512092,361006
2019-07-26,1082.60498046875,1087.4380384172712,1051.0934662433076,1072.9388645717077,39457
2019-07-29,1098.7957763671875,1106.7219445783803,1072.9389151243265,1083.571643112045,87081
2019-07-30,1042.925537109375,1101.888844623847,1035.4826749980032,1101.888844623847,256375
2019-07-31,1062.8380126953125,1091.304681957752,1036.6911172716468,1042.8290783763864,129473
2019-08-01,1062.5963134765625,1066.1727296510808,1044.9556495453455,1059.5030851685783,91240
2019-08-02,1055.684814453125,1063.2726914248333,1041.572309602219,1055.1531309095835,23787
2019-08-05,996.4317016601562,1049.6919856343802,984.2524171751992,1048.2904457908212,41209
2019-08-06,1027.4598388671875,1038.4792356267822,990.7769727801392,990.7769727801392,27345
2019-08-07,1013.2024536132812,1039.0110597770138,1000.4916026877808,1024.6085201867877,10512
2019-08-08,1051.43212890625,1091.304871096443,1006.29139888514,1015.9091404095324,98952
2019-08-09,1058.391357421875,1072.8422720919204,1026.106623364829,1062.3061817225075,157291
2019-08-13,1027.41162109375,1063.2245145336883,1021.3702978419458,1063.2245145336883,14191
2019-08-14,1041.5726318359375,1050.8520818693537,1015.2324592858116,1034.1780276862464,18339
2019-08-16,1022.1435546875,1047.9037815965,1013.7340796040002,1047.8071440197723,21477
2019-08-19,1033.3077392578125,1043.8920884536906,1017.1169959158402,1030.3595268544302,51133
2019-08-20,994.3533325195312,1032.2928388419834,990.1485955451316,1024.6083236127213,77019
2019-08-21,1000.926513671875,1007.2094903390572,986.1373650085834,1001.4098195693506,62527
2019-08-22,980.5308837890624,1012.8639963638624,967.6749016143658,1007.0643264494884,122769
2019-08-23,978.4044189453124,985.4606728761084,959.4587933670688,982.0775317725612,22776
2019-08-26,970.9131469726562,994.6434527285776,967.578324763174,994.6434527285776,51225
2019-08-27,970.5747680664062,1004.7444674884714,966.4183496256892,981.0625402336,43175
2019-08-28,979.564208984375,988.795337870166,971.4446480288008,976.2293871991468,21512
2019-08-29,974.9244384765624,985.1705568592714,966.6116022957352,985.1705568592714,60381
2019-08-30,961.1986694335938,980.095915805965,958.00880372082,978.25933003178,11373
2019-09-03,965.4035034179688,973.7163410249505,952.1125916062068,966.5634493391824,98431
2019-09-04,966.5150146484376,969.4631683882338,961.2469693444084,961.2469693444084,20062
2019-09-05,957.042236328125,973.861303783958,954.0457636077086,968.5449393464276,19791
2019-09-06,973.7162475585938,988.1671039044415,955.1089728082268,955.1089728082268,16709
2019-09-09,966.5150146484376,973.8612396063522,957.1388698224958,973.8129208232,49252
2019-09-11,979.1292724609376,985.750538595503,966.6116399244572,966.6116399244572,49217
2019-09-12,960.4738159179688,998.3649503825916,955.8824099767264,983.2858302586948,14715
2019-09-13,999.8147583007812,1019.3886446385478,958.8787776328144,960.0870422215652,90384
2019-09-16,984.5423583984376,1016.82715453961,978.2110634139432,998.4615318075302,131797
2019-09-17,971.4931030273438,989.8587848112782,966.6117256124604,988.6021423701438,60060
2019-09-18,972.556396484375,976.2778279722812,969.5115459962358,974.2962857644702,47917
2019-09-19,965.0651245117188,976.1811588271206,960.81200952256,976.1811588271206,46135
2019-09-20,1060.9046630859375,1082.6050474189562,961.8269100168204,968.2065823017722,141246
2019-09-23,1074.5338134765625,1141.8099575342687,1066.2692370622915,1086.4230654122346,511753
2019-09-24,1102.0823974609375,1120.3030051362357,1077.7720886340835,1084.5383708048803,236279
2019-09-25,1095.316162109375,1121.2696648035364,1076.8055229233962,1110.6369352235029,105686
2019-09-26,1115.373291015625,1121.221221144313,1094.542761182524,1104.450531345468,63456
2019-09-27,1113.5849609375,1126.1025341840304,1107.785291233548,1115.3731688306354,67894
2019-09-30,1090.241455078125,1118.3214566144345,1082.7018359629706,1116.243335673934,61307
2019-10-01,1102.033935546875,1131.9022595910212,1080.6234635705523,1087.4381230058914,27571
2019-10-03,1099.859130859375,1114.503322134212,1079.367009428206,1092.8029360433138,17617
2019-10-04,1092.802978515625,1130.9357654608891,1083.8618196861266,1107.15713963217,53090
2019-10-07,1073.71240234375,1097.4910283096383,1066.124405546291,1097.0559822159607,21207
2019-10-09,1102.4205322265625,1110.5400932833506,1048.773588308479,1066.220974924715,13790
2019-10-10,1082.7982177734375,1102.0338113356877,1071.0056039887202,1097.1524937749027,32614
2019-10-11,1083.6199951171875,1090.3378986245325,1064.0461099690076,1088.404675400021,58114
2019-10-14,1078.7872314453125,1099.037703050374,1072.455876459446,1088.404972414003,23864
2019-10-15,1079.076904296875,1092.7544829006972,1071.005720525407,1075.45211056766,79601
2019-10-16,1067.8641357421875,1082.508324678504,1055.58821595751,1082.508324678504,22335
2019-10-17,1072.117431640625,1083.5717571246016,1063.5145635828217,1063.5145635828217,133703
2019-10-18,1082.70166015625,1090.337915610953,1065.206013300771,1066.2692624919005,238735
2019-10-22,1101.3572998046875,1116.4364174281775,1086.2781821811973,1090.2412662112467,79064
2019-10-23,1097.394287109375,1104.7887720630586,1092.3678355784186,1104.7887720630586,9676
2019-10-24,1067.2359619140625,1114.8415884755282,1063.2728775149708,1104.8371809087378,15273
2019-10-25,1058.633056640625,1068.1058982300026,1053.6067231409077,1063.369477435314,13610
2019-10-27,1058.149658203125,1071.4889453155752,1043.940515057123,1063.2727468174403,2273
2019-10-29,1075.4036865234375,1089.3711756954403,1048.918507455087,1054.5731612100492,13383
2019-10-30,1083.3299560546875,1101.9372294466596,1068.540751303755,1082.6049973511042,13790
2019-10-31,1091.15966796875,1098.9891996709755,1073.9540493383015,1098.9891996709755,9983
2019-11-01,1119.3365478515625,1130.4525843803128,1086.471744201344,1100.0043104102574,36505
2019-11-04,1117.3546142578125,1131.998803366528,1103.4355018322792,1131.998803366528,23505
2019-11-05,1106.0455322265625,1120.0130252871213,1097.152751024592,1106.7704910635036,16035
2019-11-06,1091.1114501953125,1111.5551954287891,1086.471666344044,1111.5551954287891,17991
2019-11-07,1063.5145263671875,1095.7027432792054,1055.926648096547,1092.271224535262,26753
2019-11-08,1051.528564453125,1078.1587652574667,1048.8703821512056,1060.8563914024166,12204
2019-11-11,1057.47314453125,1063.2728144281307,1052.591708503541,1060.2279641333512,7796
2019-11-13,1035.6279296875,1063.2730041977193,1025.7684183063568,1057.4733332657318,28828
2019-11-14,1033.694580078125,1049.7403107690463,1028.281578133483,1034.8062071368818,146118
2019-11-15,1014.9423828125,1052.0602992685635,1006.2428766741072,1044.1340117679324,71872
2019-11-18,995.8516845703124,1029.3930627105883,992.0818754146616,1019.7753236803492,84930
2019-11-19,1008.272705078125,1013.0091263095994,990.9703309439552,990.9703309439552,43462
2019-11-20,992.2269287109376,1020.6453368243244,981.7875339540616,1019.7753626790444,31200
2019-11-21,978.64599609375,995.5133815175216,976.2777857052042,991.743572409445,17067
2019-11-22,973.5712890625,980.9658329642248,965.6450615426708,978.6460003468834,20055
2019-11-25,966.1766967773438,983.1407200291808,958.9754279333176,983.1407200291808,36067
2019-11-26,958.8788452148438,989.2304774223782,947.3761419203028,973.1846871544764,61494
2019-11-27,968.1099243164062,980.047614061577,946.844467180418,962.1169200513503,40258
2019-11-28,968.1581420898438,980.5308176031864,962.8417783605224,974.344479846515,13150
2019-11-29,992.420166015625,1005.2761485750456,961.7786229155486,967.5782930034816,34887
2019-12-02,974.4412841796876,991.7436581498374,968.4483385115144,991.7436581498374,30359
2019-12-03,966.5150146484376,983.6723714752492,963.7118172580974,966.6116522147416,188841
2019-12-04,949.5509643554688,976.7127880793086,942.6397262119576,965.7417100654864,66081
2019-12-05,958.0571899414062,965.6450680281952,950.2759187219216,952.1125045122848,21889
2019-12-06,952.7891235351562,971.2997013961274,947.8593686786772,959.79705805893,30724
2019-12-09,948.39111328125,961.1020220089712,943.3647205345876,952.1125448067024,237705
2019-12-10,958.3955078125,978.984325379058,948.197766099683,950.1309895143326,600995
2019-12-11,968.49658203125,977.2444059128107,952.1125022988316,960.8120073959782,68604
2019-12-12,972.508056640625,977.2444778075536,967.578360321821,969.2699308818244,9197
2019-12-13,976.5194702148438,981.7391969953115,969.2215636771368,981.1108757912066,8682
2019-12-16,976.0361328125,980.6275382404368,970.9614215500432,976.6160762150058,14279
2019-12-17,1000.5880126953124,1003.3428321325988,974.8761089590514,976.0843734486136,29116
2019-12-18,1021.2254638671876,1025.5752173810563,999.2834211172958,1004.309755757698,64765
2019-12-19,1010.3508911132812,1036.2077543874072,1002.6663752072196,1027.5082489867668,9793
2019-12-20,1015.8604736328124,1025.5749679826033,1000.104774421915,1013.4923222712154,15219
2019-12-23,1021.1768798828124,1028.0881771138256,1010.4958914299664,1018.035391868224,11880
2019-12-24,1015.2805786132812,1025.768291991563,1014.9422881161612,1023.4001405171292,13824
2019-12-26,1018.2289428710938,1024.1252515368008,1005.7596264502512,1015.3291073311124,7951
2019-12-27,1024.1251220703125,1024.6084279325448,1006.3394427412436,1020.258675172454,12124
2019-12-30,1024.8502197265625,1029.441626039886,1017.455615433551,1024.6085667627033,8271
2019-12-31,1046.4537353515625,1059.4063548953682,1006.242714823064,1024.8983666280883,69695
2020-01-01,1079.270263671875,1082.5083890364513,1049.256925334801,1050.3685523092452,28908
2020-01-02,1062.5963134765625,1081.6385172072162,1045.7772459103462,1081.6385172072162,55451
2020-01-03,1056.554931640625,1071.9723405581203,1043.9406021666098,1053.6067188533375,43906
2020-01-06,1057.4248046875,1062.9345620839586,1035.579404224433,1062.9345620839586,45554
2020-01-07,1054.71826171875,1058.439692747302,1047.130384323998,1053.6066347895517,34510
2020-01-08,1048.483642578125,1058.1497593825495,1032.7279429836665,1049.8369225296624,10624
2020-01-09,1035.917724609375,1058.4398246980477,1029.4414733364572,1054.5733778498357,29610
2020-01-10,1051.2869873046875,1055.7333780586134,1035.2412547607255,1039.1077020240707,69880
2020-01-13,1054.42822265625,1062.3061306636357,1044.1821634662351,1055.4432120171357,267911
2020-01-14,1055.3466796875,1068.879243210907,1046.5021592143555,1051.6735081047393,40291
2020-01-15,1050.8519287109375,1057.9081232936771,1044.9556209653465,1049.3053735965418,17657
2020-01-16,1049.643798828125,1066.1728373494905,1045.922366920432,1052.8335470370305,28008
2020-01-17,1041.7174072265625,1052.6401669000393,1029.441485535851,1052.6401669000393,67152
2020-01-20,1027.943115234375,1058.1981071725625,1019.7752939639674,1035.24108041271,662653
2020-01-21,1017.9871215820312,1031.3746698456837,1011.4141149137632,1024.6083880378862,13891
2020-01-22,1023.641845703125,1037.46444095909,1011.2209082847784,1016.9239412223652,34498
2020-01-23,1032.63134765625,1036.2077638223511,1016.5372389196052,1033.5012038085597,16589
2020-01-24,1048.725341796875,1053.6067781964489,1028.4748733954327,1043.7473858185035,37465
2020-01-27,1053.7032470703125,1058.391289577943,1043.892116052543,1046.8403285338718,19011
2020-01-28,1034.0328369140625,1077.7720151055664,1029.4414314685455,1062.257850560247,241786
2020-01-29,1028.66796875,1042.0072553953771,1024.7048849768175,1036.207586070357,19796
2020-01-30,1014.893798828125,1033.259419166706,993.725099254582,1033.1627816059452,558400
2020-01-31,1033.5980224609375,1052.6402273089986,1005.3728877179664,1014.9423679287868,111214
2020-02-03,998.4131469726562,1005.9526466690004,969.4147989223007,997.5431729322296,21651
2020-02-04,998.7515869140624,1012.0424984263474,989.0854694505824,999.4281679386668,14588
2020-02-05,1037.6092529296875,1043.9406065841213,1002.4729422236676,1009.045948796292,40825
2020-02-06,1021.080322265625,1037.2228096628853,1012.2841787349316,1036.2078201039358,24789
2020-02-07,1008.51416015625,1021.0801105936076,990.7768614070488,1021.0801105936076,30403
2020-02-10,977.0027465820312,1025.1883147883218,971.4930482572024,1025.1883147883218,135992
2020-02-11,980.91748046875,990.2452473963384,956.462217776303,979.6608971362132,50316
2020-02-12,985.9922485351562,992.6135740499908,976.277812791492,983.9140687874924,27517
2020-02-13,965.6934204101562,990.7770061707182,960.8120430572624,990.7770061707182,59079
2020-02-14,956.8972778320312,974.8279133227422,952.160856835709,961.8269739732672,45876
2020-02-17,956.7039184570312,962.7452415086668,947.9077756927678,962.7452415086668,60537
2020-02-18,935.7284545898438,955.978981725139,923.114183566742,955.978981725139,196013
2020-02-19,952.6441040039062,966.1283483795478,930.847023001005,945.3461978141048,41150
2020-02-20,947.6661987304688,974.2963410771472,939.5466362993322,956.897329293826,27631
2020-02-24,939.2565307617188,947.5210483819654,930.8953165802936,945.3461722188852,40817
2020-02-25,928.3822021484376,943.4130020101026,924.0807683623544,943.4130020101026,33863
2020-02-26,911.7564697265624,928.6721741741796,906.7300771769544,927.8988966274618,53760
2020-02-27,900.3021850585938,911.514857479572,880.5832822522693,902.8153519468932,96359
2020-02-28,891.9410400390625,898.0790013810769,879.5684207764801,879.5684207764801,85682
2020-03-02,871.787109375,920.8909715720204,843.1753678684377,900.0121236082108,323904
2020-03-03,864.4891357421875,889.2344302439718,859.3177868331669,871.8837387216159,17285
2020-03-04,869.9989013671875,876.523530736528,857.8679355984664,862.2176885113599,20471
2020-03-05,858.1095581054688,879.8583218986234,856.5146251617184,868.0173282779059,12352
2020-03-06,842.9820556640625,850.6183118351378,828.4828798941454,850.6183118351378,49500
2020-03-09,829.7877807617188,845.7851917315833,805.3808366574646,829.3527937207982,94943
2020-03-11,821.7649536132812,845.7852305623333,795.5697413597733,845.7852305623333,33625
2020-03-12,804.8976440429688,822.3932937280731,778.122485836465,784.3088248507313,124382
2020-03-13,806.734130859375,880.5832910514092,678.5614383294064,772.2744578867521,97653
2020-03-16,753.1837768554688,792.6215186677731,739.5061990014929,792.6215186677731,174120
2020-03-17,748.7374877929688,772.5161738242457,720.1258016872683,772.5161738242457,60902
2020-03-18,716.9359130859375,756.2286434787088,687.8892431627884,753.957129571866,76074
2020-03-19,667.4453735351562,700.7934769196065,641.5885107660536,700.7934769196065,68305
2020-03-20,694.8853149414062,748.9352432003234,639.6148073386972,682.5812982133579,1232669
2020-03-23,661.8304443359375,829.0579819125207,556.6113659483356,654.2136691432627,87982
2020-03-24,683.1671752929688,703.0392129154649,652.3582604941968,678.6752478528205,748201
2020-03-25,713.4879150390625,722.618270699868,680.6771037436747,683.5578236350103,832480
2020-03-26,751.62060546875,819.2928127675046,704.9922004512907,706.2128393260933,42246
2020-03-27,743.4179077148438,809.5277228129984,704.9922187777737,750.9370552993918,124520
2020-03-30,723.0576782226562,751.7182560512728,705.6269187889881,730.4303253348114,61380
2020-03-31,723.0576782226562,756.7961258482337,713.1460664112659,750.9370590674732,25824
2020-04-01,718.077392578125,738.437684179554,705.040993614362,732.139175848155,11742
2020-04-03,698.5960693359375,726.8660181840712,684.5342855636418,726.8660181840712,78687
2020-04-07,715.19677734375,725.5477715085167,703.1856427317823,725.5477715085167,55824
2020-04-08,694.6900024414062,722.6181953396048,688.2938072203711,722.6181953396048,21257
2020-04-09,693.6646728515625,712.8531408253422,691.3698954854003,712.8531408253422,87028
2020-04-13,683.8995971679688,696.2036740864527,676.2340080651642,687.4638868994593,399970
2020-04-15,688.0985717773438,703.039179715741,683.5577713130184,685.5596071515622,270239
2020-04-16,694.83642578125,721.544038762499,684.0948042301052,688.0985352964346,146840
2020-04-17,683.8018798828125,710.3629930281227,681.6047299653026,706.9940179009728,40295
2020-04-20,694.6411743164062,720.6652199899818,686.5849574262744,688.6356665773957,46913
2020-04-21,683.9972534179688,688.6356814244131,667.9336329279804,686.5849722290783,111200
2020-04-22,685.2178955078125,706.7011411098151,681.6047922817188,687.6103597792469,57987
2020-04-23,687.6590576171875,702.1114084863134,685.5107214984589,685.5107214984589,36049
2020-04-24,685.1201782226562,717.7356734841733,683.5577842706412,687.6591428965668,700562
2020-04-27,688.0009155273438,698.2054689164243,683.5578017363595,688.4403574630477,255956
2020-04-28,719.932861328125,747.0310463425102,695.2759542429637,695.2759542429637,235540
2020-04-29,716.3685302734375,736.2893808642132,708.4588140808842,720.6652030209408,31623
2020-04-30,708.0194091796875,727.5008188669642,693.3229280477109,718.7610320085956,41192
2020-05-04,685.0714111328125,705.2852046185053,683.5578307136776,689.4168978340806,39749
2020-05-05,683.753173828125,709.9236628206035,680.3841981709153,703.03927058288,26272
2020-05-06,697.0823974609375,701.3302563396688,684.2901263949764,692.3463426529264,66527
2020-05-07,685.2667846679688,707.3847888045924,683.557889943111,697.082547210664,16013
2020-05-08,683.753173828125,696.8383885236065,682.678975716318,687.4639045745596,13270
2020-05-11,685.3643188476562,693.2252811953036,683.6066107183196,692.2975836932479,15917
2020-05-12,686.0966796875,688.1962024073879,683.5577746508287,685.5107968641167,376856
2020-05-13,687.0243530273438,712.8530828111445,684.5830753464836,712.8530828111445,24766
2020-05-14,683.6065673828125,693.1275503814632,683.5577537492745,684.5342648260591,19902
2020-05-15,683.8507080078125,688.4403220752824,683.5577665995712,683.6065802340269,16373
2020-05-18,683.6554565429688,691.4675460202842,675.7457397877919,683.6554565429688,292742
2020-05-19,693.9577026367188,698.2055024825457,684.5343457905798,685.6573575023109,21488
2020-05-20,688.0497436523438,702.1115282819045,683.5578161298097,702.1115282819045,47256
2020-05-21,689.9539794921875,697.4731276857564,688.5380263256203,692.2976302231617,8173
2020-05-22,686.9755249023438,690.9791963738949,684.7783750359183,687.7567218234385,9079
2020-05-26,693.4205932617188,697.7172664689635,687.0732703337295,687.0732703337295,11848
2020-05-27,701.135009765625,722.5206279152367,691.4675254839626,699.1819874543002,39908
2020-05-28,703.4297485351562,717.7356600210775,698.5960662611185,707.9705490003824,56258
2020-05-29,694.0552368164062,714.903724134482,688.9285537446002,703.4297191642495,102988
2020-06-01,738.0958862304688,747.0309865771909,699.9631399470586,704.0644984603329,48279
2020-06-02,736.924072265625,771.4437133184506,727.5007169901844,747.0309375805249,34956
2020-06-03,727.3543090820312,748.2028579769893,722.6182538266098,739.2189434415455,17205
2020-06-04,711.9742431640625,734.6781270042196,704.6992829050909,726.5242828850251,31916
2020-06-05,731.5045166015625,735.2641204851544,708.9471317060659,708.9471317060659,31009
2020-06-08,728.379638671875,747.0309764659115,724.7177221205716,742.1484210641736,19157
2020-06-09,711.8278198242188,733.6528203428331,708.9470999907311,728.3796958558748,33170
2020-06-10,703.3321533203125,717.7356927322869,699.8167370332483,713.9272754200421,38189
2020-06-11,701.720947265625,708.898340579597,698.2543443133604,706.0176205257517,17486
2020-06-12,701.2325439453125,705.7245304259125,685.1201120159607,688.4402733450344,28476
2020-06-15,702.013916015625,717.7357222821527,696.252476173027,696.252476173027,16360
2020-06-16,714.6109008789062,719.6887711574436,702.2580696721875,712.853192598282,38006
2020-06-17,695.6665649414062,731.0650940190369,690.9304501176997,712.8531372874586,22908
2020-06-18,710.2164916992188,731.4067939103815,693.8599312212496,694.4946872595045,41578
2020-06-19,734.2387084960938,777.3028234948409,696.2524034570623,703.4786093251296,376342
2020-06-22,722.5693969726562,747.0309879925014,718.7121662254655,734.336343752106,74569
2020-06-23,725.7431030273438,732.1880528160538,722.6182554079801,727.5008111877637,71306
2020-06-24,739.1212768554688,761.6786594683515,728.0866537229904,732.3345127770839,206534
2020-06-25,759.9697265625,773.2502530351009,732.6274170941415,737.2658445932381,245826
2020-06-26,755.4778442382812,770.2231381615311,748.3981386894114,768.3677432115688,58906
2020-06-29,735.9963989257812,754.6477363586364,722.6181854637858,751.962330939683,100247
2020-06-30,737.2169799804688,746.9820898296,728.4283811162505,728.5748220030872,170036
2020-07-01,722.3252563476562,737.754119460412,720.0304195533548,737.2658639213911,20763
2020-07-02,737.2659301757812,742.1484860047599,724.6200986584241,726.5243073520281,47985
2020-07-03,749.5211181640625,762.6552049975751,733.359870618667,745.0780043702302,69639
2020-07-06,762.2645874023438,767.5377715051977,751.9135929503846,756.7961487487636,113526
2020-07-07,761.8252563476562,770.4673568519677,757.7727109215804,761.678755823238,336028
2020-07-08,744.2479248046875,768.5142006937418,737.2658469171221,768.5142006937418,42718
2020-07-09,747.128662109375,756.5032049740848,740.1954567377917,747.8122318393296,31564
2020-07-10,756.552001953125,764.6082188180663,732.9204205623286,747.1286456583776,35442
2020-07-13,765.5359497070312,771.8832723623202,748.7399455296567,766.5612745233524,48774
2020-07-14,753.4271240234375,764.4128738508849,748.9351968234841,762.6063521643076,19339
2020-07-15,751.9135131835938,763.6316458565848,742.1484026227679,748.0562825917665,48208
2020-07-16,740.8302001953125,757.7726446335646,730.0397044171962,751.9135777936144,46227
2020-07-17,723.4970703125,750.1558104082372,717.7356312010324,747.1774635868197,37649
2020-07-20,728.1355590820312,736.2405896649195,718.7122026925372,731.4068475770522,25097
2020-07-21,744.8826904296875,751.5229543038006,725.8407230780556,733.7993127604957,451977
2020-07-22,732.3345336914062,752.7924537803923,730.4303250680526,747.0310142741448,25848
2020-07-23,732.92041015625,737.8517793984113,726.5730878679313,735.1175601791296,38415
2020-07-24,724.6689453125,732.1880935520037,721.6905980414311,729.4050604432948,22005
2020-07-27,717.5403442382812,734.3363470757406,707.8240468746238,734.3363470757406,33326
2020-07-28,727.3055419921875,730.3815761641902,708.0682591104505,718.4193137643138,16969
2020-07-29,727.5007934570312,730.4303268535025,724.2295050049088,727.5007934570312,14788
2020-07-30,724.0341796875,735.3128711696005,711.9254179949669,735.3128711696005,31133
2020-07-31,727.4031372070312,730.4302977555221,724.1806029180806,729.3561593935434,15594
2020-08-03,725.3524169921875,732.2368081734385,713.1948421478684,722.5205706262116,36101
2020-08-04,716.3685302734375,732.285709132478,712.8531140993045,732.285709132478,16643
2020-08-05,713.4879150390625,724.5712930531109,710.9001365804107,720.6652483466252,14814
2020-08-06,722.5693969726562,728.4772771796157,715.5385051653666,716.3685157558664,12451
2020-08-07,733.5552368164062,754.4525410618561,720.5187763319045,726.5243441463003,71663
2020-08-10,731.9927368164062,740.7813371978272,730.5279700861695,737.2659208858631,17347
2020-08-11,721.4952392578125,739.2189404689741,717.6380678969438,739.2189404689741,42907
2020-08-12,726.5731201171875,737.0218014989523,715.7826836684094,718.7122171622774,60418
2020-08-13,733.5552368164062,737.8518504025992,712.8531871327947,712.8531871327947,69530
2020-08-14,731.5045166015625,753.3783913377821,724.6201245569509,733.3599117234924,104742
2020-08-17,773.640869140625,787.0678959007179,732.3832778232486,737.265833008737,386407
2020-08-18,773.8362426757812,798.7372760334249,767.635361353267,782.2830280342339,265639
2020-08-19,772.4202880859375,787.0679547373775,771.6879047533655,775.8380769712735,73590
2020-08-20,790.3881225585938,797.8095832129949,766.610041080141,771.4437830333733,618210
2020-08-21,798.5908203125,805.6217126339715,791.0228587695748,792.341184605701,85089
2020-08-24,795.9053955078125,817.339827025743,791.5599089993807,795.4659535729804,72655
2020-08-25,783.650146484375,802.5456121571339,781.2576824034671,799.3719511277579,30608
2020-08-26,779.5,791.4622611963671,777.3028499843407,786.1890773181814,24822
2020-08-27,760.6044921875,797.2236571162568,756.7960751943072,781.2088518134783,135039
2020-08-28,772.9573364257812,788.3861996288052,762.8504705495221,779.2558448363009,57726
2020-08-31,746.6892700195312,790.1440159228364,725.059524341664,776.716987694287,94056
2020-09-01,750.5952758789062,773.3967860721216,732.3833201440546,746.0544754534103,46950
2020-09-02,755.4778442382812,770.3696386686627,752.9388795908851,755.819599286244,106828
2020-09-03,770.22314453125,785.9938229318277,753.1341999616185,757.6750005021527,65801
2020-09-04,752.25537109375,766.5612838624896,748.9840824490822,756.8449856053312,37299
2020-09-07,765.145263671875,779.7929302328891,752.8900612361281,761.6298475378347,56782
2020-09-08,751.96240234375,771.2973112758966,743.1249883188672,771.2973112758966,53583
2020-09-09,729.4049682617188,745.1267729198065,723.5947153745101,745.0779592857641,26369
2020-09-10,731.1626586914062,749.1792997307143,727.5007422038033,737.2658528374113,11359
2020-09-11,726.6708374023438,746.9334449161596,721.6417808534899,731.3580792683695,24615
2020-09-14,748.3493041992188,763.6317277055416,727.891443062741,735.3129040438272,46656
2020-09-15,747.8121948242188,760.7021533742247,737.1682595045343,750.9370422911153,118874
2020-09-16,751.96240234375,756.7961444771644,743.6620575333553,747.0310329355235,15937
2020-09-17,747.7633666992188,755.6242690484945,745.2244617074115,751.9135388291197,34861
2020-09-18,762.4598388671875,770.4672416384843,737.2658649392341,748.1051140798575,28434
2020-09-21,731.4556274414062,776.1310102607082,722.618213907835,770.2719436614555,43984
2020-09-22,714.56201171875,736.3381977640487,710.9489086561738,724.6688779653198,39922
2020-09-23,718.712158203125,728.623769551556,705.0410030199134,718.175089026943,22026
2020-09-24,707.3358154296875,717.7356828379432,701.6720627779349,717.7356828379432,24084
2020-09-25,715.6361083984375,717.6868173908368,702.3555817874452,712.8530757105805,14255
2020-09-28,713.4390258789062,725.1083460994386,712.0719460230495,719.2492791704527,42026
2020-09-29,705.041015625,722.6182154605262,701.6232267680921,722.6182154605262,63131
2020-09-30,701.6719970703125,712.3159912650964,699.1819058343597,708.0193188411552,35372
2020-10-01,701.4767456054688,708.263509871633,697.1801323992097,705.0410350665613,23346
2020-10-05,698.4007568359375,726.4754512099931,687.415006863481,702.1114871285546,29446
2020-10-06,700.988525390625,710.9001376893995,698.2543060121221,704.064559442386,26498
2020-10-07,701.6232299804688,707.2869824775461,697.2289300014679,704.4551360297613,25710
2020-10-08,712.3649291992188,746.7381357841035,701.4279917038217,703.7716424533762,293996
2020-10-09,716.3685302734375,731.4556389236491,713.2925560214483,718.0774247250454,27938
2020-10-12,708.556396484375,720.7139710191274,705.0409805328463,718.7121352800207,14848
2020-10-13,697.7660522460938,710.9001395467587,696.2524718363173,708.6053621127279,11272
2020-10-14,699.1819458007812,701.5744099099262,688.4403237284229,696.2524125083198,167871
2020-10-15,707.6288452148438,722.1300122904156,698.2054885566561,698.2054885566561,200475
2020-10-16,720.860595703125,724.7178269487357,708.9959605201169,719.6887703169058,60017
2020-10-19,717.833251953125,724.6200156987102,712.8530694183385,722.6181799583157,14046
2020-10-20,721.8370971679688,724.5225029910628,714.6597040253363,720.6164581574715,55400
2020-10-21,721.8370971679688,727.2567224542738,718.712249380793,725.4013273177123,13793
2020-10-22,744.0526123046875,755.2336758352008,722.1299271399091,724.5712047840603,82166
2020-10-23,739.5606689453125,751.8647447525667,734.433985592667,748.007513928846,16733
2020-10-26,736.6799926757812,756.7960973585143,734.3363422111004,750.8882171639525,17194
2020-10-27,764.4129638671875,772.3715540755347,731.6022110260614,736.2894529174345,70990
2020-10-28,760.5556030273438,764.8522754629496,745.4685550738168,763.6316366575506,410874
2020-10-29,751.7670288085938,756.796084695885,746.2497769842952,753.0853545234838,19382
2020-10-30,741.2695922851562,755.4778772402811,735.0199566678452,755.4778772402811,24597
2020-11-02,735.5082397460938,752.59718555989,726.6708254026903,741.1719927240779,48849
2020-11-03,737.2659301757812,747.9587393615468,733.9946416109701,742.1484860047599,40617
2020-11-04,737.607666015625,756.2590645570353,728.1843692722448,740.1954443781314,15769
2020-11-05,771.05322265625,776.5705347981565,739.2189812539509,739.2189812539509,73570
2020-11-06,757.1378784179688,780.2323904102656,751.9135677295425,762.6551901256788,28332
2020-11-09,767.0006713867188,771.4437850639371,752.9388874133042,769.9790183834359,13570
2020-11-10,754.3060302734375,766.5124193334598,752.0111933692478,757.6750055743055,19035
2020-11-11,758.3096923828125,765.5358984548794,748.3004534811231,758.1143782400388,20994
2020-11-12,757.1378784179688,766.4636073612763,747.0310120949351,755.8196122372284,17354
2020-11-13,768.9536743164062,773.2991606130652,747.0798019296445,752.8900548700194,56881
2020-11-14,772.3226318359375,776.3263033964995,769.539539515688,773.3967701761353,6983
2020-11-17,778.2305908203125,790.7787355459479,774.8616153549884,781.2089379760438,62279
2020-11-18,807.4771118164062,813.4338061238875,773.3968480793744,780.2324262820962,553044
2020-11-19,825.88427734375,832.4269137490687,801.3249989064036,810.5042272483741,120144
2020-11-20,824.1753540039062,837.0164985852095,816.1679512034723,834.6728481455438,96788
2020-11-23,823.6382446289062,832.8662858326219,811.0900420646303,828.0813579191387,40140
2020-11-24,835.0635375976562,838.5789539131946,818.6581025211152,821.6853228609223,44542
2020-11-25,840.4830932617188,854.4471896987804,836.3817348308634,844.6820789593659,66635
2020-11-26,830.9133911132812,843.7056637955014,821.0994060233387,843.7056637955014,36992
2020-11-27,872.4151000976562,888.6251616229202,832.182828112668,840.2878588752999,212921
2020-12-01,875.2957763671875,887.9416081264937,871.0479765553088,887.6486666914526,33389
2020-12-02,873.7821655273438,892.4823778996002,853.4707455177052,879.5436051557678,61088
2020-12-03,896.095458984375,903.2727919228338,877.8835026363541,898.3902362908185,46745
2020-12-04,896.144287109375,908.10654860122,879.8365391144761,900.4409003741112,34808
2020-12-07,896.144287109375,900.4409003741112,886.6721171098161,898.3902508161133,32009
2020-12-08,893.5076293945312,907.8135404161496,882.7660076203892,900.343206887167,22714
2020-12-09,898.7808227539062,908.8388749674674,892.9217562681612,900.3432166428357,20253
2020-12-10,888.4786376953125,906.1047114695284,885.3049764874302,903.175178046868,19803
2020-12-11,890.5781860351562,897.4625778555862,879.0065525243174,887.6486525284616,18180
2020-12-14,887.5997924804688,898.3414147767028,883.351933356962,894.4841839409352,12594
2020-12-15,862.5523071289062,893.8006646626714,854.4472763138883,891.5058872468902,34629
2020-12-16,873.8308715820312,877.8834161981858,862.5521811029002,865.1887728048862,86721
2020-12-17,928.5155639648438,943.7979866582158,866.2141671435063,866.2141671435063,128679
2020-12-18,899.90380859375,937.353045718351,890.7734534838826,923.7795173417536,67300
2020-12-21,883.3519897460938,932.5681770675408,856.0096767011815,905.2258640226283,74058
2020-12-22,859.134521484375,907.1788833063712,853.470768578868,898.3902827145979,78277
2020-12-23,878.9575805664062,887.3556114366309,860.3062431758408,866.0676822658611,33209
2020-12-24,902.3939819335938,912.061466716916,880.8131081141952,883.4008866515886,67947
2020-12-28,889.1134033203125,908.643626347667,885.3538592281511,904.1516988919798,27379
2020-12-29,885.5003051757812,898.194950215756,880.0806801751712,897.4137532105213,17371
2020-12-30,885.8421020507812,893.4588770014922,873.9774678918686,888.6251349515089,25906
2020-12-31,886.623291015625,891.5546602941022,874.5633428181015,885.84209403315,13358
2021-01-01,883.5472412109375,898.390222016733,880.8130220207534,889.5039947482577,36325
2021-01-04,899.36669921875,903.2727435150312,885.7443578151681,891.5546106261876,43090
2021-01-05,933.9840698242188,937.5482996405516,890.6269523865283,898.3902276873895,43827
2021-01-06,935.79052734375,943.749116242269,920.8499201982678,933.9840057417572,31544
2021-01-07,950.975341796875,957.9574202293646,936.620675841618,943.7980088192464,32663
2021-01-08,953.270263671875,965.7695953516746,938.0366528983412,956.9809943828524,40666
2021-01-11,957.5668334960938,963.1817727472522,941.3567718463976,953.270220090897,36793
2021-01-12,963.4747314453124,967.7713446617146,956.9809085821868,957.664478294333,29552
2021-01-13,972.7515258789062,991.2075493345104,958.9338704026648,968.3083528307646,89401
2021-01-14,992.9652709960938,1005.8064155792862,967.7224833389056,976.4622694528326,67417
2021-01-15,967.5272827148438,1002.3887443913784,962.3517852875826,1002.3887443913784,19762
2021-01-18,947.9481201171876,978.5129046528924,941.356670402234,975.5345578131036,12243
2021-01-19,967.8202514648438,972.7516808333656,946.6788191999603,949.1689109039424,17017
2021-01-20,961.9610595703124,969.7243347259372,954.6372263294415,959.9592237381092,24330
2021-01-21,944.0910034179688,969.0408523188214,937.4995529074874,966.6484475925236,162693
2021-01-22,935.0094604492188,955.3208811945492,931.6892985767312,944.0910025573002,11651
2021-01-25,931.3475341796876,939.6966928148096,918.4087610967192,937.450729030144,7179
2021-01-27,939.3549194335938,945.2628000133752,916.846349184156,919.580568503562,47516
2021-01-28,938.9642944335938,944.28629217848,920.8988379648224,927.6856024504198,18149
2021-01-29,968.796630859375,975.5345812370506,922.802982251264,943.212087921551,38019
2021-02-01,970.7496948242188,981.3936900293196,934.8629106365794,958.9827475755123,26356
2021-02-02,1004.3904418945312,1018.0615959648112,975.63212127489,975.63212127489,56658
2021-02-03,990.6217041015624,1025.336662024076,985.2997066498026,1009.4194833038292,32366
2021-02-04,1178.40478515625,1188.7070250756158,999.9473793246324,999.9473793246324,944154
2021-02-05,1152.0880126953125,1255.7934590677503,1109.3167725512942,1178.64907083575,1029936
2021-02-08,1120.49755859375,1146.277474199273,1095.645400009149,1146.277474199273,437169
2021-02-09,1128.0654296875,1135.6822629672763,1103.457400819452,1134.9010065067357,61825
2021-02-10,1107.2659912109375,1122.9877965216367,1103.4575739734344,1122.9389232840588,38422
2021-02-11,1123.1829833984375,1142.3714497366184,1108.34006283724,1108.34006283724,48702
2021-02-12,1113.80859375,1134.7059561987394,1108.3401551510922,1118.251767163312,19437
2021-02-15,1132.4111328125,1147.4005545138436,1108.681865152837,1122.98777675823,40096
2021-02-16,1120.5465087890625,1152.2831201491013,1112.3437915507875,1136.610069011629,49215
2021-02-17,1129.8233642578125,1198.960399138201,1110.8790247157383,1120.5465086308036,64102
2021-02-18,1142.2249755859375,1152.234214269778,1127.0402996410417,1133.7293767745175,241582
2021-02-19,1135.047607421875,1161.0716510268726,1127.5772739678537,1152.2830514816733,108281
2021-02-22,1130.360595703125,1144.373507687421,1113.9551597391026,1140.760344698556,34467
2021-02-23,1159.46044921875,1223.5684277958223,1124.5990500744892,1130.311616259908,133633
2021-02-24,1177.77001953125,1249.9342140087654,1159.851064600712,1170.8368145285233,81132
2021-02-25,1265.460693359375,1284.112030571176,1189.097457738204,1197.7884299225957,150078
2021-02-26,1327.4205322265625,1403.1490266823434,1236.2632316776665,1241.1457878849242,214848
2021-03-01,1364.9674072265625,1399.145299331361,1332.9377920871402,1332.9377920871402,117411
2021-03-02,1384.25341796875,1424.6808839127457,1358.6200004737425,1364.9673229010775,112496
2021-03-03,1349.001220703125,1390.40531546884,1315.360460757678,1375.5623943278365,83061
2021-03-04,1371.8028564453125,1415.8434837118143,1333.523549371429,1341.6286392741206,68262
2021-03-05,1361.8424072265625,1384.155662856692,1349.587263984361,1371.998146887544,59714
2021-03-08,1357.4481201171875,1388.59884951297,1337.3320143516262,1363.2095597187808,104062
2021-03-09,1369.410400390625,1430.979476665109,1342.8493445391289,1374.8788390420482,295163
2021-03-10,1401.39111328125,1413.89050355542,1380.7867520662685,1410.7655963853674,34262
2021-03-12,1366.28564453125,1422.2885369945498,1357.3505433727596,1412.035169580583,110766
2021-03-15,1358.815185546875,1384.692729504469,1337.6249425156357,1384.692729504469,29125
2021-03-16,1347.3900146484375,1358.326890891014,1328.250302419412,1358.326890891014,39074
2021-03-17,1334.9881591796875,1357.0572838551125,1313.4072900024046,1351.3447183674498,15444
2021-03-18,1340.0662841796875,1349.4895213117773,1302.3241048040938,1334.988354733375,28870
2021-03-19,1320.2919921875,1386.6458793675763,1272.4429442374922,1320.2431189471572,86581
2021-03-22,1320.4871826171875,1330.8870500480098,1284.2097701027226,1313.407476886757,77646
2021-03-23,1355.1043701171875,1366.9690035104672,1310.4778617031366,1325.4185288210465,70701
2021-03-24,1336.794921875,1362.1354583224754,1323.6120210466213,1345.6323956670856,38775
2021-03-25,1300.615234375,1343.4840980252447,1276.30008271526,1343.4840980252447,32867
2021-03-26,1293.486572265625,1318.2899779128852,1275.372362979816,1307.157727592129,40558
2021-03-30,1305.7906494140625,1313.4074839912794,1274.5422929176157,1288.9947054784304,44126
2021-03-31,1311.99169921875,1342.7029294511665,1277.667305945265,1305.5955030372434,48848
2021-04-01,1295.4395751953125,1346.8529074101357,1279.766643879395,1309.550231826474,56747
2021-04-05,1260.67578125,1308.2806955303545,1241.9268165377107,1295.390797191032,32625
2021-04-06,1245.4422607421875,1284.0632026039907,1240.1690770464268,1260.9688108229775,16840
2021-04-07,1366.4320068359375,1413.695047915383,1241.1944603758543,1249.8853136566777,114298
2021-04-08,1318.143310546875,1394.2624122686996,1305.2045401793275,1362.7699334495744,90051
2021-04-09,1337.4295654296875,1348.561815699672,1310.4778831781027,1310.966138723251,21711
2021-04-12,1308.0364990234375,1357.3503050709803,1280.254808446172,1325.2230689736634,62929
2021-04-13,1308.32958984375,1327.9574386688191,1293.779550942525,1293.877178209712,81220
2021-04-15,1321.170654296875,1344.9487951104622,1298.9550266166198,1303.6423276105834,32176
2021-04-16,1322.293701171875,1349.538385619412,1316.483507612536,1328.1527679690648,55382
2021-04-19,1294.121337890625,1302.177554481908,1274.346988075658,1293.8772101151314,10660
2021-04-20,1291.72900390625,1307.206681877081,1279.3272407121824,1294.853791921987,61618
2021-04-22,1316.7764892578125,1324.5885789129811,1285.918758960502,1298.222776326787,39004
2021-04-23,1357.057373046875,1371.998039953192,1305.5464146073512,1313.4073763252975,21631
2021-04-26,1377.613037109375,1398.3638980263158,1367.115542763158,1371.9980982730262,53412
2021-04-27,1442.9417724609375,1458.712451896723,1376.001883228667,1386.6458789570413,173318
2021-04-28,1465.2060546875,1482.8321279928564,1445.9688334049536,1447.1894722985928,63296
2021-04-29,1462.0811767578125,1483.173791700292,1447.0428826737173,1464.815455392379,30342
2021-04-30,1443.136962890625,1480.3908866830484,1438.2544071957602,1464.7667084594807,41949
2021-05-03,1493.9644775390625,1508.709772510698,1432.737155055163,1440.353989937398,57413
2021-05-04,1468.1357421875,1504.2666572329904,1443.8694622745809,1493.1345247165332,27564
2021-05-05,1460.90966796875,1499.0912330812157,1416.966662779793,1441.3305701977913,79167
2021-05-06,1483.564697265625,1494.6480759683557,1448.3614194798042,1479.170396697782,13030
2021-05-07,1470.3817138671875,1540.495264490894,1450.216734096742,1459.884218649474,93624
2021-05-10,1457.19873046875,1489.179469904402,1441.8675534434008,1469.6492473482783,20103
2021-05-11,1455.3433837890625,1477.461385408586,1441.525727031385,1450.1190729225052,11267
2021-05-12,1387.475830078125,1462.569560619894,1370.24038460845,1445.3829883884498,51578
2021-05-14,1363.06298828125,1410.0820213518327,1348.6106955952976,1385.6692439738576,68319
2021-05-17,1383.911376953125,1427.6102453220117,1358.5709635354983,1371.8514896349386,22615
2021-05-18,1404.76025390625,1424.7298605417477,1372.5353838597266,1414.9647484064376,17189
2021-05-19,1387.036376953125,1416.8199652169465,1372.535211098064,1404.222948307383,19596
2021-05-20,1380.24951171875,1406.908311369687,1368.1896239539967,1396.4108174621915,24669
2021-05-21,1384.1070556640625,1394.409177726085,1368.1898747680038,1368.1898747680038,8782
2021-05-24,1375.855224609375,1463.790094157762,1358.3268985813522,1398.3149792228696,160658
2021-05-25,1375.611083984375,1414.7203996596209,1371.9980407397877,1386.8898344204151,60509
2021-05-26,1428.0499267578125,1494.062056525799,1405.0530415398837,1445.2364991229952,674594
2021-05-27,1418.33349609375,1443.429902825044,1396.4597428689065,1439.1821033908896,106093
2021-05-28,1418.4312744140625,1435.178344752291,1401.0982020416773,1416.4293789377348,32192
2021-05-31,1390.5029296875,1449.1424687771057,1375.4158809114242,1418.4312424400907,63477
2021-06-01,1378.443115234375,1415.94116722777,1369.6545148860648,1396.3620709928257,41288
2021-06-02,1390.0634765625,1404.9552700416557,1367.115466938883,1381.714259422491,45073
2021-06-03,1470.088623046875,1475.654807972087,1395.4343953438702,1401.2934620842923,113577
2021-06-04,1469.6004638671875,1492.5973500127752,1453.0486469211708,1470.088719460911,74048
2021-06-07,1455.050537109375,1494.0621112211618,1452.2673848731113,1494.0621112211618,105769
2021-06-08,1484.2479248046875,1533.1223506055128,1455.0503397319962,1455.0503397319962,222171
2021-06-09,1489.081787109375,1513.787446199869,1467.305542090053,1491.6695653421757,65699
2021-06-10,1476.48486328125,1509.9792435091165,1475.508352128286,1498.6516187723194,70474
2021-06-11,1459.6888427734375,1497.8215297800948,1455.001541803201,1497.8215297800948,24454
2021-06-14,1452.072021484375,1493.036614893464,1448.4101048195691,1493.036614893464,23408
2021-06-15,1451.7789306640625,1479.4142410661725,1445.333981573287,1479.4142410661725,37064
2021-06-16,1449.2401123046875,1470.2351011377336,1443.332291619989,1451.095507251467,34754
2021-06-17,1392.9442138671875,1454.9526688486612,1381.763209429687,1449.2401027421522,71129
2021-06-18,1385.8643798828125,1409.105389638439,1337.820085796716,1409.105389638439,56087
2021-06-21,1375.9532470703125,1383.7164639539778,1347.585547111143,1347.585547111143,27728
2021-06-22,1355.5439453125,1391.3331019715636,1345.1440779653044,1390.5518453884524,21178
2021-06-23,1362.77001953125,1374.4881519250737,1347.5363520568735,1357.3992088507475,25045
2021-06-24,1395.8250732421875,1409.3986021805126,1363.6978322997836,1381.7632887248076,45592
2021-06-25,1465.4501953125,1485.2734188001791,1388.6476908138795,1392.504862070385,162784
2021-06-28,1444.0648193359375,1477.7544559481148,1435.4714730406056,1474.3854207650802,39100
2021-06-29,1408.1778564453125,1453.2926208475317,1399.8286389954217,1451.2907254440097,17260
2021-06-30,1449.5330810546875,1455.489774843434,1392.1630547064474,1430.5887421305808,130700
2021-07-01,1440.2073974609375,1457.2475879790609,1427.9522544610445,1456.0757031165297,62107
2021-07-02,1455.09912109375,1498.9444919631103,1428.8798227133689,1445.1875098958674,171287
2021-07-05,1462.374267578125,1483.027382292717,1456.026945332237,1456.026945332237,32763
2021-07-06,1449.2401123046875,1486.0546526174664,1445.2364406003844,1462.8136405536322,40368
2021-07-07,1430.4910888671875,1456.515132697522,1424.72964971929,1445.334009435286,39133
2021-07-08,1411.9862060546875,1450.119012965734,1402.416468602044,1420.9701798790468,41351
2021-07-09,1403.8812255859375,1423.0208195620548,1394.4578695039384,1401.3910745663309,43514
2021-07-12,1396.0692138671875,1425.3645488798113,1387.9641234991525,1410.9121359257076,385934
2021-07-13,1391.8212890625,1414.9156807264476,1387.671116975311,1396.4108434541863,85719
2021-07-14,1388.550048828125,1406.4202514136016,1380.200949615981,1395.4345004478644,65819
2021-07-15,1383.71630859375,1420.872605775306,1376.8807304990737,1406.1271919515154,44772
2021-07-16,1393.9207763671875,1403.1488781438295,1371.3633929182065,1403.1488781438295,65205
2021-07-19,1361.793701171875,1395.0927082617006,1339.7733265850584,1382.7398181081944,23761
2021-07-20,1371.5098876953125,1385.669299138233,1354.3720696125008,1358.3269873863865,21088
2021-07-22,1398.8419189453125,1407.8708931123404,1374.9447939175438,1376.02431262227,18147
2021-07-23,1403.552734375,1410.2753171809427,1373.718076008368,1398.891072748967,17873
2021-07-26,1394.719970703125,1417.144990393024,1386.2308164336196,1393.5913340430016,56868
2021-07-27,1388.7825927734375,1405.368318254761,1377.1038795765228,1401.73717708434,17002
2021-07-28,1390.450927734375,1404.2395591726354,1364.9834643162171,1387.702953174388,13770
2021-07-29,1394.0821533203125,1405.3682812774991,1379.4102348960105,1397.4189455459357,24007
2021-07-30,1392.0211181640625,1416.6542932061038,1387.1631046481432,1403.4053614719285,12106
2021-08-02,1378.6251220703125,1404.5831695257884,1372.491356622411,1393.591509763192,55156
2021-08-03,1375.435546875,1393.4933760883212,1372.982040726454,1392.5609718718106,129477
2021-08-04,1360.71435546875,1410.275174041539,1346.4840214230978,1389.469492184484,77514
2021-08-05,1360.3709716796875,1378.6741505471643,1349.5264271522806,1369.0563590296408,22806
2021-08-06,1351.930908203125,1393.5422736355993,1337.062638057277,1344.5212722498843,70942
2021-08-09,1335.443359375,1369.0563926717805,1301.3396248622084,1369.0563926717805,69445
2021-08-10,1302.4681396484375,1354.335229363688,1295.696439541601,1329.8001708607228,95533
2021-08-11,1310.3685302734375,1314.7848413892784,1263.015861086922,1299.3768705273874,124615
2021-08-12,1335.296142578125,1369.0564106428878,1295.5003453172772,1316.9439647784372,74568
2021-08-13,1359.5367431640625,1381.814528913295,1334.6580973893629,1334.7072154276143,104576
2021-08-16,1345.895263671875,1364.29655851262,1331.3214621180246,1360.8125321027337,33677
2021-08-17,1366.06298828125,1387.7029585751077,1329.8983347140463,1352.3724730668305,38792
2021-08-18,1344.3741455078125,1387.703088387427,1337.60244452525,1372.9329333385083,33769
2021-08-20,1350.5570068359375,1363.1680043706342,1336.7192562375524,1343.5399553516186,62749
2021-08-23,1336.9154052734375,1357.1813885793158,1311.0063582271869,1354.3352976893696,24585
2021-08-24,1323.8135986328125,1337.798581536725,1311.1534848860956,1337.6022291948636,27825
2021-08-25,1333.1370849609375,1344.325096623704,1315.5699575027456,1319.98626843804,18155
2021-08-26,1349.232177734375,1393.3952893445328,1337.3081136396108,1364.149447513763,194653
2021-08-27,1347.9561767578125,1358.260901807654,1324.9423387332054,1358.260901807654,38255
2021-08-30,1373.9141845703125,1379.1647830310685,1325.236651523637,1357.279462505199,62905
2021-08-31,1381.373046875,1387.8992772350891,1356.0528161031684,1356.0528161031684,35921
2021-09-01,1380.685791015625,1388.4880111197624,1364.1983043843982,1381.8144276118303,25962
2021-09-02,1375.435546875,1387.2123763880218,1364.2475348776084,1387.2123763880218,14148
2021-09-03,1405.711669921875,1414.200824438028,1355.316681852128,1375.926131757193,79146
2021-09-06,1397.2718505859375,1452.475742839113,1372.0007354655947,1408.3126290365726,114230
2021-09-07,1398.30224609375,1417.7339425487803,1383.5812094762557,1403.356372825674,44584
2021-09-08,1375.7789306640625,1406.987574908277,1374.3559451039112,1381.8636974249353,60739
2021-09-09,1375.6317138671875,1392.1684403601275,1373.9633776857515,1373.9633776857515,39323
2021-09-13,1404.337646484375,1417.1449950871593,1374.0614079108484,1374.0614079108484,122019
2021-09-14,1437.5091552734375,1447.4704135232848,1418.3226905685578,1427.9404819408442,70694
2021-09-15,1453.702392578125,1471.1222862275845,1438.8832394053663,1442.6616149129748,83252
2021-09-16,1445.409423828125,1465.8225207550286,1435.7916329125023,1453.4568751492932,38448
2021-09-17,1448.9915771484375,1457.3334978454352,1414.1517907080358,1456.401213452282,49979
2021-09-20,1436.6258544921875,1446.1455294879918,1417.24315742662,1427.940467362066,32016
2021-09-21,1422.837158203125,1445.0658253289184,1394.572722935763,1443.8390724058577,52393
2021-09-22,1380.5386962890625,1428.9218821130669,1367.4861163613568,1428.9218821130669,67071
2021-09-23,1369.056396484375,1393.7386916785042,1359.2423721368168,1381.9618624614343,118671
2021-09-24,1371.1173095703125,1389.6167213965973,1364.1493762845623,1382.7960224352148,11323
2021-09-27,1359.4384765625,1374.6502128673508,1355.3166346450928,1371.1171883952743,10887
2021-09-28,1350.9986572265625,1383.7775246789802,1339.6144121892255,1366.2595140180665,14615
2021-09-29,1337.0626220703125,1357.3776033493962,1334.7072324060475,1345.6988911058245,23581
2021-09-30,1334.4127197265625,1358.2608446149095,1324.9912811805814,1343.5398094492857,19189
2021-10-01,1317.287353515625,1342.5584649725274,1312.5765741395426,1342.5584649725274,16471
2021-10-04,1310.073974609375,1334.7071487625487,1305.3631955760604,1334.7071487625487,24780
2021-10-05,1322.5869140625,1328.3772119449795,1307.2279431725635,1314.7356951845866,24041
2021-10-06,1333.6767578125,1339.3198216728051,1315.0792300537937,1328.8188638006245,34452
2021-10-07,1325.629150390625,1339.319664490172,1319.9860871925898,1337.6513285081785,21618
2021-10-08,1375.582763671875,1380.5387741487102,1320.967693541295,1325.8747057758465,61222
2021-10-11,1392.413818359375,1413.2195019965052,1356.6416278350275,1373.9634047188244,45777
2021-10-12,1369.5960693359375,1406.1041880861549,1357.2794221763406,1393.5913083806245,145069
2021-10-13,1362.08837890625,1390.3526953988796,1355.3657966040153,1369.5961310277637,260583
2021-10-14,1361.8919677734375,1388.684299348753,1355.3166200711153,1368.9090184050765,39114
2021-10-18,1363.16796875,1397.517053635709,1361.2542819406938,1381.5201461831814,20252
2021-10-19,1338.6328125,1379.9498276941238,1328.9169052234492,1369.988569828772,14246
2021-10-20,1359.340576171875,1403.4055722970274,1326.8561774444622,1348.0054491987726,71649
2021-10-21,1335.1978759765625,1372.98186585168,1285.637058088421,1340.5955888158649,49685
2021-10-22,1327.1014404296875,1349.133877137228,1298.6407698639923,1334.7564273294668,14919
2021-10-25,1295.500244140625,1333.7749365027346,1277.7858834735084,1327.1013524785344,11848
2021-10-26,1298.7879638671875,1324.8932438224851,1291.6727964466593,1301.8302873559455,11528
2021-10-27,1311.4970703125,1320.918509371163,1292.6541921951743,1298.7879571812955,124073
2021-10-28,1324.7952880859375,1348.1525962237947,1306.6393414333488,1314.7849104839022,16159
2021-10-29,1352.7159423828125,1368.7618472868014,1304.2346409988186,1329.7511028009103,132064
2021-11-01,1316.9927978515625,1364.149227335237,1312.2330205507342,1364.149227335237,61400
2021-11-02,1334.75634765625,1390.647164976444,1316.9928688337652,1316.9928688337652,63855
2021-11-03,1329.653076171875,1349.379241319616,1315.569975072374,1347.4655544754714,16297
2021-11-04,1356.2982177734375,1361.205230138754,1340.5957782044252,1349.3792824182988,4876
2021-11-08,1343.6871337890625,1369.9886465004784,1339.6142898270043,1369.9886465004784,16780
2021-11-09,1312.8709716796875,1364.1492436066274,1305.2651035948304,1350.3604929004955,50403
2021-11-10,1315.96240234375,1342.3621488621409,1311.9876750050748,1319.397310483315,20943
2021-11-11,1494.5286865234375,1530.0064088017275,1393.5914692100407,1398.498481425569,2074425
2021-11-12,1504.833251953125,1545.708683316399,1479.0714405645183,1511.3596014649231,739006
2021-11-15,1597.8211669921875,1618.3325003870696,1522.1550685872317,1543.7459206239298,542093
2021-11-16,1760.390625,1844.8403527980895,1576.1323170731707,1595.7603658536586,1127698
2021-11-17,1712.15478515625,1859.7577457728623,1680.74990501655,1746.8964577708152,1167816
2021-11-18,1640.0216064453125,1703.420180608794,1614.407026519522,1697.8262345767616,215239
2021-11-22,1698.660400390625,1721.281774700176,1605.1328191288108,1657.4906156842055,143858
2021-11-23,1664.654541015625,1741.939972496985,1643.848860079725,1741.939972496985,66516
2021-11-24,1661.1707763671875,1751.7051466797514,1638.500405159508,1663.5261660589158,190142
2021-11-25,1653.5648193359375,1714.5098804212305,1624.2208655392883,1714.5098804212305,67971
2021-11-26,1656.90185546875,1712.4492118956605,1605.132874631106,1648.7561669619308,80561
2021-11-29,1643.84912109375,1665.1455065634002,1612.4442423624068,1663.4771703008396,45071
2021-11-30,1720.88916015625,1738.014584631263,1629.1280329965068,1629.1280329965068,300617
2021-12-01,1693.3116455078125,1726.286740641341,1670.3468064647882,1723.3425335794172,53767
2021-12-02,1748.95703125,1794.9357054756003,1687.4231543837332,1701.6534878670086,219160
2021-12-03,1730.1142578125,1763.138471442458,1717.3560270336231,1763.138471442458,62591
2021-12-06,1642.32763671875,1755.4342521865678,1613.4745048386117,1733.1564678192317,85079
2021-12-07,1677.2166748046875,1683.1050891106138,1654.30095309081,1665.881429345741,44995
2021-12-08,1651.3076171875,1727.611652073521,1643.8489830750589,1684.086480571225,83637
2021-12-09,1720.49658203125,1749.1044869248426,1644.3888952012414,1666.2740975859715,110108
2021-12-10,1811.5216064453125,1907.650043955408,1697.7770436744588,1697.826161714779,799712
2021-12-13,1734.97216796875,1830.315432840543,1727.2681832704322,1830.315432840543,184424
2021-12-14,1717.5032958984375,1771.4313091631727,1708.6215563728997,1728.24960411986,136155
2021-12-15,1668.089599609375,1725.2072907670772,1656.6072395302997,1722.2630835878174,68019
2021-12-16,1693.409912109375,1745.914942707956,1672.358877667929,1685.0679913600677,179052
2021-12-17,1608.5184326171875,1703.7144594407794,1584.9647764958863,1703.7144594407794,129422
2021-12-20,1614.0142822265625,1652.68155880956,1522.6948653612317,1581.1864215111004,133850
2021-12-21,1650.8170166015625,1665.4399368842555,1600.6182579499512,1622.110995296987,71650
2021-12-22,1644.1434326171875,1675.695422862001,1629.1279284887894,1660.630920495331,59804
2021-12-23,1733.2056884765625,1746.6017348711907,1645.8117602634654,1653.6138611174858,150130
2021-12-24,1721.085205078125,1739.9282015505053,1693.9004086644377,1722.3610760174324,49850
2021-12-27,1741.9891357421875,1784.1894359319983,1685.1169186389782,1693.998537845385,46591
2021-12-28,1750.1837158203125,1776.3381102993776,1743.9027173266409,1758.6728694234723,25340
2021-12-29,1730.40869140625,1782.6683700411893,1719.4170322706782,1747.877702325387,52990
2021-12-30,1743.4122314453125,1779.2825367949458,1730.2124171922171,1730.2124171922171,50234
2021-12-31,1753.66796875,1774.6208859849362,1745.3750466077695,1756.6611741835063,54353
2022-01-03,1780.460205078125,1835.2225075000372,1749.889615833377,1753.6679911535048,99880
2022-01-04,1771.235107421875,1805.7804241375095,1743.6086057773605,1805.7804241375095,41945
2022-01-05,1804.5537109375,1884.2926580557444,1789.1457407682303,1830.315524621856,834696
2022-01-06,1863.4869384765625,1912.458822749592,1816.575855498275,1826.487995849726,770411
2022-01-07,1867.06884765625,1889.1995185073729,1845.085530917328,1874.429365260824,314017
2022-01-10,1885.1268310546875,1912.2626321660505,1847.0484887042928,1883.1150279560773,165228
2022-01-11,1926.492919921875,1937.2883463707497,1859.7575564197416,1889.199628553036,170000
2022-01-12,1961.4307861328125,1979.3904977297743,1924.3828460342413,1943.0786094212408,147581
2022-01-13,1983.0706787109373,1992.2467667059443,1935.325430514346,1960.6456590161624,130998
2022-01-14,2027.479248046875,2040.4339522103717,1955.9351044903965,1972.6189463249857,194552
2022-01-17,2061.68115234375,2078.610344240896,1995.1911377911904,2028.4605842881097,139452
2022-01-18,1992.2960205078125,2117.8172935473053,1926.4929406614604,2061.6811233288654,374448
2022-01-19,2036.94970703125,2085.480005594338,1985.6714339525188,1989.4498090614595,172831
2022-01-20,2010.7952880859373,2045.6350733997028,1967.7609364655311,2029.5401698272249,87297
2022-01-21,1990.038818359375,2016.7820351268724,1969.6747175180692,1984.8373374533612,396337
2022-01-24,1879.8271484375,2001.6192801271004,1865.6459319093065,2001.6192801271004,64598
2022-01-25,1940.6741943359373,1976.495383161113,1806.1239446539976,1867.608831076956,104539
2022-01-27,1923.1070556640625,1996.8103494461664,1830.0700633771376,1941.0176488570548,109079
2022-01-28,1922.910888671875,1962.8049226854785,1918.6418119250552,1954.9045849516276,48991
2022-01-31,2042.789306640625,2088.4245229552007,1942.882484079209,1943.0788364595528,224815
2022-02-01,2030.080078125,2052.504980261849,1981.5006570352773,2040.0903351567804,97012
2022-02-02,2023.9952392578125,2134.35388597124,1972.6187302202125,2065.8028357501307,191731
2022-02-03,1998.2825927734373,2050.149687523625,1992.296061877597,2025.6146266389476,60131
2022-02-04,1970.754150390625,2027.5773737405664,1924.3338883994695,1987.585225637988,48143
2022-02-07,1999.656494140625,2027.577344306511,1929.093638111081,2002.0608820838731,99727
2022-02-08,1917.3167724609373,2024.7313342053128,1903.9206060920749,2014.8190743850669,92834
2022-02-09,1940.527099609375,1965.6509782049843,1869.571655018551,1952.9417446805703,93542
2022-02-10,1891.0152587890625,1947.1515499769305,1875.5581704307065,1943.127704151499,40945
2022-02-11,1824.7703857421875,1875.1653710801547,1815.594297979982,1873.4970350506949,102067
2022-02-14,1828.4998779296875,1848.9620937009129,1756.7593875322032,1778.3992382456197,50545
2022-02-15,1784.042236328125,1840.8163382628009,1761.9116852362638,1816.722982472765,65946
2022-02-16,1768.9776611328125,1838.8534575804097,1762.647664162802,1805.7802477028436,50645
2022-02-17,1772.2655029296875,1840.1295029588289,1761.8135433928617,1775.356944454678,49012
2022-02-18,1832.8179931640625,1869.5714629808413,1752.5883516424435,1766.4750989525965,228844
2022-02-21,1766.671630859375,1850.875888547385,1755.679851623108,1820.5015308714844,108456
2022-02-22,1716.96337890625,1767.4564809403307,1683.2522327802835,1683.2522327802835,127548
2022-02-23,1728.151611328125,1782.030630203535,1717.4543005816242,1735.561128002,61353
2022-02-24,1649.6883544921875,1704.107190710127,1620.2953998528142,1692.9191791314988,74334
2022-02-25,1726.43408203125,1766.5243467175706,1665.1454293442391,1688.012153530123,47476
2022-02-28,1778.9390869140625,1789.0965778088546,1684.6263400965556,1735.070327690035,40801
2022-03-02,1802.1002197265625,1880.317945809085,1761.617369317457,1766.5243814882574,70469
2022-03-03,1830.5115966796875,1844.9872811949383,1794.2488281360952,1810.68731733138,20110
2022-03-04,1806.4183349609373,1874.4785668170232,1791.402830458543,1842.0431698743128,99785
2022-03-07,1734.334228515625,1793.2183709930694,1727.366295615813,1766.5242743233323,40029
2022-03-08,1765.83740234375,1791.7954481404377,1730.506915621551,1756.7103120204756,17396
2022-03-09,1841.8961181640625,1861.671281177039,1755.9742879817331,1766.573482086042,30057
2022-03-10,1860.1009521484373,1920.604432027989,1836.351062789437,1875.4599231504787,70068
2022-03-11,1868.590087890625,1893.3704974070315,1854.3106356749952,1864.6644784622836,64890
2022-03-14,1925.2662353515625,1957.30904895564,1872.0251530180224,1877.422866434326,82102
2022-03-15,1868.8846435546875,1947.8384189391732,1846.5577388911952,1947.8384189391732,26671
2022-03-16,1914.421630859375,1943.176769356252,1878.2079778159964,1878.6986790203796,23543
2022-03-17,1973.698486328125,1988.41952339954,1925.60976522817,1933.36286871247,44053
2022-03-21,2027.9208984375,2109.0337090918115,2014.868198897676,2027.8717803985908,182661
2022-03-22,2038.71630859375,2060.944976428005,1997.4482910266656,2016.9289843056465,34187
2022-03-23,2016.1441650390625,2079.493499810964,1998.1353347234535,2055.0566753000558,38973
2022-03-24,1984.4937744140625,2036.3117493932848,1970.656024496888,1992.2468773549213,40210
2022-03-25,1958.7320556640625,2012.758188650752,1948.4764479826952,2002.1591140719413,15383
2022-03-28,1964.5712890625,1975.906414422526,1938.3187759739992,1953.9720956712176,30282
2022-03-29,1940.2816162109373,2019.7260906616784,1927.9158504280351,1981.4513979815008,33223
2022-03-30,1943.5694580078125,1962.804922286196,1926.4930312239017,1962.804922286196,41928
2022-03-31,1902.98828125,1997.1537891371936,1884.3906347733111,1940.2815706786064,46045
2022-04-01,1920.2611083984373,1957.8978680165803,1889.199697208981,1903.9207338106096,48148
2022-04-04,1967.5645751953125,1997.1538814779665,1924.5301039696765,1924.5301039696765,45773
2022-04-05,1975.75927734375,1999.1167025443767,1933.3627412923036,1971.6374351554505,41053
2022-04-06,1984.6409912109373,2032.4352398773608,1966.632281241561,1986.3584454003892,77701
2022-04-07,1933.019287109375,1991.2654963724729,1892.3400852023865,1982.3837566130196,45258
2022-04-08,1954.6102294921875,1961.823513598675,1927.2290769531755,1942.1463463951648,104876
2022-04-11,1955.198974609375,1970.9505313975196,1933.3627707268008,1933.3627707268008,30930
2022-04-12,1959.32080078125,1962.8048272696933,1923.7449632869868,1960.842022442424,21445
2022-04-13,2188.380126953125,2303.351316466279,1966.3377253675644,2002.0607948833444,539415
2022-04-18,2128.808837890625,2281.760491862654,2100.201054875733,2257.176314772226,572893
2022-04-19,2102.11474609375,2201.285502916933,2026.792114640841,2133.3725072338266,165244
2022-04-20,2122.380859375,2257.2254490568425,2085.480034454692,2110.0150936835703,413935
2022-04-21,2142.4013671875,2178.713254766949,2117.5227213436674,2148.976715126444,83978
2022-04-22,2125.717529296875,2198.341304536011,2112.959298511621,2134.550150609743,71709
2022-04-25,2010.59912109375,2146.572476412073,1995.191150781001,2123.7548697934512,73930
2022-04-26,2012.02197265625,2060.944976632092,1995.8289533542345,2026.5958936882237,61013
2022-04-27,2020.5604248046875,2048.137688453515,1996.172479352073,2020.707539324444,33649
2022-04-28,2072.231201171875,2111.781766452666,2027.2829226036365,2040.139390092,62917
2022-04-29,2080.572998046875,2128.6125955298544,2069.630457600052,2074.684583901459,53372
2022-05-02,2106.138671875,2114.9221754492864,2047.5489964194835,2080.523973353146,26203
2022-05-04,2109.81884765625,2163.99221016762,2079.1991418541875,2111.977884934566,121665
2022-05-05,2034.3980712890625,2153.147762513792,2016.193008722588,2129.643222790589,56109
2022-05-06,1990.9710693359373,2067.814927815027,1955.4934671976075,2022.8175303896023,84602
2022-05-09,1943.8145751953125,1977.721954275892,1918.1999979954885,1973.6001123541143,49674
2022-05-10,1973.011474609375,2011.825868941601,1928.5538964891675,1938.1225702077463,54493
2022-05-11,1915.7957763671875,2031.5031538739424,1875.2639254187527,2009.8631810539373,81788
2022-05-12,1853.2313232421875,1894.106759922823,1840.325856850568,1887.236942658854,67060
2022-05-13,1883.163818359375,1952.9414993731225,1863.683006261316,1863.683006261316,35768
2022-05-16,1961.578125,1995.0439242107116,1880.857774390244,1881.1522430419925,47821
2022-05-17,2036.2137451171875,2047.1562860246263,1957.8977857664888,1981.2552107798824,29773
2022-05-18,2126.25732421875,2172.8248181326767,2035.281373655996,2035.428488169454,176270
2022-05-19,2099.6611328125,2125.7174121697963,2065.8518710145063,2100.2009520052466,32744
2022-05-20,2130.035888671875,2146.474380535391,2065.705146521992,2122.7736060170364,45912
2022-05-23,1987.1435546875,2190.490076602616,1978.507165963653,2178.7132482337847,106452
2022-05-24,1946.9552001953125,2009.9121904731317,1928.5539045061664,1992.1978285696723,38536
2022-05-25,1953.824951171875,2009.912122495477,1924.726345946235,1972.4715968395576,48661
2022-05-26,1933.068359375,1991.265572626105,1920.457361842539,1991.265572626105,21274
2022-05-27,1962.2650146484373,1972.5207417856132,1924.235670991668,1947.1023952266169,37006
2022-05-30,1966.1416015625,2000.098100805558,1928.4557252614925,1978.507247901867,25827
2022-05-31,1957.1617431640625,1983.4142574574755,1940.2816697440385,1962.804806984142,63885
2022-06-01,1956.4747314453125,1987.045319255917,1944.6487850344024,1954.953509860474,25576
2022-06-02,2055.302001953125,2109.033784026389,1948.3291390127447,1956.4748269548504,86337
2022-06-03,2028.1171875,2109.7698196569263,2005.544932190262,2109.7698196569263,85628
2022-06-06,1969.2330322265625,2047.4507555303803,1948.083762601704,2030.521564142532,59148
2022-06-07,1964.0316162109373,1989.35184686589,1943.373047106017,1970.6560826241407,24967
2022-06-08,1976.004638671875,2016.7328387729772,1958.682981938835,1964.1296934457905,55817
2022-06-09,1998.184326171875,2011.727726681424,1962.8047231176424,1972.9132153617352,35401
2022-06-10,1981.5006103515625,2020.7075892357811,1973.6493909664796,1977.525882617824,35888
2022-06-13,1945.385009765625,1966.5832787610525,1895.529717302214,1954.953683669126,48008
2022-06-14,1976.299072265625,1987.3398492056565,1918.6416815787943,1918.6416815787943,28288
2022-06-15,1977.7711181640625,1993.326321705793,1963.7861344479784,1976.5443652065112,26987
2022-06-16,1991.952392578125,2009.1760525249376,1957.897777402492,1987.5851998418025,39726
2022-06-17,1992.59033203125,2006.9679011018525,1943.176745321109,1977.525829203048,40813
2022-06-20,1953.137939453125,1999.0184999884127,1928.9954652491208,1984.3955807989653,31836
2022-06-21,1944.2562255859373,1972.5696602092312,1928.9954904999452,1948.0837188171845,35297
2022-06-22,1942.4898681640625,1957.848720278723,1930.6148029787828,1934.3441801146707,15385
2022-06-23,1951.8131103515625,1970.1161689837045,1942.4897876981536,1942.4897876981536,37168
2022-06-24,1930.3203125,2024.6330546840115,1923.548612302793,2024.6330546840115,96838
2022-06-27,1963.6881103515625,2007.949335177718,1936.6995440185285,1952.941682058895,60479
2022-06-28,1989.4007568359373,1996.3686898310025,1953.088868478456,1953.088868478456,29026
2022-06-29,1981.9912109375,2019.4807336778904,1967.7608765245104,1983.3160801814493,24380
2022-06-30,2058.14794921875,2100.201137937626,1972.61882581992,1980.371928747092,88707
2022-07-01,2003.189453125,2041.267792851931,1984.739040818072,2021.6888636699225,30977
2022-07-04,2009.470703125,2025.0749067734528,1984.3958217501024,1993.277562146327,16209
2022-07-05,1986.5545654296875,2012.757959944409,1973.6001024831012,2012.2672587752195,38882
2022-07-06,2028.3134765625,2084.498765800774,1981.9422116453215,1986.9964581307063,79135
2022-07-07,2060.06201171875,2128.1712470024704,2031.503104125024,2050.1497509744804,164725
2022-07-08,2040.385009765625,2097.011888710488,2026.596256083846,2079.7391080727807,28744
2022-07-11,2051.6708984375,2060.9451034831336,2031.1105654442208,2037.293209074508,36074
2022-07-12,2033.9566650390625,2060.9452335739597,2021.6891338868363,2050.836739984482,27286
2022-07-13,2033.56396484375,2062.9078001282383,2012.856278812092,2060.944995370742,16681
2022-07-14,2004.416259765625,2050.689406286472,1995.043819046946,2024.6331249838247,330468
2022-07-15,2015.2606201171875,2039.354095878328,1992.2467827877797,2007.213168717589,20834
2022-07-18,2018.10693359375,2094.3127345862013,2010.893530068944,2030.5215781906516,74371
2022-07-19,2058.24609375,2072.72177851949,2006.526237442775,2011.8257143318704,82473
2022-07-20,2067.618896484375,2096.226684371097,2049.708300326078,2070.759336657839,103754
2022-07-21,2155.28857421875,2168.3479425088603,2059.930545383417,2073.7291231993827,143397
2022-07-22,2115.27294921875,2202.844748328618,2104.825597250094,2155.535330914849,103083
2022-07-25,2079.495361328125,2126.8047779803464,2061.2615236600814,2113.1539437992324,53960
2022-07-26,2043.9638671875,2081.6142279191245,2030.4610199899755,2081.6142279191245,36410
2022-07-27,2034.45263671875,2069.7869530978887,2022.8716859097497,2034.3048910447824,39985
2022-07-28,2036.4239501953125,2069.787042343391,2021.4920113553785,2052.7358914403617,28426
2022-07-29,2028.4404296875,2069.786837676412,2020.5061986841165,2047.06841497534,34321
2022-08-01,2062.49365234375,2082.649388038292,2029.3769626275623,2031.2495308877124,79790
2022-08-02,2061.852783203125,2122.517303122192,2050.0747576011886,2077.3761858147686,142295
2022-08-03,1981.47607421875,2078.657476014161,1956.4414840626407,2061.9020577627434,353781
2022-08-04,2044.505859375,2052.98198446224,1985.566170092004,2000.7938386199176,98416
2022-08-05,2035.0440673828125,2058.945178235959,2025.680745605292,2041.2041474996029,104647
2022-08-08,2038.099365234375,2066.829879854742,2018.5348564341973,2044.1607872287725,40255
2022-08-10,2082.4521484375,2153.56401733533,2040.7113491500231,2040.7113491500231,180609
2022-08-11,2095.60986328125,2125.966785299891,2089.499112116722,2094.377847295332,56889
2022-08-12,2078.262939453125,2110.788157050423,2069.343096804612,2100.3405666618733,29039
2022-08-16,2127.7412109375,2135.823188722124,2063.8734458625413,2088.4644399882336,54253
2022-08-17,2113.745361328125,2141.785998081468,2108.4229076947813,2125.966864110237,54502
2022-08-18,2184.315185546875,2197.6209592381388,2111.1827590138537,2111.1827590138537,119753
2022-08-19,2230.88525390625,2265.923837226924,2197.916553725985,2197.916553725985,206191
2022-08-22,2236.20751953125,2306.333768418017,2203.3865677781414,2226.5484667344763,173950
2022-08-23,2208.955322265625,2253.7022870136216,2176.282354743685,2234.827657832629,44013
2022-08-24,2303.278564453125,2330.925052919699,2188.1591764985023,2188.1591764985023,110183
2022-08-25,2415.835693359375,2431.1126921579453,2281.6936915284173,2330.9743328141285,227384
2022-08-26,2456.88623046875,2488.6722422760377,2424.656741040937,2424.656741040937,291539
2022-08-29,2432.738525390625,2500.992204265658,2376.607930744647,2444.023742580805,69546
2022-08-30,2381.585693359375,2461.42033377395,2351.8693217170685,2444.2211971327456,86922
2022-09-01,2386.907958984375,2428.55010258594,2375.327007805241,2388.1399750672613,57186
2022-09-02,2364.238525390625,2399.474180328703,2349.7007376889005,2399.474180328703,30358
2022-09-05,2385.133544921875,2413.272837280439,2367.78690476285,2375.277417344663,51264
2022-09-06,2357.43798828125,2425.5930147316253,2331.1712637164087,2383.1623370715865,93464
2022-09-07,2417.116455078125,2429.535271173904,2308.206253266881,2337.725545717293,64394
2022-09-08,2474.676513671875,2492.7132749245866,2419.728603462299,2419.728603462299,92652
2022-09-09,2436.434814453125,2513.3126119965486,2419.679397039815,2484.72984111502,52645
2022-09-12,2433.77392578125,2464.9191483237005,2404.94474912332,2451.7120320205554,134122
2022-09-13,2407.802490234375,2458.41379848127,2396.0737953902244,2445.896565353826,130720
2022-09-14,2462.60302734375,2481.773149094968,2370.398897368308,2370.398897368308,40097
2022-09-15,2433.675048828125,2525.5341125752084,2408.8376546877384,2478.816162659436,94041
2022-09-16,2524.2529296875,2569.6402046715334,2433.674972889097,2433.674972889097,251420
2022-09-19,2487.5390625,2640.4567983756524,2468.960164214636,2542.733381540327,183280
2022-09-20,2517.107177734375,2538.3962684183143,2487.53879570548,2494.093024137308,36731
2022-09-21,2515.62890625,2558.650808375324,2494.733722554298,2533.46835341072,56861
2022-09-22,2562.59326171875,2581.3692335504293,2510.306454926133,2523.1687500000003,46119
2022-09-23,2362.66162109375,2562.593273302464,2340.8303938820577,2562.593273302464,193552
2022-09-26,2174.114013671875,2335.852924012563,2139.765312564401,2335.852924012563,315708
2022-09-27,2146.566162109375,2239.2631001743102,2139.6177839146826,2183.1324956466315,158703
2022-09-28,2122.4677734375,2191.953473788193,2104.283265939432,2128.8249276843867,78249
2022-09-29,2157.260009765625,2177.31732643891,2126.016132221543,2139.765382616184,103360
2022-09-30,2138.286865234375,2156.668446805956,2120.053029324333,2134.8372206027457,73397
2022-10-03,2142.820556640625,2176.1834004355123,2131.2396080138024,2148.9313069393734,54384
2022-10-04,2163.863525390625,2173.276175546393,2150.607081651805,2168.348111656265,48822
2022-10-06,2168.594482421875,2192.692666358615,2159.87171321554,2186.976064205928,63747
2022-10-07,2153.268310546875,2184.1180403800354,2142.722301347562,2168.3482350343315,32081
2022-10-10,2112.4638671875,2153.268139017793,2065.8443357223414,2153.268139017793,100164
2022-10-11,2069.244873046875,2088.464323837732,2049.6312733628465,2080.4316752712707,209311
2022-10-12,2034.0584716796875,2074.961403999352,1925.641060711903,2061.902034041869,286459
2022-10-13,2013.9027099609373,2044.1609752099237,1981.3281583489627,2044.1609752099237,147077
2022-10-14,1997.0980224609373,2061.7049924236107,1985.0242651382248,2048.7933679333737,44559
2022-10-17,2003.701416015625,2015.578097921175,1957.426944973816,2000.7445777301664,141289
2022-10-18,2028.4404296875,2039.824305420344,1986.5518865440488,2013.459043245406,38565
2022-10-19,2050.5673828125,2080.62857251487,2011.882081310269,2037.261610321287,85756
2022-10-20,1968.0716552734373,2068.209769753845,1941.6571845358533,2038.5922980962905,128506
2022-10-21,2055.93896484375,2077.6224463679123,1964.424840746632,1976.1536570884232,59506
2022-10-24,2082.501220703125,2109.2114242426837,2066.780744428437,2080.825727043137,11261
2022-10-25,2044.1116943359373,2094.180874560722,2021.4919278616496,2093.4416649332734,32480
2022-10-27,2066.386474609375,2112.1188103005325,2035.9308960294832,2054.9039416090363,35978
2022-10-28,2061.261474609375,2096.989939460061,2034.3048676362948,2062.887639516844,20426
2022-10-31,2140.701416015625,2178.154697922376,2058.501414608363,2071.560782641638,83975
2022-11-01,2193.43212890625,2231.4275534387084,2127.494723688846,2142.722394512258,86941
2022-11-02,2183.97021484375,2220.585634040618,2141.6379526643555,2212.700731656097,47455
2022-11-03,2195.107421875,2206.047820059752,2158.0978542330795,2187.961729170685,56565
2022-11-04,2290.5146484375,2299.4344917411145,2184.8570122447986,2205.801282690362,76575
2022-11-07,2312.691162109375,2331.9599409388707,2288.8393799007995,2316.1901357592333,57442
2022-11-09,2307.12255859375,2329.2001897153978,2293.126904545484,2302.391568888216,32850
2022-11-10,2317.323486328125,2345.75851244664,2297.562141782497,2307.8124188629445,79616
2022-11-11,2331.61474609375,2375.1296941353767,2313.2331642397257,2328.953639748369,56881
2022-11-14,2243.501220703125,2364.485196470861,2233.398689121705,2331.959972842875,93254
2022-11-15,2223.0498046875,2276.6670479951003,2198.9022896288243,2258.7782708457453,43267
2022-11-16,2167.70751953125,2234.187052054562,2156.570047219816,2224.1338500301613,28980
2022-11-17,2128.972900390625,2168.6931429313217,2120.0530567449914,2167.70753016668,19812
2022-11-18,2100.63671875,2133.9011524916477,2082.5999554400128,2121.0881854207905,19242
2022-11-21,2101.42529296875,2146.6648273770934,2089.499281009843,2111.182764114662,22959
2022-11-22,2099.847900390625,2110.196833952747,2075.256911147203,2101.4249769941907,17720
2022-11-23,2045.0970458984373,2128.7263806508195,2041.40099823339,2110.344559219788,53316
2022-11-24,2028.686767578125,2054.9532510642407,2024.497913398621,2045.0971235830543,92366
2022-11-25,2028.1448974609373,2059.9309127412757,2017.1060813651773,2037.754623010807,46785
2022-11-28,2000.8433837890625,2049.7789647948666,1980.391917463102,2049.7789647948666,99179
2022-11-29,2000.6954345703125,2030.2636980757616,1994.2396226440949,2008.3831421749485,45373
2022-11-30,2019.4219970703125,2028.489827455854,2001.3853547740107,2010.3544073128996,88322
2022-12-01,2022.033935546875,2034.9946472796344,2009.615118337568,2027.25773137708,36282
2022-12-02,2065.105224609375,2068.8012726190564,2021.1961261287336,2030.3623733183688,40378
2022-12-05,2035.930908203125,2089.499058138246,2023.6600774260023,2084.2752623672773,48280
2022-12-06,2011.09375,2065.844593531485,2006.707820815889,2046.0336784205024,69821
2022-12-07,2025.237060546875,2035.043858962811,2011.881960095817,2018.928994776448,19874
2022-12-08,2032.8262939453125,2049.039575533824,2021.5410760996992,2040.2183895596595,23032
2022-12-09,2027.6026611328125,2046.575708067104,2006.8555832970003,2030.4610827101824,20610
2022-12-12,1976.69580078125,2030.3130408938232,1963.3406992047092,2027.602605691608,54178
2022-12-13,2003.6029052734373,2010.4529862470208,1978.174167870966,1984.0385157556489,31039
2022-12-14,2005.0814208984373,2029.3768010299184,1991.9235137841015,1991.9235137841015,16282
2022-12-15,1988.3753662109373,2057.860951072563,1978.12496861866,2030.362449105351,49614
2022-12-16,1926.5281982421875,2014.1984138943485,1908.294360356981,1995.8167100175292,47544
2022-12-19,1956.6385498046875,1966.0018717270823,1913.517988319975,1934.2651865999603,21963
2022-12-20,1962.897216796875,1976.1043320443048,1924.2611229108088,1976.1043320443048,51783
2022-12-21,1886.659912109375,1961.1230048467185,1865.8635067703692,1952.6467591059456,45423
2022-12-22,1885.181640625,1903.2677325831476,1847.580606837128,1886.6600598925932,122823
2022-12-23,1842.3074951171875,1884.4424445466925,1804.312191855163,1884.4424445466925,46985
2022-12-26,1877.444580078125,1902.2327668803373,1823.3837402738984,1843.095996925508,20499
2022-12-27,1906.66796875,1912.0888391703284,1884.7380838677632,1886.6599807093453,24266
2022-12-28,1917.953125,1930.2240761963308,1894.397076007175,1906.6679068894464,43621
2022-12-29,1886.21630859375,1939.685797681254,1877.6907346580012,1939.685797681254,10105
2022-12-30,1939.883056640625,1951.5133357571256,1897.8467671494293,1911.990286706877,47468
2023-01-02,1933.0823974609373,1949.5420827947023,1912.0887970787276,1949.5420827947023,23445
2023-01-03,1927.415283203125,1941.6573409540376,1918.0026322317556,1932.786825183182,13528
2023-01-04,1923.0784912109373,1936.4828015935611,1903.8097123199957,1927.8586893584456,28901
2023-01-05,1922.8812255859373,1933.1809514355575,1911.3496040621988,1922.9305543510893,20325
2023-01-06,1934.7579345703125,1970.9298763574384,1916.1791572746683,1929.6820045660647,23007
2023-01-09,1930.9139404296875,1951.4147340310108,1909.6247288061952,1936.7290797957023,28664
2023-01-10,1936.0885009765625,1941.361505451923,1919.530277942326,1935.645023337295,14639
2023-01-11,1911.004638671875,1951.513299770976,1904.2038864431945,1945.7474890844644,19949
2023-01-12,1958.806884765625,1966.2975179139132,1918.2488943558667,1920.51585190064,111896
2023-01-13,1938.7496337890625,1968.515091109176,1921.4027529071884,1968.515091109176,15974
2023-01-16,1945.993896484375,1959.2011317964011,1941.6571761904772,1955.4557551075677,9728
2023-01-17,1939.4888916015625,1955.7021738322649,1930.3719733160904,1955.7021738322649,21923
2023-01-18,1952.2525634765625,1957.771971121673,1936.8770277815893,1949.147859078043,137244
2023-01-19,1952.104736328125,1958.856160113781,1940.6716516256472,1940.6716516256472,13711
2023-01-20,1931.4561767578125,1960.3838888119585,1917.5590601307065,1960.3838888119585,10868
2023-01-23,1944.269287109375,1951.3164433196985,1918.0026795876645,1941.6573888939872,41564
2023-01-24,1929.879150390625,1966.0017624961667,1921.9449193926364,1950.2319580293556,11911
2023-01-25,1926.9715576171875,1943.2834975523383,1914.0600540241217,1939.48891234224,11280
2023-01-27,1878.035888671875,1992.9091102912944,1845.06718816286,1936.630642663883,25395
2023-01-30,1873.5020751953125,1902.2820412724516,1854.036222308263,1858.8657491126728,109007
2023-01-31,1897.4525146484373,1921.7478943422063,1864.3851569317944,1877.3459893737988,119333
2023-02-01,1927.46435546875,1936.4334078294075,1903.7604399665888,1906.9143527810847,29227
2023-02-02,1913.3702392578125,1955.702262274785,1899.275927631856,1921.9450227722468,20722
2023-02-03,1892.03173828125,1924.6061709009348,1882.520550182176,1923.4234836023645,14584
2023-02-06,1927.119384765625,1942.642786023806,1873.7977575225575,1910.117564339998,17368
2023-02-07,1970.7821044921875,1978.075542894792,1913.567233845456,1933.772296062212,35623
2023-02-08,2060.423583984375,2127.9380616227054,2004.8349973113168,2057.860894421304,559873
2023-02-09,2088.316162109375,2103.198768969614,2037.5077811180483,2066.28762280191,93757
2023-02-10,2098.91162109375,2131.14110899032,2067.8154915766872,2067.8154915766872,52233
2023-02-13,2112.0205078125,2158.590713121443,2088.316471587825,2136.562170549454,79699
2023-02-14,2108.57080078125,2123.995544563608,2060.9163265348043,2109.211352838107,38488
2023-02-15,2081.712890625,2100.34087628922,2061.0641099675217,2091.470361091377,25476
2023-02-16,2051.158935546875,2094.4272420850507,2045.1959298614304,2089.499177986027,71714
2023-02-17,2017.20458984375,2042.1898518545424,2003.3566809948804,2036.2761746773572,34518
2023-02-20,1986.206787109375,2015.6766327152225,1979.110423358414,2011.635644459424,63351
2023-02-21,1971.3240966796875,2009.6151291094736,1963.3899859912788,1995.8658789578328,100398
2023-02-22,2096.64501953125,2133.4084284412324,1956.4909147470928,1965.8542371988715,179060
2023-02-23,2098.714599609375,2124.9317543093744,2069.836097989309,2096.644716588904,95909
2023-02-24,2117.29345703125,2127.001839766908,2050.0747093968457,2099.355351449655,89528
2023-02-27,2127.93798828125,2136.8085032856648,2071.955134349987,2117.2933221503285,50065
2023-02-28,2122.0244140625,2134.788052031676,2099.601722274334,2111.3304186507376,42451
2023-03-01,2163.9130859375,2182.097595514238,2079.6925131597545,2079.6925131597545,58422
2023-03-02,2194.71337890625,2203.928955158749,2133.112576758887,2174.5083158019147,47291
2023-03-03,2185.300537109375,2217.7273409009235,2157.407648210637,2212.700619634029,33943
2023-03-06,2180.569580078125,2217.431641782204,2169.678751552124,2189.9329013243414,21956
2023-03-08,2167.90478515625,2178.0073168352587,2153.564070110664,2168.2989340436884,10549
2023-03-09,2149.818603515625,2168.348172387104,2138.7797882181885,2168.348172387104,9659
2023-03-10,2150.065185546875,2211.6166622523665,2111.232134026378,2136.956486016059,119256
2023-03-13,2126.41015625,2188.0602812180496,2090.780351976004,2188.0602812180496,28452
2023-03-14,2172.044189453125,2195.69889645114,2119.658965831687,2131.880468196079,64986
2023-03-15,2150.508544921875,2188.060490125278,2138.8291772230864,2178.2043617913805,13433
2023-03-16,2221.226318359375,2227.485056250982,2119.067642008677,2137.6465406096368,62522
2023-03-17,2277.455078125,2293.3235378732847,2219.550335550359,2241.7759486982422,66341
2023-03-20,2228.470703125,2272.872611124924,2208.8077744583493,2242.2692833301085,35157
2023-03-21,2248.1826171875,2255.919773300611,2220.6347897539845,2240.199057894075,22964
2023-03-22,2274.548095703125,2284.6506275982424,2246.211725753405,2259.4681706999068,50228
2023-03-23,2258.186767578125,2283.66495580502,2224.626842797439,2274.5480370129626,37622
2023-03-24,2208.314697265625,2275.237706803854,2197.9657633806546,2271.7387334123605,33312
2023-03-27,2154.30322265625,2212.6021247442945,2125.1783156814918,2205.8014925333123,44936
2023-03-28,2181.506103515625,2205.8013618531545,2153.563885455381,2153.563885455381,22075
2023-03-29,2228.8154296875,2260.2563793321237,2181.5060189351,2181.5060189351,29334
2023-03-31,2259.71435546875,2293.471592928124,2221.817592490346,2240.0021000180204,30898
2023-04-03,2298.005615234375,2307.713757120293,2247.1972263120874,2259.714460982148,28487
2023-04-05,2290.958251953125,2350.686482734224,2278.243943329207,2309.4878203619373,46079
2023-04-06,2276.272705078125,2320.822354406293,2267.008041239425,2290.95823918222,21812
2023-04-10,2282.778076171875,2311.262192009779,2272.37981221439,2286.079734926432,20478
2023-04-11,2228.22412109375,2284.058989548886,2212.7007196087443,2276.8148798994243,22757
2023-04-12,2237.7353515625,2262.9671371478084,2228.520015655268,2232.363809575996,15772
2023-04-13,2241.677734375,2254.19520987476,2215.6576517973167,2241.9241375836077,15179
2023-04-17,2236.503173828125,2263.952586374776,2225.1195385671804,2247.1971688874573,11593
2023-04-18,2235.3203125,2250.695967130289,2220.634779273819,2244.240155710901,11148
2023-04-19,2187.025390625,2242.071959646801,2180.175430053124,2237.390299026208,17479
2023-04-20,2269.767578125,2306.333908567641,2181.0133396589,2195.501799420432,118145
2023-04-21,2250.4990234375,2269.7675606639086,2222.556805047408,2269.7675606639086,14772
2023-04-24,2252.8154296875,2266.81108519093,2230.491393037478,2247.197484102874,21106
2023-04-25,2234.384033203125,2269.8660910748995,2226.006325094512,2252.8149429164537,20167
2023-04-26,2212.848388671875,2247.2464183231427,2207.77257921644,2227.484834388016,15706
2023-04-27,2216.002685546875,2223.887588126262,2202.8446581162707,2221.7190474144263,8396
2023-04-28,2253.75146484375,2258.038976873877,2217.6288511419566,2217.6288511419566,31818
2023-05-02,2271.443603515625,2311.262268738581,2262.030952120718,2265.0371196150704,27946
2023-05-03,2294.654541015625,2316.190278795256,2255.082279950445,2271.443550085959,18806
2023-05-04,2311.5576171875,2325.5039412672263,2295.68915575402,2296.5763516007014,16644
2023-05-05,2308.501953125,2323.976023955762,2291.5987920449047,2311.261716733285,15879
2023-05-08,2285.73486328125,2340.830525503962,2279.476125414437,2340.830525503962,21274
2023-05-09,2322.6953125,2328.017525579028,2281.6937221487938,2297.4635275718524,22996
2023-05-10,2334.078857421875,2345.7091365942424,2292.535374129041,2332.945498952468,20516
2023-05-11,2305.5947265625,2353.643350232446,2296.477808225125,2345.758447886609,14222
2023-05-12,2331.516357421875,2335.902286162675,2293.077459041983,2301.405838898669,17470
2023-05-15,2381.0927734375,2437.420448571557,2344.920591261496,2344.920591261496,70240
2023-05-16,2396.86279296875,2431.0635119858707,2374.242784733492,2385.13385524896,27869
2023-05-17,2425.248046875,2454.1758788874336,2419.679430790622,2434.463622832113,59961
2023-05-18,2247.295654296875,2523.168557781159,2222.556678826763,2464.081123469678,528668
2023-05-19,2194.86083984375,2301.553415321896,2180.6681131214546,2280.65847406981,110165
2023-05-22,2211.222412109375,2227.485024010336,2164.45513085921,2202.795374180523,59462
2023-05-23,2244.634521484375,2291.451130047843,2222.2611587807223,2222.3104875469407,59307
2023-05-24,2197.867431640625,2271.837727689508,2188.109960211136,2271.837727689508,31479
2023-05-25,2236.20751953125,2252.617875093751,2193.924589400056,2197.867040286241,26156
2023-05-26,2228.667724609375,2272.2810931497625,2214.8198159641443,2235.3699401039207,24413
2023-05-29,2223.29638671875,2250.1050105287272,2212.503973164421,2237.045639089506,22065
2023-05-30,2295.7880859375,2313.726191887421,2223.296211863706,2223.296211863706,93549
2023-05-31,2301.5537109375,2316.091500225569,2290.416478426096,2295.788020240807,41709
2023-06-01,2333.33984375,2344.7730494479147,2301.5538282625284,2306.3834757677446,34955
2023-06-02,2343.34375,2370.3987731100806,2317.0279364865232,2340.534657281655,38810
2023-06-05,2344.67431640625,2363.1545573736416,2328.263958678461,2355.614715310201,16572
2023-06-06,2274.942138671875,2344.674245822975,2262.0307550815533,2344.625157684383,114554
2023-06-07,2295.442626953125,2321.117885661111,2257.0530607914834,2274.9418348692247,38858
2023-06-08,2294.063232421875,2316.1901927332096,2281.1022790941665,2307.319677101465,19605
2023-06-09,2312.691162109375,2316.1901357592333,2286.868154253345,2306.1369330828406,10892
2023-06-12,2291.155517578125,2328.0173385417224,2280.3628653563137,2328.0173385417224,11348
2023-06-13,2306.0380859375,2314.563780538603,2287.754921435047,2292.53523948832,17612
2023-06-14,2326.88427734375,2343.7874420814305,2293.373439231568,2310.966484863576,31959
2023-06-15,2317.323486328125,2345.75851244664,2307.664673191143,2345.75851244664,62084
2023-06-16,2358.2265625,2389.61842899815,2319.09777926608,2328.953908072012,107151
2023-06-19,2343.19580078125,2370.398810617972,2322.645918047364,2370.398810617972,27896
2023-06-20,2318.358642578125,2354.7769915367157,2308.30543900527,2329.1510558346927,13546
2023-06-21,2250.646728515625,2329.692823427862,2235.9118659378064,2320.5265766706666,75186
2023-06-22,2222.507568359375,2276.76560193368,2217.7274905850063,2276.76560193368,28494
2023-06-23,2173.5224609375,2245.1764578907387,2167.3623814087123,2245.1764578907387,53179
2023-06-26,2182.4423828125,2222.5567740229,2160.315424473904,2192.002778459836,56393
2023-06-27,2205.900146484375,2217.6288427793784,2186.0892325709606,2202.795321727606,15104
2023-06-28,2196.635009765625,2216.889399184226,2186.2367474968923,2216.889399184226,108156
2023-06-30,2248.922119140625,2258.0883667657627,2203.8796600482283,2208.1669315662784,97092
2023-07-03,2234.729248046875,2272.724428469476,2219.452249853904,2264.938183706243,28846
2023-07-04,2223.0498046875,2253.6531321017765,2210.7296439432776,2246.0146324403586,28731
2023-07-05,2219.797119140625,2260.8480369908334,2217.628819087587,2232.4130112148373,21832
2023-07-06,2207.87109375,2237.4394745923564,2199.739789018352,2230.54018572914,26030
2023-07-07,2241.184814453125,2251.139599827956,2207.8712948390785,2207.8712948390785,34875
2023-07-10,2253.85009765625,2257.0533392949874,2227.484954937411,2257.0533392949874,14509
2023-07-11,2239.361572265625,2266.810743901736,2218.614375052988,2265.9237886480764,45290
2023-07-12,2275.878662109375,2285.3404008177845,2236.7005524593555,2250.5482200972983,34871
2023-07-13,2301.5537109375,2305.8412230126924,2275.8786891380278,2282.9750534106443,31298
2023-07-14,2295.3935546875,2314.218855427105,2275.5335530099355,2303.377114622293,21510
2023-07-17,2364.091064453125,2412.780242707488,2297.808600677766,2307.0732651623985,135028
2023-07-18,2346.6455078125,2375.277608858473,2311.311431976148,2375.277608858473,22824
2023-07-19,2378.579345703125,2388.336815873797,2336.0009221694654,2349.7008434197005,24319
2023-07-20,2398.439453125,2411.7945548748817,2341.0768354992083,2390.9489401185306,32478
2023-07-21,2444.261474609375,2474.149753659683,2363.404690268093,2393.886873795443,67940
2023-07-24,2421.993896484375,2473.2098262598643,2409.8703189046696,2444.2616920389355,20428
2023-07-25,2596.8701171875,2700.341182796429,2421.746334727089,2421.9937546632077,685932
2023-07-26,2491.073486328125,2631.95425508382,2474.2984627331543,2614.6348592970585,66479
2023-07-27,2428.228759765625,2541.4975570017177,2415.8082307792806,2511.114437491051,50002
2023-07-28,2491.617919921875,2503.8403202771133,2435.107107628037,2440.352458805497,37894
2023-07-31,2572.870361328125,2594.791912452913,2492.0135752219758,2492.0135752219758,82116
2023-08-01,2490.380859375,2593.950753713264,2479.1478970056187,2590.9817143156524,45045
2023-08-02,2575.24560546875,2611.665624586751,2526.404816356455,2562.082817331584,401527
2023-08-03,2503.840087890625,2581.084636158135,2490.726831974561,2581.084636158135,88303
2023-08-04,2492.904541015625,2543.7246992560345,2474.1996880225997,2514.77656290617,35812
2023-08-07,2485.63037109375,2493.745697198364,2424.7650628775777,2424.7650628775777,29172
2023-08-08,2518.735107421875,2525.662866067043,2486.075673808939,2486.075673808939,32212
2023-08-09,2532.491455078125,2535.5595589993336,2495.9723683826383,2495.9723683826383,16614
2023-08-10,2523.08935546875,2560.053989277501,2489.0444701006727,2532.590377331062,24382
2023-08-11,2518.240234375,2539.666705254277,2505.8692369571627,2505.8692369571627,14752
2023-08-14,2537.09375,2539.963724828579,2504.186895996482,2519.7248208408505,24155
2023-08-16,2558.916015625,2570.1982679386606,2511.807163661271,2562.28083007054,30005
2023-08-17,2552.483154296875,2578.115763318305,2523.5843121367484,2558.27263589447,28133
2023-08-18,2572.6728515625,2588.0128897233844,2532.8877686565484,2564.0626849189907,107868
2023-08-21,2737.948974609375,2818.7562279616345,2569.4064681698696,2585.4887637915585,354460
2023-08-22,2693.017822265625,2766.1055311156533,2677.628252926625,2760.1674522675025,53068
2023-08-23,2709.792724609375,2735.969706028139,2677.628132297596,2719.6399899313897,60501
2023-08-24,2740.32421875,2763.2354504001746,2709.7432105026764,2731.5161654446265,28459
2023-08-25,2664.91064453125,2741.6108260205724,2657.834530887424,2721.619343169498,50874
2023-08-28,2691.533203125,2729.536809700846,2671.0961708716222,2680.5971933261026,21037
2023-08-29,2776.398193359375,2808.7111406654103,2696.8277961987706,2696.8773285106568,76356
2023-08-30,2731.813232421875,2814.649384332776,2711.7226839211694,2790.9466011679665,39282
2023-08-31,2779.911376953125,2792.87627843766,2719.491620994595,2745.371650030499,35982
2023-09-01,2771.251708984375,2784.810515118792,2732.5058426699043,2773.1322455184145,24474
2023-09-04,2774.963134765625,2840.381067141591,2748.5387320470886,2784.9589975388285,35638
2023-09-05,2800.595947265625,2838.35213499936,2782.039451009652,2789.610404833671,31151
2023-09-06,2803.119384765625,2810.640805485704,2762.7404048280323,2800.595653215584,12421
2023-09-07,2816.628662109375,2825.535780155399,2786.344364104477,2800.79378558311,10253
2023-09-08,2897.13916015625,2911.7369367073084,2822.8636453807253,2825.5357324251863,87004
2023-09-11,3004.42041015625,3018.5233471058427,2894.8133738638,2894.862906177305,63909
2023-09-12,2798.764892578125,3016.643041666681,2776.0517898941084,3004.4203997044706,66210
2023-09-13,2742.600341796875,2874.920469627112,2731.7633973844218,2771.103165538042,53821
2023-09-14,2726.3203125,2776.0021880118943,2711.722536074054,2748.291154796539,146716
2023-09-15,2700.34130859375,2834.4429202171523,2674.2631494635866,2754.1305018601147,80774
2023-09-18,2759.078857421875,2766.2540357907283,2687.079653789589,2700.2917338134057,24001
2023-09-20,2878.830078125,2905.650254756454,2751.309743886728,2751.309743886728,125743
2023-09-21,2833.3046875,2884.916388330644,2810.690409214075,2878.1865178998696,24338
2023-09-22,2945.6826171875,2967.554635612477,2798.8637759359663,2847.5064374467534,92506
2023-09-25,2928.660400390625,2951.5716326124225,2891.992715669794,2940.73444556274,37549
2023-09-26,2933.90576171875,2943.258187487387,2884.5701271308217,2911.0935940463823,55845
2023-09-27,3013.772705078125,3091.759517151216,2928.363294932488,2929.452039298207,150090
2023-09-28,3046.481689453125,3144.163032422356,2969.039249040648,3008.6264390278566,128049
2023-09-29,3078.39892578125,3099.6770408445186,3037.6241675656124,3061.07952979952,30355
2023-10-03,3129.268310546875,3196.665598292413,3068.551602746975,3078.29980332952,126586
2023-10-04,3115.957275390625,3191.717311369194,3058.209604822663,3128.377805035045,120685
2023-10-05,3068.8486328125,3186.7688815803253,3058.1105105848465,3121.103531735371,44642
2023-10-06,2997.443115234375,3092.650262186799,2979.975363684948,3092.650262186799,29051
2023-10-09,2897.089599609375,2995.7606230110355,2891.052456446139,2995.7606230110355,71590
2023-10-10,2888.3310546875,2944.0005451856787,2876.059121430545,2908.6690235403785,21617
2023-10-11,2927.17578125,2954.391974681819,2890.9041146520085,2890.9041146520085,37945
2023-10-12,2926.285400390625,3015.3070537095327,2900.751612184341,2959.093190451146,39371
2023-10-13,2919.852294921875,3008.576990297145,2901.7411066753752,2918.5656628873403,16523
2023-10-16,2884.669189453125,2934.400599272156,2851.119140969898,2934.400599272156,25703
2023-10-17,3095.86669921875,3183.3050042059167,2878.8301173182062,2898.7720681856463,341746
2023-10-18,3086.86083984375,3151.734399296061,3040.494244395155,3077.9537216110584,94625
2023-10-19,3108.83154296875,3165.441176859525,3020.552156789873,3053.1620565248213,84500
2023-10-20,3096.7080078125,3124.3695091266304,3072.0650781283707,3090.8689938038065,29504
2023-10-23,2896.10009765625,3083.594890717392,2853.642688521933,3078.844379270196,87249
2023-10-25,2870.120849609375,2968.8909384391804,2850.772561887528,2899.7121779220565,27308
2023-10-26,2833.156494140625,2869.081921474679,2794.8559317849235,2863.1438422994984,66885
2023-10-27,2745.173828125,2875.7620270589628,2726.8647521547373,2847.259201008076,55789
2023-10-30,2806.187744140625,2830.484433317264,2736.959685433179,2758.237802676648,36553
2023-10-31,2802.47607421875,2850.277654032459,2789.3628176507186,2806.137840936183,21046
2023-11-01,2856.31494140625,2905.205026432424,2772.241449865357,2802.476215804116,43769
2023-11-02,2885.658935546875,2965.6251133376672,2848.298522336931,2856.315025528412,85417
2023-11-03,2910.994873046875,2946.5242823983194,2845.477874814348,2885.9063926353174,39694
2023-11-06,2865.469482421875,2993.7813708065382,2852.257160550229,2959.1425780864624,101956
2023-11-07,2849.238525390625,2907.629631818029,2817.321352809544,2870.0218005597008,44778
2023-11-08,2909.4111328125,2913.6172718768603,2842.2119724091363,2869.081681783634,35458
2023-11-09,2882.689697265625,2947.6620763276187,2870.071280429255,2909.411050566173,14991
2023-11-10,2864.875732421875,2911.737169749173,2850.2779547024784,2890.7064730347884,20708
2023-11-13,2871.308349609375,2895.505970961325,2858.0960284138587,2887.2915807838635,13288
2023-11-15,2863.539306640625,2892.091664222504,2843.15204865902,2886.401005630912,15126
2023-11-16,2835.63037109375,2877.6917604645664,2822.566646719256,2860.1744772155157,23228
2023-11-17,2801.140380859375,2897.4855665589007,2783.078724107789,2839.391409331436,52541
2023-11-20,2759.078857421875,2880.1660329222445,2746.3613756645263,2805.643097539464,51630
2023-11-21,2660.01171875,2802.773021114315,2653.331380511115,2790.8968642451864,153499
2023-11-22,2585.785888671875,2682.9228640637,2578.115870247913,2682.032248895141,111305
2023-11-23,2592.9609375,2638.4862058683207,2584.0538197757637,2584.0538197757637,78021
2023-11-24,2598.800048828125,2642.1976040161458,2589.101380239254,2601.6207328616697,63395
2023-11-28,2547.97998046875,2625.7686617634668,2514.7761774210203,2625.7193710741126,277152
2023-11-29,2493.151611328125,2597.0679836511454,2475.1890207607003,2563.270517301165,255026
2023-11-30,2508.83837890625,2617.653628318032,2474.44700467864,2500.9209402351453,1239793
2023-12-01,2582.718017578125,2606.816819448101,2532.5908280059566,2532.5908280059566,246563
2023-12-04,2675.054931640625,2730.526532019821,2632.201748544232,2632.5482331180588,387412
2023-12-05,2647.195556640625,2701.776300534921,2630.074047910452,2677.083838042435,153365
2023-12-06,2659.07177734375,2681.982768430481,2603.8475952993936,2661.149959984245,106966
2023-12-07,2670.5517578125,2691.928937197482,2652.3912792566007,2684.061031458924,58324
2023-12-08,2682.626220703125,2699.8465529481427,2646.057358003267,2686.8816506385715,97333
2023-12-11,2652.094482421875,2695.195086659686,2647.393503303859,2686.980695876627,36106
2023-12-12,2697.61962890625,2713.256617572278,2619.4349271971446,2665.3066811141293,379938
2023-12-13,2685.94140625,2731.5162087086405,2663.0799481714766,2726.5678097798204,130350
2023-12-14,2677.083740234375,2709.6936398734665,2673.125021209999,2709.6936398734665,54656
2023-12-15,2792.579345703125,2805.445182653317,2680.2506923302994,2686.9805630592223,171270
2023-12-18,2968.0,2992.7915257448103,2793.865898537566,2793.865898537566,473743
2023-12-19,2981.06396484375,3006.5977524526893,2951.670522596004,2968.000239580424,134266
2023-12-20,2952.214599609375,3125.35901799709,2935.983948878102,2952.214599609375,268053
2023-12-21,2960.924072265625,3030.894385761276,2880.0177486620382,2952.214841706412,144874
2023-12-22,3111.25634765625,3135.1077275515204,2986.9031770861216,2998.729802405061,152793
2023-12-26,3032.57666015625,3112.4933004570776,3018.5232559445835,3112.4933004570776,140991
2023-12-27,2977.30322265625,3068.0072766215,2956.519947556556,3068.0072766215,64870
2023-12-28,3058.902099609375,3106.25812881626,2989.228502970372,2998.779057155779,223158
2023-12-29,3049.697998046875,3111.4539147290284,3039.00940895392,3049.005270580512,77975
2024-01-01,3059.495849609375,3082.8523881066853,3037.970315278293,3067.7102397702697,18894
2024-01-02,3063.8505859375,3087.800787309735,3024.015976421725,3059.1000748635865,36530
2024-01-03,3141.590087890625,3212.599611689711,3050.2425964074537,3063.0589011591783,210564
2024-01-04,3154.851806640625,3188.6988077359465,3121.747065400995,3157.0785862077,95719
2024-01-05,3176.723876953125,3234.2736620202736,3141.540710916301,3169.9444735161983,86405
2024-01-08,3166.57958984375,3220.418074402304,3147.1817690839966,3191.71736015594,54683
2024-01-09,3156.731689453125,3218.388781739557,3147.1813772052947,3173.5069532982484,44919
2024-01-10,3158.760986328125,3185.185388806064,3139.412697809833,3147.181780930044,33644
2024-01-11,3173.111328125,3213.5893769391755,3157.128095994909,3157.128095994909,27401
2024-01-12,3180.781494140625,3227.0490269616803,3162.8684338927005,3188.748465228676,58847
2024-01-15,3141.045654296875,3186.768810647171,3099.726524531496,3167.024747861933,43380
2024-01-16,3122.340576171875,3166.0350825204555,3042.4734679153357,3148.864042047061,68069
2024-01-17,3056.72509765625,3122.3406744710583,3034.0117531669243,3122.3406744710583,27505
2024-01-18,3042.1767578125,3072.9558974271,2970.5240341795297,3043.2159699667586,28876
2024-01-19,3043.90869140625,3092.749487968673,3028.4202986189243,3057.1210138672736,26267
2024-01-23,2962.50732421875,3062.564045524635,2956.173470344833,3041.2859304886742,22828
2024-01-24,2997.49267578125,3027.4304895467917,2946.276746446812,2963.101302943149,26051
2024-01-25,3082.951416015625,3112.5427432216907,3000.708934005776,3008.626371826372,78716
2024-01-29,3074.637939453125,3118.4807993969057,3058.4568209950394,3098.3902527458977,27412
2024-01-30,3051.57861328125,3132.336581996303,3015.1585897637224,3079.8835523451803,45842
2024-01-31,3148.418701171875,3194.686229432711,3053.70639752684,3063.0588228296906,87781
2024-02-01,3103.833740234375,3176.822625479638,3071.1743068364945,3164.6990479304254,29107
2024-02-02,3062.91064453125,3128.328334741282,3018.078100991088,3105.615231515688,38412
2024-02-05,3092.600830078125,3130.257950862617,3026.8859504143275,3072.460750734449,33131
2024-02-06,3206.710693359375,3254.066965278028,3053.409399216556,3097.5985026896965,116089
2024-02-07,3251.246337890625,3295.6335713787794,3175.882321487839,3295.6335713787794,85681
2024-02-08,3175.635009765625,3472.34105759984,3118.530534501683,3304.986109326533,304099
2024-02-09,3315.62548828125,3329.481006612238,3172.9136977962853,3256.046807782214,156658
2024-02-12,3277.3740234375,3370.3543875974456,3242.2403923232114,3355.212239102856,72598
2024-02-13,3287.864501953125,3323.295085512025,3256.1947497880365,3277.8193490866743,78917
2024-02-14,3327.69921875,3414.395264728925,3258.9164735619825,3280.788493500402,106499
2024-02-15,3423.054931640625,3441.1165875863976,3344.0784370439424,3344.325856988405,114825
2024-02-16,3399.84716796875,3461.90004497907,3367.2372658978607,3423.0551116556203,64984
2024-02-19,3451.062744140625,3522.2701522520865,3425.2815388998238,3438.642215228961,86795
2024-02-20,3475.408935546875,3527.169236852962,3450.073277912692,3481.198658962864,84391
2024-02-21,3507.623046875,3544.983458771555,3450.073264005942,3513.2641733272253,248882
2024-02-22,3683.291015625,3720.057762694969,3458.930668378019,3511.136274317058,212820
2024-02-23,3701.254150390625,3733.962874958455,3656.6194941144736,3691.456175255811,181934
2024-02-26,3689.674560546875,3854.753195521345,3662.9039159007234,3716.099203865061,144804
2024-02-27,3660.330810546875,3700.7593278011727,3621.1889253814784,3690.416980395853,55483
2024-02-28,3545.329833984375,3660.825413046636,3503.4663320316545,3660.825413046636,309787
2024-02-29,3599.712890625,3607.7293937382105,3482.782317666616,3541.767089397885,92159
2024-03-01,3592.685791015625,3612.3310303909575,3554.979138109367,3599.712613777948,220727
2024-03-04,3659.143310546875,3701.3035266406114,3554.1877154834992,3628.512767908548,48100
2024-03-05,3637.8154296875,3660.8254844355743,3598.426126353685,3642.071101040384,62762
2024-03-06,3538.204345703125,3645.930846840986,3514.352965901168,3639.992768047574,84684
2024-03-07,3604.116943359375,3639.9928367466746,3538.105347850953,3538.105347850953,36604
2024-03-11,3580.760498046875,3687.54684934376,3396.185219624274,3632.025717202004,141494
2024-03-12,3580.760498046875,3631.827829570799,3498.171527353979,3562.946262059707,51422
2024-03-13,3591.59765625,3723.175542088651,3506.287302732626,3572.496787095829,204544
2024-03-14,3572.496337890625,3602.434149157664,3535.036864169244,3569.8242509943007,96849
2024-03-15,3448.09375,3577.6922637614257,3414.3951064943067,3572.7438650563613,481655
2024-03-18,3652.413330078125,3686.557283441543,3373.7689319141928,3448.9350649798857,133565
2024-03-19,3557.304931640625,3676.5613460376953,3534.294876580609,3676.5613460376953,71728
2024-03-20,3647.069091796875,3693.43544499871,3546.616593083796,3557.84931373081,90209
2024-03-21,3820.015380859375,3943.8737017191584,3628.61117718852,3662.705595369766,260347
2024-03-22,3858.61328125,3911.2641996007847,3802.0529342947375,3820.114591095841,104721
2024-03-26,4059.419189453125,4104.202201173184,3858.761606552748,3879.544882710124,292030
2024-03-27,4143.8388671875,4164.572853564714,3993.853077604658,4054.718389033896,91835
2024-03-28,4149.083984375,4244.389950723259,4108.358759430524,4146.758140320918,86288
2024-04-01,4243.89501953125,4349.642394881152,4166.650710229556,4166.650710229556,106194
2024-04-02,4255.4248046875,4339.745712861359,4210.048374648383,4257.849713376917,70568
2024-04-03,4387.05224609375,4452.569239491565,4237.017181096626,4324.900550473025,282251
2024-04-04,4461.8232421875,4534.366581794714,4373.444541760206,4453.559318803076,205605
2024-04-05,4471.81884765625,4592.015168400937,4443.118133699822,4491.315249605538,188235
2024-04-08,4496.3623046875,4637.144242252414,4453.558657589556,4507.545492019742,155833
2024-04-09,4512.890625,4631.94891237376,4488.247211235105,4543.570698988267,108180
2024-04-10,4497.25341796875,4562.028154916588,4474.837266890734,4555.001331607786,64756
2024-04-12,4497.69873046875,4526.64686342638,4456.527955836151,4456.527955836151,76568
2024-04-15,4660.451171875,4824.6887175147085,4404.074829321119,4497.698629082739,466947
2024-04-16,4623.8330078125,4760.260455789112,4594.538874280541,4681.185141693068,135718
2024-04-18,4693.75439453125,4730.66925630981,4593.153060258955,4644.567117125928,199247
2024-04-19,4762.23974609375,4826.6679924881055,4668.863367901101,4693.7541994426765,332744
2024-04-22,4555.1494140625,4927.516420766243,4526.69612119145,4798.957117625111,226096
2024-04-23,4498.044921875,4700.978549983251,4463.752133858859,4555.149150315889,288963
2024-04-24,4390.615234375,4588.897672915612,4346.772613866868,4547.4794778984,194342
2024-04-25,4255.91943359375,4438.713468038089,4216.03553485892,4438.713468038089,148427
2024-04-26,4322.72314453125,4369.386932695176,4263.491196363933,4297.931859369225,117241
2024-04-29,4408.52880859375,4505.022592146986,4349.989343219875,4368.347710793931,169747
2024-04-30,4621.40869140625,4669.655579575354,4433.765312770924,4445.641469858703,288560
2024-05-02,4647.8330078125,4676.435140357675,4553.615781682201,4651.49501633496,300855
2024-05-03,4717.7041015625,4749.472916825223,4597.30966178003,4627.742312789069,178717
2024-05-06,4604.23779296875,4717.704483995945,4470.383601663678,4717.704483995945,148354
2024-05-07,4511.65380859375,4625.763704103739,4437.971949107229,4606.959786607382,107952
2024-05-08,4645.5078125,4723.989229404122,4514.96865685831,4515.513270707866,161786
2024-05-09,4439.060546875,4711.816406191317,4388.2403906728905,4691.082420340438,125421
2024-05-10,4534.61328125,4581.771421895479,4366.56586295181,4493.442509440508,72384
2024-05-13,4561.681640625,4631.701486819981,4495.125673747085,4602.0110926737,159155
2024-05-14,4647.0908203125,4789.753550957837,4590.976265250963,4601.714387795742,303839
2024-05-15,5035.29248046875,5326.85223388263,4675.197887041649,4675.247177732731,1078129
2024-05-16,4893.76806640625,5187.851780610868,4869.224202746138,5077.007652418272,480662
2024-05-17,4890.25537109375,4997.289146114198,4854.874317814397,4979.128424915398,295652
2024-05-21,4949.63623046875,5069.140069474819,4836.565310332573,4928.605534163335,247383
2024-05-22,4979.9697265625,5116.644604622597,4869.224652754967,5011.441834385319,382764
2024-05-23,5111.498046875,5292.807579855751,4876.152383311384,5041.428910206656,524907
2024-05-24,5090.51708984375,5202.400197363606,5012.728161313936,5130.599121538363,322119
2024-05-27,5241.04736328125,5364.015074985192,5100.760255562669,5153.163509558862,485754
2024-05-28,5294.4404296875,5492.72287367666,5176.074629310843,5251.38935851544,482461
2024-05-29,5229.220703125,5511.526869307429,5192.849970058552,5315.619557357438,446572
2024-05-30,5368.6171875,5497.077433386243,5161.180202925745,5280.733330532729,614851
2024-05-31,5348.873046875,5506.578625917371,5069.239201574979,5438.290717005024,5477923
2024-06-03,5600.2021484375,5641.075730409972,5496.730836593803,5581.794007721067,274033
2024-06-04,5222.83642578125,5641.124932635872,4879.912413784481,5641.124932635872,777579
2024-06-05,5077.75048828125,5406.719966554929,4916.828451553607,5406.719966554929,582073
2024-06-06,5207.89306640625,5227.488532508069,5049.494529655266,5095.861123416139,212935
2024-06-07,5172.16552734375,5373.96113520133,5027.573216726107,5264.99729619828,273990
2024-06-10,5108.4794921875,5202.894844476886,5091.951646927766,5166.12833810602,114241
2024-06-11,5145.6416015625,5252.57678580784,5078.0959603224965,5172.412728072451,229218
2024-06-12,5341.40087890625,5393.6557784005845,5098.929330916928,5145.345216312181,130713
2024-06-13,5287.26513671875,5473.918839052447,5250.251209758313,5349.169896630138,74113
2024-06-14,5257.07958984375,5348.872383556385,5202.548140811877,5334.175543116788,123318
2024-06-18,5203.5380859375,5363.07465768398,5178.004541244249,5361.491073408274,64774
2024-06-19,5064.48828125,5255.199773287418,5005.849752706256,5229.567162943719,114279
2024-06-20,5087.1025390625,5121.493912191874,5027.622686296803,5081.956494035877,81766
2024-06-21,4986.55078125,5125.551497390723,4959.384361675379,5077.057188958179,279015
2024-06-24,5144.60302734375,5171.027671336508,4966.658792358682,4995.952927884834,107502
2024-06-25,5062.85498046875,5211.059519051002,5038.45947193484,5185.872460035176,84493
2024-06-26,5094.03076171875,5136.339577120516,4997.883456816732,5096.851446060628,120439
2024-06-27,5293.1044921875,5418.497121146304,5024.555254338621,5029.552944231145,163700
2024-06-28,5295.7763671875,5354.16747271246,5186.911594174862,5250.4985184117895,95492
2024-07-01,5243.47216796875,5312.749757037236,5187.011126174778,5312.700466341889,44175
2024-07-02,5115.30810546875,5266.036620227515,5090.863305769245,5255.150143057793,190471
2024-07-03,5239.90869140625,5293.796946723847,5098.3351974290335,5166.128259842678,50086
2024-07-04,5234.41650390625,5299.735371226691,5204.2805604593,5265.0965779507,47737
2024-07-05,5585.609375,5742.284972325771,5247.262309707159,5247.262309707159,521073
2024-07-08,5620.72412109375,5792.824042807786,5575.1447261887015,5610.110272242994,211014
2024-07-09,5516.37255859375,5768.074880327742,5486.961921119433,5648.051310160991,78578
2024-07-10,5283.96337890625,5505.213241666005,5264.174175409277,5505.213241666005,99766
2024-07-11,5188.0927734375,5286.98841654146,5117.417740664783,5207.633993779112,172469
2024-07-12,5209.8662109375,5286.988796096316,5161.212220724831,5232.4326265305945,55466
2024-07-15,5127.8330078125,5257.230507144545,5054.926131911533,5209.865836066026,157848
2024-07-16,5057.4560546875,5192.755254223524,5009.7935119405165,5128.279783063154,126521
2024-07-18,4922.3056640625,5093.562341943381,4865.567054365216,5048.478913846455,174482
2024-07-19,4932.22509765625,4979.490483163094,4800.943015639317,4940.358636127731,138486
2024-07-22,4937.8291015625,4974.530523169132,4900.185152421471,4915.26268692599,291054
2024-07-23,4933.61328125,5007.5614906535375,4762.802691528444,4939.614265769773,74156
2024-07-24,4900.18505859375,5027.102733536934,4863.483637689869,4985.491063937905,58922
2024-07-25,4902.71533203125,4984.450300791953,4859.516472153107,4894.234036437231,35601
2024-07-26,5028.04541015625,5044.95762844601,4910.055104366447,4910.104507146261,59650
2024-07-29,5009.49609375,5103.729474059143,4992.43469852606,5078.683233503292,47198
2024-07-30,5018.17529296875,5049.817772073221,4998.336687343256,5032.855667395233,35018
2024-07-31,5030.8720703125,5074.715584777424,4980.680782924118,5018.175555783618,94885
2024-08-01,5138.3974609375,5172.965843929571,5017.084096363059,5041.783063614651,88390
2024-08-02,4944.078125,5153.970678631356,4910.055108590001,5097.579342788748,280016
2024-08-05,4506.63671875,4884.165486164342,4467.158086717241,4860.458448965133,117354
2024-08-06,4414.3876953125,4592.588380353487,4394.251701792387,4538.329593369214,200005
2024-08-07,4354.92138671875,4500.288581693419,4332.702244370789,4438.888191620538,128393
2024-08-08,4323.22900390625,4451.783270070601,4309.937234504627,4373.86733727757,67584
2024-08-09,4321.2451171875,4479.507889176389,4266.341677513782,4364.493375687507,113584
2024-08-12,4222.6474609375,4325.857619165058,4137.688724113122,4321.840495021068,270932
2024-08-13,4279.1875,4359.533857788595,4218.679749072787,4221.655540101993,99498
2024-08-14,4266.3916015625,4296.794169040374,4197.700426816487,4288.561341110456,70174
2024-08-16,4341.6787109375,4399.210665526117,4275.219384085132,4277.947192276834,351782
2024-08-19,4279.1875,4412.949403631063,4254.190661618264,4412.949403631063,61510
2024-08-20,4341.6298828125,4374.660970823943,4255.976597387948,4297.19111105764,45646
2024-08-21,4461.20654296875,4513.282883937257,4321.443659980513,4321.443659980513,116618
2024-08-22,4531.83203125,4559.556191771242,4463.686227769668,4463.686227769668,170727
2024-08-23,4444.88916015625,4592.637374839139,4425.348423485602,4529.153834452593,96960
2024-08-26,4399.85595703125,4458.677720023498,4297.587836500894,4429.018613758269,90076
2024-08-27,4403.37744140625,4463.686613469619,4390.1844770329535,4399.855798028805,186854
2024-08-28,4410.32080078125,4457.734876537177,4354.574122830041,4457.734876537177,125961
2024-08-29,4324.81640625,4433.284088903392,4302.150700463723,4429.167674742707,46737
2024-08-30,4337.5126953125,4411.312698350876,4295.058271492338,4334.735484162013,177013
2024-09-02,4349.31689453125,4368.857630452016,4317.872510903838,4357.847107470562,67305
2024-09-03,4347.08544921875,4411.957598630267,4317.872906049051,4353.582399414034,47861
2024-09-04,4292.033203125,4337.166033855002,4255.38118311446,4323.824376968749,52410
2024-09-05,4244.91650390625,4310.631889189114,4230.582916700611,4310.631889189114,60163
2024-09-06,4295.45458984375,4358.342869831636,4252.652897100903,4255.975960254072,63491
2024-09-09,4288.759765625,4368.461469920106,4245.561390556905,4295.455295807098,176242
2024-09-10,4344.90283203125,4354.574152757762,4260.638156682836,4283.155168931211,53151
2024-09-11,4433.87939453125,4462.546085636734,4341.7785619067645,4379.372626429658,96316
2024-09-12,4603.15185546875,4651.508457682209,4414.139245853408,4414.139245853408,195773
2024-09-13,4692.3759765625,4852.523327118879,4637.27443873278,4651.161463789947,301489
2024-09-16,4963.52001953125,5043.965665159411,4728.581226931883,4790.031503845585,443388
2024-09-17,5188.142578125,5207.633911038124,4950.971953994103,5005.280136209214,376561
2024-09-18,5178.42138671875,5226.728584691881,5112.5079107620895,5192.705570105459,103963
2024-09-19,5165.32861328125,5245.327699269727,5026.607056741555,5159.525723856182,105166
2024-09-20,5302.4130859375,5530.061101143636,4986.533156749528,5162.99746905419,174780
2024-09-23,5191.96142578125,5415.9390789356585,5171.428276196164,5351.414210934896,86254
2024-09-24,5257.974609375,5326.765073485595,5098.224426119484,5256.238731326345,107945
2024-09-25,5157.2939453125,5271.117954587801,5148.118589444992,5257.974877264073,75186
2024-09-26,5236.8466796875,5252.271002303484,5138.298306317161,5177.876228899752,80156
2024-09-27,5158.73193359375,5302.710514988158,5109.780078046543,5302.710514988158,47771
2024-09-30,5059.04345703125,5145.043529339411,5045.057141973086,5145.043529339411,82418
2024-10-01,5057.65380859375,5107.151515968499,5014.752824911163,5059.042898428487,33435
2024-10-03,4878.66064453125,5098.521905717994,4841.314564405227,5039.006085806888,47988
2024-10-04,5151.34228515625,5219.4382067497045,4770.193048537314,4870.427416571493,117488
2024-10-07,5046.49462890625,5150.647306791966,4951.17051785694,5148.068675574223,52592
2024-10-08,5044.26318359375,5187.795698078119,4906.38486580544,5048.9254499460085,114998
2024-10-09,5129.123046875,5275.234190836665,5059.886019194209,5118.311103139606,44235
2024-10-10,5017.08447265625,5199.89752867008,4984.450060669518,5187.74638175601,42532
2024-10-11,5113.64892578125,5137.008691736847,5008.305729102616,5024.127211887306,33298
2024-10-14,5074.96337890625,5156.053680636147,5039.005905662106,5113.648660465467,41659
2024-10-15,5087.80908203125,5152.78051659869,5048.528545332972,5096.240489570537,26566
2024-10-16,5178.9677734375,5197.715160641077,5085.676431142384,5092.322558385712,67401
2024-10-17,5067.474609375,5246.270049197041,5045.404159799186,5177.876260033579,31767
2024-10-18,5156.64892578125,5178.322699583954,4999.378086985973,5009.247987152491,33785
2024-10-21,5107.79638671875,5160.914060542637,5061.423645197876,5156.549664091219,28831
2024-10-22,5079.07958984375,5108.440822312024,4960.593811278381,5108.440822312024,39417
2024-10-23,5003.841796875,5074.120155438452,4920.916811338266,5048.925222708062,74879
2024-10-24,5142.01806640625,5175.892389835657,4939.862377363853,5011.23195734951,34530
2024-10-25,5387.322265625,5406.020249042636,5117.517218333331,5147.077032501489,290808
2024-10-28,5276.22607421875,5672.849510249992,5239.92132757347,5386.13224447637,223905
2024-10-29,5076.35205078125,5368.32683420687,5048.925274595893,5300.875573171012,93908
2024-10-30,4937.7294921875,5180.355728086811,4880.4954073951085,5076.351744557081,105495
2024-10-31,4885.703125,5066.234433507848,4862.491569290516,4926.917633837801,109781
2024-11-01,4956.62646484375,4972.298770348593,4912.534967862233,4952.360873812748,6742
2024-11-04,4912.1875,5009.19857318865,4875.882754434701,4896.167922648022,45314
2024-11-05,4970.76123046875,4997.1461885373865,4861.74770483808,4912.187456622826,52692
2024-11-06,5044.908203125,5083.3455030126925,4978.597564386037,4999.328811199204,107292
2024-11-07,5060.53125,5122.12973713645,5043.965819452423,5062.267128108956,29921
2024-11-08,5089.59423828125,5145.489606115558,5026.160103492814,5044.957375930313,30835
2024-11-11,5172.8671875,5245.278100460765,5045.453544862099,5067.72257415971,58397
2024-11-12,5070.45068359375,5311.787149712641,5053.885252621084,5237.39237170546,71629
2024-11-13,4868.4931640625,5066.482547255744,4848.902540791359,5064.002721525219,40951
2024-11-14,4963.470703125,5078.385929290608,4853.51512863386,4958.560454230884,125079
2024-11-18,4820.23583984375,5124.014491053327,4741.426784593567,5058.844477286023,95184
2024-11-19,4595.16650390625,4840.619849649991,4563.871296770411,4833.229775200512,122676
2024-11-21,4333.49560546875,4548.447100539637,4276.360321905275,4513.28297679721,293790
2024-11-22,4452.47802734375,4498.404209550501,4294.066554166288,4333.495786212514,151009
2024-11-25,4412.6513671875,4549.3396539021205,4321.840341447299,4468.646026674335,464659
2024-11-26,4596.5556640625,4632.314558081753,4412.651396703564,4417.214373007984,115666
2024-11-27,4574.13818359375,4637.225051649508,4513.283158858307,4587.578646297468,75609
2024-11-28,4538.08154296875,4658.551682802106,4514.423906253596,4607.516670402152,57783
2024-11-29,4553.0595703125,4582.8174806419765,4413.098101861332,4513.283066637236,97343
2024-12-02,4644.76318359375,4676.902113831802,4518.242663450214,4559.407772239058,70475
2024-12-03,4783.23681640625,4804.910591313299,4642.234014728786,4648.482982166064,108688
2024-12-04,4694.0126953125,4803.174429600809,4648.2347251197,4783.236533974813,60434
2024-12-05,4677.84423828125,4736.418016023098,4601.416198589613,4736.418016023098,78013
2024-12-06,4617.435546875,4686.72197520382,4602.556592373791,4677.943295179914,44083
2024-12-09,4604.193359375,4651.111954996191,4577.51053013439,4638.315666155239,88308
2024-12-10,4605.7314453125,4751.197942182157,4577.758814184974,4646.846669951219,107747
2024-12-11,4713.35546875,4735.475321025102,4585.197878390979,4644.763100035309,60582
2024-12-12,4738.99609375,4758.239927754387,4686.870353711236,4749.014685977442,63318
2024-12-13,4752.2890625,4797.669877525399,4648.880320065075,4721.588623407617,66469
2024-12-16,4865.26953125,4879.6525209028,4743.708179821231,4797.669576750035,75975
2024-12-17,4759.0830078125,4948.740275236024,4744.005957831074,4886.496648803661,116839
2024-12-18,4708.4453125,4808.580873444877,4673.628460911468,4778.773076306212,60542
2024-12-19,4613.17041015625,4648.631918152252,4562.879350534624,4562.978640432176,37219
2024-12-20,4615.798828125,4769.250150600345,4446.376847061154,4613.170309772365,393728
2024-12-23,4512.04296875,4633.25704559301,4500.933155612678,4616.443633209673,46802
2024-12-24,4406.65087890625,4541.256030271828,4385.820340142709,4520.127621778479,36584
2024-12-26,4441.7646484375,4478.565359890844,4326.700732214391,4406.650412251401,38331
2024-12-27,4350.8544921875,4459.22288278801,4329.875262179718,4441.71540900084,31762
2024-12-30,3881.5224609375,4374.363115570081,3784.214003967293,4364.49321558482,310682
2024-12-31,4007.150390625,4055.8542647516088,3881.423226317377,3928.0439499659633,211603
2025-01-01,3901.708251953125,4028.873669994931,3869.569806591841,4028.873669994931,74475
2025-01-02,4025.3525390625,4116.461436062666,3924.0763562555553,3929.383280349729,163745
2025-01-03,4106.2939453125,4282.113586220505,4056.99481700276,4065.624804115162,344228
2025-01-06,4120.0322265625,4186.194176491541,4101.532821886582,4163.131795209999,74268
2025-01-07,4064.335205078125,4170.868424808024,4048.613254774461,4148.103914519443,57862
2025-01-08,3950.1640625,4100.044584783115,3937.963271436516,4100.044584783115,51603
2025-01-09,3868.776123046875,3971.639245937684,3845.366471277354,3967.721169716685,48850
2025-01-10,3736.948974609375,3892.334770131889,3689.980974742769,3868.776423854969,152546
2025-01-13,3606.460205078125,3780.7423089962913,3583.893790928928,3736.948683460657,103202
2025-01-14,3705.851806640625,3784.2143046932506,3606.460433494052,3606.460433494052,128683
2025-01-15,3982.5009765625,4146.268770564724,3717.358193654885,3763.780339263572,215858
2025-01-16,4012.5068359375,4054.465536895652,3774.294866525511,3968.7132091901626,303946
2025-01-17,3932.01171875,4212.52941453493,3874.926081412255,4005.860881330267,255614
2025-01-20,3931.069580078125,4016.077961732441,3870.164911935354,3932.0118654664766,103036
2025-01-21,3867.5859375,3940.790443074443,3831.281191155699,3931.069477567508,115594
2025-01-22,3711.951904296875,3886.1846081563176,3675.151435181459,3867.585914885913,117475
2025-01-23,3771.36865234375,3797.059550291842,3672.2252671142255,3697.767472385244,99573
2025-01-24,3692.063720703125,3804.0525502826304,3660.321952356569,3771.36849662238,48172
2025-01-27,3566.53515625,3684.0292557267344,3521.451971061917,3684.0292557267344,50352
2025-01-28,3603.087646484375,3644.848010392309,3432.178243761224,3551.209883779479,69208
2025-01-29,3730.600341796875,3769.235979878018,3590.986147264906,3603.087648907469,102914
2025-01-30,3653.52734375,3737.246165720466,3633.292062131125,3730.600281024007,46664
2025-01-31,3832.422119140625,3960.381131686733,3618.611488114948,3662.9507254235714,91627
2025-02-01,3845.11865234375,3868.429015207872,3744.5866582299295,3828.801446772963,41347
2025-02-03,3546.89501953125,3759.465746196644,3501.4645601639104,3759.465746196644,303729
2025-02-04,3513.466796875,3660.173192601323,3428.111145413464,3620.694317897707,279591
2025-02-05,3318.056396484375,3471.755943312052,3298.168146146449,3428.111011453272,318086
2025-02-06,3288.7451171875,3329.8109373307807,3207.506117359076,3322.6194422019585,191529
2025-02-07,3360.70947265625,3396.369318202699,3238.652401849244,3265.4345197205857,114063
2025-02-10,3252.440185546875,3359.7672384608254,3233.692799619728,3323.958457523223,62609
2025-02-11,3139.757080078125,3236.17265843321,3077.9597729098086,3219.805808206652,128390
2025-02-12,3155.925537109375,3231.411287583536,3037.2905764453417,3107.7176276953805,185020
2025-02-13,3151.858642578125,3234.1888604645087,3137.5749426082025,3141.93933921832,71323
2025-02-14,3083.911376953125,3177.152827398153,3026.5281108482814,3115.65314731739,78504
2025-02-17,2987.1484375,3082.621728363589,2926.2440142744326,3055.1453076348657,113035
2025-02-18,3185.832275390625,3222.7816806240025,2959.5728675497176,3015.418594229163,398414
2025-02-19,3312.699951171875,3416.158330571965,3108.9079181394013,3122.1006396496987,395095
2025-02-20,3301.689697265625,3382.43272801002,3266.624863774518,3294.200574955913,160704
2025-02-21,3294.746337890625,3360.6600619225087,3227.890086279714,3303.1281010041184,68425
2025-02-24,3258.689208984375,3299.9536042540635,3184.2447952850744,3227.7410336173443,75332
2025-02-25,3174.821533203125,3266.8230660758586,3167.530990994742,3223.773389071525,96648
2025-02-27,3165.249755859375,3203.9350396194864,3116.397185982824,3169.2174772706685,61266
2025-02-28,3222.28564453125,3367.603436411757,3108.7592678409515,3181.0212463509106,404137
2025-03-03,3175.912841796875,3277.288070143177,3141.9392289815264,3236.7182176931874,59601
2025-03-04,3178.591064453125,3257.89584507716,3100.5758416787667,3110.792772405532,70372
2025-03-05,3210.87841796875,3222.186326650399,3161.3811922985938,3178.144717692887,114420
2025-03-06,3273.3701171875,3361.1559521484373,3209.836930569808,3209.836930569808,93856
2025-03-07,3332.687744140625,3364.6278539902764,3253.581296217357,3253.581296217357,92818
2025-03-10,3305.80615234375,3452.8598233208304,3287.75306882653,3358.8744248380085,129224
2025-03-11,3248.57177734375,3344.7890177719464,3213.9038613142857,3305.806108009724,65523
2025-03-12,3235.875244140625,3331.3981883735564,3170.2095012779178,3238.652697644681,87409
2025-03-13,3343.49951171875,3453.5047305134794,3211.870405486968,3274.857981382095,356684
2025-03-17,3214.152099609375,3375.0431608566705,3183.451902392186,3372.612979828876,161649
2025-03-18,3214.152099609375,3214.152099609375,3214.152099609375,3214.152099609375,0
2025-03-19,3358.37841796875,3417.051241384203,3273.8660035923435,3278.081707429722,132894
2025-03-20,3499.232421875,3591.382890756877,3373.703595733725,3382.4822756339872,332721
2025-03-21,3467.8876953125,3556.0702040624788,3434.0627744670296,3499.5301757133684,204664
2025-03-24,3436.096435546875,3495.4139199156016,3431.880731487976,3486.635239301224,147890
2025-03-25,3538.612060546875,3643.5086899258745,3453.65332709534,3493.578521728954,387668
2025-03-26,3449.58642578125,3560.781912981712,3422.159648941265,3551.9041849352234,103374
2025-03-27,3746.27294921875,3918.124882349656,3400.386884621121,3449.586484676936,218713
2025-03-28,3624.612548828125,3746.272701332661,3596.739210970339,3746.272701332661,119190
2025-04-01,3521.352783203125,3609.1386201928367,3503.746019287109,3605.666863927707,48323
2025-04-02,3519.61669921875,3605.021995214044,3476.7653585437797,3495.562389360072,102357
2025-04-03,3521.00537109375,3569.957229359244,3489.6108732664134,3519.6167655109584,55872
2025-04-04,3517.583251953125,3559.045987758546,3422.1596036139863,3521.3526356027974,32441
2025-04-07,3227.245361328125,3326.884715551291,2987.644539256772,2987.644539256772,66101
2025-04-08,3195.94970703125,3338.7876668962417,3176.359084063656,3266.4264016348434,61180
2025-04-09,3047.606689453125,3216.68141018095,3027.4210522721382,3216.68141018095,186024
2025-04-11,3060.55126953125,3166.737455672388,3051.1775767104978,3166.737455672388,111105
2025-04-15,3219.4091796875,3235.5774503490475,3087.7798310059134,3153.5448603960504,133249
2025-04-16,3339.234130859375,3378.514668381685,3195.503524425014,3213.854235336659,95193
2025-04-17,3367.008056640625,3385.0613815324,3284.777133026292,3308.087494682979,43338
2025-04-21,3393.989013671875,3422.953331724409,3357.68426565947,3411.1492151484485,31853
2025-04-22,3421.068359375,3452.909419288052,3393.3936005126184,3393.988855568567,83785
2025-04-23,3421.762939453125,3452.909454730444,3374.546959205105,3441.998221176282,43003
2025-04-24,3606.857177734375,3698.4123996945054,3468.780518098883,3468.780518098883,480131
2025-04-25,3416.2080078125,3599.516778617025,3382.581666973133,3599.516778617025,130673
2025-04-28,3383.1767578125,3495.5625136227204,3366.9091971258126,3416.2080865257235,79848
2025-04-29,3319.3955078125,3410.2564214954064,3301.1440868925865,3410.2564214954064,84863
2025-04-30,3264.740234375,3367.405020096412,3195.007486074089,3319.4947383256563,104455
2025-05-02,3206.712158203125,3278.329473764739,3204.03399496425,3258.391578886665,44539
2025-05-05,3223.475830078125,3244.901621310679,3202.0502810160533,3234.982318364216,37678
2025-05-06,3193.42041015625,3271.7829062906017,3160.29003397524,3228.8325167027238,30768
2025-05-07,3216.929443359375,3223.7736659666125,3119.2243030216177,3155.3304712122444,48077
2025-05-08,3130.63134765625,3247.579834314532,3114.661172800131,3247.579834314532,51239
2025-05-09,3212.961669921875,3225.7574744745634,3060.7994100487304,3078.654156217409,61105
2025-05-12,3272.67578125,3377.622058439265,3206.0181116089825,3375.042942716972,243568
2025-05-13,3294.002197265625,3372.563028796433,3263.252357885422,3283.090963937166,159752
2025-05-14,3377.6220703125,3400.3371780467746,3306.004506606744,3322.9666121518944,375902
2025-05-15,3402.12255859375,3461.539086123063,3377.621928853917,3387.441941861105,144573
2025-05-16,3398.94873046875,3437.0387601196235,3387.3429513085675,3402.1228592445723,65744
2025-05-19,3484.552001953125,3576.305558598908,3416.108808347081,3422.15968030219,221593
2025-05-20,3473.541748046875,3549.920384996496,3459.853060782844,3525.9157189607145,130644
2025-05-21,3514.2109375,3545.159116382953,3474.037757809594,3490.4046087945744,95590
2025-05-22,3567.973388671875,3601.996647345463,3500.5221263895046,3531.271966547644,141419
2025-05-23,3519.36865234375,3588.80377231671,3502.6051273898984,3588.80377231671,48672
2025-05-26,3455.091796875,3536.0334114789666,3442.990294863311,3536.0334114789666,52667
2025-05-27,3423.845703125,3471.26001899964,3407.280515863341,3469.6728336815554,77974
2025-05-28,3457.571533203125,3477.2118023436574,3430.5910764243445,3445.9659966743307,64228
2025-05-29,3390.814453125,3506.473623398648,3367.603380887811,3506.473623398648,89261
2025-05-30,3360.858154296875,3440.510204879397,3327.9261171602643,3401.72563373968,187261
2025-06-02,3420.869873046875,3446.957687576876,3377.621858585606,3387.640209008364,68384
2025-06-03,3362.94140625,3441.99820417697,3336.952880347084,3432.078900994904,58219
2025-06-04,3486.635009765625,3499.7284413113025,3357.584780672536,3367.3057460613136,339111
2025-06-05,3502.90283203125,3537.8189749938115,3478.1045726376706,3521.352833888274,106468
2025-06-06,3503.89453125,3535.735591078956,3478.9972257636587,3502.902600939696,37550
2025-06-09,3533.85107421875,3575.611195616748,3492.388338181988,3535.140389905408,373059
2025-06-10,3528.296142578125,3568.965285632863,3516.095351227606,3568.965285632863,92848
2025-06-11,3521.947998046875,3630.365791579906,3506.374497813406,3542.877583132363,263092
2025-06-12,3541.78662109375,3576.9008587792914,3506.473803600886,3523.3366196295183,74282
2025-06-13,3522.146240234375,3562.9144312177045,3434.3604066266457,3459.952257400624,49011
2025-06-16,3503.001953125,3541.191270750744,3445.56928400539,3504.192221084432,41574
2025-06-17,3446.561279296875,3526.0147547602883,3433.070929714399,3503.497984325703,32140
2025-06-18,3480.485107421875,3498.736528190872,3413.2321842159554,3446.56113937815,38796
2025-06-19,3507.26708984375,3590.787569970855,3481.1792753626287,3498.934730290704,140975
2025-06-20,3395.476806640625,3519.0711803525705,3326.934324026972,3507.2673063036764,500255
2025-06-23,3449.635986328125,3476.7157321912728,3362.842084311938,3372.563049771848,59409
2025-06-24,3431.384765625,3461.7376895407624,3379.5067590175463,3451.917675779589,151751
2025-06-25,3416.703857421875,3457.7696742413787,3379.5064718351946,3436.9391383128377,62258
2025-06-26,3435.0546875,3481.675412395322,3417.1999417954084,3424.1434540138607,86352
2025-06-27,3320.7841796875,3436.0464277023107,3304.1197028511538,3436.0464277023107,275946
2025-06-30,3391.707275390625,3424.14334730908,3332.885760996092,3332.885760996092,150672
2025-07-01,3329.6123046875,3433.269018394774,3313.0471175339258,3400.9322367414898,81117
2025-07-02,3384.664794921875,3465.804748457236,3322.5700984229684,3360.2634528709864,183962
2025-07-03,3455.785888671875,3554.780581428972,3393.294279530101,3402.0233146379696,290173
2025-07-04,3444.432373046875,3483.771704761593,3416.04829826537,3470.8245829314324,32372
2025-07-07,3432.182373046875,3492.03801076866,3407.084923845084,3440.946627268274,60768
2025-07-08,3439.45263671875,3460.8651838997125,3370.335023542484,3412.064494975659,58442
2025-07-09,3412.462890625,3445.4283523770723,3398.320698293753,3418.7373137652758,31809
2025-07-10,3420.430419921875,3441.3450020499904,3398.1216295775835,3418.040279223408,29318
2025-07-11,3450.906005859375,3471.820587713068,3393.639888879025,3393.639888879025,89615
2025-07-14,3430.1904296875,3460.666059330389,3406.08891349056,3416.4465135123232,63493
2025-07-15,3465.247314453125,3466.8409036529315,3421.525976587086,3445.7271840671515,47978
2025-07-16,3630.970703125,3731.7590219964286,3470.9244013849334,3480.784035729255,786930
2025-07-17,3870.09375,4075.15638415397,3685.945940118289,3685.945940118289,3973518
2025-07-18,3872.583740234375,3943.892602734772,3844.299355190965,3891.0084910299793,416865
2025-07-21,3887.22412109375,3922.081757545344,3822.687648405285,3874.276998983158,138588
2025-07-22,3928.45556640625,3986.817305493497,3858.4414662319614,3888.120302002789,185055
2025-07-23,3853.4619140625,3941.601938795841,3824.380734192428,3923.973982478689,89370
2025-07-24,3834.73828125,3914.014603038772,3815.616426475356,3873.181371811141,68375
2025-07-25,3723.79150390625,3834.340008033983,3705.665581588695,3834.340008033983,83759
2025-07-28,3707.5576171875,3763.8277996138736,3676.1857455692566,3736.240519867979,47705
2025-07-29,3763.23046875,3778.5677312858575,3676.2855168676506,3697.897202494568,66075
2025-07-30,3821.492431640625,3834.339862752901,3771.2972911851375,3779.563578999288,53325
2025-07-31,3924.3720703125,3958.831429828652,3721.7995102565214,3774.5839293209033,170040
2025-08-01,3763.329833984375,3933.93310829779,3744.705946126504,3924.372059686951,179535
2025-08-04,3524.60498046875,3809.9396306253752,3505.682263704436,3774.584028249947,234575
2025-08-05,3542.53173828125,3561.9524211309786,3440.9466279903622,3532.5724137429274,201968
2025-08-06,3440.14990234375,3573.405715966672,3427.5016085561037,3543.5277417529032,97584
2025-08-07,3314.662353515625,3432.979177992397,3268.4511847871727,3427.50154948095,165510
2025-08-08,3259.38818359375,3312.471433487512,3218.953470733171,3311.4755010060067,192611
2025-08-11,3260.28466796875,3293.0507493437453,3212.579356227015,3236.780564151572,58335
2025-08-12,3284.485595703125,3306.495800550155,3260.2846311990866,3276.617826448798,65177
2025-08-13,3287.473388671875,3321.4347831135656,3188.0795228137035,3316.455120770067,296605
2025-08-14,3260.981689453125,3298.528294416454,3251.022364892689,3273.729673519997,50859
2025-08-18,3263.2724609375,3311.475495706192,3250.5244765651155,3294.444953040672,85196
2025-08-19,3291.755859375,3304.802671627026,3248.7316265008844,3263.272337416231,62703
2025-08-20,3220.1484375,3307.491664688981,3211.8821495398875,3307.491664688981,130958
2025-08-21,3224.032470703125,3236.780454661768,3124.240088084297,3217.3597719337977,415635
2025-08-22,3245.743896484375,3261.7785063955675,3207.699325032361,3234.788639392835,188786
2025-08-25,3258.193115234375,3274.426863322341,3217.8578497087774,3251.2215878595803,170408
2025-08-26,3245.445068359375,3336.3737508554887,3206.50425494689,3226.821179931876,5169539
2025-08-28,3173.738037109375,3366.251837260317,3156.7077373123766,3266.9574160156167,426685
2025-08-29,3194.552978515625,3209.9899312714165,3146.0508743713094,3179.0163352572204,168858
2025-09-01,3197.540771484375,3218.9533188262567,3158.101749818906,3209.9899269157013,85314
2025-09-02,3268.849365234375,3275.4226165155515,3191.764292597275,3230.406519417611,99030
2025-09-03,3246.73974609375,3280.1034827483945,3223.7336095295805,3268.849397575673,80444
2025-09-04,3328.306640625,3352.3087105292343,3250.7235980889545,3266.758208193951,145608
2025-09-05,3279.306640625,3331.393954978086,3244.24986796446,3326.414292863022,95651
2025-09-08,3307.39208984375,3351.2131191528297,3275.024284104089,3314.4633077412923,104715
2025-09-09,3298.8271484375,3384.6764781865886,3288.071029199065,3316.5547949224574,159262
2025-09-10,3352.30859375,3475.804216336156,3347.428622051994,3376.310662818111,337654
2025-09-11,3329.203125,3368.143938871561,3300.420530593114,3356.2924396818635,60897
2025-09-12,3298.0302734375,3326.3146574605576,3291.5567125806847,3306.495699173335,50170
2025-09-15,3301.41650390625,3326.912472832551,3275.422811884027,3303.60774989572,55100
2025-09-16,3305.30078125,3328.406366282288,3291.5568643216525,3309.383958551685,47221
2025-09-17,3297.9306640625,3352.70694958303,3287.573063695829,3321.3350769667263,86054
2025-09-18,3316.455078125,3362.4671089577605,3292.5526991835586,3307.49168602196,63368
2025-09-19,3294.146240234375,3351.312665108249,3276.020075283937,3331.2943257782927,129910
2025-09-22,3256.5,3325.418477468362,3246.73981328148,3325.418477468362,33789
2025-09-23,3345.137939453125,3384.576718322418,3284.5851982661275,3308.48757690724,212678
2025-09-24,3303.70703125,3361.271974735728,3293.847397383136,3361.271974735728,64268
2025-09-25,3219.94921875,3312.969209934653,3208.8942715795733,3303.70698975775,86716
2025-09-26,3184.693115234375,3216.66264382218,3149.437204112134,3216.66264382218,90386
2025-09-29,3118.762451171875,3214.571103740744,3108.305160500534,3214.571103740744,77585
2025-09-30,3157.40478515625,3182.004268745203,3126.331740457174,3142.067279099104,78126
2025-10-01,3152.325439453125,3177.522579845717,3136.490210268167,3157.404792364002,43648
2025-10-03,3175.53076171875,3179.016525452799,3128.223968185226,3147.1466855986355,58797
2025-10-06,3166.3681640625,3174.9330374526394,3125.2361042458106,3148.4413795257174,64863
2025-10-07,3177.124267578125,3186.983901765181,3132.605891682282,3155.1140627475293,68235
2025-10-08,3145.353759765625,3178.5183583981648,3113.1850935656084,3167.065135424147,72619
2025-10-09,3169.554931640625,3183.995951753363,3129.219668567115,3152.1261142631824,57904
2025-10-10,3210.68701171875,3215.36784550332,3149.935133578529,3169.056987576758,72385
2025-10-13,3176.526611328125,3202.619993398342,3153.421026666273,3189.971699665773,53084
2025-10-14,3094.760498046875,3178.618207569365,3089.3825599018223,3159.097833658472,116715
2025-10-15,3097.349853515625,3127.924930449755,3087.390529227793,3097.349853515625,62490
2025-10-16,3154.317138671875,3167.065122385203,3100.3376496808605,3101.333582109284,88053
2025-10-17,3132.40673828125,3236.8801996813486,3100.5368994216724,3236.780509175883,156801
2025-10-20,3167.46337890625,3216.861724315759,3138.68102915824,3173.936939651777,119474
2025-10-21,3206.00634765625,3214.5712211064674,3172.044952786537,3184.9920750428087,15968
2025-10-23,3174.83349609375,3246.7397699772287,3162.085512171074,3228.713295467714,107976
2025-10-24,3263.172607421875,3271.6380330782417,3175.032587352644,3175.032587352644,111752
2025-10-27,3300.71923828125,3311.475357244068,3241.7600865652453,3278.609586781194,96157
2025-10-28,3241.56103515625,3339.361554572982,3230.8049159065777,3315.4591754170765,71447
2025-10-29,3254.607666015625,3267.455340943079,3221.642446695815,3241.5610963685385,48198
2025-10-30,3243.751953125,3271.0404046887006,3228.8129665432148,3236.7804260535004,60700
2025-10-31,3205.70751953125,3273.829203995121,3200.130200376776,3243.7520916885014,34492
2025-11-03,3193.75634765625,3222.239870893361,3167.065308377515,3213.7744447546165,64801
2025-11-04,3258.39208984375,3302.511945220326,3199.4329384862176,3205.806808793358,169708
2025-11-06,3242.756103515625,3275.721565340492,3216.7621689403304,3258.69102294322,51821
2025-11-07,3177.9208984375,3220.048891571063,3147.544957364842,3211.8822937482582,55757
2025-11-10,3125.833740234375,3182.502200384794,3108.902888284276,3157.2056129654407,51236
2025-11-11,3154.815185546875,3186.9838524369247,3123.2441753881862,3125.83369702732,74247
2025-11-12,3048.748291015625,3115.575453997305,2973.854221279362,3058.508477410891,562188
2025-11-13,3011.799560546875,3052.234274024579,2993.773085097468,3044.6653329381647,216969
2025-11-14,2993.77294921875,3026.937548483322,2986.303455832476,3007.915141400582,79898
2025-11-17,3000.644775390625,3042.4739382076077,2987.797344070152,3005.7241281345723,99620
2025-11-18,2931.427490234375,3001.441590437167,2925.252757644056,2998.2546552112835,140161
2025-11-19,2910.014892578125,2956.126613075074,2883.2244072619037,2928.041366960275,157434
2025-11-20,2956.126708984375,2973.7546650748136,2893.8809296060085,2932.423467567578,133489
2025-11-21,2874.958251953125,2955.72847363702,2868.285552942116,2955.72847363702,88756
2025-11-24,2855.53759765625,2886.0132292262288,2828.4482824538145,2873.3649351842087,156591
2025-11-25,2871.07421875,2881.232681475843,2830.440124699048,2852.350639387077,73517
2025-11-26,2921.06982421875,2940.6896445074467,2864.3016755721533,2922.065756651147,88400
2025-11-27,2928.838134765625,2940.689633407381,2899.358437618939,2921.5677794070607,58602
2025-11-28,2908.222412109375,2936.9050718318226,2890.195937706143,2928.937612320572,35408
2025-12-01,2904.636962890625,2937.303595570477,2886.2122127402813,2937.303595570477,40063
2025-12-02,2912.206298828125,2917.584237029054,2882.228633542271,2905.2347713800277,20636
2025-12-03,2877.846435546875,2917.484351585252,2861.2141695139394,2912.0067232420265,42029
2025-12-04,2857.429931640625,2878.244822893176,2834.3241039422464,2877.846547166338,60335
2025-12-05,2834.125,2857.230584827351,2790.8019372683752,2857.230584827351,76988
2025-12-08,2794.188232421875,2847.370929010042,2731.54393423017,2834.12497854218,108936
2025-12-09,2822.173828125,2880.6350162409017,2733.934356029833,2794.1882712444462,59508
2025-12-10,2762.517578125,2838.307894416352,2750.7655261614127,2813.509272775522,53422
2025-12-11,2787.316162109375,2793.192309585572,2732.838704494056,2748.773624053788,34558
2025-12-12,2858.724365234375,2946.36641954716,2809.525400185997,2840.2996151799825,428416
2025-12-15,2879.43994140625,2893.084167771024,2829.4441794727486,2853.446249531953,105340
2025-12-16,2872.866943359375,2893.183868793419,2848.765182705408,2885.216408913782,35543
2025-12-17,2870.974365234375,2877.6470638809874,2851.454235509173,2871.3728840946237,59916
2025-12-18,2839.204345703125,2862.309930471992,2812.513306768582,2853.346538205378,73451
2025-12-19,2858.2265625,2868.185887423374,2834.2247353232183,2834.2247353232183,78202
2025-12-22,2865.297607421875,2880.037456047858,2847.9684803607274,2878.14503853815,59113
2025-12-23,2919.775146484375,2933.0210968415613,2855.1392270422098,2869.9785234480155,83460
2025-12-24,2988.39501953125,2995.7648224337936,2901.051548774016,2932.0251453607343,146277
2025-12-26,3000.146728515625,3004.827805413553,2951.6448682302444,2996.660965041249,114630
2025-12-29,2996.362548828125,3012.994572571542,2979.7302819371307,3008.214048050405,57204
2025-12-30,3001.242431640625,3017.675317030394,2930.132952122105,2983.016819215185,115311
2025-12-31,3010.3056640625,3028.6307247566147,2976.941925397802,3017.6754672846246,107790
2026-01-01,3050.939453125,3067.4720295040856,2991.3828855117813,3010.80356881546,73271
2026-01-02,3013.592041015625,3057.7118991978587,2994.769014108826,3053.429340837492,65999
2026-01-05,3058.1103515625,3067.4720195579644,3007.1184143816567,3027.5350300962477,85552
2026-01-06,3075.041259765625,3098.3459828209643,2998.7527336142475,3058.110407400483,120329
2026-01-07,3056.8154296875,3087.888472606226,3007.7159126820843,3087.390506395517,158371
2026-01-08,3048.947509765625,3107.309248682602,3030.2241741954663,3067.471950622569,163471
2026-01-09,3011.10205078125,3037.5939510229696,2973.9539651769587,3037.5939510229696,131347
2026-01-12,2937.403076171875,3036.598045633289,2908.023068842855,3007.7160045301853,88767
2026-01-13,2952.14306640625,2963.695980659553,2913.7002178138678,2930.033413546733,64500
2026-01-14,2959.712158203125,2974.0534884889703,2928.5394233128745,2938.9967142310124,28572
2026-01-16,2958.21826171875,2962.899095694197,2908.122809891447,2935.012986558252,65557
2026-01-19,2925.750732421875,2944.7731396234035,2914.795475386927,2938.399026005436,27553
2026-01-20,2909.51708984375,2948.358457098152,2883.6228450074823,2913.102544080112,72607
2026-01-21,2917.484375,2931.0291533618883,2836.216434271371,2898.0636925363383,72849
2026-01-22,2896.470458984375,2935.5109632847198,2885.913477514719,2922.962116869662,44056
2026-01-23,2908.720458984375,2947.860410400646,2888.2041529149838,2888.2041529149838,67965
2026-01-27,2819.48486328125,2932.7223381257995,2799.5662135936395,2908.720511140776,116900
2026-01-28,2858.724365234375,2892.18779232192,2815.6006853007966,2827.4521840227035,64816
2026-01-29,2783.830322265625,2868.8830989764497,2773.671859953836,2858.724393517091,95443
2026-01-30,2866.293701171875,2905.6330344575904,2739.9099656724948,2797.3752216147705,166507
2026-02-02,2818.18994140625,2914.098282801938,2794.586391504524,2890.195904542454,118408
2026-02-03,2938.000732421875,3077.4312756554555,2888.6023855600924,3077.4312756554555,377890
2026-02-04,2937.901123046875,2951.844177755266,2874.4602727532115,2937.0048810746525,119037
2026-02-05,2896.669677734375,2952.6410356335405,2887.308009488611,2947.9602015106584,58111
2026-02-06,2860.915771484375,2903.143211852285,2835.419802450585,2896.669650659476,67047
2026-02-09,2881.531494140625,2917.7833391677736,2843.3872315121894,2907.126910257121,191441
2026-02-10,2948.1591796875,2957.9193662933358,2889.498855843943,2912.1064737514184,60500
2026-02-11,2919.67578125,2973.5555830023004,2908.620833365951,2973.5555830023004,168898
2026-02-12,2820.08251953125,2937.0048959177752,2803.6496335418838,2919.6757679516563,219292
2026-02-13,2874.958251953125,2883.224540197022,2738.61519219904,2817.9909625172627,302282
2026-02-16,2912.3056640625,2928.041445631121,2833.826137230355,2874.36078305358,62084
2026-02-17,3041.77685546875,3051.9353178803603,2903.7407630926023,2903.7407630926023,133302
2026-02-18,3079.721923828125,3084.402757652912,3018.970045165927,3048.848018278484,99384
2026-02-19,2994.768798828125,3087.390514255799,2950.748634318894,3075.4393251683573,81761
2026-02-20,3138.97998046875,3185.390287281427,2962.899072663787,2987.797384198777,318068
2026-02-23,3142.7646484375,3161.189399418867,3099.9395515618903,3139.1791942307427,153386
2026-02-24,3135.39453125,3144.756442290335,3098.3458922575346,3113.78284543336,148525
2026-02-25,3173.638427734375,3204.91060926055,3120.555179765648,3146.648561205316,153123
2026-02-26,3169.455322265625,3233.3943798849514,3120.854013367139,3196.9431550635168,142889
2026-02-27,3105.1181640625,3136.5894828117453,3063.488140057691,3134.7969989643534,91863
2026-03-02,3089.183349609375,3095.158944362705,2999.748566171688,2999.748566171688,80951
2026-03-04,3003.234375,3066.774915463374,2954.7325121513195,3038.589977822915,55902
2026-03-05,3051.23828125,3077.4313540254275,3012.69574301842,3012.69574301842,121186
2026-03-06,3149.038818359375,3184.792940360608,3027.6347460324346,3039.5859358194048,103275
2026-03-09,3052.034912109375,3107.3091616189427,2992.2789666936264,3107.3091616189427,74855
2026-03-10,3159.993896484375,3196.943086739676,3072.351843016122,3111.2928981229743,86716
2026-03-11,3169.35595703125,3213.874089938849,3146.8477858854462,3158.798975559839,88435
2026-03-12,3152.425048828125,3169.953314149734,3074.4434889625345,3169.355900565204,66913
2026-03-13,3207.8984375,3221.8414918697613,3092.3702727219807,3152.126220020956,236376
2026-03-16,3245.943115234375,3316.455183992009,3213.0773431407606,3247.7358423417245,614244
2026-03-17,3225.2275390625,3300.420438809991,3167.762285500885,3245.8435352331794,441192
2026-03-18,3265.861572265625,3304.105523424466,3173.0407185203435,3225.128033182064,235084
2026-03-19,3224.231689453125,3333.585123571302,3191.963574600747,3232.19914923372,357374
2026-03-20,3214.272216796875,3255.6034125065235,3195.1503628330083,3255.6034125065235,191817
2026-03-23,3088.486328125,3186.9839536845307,3037.5940808555683,3182.1039817644837,102143
2026-03-24,3178.6181640625,3238.772387907283,3061.297270631177,3112.2889643942985,116424
2026-03-25,3235.983642578125,3288.369786297057,3190.4695785989384,3192.4614434833456,142264
2026-03-27,3183.896484375,3215.666876737985,3128.223955366917,3214.770391607211,69965
2026-03-30,3247.43701171875,3326.4145065670587,3130.215806628822,3245.644284612641,541315
2026-04-01,3331.792236328125,3339.3614200148613,3258.690893614264,3285.581069081129,173401
2026-04-02,3282.294677734375,3323.9247046877717,3195.549103239912,3254.8070867392144,146567
2026-04-06,3263.2724609375,3306.495833306634,3218.9534655814323,3282.394315922288,68087
2026-04-07,3200.727783203125,3263.2723902156204,3179.713511073381,3263.2723902156204,114865
2026-04-08,3278.21142578125,3317.4510679631526,3183.597840834838,3317.35137745681,287409
2026-04-09,3520.720947265625,3571.413812374092,3241.760167115914,3282.5933980995555,676592
2026-04-10,3628.181884765625,3650.0923984809274,3515.641518864303,3520.720871575514,233965
2026-04-13,3855.055419921875,3873.7789988242794,3523.210772438283,3581.3731309205664,536932
2026-04-15,4068.384033203125,4082.327087417285,3859.238219990724,3881.148733755833,421948
2026-04-16,4109.61572265625,4168.774015205033,4024.164909674137,4068.384214897714,362809
2026-04-17,4124.5546875,4153.038453770503,4041.4940156836215,4095.274369761225,217151
2026-04-20,4168.1767578125,4287.489272909912,4045.2785454252135,4124.55462395563,373347
2026-04-21,4108.3212890625,4232.713162145094,4004.7443081535375,4190.883996778014,261667
2026-04-22,4036.614013671875,4149.154383402366,4030.5387283123487,4131.526184068112,154799
2026-04-23,4043.18701171875,4131.725554450649,4013.807003767356,4036.614003285967,130733
2026-04-24,3990.203369140625,4078.841357373126,3972.4757228646095,4043.4857553253305,72523
2026-04-27,4139.39404296875,4166.5832919153,3979.746258209782,4006.6364356301183,214001
2026-04-28,3998.9677734375,4157.918452861968,3963.8113079311074,4150.050683454504,119561
2026-04-29,3973.7705078125,4041.8921906873993,3943.892534069549,4033.526455298402,74832
2026-04-30,4061.014404296875,4091.091273612712,3906.545178378443,3983.729946083817,273294
2026-05-01,4061.014404296875,4061.014404296875,4061.014404296875,4061.014404296875,0
2026-05-04,4162.79833984375,4187.896032583237,4040.199198785566,4061.014333278389,252250
2026-05-05,4096.86767578125,4192.078911825457,4083.322897690861,4181.920206683883,88402
2026-05-06,4060.31689453125,4133.119653641162,4042.88807671469,4131.924340187114,68595
2026-05-07,4165.2880859375,4272.550205187178,4071.770126257816,4080.434933080098,349360
2026-05-08,4658.47412109375,4739.642617271012,4288.485209071018,4352.224887050708,3661500
2026-05-11,4526.61279296875,4860.15048185154,4482.194107289519,4687.854163539999,724225
2026-05-12,4464.76513671875,4545.933630727802,4383.994918427403,4543.045523905525,339988
2026-05-13,4528.0068359375,4710.76043857569,4467.752923351067,4517.350164317382,448975
2026-05-14,4578.9990234375,4601.108433033265,4473.629073766308,4570.234525710799,235536
2026-05-15,4482.09423828125,4641.045152345945,4470.3424300530205,4622.022745556917,119072
2026-05-18,4375.4296875,4479.704005944777,4338.281602911394,4440.464366024116,200590
2026-05-19,4398.63525390625,4480.202022410346,4317.466761113888,4379.513156791715,154839
2026-05-20,4397.1416015625,4438.273418579336,4312.387650026957,4362.283964668518,128625
2026-05-21,4556.39111328125,4602.104317027597,4431.600967582014,4431.700171794266,414005
2026-05-22,4436.48095703125,4617.1430130435965,4403.615184936678,4549.419603879022,232003
2026-05-25,4417.65771484375,4458.689839559537,4387.182084946815,4436.480740684607,104492
2026-05-26,4417.7568359375,4492.352563262326,4365.271489158959,4458.291479966246,142494
2026-05-27,4571.927734375,4639.451761918643,4405.507319910794,4461.777504962214,616811
2026-05-28,4571.927734375,4571.927734375,4571.927734375,4571.927734375,0
2026-05-29,4962.43310546875,5054.357481500935,4631.086165316128,4640.049557894159,1786425
2026-06-01,4972.4912109375,4995.696728188683,4780.475634150506,4962.432682493411,341725
2026-06-02,4949.48583984375,4984.64206186592,4780.575593994817,4929.86577547179,334807
2026-06-03,4765.0390625,4938.829284342669,4702.8929715471,4938.829284342669,323481
2026-06-04,4856.06689453125,4982.550314609054,4735.658759605974,4735.658759605974,363756
2026-06-05,4812.4453125,4939.824976220529,4767.130385802816,4911.142316037951,203060
2026-06-08,4677.296875,4865.129824862732,4651.701703829484,4703.788774375985,158954
2026-06-09,4720.6201171875,4777.288576269746,4679.687196279502,4740.937041885625,180682
2026-06-10,4679.68701171875,4806.3698087381445,4657.577604002664,4730.67894560841,282455
2026-06-11,4552.7060546875,4682.476351555381,4514.860619588117,4668.931572260779,180285
2026-06-12,4707.0751953125,4727.591500393819,4607.781024959346,4607.781024959346,238336
2026-06-15,4721.7158203125,4801.390417575735,4646.722300156539,4801.390417575735,277050
2026-06-16,4695.42333984375,4768.524686186662,4669.429405009641,4758.565361445253,91904
2026-06-17,4754.97998046875,4778.484084479285,4690.842025405885,4704.785080258471,110973
2026-06-18,4677.197265625,4869.113638958197,4619.931151033039,4798.203055588882,266960
2026-06-19,4683.2724609375,4739.6423325232345,4660.963672243904,4677.197175986022,74248
2026-06-22,4844.11572265625,4855.170670056329,4671.122548712558,4692.93337200209,223727
2026-06-23,4780.3759765625,4914.926545200782,4733.766533326673,4878.176735769249,197846
2026-06-24,4738.048828125,4814.038764036857,4661.959688006606,4780.475646748922,116873
2026-06-25,4809.15869140625,4884.750357662741,4687.8543066695165,4740.539038988307,252190
2026-06-26,4809.15869140625,4809.15869140625,4809.15869140625,4809.15869140625,0
2026-06-29,5104.25341796875,5256.332008959298,4736.156692871376,4812.445214622874,927416
2026-06-30,5138.513671875,5185.920155563192,5010.934622902199,5104.253691546572,300942
2026-07-01,5099.67236328125,5197.273748224432,5031.450987070965,5173.869334488057,148232
2026-07-02,4897.0,5073.28004881025,4790.435224730527,5073.28004881025,397715
2026-07-03,4607.5,4948.5,4575.0,4944.5,272897
2026-07-06,4736.5,4837.5,4570.0,4590.0,224252
2026-07-07,4709.0,4828.5,4670.0,4772.0,198155
2026-07-08,4602.5,4686.0,4532.5,4685.0,212634
2026-07-09,4785.0,4810.0,4610.0,4649.5,207686
2026-07-10,4809.0,4860.0,4748.0,4860.0,141517
2026-07-13,4663.5,4796.0,4651.0,4775.0,139444
2026-07-14,4379.5,4653.0,4358.5,4638.5,449617
2026-07-15,4548.0,4574.0,4383.0,4383.0,359795
2026-07-16,4581.0,4656.0,4473.0,4575.0,184687
2026-07-17,4662.0,4670.0,4545.0,4572.5,236475
2026-07-20,4710.5,4734.0,4611.0,4632.0,152461
2026-07-21,4841.0,4880.0,4710.0,4749.0,326254
2026-07-22,4718.5,4840.0,4690.0,4840.0,129520
2026-07-23,4578.0,4699.0,4550.0,4685.0,106300
2026-07-24,4514.0,4573.0,4465.5,4568.0,88245
2026-07-27,4454.5,4571.0,4394.0,4560.0,152455
2026-07-28,4416.5,4531.5,4384.0,4460.0,108819
2026-07-29,4378.0,4444.5,4267.0,4420.0,133741
2026-07-30,4251.5,4366.0,4238.5,4366.0,119584
2026-07-31,4306.0,4489.0,3566.5,3892.0,3745682
2026-08-03,4122.2001953125,4319.0,4070.800048828125,4302.5,707697
2026-08-04,4015.0,4163.0,4000.0,4118.0,536528
2026-08-05,4064.89990234375,4106.89990234375,4010.10009765625,4010.10009765625,286536
2026-08-06,3991.0,4064.89990234375,3975.0,4064.89990234375,184241
2026-08-07,4059.89990234375,4075.0,3990.800048828125,3991.0,101867
2026-08-10,4052.199951171875,4091.10009765625,4023.0,4047.0,91954
2026-08-11,4025.699951171875,4084.39990234375,4006.0,4068.5,116687
